achat_id,no_achat,date_commande_id,date_prevue_id,date_reception_id,fournisseur_id,produit_id,quantite,cout_unitaire,montant,statut,est_retour,retard_jours
1,ACH-70001,20240113,20240120,20240120,1,97,-3,210.05,-630.15,Recue,1,0
2,ACH-70001,20240113,20240120,20240120,1,66,60,199.26,11955.6,Recue,0,0
3,ACH-70001,20240113,20240120,20240120,1,46,60,308.91,18534.6,Recue,0,0
4,ACH-70001,20240113,20240120,20240120,1,92,96,140.04,13443.84,Recue,0,0
5,ACH-70002,20240202,20240209,20240209,1,30,12,98.88,1186.56,Recue,0,0
6,ACH-70002,20240202,20240209,20240209,1,93,96,132.18,12689.28,Recue,0,0
7,ACH-70002,20240202,20240209,20240209,1,84,120,312.0,37440.0,Recue,0,0
8,ACH-70003,20240218,20240225,20240225,1,95,24,53.64,1287.36,Recue,0,0
9,ACH-70003,20240218,20240225,20240225,1,57,96,19.26,1848.96,Recue,0,0
10,ACH-70003,20240218,20240225,20240225,1,57,12,19.26,231.12,Recue,0,0
11,ACH-70003,20240218,20240225,20240225,1,68,36,284.28,10234.08,Recue,0,0
12,ACH-70004,20240302,20240309,20240309,1,80,24,173.12,4154.88,Recue,0,0
13,ACH-70005,20240321,20240328,20240411,1,66,24,199.26,4782.24,Recue,0,14
14,ACH-70005,20240321,20240328,20240411,1,83,96,157.14,15085.44,Recue,0,14
15,ACH-70006,20240401,20240408,20240408,1,75,36,59.74,2150.64,Recue,0,0
16,ACH-70006,20240401,20240408,20240408,1,21,60,201.55,12093.0,Recue,0,0
17,ACH-70007,20240413,20240420,20240424,1,75,36,59.74,2150.64,Recue,0,4
18,ACH-70007,20240413,20240420,20240424,1,81,60,302.82,18169.2,Recue,0,4
19,ACH-70007,20240413,20240420,20240424,1,69,12,198.5,2382.0,Recue,0,4
20,ACH-70007,20240413,20240420,20240424,1,8,36,128.94,4641.84,Recue,0,4
21,ACH-70007,20240413,20240420,20240424,1,74,240,108.27,25984.8,Recue,0,4
22,ACH-70008,20240502,20240509,20240509,1,46,120,308.91,37069.2,Recue,0,0
23,ACH-70009,20240516,20240523,20240523,1,74,48,108.27,5196.96,Recue,0,0
24,ACH-70009,20240516,20240523,20240523,1,85,240,40.9,9816.0,Recue,0,0
25,ACH-70009,20240516,20240523,20240523,1,67,24,23.77,570.48,Recue,0,0
26,ACH-70009,20240516,20240523,20240523,1,95,48,53.64,2574.72,Recue,0,0
27,ACH-70010,20240529,20240605,20240630,1,68,24,284.28,6822.72,Recue,0,25
28,ACH-70010,20240529,20240605,20240630,1,66,12,199.26,2391.12,Recue,0,25
29,ACH-70011,20240608,20240615,20240615,1,80,48,173.12,8309.76,Recue,0,0
30,ACH-70011,20240608,20240615,20240615,1,89,96,157.64,15133.44,Recue,0,0
31,ACH-70011,20240608,20240615,20240615,1,90,36,57.58,2072.88,Recue,0,0
32,ACH-70011,20240608,20240615,20240615,1,72,36,196.62,7078.32,Recue,0,0
33,ACH-70012,20240620,20240627,20240627,1,73,36,255.0,9180.0,Recue,0,0
34,ACH-70012,20240620,20240627,20240627,1,100,60,306.44,18386.4,Recue,0,0
35,ACH-70012,20240620,20240627,20240627,1,100,120,306.44,36772.8,Recue,0,0
36,ACH-70013,20240701,20240708,20240708,1,100,120,306.44,36772.8,Recue,0,0
37,ACH-70013,20240701,20240708,20240708,1,76,36,281.11,10119.96,Recue,0,0
38,ACH-70013,20240701,20240708,20240708,1,78,24,197.64,4743.36,Recue,0,0
39,ACH-70013,20240701,20240708,20240708,1,34,96,151.89,14581.44,Recue,0,0
40,ACH-70013,20240701,20240708,20240708,1,65,96,128.81,12365.76,Recue,0,0
41,ACH-70014,20240715,20240722,20240722,1,30,24,98.88,2373.12,Recue,0,0
42,ACH-70014,20240715,20240722,20240722,1,22,240,247.74,59457.6,Recue,0,0
43,ACH-70014,20240715,20240722,20240722,1,78,24,197.64,4743.36,Recue,0,0
44,ACH-70015,20240803,20240810,20240810,1,75,12,59.74,716.88,Recue,0,0
45,ACH-70015,20240803,20240810,20240810,1,78,48,197.64,9486.72,Recue,0,0
46,ACH-70016,20240818,20240825,20240825,1,101,96,62.94,6042.24,Recue,0,0
47,ACH-70016,20240818,20240825,20240825,1,22,24,247.74,5945.76,Recue,0,0
48,ACH-70016,20240818,20240825,20240825,1,82,240,278.39,66813.6,Recue,0,0
49,ACH-70017,20240828,20240904,20240909,1,88,96,335.85,32241.6,Recue,0,5
50,ACH-70017,20240828,20240904,20240909,1,82,240,278.39,66813.6,Recue,0,5
51,ACH-70017,20240828,20240904,20240909,1,86,24,80.72,1937.28,Recue,0,5
52,ACH-70018,20240916,20240923,20240929,1,59,60,324.94,19496.4,Recue,0,6
53,ACH-70019,20240927,20241004,20241004,1,78,96,197.64,18973.44,Recue,0,0
54,ACH-70019,20240927,20241004,20241004,1,30,240,98.88,23731.2,Recue,0,0
55,ACH-70020,20241008,20241015,20241015,1,46,36,308.91,11120.76,Recue,0,0
56,ACH-70020,20241008,20241015,20241015,1,97,36,210.05,7561.8,Recue,0,0
57,ACH-70020,20241008,20241015,20241015,1,95,60,53.64,3218.4,Recue,0,0
58,ACH-70021,20241019,20241026,20241026,1,81,60,302.82,18169.2,Recue,0,0
59,ACH-70021,20241019,20241026,20241026,1,80,12,173.12,2077.44,Recue,0,0
60,ACH-70022,20241029,20241105,20241105,1,83,48,157.14,7542.72,Recue,0,0
61,ACH-70023,20241109,20241116,20241116,1,3,96,188.61,18106.56,Recue,0,0
62,ACH-70024,20241124,20241201,20241211,1,101,60,62.94,3776.4,Recue,0,10
63,ACH-70024,20241124,20241201,20241211,1,91,240,279.07,66976.8,Recue,0,10
64,ACH-70024,20241124,20241201,20241211,1,69,48,198.5,9528.0,Recue,0,10
65,ACH-70025,20241206,20241213,20241213,1,90,60,57.58,3454.8,Recue,0,0
66,ACH-70026,20241226,20250102,20250102,1,70,96,39.88,3828.48,Recue,0,0
67,ACH-70027,20250105,20250112,20250112,1,95,120,54.77,6572.4,Recue,0,0
68,ACH-70028,20250124,20250131,20250131,1,89,96,160.95,15451.2,Recue,0,0
69,ACH-70028,20250124,20250131,20250131,1,86,24,82.42,1978.08,Recue,0,0
70,ACH-70029,20250205,20250212,20250212,1,67,240,24.27,5824.8,Recue,0,0
71,ACH-70029,20250205,20250212,20250212,1,69,120,202.67,24320.4,Recue,0,0
72,ACH-70029,20250205,20250212,20250212,1,30,240,100.96,24230.4,Recue,0,0
73,ACH-70030,20250216,20250223,20250227,1,66,48,203.44,9765.12,Recue,0,4
74,ACH-70030,20250216,20250223,20250227,1,65,24,131.52,3156.48,Recue,0,4
75,ACH-70030,20250216,20250223,20250227,1,30,12,100.96,1211.52,Recue,0,4
76,ACH-70030,20250216,20250223,20250227,1,89,24,160.95,3862.8,Recue,0,4
77,ACH-70030,20250216,20250223,20250227,1,3,240,192.57,46216.8,Recue,0,4
78,ACH-70031,20250304,20250311,20250311,1,82,240,284.24,68217.6,Recue,0,0
79,ACH-70031,20250304,20250311,20250311,1,69,96,202.67,19456.32,Recue,0,0
80,ACH-70031,20250304,20250311,20250311,1,57,12,19.66,235.92,Recue,0,0
81,ACH-70032,20250317,20250324,20250324,1,97,48,214.46,10294.08,Recue,0,0
82,ACH-70032,20250317,20250324,20250324,1,85,60,41.76,2505.6,Recue,0,0
83,ACH-70032,20250317,20250324,20250324,1,60,24,246.98,5927.52,Recue,0,0
84,ACH-70032,20250317,20250324,20250324,1,66,96,203.44,19530.24,Recue,0,0
85,ACH-70033,20250329,20250405,20250405,1,72,24,200.75,4818.0,Recue,0,0
86,ACH-70033,20250329,20250405,20250405,1,82,120,284.24,34108.8,Recue,0,0
87,ACH-70033,20250329,20250405,20250405,1,80,48,176.76,8484.48,Recue,0,0
88,ACH-70034,20250416,20250423,20250423,1,88,48,342.9,16459.2,Recue,0,0
89,ACH-70034,20250416,20250423,20250423,1,22,60,252.94,15176.4,Recue,0,0
90,ACH-70034,20250416,20250423,20250423,1,88,48,342.9,16459.2,Recue,0,0
91,ACH-70034,20250416,20250423,20250423,1,99,-60,293.7,-17622.0,Recue,1,0
92,ACH-70034,20250416,20250423,20250423,1,34,48,155.08,7443.84,Recue,0,0
93,ACH-70035,20250430,20250507,20250507,1,86,120,82.42,9890.4,Recue,0,0
94,ACH-70035,20250430,20250507,20250507,1,21,12,205.78,2469.36,Recue,0,0
95,ACH-70035,20250430,20250507,20250507,1,88,48,342.9,16459.2,Recue,0,0
96,ACH-70035,20250430,20250507,20250507,1,74,24,110.54,2652.96,Recue,0,0
97,ACH-70036,20250515,20250522,20250522,1,72,12,236.88,2842.56,Recue,0,0
98,ACH-70036,20250515,20250522,20250522,1,8,48,155.34,7456.32,Recue,0,0
99,ACH-70037,20250601,20250608,20250622,1,101,12,75.83,909.96,Recue,0,14
100,ACH-70037,20250601,20250608,20250622,1,100,36,369.19,13290.84,Recue,0,14
101,ACH-70037,20250601,20250608,20250622,1,85,48,49.28,2365.44,Recue,0,14
102,ACH-70038,20250611,20250618,20250709,1,76,36,338.68,12192.48,Recue,0,21
103,ACH-70038,20250611,20250618,20250709,1,1,12,219.63,2635.56,Recue,0,21
104,ACH-70038,20250611,20250618,20250709,1,66,24,240.06,5761.44,Recue,0,21
105,ACH-70039,20250630,20250707,20250712,1,98,60,309.76,18585.6,Recue,0,5
106,ACH-70040,20250710,20250717,20250717,1,97,36,253.06,9110.16,Recue,0,0
107,ACH-70040,20250710,20250717,20250717,1,100,120,369.19,44302.8,Recue,0,0
108,ACH-70041,20250727,20250803,20250803,1,1,60,219.63,13177.8,Recue,0,0
109,ACH-70041,20250727,20250803,20250803,1,67,36,28.64,1031.04,Recue,0,0
110,ACH-70041,20250727,20250803,20250803,1,75,96,71.97,6909.12,Recue,0,0
111,ACH-70042,20250806,20250813,20250813,1,19,36,205.07,7382.52,Recue,0,0
112,ACH-70042,20250806,20250813,20250813,1,80,120,208.57,25028.4,Recue,0,0
113,ACH-70043,20250819,20250826,20250914,1,99,96,346.57,33270.72,Recue,0,19
114,ACH-70043,20250819,20250826,20250914,1,81,12,364.83,4377.96,Recue,0,19
115,ACH-70043,20250819,20250826,20250914,1,74,24,130.44,3130.56,Recue,0,19
116,ACH-70043,20250819,20250826,20250914,1,22,96,298.47,28653.12,Recue,0,19
117,ACH-70043,20250819,20250826,20250914,1,98,60,309.76,18585.6,Recue,0,19
118,ACH-70044,20250830,20250906,20250906,1,74,96,130.44,12522.24,Recue,0,0
119,ACH-70044,20250830,20250906,20250906,1,59,36,391.48,14093.28,Recue,0,0
120,ACH-70044,20250830,20250906,20250906,1,85,24,49.28,1182.72,Recue,0,0
121,ACH-70044,20250830,20250906,20250906,1,84,12,375.89,4510.68,Recue,0,0
122,ACH-70045,20250919,20250926,20250926,1,68,120,342.49,41098.8,Recue,0,0
123,ACH-70046,20251005,20251012,20251012,1,70,48,48.05,2306.4,Recue,0,0
124,ACH-70046,20251005,20251012,20251012,1,68,24,342.49,8219.76,Recue,0,0
125,ACH-70046,20251005,20251012,20251012,1,68,12,342.49,4109.88,Recue,0,0
126,ACH-70047,20251020,20251027,20251027,1,62,12,135.59,1627.08,Recue,0,0
127,ACH-70047,20251020,20251027,20251027,1,72,240,236.88,56851.2,Recue,0,0
128,ACH-70047,20251020,20251027,20251027,1,101,24,75.83,1819.92,Recue,0,0
129,ACH-70047,20251020,20251027,20251027,1,36,12,191.63,2299.56,Recue,0,0
130,ACH-70048,20251102,20251109,20251109,1,65,96,155.19,14898.24,Recue,0,0
131,ACH-70048,20251102,20251109,20251109,1,80,36,208.57,7508.52,Recue,0,0
132,ACH-70048,20251102,20251109,20251109,1,95,24,64.62,1550.88,Recue,0,0
133,ACH-70049,20251118,20251125,20251125,1,3,96,227.23,21814.08,Recue,0,0
134,ACH-70050,20251128,20251205,20251205,1,59,60,391.48,23488.8,Recue,0,0
135,ACH-70050,20251128,20251205,20251205,1,101,240,75.83,18199.2,Recue,0,0
136,ACH-70050,20251128,20251205,20251205,1,80,36,208.57,7508.52,Recue,0,0
137,ACH-70050,20251128,20251205,20251205,1,21,60,242.82,14569.2,Recue,0,0
138,ACH-70051,20251207,20251214,20251214,1,1,12,219.63,2635.56,Recue,0,0
139,ACH-70052,20251216,20251223,20251226,1,69,60,239.15,14349.0,Recue,0,3
140,ACH-70052,20251216,20251223,20251226,1,68,48,342.49,16439.52,Recue,0,3
141,ACH-70053,20251227,20260103,,1,21,24,242.82,5827.68,En transit,0,
142,ACH-70054,20240102,20240123,20240123,2,167,12,205.42,2465.04,Recue,0,0
143,ACH-70054,20240102,20240123,20240123,2,27,12,249.72,2996.64,Recue,0,0
144,ACH-70054,20240102,20240123,20240123,2,27,36,249.72,8989.92,Recue,0,0
145,ACH-70055,20240117,20240207,20240207,2,25,36,146.28,5266.08,Recue,0,0
146,ACH-70055,20240117,20240207,20240207,2,170,48,16.6,796.8,Recue,0,0
147,ACH-70055,20240117,20240207,20240207,2,27,60,249.72,14983.2,Recue,0,0
148,ACH-70056,20240127,20240217,20240217,2,29,96,238.44,22890.24,Recue,0,0
149,ACH-70056,20240127,20240217,20240217,2,29,96,238.44,22890.24,Recue,0,0
150,ACH-70056,20240127,20240217,20240217,2,13,36,308.85,11118.6,Recue,0,0
151,ACH-70057,20240208,20240229,20240302,2,164,12,98.38,1180.56,Recue,0,2
152,ACH-70057,20240208,20240229,20240302,2,180,60,93.34,5600.4,Recue,0,2
153,ACH-70057,20240208,20240229,20240302,2,29,96,238.44,22890.24,Recue,0,2
154,ACH-70057,20240208,20240229,20240302,2,157,60,24.69,1481.4,Recue,0,2
155,ACH-70057,20240208,20240229,20240302,2,6,36,178.72,6433.92,Recue,0,2
156,ACH-70058,20240220,20240312,20240312,2,31,120,294.44,35332.8,Recue,0,0
157,ACH-70058,20240220,20240312,20240312,2,163,240,294.58,70699.2,Recue,0,0
158,ACH-70058,20240220,20240312,20240312,2,170,-24,16.6,-398.4,Recue,1,0
159,ACH-70059,20240229,20240321,20240321,2,166,120,212.88,25545.6,Recue,0,0
160,ACH-70059,20240229,20240321,20240321,2,164,24,98.38,2361.12,Recue,0,0
161,ACH-70060,20240310,20240331,20240331,2,25,240,146.28,35107.2,Recue,0,0
162,ACH-70060,20240310,20240331,20240331,2,180,12,93.34,1120.08,Recue,0,0
163,ACH-70061,20240320,20240410,20240410,2,167,48,205.42,9860.16,Recue,0,0
164,ACH-70061,20240320,20240410,20240410,2,180,36,93.34,3360.24,Recue,0,0
165,ACH-70061,20240320,20240410,20240410,2,157,60,24.69,1481.4,Recue,0,0
166,ACH-70061,20240320,20240410,20240410,2,177,-12,211.22,-2534.64,Recue,1,0
167,ACH-70062,20240405,20240426,20240426,2,164,120,98.38,11805.6,Recue,0,0
168,ACH-70062,20240405,20240426,20240426,2,31,240,294.44,70665.6,Recue,0,0
169,ACH-70062,20240405,20240426,20240426,2,25,12,146.28,1755.36,Recue,0,0
170,ACH-70062,20240405,20240426,20240426,2,29,24,238.44,5722.56,Recue,0,0
171,ACH-70062,20240405,20240426,20240426,2,162,48,66.97,3214.56,Recue,0,0
172,ACH-70063,20240424,20240515,20240515,2,167,24,205.42,4930.08,Recue,0,0
173,ACH-70063,20240424,20240515,20240515,2,177,36,211.22,7603.92,Recue,0,0
174,ACH-70063,20240424,20240515,20240515,2,158,96,180.81,17357.76,Recue,0,0
175,ACH-70064,20240511,20240601,20240601,2,166,48,212.88,10218.24,Recue,0,0
176,ACH-70064,20240511,20240601,20240601,2,170,36,16.6,597.6,Recue,0,0
177,ACH-70065,20240524,20240614,20240614,2,177,12,211.22,2534.64,Recue,0,0
178,ACH-70065,20240524,20240614,20240614,2,158,240,180.81,43394.4,Recue,0,0
179,ACH-70065,20240524,20240614,20240614,2,177,24,211.22,5069.28,Recue,0,0
180,ACH-70066,20240612,20240703,20240703,2,180,60,93.34,5600.4,Recue,0,0
181,ACH-70066,20240612,20240703,20240703,2,6,48,178.72,8578.56,Recue,0,0
182,ACH-70066,20240612,20240703,20240703,2,157,24,24.69,592.56,Recue,0,0
183,ACH-70066,20240612,20240703,20240703,2,6,96,178.72,17157.12,Recue,0,0
184,ACH-70067,20240702,20240723,20240808,2,177,60,211.22,12673.2,Recue,0,16
185,ACH-70067,20240702,20240723,20240808,2,13,240,308.85,74124.0,Recue,0,16
186,ACH-70067,20240702,20240723,20240808,2,6,240,178.72,42892.8,Recue,0,16
187,ACH-70068,20240718,20240808,20240808,2,27,240,249.72,59932.8,Recue,0,0
188,ACH-70068,20240718,20240808,20240808,2,170,120,16.6,1992.0,Recue,0,0
189,ACH-70068,20240718,20240808,20240808,2,167,24,205.42,4930.08,Recue,0,0
190,ACH-70068,20240718,20240808,20240808,2,31,60,294.44,17666.4,Recue,0,0
191,ACH-70068,20240718,20240808,20240808,2,167,240,205.42,49300.8,Recue,0,0
192,ACH-70069,20240805,20240826,20240826,2,162,48,66.97,3214.56,Recue,0,0
193,ACH-70069,20240805,20240826,20240826,2,13,36,308.85,11118.6,Recue,0,0
194,ACH-70069,20240805,20240826,20240826,2,13,24,308.85,7412.4,Recue,0,0
195,ACH-70069,20240805,20240826,20240826,2,157,240,24.69,5925.6,Recue,0,0
196,ACH-70070,20240818,20240908,20240908,2,27,48,249.72,11986.56,Recue,0,0
197,ACH-70071,20240906,20240927,20240927,2,25,120,146.28,17553.6,Recue,0,0
198,ACH-70071,20240906,20240927,20240927,2,31,48,294.44,14133.12,Recue,0,0
199,ACH-70071,20240906,20240927,20240927,2,158,12,180.81,2169.72,Recue,0,0
200,ACH-70072,20240918,20241009,20241009,2,6,36,178.72,6433.92,Recue,0,0
201,ACH-70072,20240918,20241009,20241009,2,158,60,180.81,10848.6,Recue,0,0
202,ACH-70072,20240918,20241009,20241009,2,29,48,238.44,11445.12,Recue,0,0
203,ACH-70073,20241002,20241023,20241023,2,157,48,24.69,1185.12,Recue,0,0
204,ACH-70073,20241002,20241023,20241023,2,164,120,98.38,11805.6,Recue,0,0
205,ACH-70073,20241002,20241023,20241023,2,180,96,93.34,8960.64,Recue,0,0
206,ACH-70073,20241002,20241023,20241023,2,13,12,308.85,3706.2,Recue,0,0
207,ACH-70073,20241002,20241023,20241023,2,164,24,98.38,2361.12,Recue,0,0
208,ACH-70074,20241015,20241105,20241105,2,177,48,211.22,10138.56,Recue,0,0
209,ACH-70074,20241015,20241105,20241105,2,162,240,66.97,16072.8,Recue,0,0
210,ACH-70074,20241015,20241105,20241105,2,11,48,288.46,13846.08,Recue,0,0
211,ACH-70074,20241015,20241105,20241105,2,27,96,249.72,23973.12,Recue,0,0
212,ACH-70075,20241102,20241123,20241123,2,157,96,24.69,2370.24,Recue,0,0
213,ACH-70075,20241102,20241123,20241123,2,25,60,146.28,8776.8,Recue,0,0
214,ACH-70075,20241102,20241123,20241123,2,163,36,294.58,10604.88,Recue,0,0
215,ACH-70075,20241102,20241123,20241123,2,27,12,249.72,2996.64,Recue,0,0
216,ACH-70076,20241122,20241213,20241213,2,27,24,249.72,5993.28,Recue,0,0
217,ACH-70076,20241122,20241213,20241213,2,157,36,24.69,888.84,Recue,0,0
218,ACH-70076,20241122,20241213,20241213,2,31,120,294.44,35332.8,Recue,0,0
219,ACH-70077,20241204,20241225,20241225,2,167,96,205.42,19720.32,Recue,0,0
220,ACH-70077,20241204,20241225,20241225,2,6,48,178.72,8578.56,Recue,0,0
221,ACH-70077,20241204,20241225,20241225,2,163,36,294.58,10604.88,Recue,0,0
222,ACH-70077,20241204,20241225,20241225,2,180,48,93.34,4480.32,Recue,0,0
223,ACH-70078,20241213,20250103,20250103,2,29,12,238.44,2861.28,Recue,0,0
224,ACH-70078,20241213,20250103,20250103,2,163,48,294.58,14139.84,Recue,0,0
225,ACH-70079,20241225,20250115,20250115,2,31,12,294.44,3533.28,Recue,0,0
226,ACH-70080,20250105,20250126,20250126,2,180,240,95.3,22872.0,Recue,0,0
227,ACH-70080,20250105,20250126,20250126,2,170,240,16.95,4068.0,Recue,0,0
228,ACH-70080,20250105,20250126,20250126,2,6,24,182.47,4379.28,Recue,0,0
229,ACH-70080,20250105,20250126,20250126,2,157,96,25.21,2420.16,Recue,0,0
230,ACH-70080,20250105,20250126,20250126,2,31,12,300.62,3607.44,Recue,0,0
231,ACH-70081,20250115,20250205,20250205,2,166,48,217.35,10432.8,Recue,0,0
232,ACH-70081,20250115,20250205,20250205,2,167,96,209.73,20134.08,Recue,0,0
233,ACH-70081,20250115,20250205,20250205,2,163,48,300.77,14436.96,Recue,0,0
234,ACH-70082,20250127,20250217,20250217,2,166,36,217.35,7824.6,Recue,0,0
235,ACH-70082,20250127,20250217,20250217,2,158,96,184.61,17722.56,Recue,0,0
236,ACH-70082,20250127,20250217,20250217,2,164,240,100.45,24108.0,Recue,0,0
237,ACH-70082,20250127,20250217,20250217,2,29,48,243.45,11685.6,Recue,0,0
238,ACH-70083,20250210,20250303,20250309,2,158,60,184.61,11076.6,Recue,0,6
239,ACH-70083,20250210,20250303,20250309,2,31,96,300.62,28859.52,Recue,0,6
240,ACH-70083,20250210,20250303,20250309,2,180,24,95.3,2287.2,Recue,0,6
241,ACH-70083,20250210,20250303,20250309,2,13,36,315.34,11352.24,Recue,0,6
242,ACH-70084,20250224,20250317,20250317,2,29,48,243.45,11685.6,Recue,0,0
243,ACH-70085,20250308,20250329,20250329,2,31,240,300.62,72148.8,Recue,0,0
244,ACH-70085,20250308,20250329,20250329,2,158,60,184.61,11076.6,Recue,0,0
245,ACH-70085,20250308,20250329,20250329,2,170,240,16.95,4068.0,Recue,0,0
246,ACH-70085,20250308,20250329,20250329,2,177,48,215.66,10351.68,Recue,0,0
247,ACH-70085,20250308,20250329,20250329,2,29,120,243.45,29214.0,Recue,0,0
248,ACH-70086,20250326,20250416,20250416,2,27,24,254.96,6119.04,Recue,0,0
249,ACH-70086,20250326,20250416,20250416,2,170,120,16.95,2034.0,Recue,0,0
250,ACH-70086,20250326,20250416,20250416,2,6,60,182.47,10948.2,Recue,0,0
251,ACH-70086,20250326,20250416,20250416,2,31,12,300.62,3607.44,Recue,0,0
252,ACH-70086,20250326,20250416,20250416,2,11,240,294.52,70684.8,Recue,0,0
253,ACH-70087,20250412,20250503,20250504,2,29,60,243.45,14607.0,Recue,0,1
254,ACH-70087,20250412,20250503,20250504,2,166,24,217.35,5216.4,Recue,0,1
255,ACH-70087,20250412,20250503,20250504,2,157,96,25.21,2420.16,Recue,0,1
256,ACH-70087,20250412,20250503,20250504,2,27,36,254.96,9178.56,Recue,0,1
257,ACH-70087,20250412,20250503,20250504,2,163,24,300.77,7218.48,Recue,0,1
258,ACH-70088,20250423,20250514,20250514,2,164,12,100.45,1205.4,Recue,0,0
259,ACH-70088,20250423,20250514,20250514,2,31,96,300.62,28859.52,Recue,0,0
260,ACH-70088,20250423,20250514,20250514,2,29,60,243.45,14607.0,Recue,0,0
261,ACH-70089,20250510,20250531,20250613,2,27,12,254.96,3059.52,Recue,0,13
262,ACH-70089,20250510,20250531,20250613,2,13,48,315.34,15136.32,Recue,0,13
263,ACH-70089,20250510,20250531,20250613,2,163,60,300.77,18046.2,Recue,0,13
264,ACH-70089,20250510,20250531,20250613,2,177,12,215.66,2587.92,Recue,0,13
265,ACH-70090,20250530,20250620,20250620,2,27,24,254.96,6119.04,Recue,0,0
266,ACH-70091,20250611,20250702,20250707,2,166,36,217.35,7824.6,Recue,0,5
267,ACH-70091,20250611,20250702,20250707,2,157,120,25.21,3025.2,Recue,0,5
268,ACH-70091,20250611,20250702,20250707,2,11,96,294.52,28273.92,Recue,0,5
269,ACH-70092,20250701,20250722,20250722,2,166,24,217.35,5216.4,Recue,0,0
270,ACH-70092,20250701,20250722,20250722,2,27,60,254.96,15297.6,Recue,0,0
271,ACH-70092,20250701,20250722,20250722,2,177,12,215.66,2587.92,Recue,0,0
272,ACH-70093,20250711,20250801,20250801,2,157,36,25.21,907.56,Recue,0,0
273,ACH-70093,20250711,20250801,20250801,2,25,24,149.35,3584.4,Recue,0,0
274,ACH-70093,20250711,20250801,20250801,2,157,36,25.21,907.56,Recue,0,0
275,ACH-70094,20250730,20250820,20250820,2,164,12,100.45,1205.4,Recue,0,0
276,ACH-70094,20250730,20250820,20250820,2,11,48,294.52,14136.96,Recue,0,0
277,ACH-70094,20250730,20250820,20250820,2,31,48,300.62,14429.76,Recue,0,0
278,ACH-70094,20250730,20250820,20250820,2,170,36,16.95,610.2,Recue,0,0
279,ACH-70094,20250730,20250820,20250820,2,31,240,300.62,72148.8,Recue,0,0
280,ACH-70095,20250819,20250909,20250923,2,158,120,184.61,22153.2,Recue,0,14
281,ACH-70095,20250819,20250909,20250923,2,170,36,16.95,610.2,Recue,0,14
282,ACH-70095,20250819,20250909,20250923,2,163,120,300.77,36092.4,Recue,0,14
283,ACH-70095,20250819,20250909,20250923,2,6,60,182.47,10948.2,Recue,0,14
284,ACH-70095,20250819,20250909,20250923,2,29,240,243.45,58428.0,Recue,0,14
285,ACH-70096,20250828,20250918,20250918,2,157,240,25.21,6050.4,Recue,0,0
286,ACH-70096,20250828,20250918,20250918,2,31,120,300.62,36074.4,Recue,0,0
287,ACH-70097,20250917,20251008,20251008,2,170,36,16.95,610.2,Recue,0,0
288,ACH-70097,20250917,20251008,20251008,2,29,120,243.45,29214.0,Recue,0,0
289,ACH-70097,20250917,20251008,20251008,2,25,120,149.35,17922.0,Recue,0,0
290,ACH-70097,20250917,20251008,20251008,2,164,60,100.45,6027.0,Recue,0,0
291,ACH-70098,20250927,20251018,20251018,2,158,60,184.61,11076.6,Recue,0,0
292,ACH-70098,20250927,20251018,20251018,2,164,48,100.45,4821.6,Recue,0,0
293,ACH-70098,20250927,20251018,20251018,2,11,240,294.52,70684.8,Recue,0,0
294,ACH-70098,20250927,20251018,20251018,2,163,24,300.77,7218.48,Recue,0,0
295,ACH-70098,20250927,20251018,20251018,2,31,120,300.62,36074.4,Recue,0,0
296,ACH-70099,20251014,20251104,20251104,2,162,120,68.38,8205.6,Recue,0,0
297,ACH-70100,20251028,20251118,20251118,2,25,120,149.35,17922.0,Recue,0,0
298,ACH-70100,20251028,20251118,20251118,2,166,120,217.35,26082.0,Recue,0,0
299,ACH-70101,20251112,20251203,20251203,2,13,120,315.34,37840.8,Recue,0,0
300,ACH-70102,20251122,20251213,20251213,2,157,12,25.21,302.52,Recue,0,0
301,ACH-70102,20251122,20251213,20251213,2,13,36,315.34,11352.24,Recue,0,0
302,ACH-70102,20251122,20251213,20251213,2,164,24,100.45,2410.8,Recue,0,0
303,ACH-70102,20251122,20251213,20251213,2,164,60,100.45,6027.0,Recue,0,0
304,ACH-70103,20251209,20251230,20251230,2,11,96,294.52,28273.92,Recue,0,0
305,ACH-70103,20251209,20251230,20251230,2,27,240,254.96,61190.4,Recue,0,0
306,ACH-70103,20251209,20251230,20251230,2,158,12,184.61,2215.32,Recue,0,0
307,ACH-70103,20251209,20251230,20251230,2,167,240,209.73,50335.2,Recue,0,0
308,ACH-70104,20251224,20260114,,2,162,60,68.38,4102.8,En transit,0,
309,ACH-70105,20240118,20240303,20240303,5,42,60,261.53,15691.8,Recue,0,0
310,ACH-70105,20240118,20240303,20240303,5,52,60,179.27,10756.2,Recue,0,0
311,ACH-70105,20240118,20240303,20240303,5,52,120,179.27,21512.4,Recue,0,0
312,ACH-70106,20240130,20240315,20240315,5,122,60,208.3,12498.0,Recue,0,0
313,ACH-70106,20240130,20240315,20240315,5,119,60,58.44,3506.4,Recue,0,0
314,ACH-70107,20240219,20240404,20240426,5,54,12,257.53,3090.36,Recue,0,22
315,ACH-70107,20240219,20240404,20240426,5,119,240,58.44,14025.6,Recue,0,22
316,ACH-70107,20240219,20240404,20240426,5,122,60,208.3,12498.0,Recue,0,22
317,ACH-70107,20240219,20240404,20240426,5,44,60,195.45,11727.0,Recue,0,22
318,ACH-70107,20240219,20240404,20240426,5,55,48,209.35,10048.8,Recue,0,22
319,ACH-70108,20240309,20240423,20240424,5,52,240,179.27,43024.8,Recue,0,1
320,ACH-70108,20240309,20240423,20240424,5,64,240,69.43,16663.2,Recue,0,1
321,ACH-70108,20240309,20240423,20240424,5,44,12,195.45,2345.4,Recue,0,1
322,ACH-70108,20240309,20240423,20240424,5,44,240,195.45,46908.0,Recue,0,1
323,ACH-70109,20240329,20240513,20240513,5,50,120,291.69,35002.8,Recue,0,0
324,ACH-70109,20240329,20240513,20240513,5,64,240,69.43,16663.2,Recue,0,0
325,ACH-70109,20240329,20240513,20240513,5,119,60,58.44,3506.4,Recue,0,0
326,ACH-70110,20240407,20240522,20240522,5,52,96,179.27,17209.92,Recue,0,0
327,ACH-70110,20240407,20240522,20240522,5,50,96,291.69,28002.24,Recue,0,0
328,ACH-70110,20240407,20240522,20240522,5,44,12,195.45,2345.4,Recue,0,0
329,ACH-70110,20240407,20240522,20240522,5,105,240,166.12,39868.8,Recue,0,0
330,ACH-70110,20240407,20240522,20240522,5,122,60,208.3,12498.0,Recue,0,0
331,ACH-70111,20240423,20240607,20240607,5,55,36,209.35,7536.6,Recue,0,0
332,ACH-70111,20240423,20240607,20240607,5,54,120,257.53,30903.6,Recue,0,0
333,ACH-70111,20240423,20240607,20240607,5,119,36,58.44,2103.84,Recue,0,0
334,ACH-70111,20240423,20240607,20240607,5,54,48,257.53,12361.44,Recue,0,0
335,ACH-70111,20240423,20240607,20240607,5,119,96,58.44,5610.24,Recue,0,0
336,ACH-70112,20240513,20240627,20240627,5,50,96,291.69,28002.24,Recue,0,0
337,ACH-70112,20240513,20240627,20240627,5,44,36,195.45,7036.2,Recue,0,0
338,ACH-70113,20240526,20240710,20240710,5,44,60,195.45,11727.0,Recue,0,0
339,ACH-70113,20240526,20240710,20240710,5,122,36,208.3,7498.8,Recue,0,0
340,ACH-70113,20240526,20240710,20240710,5,64,120,69.43,8331.6,Recue,0,0
341,ACH-70113,20240526,20240710,20240710,5,105,96,166.12,15947.52,Recue,0,0
342,ACH-70114,20240613,20240728,20240728,5,123,36,129.56,4664.16,Recue,0,0
343,ACH-70114,20240613,20240728,20240728,5,54,24,257.53,6180.72,Recue,0,0
344,ACH-70115,20240624,20240808,20240808,5,54,60,257.53,15451.8,Recue,0,0
345,ACH-70115,20240624,20240808,20240808,5,64,240,69.43,16663.2,Recue,0,0
346,ACH-70115,20240624,20240808,20240808,5,52,120,179.27,21512.4,Recue,0,0
347,ACH-70116,20240713,20240827,20240827,5,52,60,179.27,10756.2,Recue,0,0
348,ACH-70116,20240713,20240827,20240827,5,105,24,166.12,3986.88,Recue,0,0
349,ACH-70116,20240713,20240827,20240827,5,105,12,166.12,1993.44,Recue,0,0
350,ACH-70117,20240725,20240908,20240908,5,105,96,166.12,15947.52,Recue,0,0
351,ACH-70117,20240725,20240908,20240908,5,55,48,209.35,10048.8,Recue,0,0
352,ACH-70117,20240725,20240908,20240908,5,44,240,195.45,46908.0,Recue,0,0
353,ACH-70117,20240725,20240908,20240908,5,119,12,58.44,701.28,Recue,0,0
354,ACH-70118,20240809,20240923,20240923,5,54,240,257.53,61807.2,Recue,0,0
355,ACH-70118,20240809,20240923,20240923,5,64,12,69.43,833.16,Recue,0,0
356,ACH-70118,20240809,20240923,20240923,5,42,240,261.53,62767.2,Recue,0,0
357,ACH-70119,20240827,20241011,20241011,5,105,120,166.12,19934.4,Recue,0,0
358,ACH-70120,20240909,20241024,20241024,5,122,60,208.3,12498.0,Recue,0,0
359,ACH-70120,20240909,20241024,20241024,5,123,120,129.56,15547.2,Recue,0,0
360,ACH-70120,20240909,20241024,20241024,5,52,96,179.27,17209.92,Recue,0,0
361,ACH-70120,20240909,20241024,20241024,5,122,12,208.3,2499.6,Recue,0,0
362,ACH-70121,20240924,20241108,20241108,5,123,36,129.56,4664.16,Recue,0,0
363,ACH-70121,20240924,20241108,20241108,5,52,60,179.27,10756.2,Recue,0,0
364,ACH-70121,20240924,20241108,20241108,5,50,48,291.69,14001.12,Recue,0,0
365,ACH-70121,20240924,20241108,20241108,5,55,60,209.35,12561.0,Recue,0,0
366,ACH-70121,20240924,20241108,20241108,5,123,24,129.56,3109.44,Recue,0,0
367,ACH-70122,20241005,20241119,20241125,5,42,120,261.53,31383.6,Recue,0,6
368,ACH-70123,20241024,20241208,20241208,5,50,60,291.69,17501.4,Recue,0,0
369,ACH-70123,20241024,20241208,20241208,5,122,240,208.3,49992.0,Recue,0,0
370,ACH-70123,20241024,20241208,20241208,5,105,-24,166.12,-3986.88,Recue,1,0
371,ACH-70124,20241112,20241227,20241229,5,52,240,179.27,43024.8,Recue,0,2
372,ACH-70124,20241112,20241227,20241229,5,119,96,58.44,5610.24,Recue,0,2
373,ACH-70124,20241112,20241227,20241229,5,119,12,58.44,701.28,Recue,0,2
374,ACH-70125,20241127,20250111,20250111,5,64,36,69.43,2499.48,Recue,0,0
375,ACH-70126,20241209,20250123,20250211,5,105,12,166.12,1993.44,Recue,0,19
376,ACH-70127,20241229,20250212,20250212,5,122,24,208.3,4999.2,Recue,0,0
377,ACH-70127,20241229,20250212,20250212,5,55,120,209.35,25122.0,Recue,0,0
378,ACH-70128,20250111,20250225,20250225,5,122,60,212.67,12760.2,Recue,0,0
379,ACH-70128,20250111,20250225,20250225,5,55,36,213.75,7695.0,Recue,0,0
380,ACH-70128,20250111,20250225,20250225,5,55,48,213.75,10260.0,Recue,0,0
381,ACH-70128,20250111,20250225,20250225,5,105,240,169.61,40706.4,Recue,0,0
382,ACH-70129,20250122,20250308,20250308,5,55,48,213.75,10260.0,Recue,0,0
383,ACH-70129,20250122,20250308,20250308,5,50,48,297.82,14295.36,Recue,0,0
384,ACH-70129,20250122,20250308,20250308,5,119,96,59.67,5728.32,Recue,0,0
385,ACH-70129,20250122,20250308,20250308,5,122,36,212.67,7656.12,Recue,0,0
386,ACH-70129,20250122,20250308,20250308,5,119,24,59.67,1432.08,Recue,0,0
387,ACH-70130,20250210,20250327,20250327,5,64,120,70.89,8506.8,Recue,0,0
388,ACH-70130,20250210,20250327,20250327,5,44,96,199.55,19156.8,Recue,0,0
389,ACH-70130,20250210,20250327,20250327,5,123,24,132.28,3174.72,Recue,0,0
390,ACH-70130,20250210,20250327,20250327,5,64,24,70.89,1701.36,Recue,0,0
391,ACH-70131,20250224,20250410,20250410,5,54,24,262.94,6310.56,Recue,0,0
392,ACH-70132,20250307,20250421,20250425,5,119,36,59.67,2148.12,Recue,0,4
393,ACH-70132,20250307,20250421,20250425,5,52,36,183.03,6589.08,Recue,0,4
394,ACH-70132,20250307,20250421,20250425,5,122,120,212.67,25520.4,Recue,0,4
395,ACH-70132,20250307,20250421,20250425,5,42,120,267.02,32042.4,Recue,0,4
396,ACH-70132,20250307,20250421,20250425,5,105,240,169.61,40706.4,Recue,0,4
397,ACH-70133,20250316,20250430,20250430,5,122,12,212.67,2552.04,Recue,0,0
398,ACH-70134,20250330,20250514,20250514,5,105,240,169.61,40706.4,Recue,0,0
399,ACH-70134,20250330,20250514,20250514,5,42,96,267.02,25633.92,Recue,0,0
400,ACH-70135,20250415,20250530,20250601,5,105,36,169.61,6105.96,Recue,0,2
401,ACH-70135,20250415,20250530,20250601,5,54,60,262.94,15776.4,Recue,0,2
402,ACH-70135,20250415,20250530,20250601,5,122,24,212.67,5104.08,Recue,0,2
403,ACH-70135,20250415,20250530,20250601,5,42,120,267.02,32042.4,Recue,0,2
404,ACH-70136,20250429,20250613,20250613,5,55,36,213.75,7695.0,Recue,0,0
405,ACH-70136,20250429,20250613,20250613,5,64,96,70.89,6805.44,Recue,0,0
406,ACH-70136,20250429,20250613,20250613,5,122,48,212.67,10208.16,Recue,0,0
407,ACH-70137,20250519,20250703,20250703,5,122,120,212.67,25520.4,Recue,0,0
408,ACH-70137,20250519,20250703,20250703,5,44,24,199.55,4789.2,Recue,0,0
409,ACH-70137,20250519,20250703,20250703,5,119,36,59.67,2148.12,Recue,0,0
410,ACH-70138,20250604,20250719,20250719,5,42,96,267.02,25633.92,Recue,0,0
411,ACH-70138,20250604,20250719,20250719,5,119,48,59.67,2864.16,Recue,0,0
412,ACH-70138,20250604,20250719,20250719,5,54,240,262.94,63105.6,Recue,0,0
413,ACH-70138,20250604,20250719,20250719,5,119,48,59.67,2864.16,Recue,0,0
414,ACH-70138,20250604,20250719,20250719,5,50,24,297.82,7147.68,Recue,0,0
415,ACH-70139,20250617,20250801,20250803,5,42,12,267.02,3204.24,Recue,0,2
416,ACH-70139,20250617,20250801,20250803,5,122,24,212.67,5104.08,Recue,0,2
417,ACH-70139,20250617,20250801,20250803,5,123,96,132.28,12698.88,Recue,0,2
418,ACH-70139,20250617,20250801,20250803,5,123,12,132.28,1587.36,Recue,0,2
419,ACH-70140,20250630,20250814,20250828,5,54,60,262.94,15776.4,Recue,0,14
420,ACH-70140,20250630,20250814,20250828,5,55,48,213.75,10260.0,Recue,0,14
421,ACH-70140,20250630,20250814,20250828,5,119,36,59.67,2148.12,Recue,0,14
422,ACH-70140,20250630,20250814,20250828,5,122,96,212.67,20416.32,Recue,0,14
423,ACH-70140,20250630,20250814,20250828,5,54,24,262.94,6310.56,Recue,0,14
424,ACH-70141,20250711,20250825,20250825,5,119,24,59.67,1432.08,Recue,0,0
425,ACH-70141,20250711,20250825,20250825,5,123,60,132.28,7936.8,Recue,0,0
426,ACH-70142,20250724,20250907,20250907,5,44,48,199.55,9578.4,Recue,0,0
427,ACH-70142,20250724,20250907,20250907,5,50,120,297.82,35738.4,Recue,0,0
428,ACH-70142,20250724,20250907,20250907,5,44,48,199.55,9578.4,Recue,0,0
429,ACH-70143,20250809,20250923,20251001,5,50,36,297.82,10721.52,Recue,0,8
430,ACH-70144,20250827,20251011,20251017,5,54,12,262.94,3155.28,Recue,0,6
431,ACH-70144,20250827,20251011,20251017,5,122,36,212.67,7656.12,Recue,0,6
432,ACH-70144,20250827,20251011,20251017,5,119,120,59.67,7160.4,Recue,0,6
433,ACH-70144,20250827,20251011,20251017,5,122,120,212.67,25520.4,Recue,0,6
434,ACH-70145,20250914,20251029,20251029,5,122,60,212.67,12760.2,Recue,0,0
435,ACH-70145,20250914,20251029,20251029,5,119,12,59.67,716.04,Recue,0,0
436,ACH-70145,20250914,20251029,20251029,5,50,48,297.82,14295.36,Recue,0,0
437,ACH-70145,20250914,20251029,20251029,5,44,24,199.55,4789.2,Recue,0,0
438,ACH-70146,20250927,20251111,20251121,5,54,120,262.94,31552.8,Recue,0,10
439,ACH-70146,20250927,20251111,20251121,5,64,60,70.89,4253.4,Recue,0,10
440,ACH-70146,20250927,20251111,20251121,5,42,120,267.02,32042.4,Recue,0,10
441,ACH-70147,20251014,20251128,20251128,5,50,120,297.82,35738.4,Recue,0,0
442,ACH-70148,20251027,20251211,20251211,5,42,36,267.02,9612.72,Recue,0,0
443,ACH-70148,20251027,20251211,20251211,5,119,60,59.67,3580.2,Recue,0,0
444,ACH-70148,20251027,20251211,20251211,5,105,48,169.61,8141.28,Recue,0,0
445,ACH-70149,20251113,20251228,20251228,5,42,24,267.02,6408.48,Recue,0,0
446,ACH-70150,20251129,20260113,,5,44,24,199.55,4789.2,En transit,0,
447,ACH-70150,20251129,20260113,,5,55,240,213.75,51300.0,En transit,0,
448,ACH-70151,20251210,20260124,,5,44,240,199.55,47892.0,En transit,0,
449,ACH-70151,20251210,20260124,,5,42,24,267.02,6408.48,En transit,0,
450,ACH-70152,20251230,20260213,,5,42,12,267.02,3204.24,En transit,0,
451,ACH-70152,20251230,20260213,,5,50,48,297.82,14295.36,En transit,0,
452,ACH-70152,20251230,20260213,,5,52,240,183.03,43927.2,En transit,0,
453,ACH-70153,20240106,20240116,20240116,6,106,48,333.09,15988.32,Recue,0,0
454,ACH-70153,20240106,20240116,20240116,6,117,120,98.28,11793.6,Recue,0,0
455,ACH-70153,20240106,20240116,20240116,6,125,24,285.25,6846.0,Recue,0,0
456,ACH-70154,20240121,20240131,20240224,6,106,60,333.09,19985.4,Recue,0,24
457,ACH-70155,20240203,20240213,20240213,6,125,24,285.25,6846.0,Recue,0,0
458,ACH-70155,20240203,20240213,20240213,6,117,240,98.28,23587.2,Recue,0,0
459,ACH-70155,20240203,20240213,20240213,6,106,240,333.09,79941.6,Recue,0,0
460,ACH-70156,20240212,20240222,20240228,6,117,24,98.28,2358.72,Recue,0,6
461,ACH-70156,20240212,20240222,20240228,6,106,12,333.09,3997.08,Recue,0,6
462,ACH-70157,20240223,20240304,20240304,6,106,120,333.09,39970.8,Recue,0,0
463,ACH-70157,20240223,20240304,20240304,6,106,48,333.09,15988.32,Recue,0,0
464,ACH-70157,20240223,20240304,20240304,6,125,120,285.25,34230.0,Recue,0,0
465,ACH-70157,20240223,20240304,20240304,6,117,24,98.28,2358.72,Recue,0,0
466,ACH-70158,20240307,20240317,20240318,6,117,48,98.28,4717.44,Recue,0,1
467,ACH-70158,20240307,20240317,20240318,6,106,120,333.09,39970.8,Recue,0,1
468,ACH-70158,20240307,20240317,20240318,6,106,240,333.09,79941.6,Recue,0,1
469,ACH-70158,20240307,20240317,20240318,6,125,96,285.25,27384.0,Recue,0,1
470,ACH-70158,20240307,20240317,20240318,6,106,240,333.09,79941.6,Recue,0,1
471,ACH-70159,20240327,20240406,20240406,6,117,12,98.28,1179.36,Recue,0,0
472,ACH-70159,20240327,20240406,20240406,6,106,96,333.09,31976.64,Recue,0,0
473,ACH-70159,20240327,20240406,20240406,6,106,48,333.09,15988.32,Recue,0,0
474,ACH-70160,20240415,20240425,20240425,6,117,48,98.28,4717.44,Recue,0,0
475,ACH-70160,20240415,20240425,20240425,6,106,12,333.09,3997.08,Recue,0,0
476,ACH-70161,20240427,20240507,20240507,6,117,48,98.28,4717.44,Recue,0,0
477,ACH-70161,20240427,20240507,20240507,6,106,120,333.09,39970.8,Recue,0,0
478,ACH-70161,20240427,20240507,20240507,6,106,36,333.09,11991.24,Recue,0,0
479,ACH-70162,20240510,20240520,20240520,6,106,36,333.09,11991.24,Recue,0,0
480,ACH-70163,20240524,20240603,20240603,6,117,60,98.28,5896.8,Recue,0,0
481,ACH-70164,20240608,20240618,20240618,6,117,48,98.28,4717.44,Recue,0,0
482,ACH-70164,20240608,20240618,20240618,6,106,96,333.09,31976.64,Recue,0,0
483,ACH-70164,20240608,20240618,20240618,6,106,48,333.09,15988.32,Recue,0,0
484,ACH-70165,20240628,20240708,20240708,6,125,12,285.25,3423.0,Recue,0,0
485,ACH-70166,20240714,20240724,20240724,6,125,12,285.25,3423.0,Recue,0,0
486,ACH-70166,20240714,20240724,20240724,6,117,36,98.28,3538.08,Recue,0,0
487,ACH-70167,20240724,20240803,20240803,6,125,24,285.25,6846.0,Recue,0,0
488,ACH-70167,20240724,20240803,20240803,6,117,60,98.28,5896.8,Recue,0,0
489,ACH-70167,20240724,20240803,20240803,6,106,24,333.09,7994.16,Recue,0,0
490,ACH-70167,20240724,20240803,20240803,6,106,24,333.09,7994.16,Recue,0,0
491,ACH-70168,20240812,20240822,20240822,6,125,36,285.25,10269.0,Recue,0,0
492,ACH-70168,20240812,20240822,20240822,6,106,60,333.09,19985.4,Recue,0,0
493,ACH-70168,20240812,20240822,20240822,6,117,120,98.28,11793.6,Recue,0,0
494,ACH-70168,20240812,20240822,20240822,6,106,36,333.09,11991.24,Recue,0,0
495,ACH-70169,20240822,20240901,20240901,6,125,48,285.25,13692.0,Recue,0,0
496,ACH-70169,20240822,20240901,20240901,6,125,24,285.25,6846.0,Recue,0,0
497,ACH-70169,20240822,20240901,20240901,6,125,240,285.25,68460.0,Recue,0,0
498,ACH-70169,20240822,20240901,20240901,6,125,60,285.25,17115.0,Recue,0,0
499,ACH-70169,20240822,20240901,20240901,6,106,60,333.09,19985.4,Recue,0,0
500,ACH-70170,20240831,20240910,20240910,6,106,12,333.09,3997.08,Recue,0,0
501,ACH-70170,20240831,20240910,20240910,6,117,12,98.28,1179.36,Recue,0,0
502,ACH-70170,20240831,20240910,20240910,6,117,60,98.28,5896.8,Recue,0,0
503,ACH-70171,20240915,20240925,20240925,6,106,24,333.09,7994.16,Recue,0,0
504,ACH-70172,20241002,20241012,20241017,6,117,240,98.28,23587.2,Recue,0,5
505,ACH-70172,20241002,20241012,20241017,6,125,120,285.25,34230.0,Recue,0,5
506,ACH-70172,20241002,20241012,20241017,6,125,36,285.25,10269.0,Recue,0,5
507,ACH-70172,20241002,20241012,20241017,6,125,36,285.25,10269.0,Recue,0,5
508,ACH-70173,20241013,20241023,20241023,6,106,12,333.09,3997.08,Recue,0,0
509,ACH-70174,20241028,20241107,20241108,6,117,240,98.28,23587.2,Recue,0,1
510,ACH-70174,20241028,20241107,20241108,6,106,48,333.09,15988.32,Recue,0,1
511,ACH-70175,20241117,20241127,20241127,6,106,120,333.09,39970.8,Recue,0,0
512,ACH-70175,20241117,20241127,20241127,6,106,96,333.09,31976.64,Recue,0,0
513,ACH-70175,20241117,20241127,20241127,6,125,12,285.25,3423.0,Recue,0,0
514,ACH-70176,20241126,20241206,20241211,6,117,36,98.28,3538.08,Recue,0,5
515,ACH-70177,20241210,20241220,20241220,6,106,48,333.09,15988.32,Recue,0,0
516,ACH-70177,20241210,20241220,20241220,6,125,60,285.25,17115.0,Recue,0,0
517,ACH-70177,20241210,20241220,20241220,6,125,48,285.25,13692.0,Recue,0,0
518,ACH-70178,20241226,20250105,20250105,6,125,12,285.25,3423.0,Recue,0,0
519,ACH-70178,20241226,20250105,20250105,6,125,48,285.25,13692.0,Recue,0,0
520,ACH-70178,20241226,20250105,20250105,6,125,60,285.25,17115.0,Recue,0,0
521,ACH-70179,20250111,20250121,20250121,6,125,24,291.24,6989.76,Recue,0,0
522,ACH-70179,20250111,20250121,20250121,6,117,240,100.34,24081.6,Recue,0,0
523,ACH-70179,20250111,20250121,20250121,6,117,48,100.34,4816.32,Recue,0,0
524,ACH-70179,20250111,20250121,20250121,6,106,120,340.08,40809.6,Recue,0,0
525,ACH-70180,20250126,20250205,20250205,6,106,60,340.08,20404.8,Recue,0,0
526,ACH-70180,20250126,20250205,20250205,6,125,96,291.24,27959.04,Recue,0,0
527,ACH-70180,20250126,20250205,20250205,6,117,96,100.34,9632.64,Recue,0,0
528,ACH-70181,20250212,20250222,20250222,6,125,240,291.24,69897.6,Recue,0,0
529,ACH-70181,20250212,20250222,20250222,6,106,24,340.08,8161.92,Recue,0,0
530,ACH-70181,20250212,20250222,20250222,6,117,12,100.34,1204.08,Recue,0,0
531,ACH-70182,20250226,20250308,20250308,6,117,24,100.34,2408.16,Recue,0,0
532,ACH-70183,20250315,20250325,20250325,6,117,240,100.34,24081.6,Recue,0,0
533,ACH-70183,20250315,20250325,20250325,6,125,24,291.24,6989.76,Recue,0,0
534,ACH-70184,20250403,20250413,20250413,6,125,12,291.24,3494.88,Recue,0,0
535,ACH-70185,20250415,20250425,20250425,6,106,96,340.08,32647.68,Recue,0,0
536,ACH-70186,20250425,20250505,20250530,6,117,240,100.34,24081.6,Recue,0,25
537,ACH-70186,20250425,20250505,20250530,6,125,24,291.24,6989.76,Recue,0,25
538,ACH-70186,20250425,20250505,20250530,6,125,36,291.24,10484.64,Recue,0,25
539,ACH-70186,20250425,20250505,20250530,6,117,24,100.34,2408.16,Recue,0,25
540,ACH-70186,20250425,20250505,20250530,6,125,96,291.24,27959.04,Recue,0,25
541,ACH-70187,20250515,20250525,20250525,6,125,48,291.24,13979.52,Recue,0,0
542,ACH-70187,20250515,20250525,20250525,6,106,240,340.08,81619.2,Recue,0,0
543,ACH-70188,20250526,20250605,20250605,6,125,36,291.24,10484.64,Recue,0,0
544,ACH-70188,20250526,20250605,20250605,6,117,120,100.34,12040.8,Recue,0,0
545,ACH-70188,20250526,20250605,20250605,6,117,96,100.34,9632.64,Recue,0,0
546,ACH-70188,20250526,20250605,20250605,6,117,60,100.34,6020.4,Recue,0,0
547,ACH-70188,20250526,20250605,20250605,6,106,60,340.08,20404.8,Recue,0,0
548,ACH-70189,20250608,20250618,20250618,6,125,48,291.24,13979.52,Recue,0,0
549,ACH-70189,20250608,20250618,20250618,6,125,36,291.24,10484.64,Recue,0,0
550,ACH-70189,20250608,20250618,20250618,6,117,240,100.34,24081.6,Recue,0,0
551,ACH-70190,20250619,20250629,20250629,6,117,240,100.34,24081.6,Recue,0,0
552,ACH-70190,20250619,20250629,20250629,6,106,-9,340.08,-3060.72,Recue,1,0
553,ACH-70190,20250619,20250629,20250629,6,106,36,340.08,12242.88,Recue,0,0
554,ACH-70190,20250619,20250629,20250629,6,125,12,291.24,3494.88,Recue,0,0
555,ACH-70190,20250619,20250629,20250629,6,125,60,291.24,17474.4,Recue,0,0
556,ACH-70191,20250705,20250715,20250715,6,106,24,340.08,8161.92,Recue,0,0
557,ACH-70191,20250705,20250715,20250715,6,125,60,291.24,17474.4,Recue,0,0
558,ACH-70191,20250705,20250715,20250715,6,125,24,291.24,6989.76,Recue,0,0
559,ACH-70192,20250722,20250801,20250801,6,117,96,100.34,9632.64,Recue,0,0
560,ACH-70192,20250722,20250801,20250801,6,125,36,291.24,10484.64,Recue,0,0
561,ACH-70192,20250722,20250801,20250801,6,106,120,340.08,40809.6,Recue,0,0
562,ACH-70192,20250722,20250801,20250801,6,125,240,291.24,69897.6,Recue,0,0
563,ACH-70192,20250722,20250801,20250801,6,117,36,100.34,3612.24,Recue,0,0
564,ACH-70193,20250809,20250819,20250819,6,106,36,340.08,12242.88,Recue,0,0
565,ACH-70193,20250809,20250819,20250819,6,125,36,291.24,10484.64,Recue,0,0
566,ACH-70194,20250827,20250906,20250906,6,117,240,100.34,24081.6,Recue,0,0
567,ACH-70194,20250827,20250906,20250906,6,125,60,291.24,17474.4,Recue,0,0
568,ACH-70194,20250827,20250906,20250906,6,117,24,100.34,2408.16,Recue,0,0
569,ACH-70194,20250827,20250906,20250906,6,106,120,340.08,40809.6,Recue,0,0
570,ACH-70194,20250827,20250906,20250906,6,125,240,291.24,69897.6,Recue,0,0
571,ACH-70195,20250907,20250917,20250917,6,106,48,340.08,16323.84,Recue,0,0
572,ACH-70195,20250907,20250917,20250917,6,117,96,100.34,9632.64,Recue,0,0
573,ACH-70196,20250927,20251007,20251007,6,106,48,340.08,16323.84,Recue,0,0
574,ACH-70196,20250927,20251007,20251007,6,125,96,291.24,27959.04,Recue,0,0
575,ACH-70196,20250927,20251007,20251007,6,117,36,100.34,3612.24,Recue,0,0
576,ACH-70196,20250927,20251007,20251007,6,125,240,291.24,69897.6,Recue,0,0
577,ACH-70196,20250927,20251007,20251007,6,125,120,291.24,34948.8,Recue,0,0
578,ACH-70197,20251006,20251016,20251016,6,125,96,291.24,27959.04,Recue,0,0
579,ACH-70197,20251006,20251016,20251016,6,125,60,291.24,17474.4,Recue,0,0
580,ACH-70197,20251006,20251016,20251016,6,106,12,340.08,4080.96,Recue,0,0
581,ACH-70198,20251026,20251105,20251105,6,117,96,100.34,9632.64,Recue,0,0
582,ACH-70198,20251026,20251105,20251105,6,125,120,291.24,34948.8,Recue,0,0
583,ACH-70199,20251113,20251123,20251123,6,106,120,340.08,40809.6,Recue,0,0
584,ACH-70199,20251113,20251123,20251123,6,106,48,340.08,16323.84,Recue,0,0
585,ACH-70200,20251125,20251205,20251205,6,106,240,340.08,81619.2,Recue,0,0
586,ACH-70200,20251125,20251205,20251205,6,106,24,340.08,8161.92,Recue,0,0
587,ACH-70201,20251209,20251219,20251219,6,117,48,100.34,4816.32,Recue,0,0
588,ACH-70201,20251209,20251219,20251219,6,106,12,340.08,4080.96,Recue,0,0
589,ACH-70201,20251209,20251219,20251219,6,106,96,340.08,32647.68,Recue,0,0
590,ACH-70201,20251209,20251219,20251219,6,125,-30,291.24,-8737.2,Recue,1,0
591,ACH-70202,20251224,20260103,,6,106,60,340.08,20404.8,En transit,0,
592,ACH-70202,20251224,20260103,,6,106,120,340.08,40809.6,En transit,0,
593,ACH-70202,20251224,20260103,,6,106,48,340.08,16323.84,En transit,0,
594,ACH-70203,20240121,20240128,20240131,12,18,120,242.09,29050.8,Recue,0,3
595,ACH-70203,20240121,20240128,20240131,12,5,24,204.06,4897.44,Recue,0,3
596,ACH-70203,20240121,20240128,20240131,12,2,96,292.58,28087.68,Recue,0,3
597,ACH-70204,20240201,20240208,20240208,12,2,240,292.58,70219.2,Recue,0,0
598,ACH-70204,20240201,20240208,20240208,12,14,120,26.62,3194.4,Recue,0,0
599,ACH-70205,20240213,20240220,20240303,12,5,240,204.06,48974.4,Recue,0,12
600,ACH-70205,20240213,20240220,20240303,12,20,36,32.44,1167.84,Recue,0,12
601,ACH-70205,20240213,20240220,20240303,12,14,36,26.62,958.32,Recue,0,12
602,ACH-70205,20240213,20240220,20240303,12,7,36,55.96,2014.56,Recue,0,12
603,ACH-70205,20240213,20240220,20240303,12,15,12,318.69,3824.28,Recue,0,12
604,ACH-70206,20240224,20240302,20240302,12,7,36,55.96,2014.56,Recue,0,0
605,ACH-70206,20240224,20240302,20240302,12,14,120,26.62,3194.4,Recue,0,0
606,ACH-70206,20240224,20240302,20240302,12,14,60,26.62,1597.2,Recue,0,0
607,ACH-70207,20240307,20240314,20240314,12,15,240,318.69,76485.6,Recue,0,0
608,ACH-70207,20240307,20240314,20240314,12,20,48,32.44,1557.12,Recue,0,0
609,ACH-70208,20240327,20240403,20240405,12,5,60,204.06,12243.6,Recue,0,2
610,ACH-70208,20240327,20240403,20240405,12,15,12,318.69,3824.28,Recue,0,2
611,ACH-70208,20240327,20240403,20240405,12,14,48,26.62,1277.76,Recue,0,2
612,ACH-70208,20240327,20240403,20240405,12,12,12,68.19,818.28,Recue,0,2
613,ACH-70209,20240405,20240412,20240412,12,5,24,204.06,4897.44,Recue,0,0
614,ACH-70210,20240419,20240426,20240510,12,20,48,32.44,1557.12,Recue,0,14
615,ACH-70210,20240419,20240426,20240510,12,20,60,32.44,1946.4,Recue,0,14
616,ACH-70210,20240419,20240426,20240510,12,12,96,68.19,6546.24,Recue,0,14
617,ACH-70211,20240501,20240508,20240508,12,15,12,318.69,3824.28,Recue,0,0
618,ACH-70211,20240501,20240508,20240508,12,2,36,292.58,10532.88,Recue,0,0
619,ACH-70212,20240510,20240517,20240517,12,15,240,318.69,76485.6,Recue,0,0
620,ACH-70212,20240510,20240517,20240517,12,14,60,26.62,1597.2,Recue,0,0
621,ACH-70212,20240510,20240517,20240517,12,20,96,32.44,3114.24,Recue,0,0
622,ACH-70212,20240510,20240517,20240517,12,14,48,26.62,1277.76,Recue,0,0
623,ACH-70213,20240530,20240606,20240606,12,2,24,292.58,7021.92,Recue,0,0
624,ACH-70213,20240530,20240606,20240606,12,18,60,242.09,14525.4,Recue,0,0
625,ACH-70213,20240530,20240606,20240606,12,12,48,68.19,3273.12,Recue,0,0
626,ACH-70214,20240613,20240620,20240711,12,14,96,26.62,2555.52,Recue,0,21
627,ACH-70214,20240613,20240620,20240711,12,14,48,26.62,1277.76,Recue,0,21
628,ACH-70214,20240613,20240620,20240711,12,5,24,204.06,4897.44,Recue,0,21
629,ACH-70214,20240613,20240620,20240711,12,5,240,204.06,48974.4,Recue,0,21
630,ACH-70215,20240628,20240705,20240705,12,20,60,32.44,1946.4,Recue,0,0
631,ACH-70216,20240717,20240724,20240724,12,2,36,292.58,10532.88,Recue,0,0
632,ACH-70216,20240717,20240724,20240724,12,5,240,204.06,48974.4,Recue,0,0
633,ACH-70216,20240717,20240724,20240724,12,18,96,242.09,23240.64,Recue,0,0
634,ACH-70217,20240801,20240808,20240808,12,15,60,318.69,19121.4,Recue,0,0
635,ACH-70217,20240801,20240808,20240808,12,18,120,242.09,29050.8,Recue,0,0
636,ACH-70217,20240801,20240808,20240808,12,20,240,32.44,7785.6,Recue,0,0
637,ACH-70218,20240819,20240826,20240826,12,14,240,26.62,6388.8,Recue,0,0
638,ACH-70218,20240819,20240826,20240826,12,18,240,242.09,58101.6,Recue,0,0
639,ACH-70219,20240905,20240912,20240912,12,12,120,68.19,8182.8,Recue,0,0
640,ACH-70219,20240905,20240912,20240912,12,7,12,55.96,671.52,Recue,0,0
641,ACH-70219,20240905,20240912,20240912,12,18,24,242.09,5810.16,Recue,0,0
642,ACH-70219,20240905,20240912,20240912,12,2,120,292.58,35109.6,Recue,0,0
643,ACH-70220,20240922,20240929,20241004,12,5,12,204.06,2448.72,Recue,0,5
644,ACH-70220,20240922,20240929,20241004,12,20,12,32.44,389.28,Recue,0,5
645,ACH-70220,20240922,20240929,20241004,12,7,24,55.96,1343.04,Recue,0,5
646,ACH-70221,20241006,20241013,20241013,12,2,120,292.58,35109.6,Recue,0,0
647,ACH-70221,20241006,20241013,20241013,12,14,120,26.62,3194.4,Recue,0,0
648,ACH-70221,20241006,20241013,20241013,12,5,36,204.06,7346.16,Recue,0,0
649,ACH-70221,20241006,20241013,20241013,12,20,96,32.44,3114.24,Recue,0,0
650,ACH-70221,20241006,20241013,20241013,12,18,36,242.09,8715.24,Recue,0,0
651,ACH-70222,20241015,20241022,20241022,12,2,12,292.58,3510.96,Recue,0,0
652,ACH-70222,20241015,20241022,20241022,12,5,240,204.06,48974.4,Recue,0,0
653,ACH-70222,20241015,20241022,20241022,12,14,36,26.62,958.32,Recue,0,0
654,ACH-70223,20241028,20241104,20241107,12,12,120,68.19,8182.8,Recue,0,3
655,ACH-70223,20241028,20241104,20241107,12,5,12,204.06,2448.72,Recue,0,3
656,ACH-70223,20241028,20241104,20241107,12,12,36,68.19,2454.84,Recue,0,3
657,ACH-70224,20241110,20241117,20241117,12,14,24,26.62,638.88,Recue,0,0
658,ACH-70224,20241110,20241117,20241117,12,5,96,204.06,19589.76,Recue,0,0
659,ACH-70225,20241119,20241126,20241126,12,12,48,68.19,3273.12,Recue,0,0
660,ACH-70225,20241119,20241126,20241126,12,15,48,318.69,15297.12,Recue,0,0
661,ACH-70225,20241119,20241126,20241126,12,15,48,318.69,15297.12,Recue,0,0
662,ACH-70225,20241119,20241126,20241126,12,5,36,204.06,7346.16,Recue,0,0
663,ACH-70225,20241119,20241126,20241126,12,5,12,204.06,2448.72,Recue,0,0
664,ACH-70226,20241208,20241215,20241215,12,14,240,26.62,6388.8,Recue,0,0
665,ACH-70226,20241208,20241215,20241215,12,15,60,318.69,19121.4,Recue,0,0
666,ACH-70226,20241208,20241215,20241215,12,2,12,292.58,3510.96,Recue,0,0
667,ACH-70226,20241208,20241215,20241215,12,20,36,32.44,1167.84,Recue,0,0
668,ACH-70226,20241208,20241215,20241215,12,20,120,32.44,3892.8,Recue,0,0
669,ACH-70227,20241227,20250103,20250103,12,20,48,32.44,1557.12,Recue,0,0
670,ACH-70227,20241227,20250103,20250103,12,12,60,68.19,4091.4,Recue,0,0
671,ACH-70228,20250115,20250122,20250129,12,14,12,27.18,326.16,Recue,0,7
672,ACH-70228,20250115,20250122,20250129,12,18,60,247.17,14830.2,Recue,0,7
673,ACH-70228,20250115,20250122,20250129,12,5,24,208.35,5000.4,Recue,0,7
674,ACH-70228,20250115,20250122,20250129,12,20,48,33.12,1589.76,Recue,0,7
675,ACH-70229,20250125,20250201,20250220,12,7,96,57.14,5485.44,Recue,0,19
676,ACH-70229,20250125,20250201,20250220,12,2,240,298.72,71692.8,Recue,0,19
677,ACH-70229,20250125,20250201,20250220,12,5,12,208.35,2500.2,Recue,0,19
678,ACH-70230,20250208,20250215,20250215,12,18,96,247.17,23728.32,Recue,0,0
679,ACH-70230,20250208,20250215,20250215,12,14,36,27.18,978.48,Recue,0,0
680,ACH-70230,20250208,20250215,20250215,12,20,96,33.12,3179.52,Recue,0,0
681,ACH-70231,20250228,20250307,20250307,12,18,48,247.17,11864.16,Recue,0,0
682,ACH-70231,20250228,20250307,20250307,12,12,36,69.62,2506.32,Recue,0,0
683,ACH-70232,20250311,20250318,20250318,12,20,120,33.12,3974.4,Recue,0,0
684,ACH-70232,20250311,20250318,20250318,12,5,240,208.35,50004.0,Recue,0,0
685,ACH-70232,20250311,20250318,20250318,12,20,12,33.12,397.44,Recue,0,0
686,ACH-70232,20250311,20250318,20250318,12,20,60,33.12,1987.2,Recue,0,0
687,ACH-70232,20250311,20250318,20250318,12,14,48,27.18,1304.64,Recue,0,0
688,ACH-70233,20250327,20250403,20250403,12,7,96,57.14,5485.44,Recue,0,0
689,ACH-70233,20250327,20250403,20250403,12,14,60,27.18,1630.8,Recue,0,0
690,ACH-70234,20250414,20250421,20250421,12,2,96,298.72,28677.12,Recue,0,0
691,ACH-70234,20250414,20250421,20250421,12,12,96,69.62,6683.52,Recue,0,0
692,ACH-70234,20250414,20250421,20250421,12,18,60,247.17,14830.2,Recue,0,0
693,ACH-70235,20250504,20250511,20250511,12,14,12,27.18,326.16,Recue,0,0
694,ACH-70235,20250504,20250511,20250511,12,18,36,247.17,8898.12,Recue,0,0
695,ACH-70235,20250504,20250511,20250511,12,7,48,57.14,2742.72,Recue,0,0
696,ACH-70235,20250504,20250511,20250511,12,18,24,247.17,5932.08,Recue,0,0
697,ACH-70235,20250504,20250511,20250511,12,20,60,33.12,1987.2,Recue,0,0
698,ACH-70236,20250514,20250521,20250521,12,18,48,247.17,11864.16,Recue,0,0
699,ACH-70236,20250514,20250521,20250521,12,7,12,57.14,685.68,Recue,0,0
700,ACH-70236,20250514,20250521,20250521,12,18,36,247.17,8898.12,Recue,0,0
701,ACH-70237,20250527,20250603,20250603,12,12,240,69.62,16708.8,Recue,0,0
702,ACH-70237,20250527,20250603,20250603,12,20,36,33.12,1192.32,Recue,0,0
703,ACH-70237,20250527,20250603,20250603,12,20,96,33.12,3179.52,Recue,0,0
704,ACH-70238,20250611,20250618,20250622,12,15,120,325.38,39045.6,Recue,0,4
705,ACH-70238,20250611,20250618,20250622,12,7,96,57.14,5485.44,Recue,0,4
706,ACH-70238,20250611,20250618,20250622,12,7,36,57.14,2057.04,Recue,0,4
707,ACH-70238,20250611,20250618,20250622,12,2,120,298.72,35846.4,Recue,0,4
708,ACH-70239,20250630,20250707,20250707,12,20,240,33.12,7948.8,Recue,0,0
709,ACH-70240,20250720,20250727,20250801,12,14,12,27.18,326.16,Recue,0,5
710,ACH-70240,20250720,20250727,20250801,12,12,36,69.62,2506.32,Recue,0,5
711,ACH-70240,20250720,20250727,20250801,12,15,240,325.38,78091.2,Recue,0,5
712,ACH-70240,20250720,20250727,20250801,12,7,24,57.14,1371.36,Recue,0,5
713,ACH-70240,20250720,20250727,20250801,12,20,96,33.12,3179.52,Recue,0,5
714,ACH-70241,20250809,20250816,20250816,12,2,36,298.72,10753.92,Recue,0,0
715,ACH-70241,20250809,20250816,20250816,12,15,36,325.38,11713.68,Recue,0,0
716,ACH-70241,20250809,20250816,20250816,12,20,12,33.12,397.44,Recue,0,0
717,ACH-70242,20250822,20250829,20250831,12,18,12,247.17,2966.04,Recue,0,2
718,ACH-70242,20250822,20250829,20250831,12,12,60,69.62,4177.2,Recue,0,2
719,ACH-70242,20250822,20250829,20250831,12,7,12,57.14,685.68,Recue,0,2
720,ACH-70242,20250822,20250829,20250831,12,18,96,247.17,23728.32,Recue,0,2
721,ACH-70243,20250903,20250910,20250910,12,20,24,33.12,794.88,Recue,0,0
722,ACH-70243,20250903,20250910,20250910,12,5,120,208.35,25002.0,Recue,0,0
723,ACH-70243,20250903,20250910,20250910,12,7,36,57.14,2057.04,Recue,0,0
724,ACH-70243,20250903,20250910,20250910,12,20,48,33.12,1589.76,Recue,0,0
725,ACH-70244,20250923,20250930,20250930,12,18,48,247.17,11864.16,Recue,0,0
726,ACH-70244,20250923,20250930,20250930,12,2,120,298.72,35846.4,Recue,0,0
727,ACH-70244,20250923,20250930,20250930,12,15,120,325.38,39045.6,Recue,0,0
728,ACH-70244,20250923,20250930,20250930,12,7,24,57.14,1371.36,Recue,0,0
729,ACH-70245,20251010,20251017,20251017,12,12,12,69.62,835.44,Recue,0,0
730,ACH-70245,20251010,20251017,20251017,12,15,240,325.38,78091.2,Recue,0,0
731,ACH-70246,20251030,20251106,20251106,12,5,48,208.35,10000.8,Recue,0,0
732,ACH-70247,20251110,20251117,20251117,12,20,48,33.12,1589.76,Recue,0,0
733,ACH-70248,20251119,20251126,20251126,12,2,24,298.72,7169.28,Recue,0,0
734,ACH-70249,20251205,20251212,20251212,12,15,36,325.38,11713.68,Recue,0,0
735,ACH-70249,20251205,20251212,20251212,12,18,12,247.17,2966.04,Recue,0,0
736,ACH-70249,20251205,20251212,20251212,12,20,120,33.12,3974.4,Recue,0,0
737,ACH-70249,20251205,20251212,20251212,12,5,60,208.35,12501.0,Recue,0,0
738,ACH-70249,20251205,20251212,20251212,12,2,24,298.72,7169.28,Recue,0,0
739,ACH-70250,20251220,20251227,,12,14,60,27.18,1630.8,En transit,0,
740,ACH-70250,20251220,20251227,,12,7,24,57.14,1371.36,En transit,0,
741,ACH-70251,20240107,20240114,20240208,13,126,60,130.29,7817.4,Recue,0,25
742,ACH-70251,20240107,20240114,20240208,13,126,240,130.29,31269.6,Recue,0,25
743,ACH-70251,20240107,20240114,20240208,13,121,96,43.73,4198.08,Recue,0,25
744,ACH-70251,20240107,20240114,20240208,13,112,96,65.64,6301.44,Recue,0,25
745,ACH-70251,20240107,20240114,20240208,13,126,12,130.29,1563.48,Recue,0,25
746,ACH-70252,20240124,20240131,20240131,13,114,60,149.59,8975.4,Recue,0,0
747,ACH-70252,20240124,20240131,20240131,13,114,36,149.59,5385.24,Recue,0,0
748,ACH-70253,20240204,20240211,20240211,13,126,36,130.29,4690.44,Recue,0,0
749,ACH-70253,20240204,20240211,20240211,13,121,48,43.73,2099.04,Recue,0,0
750,ACH-70253,20240204,20240211,20240211,13,112,24,65.64,1575.36,Recue,0,0
751,ACH-70253,20240204,20240211,20240211,13,111,36,145.84,5250.24,Recue,0,0
752,ACH-70253,20240204,20240211,20240211,13,121,60,43.73,2623.8,Recue,0,0
753,ACH-70254,20240224,20240302,20240305,13,126,12,130.29,1563.48,Recue,0,3
754,ACH-70254,20240224,20240302,20240305,13,121,96,43.73,4198.08,Recue,0,3
755,ACH-70255,20240314,20240321,20240322,13,108,24,166.46,3995.04,Recue,0,1
756,ACH-70255,20240314,20240321,20240322,13,112,96,65.64,6301.44,Recue,0,1
757,ACH-70256,20240330,20240406,20240409,13,112,240,65.64,15753.6,Recue,0,3
758,ACH-70257,20240414,20240421,20240421,13,126,36,130.29,4690.44,Recue,0,0
759,ACH-70257,20240414,20240421,20240421,13,121,240,43.73,10495.2,Recue,0,0
760,ACH-70257,20240414,20240421,20240421,13,111,96,145.84,14000.64,Recue,0,0
761,ACH-70258,20240501,20240508,20240508,13,112,36,65.64,2363.04,Recue,0,0
762,ACH-70258,20240501,20240508,20240508,13,108,12,166.46,1997.52,Recue,0,0
763,ACH-70258,20240501,20240508,20240508,13,126,12,130.29,1563.48,Recue,0,0
764,ACH-70259,20240518,20240525,20240525,13,126,12,130.29,1563.48,Recue,0,0
765,ACH-70259,20240518,20240525,20240525,13,108,60,166.46,9987.6,Recue,0,0
766,ACH-70259,20240518,20240525,20240525,13,114,36,149.59,5385.24,Recue,0,0
767,ACH-70260,20240601,20240608,20240608,13,114,12,149.59,1795.08,Recue,0,0
768,ACH-70260,20240601,20240608,20240608,13,114,60,149.59,8975.4,Recue,0,0
769,ACH-70260,20240601,20240608,20240608,13,111,60,145.84,8750.4,Recue,0,0
770,ACH-70260,20240601,20240608,20240608,13,114,60,149.59,8975.4,Recue,0,0
771,ACH-70260,20240601,20240608,20240608,13,121,240,43.73,10495.2,Recue,0,0
772,ACH-70261,20240620,20240627,20240627,13,108,36,166.46,5992.56,Recue,0,0
773,ACH-70261,20240620,20240627,20240627,13,111,240,145.84,35001.6,Recue,0,0
774,ACH-70261,20240620,20240627,20240627,13,121,120,43.73,5247.6,Recue,0,0
775,ACH-70261,20240620,20240627,20240627,13,112,24,65.64,1575.36,Recue,0,0
776,ACH-70261,20240620,20240627,20240627,13,126,12,130.29,1563.48,Recue,0,0
777,ACH-70262,20240702,20240709,20240709,13,108,24,166.46,3995.04,Recue,0,0
778,ACH-70262,20240702,20240709,20240709,13,108,120,166.46,19975.2,Recue,0,0
779,ACH-70262,20240702,20240709,20240709,13,121,120,43.73,5247.6,Recue,0,0
780,ACH-70262,20240702,20240709,20240709,13,121,120,43.73,5247.6,Recue,0,0
781,ACH-70262,20240702,20240709,20240709,13,112,36,65.64,2363.04,Recue,0,0
782,ACH-70263,20240722,20240729,20240729,13,121,24,43.73,1049.52,Recue,0,0
783,ACH-70263,20240722,20240729,20240729,13,108,24,166.46,3995.04,Recue,0,0
784,ACH-70263,20240722,20240729,20240729,13,111,36,145.84,5250.24,Recue,0,0
785,ACH-70264,20240804,20240811,20240811,13,111,240,145.84,35001.6,Recue,0,0
786,ACH-70264,20240804,20240811,20240811,13,126,240,130.29,31269.6,Recue,0,0
787,ACH-70264,20240804,20240811,20240811,13,114,36,149.59,5385.24,Recue,0,0
788,ACH-70265,20240814,20240821,20240821,13,112,60,65.64,3938.4,Recue,0,0
789,ACH-70266,20240901,20240908,20240908,13,126,24,130.29,3126.96,Recue,0,0
790,ACH-70266,20240901,20240908,20240908,13,108,240,166.46,39950.4,Recue,0,0
791,ACH-70266,20240901,20240908,20240908,13,112,36,65.64,2363.04,Recue,0,0
792,ACH-70266,20240901,20240908,20240908,13,112,48,65.64,3150.72,Recue,0,0
793,ACH-70267,20240915,20240922,20240929,13,111,12,145.84,1750.08,Recue,0,7
794,ACH-70267,20240915,20240922,20240929,13,121,60,43.73,2623.8,Recue,0,7
795,ACH-70267,20240915,20240922,20240929,13,121,36,43.73,1574.28,Recue,0,7
796,ACH-70267,20240915,20240922,20240929,13,112,240,65.64,15753.6,Recue,0,7
797,ACH-70267,20240915,20240922,20240929,13,126,96,130.29,12507.84,Recue,0,7
798,ACH-70268,20241003,20241010,20241010,13,126,36,130.29,4690.44,Recue,0,0
799,ACH-70269,20241019,20241026,20241028,13,108,48,166.46,7990.08,Recue,0,2
800,ACH-70269,20241019,20241026,20241028,13,111,12,145.84,1750.08,Recue,0,2
801,ACH-70269,20241019,20241026,20241028,13,111,120,145.84,17500.8,Recue,0,2
802,ACH-70270,20241104,20241111,20241115,13,108,48,166.46,7990.08,Recue,0,4
803,ACH-70270,20241104,20241111,20241115,13,121,96,43.73,4198.08,Recue,0,4
804,ACH-70270,20241104,20241111,20241115,13,111,96,145.84,14000.64,Recue,0,4
805,ACH-70271,20241118,20241125,20241125,13,126,-6,130.29,-781.74,Recue,1,0
806,ACH-70272,20241201,20241208,20241208,13,126,-24,130.29,-3126.96,Recue,1,0
807,ACH-70273,20241218,20241225,20241225,13,112,96,65.64,6301.44,Recue,0,0
808,ACH-70273,20241218,20241225,20241225,13,108,12,166.46,1997.52,Recue,0,0
809,ACH-70273,20241218,20241225,20241225,13,121,48,43.73,2099.04,Recue,0,0
810,ACH-70274,20241227,20250103,20250103,13,126,120,130.29,15634.8,Recue,0,0
811,ACH-70274,20241227,20250103,20250103,13,111,120,145.84,17500.8,Recue,0,0
812,ACH-70274,20241227,20250103,20250103,13,108,24,166.46,3995.04,Recue,0,0
813,ACH-70274,20241227,20250103,20250103,13,108,96,166.46,15980.16,Recue,0,0
814,ACH-70275,20250113,20250120,20250120,13,108,48,169.96,8158.08,Recue,0,0
815,ACH-70276,20250127,20250203,20250203,13,121,48,44.65,2143.2,Recue,0,0
816,ACH-70276,20250127,20250203,20250203,13,121,36,44.65,1607.4,Recue,0,0
817,ACH-70276,20250127,20250203,20250203,13,108,120,169.96,20395.2,Recue,0,0
818,ACH-70277,20250208,20250215,20250215,13,112,48,67.02,3216.96,Recue,0,0
819,ACH-70277,20250208,20250215,20250215,13,112,240,67.02,16084.8,Recue,0,0
820,ACH-70277,20250208,20250215,20250215,13,114,12,152.73,1832.76,Recue,0,0
821,ACH-70278,20250227,20250306,20250306,13,114,120,152.73,18327.6,Recue,0,0
822,ACH-70278,20250227,20250306,20250306,13,112,120,67.02,8042.4,Recue,0,0
823,ACH-70278,20250227,20250306,20250306,13,126,12,133.03,1596.36,Recue,0,0
824,ACH-70278,20250227,20250306,20250306,13,108,36,169.96,6118.56,Recue,0,0
825,ACH-70279,20250318,20250325,20250325,13,108,48,169.96,8158.08,Recue,0,0
826,ACH-70279,20250318,20250325,20250325,13,108,240,169.96,40790.4,Recue,0,0
827,ACH-70279,20250318,20250325,20250325,13,121,-6,44.65,-267.9,Recue,1,0
828,ACH-70279,20250318,20250325,20250325,13,126,36,133.03,4789.08,Recue,0,0
829,ACH-70279,20250318,20250325,20250325,13,108,48,169.96,8158.08,Recue,0,0
830,ACH-70280,20250328,20250404,20250404,13,121,96,44.65,4286.4,Recue,0,0
831,ACH-70280,20250328,20250404,20250404,13,126,60,133.03,7981.8,Recue,0,0
832,ACH-70281,20250409,20250416,20250416,13,108,120,169.96,20395.2,Recue,0,0
833,ACH-70281,20250409,20250416,20250416,13,114,60,152.73,9163.8,Recue,0,0
834,ACH-70282,20250428,20250505,20250514,13,108,48,169.96,8158.08,Recue,0,9
835,ACH-70282,20250428,20250505,20250514,13,112,24,67.02,1608.48,Recue,0,9
836,ACH-70283,20250507,20250514,20250514,13,108,12,169.96,2039.52,Recue,0,0
837,ACH-70283,20250507,20250514,20250514,13,111,12,148.9,1786.8,Recue,0,0
838,ACH-70283,20250507,20250514,20250514,13,108,48,169.96,8158.08,Recue,0,0
839,ACH-70284,20250525,20250601,20250601,13,121,60,44.65,2679.0,Recue,0,0
840,ACH-70284,20250525,20250601,20250601,13,126,12,133.03,1596.36,Recue,0,0
841,ACH-70284,20250525,20250601,20250601,13,121,240,44.65,10716.0,Recue,0,0
842,ACH-70284,20250525,20250601,20250601,13,111,12,148.9,1786.8,Recue,0,0
843,ACH-70285,20250608,20250615,20250618,13,108,60,169.96,10197.6,Recue,0,3
844,ACH-70285,20250608,20250615,20250618,13,111,240,148.9,35736.0,Recue,0,3
845,ACH-70285,20250608,20250615,20250618,13,108,36,169.96,6118.56,Recue,0,3
846,ACH-70285,20250608,20250615,20250618,13,112,120,67.02,8042.4,Recue,0,3
847,ACH-70286,20250619,20250626,20250626,13,111,240,148.9,35736.0,Recue,0,0
848,ACH-70286,20250619,20250626,20250626,13,126,48,133.03,6385.44,Recue,0,0
849,ACH-70286,20250619,20250626,20250626,13,108,12,169.96,2039.52,Recue,0,0
850,ACH-70286,20250619,20250626,20250626,13,126,60,133.03,7981.8,Recue,0,0
851,ACH-70287,20250701,20250708,20250708,13,121,60,44.65,2679.0,Recue,0,0
852,ACH-70287,20250701,20250708,20250708,13,108,48,169.96,8158.08,Recue,0,0
853,ACH-70287,20250701,20250708,20250708,13,126,120,133.03,15963.6,Recue,0,0
854,ACH-70287,20250701,20250708,20250708,13,121,96,44.65,4286.4,Recue,0,0
855,ACH-70287,20250701,20250708,20250708,13,111,96,148.9,14294.4,Recue,0,0
856,ACH-70288,20250714,20250721,20250721,13,111,240,148.9,35736.0,Recue,0,0
857,ACH-70288,20250714,20250721,20250721,13,108,240,169.96,40790.4,Recue,0,0
858,ACH-70289,20250802,20250809,20250809,13,112,48,67.02,3216.96,Recue,0,0
859,ACH-70289,20250802,20250809,20250809,13,112,24,67.02,1608.48,Recue,0,0
860,ACH-70290,20250817,20250824,20250826,13,114,120,152.73,18327.6,Recue,0,2
861,ACH-70290,20250817,20250824,20250826,13,121,96,44.65,4286.4,Recue,0,2
862,ACH-70290,20250817,20250824,20250826,13,108,36,169.96,6118.56,Recue,0,2
863,ACH-70290,20250817,20250824,20250826,13,112,48,67.02,3216.96,Recue,0,2
864,ACH-70291,20250827,20250903,20250903,13,126,36,133.03,4789.08,Recue,0,0
865,ACH-70291,20250827,20250903,20250903,13,121,96,44.65,4286.4,Recue,0,0
866,ACH-70291,20250827,20250903,20250903,13,111,60,148.9,8934.0,Recue,0,0
867,ACH-70292,20250908,20250915,20250915,13,114,12,152.73,1832.76,Recue,0,0
868,ACH-70292,20250908,20250915,20250915,13,114,48,152.73,7331.04,Recue,0,0
869,ACH-70293,20250918,20250925,20250925,13,121,96,44.65,4286.4,Recue,0,0
870,ACH-70293,20250918,20250925,20250925,13,121,24,44.65,1071.6,Recue,0,0
871,ACH-70293,20250918,20250925,20250925,13,126,96,133.03,12770.88,Recue,0,0
872,ACH-70293,20250918,20250925,20250925,13,111,12,148.9,1786.8,Recue,0,0
873,ACH-70294,20251004,20251011,20251011,13,126,36,133.03,4789.08,Recue,0,0
874,ACH-70294,20251004,20251011,20251011,13,111,240,148.9,35736.0,Recue,0,0
875,ACH-70294,20251004,20251011,20251011,13,126,120,133.03,15963.6,Recue,0,0
876,ACH-70294,20251004,20251011,20251011,13,121,24,44.65,1071.6,Recue,0,0
877,ACH-70294,20251004,20251011,20251011,13,114,48,152.73,7331.04,Recue,0,0
878,ACH-70295,20251020,20251027,20251027,13,108,120,169.96,20395.2,Recue,0,0
879,ACH-70295,20251020,20251027,20251027,13,126,60,133.03,7981.8,Recue,0,0
880,ACH-70295,20251020,20251027,20251027,13,111,48,148.9,7147.2,Recue,0,0
881,ACH-70296,20251102,20251109,20251109,13,112,240,67.02,16084.8,Recue,0,0
882,ACH-70296,20251102,20251109,20251109,13,112,96,67.02,6433.92,Recue,0,0
883,ACH-70297,20251114,20251121,20251121,13,114,240,152.73,36655.2,Recue,0,0
884,ACH-70297,20251114,20251121,20251121,13,121,48,44.65,2143.2,Recue,0,0
885,ACH-70297,20251114,20251121,20251121,13,111,12,148.9,1786.8,Recue,0,0
886,ACH-70298,20251203,20251210,20251210,13,111,120,148.9,17868.0,Recue,0,0
887,ACH-70298,20251203,20251210,20251210,13,126,12,133.03,1596.36,Recue,0,0
888,ACH-70299,20251222,20251229,20251229,13,126,36,133.03,4789.08,Recue,0,0
889,ACH-70300,20240101,20240115,20240115,14,127,48,170.72,8194.56,Recue,0,0
890,ACH-70301,20240110,20240124,20240124,14,38,120,313.36,37603.2,Recue,0,0
891,ACH-70301,20240110,20240124,20240124,14,129,96,45.49,4367.04,Recue,0,0
892,ACH-70301,20240110,20240124,20240124,14,160,60,40.71,2442.6,Recue,0,0
893,ACH-70301,20240110,20240124,20240124,14,160,36,40.71,1465.56,Recue,0,0
894,ACH-70302,20240125,20240208,20240208,14,129,96,45.49,4367.04,Recue,0,0
895,ACH-70302,20240125,20240208,20240208,14,139,120,198.93,23871.6,Recue,0,0
896,ACH-70303,20240207,20240221,20240221,14,138,96,86.38,8292.48,Recue,0,0
897,ACH-70303,20240207,20240221,20240221,14,138,24,86.38,2073.12,Recue,0,0
898,ACH-70303,20240207,20240221,20240221,14,49,96,30.58,2935.68,Recue,0,0
899,ACH-70303,20240207,20240221,20240221,14,182,12,56.87,682.44,Recue,0,0
900,ACH-70303,20240207,20240221,20240221,14,172,36,216.67,7800.12,Recue,0,0
901,ACH-70304,20240220,20240305,20240305,14,172,96,216.67,20800.32,Recue,0,0
902,ACH-70304,20240220,20240305,20240305,14,139,120,198.93,23871.6,Recue,0,0
903,ACH-70304,20240220,20240305,20240305,14,182,96,56.87,5459.52,Recue,0,0
904,ACH-70305,20240309,20240323,20240323,14,38,60,313.36,18801.6,Recue,0,0
905,ACH-70305,20240309,20240323,20240323,14,169,12,276.47,3317.64,Recue,0,0
906,ACH-70305,20240309,20240323,20240323,14,139,60,198.93,11935.8,Recue,0,0
907,ACH-70306,20240329,20240412,20240412,14,181,12,305.97,3671.64,Recue,0,0
908,ACH-70306,20240329,20240412,20240412,14,38,12,313.36,3760.32,Recue,0,0
909,ACH-70306,20240329,20240412,20240412,14,39,24,119.66,2871.84,Recue,0,0
910,ACH-70307,20240412,20240426,20240426,14,37,96,16.31,1565.76,Recue,0,0
911,ACH-70307,20240412,20240426,20240426,14,160,36,40.71,1465.56,Recue,0,0
912,ACH-70307,20240412,20240426,20240426,14,178,24,116.97,2807.28,Recue,0,0
913,ACH-70307,20240412,20240426,20240426,14,182,36,56.87,2047.32,Recue,0,0
914,ACH-70307,20240412,20240426,20240426,14,155,24,322.38,7737.12,Recue,0,0
915,ACH-70308,20240426,20240510,20240510,14,41,36,159.88,5755.68,Recue,0,0
916,ACH-70308,20240426,20240510,20240510,14,49,36,30.58,1100.88,Recue,0,0
917,ACH-70308,20240426,20240510,20240510,14,175,60,94.86,5691.6,Recue,0,0
918,ACH-70308,20240426,20240510,20240510,14,39,96,119.66,11487.36,Recue,0,0
919,ACH-70309,20240515,20240529,20240529,14,45,120,76.76,9211.2,Recue,0,0
920,ACH-70310,20240526,20240609,20240609,14,41,240,159.88,38371.2,Recue,0,0
921,ACH-70310,20240526,20240609,20240609,14,139,96,198.93,19097.28,Recue,0,0
922,ACH-70310,20240526,20240609,20240609,14,39,120,119.66,14359.2,Recue,0,0
923,ACH-70310,20240526,20240609,20240609,14,138,60,86.38,5182.8,Recue,0,0
924,ACH-70310,20240526,20240609,20240609,14,63,120,242.15,29058.0,Recue,0,0
925,ACH-70311,20240614,20240628,20240628,14,39,48,119.66,5743.68,Recue,0,0
926,ACH-70311,20240614,20240628,20240628,14,139,36,198.93,7161.48,Recue,0,0
927,ACH-70311,20240614,20240628,20240628,14,155,96,322.38,30948.48,Recue,0,0
928,ACH-70311,20240614,20240628,20240628,14,160,12,40.71,488.52,Recue,0,0
929,ACH-70312,20240624,20240708,20240714,14,161,60,62.84,3770.4,Recue,0,6
930,ACH-70312,20240624,20240708,20240714,14,182,96,56.87,5459.52,Recue,0,6
931,ACH-70312,20240624,20240708,20240714,14,155,12,322.38,3868.56,Recue,0,6
932,ACH-70313,20240709,20240723,20240723,14,130,60,317.23,19033.8,Recue,0,0
933,ACH-70314,20240722,20240805,20240811,14,49,12,30.58,366.96,Recue,0,6
934,ACH-70314,20240722,20240805,20240811,14,171,60,83.7,5022.0,Recue,0,6
935,ACH-70315,20240809,20240823,20240823,14,138,96,86.38,8292.48,Recue,0,0
936,ACH-70315,20240809,20240823,20240823,14,181,36,305.97,11014.92,Recue,0,0
937,ACH-70315,20240809,20240823,20240823,14,155,24,322.38,7737.12,Recue,0,0
938,ACH-70315,20240809,20240823,20240823,14,178,-6,116.97,-701.82,Recue,1,0
939,ACH-70315,20240809,20240823,20240823,14,49,36,30.58,1100.88,Recue,0,0
940,ACH-70316,20240820,20240903,20240903,14,38,120,313.36,37603.2,Recue,0,0
941,ACH-70316,20240820,20240903,20240903,14,127,12,170.72,2048.64,Recue,0,0
942,ACH-70316,20240820,20240903,20240903,14,139,120,198.93,23871.6,Recue,0,0
943,ACH-70316,20240820,20240903,20240903,14,169,24,276.47,6635.28,Recue,0,0
944,ACH-70317,20240907,20240921,20240923,14,181,96,305.97,29373.12,Recue,0,2
945,ACH-70317,20240907,20240921,20240923,14,175,12,94.86,1138.32,Recue,0,2
946,ACH-70317,20240907,20240921,20240923,14,129,48,45.49,2183.52,Recue,0,2
947,ACH-70317,20240907,20240921,20240923,14,182,48,56.87,2729.76,Recue,0,2
948,ACH-70318,20240923,20241007,20241007,14,139,12,198.93,2387.16,Recue,0,0
949,ACH-70318,20240923,20241007,20241007,14,159,12,166.16,1993.92,Recue,0,0
950,ACH-70319,20241003,20241017,20241017,14,178,36,116.97,4210.92,Recue,0,0
951,ACH-70319,20241003,20241017,20241017,14,39,12,119.66,1435.92,Recue,0,0
952,ACH-70320,20241021,20241104,20241104,14,49,60,30.58,1834.8,Recue,0,0
953,ACH-70320,20241021,20241104,20241104,14,172,48,216.67,10400.16,Recue,0,0
954,ACH-70320,20241021,20241104,20241104,14,127,36,170.72,6145.92,Recue,0,0
955,ACH-70320,20241021,20241104,20241104,14,129,60,45.49,2729.4,Recue,0,0
956,ACH-70321,20241101,20241115,20241117,14,37,12,16.31,195.72,Recue,0,2
957,ACH-70322,20241110,20241124,20241124,14,159,12,166.16,1993.92,Recue,0,0
958,ACH-70322,20241110,20241124,20241124,14,172,36,216.67,7800.12,Recue,0,0
959,ACH-70322,20241110,20241124,20241124,14,39,60,119.66,7179.6,Recue,0,0
960,ACH-70323,20241128,20241212,20241212,14,39,36,119.66,4307.76,Recue,0,0
961,ACH-70323,20241128,20241212,20241212,14,37,60,16.31,978.6,Recue,0,0
962,ACH-70324,20241217,20241231,20250107,14,49,12,30.58,366.96,Recue,0,7
963,ACH-70324,20241217,20241231,20250107,14,171,36,83.7,3013.2,Recue,0,7
964,ACH-70324,20241217,20241231,20250107,14,161,12,62.84,754.08,Recue,0,7
965,ACH-70324,20241217,20241231,20250107,14,138,120,86.38,10365.6,Recue,0,7
966,ACH-70325,20241226,20250109,20250114,14,63,60,242.15,14529.0,Recue,0,5
967,ACH-70325,20241226,20250109,20250114,14,139,96,198.93,19097.28,Recue,0,5
968,ACH-70325,20241226,20250109,20250114,14,171,36,83.7,3013.2,Recue,0,5
969,ACH-70326,20250108,20250122,20250122,14,37,96,16.65,1598.4,Recue,0,0
970,ACH-70327,20250120,20250203,20250203,14,172,240,221.22,53092.8,Recue,0,0
971,ACH-70327,20250120,20250203,20250203,14,37,48,16.65,799.2,Recue,0,0
972,ACH-70327,20250120,20250203,20250203,14,38,120,319.94,38392.8,Recue,0,0
973,ACH-70327,20250120,20250203,20250203,14,129,240,46.45,11148.0,Recue,0,0
974,ACH-70328,20250204,20250218,20250218,14,175,96,96.85,9297.6,Recue,0,0
975,ACH-70328,20250204,20250218,20250218,14,63,240,247.24,59337.6,Recue,0,0
976,ACH-70328,20250204,20250218,20250218,14,138,36,88.19,3174.84,Recue,0,0
977,ACH-70328,20250204,20250218,20250218,14,171,12,85.46,1025.52,Recue,0,0
978,ACH-70329,20250217,20250303,20250303,14,139,120,203.11,24373.2,Recue,0,0
979,ACH-70329,20250217,20250303,20250303,14,175,96,96.85,9297.6,Recue,0,0
980,ACH-70330,20250303,20250317,20250317,14,178,24,119.43,2866.32,Recue,0,0
981,ACH-70330,20250303,20250317,20250317,14,138,12,88.19,1058.28,Recue,0,0
982,ACH-70330,20250303,20250317,20250317,14,37,24,16.65,399.6,Recue,0,0
983,ACH-70331,20250316,20250330,20250330,14,161,36,64.16,2309.76,Recue,0,0
984,ACH-70331,20250316,20250330,20250330,14,53,36,180.55,6499.8,Recue,0,0
985,ACH-70332,20250325,20250408,20250408,14,171,120,85.46,10255.2,Recue,0,0
986,ACH-70332,20250325,20250408,20250408,14,39,60,122.17,7330.2,Recue,0,0
987,ACH-70332,20250325,20250408,20250408,14,182,240,58.06,13934.4,Recue,0,0
988,ACH-70332,20250325,20250408,20250408,14,39,120,122.17,14660.4,Recue,0,0
989,ACH-70332,20250325,20250408,20250408,14,169,240,282.28,67747.2,Recue,0,0
990,ACH-70333,20250409,20250423,20250423,14,175,60,96.85,5811.0,Recue,0,0
991,ACH-70333,20250409,20250423,20250423,14,63,120,247.24,29668.8,Recue,0,0
992,ACH-70333,20250409,20250423,20250423,14,38,24,319.94,7678.56,Recue,0,0
993,ACH-70333,20250409,20250423,20250423,14,129,240,46.45,11148.0,Recue,0,0
994,ACH-70333,20250409,20250423,20250423,14,182,36,58.06,2090.16,Recue,0,0
995,ACH-70334,20250426,20250510,20250510,14,38,96,319.94,30714.24,Recue,0,0
996,ACH-70335,20250511,20250525,20250525,14,160,48,41.56,1994.88,Recue,0,0
997,ACH-70335,20250511,20250525,20250525,14,53,96,180.55,17332.8,Recue,0,0
998,ACH-70336,20250521,20250604,20250609,14,181,36,312.4,11246.4,Recue,0,5
999,ACH-70336,20250521,20250604,20250609,14,159,12,169.65,2035.8,Recue,0,5
1000,ACH-70336,20250521,20250604,20250609,14,181,60,312.4,18744.0,Recue,0,5
1001,ACH-70336,20250521,20250604,20250609,14,37,60,16.65,999.0,Recue,0,5
1002,ACH-70337,20250531,20250614,20250614,14,38,-12,319.94,-3839.28,Recue,1,0
1003,ACH-70337,20250531,20250614,20250614,14,127,120,174.31,20917.2,Recue,0,0
1004,ACH-70337,20250531,20250614,20250614,14,171,24,85.46,2051.04,Recue,0,0
1005,ACH-70338,20250612,20250626,20250626,14,181,48,312.4,14995.2,Recue,0,0
1006,ACH-70339,20250628,20250712,20250718,14,37,240,16.65,3996.0,Recue,0,6
1007,ACH-70340,20250707,20250721,20250807,14,129,120,46.45,5574.0,Recue,0,17
1008,ACH-70340,20250707,20250721,20250807,14,130,24,323.89,7773.36,Recue,0,17
1009,ACH-70340,20250707,20250721,20250807,14,53,12,180.55,2166.6,Recue,0,17
1010,ACH-70341,20250725,20250808,20250808,14,63,120,247.24,29668.8,Recue,0,0
1011,ACH-70341,20250725,20250808,20250808,14,182,120,58.06,6967.2,Recue,0,0
1012,ACH-70341,20250725,20250808,20250808,14,49,-15,31.22,-468.3,Recue,1,0
1013,ACH-70342,20250812,20250826,20250826,14,171,120,85.46,10255.2,Recue,0,0
1014,ACH-70342,20250812,20250826,20250826,14,127,96,174.31,16733.76,Recue,0,0
1015,ACH-70343,20250824,20250907,20250907,14,37,36,16.65,599.4,Recue,0,0
1016,ACH-70343,20250824,20250907,20250907,14,130,36,323.89,11660.04,Recue,0,0
1017,ACH-70343,20250824,20250907,20250907,14,38,24,319.94,7678.56,Recue,0,0
1018,ACH-70344,20250907,20250921,20250926,14,53,24,180.55,4333.2,Recue,0,5
1019,ACH-70345,20250919,20251003,20251006,14,172,24,221.22,5309.28,Recue,0,3
1020,ACH-70345,20250919,20251003,20251006,14,39,120,122.17,14660.4,Recue,0,3
1021,ACH-70346,20251008,20251022,20251022,14,171,240,85.46,20510.4,Recue,0,0
1022,ACH-70347,20251023,20251106,20251106,14,182,24,58.06,1393.44,Recue,0,0
1023,ACH-70347,20251023,20251106,20251106,14,45,240,78.37,18808.8,Recue,0,0
1024,ACH-70348,20251101,20251115,20251115,14,139,240,203.11,48746.4,Recue,0,0
1025,ACH-70349,20251118,20251202,20251202,14,181,60,312.4,18744.0,Recue,0,0
1026,ACH-70350,20251206,20251220,20251220,14,45,96,78.37,7523.52,Recue,0,0
1027,ACH-70350,20251206,20251220,20251220,14,129,96,46.45,4459.2,Recue,0,0
1028,ACH-70350,20251206,20251220,20251220,14,178,48,119.43,5732.64,Recue,0,0
1029,ACH-70350,20251206,20251220,20251220,14,178,120,119.43,14331.6,Recue,0,0
1030,ACH-70351,20251220,20260103,,14,172,240,221.22,53092.8,En transit,0,
1031,ACH-70351,20251220,20260103,,14,171,36,85.46,3076.56,En transit,0,
1032,ACH-70351,20251220,20260103,,14,53,48,180.55,8666.4,En transit,0,
1033,ACH-70351,20251220,20260103,,14,182,60,58.06,3483.6,En transit,0,
1034,ACH-70352,20251230,20260113,,14,181,12,312.4,3748.8,En transit,0,
1035,ACH-70352,20251230,20260113,,14,138,120,88.19,10582.8,En transit,0,
1036,ACH-70353,20240120,20240305,20240305,15,28,240,140.77,33784.8,Recue,0,0
1037,ACH-70353,20240120,20240305,20240305,15,152,24,265.82,6379.68,Recue,0,0
1038,ACH-70353,20240120,20240305,20240305,15,153,36,113.61,4089.96,Recue,0,0
1039,ACH-70354,20240201,20240317,20240317,15,136,120,110.14,13216.8,Recue,0,0
1040,ACH-70354,20240201,20240317,20240317,15,149,24,108.85,2612.4,Recue,0,0
1041,ACH-70354,20240201,20240317,20240317,15,131,120,36.32,4358.4,Recue,0,0
1042,ACH-70354,20240201,20240317,20240317,15,141,240,307.78,73867.2,Recue,0,0
1043,ACH-70355,20240213,20240329,20240329,15,141,96,307.78,29546.88,Recue,0,0
1044,ACH-70355,20240213,20240329,20240329,15,143,60,215.92,12955.2,Recue,0,0
1045,ACH-70355,20240213,20240329,20240329,15,150,48,339.92,16316.16,Recue,0,0
1046,ACH-70355,20240213,20240329,20240329,15,153,12,113.61,1363.32,Recue,0,0
1047,ACH-70356,20240303,20240417,20240417,15,148,24,296.06,7105.44,Recue,0,0
1048,ACH-70356,20240303,20240417,20240417,15,142,-60,98.85,-5931.0,Recue,1,0
1049,ACH-70356,20240303,20240417,20240417,15,141,96,307.78,29546.88,Recue,0,0
1050,ACH-70356,20240303,20240417,20240417,15,141,12,307.78,3693.36,Recue,0,0
1051,ACH-70357,20240323,20240507,20240507,15,133,48,61.66,2959.68,Recue,0,0
1052,ACH-70357,20240323,20240507,20240507,15,131,240,36.32,8716.8,Recue,0,0
1053,ACH-70357,20240323,20240507,20240507,15,150,240,339.92,81580.8,Recue,0,0
1054,ACH-70357,20240323,20240507,20240507,15,10,12,87.08,1044.96,Recue,0,0
1055,ACH-70358,20240406,20240521,20240521,15,154,240,323.13,77551.2,Recue,0,0
1056,ACH-70358,20240406,20240521,20240521,15,141,120,307.78,36933.6,Recue,0,0
1057,ACH-70358,20240406,20240521,20240521,15,136,48,110.14,5286.72,Recue,0,0
1058,ACH-70358,20240406,20240521,20240521,15,17,36,307.26,11061.36,Recue,0,0
1059,ACH-70359,20240421,20240605,20240605,15,149,60,108.85,6531.0,Recue,0,0
1060,ACH-70359,20240421,20240605,20240605,15,148,48,296.06,14210.88,Recue,0,0
1061,ACH-70359,20240421,20240605,20240605,15,142,48,98.85,4744.8,Recue,0,0
1062,ACH-70360,20240505,20240619,20240709,15,150,12,339.92,4079.04,Recue,0,20
1063,ACH-70361,20240524,20240708,20240708,15,141,240,307.78,73867.2,Recue,0,0
1064,ACH-70361,20240524,20240708,20240708,15,17,240,307.26,73742.4,Recue,0,0
1065,ACH-70361,20240524,20240708,20240708,15,148,240,296.06,71054.4,Recue,0,0
1066,ACH-70361,20240524,20240708,20240708,15,149,60,108.85,6531.0,Recue,0,0
1067,ACH-70362,20240609,20240724,20240724,15,136,96,110.14,10573.44,Recue,0,0
1068,ACH-70362,20240609,20240724,20240724,15,152,48,265.82,12759.36,Recue,0,0
1069,ACH-70362,20240609,20240724,20240724,15,153,96,113.61,10906.56,Recue,0,0
1070,ACH-70362,20240609,20240724,20240724,15,148,96,296.06,28421.76,Recue,0,0
1071,ACH-70363,20240629,20240813,20240813,15,148,60,296.06,17763.6,Recue,0,0
1072,ACH-70363,20240629,20240813,20240813,15,148,48,296.06,14210.88,Recue,0,0
1073,ACH-70363,20240629,20240813,20240813,15,17,24,307.26,7374.24,Recue,0,0
1074,ACH-70363,20240629,20240813,20240813,15,136,60,110.14,6608.4,Recue,0,0
1075,ACH-70363,20240629,20240813,20240813,15,152,240,265.82,63796.8,Recue,0,0
1076,ACH-70364,20240717,20240831,20240831,15,133,12,61.66,739.92,Recue,0,0
1077,ACH-70364,20240717,20240831,20240831,15,143,36,215.92,7773.12,Recue,0,0
1078,ACH-70364,20240717,20240831,20240831,15,152,96,265.82,25518.72,Recue,0,0
1079,ACH-70365,20240806,20240920,20240920,15,148,48,296.06,14210.88,Recue,0,0
1080,ACH-70365,20240806,20240920,20240920,15,149,36,108.85,3918.6,Recue,0,0
1081,ACH-70365,20240806,20240920,20240920,15,153,60,113.61,6816.6,Recue,0,0
1082,ACH-70366,20240816,20240930,20240930,15,10,24,87.08,2089.92,Recue,0,0
1083,ACH-70366,20240816,20240930,20240930,15,153,24,113.61,2726.64,Recue,0,0
1084,ACH-70366,20240816,20240930,20240930,15,24,120,185.46,22255.2,Recue,0,0
1085,ACH-70366,20240816,20240930,20240930,15,152,48,265.82,12759.36,Recue,0,0
1086,ACH-70366,20240816,20240930,20240930,15,17,12,307.26,3687.12,Recue,0,0
1087,ACH-70367,20240825,20241009,20241009,15,133,60,61.66,3699.6,Recue,0,0
1088,ACH-70367,20240825,20241009,20241009,15,17,60,307.26,18435.6,Recue,0,0
1089,ACH-70367,20240825,20241009,20241009,15,136,96,110.14,10573.44,Recue,0,0
1090,ACH-70367,20240825,20241009,20241009,15,142,24,98.85,2372.4,Recue,0,0
1091,ACH-70368,20240912,20241027,20241027,15,136,24,110.14,2643.36,Recue,0,0
1092,ACH-70368,20240912,20241027,20241027,15,141,240,307.78,73867.2,Recue,0,0
1093,ACH-70370,20241013,20241127,20241127,15,136,240,110.14,26433.6,Recue,0,0
1094,ACH-70370,20241013,20241127,20241127,15,154,60,323.13,19387.8,Recue,0,0
1095,ACH-70370,20241013,20241127,20241127,15,131,96,36.32,3486.72,Recue,0,0
1096,ACH-70371,20241022,20241206,20241206,15,28,36,140.77,5067.72,Recue,0,0
1097,ACH-70371,20241022,20241206,20241206,15,150,96,339.92,32632.32,Recue,0,0
1098,ACH-70371,20241022,20241206,20241206,15,24,96,185.46,17804.16,Recue,0,0
1099,ACH-70372,20241104,20241219,20241219,15,24,60,185.46,11127.6,Recue,0,0
1100,ACH-70372,20241104,20241219,20241219,15,131,24,36.32,871.68,Recue,0,0
1101,ACH-70372,20241104,20241219,20241219,15,17,24,307.26,7374.24,Recue,0,0
1102,ACH-70372,20241104,20241219,20241219,15,150,36,339.92,12237.12,Recue,0,0
1103,ACH-70372,20241104,20241219,20241219,15,143,120,215.92,25910.4,Recue,0,0
1104,ACH-70373,20241114,20241229,20241229,15,149,48,108.85,5224.8,Recue,0,0
1105,ACH-70374,20241130,20250114,20250114,15,136,36,110.14,3965.04,Recue,0,0
1106,ACH-70374,20241130,20250114,20250114,15,154,96,323.13,31020.48,Recue,0,0
1107,ACH-70375,20241211,20250125,20250125,15,154,120,323.13,38775.6,Recue,0,0
1108,ACH-70375,20241211,20250125,20250125,15,149,36,108.85,3918.6,Recue,0,0
1109,ACH-70376,20241222,20250205,20250207,15,148,120,296.06,35527.2,Recue,0,2
1110,ACH-70376,20241222,20250205,20250207,15,152,60,265.82,15949.2,Recue,0,2
1111,ACH-70377,20250101,20250215,20250215,15,141,36,314.24,11312.64,Recue,0,0
1112,ACH-70377,20250101,20250215,20250215,15,148,48,302.28,14509.44,Recue,0,0
1113,ACH-70377,20250101,20250215,20250215,15,133,60,62.95,3777.0,Recue,0,0
1114,ACH-70377,20250101,20250215,20250215,15,154,48,329.92,15836.16,Recue,0,0
1115,ACH-70377,20250101,20250215,20250215,15,141,60,314.24,18854.4,Recue,0,0
1116,ACH-70378,20250110,20250224,20250224,15,150,36,347.06,12494.16,Recue,0,0
1117,ACH-70378,20250110,20250224,20250224,15,133,120,62.95,7554.0,Recue,0,0
1118,ACH-70378,20250110,20250224,20250224,15,10,36,88.91,3200.76,Recue,0,0
1119,ACH-70378,20250110,20250224,20250224,15,131,24,37.08,889.92,Recue,0,0
1120,ACH-70378,20250110,20250224,20250224,15,153,120,116.0,13920.0,Recue,0,0
1121,ACH-70379,20250123,20250309,20250309,15,149,96,111.14,10669.44,Recue,0,0
1122,ACH-70380,20250209,20250326,20250326,15,9,48,67.67,3248.16,Recue,0,0
1123,ACH-70381,20250220,20250406,20250418,15,143,60,220.45,13227.0,Recue,0,12
1124,ACH-70382,20250301,20250415,20250415,15,143,96,220.45,21163.2,Recue,0,0
1125,ACH-70382,20250301,20250415,20250415,15,136,-24,112.45,-2698.8,Recue,1,0
1126,ACH-70382,20250301,20250415,20250415,15,9,120,67.67,8120.4,Recue,0,0
1127,ACH-70382,20250301,20250415,20250415,15,17,60,313.71,18822.6,Recue,0,0
1128,ACH-70382,20250301,20250415,20250415,15,148,240,302.28,72547.2,Recue,0,0
1129,ACH-70383,20250321,20250505,20250505,15,142,120,100.93,12111.6,Recue,0,0
1130,ACH-70383,20250321,20250505,20250505,15,150,48,347.06,16658.88,Recue,0,0
1131,ACH-70384,20250409,20250524,20250524,15,141,96,314.24,30167.04,Recue,0,0
1132,ACH-70384,20250409,20250524,20250524,15,10,36,88.91,3200.76,Recue,0,0
1133,ACH-70385,20250424,20250608,20250608,15,154,24,329.92,7918.08,Recue,0,0
1134,ACH-70386,20250507,20250621,20250621,15,28,60,143.73,8623.8,Recue,0,0
1135,ACH-70386,20250507,20250621,20250621,15,148,36,302.28,10882.08,Recue,0,0
1136,ACH-70386,20250507,20250621,20250621,15,28,12,143.73,1724.76,Recue,0,0
1137,ACH-70386,20250507,20250621,20250621,15,152,36,271.4,9770.4,Recue,0,0
1138,ACH-70386,20250507,20250621,20250621,15,141,96,314.24,30167.04,Recue,0,0
1139,ACH-70387,20250519,20250703,20250703,15,131,24,37.08,889.92,Recue,0,0
1140,ACH-70388,20250608,20250723,20250723,15,10,240,88.91,21338.4,Recue,0,0
1141,ACH-70388,20250608,20250723,20250723,15,148,96,302.28,29018.88,Recue,0,0
1142,ACH-70389,20250617,20250801,20250801,15,133,24,62.95,1510.8,Recue,0,0
1143,ACH-70389,20250617,20250801,20250801,15,133,120,62.95,7554.0,Recue,0,0
1144,ACH-70389,20250617,20250801,20250801,15,133,36,62.95,2266.2,Recue,0,0
1145,ACH-70389,20250617,20250801,20250801,15,150,120,347.06,41647.2,Recue,0,0
1146,ACH-70389,20250617,20250801,20250801,15,17,96,313.71,30116.16,Recue,0,0
1147,ACH-70390,20250706,20250820,20250820,15,142,120,100.93,12111.6,Recue,0,0
1148,ACH-70390,20250706,20250820,20250820,15,133,12,62.95,755.4,Recue,0,0
1149,ACH-70391,20250726,20250909,20250909,15,131,24,37.08,889.92,Recue,0,0
1150,ACH-70391,20250726,20250909,20250909,15,9,60,67.67,4060.2,Recue,0,0
1151,ACH-70392,20250813,20250927,20250927,15,9,12,67.67,812.04,Recue,0,0
1152,ACH-70392,20250813,20250927,20250927,15,153,60,116.0,6960.0,Recue,0,0
1153,ACH-70392,20250813,20250927,20250927,15,136,24,112.45,2698.8,Recue,0,0
1154,ACH-70393,20250823,20251007,20251007,15,24,12,189.35,2272.2,Recue,0,0
1155,ACH-70393,20250823,20251007,20251007,15,28,60,143.73,8623.8,Recue,0,0
1156,ACH-70394,20250905,20251020,20251020,15,9,24,67.67,1624.08,Recue,0,0
1157,ACH-70394,20250905,20251020,20251020,15,142,120,100.93,12111.6,Recue,0,0
1158,ACH-70394,20250905,20251020,20251020,15,136,36,112.45,4048.2,Recue,0,0
1159,ACH-70394,20250905,20251020,20251020,15,153,36,116.0,4176.0,Recue,0,0
1160,ACH-70395,20250919,20251103,20251103,15,136,36,112.45,4048.2,Recue,0,0
1161,ACH-70395,20250919,20251103,20251103,15,10,12,88.91,1066.92,Recue,0,0
1162,ACH-70395,20250919,20251103,20251103,15,133,48,62.95,3021.6,Recue,0,0
1163,ACH-70395,20250919,20251103,20251103,15,28,12,143.73,1724.76,Recue,0,0
1164,ACH-70395,20250919,20251103,20251103,15,10,60,88.91,5334.6,Recue,0,0
1165,ACH-70396,20251002,20251116,20251121,15,154,120,329.92,39590.4,Recue,0,5
1166,ACH-70396,20251002,20251116,20251121,15,153,12,116.0,1392.0,Recue,0,5
1167,ACH-70397,20251012,20251126,20251126,15,142,60,100.93,6055.8,Recue,0,0
1168,ACH-70398,20251023,20251207,20251207,15,154,36,329.92,11877.12,Recue,0,0
1169,ACH-70399,20251112,20251227,20251227,15,136,48,112.45,5397.6,Recue,0,0
1170,ACH-70399,20251112,20251227,20251227,15,153,96,116.0,11136.0,Recue,0,0
1171,ACH-70399,20251112,20251227,20251227,15,141,36,314.24,11312.64,Recue,0,0
1172,ACH-70400,20251201,20260115,,15,28,96,143.73,13798.08,En transit,0,
1173,ACH-70400,20251201,20260115,,15,141,60,314.24,18854.4,En transit,0,
1174,ACH-70401,20251210,20260124,,15,9,12,67.67,812.04,En transit,0,
1175,ACH-70401,20251210,20260124,,15,17,12,313.71,3764.52,En transit,0,
1176,ACH-70401,20251210,20260124,,15,133,240,62.95,15108.0,En transit,0,
1177,ACH-70401,20251210,20260124,,15,9,240,67.67,16240.8,En transit,0,
1178,ACH-70402,20251224,20260207,,15,153,240,116.0,27840.0,En transit,0,
1179,ACH-70402,20251224,20260207,,15,149,120,111.14,13336.8,En transit,0,
1180,ACH-70403,20240117,20240127,20240127,16,128,-24,77.25,-1854.0,Recue,1,0
1181,ACH-70403,20240117,20240127,20240127,16,151,96,90.35,8673.6,Recue,0,0
1182,ACH-70403,20240117,20240127,20240127,16,144,60,96.31,5778.6,Recue,0,0
1183,ACH-70403,20240117,20240127,20240127,16,132,24,125.81,3019.44,Recue,0,0
1184,ACH-70404,20240206,20240216,20240216,16,132,36,125.81,4529.16,Recue,0,0
1185,ACH-70404,20240206,20240216,20240216,16,156,96,161.25,15480.0,Recue,0,0
1186,ACH-70404,20240206,20240216,20240216,16,151,48,90.35,4336.8,Recue,0,0
1187,ACH-70404,20240206,20240216,20240216,16,147,24,339.78,8154.72,Recue,0,0
1188,ACH-70404,20240206,20240216,20240216,16,156,96,161.25,15480.0,Recue,0,0
1189,ACH-70405,20240223,20240304,20240310,16,128,120,77.25,9270.0,Recue,0,6
1190,ACH-70405,20240223,20240304,20240310,16,146,48,220.88,10602.24,Recue,0,6
1191,ACH-70405,20240223,20240304,20240310,16,146,24,220.88,5301.12,Recue,0,6
1192,ACH-70406,20240310,20240320,20240320,16,134,48,60.5,2904.0,Recue,0,0
1193,ACH-70406,20240310,20240320,20240320,16,147,96,339.78,32618.88,Recue,0,0
1194,ACH-70407,20240319,20240329,20240329,16,140,240,40.41,9698.4,Recue,0,0
1195,ACH-70408,20240328,20240407,20240407,16,144,24,96.31,2311.44,Recue,0,0
1196,ACH-70408,20240328,20240407,20240407,16,140,12,40.41,484.92,Recue,0,0
1197,ACH-70408,20240328,20240407,20240407,16,134,120,60.5,7260.0,Recue,0,0
1198,ACH-70408,20240328,20240407,20240407,16,128,24,77.25,1854.0,Recue,0,0
1199,ACH-70409,20240408,20240418,20240423,16,151,12,90.35,1084.2,Recue,0,5
1200,ACH-70409,20240408,20240418,20240423,16,146,36,220.88,7951.68,Recue,0,5
1201,ACH-70410,20240422,20240502,20240502,16,137,-24,25.06,-601.44,Recue,1,0
1202,ACH-70410,20240422,20240502,20240502,16,137,120,25.06,3007.2,Recue,0,0
1203,ACH-70410,20240422,20240502,20240502,16,137,96,25.06,2405.76,Recue,0,0
1204,ACH-70411,20240509,20240519,20240519,16,132,48,125.81,6038.88,Recue,0,0
1205,ACH-70411,20240509,20240519,20240519,16,134,60,60.5,3630.0,Recue,0,0
1206,ACH-70412,20240518,20240528,20240528,16,134,96,60.5,5808.0,Recue,0,0
1207,ACH-70412,20240518,20240528,20240528,16,135,96,39.89,3829.44,Recue,0,0
1208,ACH-70413,20240603,20240613,20240617,16,144,96,96.31,9245.76,Recue,0,4
1209,ACH-70414,20240620,20240630,20240702,16,140,48,40.41,1939.68,Recue,0,2
1210,ACH-70414,20240620,20240630,20240702,16,135,36,39.89,1436.04,Recue,0,2
1211,ACH-70414,20240620,20240630,20240702,16,137,36,25.06,902.16,Recue,0,2
1212,ACH-70414,20240620,20240630,20240702,16,145,12,108.83,1305.96,Recue,0,2
1213,ACH-70414,20240620,20240630,20240702,16,147,60,339.78,20386.8,Recue,0,2
1214,ACH-70415,20240703,20240713,20240713,16,132,60,125.81,7548.6,Recue,0,0
1215,ACH-70415,20240703,20240713,20240713,16,132,36,125.81,4529.16,Recue,0,0
1216,ACH-70415,20240703,20240713,20240713,16,134,240,60.5,14520.0,Recue,0,0
1217,ACH-70416,20240722,20240801,20240801,16,156,24,161.25,3870.0,Recue,0,0
1218,ACH-70416,20240722,20240801,20240801,16,146,96,220.88,21204.48,Recue,0,0
1219,ACH-70416,20240722,20240801,20240801,16,145,24,108.83,2611.92,Recue,0,0
1220,ACH-70416,20240722,20240801,20240801,16,128,24,77.25,1854.0,Recue,0,0
1221,ACH-70416,20240722,20240801,20240801,16,151,48,90.35,4336.8,Recue,0,0
1222,ACH-70417,20240731,20240810,20240810,16,156,48,161.25,7740.0,Recue,0,0
1223,ACH-70417,20240731,20240810,20240810,16,137,24,25.06,601.44,Recue,0,0
1224,ACH-70418,20240809,20240819,20240820,16,140,48,40.41,1939.68,Recue,0,1
1225,ACH-70418,20240809,20240819,20240820,16,132,24,125.81,3019.44,Recue,0,1
1226,ACH-70418,20240809,20240819,20240820,16,156,96,161.25,15480.0,Recue,0,1
1227,ACH-70418,20240809,20240819,20240820,16,147,240,339.78,81547.2,Recue,0,1
1228,ACH-70419,20240829,20240908,20240908,16,156,240,161.25,38700.0,Recue,0,0
1229,ACH-70419,20240829,20240908,20240908,16,140,48,40.41,1939.68,Recue,0,0
1230,ACH-70420,20240907,20240917,20240917,16,144,12,96.31,1155.72,Recue,0,0
1231,ACH-70420,20240907,20240917,20240917,16,146,12,220.88,2650.56,Recue,0,0
1232,ACH-70420,20240907,20240917,20240917,16,137,120,25.06,3007.2,Recue,0,0
1233,ACH-70421,20240919,20240929,20241017,16,137,24,25.06,601.44,Recue,0,18
1234,ACH-70421,20240919,20240929,20241017,16,147,36,339.78,12232.08,Recue,0,18
1235,ACH-70421,20240919,20240929,20241017,16,134,240,60.5,14520.0,Recue,0,18
1236,ACH-70421,20240919,20240929,20241017,16,144,12,96.31,1155.72,Recue,0,18
1237,ACH-70421,20240919,20240929,20241017,16,128,48,77.25,3708.0,Recue,0,18
1238,ACH-70422,20240930,20241010,20241010,16,128,240,77.25,18540.0,Recue,0,0
1239,ACH-70422,20240930,20241010,20241010,16,140,96,40.41,3879.36,Recue,0,0
1240,ACH-70422,20240930,20241010,20241010,16,147,60,339.78,20386.8,Recue,0,0
1241,ACH-70422,20240930,20241010,20241010,16,128,120,77.25,9270.0,Recue,0,0
1242,ACH-70422,20240930,20241010,20241010,16,151,120,90.35,10842.0,Recue,0,0
1243,ACH-70423,20241011,20241021,20241021,16,144,240,96.31,23114.4,Recue,0,0
1244,ACH-70423,20241011,20241021,20241021,16,134,96,60.5,5808.0,Recue,0,0
1245,ACH-70423,20241011,20241021,20241021,16,147,36,339.78,12232.08,Recue,0,0
1246,ACH-70423,20241011,20241021,20241021,16,140,240,40.41,9698.4,Recue,0,0
1247,ACH-70423,20241011,20241021,20241021,16,128,-24,77.25,-1854.0,Recue,1,0
1248,ACH-70424,20241031,20241110,20241110,16,145,24,108.83,2611.92,Recue,0,0
1249,ACH-70424,20241031,20241110,20241110,16,128,24,77.25,1854.0,Recue,0,0
1250,ACH-70424,20241031,20241110,20241110,16,132,120,125.81,15097.2,Recue,0,0
1251,ACH-70424,20241031,20241110,20241110,16,145,48,108.83,5223.84,Recue,0,0
1252,ACH-70424,20241031,20241110,20241110,16,128,240,77.25,18540.0,Recue,0,0
1253,ACH-70425,20241110,20241120,20241123,16,132,240,125.81,30194.4,Recue,0,3
1254,ACH-70425,20241110,20241120,20241123,16,132,96,125.81,12077.76,Recue,0,3
1255,ACH-70425,20241110,20241120,20241123,16,151,240,90.35,21684.0,Recue,0,3
1256,ACH-70426,20241122,20241202,20241202,16,128,60,77.25,4635.0,Recue,0,0
1257,ACH-70426,20241122,20241202,20241202,16,137,-15,25.06,-375.9,Recue,1,0
1258,ACH-70427,20241206,20241216,20241216,16,144,60,96.31,5778.6,Recue,0,0
1259,ACH-70428,20241216,20241226,20241226,16,134,120,60.5,7260.0,Recue,0,0
1260,ACH-70428,20241216,20241226,20241226,16,135,48,39.89,1914.72,Recue,0,0
1261,ACH-70428,20241216,20241226,20241226,16,151,120,90.35,10842.0,Recue,0,0
1262,ACH-70428,20241216,20241226,20241226,16,132,12,125.81,1509.72,Recue,0,0
1263,ACH-70428,20241216,20241226,20241226,16,134,60,60.5,3630.0,Recue,0,0
1264,ACH-70429,20241225,20250104,20250124,16,137,12,25.06,300.72,Recue,0,20
1265,ACH-70429,20241225,20250104,20250124,16,156,240,161.25,38700.0,Recue,0,20
1266,ACH-70429,20241225,20250104,20250124,16,147,120,339.78,40773.6,Recue,0,20
1267,ACH-70429,20241225,20250104,20250124,16,134,60,60.5,3630.0,Recue,0,20
1268,ACH-70430,20250106,20250116,20250116,16,128,60,78.87,4732.2,Recue,0,0
1269,ACH-70431,20250116,20250126,20250126,16,147,12,346.92,4163.04,Recue,0,0
1270,ACH-70431,20250116,20250126,20250126,16,156,60,164.64,9878.4,Recue,0,0
1271,ACH-70431,20250116,20250126,20250126,16,145,48,111.12,5333.76,Recue,0,0
1272,ACH-70432,20250127,20250206,20250206,16,135,96,40.73,3910.08,Recue,0,0
1273,ACH-70432,20250127,20250206,20250206,16,144,60,98.33,5899.8,Recue,0,0
1274,ACH-70433,20250211,20250221,20250221,16,137,60,25.59,1535.4,Recue,0,0
1275,ACH-70433,20250211,20250221,20250221,16,156,96,164.64,15805.44,Recue,0,0
1276,ACH-70433,20250211,20250221,20250221,16,137,96,25.59,2456.64,Recue,0,0
1277,ACH-70434,20250223,20250305,20250305,16,156,24,164.64,3951.36,Recue,0,0
1278,ACH-70434,20250223,20250305,20250305,16,134,48,61.77,2964.96,Recue,0,0
1279,ACH-70435,20250314,20250324,20250324,16,151,48,92.25,4428.0,Recue,0,0
1280,ACH-70435,20250314,20250324,20250324,16,144,240,98.33,23599.2,Recue,0,0
1281,ACH-70436,20250323,20250402,20250402,16,145,48,111.12,5333.76,Recue,0,0
1282,ACH-70437,20250409,20250419,20250419,16,134,36,61.77,2223.72,Recue,0,0
1283,ACH-70437,20250409,20250419,20250419,16,144,120,98.33,11799.6,Recue,0,0
1284,ACH-70437,20250409,20250419,20250419,16,146,36,225.52,8118.72,Recue,0,0
1285,ACH-70437,20250409,20250419,20250419,16,137,12,25.59,307.08,Recue,0,0
1286,ACH-70438,20250421,20250501,20250501,16,156,120,164.64,19756.8,Recue,0,0
1287,ACH-70438,20250421,20250501,20250501,16,146,48,225.52,10824.96,Recue,0,0
1288,ACH-70438,20250421,20250501,20250501,16,146,48,225.52,10824.96,Recue,0,0
1289,ACH-70439,20250501,20250511,20250513,16,146,36,225.52,8118.72,Recue,0,2
1290,ACH-70439,20250501,20250511,20250513,16,147,60,346.92,20815.2,Recue,0,2
1291,ACH-70440,20250521,20250531,20250531,16,132,24,128.45,3082.8,Recue,0,0
1292,ACH-70440,20250521,20250531,20250531,16,128,240,78.87,18928.8,Recue,0,0
1293,ACH-70441,20250608,20250618,20250618,16,144,96,98.33,9439.68,Recue,0,0
1294,ACH-70441,20250608,20250618,20250618,16,137,36,25.59,921.24,Recue,0,0
1295,ACH-70441,20250608,20250618,20250618,16,146,60,225.52,13531.2,Recue,0,0
1296,ACH-70441,20250608,20250618,20250618,16,135,12,40.73,488.76,Recue,0,0
1297,ACH-70442,20250628,20250708,20250714,16,134,60,61.77,3706.2,Recue,0,6
1298,ACH-70442,20250628,20250708,20250714,16,147,36,346.92,12489.12,Recue,0,6
1299,ACH-70442,20250628,20250708,20250714,16,137,36,25.59,921.24,Recue,0,6
1300,ACH-70443,20250709,20250719,20250719,16,135,48,40.73,1955.04,Recue,0,0
1301,ACH-70443,20250709,20250719,20250719,16,145,12,111.12,1333.44,Recue,0,0
1302,ACH-70444,20250729,20250808,20250808,16,146,60,225.52,13531.2,Recue,0,0
1303,ACH-70444,20250729,20250808,20250808,16,146,240,225.52,54124.8,Recue,0,0
1304,ACH-70444,20250729,20250808,20250808,16,156,12,164.64,1975.68,Recue,0,0
1305,ACH-70444,20250729,20250808,20250808,16,147,240,346.92,83260.8,Recue,0,0
1306,ACH-70444,20250729,20250808,20250808,16,147,60,346.92,20815.2,Recue,0,0
1307,ACH-70445,20250812,20250822,20250822,16,135,12,40.73,488.76,Recue,0,0
1308,ACH-70445,20250812,20250822,20250822,16,147,60,346.92,20815.2,Recue,0,0
1309,ACH-70446,20250821,20250831,20250831,16,144,48,98.33,4719.84,Recue,0,0
1310,ACH-70446,20250821,20250831,20250831,16,145,24,111.12,2666.88,Recue,0,0
1311,ACH-70446,20250821,20250831,20250831,16,151,120,92.25,11070.0,Recue,0,0
1312,ACH-70446,20250821,20250831,20250831,16,147,120,346.92,41630.4,Recue,0,0
1313,ACH-70446,20250821,20250831,20250831,16,144,24,98.33,2359.92,Recue,0,0
1314,ACH-70447,20250910,20250920,20250925,16,156,240,164.64,39513.6,Recue,0,5
1315,ACH-70447,20250910,20250920,20250925,16,144,24,98.33,2359.92,Recue,0,5
1316,ACH-70448,20250927,20251007,20251007,16,147,96,346.92,33304.32,Recue,0,0
1317,ACH-70448,20250927,20251007,20251007,16,151,120,92.25,11070.0,Recue,0,0
1318,ACH-70448,20250927,20251007,20251007,16,145,24,111.12,2666.88,Recue,0,0
1319,ACH-70449,20251015,20251025,20251025,16,145,48,111.12,5333.76,Recue,0,0
1320,ACH-70449,20251015,20251025,20251025,16,156,96,164.64,15805.44,Recue,0,0
1321,ACH-70449,20251015,20251025,20251025,16,132,240,128.45,30828.0,Recue,0,0
1322,ACH-70449,20251015,20251025,20251025,16,135,96,40.73,3910.08,Recue,0,0
1323,ACH-70449,20251015,20251025,20251025,16,137,96,25.59,2456.64,Recue,0,0
1324,ACH-70450,20251031,20251110,20251110,16,140,60,41.26,2475.6,Recue,0,0
1325,ACH-70450,20251031,20251110,20251110,16,144,240,98.33,23599.2,Recue,0,0
1326,ACH-70450,20251031,20251110,20251110,16,134,12,61.77,741.24,Recue,0,0
1327,ACH-70450,20251031,20251110,20251110,16,132,48,128.45,6165.6,Recue,0,0
1328,ACH-70450,20251031,20251110,20251110,16,135,24,40.73,977.52,Recue,0,0
1329,ACH-70451,20251116,20251126,20251126,16,147,36,346.92,12489.12,Recue,0,0
1330,ACH-70451,20251116,20251126,20251126,16,151,12,92.25,1107.0,Recue,0,0
1331,ACH-70451,20251116,20251126,20251126,16,145,24,111.12,2666.88,Recue,0,0
1332,ACH-70452,20251128,20251208,20251208,16,156,12,164.64,1975.68,Recue,0,0
1333,ACH-70453,20251207,20251217,20251217,16,137,36,25.59,921.24,Recue,0,0
1334,ACH-70454,20251226,20260105,,16,151,96,92.25,8856.0,En transit,0,
1335,ACH-70454,20251226,20260105,,16,147,240,346.92,83260.8,En transit,0,
1336,ACH-70454,20251226,20260105,,16,134,-15,61.77,-926.55,En transit,1,
1337,ACH-70455,20240111,20240225,20240225,17,120,120,182.88,21945.6,Recue,0,0
1338,ACH-70455,20240111,20240225,20240225,17,118,24,336.11,8066.64,Recue,0,0
1339,ACH-70455,20240111,20240225,20240225,17,118,48,336.11,16133.28,Recue,0,0
1340,ACH-70455,20240111,20240225,20240225,17,120,12,182.88,2194.56,Recue,0,0
1341,ACH-70455,20240111,20240225,20240225,17,103,96,151.66,14559.36,Recue,0,0
1342,ACH-70456,20240130,20240315,20240315,17,109,36,303.82,10937.52,Recue,0,0
1343,ACH-70457,20240213,20240329,20240329,17,118,240,336.11,80666.4,Recue,0,0
1344,ACH-70457,20240213,20240329,20240329,17,109,36,303.82,10937.52,Recue,0,0
1345,ACH-70458,20240224,20240409,20240410,17,109,60,303.82,18229.2,Recue,0,1
1346,ACH-70458,20240224,20240409,20240410,17,103,240,151.66,36398.4,Recue,0,1
1347,ACH-70458,20240224,20240409,20240410,17,109,120,303.82,36458.4,Recue,0,1
1348,ACH-70458,20240224,20240409,20240410,17,118,48,336.11,16133.28,Recue,0,1
1349,ACH-70459,20240310,20240424,20240424,17,118,120,336.11,40333.2,Recue,0,0
1350,ACH-70459,20240310,20240424,20240424,17,103,120,151.66,18199.2,Recue,0,0
1351,ACH-70459,20240310,20240424,20240424,17,120,60,182.88,10972.8,Recue,0,0
1352,ACH-70460,20240329,20240513,20240513,17,109,96,303.82,29166.72,Recue,0,0
1353,ACH-70460,20240329,20240513,20240513,17,120,60,182.88,10972.8,Recue,0,0
1354,ACH-70460,20240329,20240513,20240513,17,109,48,303.82,14583.36,Recue,0,0
1355,ACH-70461,20240408,20240523,20240523,17,120,24,182.88,4389.12,Recue,0,0
1356,ACH-70461,20240408,20240523,20240523,17,109,60,303.82,18229.2,Recue,0,0
1357,ACH-70462,20240420,20240604,20240604,17,120,36,182.88,6583.68,Recue,0,0
1358,ACH-70463,20240506,20240620,20240620,17,103,96,151.66,14559.36,Recue,0,0
1359,ACH-70463,20240506,20240620,20240620,17,118,48,336.11,16133.28,Recue,0,0
1360,ACH-70463,20240506,20240620,20240620,17,118,240,336.11,80666.4,Recue,0,0
1361,ACH-70463,20240506,20240620,20240620,17,103,24,151.66,3639.84,Recue,0,0
1362,ACH-70464,20240517,20240701,20240701,17,103,24,151.66,3639.84,Recue,0,0
1363,ACH-70464,20240517,20240701,20240701,17,109,120,303.82,36458.4,Recue,0,0
1364,ACH-70464,20240517,20240701,20240701,17,118,60,336.11,20166.6,Recue,0,0
1365,ACH-70464,20240517,20240701,20240701,17,120,36,182.88,6583.68,Recue,0,0
1366,ACH-70464,20240517,20240701,20240701,17,118,24,336.11,8066.64,Recue,0,0
1367,ACH-70465,20240526,20240710,20240710,17,118,12,336.11,4033.32,Recue,0,0
1368,ACH-70465,20240526,20240710,20240710,17,103,24,151.66,3639.84,Recue,0,0
1369,ACH-70465,20240526,20240710,20240710,17,120,12,182.88,2194.56,Recue,0,0
1370,ACH-70465,20240526,20240710,20240710,17,120,48,182.88,8778.24,Recue,0,0
1371,ACH-70465,20240526,20240710,20240710,17,103,48,151.66,7279.68,Recue,0,0
1372,ACH-70466,20240604,20240719,20240719,17,109,240,303.82,72916.8,Recue,0,0
1373,ACH-70466,20240604,20240719,20240719,17,109,120,303.82,36458.4,Recue,0,0
1374,ACH-70467,20240619,20240803,20240803,17,120,96,182.88,17556.48,Recue,0,0
1375,ACH-70468,20240630,20240814,20240814,17,103,240,151.66,36398.4,Recue,0,0
1376,ACH-70468,20240630,20240814,20240814,17,120,24,182.88,4389.12,Recue,0,0
1377,ACH-70468,20240630,20240814,20240814,17,109,24,303.82,7291.68,Recue,0,0
1378,ACH-70468,20240630,20240814,20240814,17,120,240,182.88,43891.2,Recue,0,0
1379,ACH-70469,20240717,20240831,20240831,17,120,96,182.88,17556.48,Recue,0,0
1380,ACH-70469,20240717,20240831,20240831,17,109,24,303.82,7291.68,Recue,0,0
1381,ACH-70469,20240717,20240831,20240831,17,118,96,336.11,32266.56,Recue,0,0
1382,ACH-70470,20240728,20240911,20240911,17,120,24,182.88,4389.12,Recue,0,0
1383,ACH-70470,20240728,20240911,20240911,17,103,96,151.66,14559.36,Recue,0,0
1384,ACH-70470,20240728,20240911,20240911,17,118,240,336.11,80666.4,Recue,0,0
1385,ACH-70470,20240728,20240911,20240911,17,118,120,336.11,40333.2,Recue,0,0
1386,ACH-70471,20240811,20240925,20240928,17,103,48,151.66,7279.68,Recue,0,3
1387,ACH-70471,20240811,20240925,20240928,17,109,120,303.82,36458.4,Recue,0,3
1388,ACH-70471,20240811,20240925,20240928,17,103,36,151.66,5459.76,Recue,0,3
1389,ACH-70471,20240811,20240925,20240928,17,120,12,182.88,2194.56,Recue,0,3
1390,ACH-70472,20240822,20241006,20241014,17,109,12,303.82,3645.84,Recue,0,8
1391,ACH-70472,20240822,20241006,20241014,17,103,36,151.66,5459.76,Recue,0,8
1392,ACH-70472,20240822,20241006,20241014,17,103,60,151.66,9099.6,Recue,0,8
1393,ACH-70472,20240822,20241006,20241014,17,103,12,151.66,1819.92,Recue,0,8
1394,ACH-70472,20240822,20241006,20241014,17,120,96,182.88,17556.48,Recue,0,8
1395,ACH-70473,20240905,20241020,20241024,17,103,120,151.66,18199.2,Recue,0,4
1396,ACH-70473,20240905,20241020,20241024,17,109,48,303.82,14583.36,Recue,0,4
1397,ACH-70473,20240905,20241020,20241024,17,118,48,336.11,16133.28,Recue,0,4
1398,ACH-70473,20240905,20241020,20241024,17,103,120,151.66,18199.2,Recue,0,4
1399,ACH-70474,20240916,20241031,20241031,17,103,36,151.66,5459.76,Recue,0,0
1400,ACH-70474,20240916,20241031,20241031,17,118,48,336.11,16133.28,Recue,0,0
1401,ACH-70474,20240916,20241031,20241031,17,109,24,303.82,7291.68,Recue,0,0
1402,ACH-70474,20240916,20241031,20241031,17,120,36,182.88,6583.68,Recue,0,0
1403,ACH-70474,20240916,20241031,20241031,17,120,60,182.88,10972.8,Recue,0,0
1404,ACH-70475,20240930,20241114,20241114,17,103,24,151.66,3639.84,Recue,0,0
1405,ACH-70475,20240930,20241114,20241114,17,109,96,303.82,29166.72,Recue,0,0
1406,ACH-70476,20241019,20241203,20241203,17,120,36,182.88,6583.68,Recue,0,0
1407,ACH-70476,20241019,20241203,20241203,17,109,12,303.82,3645.84,Recue,0,0
1408,ACH-70476,20241019,20241203,20241203,17,103,-12,151.66,-1819.92,Recue,1,0
1409,ACH-70476,20241019,20241203,20241203,17,118,24,336.11,8066.64,Recue,0,0
1410,ACH-70476,20241019,20241203,20241203,17,120,36,182.88,6583.68,Recue,0,0
1411,ACH-70477,20241029,20241213,20241213,17,118,48,336.11,16133.28,Recue,0,0
1412,ACH-70477,20241029,20241213,20241213,17,118,24,336.11,8066.64,Recue,0,0
1413,ACH-70477,20241029,20241213,20241213,17,120,24,182.88,4389.12,Recue,0,0
1414,ACH-70478,20241114,20241229,20241229,17,118,240,336.11,80666.4,Recue,0,0
1415,ACH-70478,20241114,20241229,20241229,17,109,120,303.82,36458.4,Recue,0,0
1416,ACH-70478,20241114,20241229,20241229,17,120,240,182.88,43891.2,Recue,0,0
1417,ACH-70478,20241114,20241229,20241229,17,109,48,303.82,14583.36,Recue,0,0
1418,ACH-70479,20241130,20250114,20250114,17,118,96,336.11,32266.56,Recue,0,0
1419,ACH-70479,20241130,20250114,20250114,17,103,48,151.66,7279.68,Recue,0,0
1420,ACH-70479,20241130,20250114,20250114,17,120,48,182.88,8778.24,Recue,0,0
1421,ACH-70479,20241130,20250114,20250114,17,109,24,303.82,7291.68,Recue,0,0
1422,ACH-70479,20241130,20250114,20250114,17,103,240,151.66,36398.4,Recue,0,0
1423,ACH-70480,20241218,20250201,20250201,17,118,36,336.11,12099.96,Recue,0,0
1424,ACH-70480,20241218,20250201,20250201,17,109,240,303.82,72916.8,Recue,0,0
1425,ACH-70480,20241218,20250201,20250201,17,118,60,336.11,20166.6,Recue,0,0
1426,ACH-70480,20241218,20250201,20250201,17,118,120,336.11,40333.2,Recue,0,0
1427,ACH-70481,20250104,20250218,20250218,17,118,96,343.17,32944.32,Recue,0,0
1428,ACH-70481,20250104,20250218,20250218,17,103,12,154.84,1858.08,Recue,0,0
1429,ACH-70481,20250104,20250218,20250218,17,118,96,343.17,32944.32,Recue,0,0
1430,ACH-70481,20250104,20250218,20250218,17,109,12,310.2,3722.4,Recue,0,0
1431,ACH-70482,20250121,20250307,20250307,17,109,60,310.2,18612.0,Recue,0,0
1432,ACH-70482,20250121,20250307,20250307,17,103,48,154.84,7432.32,Recue,0,0
1433,ACH-70482,20250121,20250307,20250307,17,118,36,343.17,12354.12,Recue,0,0
1434,ACH-70483,20250203,20250320,20250320,17,120,120,186.72,22406.4,Recue,0,0
1435,ACH-70483,20250203,20250320,20250320,17,120,240,186.72,44812.8,Recue,0,0
1436,ACH-70483,20250203,20250320,20250320,17,118,240,343.17,82360.8,Recue,0,0
1437,ACH-70484,20250212,20250329,20250329,17,103,96,154.84,14864.64,Recue,0,0
1438,ACH-70484,20250212,20250329,20250329,17,103,240,154.84,37161.6,Recue,0,0
1439,ACH-70484,20250212,20250329,20250329,17,118,12,343.17,4118.04,Recue,0,0
1440,ACH-70484,20250212,20250329,20250329,17,109,240,310.2,74448.0,Recue,0,0
1441,ACH-70484,20250212,20250329,20250329,17,120,48,186.72,8962.56,Recue,0,0
1442,ACH-70485,20250301,20250415,20250415,17,109,36,310.2,11167.2,Recue,0,0
1443,ACH-70485,20250301,20250415,20250415,17,118,48,343.17,16472.16,Recue,0,0
1444,ACH-70486,20250315,20250429,20250503,17,109,12,310.2,3722.4,Recue,0,4
1445,ACH-70486,20250315,20250429,20250503,17,109,36,310.2,11167.2,Recue,0,4
1446,ACH-70487,20250401,20250516,20250517,17,109,60,310.2,18612.0,Recue,0,1
1447,ACH-70487,20250401,20250516,20250517,17,103,12,154.84,1858.08,Recue,0,1
1448,ACH-70487,20250401,20250516,20250517,17,118,36,343.17,12354.12,Recue,0,1
1449,ACH-70488,20250418,20250602,20250602,17,103,36,154.84,5574.24,Recue,0,0
1450,ACH-70488,20250418,20250602,20250602,17,109,24,310.2,7444.8,Recue,0,0
1451,ACH-70488,20250418,20250602,20250602,17,103,96,154.84,14864.64,Recue,0,0
1452,ACH-70488,20250418,20250602,20250602,17,120,12,186.72,2240.64,Recue,0,0
1453,ACH-70488,20250418,20250602,20250602,17,109,60,310.2,18612.0,Recue,0,0
1454,ACH-70489,20250505,20250619,20250623,17,103,12,154.84,1858.08,Recue,0,4
1455,ACH-70489,20250505,20250619,20250623,17,103,24,154.84,3716.16,Recue,0,4
1456,ACH-70489,20250505,20250619,20250623,17,109,36,310.2,11167.2,Recue,0,4
1457,ACH-70489,20250505,20250619,20250623,17,120,120,186.72,22406.4,Recue,0,4
1458,ACH-70489,20250505,20250619,20250623,17,120,48,186.72,8962.56,Recue,0,4
1459,ACH-70490,20250516,20250630,20250630,17,103,120,154.84,18580.8,Recue,0,0
1460,ACH-70490,20250516,20250630,20250630,17,109,96,310.2,29779.2,Recue,0,0
1461,ACH-70490,20250516,20250630,20250630,17,118,60,343.17,20590.2,Recue,0,0
1462,ACH-70490,20250516,20250630,20250630,17,103,96,154.84,14864.64,Recue,0,0
1463,ACH-70490,20250516,20250630,20250630,17,118,12,343.17,4118.04,Recue,0,0
1464,ACH-70491,20250531,20250715,20250715,17,109,240,310.2,74448.0,Recue,0,0
1465,ACH-70492,20250616,20250731,20250731,17,118,240,343.17,82360.8,Recue,0,0
1466,ACH-70492,20250616,20250731,20250731,17,103,96,154.84,14864.64,Recue,0,0
1467,ACH-70493,20250706,20250820,20250820,17,120,36,186.72,6721.92,Recue,0,0
1468,ACH-70493,20250706,20250820,20250820,17,120,12,186.72,2240.64,Recue,0,0
1469,ACH-70493,20250706,20250820,20250820,17,120,240,186.72,44812.8,Recue,0,0
1470,ACH-70493,20250706,20250820,20250820,17,120,240,186.72,44812.8,Recue,0,0
1471,ACH-70493,20250706,20250820,20250820,17,109,36,310.2,11167.2,Recue,0,0
1472,ACH-70494,20250721,20250904,20250904,17,118,48,343.17,16472.16,Recue,0,0
1473,ACH-70495,20250804,20250918,20250918,17,118,240,343.17,82360.8,Recue,0,0
1474,ACH-70495,20250804,20250918,20250918,17,103,-24,154.84,-3716.16,Recue,1,0
1475,ACH-70496,20250813,20250927,20250927,17,118,48,343.17,16472.16,Recue,0,0
1476,ACH-70496,20250813,20250927,20250927,17,103,60,154.84,9290.4,Recue,0,0
1477,ACH-70496,20250813,20250927,20250927,17,103,48,154.84,7432.32,Recue,0,0
1478,ACH-70496,20250813,20250927,20250927,17,103,36,154.84,5574.24,Recue,0,0
1479,ACH-70496,20250813,20250927,20250927,17,120,48,186.72,8962.56,Recue,0,0
1480,ACH-70497,20250825,20251009,20251009,17,118,48,343.17,16472.16,Recue,0,0
1481,ACH-70497,20250825,20251009,20251009,17,120,24,186.72,4481.28,Recue,0,0
1482,ACH-70497,20250825,20251009,20251009,17,109,60,310.2,18612.0,Recue,0,0
1483,ACH-70498,20250904,20251019,20251019,17,109,240,310.2,74448.0,Recue,0,0
1484,ACH-70498,20250904,20251019,20251019,17,103,12,154.84,1858.08,Recue,0,0
1485,ACH-70498,20250904,20251019,20251019,17,120,120,186.72,22406.4,Recue,0,0
1486,ACH-70498,20250904,20251019,20251019,17,120,48,186.72,8962.56,Recue,0,0
1487,ACH-70498,20250904,20251019,20251019,17,120,48,186.72,8962.56,Recue,0,0
1488,ACH-70499,20250915,20251030,20251030,17,118,60,343.17,20590.2,Recue,0,0
1489,ACH-70499,20250915,20251030,20251030,17,120,60,186.72,11203.2,Recue,0,0
1490,ACH-70499,20250915,20251030,20251030,17,103,60,154.84,9290.4,Recue,0,0
1491,ACH-70499,20250915,20251030,20251030,17,120,120,186.72,22406.4,Recue,0,0
1492,ACH-70500,20251001,20251115,20251115,17,118,48,343.17,16472.16,Recue,0,0
1493,ACH-70500,20251001,20251115,20251115,17,109,-60,310.2,-18612.0,Recue,1,0
1494,ACH-70500,20251001,20251115,20251115,17,103,120,154.84,18580.8,Recue,0,0
1495,ACH-70501,20251018,20251202,20251202,17,118,36,343.17,12354.12,Recue,0,0
1496,ACH-70501,20251018,20251202,20251202,17,118,36,343.17,12354.12,Recue,0,0
1497,ACH-70501,20251018,20251202,20251202,17,120,240,186.72,44812.8,Recue,0,0
1498,ACH-70502,20251103,20251218,20251218,17,118,60,343.17,20590.2,Recue,0,0
1499,ACH-70502,20251103,20251218,20251218,17,120,48,186.72,8962.56,Recue,0,0
1500,ACH-70502,20251103,20251218,20251218,17,120,24,186.72,4481.28,Recue,0,0
1501,ACH-70503,20251121,20260105,,17,103,60,154.84,9290.4,En transit,0,
1502,ACH-70503,20251121,20260105,,17,120,96,186.72,17925.12,En transit,0,
1503,ACH-70503,20251121,20260105,,17,118,96,343.17,32944.32,En transit,0,
1504,ACH-70503,20251121,20260105,,17,120,24,186.72,4481.28,En transit,0,
1505,ACH-70503,20251121,20260105,,17,118,36,343.17,12354.12,En transit,0,
1506,ACH-70504,20251204,20260118,,17,103,96,154.84,14864.64,En transit,0,
1507,ACH-70504,20251204,20260118,,17,109,24,310.2,7444.8,En transit,0,
1508,ACH-70504,20251204,20260118,,17,118,12,343.17,4118.04,En transit,0,
1509,ACH-70504,20251204,20260118,,17,109,12,310.2,3722.4,En transit,0,
1510,ACH-70504,20251204,20260118,,17,118,240,343.17,82360.8,En transit,0,
1511,ACH-70505,20251224,20260207,,17,103,60,154.84,9290.4,En transit,0,
1512,ACH-70505,20251224,20260207,,17,109,240,310.2,74448.0,En transit,0,
1513,ACH-70505,20251224,20260207,,17,103,36,154.84,5574.24,En transit,0,
1514,ACH-70506,20240109,20240116,20240120,18,77,240,167.57,40216.8,Recue,0,4
1515,ACH-70506,20240109,20240116,20240120,18,102,96,255.33,24511.68,Recue,0,4
1516,ACH-70506,20240109,20240116,20240120,18,87,24,211.22,5069.28,Recue,0,4
1517,ACH-70507,20240127,20240203,20240203,18,79,12,144.83,1737.96,Recue,0,0
1518,ACH-70507,20240127,20240203,20240203,18,102,120,255.33,30639.6,Recue,0,0
1519,ACH-70507,20240127,20240203,20240203,18,77,36,167.57,6032.52,Recue,0,0
1520,ACH-70507,20240127,20240203,20240203,18,77,24,167.57,4021.68,Recue,0,0
1521,ACH-70508,20240208,20240215,20240215,18,102,240,255.33,61279.2,Recue,0,0
1522,ACH-70508,20240208,20240215,20240215,18,77,96,167.57,16086.72,Recue,0,0
1523,ACH-70508,20240208,20240215,20240215,18,79,240,144.83,34759.2,Recue,0,0
1524,ACH-70508,20240208,20240215,20240215,18,102,24,255.33,6127.92,Recue,0,0
1525,ACH-70508,20240208,20240215,20240215,18,79,96,144.83,13903.68,Recue,0,0
1526,ACH-70509,20240220,20240227,20240227,18,87,60,211.22,12673.2,Recue,0,0
1527,ACH-70509,20240220,20240227,20240227,18,77,48,167.57,8043.36,Recue,0,0
1528,ACH-70509,20240220,20240227,20240227,18,77,240,167.57,40216.8,Recue,0,0
1529,ACH-70510,20240307,20240314,20240314,18,79,120,144.83,17379.6,Recue,0,0
1530,ACH-70510,20240307,20240314,20240314,18,79,36,144.83,5213.88,Recue,0,0
1531,ACH-70511,20240316,20240323,20240324,18,77,240,167.57,40216.8,Recue,0,1
1532,ACH-70512,20240405,20240412,20240414,18,87,120,211.22,25346.4,Recue,0,2
1533,ACH-70512,20240405,20240412,20240414,18,77,60,167.57,10054.2,Recue,0,2
1534,ACH-70513,20240417,20240424,20240424,18,102,60,255.33,15319.8,Recue,0,0
1535,ACH-70513,20240417,20240424,20240424,18,102,240,255.33,61279.2,Recue,0,0
1536,ACH-70513,20240417,20240424,20240424,18,79,36,144.83,5213.88,Recue,0,0
1537,ACH-70513,20240417,20240424,20240424,18,79,96,144.83,13903.68,Recue,0,0
1538,ACH-70514,20240502,20240509,20240509,18,77,60,167.57,10054.2,Recue,0,0
1539,ACH-70514,20240502,20240509,20240509,18,79,48,144.83,6951.84,Recue,0,0
1540,ACH-70515,20240511,20240518,20240518,18,87,36,211.22,7603.92,Recue,0,0
1541,ACH-70515,20240511,20240518,20240518,18,79,240,144.83,34759.2,Recue,0,0
1542,ACH-70515,20240511,20240518,20240518,18,77,24,167.57,4021.68,Recue,0,0
1543,ACH-70516,20240528,20240604,20240608,18,102,96,255.33,24511.68,Recue,0,4
1544,ACH-70516,20240528,20240604,20240608,18,77,24,167.57,4021.68,Recue,0,4
1545,ACH-70516,20240528,20240604,20240608,18,77,120,167.57,20108.4,Recue,0,4
1546,ACH-70516,20240528,20240604,20240608,18,77,36,167.57,6032.52,Recue,0,4
1547,ACH-70516,20240528,20240604,20240608,18,87,12,211.22,2534.64,Recue,0,4
1548,ACH-70517,20240608,20240615,20240615,18,77,96,167.57,16086.72,Recue,0,0
1549,ACH-70517,20240608,20240615,20240615,18,79,120,144.83,17379.6,Recue,0,0
1550,ACH-70517,20240608,20240615,20240615,18,79,-3,144.83,-434.49,Recue,1,0
1551,ACH-70518,20240628,20240705,20240705,18,102,12,255.33,3063.96,Recue,0,0
1552,ACH-70518,20240628,20240705,20240705,18,87,96,211.22,20277.12,Recue,0,0
1553,ACH-70518,20240628,20240705,20240705,18,77,48,167.57,8043.36,Recue,0,0
1554,ACH-70519,20240715,20240722,20240725,18,79,120,144.83,17379.6,Recue,0,3
1555,ACH-70519,20240715,20240722,20240725,18,77,60,167.57,10054.2,Recue,0,3
1556,ACH-70520,20240802,20240809,20240809,18,102,12,255.33,3063.96,Recue,0,0
1557,ACH-70521,20240819,20240826,20240826,18,79,48,144.83,6951.84,Recue,0,0
1558,ACH-70521,20240819,20240826,20240826,18,102,48,255.33,12255.84,Recue,0,0
1559,ACH-70521,20240819,20240826,20240826,18,77,36,167.57,6032.52,Recue,0,0
1560,ACH-70521,20240819,20240826,20240826,18,79,120,144.83,17379.6,Recue,0,0
1561,ACH-70521,20240819,20240826,20240826,18,77,24,167.57,4021.68,Recue,0,0
1562,ACH-70522,20240902,20240909,20240909,18,87,96,211.22,20277.12,Recue,0,0
1563,ACH-70522,20240902,20240909,20240909,18,87,36,211.22,7603.92,Recue,0,0
1564,ACH-70522,20240902,20240909,20240909,18,79,60,144.83,8689.8,Recue,0,0
1565,ACH-70523,20240912,20240919,20240919,18,77,36,167.57,6032.52,Recue,0,0
1566,ACH-70523,20240912,20240919,20240919,18,79,36,144.83,5213.88,Recue,0,0
1567,ACH-70523,20240912,20240919,20240919,18,77,24,167.57,4021.68,Recue,0,0
1568,ACH-70523,20240912,20240919,20240919,18,87,48,211.22,10138.56,Recue,0,0
1569,ACH-70523,20240912,20240919,20240919,18,79,48,144.83,6951.84,Recue,0,0
1570,ACH-70524,20240922,20240929,20240929,18,87,96,211.22,20277.12,Recue,0,0
1571,ACH-70525,20241010,20241017,20241021,18,79,48,144.83,6951.84,Recue,0,4
1572,ACH-70526,20241028,20241104,20241108,18,87,36,211.22,7603.92,Recue,0,4
1573,ACH-70526,20241028,20241104,20241108,18,102,120,255.33,30639.6,Recue,0,4
1574,ACH-70526,20241028,20241104,20241108,18,87,120,211.22,25346.4,Recue,0,4
1575,ACH-70527,20241115,20241122,20241122,18,87,12,211.22,2534.64,Recue,0,0
1576,ACH-70527,20241115,20241122,20241122,18,102,36,255.33,9191.88,Recue,0,0
1577,ACH-70528,20241204,20241211,20241211,18,79,240,144.83,34759.2,Recue,0,0
1578,ACH-70528,20241204,20241211,20241211,18,87,240,211.22,50692.8,Recue,0,0
1579,ACH-70529,20241215,20241222,20241222,18,77,24,167.57,4021.68,Recue,0,0
1580,ACH-70529,20241215,20241222,20241222,18,77,24,167.57,4021.68,Recue,0,0
1581,ACH-70530,20241226,20250102,20250105,18,79,240,144.83,34759.2,Recue,0,3
1582,ACH-70530,20241226,20250102,20250105,18,77,240,167.57,40216.8,Recue,0,3
1583,ACH-70530,20241226,20250102,20250105,18,77,48,167.57,8043.36,Recue,0,3
1584,ACH-70530,20241226,20250102,20250105,18,87,48,211.22,10138.56,Recue,0,3
1585,ACH-70531,20250112,20250119,20250119,18,77,24,171.09,4106.16,Recue,0,0
1586,ACH-70531,20250112,20250119,20250119,18,79,60,147.87,8872.2,Recue,0,0
1587,ACH-70531,20250112,20250119,20250119,18,79,36,147.87,5323.32,Recue,0,0
1588,ACH-70531,20250112,20250119,20250119,18,77,120,171.09,20530.8,Recue,0,0
1589,ACH-70532,20250128,20250204,20250204,18,79,12,147.87,1774.44,Recue,0,0
1590,ACH-70533,20250211,20250218,20250222,18,87,60,215.66,12939.6,Recue,0,4
1591,ACH-70533,20250211,20250218,20250222,18,79,60,147.87,8872.2,Recue,0,4
1592,ACH-70533,20250211,20250218,20250222,18,77,120,171.09,20530.8,Recue,0,4
1593,ACH-70533,20250211,20250218,20250222,18,77,96,171.09,16424.64,Recue,0,4
1594,ACH-70533,20250211,20250218,20250222,18,102,36,260.69,9384.84,Recue,0,4
1595,ACH-70534,20250220,20250227,20250227,18,87,120,215.66,25879.2,Recue,0,0
1596,ACH-70534,20250220,20250227,20250227,18,77,96,171.09,16424.64,Recue,0,0
1597,ACH-70535,20250310,20250317,20250317,18,79,60,147.87,8872.2,Recue,0,0
1598,ACH-70535,20250310,20250317,20250317,18,77,24,171.09,4106.16,Recue,0,0
1599,ACH-70536,20250329,20250405,20250409,18,87,24,215.66,5175.84,Recue,0,4
1600,ACH-70536,20250329,20250405,20250409,18,77,60,171.09,10265.4,Recue,0,4
1601,ACH-70537,20250416,20250423,20250424,18,77,60,171.09,10265.4,Recue,0,1
1602,ACH-70538,20250425,20250502,20250502,18,79,48,147.87,7097.76,Recue,0,0
1603,ACH-70538,20250425,20250502,20250502,18,87,60,215.66,12939.6,Recue,0,0
1604,ACH-70538,20250425,20250502,20250502,18,102,12,260.69,3128.28,Recue,0,0
1605,ACH-70539,20250505,20250512,20250512,18,102,120,260.69,31282.8,Recue,0,0
1606,ACH-70539,20250505,20250512,20250512,18,77,12,171.09,2053.08,Recue,0,0
1607,ACH-70540,20250524,20250531,20250531,18,87,96,215.66,20703.36,Recue,0,0
1608,ACH-70540,20250524,20250531,20250531,18,79,24,147.87,3548.88,Recue,0,0
1609,ACH-70540,20250524,20250531,20250531,18,87,240,215.66,51758.4,Recue,0,0
1610,ACH-70540,20250524,20250531,20250531,18,77,60,171.09,10265.4,Recue,0,0
1611,ACH-70540,20250524,20250531,20250531,18,102,36,260.69,9384.84,Recue,0,0
1612,ACH-70541,20250610,20250617,20250617,18,79,24,147.87,3548.88,Recue,0,0
1613,ACH-70541,20250610,20250617,20250617,18,77,24,171.09,4106.16,Recue,0,0
1614,ACH-70541,20250610,20250617,20250617,18,87,12,215.66,2587.92,Recue,0,0
1615,ACH-70541,20250610,20250617,20250617,18,79,12,147.87,1774.44,Recue,0,0
1616,ACH-70542,20250619,20250626,20250626,18,102,120,260.69,31282.8,Recue,0,0
1617,ACH-70543,20250701,20250708,20250708,18,102,24,260.69,6256.56,Recue,0,0
1618,ACH-70544,20250717,20250724,20250724,18,87,60,215.66,12939.6,Recue,0,0
1619,ACH-70544,20250717,20250724,20250724,18,79,48,147.87,7097.76,Recue,0,0
1620,ACH-70544,20250717,20250724,20250724,18,77,12,171.09,2053.08,Recue,0,0
1621,ACH-70544,20250717,20250724,20250724,18,102,60,260.69,15641.4,Recue,0,0
1622,ACH-70544,20250717,20250724,20250724,18,102,24,260.69,6256.56,Recue,0,0
1623,ACH-70545,20250731,20250807,20250807,18,79,12,147.87,1774.44,Recue,0,0
1624,ACH-70545,20250731,20250807,20250807,18,79,96,147.87,14195.52,Recue,0,0
1625,ACH-70546,20250820,20250827,20250827,18,102,24,260.69,6256.56,Recue,0,0
1626,ACH-70547,20250906,20250913,20250913,18,77,96,171.09,16424.64,Recue,0,0
1627,ACH-70547,20250906,20250913,20250913,18,87,36,215.66,7763.76,Recue,0,0
1628,ACH-70547,20250906,20250913,20250913,18,102,60,260.69,15641.4,Recue,0,0
1629,ACH-70547,20250906,20250913,20250913,18,87,48,215.66,10351.68,Recue,0,0
1630,ACH-70548,20250926,20251003,20251003,18,79,48,147.87,7097.76,Recue,0,0
1631,ACH-70549,20251006,20251013,20251013,18,102,240,260.69,62565.6,Recue,0,0
1632,ACH-70549,20251006,20251013,20251013,18,77,240,171.09,41061.6,Recue,0,0
1633,ACH-70549,20251006,20251013,20251013,18,77,36,171.09,6159.24,Recue,0,0
1634,ACH-70550,20251024,20251031,20251031,18,87,-30,215.66,-6469.8,Recue,1,0
1635,ACH-70550,20251024,20251031,20251031,18,102,120,260.69,31282.8,Recue,0,0
1636,ACH-70550,20251024,20251031,20251031,18,77,48,171.09,8212.32,Recue,0,0
1637,ACH-70550,20251024,20251031,20251031,18,77,36,171.09,6159.24,Recue,0,0
1638,ACH-70551,20251108,20251115,20251115,18,79,240,147.87,35488.8,Recue,0,0
1639,ACH-70551,20251108,20251115,20251115,18,87,36,215.66,7763.76,Recue,0,0
1640,ACH-70551,20251108,20251115,20251115,18,77,48,171.09,8212.32,Recue,0,0
1641,ACH-70551,20251108,20251115,20251115,18,79,12,147.87,1774.44,Recue,0,0
1642,ACH-70551,20251108,20251115,20251115,18,87,48,215.66,10351.68,Recue,0,0
1643,ACH-70552,20251119,20251126,20251126,18,77,120,171.09,20530.8,Recue,0,0
1644,ACH-70553,20251202,20251209,20251209,18,77,120,171.09,20530.8,Recue,0,0
1645,ACH-70553,20251202,20251209,20251209,18,87,96,215.66,20703.36,Recue,0,0
1646,ACH-70554,20251220,20251227,20251227,18,77,24,171.09,4106.16,Recue,0,0
1647,ACH-70554,20251220,20251227,20251227,18,102,96,260.69,25026.24,Recue,0,0
1648,ACH-70555,20251231,20260107,,18,77,60,171.09,10265.4,En transit,0,
1649,ACH-70556,20240102,20240130,20240130,19,40,12,268.77,3225.24,Recue,0,0
1650,ACH-70556,20240102,20240130,20240130,19,51,96,78.12,7499.52,Recue,0,0
1651,ACH-70557,20240111,20240208,20240208,19,51,12,78.12,937.44,Recue,0,0
1652,ACH-70558,20240125,20240222,20240222,19,47,120,70.06,8407.2,Recue,0,0
1653,ACH-70558,20240125,20240222,20240222,19,47,12,70.06,840.72,Recue,0,0
1654,ACH-70558,20240125,20240222,20240222,19,48,12,32.82,393.84,Recue,0,0
1655,ACH-70558,20240125,20240222,20240222,19,56,48,287.11,13781.28,Recue,0,0
1656,ACH-70559,20240209,20240308,20240308,19,61,60,75.23,4513.8,Recue,0,0
1657,ACH-70559,20240209,20240308,20240308,19,47,120,70.06,8407.2,Recue,0,0
1658,ACH-70559,20240209,20240308,20240308,19,56,24,287.11,6890.64,Recue,0,0
1659,ACH-70559,20240209,20240308,20240308,19,51,12,78.12,937.44,Recue,0,0
1660,ACH-70560,20240218,20240317,20240401,19,48,240,32.82,7876.8,Recue,0,15
1661,ACH-70561,20240308,20240405,20240428,19,61,24,75.23,1805.52,Recue,0,23
1662,ACH-70561,20240308,20240405,20240428,19,47,120,70.06,8407.2,Recue,0,23
1663,ACH-70561,20240308,20240405,20240428,19,61,48,75.23,3611.04,Recue,0,23
1664,ACH-70561,20240308,20240405,20240428,19,35,240,30.0,7200.0,Recue,0,23
1665,ACH-70561,20240308,20240405,20240428,19,56,24,287.11,6890.64,Recue,0,23
1666,ACH-70562,20240318,20240415,20240416,19,58,240,146.46,35150.4,Recue,0,1
1667,ACH-70562,20240318,20240415,20240416,19,58,240,146.46,35150.4,Recue,0,1
1668,ACH-70562,20240318,20240415,20240416,19,48,60,32.82,1969.2,Recue,0,1
1669,ACH-70563,20240401,20240429,20240429,19,61,96,75.23,7222.08,Recue,0,0
1670,ACH-70563,20240401,20240429,20240429,19,61,48,75.23,3611.04,Recue,0,0
1671,ACH-70563,20240401,20240429,20240429,19,43,96,294.1,28233.6,Recue,0,0
1672,ACH-70563,20240401,20240429,20240429,19,35,48,30.0,1440.0,Recue,0,0
1673,ACH-70564,20240415,20240513,20240513,19,61,240,75.23,18055.2,Recue,0,0
1674,ACH-70564,20240415,20240513,20240513,19,58,240,146.46,35150.4,Recue,0,0
1675,ACH-70564,20240415,20240513,20240513,19,47,48,70.06,3362.88,Recue,0,0
1676,ACH-70564,20240415,20240513,20240513,19,43,-12,294.1,-3529.2,Recue,1,0
1677,ACH-70565,20240429,20240527,20240527,19,56,240,287.11,68906.4,Recue,0,0
1678,ACH-70565,20240429,20240527,20240527,19,35,96,30.0,2880.0,Recue,0,0
1679,ACH-70565,20240429,20240527,20240527,19,56,36,287.11,10335.96,Recue,0,0
1680,ACH-70566,20240519,20240616,20240616,19,56,240,287.11,68906.4,Recue,0,0
1681,ACH-70566,20240519,20240616,20240616,19,48,96,32.82,3150.72,Recue,0,0
1682,ACH-70567,20240606,20240704,20240718,19,48,120,32.82,3938.4,Recue,0,14
1683,ACH-70567,20240606,20240704,20240718,19,58,96,146.46,14060.16,Recue,0,14
1684,ACH-70568,20240626,20240724,20240724,19,48,24,32.82,787.68,Recue,0,0
1685,ACH-70568,20240626,20240724,20240724,19,43,24,294.1,7058.4,Recue,0,0
1686,ACH-70568,20240626,20240724,20240724,19,47,96,70.06,6725.76,Recue,0,0
1687,ACH-70569,20240711,20240808,20240808,19,58,240,146.46,35150.4,Recue,0,0
1688,ACH-70569,20240711,20240808,20240808,19,35,36,30.0,1080.0,Recue,0,0
1689,ACH-70569,20240711,20240808,20240808,19,61,120,75.23,9027.6,Recue,0,0
1690,ACH-70569,20240711,20240808,20240808,19,56,240,287.11,68906.4,Recue,0,0
1691,ACH-70569,20240711,20240808,20240808,19,47,12,70.06,840.72,Recue,0,0
1692,ACH-70570,20240726,20240823,20240823,19,35,60,30.0,1800.0,Recue,0,0
1693,ACH-70570,20240726,20240823,20240823,19,51,12,78.12,937.44,Recue,0,0
1694,ACH-70570,20240726,20240823,20240823,19,51,96,78.12,7499.52,Recue,0,0
1695,ACH-70570,20240726,20240823,20240823,19,48,36,32.82,1181.52,Recue,0,0
1696,ACH-70571,20240805,20240902,20240902,19,51,36,78.12,2812.32,Recue,0,0
1697,ACH-70571,20240805,20240902,20240902,19,48,48,32.82,1575.36,Recue,0,0
1698,ACH-70572,20240825,20240922,20240922,19,56,240,287.11,68906.4,Recue,0,0
1699,ACH-70572,20240825,20240922,20240922,19,51,240,78.12,18748.8,Recue,0,0
1700,ACH-70572,20240825,20240922,20240922,19,43,-30,294.1,-8823.0,Recue,1,0
1701,ACH-70573,20240903,20241001,20241001,19,43,12,294.1,3529.2,Recue,0,0
1702,ACH-70573,20240903,20241001,20241001,19,48,36,32.82,1181.52,Recue,0,0
1703,ACH-70573,20240903,20241001,20241001,19,61,240,75.23,18055.2,Recue,0,0
1704,ACH-70573,20240903,20241001,20241001,19,40,24,268.77,6450.48,Recue,0,0
1705,ACH-70574,20240913,20241011,20241011,19,40,24,268.77,6450.48,Recue,0,0
1706,ACH-70574,20240913,20241011,20241011,19,48,240,32.82,7876.8,Recue,0,0
1707,ACH-70574,20240913,20241011,20241011,19,47,96,70.06,6725.76,Recue,0,0
1708,ACH-70574,20240913,20241011,20241011,19,47,240,70.06,16814.4,Recue,0,0
1709,ACH-70575,20240923,20241021,20241021,19,56,24,287.11,6890.64,Recue,0,0
1710,ACH-70576,20241013,20241110,20241110,19,35,240,30.0,7200.0,Recue,0,0
1711,ACH-70576,20241013,20241110,20241110,19,48,96,32.82,3150.72,Recue,0,0
1712,ACH-70576,20241013,20241110,20241110,19,61,48,75.23,3611.04,Recue,0,0
1713,ACH-70577,20241028,20241125,20241125,19,47,12,70.06,840.72,Recue,0,0
1714,ACH-70577,20241028,20241125,20241125,19,48,240,32.82,7876.8,Recue,0,0
1715,ACH-70578,20241108,20241206,20241206,19,58,60,146.46,8787.6,Recue,0,0
1716,ACH-70578,20241108,20241206,20241206,19,40,96,268.77,25801.92,Recue,0,0
1717,ACH-70578,20241108,20241206,20241206,19,51,240,78.12,18748.8,Recue,0,0
1718,ACH-70578,20241108,20241206,20241206,19,40,12,268.77,3225.24,Recue,0,0
1719,ACH-70579,20241117,20241215,20241216,19,48,60,32.82,1969.2,Recue,0,1
1720,ACH-70580,20241128,20241226,20241226,19,56,12,287.11,3445.32,Recue,0,0
1721,ACH-70580,20241128,20241226,20241226,19,61,96,75.23,7222.08,Recue,0,0
1722,ACH-70580,20241128,20241226,20241226,19,58,120,146.46,17575.2,Recue,0,0
1723,ACH-70580,20241128,20241226,20241226,19,56,36,287.11,10335.96,Recue,0,0
1724,ACH-70580,20241128,20241226,20241226,19,40,36,268.77,9675.72,Recue,0,0
1725,ACH-70581,20241209,20250106,20250106,19,51,36,78.12,2812.32,Recue,0,0
1726,ACH-70582,20241222,20250119,20250119,19,51,60,78.12,4687.2,Recue,0,0
1727,ACH-70582,20241222,20250119,20250119,19,58,96,146.46,14060.16,Recue,0,0
1728,ACH-70582,20241222,20250119,20250119,19,51,12,78.12,937.44,Recue,0,0
1729,ACH-70582,20241222,20250119,20250119,19,47,36,70.06,2522.16,Recue,0,0
1730,ACH-70583,20250107,20250204,20250204,19,51,24,79.76,1914.24,Recue,0,0
1731,ACH-70583,20250107,20250204,20250204,19,48,240,33.51,8042.4,Recue,0,0
1732,ACH-70583,20250107,20250204,20250204,19,58,36,149.54,5383.44,Recue,0,0
1733,ACH-70584,20250120,20250217,20250217,19,40,120,274.41,32929.2,Recue,0,0
1734,ACH-70584,20250120,20250217,20250217,19,43,24,300.28,7206.72,Recue,0,0
1735,ACH-70584,20250120,20250217,20250217,19,48,96,33.51,3216.96,Recue,0,0
1736,ACH-70584,20250120,20250217,20250217,19,48,12,33.51,402.12,Recue,0,0
1737,ACH-70584,20250120,20250217,20250217,19,43,48,300.28,14413.44,Recue,0,0
1738,ACH-70585,20250131,20250228,20250228,19,61,60,76.81,4608.6,Recue,0,0
1739,ACH-70585,20250131,20250228,20250228,19,61,120,76.81,9217.2,Recue,0,0
1740,ACH-70585,20250131,20250228,20250228,19,47,240,71.53,17167.2,Recue,0,0
1741,ACH-70586,20250220,20250320,20250320,19,35,36,30.63,1102.68,Recue,0,0
1742,ACH-70586,20250220,20250320,20250320,19,56,48,293.14,14070.72,Recue,0,0
1743,ACH-70586,20250220,20250320,20250320,19,48,120,33.51,4021.2,Recue,0,0
1744,ACH-70586,20250220,20250320,20250320,19,51,240,79.76,19142.4,Recue,0,0
1745,ACH-70586,20250220,20250320,20250320,19,56,60,293.14,17588.4,Recue,0,0
1746,ACH-70587,20250302,20250330,20250330,19,48,240,33.51,8042.4,Recue,0,0
1747,ACH-70587,20250302,20250330,20250330,19,35,240,30.63,7351.2,Recue,0,0
1748,ACH-70588,20250312,20250409,20250409,19,47,36,71.53,2575.08,Recue,0,0
1749,ACH-70588,20250312,20250409,20250409,19,35,96,30.63,2940.48,Recue,0,0
1750,ACH-70589,20250327,20250424,20250424,19,58,36,149.54,5383.44,Recue,0,0
1751,ACH-70589,20250327,20250424,20250424,19,51,12,79.76,957.12,Recue,0,0
1752,ACH-70589,20250327,20250424,20250424,19,47,-24,71.53,-1716.72,Recue,1,0
1753,ACH-70589,20250327,20250424,20250424,19,43,12,300.28,3603.36,Recue,0,0
1754,ACH-70590,20250415,20250513,20250513,19,58,12,149.54,1794.48,Recue,0,0
1755,ACH-70590,20250415,20250513,20250513,19,40,120,274.41,32929.2,Recue,0,0
1756,ACH-70590,20250415,20250513,20250513,19,56,96,293.14,28141.44,Recue,0,0
1757,ACH-70590,20250415,20250513,20250513,19,61,12,76.81,921.72,Recue,0,0
1758,ACH-70590,20250415,20250513,20250513,19,61,240,76.81,18434.4,Recue,0,0
1759,ACH-70591,20250502,20250530,20250530,19,56,60,293.14,17588.4,Recue,0,0
1760,ACH-70592,20250521,20250618,20250618,19,47,120,71.53,8583.6,Recue,0,0
1761,ACH-70592,20250521,20250618,20250618,19,40,48,274.41,13171.68,Recue,0,0
1762,ACH-70592,20250521,20250618,20250618,19,35,96,30.63,2940.48,Recue,0,0
1763,ACH-70592,20250521,20250618,20250618,19,58,96,149.54,14355.84,Recue,0,0
1764,ACH-70594,20250622,20250720,20250730,19,51,48,79.76,3828.48,Recue,0,10
1765,ACH-70594,20250622,20250720,20250730,19,47,48,71.53,3433.44,Recue,0,10
1766,ACH-70594,20250622,20250720,20250730,19,58,36,149.54,5383.44,Recue,0,10
1767,ACH-70594,20250622,20250720,20250730,19,43,96,300.28,28826.88,Recue,0,10
1768,ACH-70594,20250622,20250720,20250730,19,61,60,76.81,4608.6,Recue,0,10
1769,ACH-70595,20250705,20250802,20250802,19,40,240,274.41,65858.4,Recue,0,0
1770,ACH-70595,20250705,20250802,20250802,19,51,24,79.76,1914.24,Recue,0,0
1771,ACH-70595,20250705,20250802,20250802,19,40,120,274.41,32929.2,Recue,0,0
1772,ACH-70595,20250705,20250802,20250802,19,58,120,149.54,17944.8,Recue,0,0
1773,ACH-70595,20250705,20250802,20250802,19,56,240,293.14,70353.6,Recue,0,0
1774,ACH-70596,20250715,20250812,20250818,19,61,120,76.81,9217.2,Recue,0,6
1775,ACH-70597,20250731,20250828,20250829,19,58,36,149.54,5383.44,Recue,0,1
1776,ACH-70597,20250731,20250828,20250829,19,51,24,79.76,1914.24,Recue,0,1
1777,ACH-70597,20250731,20250828,20250829,19,43,36,300.28,10810.08,Recue,0,1
1778,ACH-70597,20250731,20250828,20250829,19,47,96,71.53,6866.88,Recue,0,1
1779,ACH-70598,20250811,20250908,20250908,19,43,60,300.28,18016.8,Recue,0,0
1780,ACH-70598,20250811,20250908,20250908,19,51,240,79.76,19142.4,Recue,0,0
1781,ACH-70598,20250811,20250908,20250908,19,56,12,293.14,3517.68,Recue,0,0
1782,ACH-70598,20250811,20250908,20250908,19,56,96,293.14,28141.44,Recue,0,0
1783,ACH-70599,20250829,20250926,20250926,19,47,120,71.53,8583.6,Recue,0,0
1784,ACH-70599,20250829,20250926,20250926,19,56,36,293.14,10553.04,Recue,0,0
1785,ACH-70599,20250829,20250926,20250926,19,35,60,30.63,1837.8,Recue,0,0
1786,ACH-70600,20250917,20251015,20251015,19,51,24,79.76,1914.24,Recue,0,0
1787,ACH-70600,20250917,20251015,20251015,19,61,48,76.81,3686.88,Recue,0,0
1788,ACH-70600,20250917,20251015,20251015,19,58,24,149.54,3588.96,Recue,0,0
1789,ACH-70600,20250917,20251015,20251015,19,56,240,293.14,70353.6,Recue,0,0
1790,ACH-70600,20250917,20251015,20251015,19,51,60,79.76,4785.6,Recue,0,0
1791,ACH-70601,20251002,20251030,20251030,19,48,120,33.51,4021.2,Recue,0,0
1792,ACH-70602,20251019,20251116,20251116,19,48,24,33.51,804.24,Recue,0,0
1793,ACH-70602,20251019,20251116,20251116,19,61,120,76.81,9217.2,Recue,0,0
1794,ACH-70602,20251019,20251116,20251116,19,51,-9,79.76,-717.84,Recue,1,0
1795,ACH-70602,20251019,20251116,20251116,19,40,96,274.41,26343.36,Recue,0,0
1796,ACH-70603,20251105,20251203,20251203,19,40,120,274.41,32929.2,Recue,0,0
1797,ACH-70603,20251105,20251203,20251203,19,58,36,149.54,5383.44,Recue,0,0
1798,ACH-70604,20251125,20251223,20251227,19,58,48,149.54,7177.92,Recue,0,4
1799,ACH-70604,20251125,20251223,20251227,19,61,24,76.81,1843.44,Recue,0,4
1800,ACH-70604,20251125,20251223,20251227,19,35,36,30.63,1102.68,Recue,0,4
1801,ACH-70605,20251204,20260101,,19,48,-24,33.51,-804.24,En transit,1,
1802,ACH-70606,20251216,20260113,,19,61,120,76.81,9217.2,En transit,0,
1803,ACH-70606,20251216,20260113,,19,48,24,33.51,804.24,En transit,0,
1804,ACH-70606,20251216,20260113,,19,40,60,274.41,16464.6,En transit,0,
1805,ACH-70606,20251216,20260113,,19,43,240,300.28,72067.2,En transit,0,
1806,ACH-70606,20251216,20260113,,19,61,96,76.81,7373.76,En transit,0,
1807,ACH-70607,20251227,20260124,,19,58,120,149.54,17944.8,En transit,0,
1808,ACH-70607,20251227,20260124,,19,58,48,149.54,7177.92,En transit,0,
1809,ACH-70607,20251227,20260124,,19,40,24,274.41,6585.84,En transit,0,
1810,ACH-70608,20240119,20240216,20240216,20,94,240,121.74,29217.6,Recue,0,0
1811,ACH-70608,20240119,20240216,20240216,20,94,60,121.74,7304.4,Recue,0,0
1812,ACH-70608,20240119,20240216,20240216,20,165,96,105.7,10147.2,Recue,0,0
1813,ACH-70608,20240119,20240216,20240216,20,165,48,105.7,5073.6,Recue,0,0
1814,ACH-70609,20240206,20240305,20240305,20,179,12,226.59,2719.08,Recue,0,0
1815,ACH-70609,20240206,20240305,20240305,20,165,24,105.7,2536.8,Recue,0,0
1816,ACH-70609,20240206,20240305,20240305,20,179,96,226.59,21752.64,Recue,0,0
1817,ACH-70609,20240206,20240305,20240305,20,168,24,224.71,5393.04,Recue,0,0
1818,ACH-70609,20240206,20240305,20240305,20,173,96,207.98,19966.08,Recue,0,0
1819,ACH-70610,20240222,20240321,20240321,20,168,36,224.71,8089.56,Recue,0,0
1820,ACH-70611,20240307,20240404,20240404,20,94,60,121.74,7304.4,Recue,0,0
1821,ACH-70612,20240321,20240418,20240418,20,174,48,165.53,7945.44,Recue,0,0
1822,ACH-70613,20240330,20240427,20240427,20,173,96,207.98,19966.08,Recue,0,0
1823,ACH-70613,20240330,20240427,20240427,20,173,120,207.98,24957.6,Recue,0,0
1824,ACH-70613,20240330,20240427,20240427,20,179,24,226.59,5438.16,Recue,0,0
1825,ACH-70613,20240330,20240427,20240427,20,173,240,207.98,49915.2,Recue,0,0
1826,ACH-70614,20240414,20240512,20240512,20,179,96,226.59,21752.64,Recue,0,0
1827,ACH-70614,20240414,20240512,20240512,20,173,60,207.98,12478.8,Recue,0,0
1828,ACH-70614,20240414,20240512,20240512,20,165,12,105.7,1268.4,Recue,0,0
1829,ACH-70614,20240414,20240512,20240512,20,165,24,105.7,2536.8,Recue,0,0
1830,ACH-70615,20240424,20240522,20240522,20,174,60,165.53,9931.8,Recue,0,0
1831,ACH-70615,20240424,20240522,20240522,20,94,36,121.74,4382.64,Recue,0,0
1832,ACH-70615,20240424,20240522,20240522,20,165,36,105.7,3805.2,Recue,0,0
1833,ACH-70615,20240424,20240522,20240522,20,168,36,224.71,8089.56,Recue,0,0
1834,ACH-70616,20240510,20240607,20240607,20,176,120,322.02,38642.4,Recue,0,0
1835,ACH-70616,20240510,20240607,20240607,20,94,120,121.74,14608.8,Recue,0,0
1836,ACH-70616,20240510,20240607,20240607,20,94,36,121.74,4382.64,Recue,0,0
1837,ACH-70616,20240510,20240607,20240607,20,176,-60,322.02,-19321.2,Recue,1,0
1838,ACH-70616,20240510,20240607,20240607,20,168,48,224.71,10786.08,Recue,0,0
1839,ACH-70617,20240529,20240626,20240626,20,179,48,226.59,10876.32,Recue,0,0
1840,ACH-70617,20240529,20240626,20240626,20,94,48,121.74,5843.52,Recue,0,0
1841,ACH-70617,20240529,20240626,20240626,20,176,60,322.02,19321.2,Recue,0,0
1842,ACH-70618,20240610,20240708,20240708,20,165,24,105.7,2536.8,Recue,0,0
1843,ACH-70618,20240610,20240708,20240708,20,179,240,226.59,54381.6,Recue,0,0
1844,ACH-70618,20240610,20240708,20240708,20,176,36,322.02,11592.72,Recue,0,0
1845,ACH-70619,20240625,20240723,20240808,20,174,48,165.53,7945.44,Recue,0,16
1846,ACH-70619,20240625,20240723,20240808,20,179,24,226.59,5438.16,Recue,0,16
1847,ACH-70619,20240625,20240723,20240808,20,179,48,226.59,10876.32,Recue,0,16
1848,ACH-70619,20240625,20240723,20240808,20,168,48,224.71,10786.08,Recue,0,16
1849,ACH-70619,20240625,20240723,20240808,20,176,96,322.02,30913.92,Recue,0,16
1850,ACH-70620,20240714,20240811,20240811,20,168,36,224.71,8089.56,Recue,0,0
1851,ACH-70620,20240714,20240811,20240811,20,176,12,322.02,3864.24,Recue,0,0
1852,ACH-70620,20240714,20240811,20240811,20,176,60,322.02,19321.2,Recue,0,0
1853,ACH-70620,20240714,20240811,20240811,20,173,60,207.98,12478.8,Recue,0,0
1854,ACH-70620,20240714,20240811,20240811,20,173,48,207.98,9983.04,Recue,0,0
1855,ACH-70621,20240731,20240828,20240828,20,176,120,322.02,38642.4,Recue,0,0
1856,ACH-70621,20240731,20240828,20240828,20,173,36,207.98,7487.28,Recue,0,0
1857,ACH-70621,20240731,20240828,20240828,20,174,36,165.53,5959.08,Recue,0,0
1858,ACH-70621,20240731,20240828,20240828,20,165,60,105.7,6342.0,Recue,0,0
1859,ACH-70622,20240814,20240911,20240911,20,165,60,105.7,6342.0,Recue,0,0
1860,ACH-70623,20240902,20240930,20240930,20,173,60,207.98,12478.8,Recue,0,0
1861,ACH-70623,20240902,20240930,20240930,20,176,48,322.02,15456.96,Recue,0,0
1862,ACH-70623,20240902,20240930,20240930,20,173,24,207.98,4991.52,Recue,0,0
1863,ACH-70623,20240902,20240930,20240930,20,176,120,322.02,38642.4,Recue,0,0
1864,ACH-70623,20240902,20240930,20240930,20,179,120,226.59,27190.8,Recue,0,0
1865,ACH-70624,20240918,20241016,20241016,20,94,96,121.74,11687.04,Recue,0,0
1866,ACH-70624,20240918,20241016,20241016,20,168,36,224.71,8089.56,Recue,0,0
1867,ACH-70624,20240918,20241016,20241016,20,94,24,121.74,2921.76,Recue,0,0
1868,ACH-70625,20241001,20241029,20241031,20,94,60,121.74,7304.4,Recue,0,2
1869,ACH-70626,20241014,20241111,20241115,20,179,96,226.59,21752.64,Recue,0,4
1870,ACH-70626,20241014,20241111,20241115,20,168,120,224.71,26965.2,Recue,0,4
1871,ACH-70626,20241014,20241111,20241115,20,176,240,322.02,77284.8,Recue,0,4
1872,ACH-70627,20241101,20241129,20241213,20,94,48,121.74,5843.52,Recue,0,14
1873,ACH-70627,20241101,20241129,20241213,20,173,24,207.98,4991.52,Recue,0,14
1874,ACH-70627,20241101,20241129,20241213,20,179,48,226.59,10876.32,Recue,0,14
1875,ACH-70628,20241110,20241208,20241208,20,168,240,224.71,53930.4,Recue,0,0
1876,ACH-70628,20241110,20241208,20241208,20,94,96,121.74,11687.04,Recue,0,0
1877,ACH-70628,20241110,20241208,20241208,20,173,48,207.98,9983.04,Recue,0,0
1878,ACH-70628,20241110,20241208,20241208,20,179,240,226.59,54381.6,Recue,0,0
1879,ACH-70629,20241122,20241220,20241221,20,94,60,121.74,7304.4,Recue,0,1
1880,ACH-70629,20241122,20241220,20241221,20,174,60,165.53,9931.8,Recue,0,1
1881,ACH-70629,20241122,20241220,20241221,20,174,240,165.53,39727.2,Recue,0,1
1882,ACH-70630,20241209,20250106,20250106,20,179,12,226.59,2719.08,Recue,0,0
1883,ACH-70631,20241226,20250123,20250212,20,174,240,165.53,39727.2,Recue,0,20
1884,ACH-70631,20241226,20250123,20250212,20,168,48,224.71,10786.08,Recue,0,20
1885,ACH-70632,20250107,20250204,20250209,20,174,240,169.01,40562.4,Recue,0,5
1886,ACH-70633,20250119,20250216,20250216,20,165,48,107.92,5180.16,Recue,0,0
1887,ACH-70633,20250119,20250216,20250216,20,179,36,231.35,8328.6,Recue,0,0
1888,ACH-70633,20250119,20250216,20250216,20,174,48,169.01,8112.48,Recue,0,0
1889,ACH-70633,20250119,20250216,20250216,20,174,12,169.01,2028.12,Recue,0,0
1890,ACH-70634,20250205,20250305,20250305,20,174,240,169.01,40562.4,Recue,0,0
1891,ACH-70634,20250205,20250305,20250305,20,176,240,328.78,78907.2,Recue,0,0
1892,ACH-70635,20250217,20250317,20250317,20,176,36,328.78,11836.08,Recue,0,0
1893,ACH-70635,20250217,20250317,20250317,20,165,-60,107.92,-6475.2,Recue,1,0
1894,ACH-70635,20250217,20250317,20250317,20,173,120,212.35,25482.0,Recue,0,0
1895,ACH-70635,20250217,20250317,20250317,20,174,120,169.01,20281.2,Recue,0,0
1896,ACH-70636,20250308,20250405,20250405,20,168,36,229.43,8259.48,Recue,0,0
1897,ACH-70636,20250308,20250405,20250405,20,176,12,328.78,3945.36,Recue,0,0
1898,ACH-70636,20250308,20250405,20250405,20,168,24,229.43,5506.32,Recue,0,0
1899,ACH-70637,20250318,20250415,20250415,20,168,60,229.43,13765.8,Recue,0,0
1900,ACH-70638,20250331,20250428,20250428,20,168,12,229.43,2753.16,Recue,0,0
1901,ACH-70638,20250331,20250428,20250428,20,173,24,212.35,5096.4,Recue,0,0
1902,ACH-70639,20250420,20250518,20250518,20,174,120,169.01,20281.2,Recue,0,0
1903,ACH-70640,20250429,20250527,20250527,20,165,24,107.92,2590.08,Recue,0,0
1904,ACH-70640,20250429,20250527,20250527,20,176,48,328.78,15781.44,Recue,0,0
1905,ACH-70640,20250429,20250527,20250527,20,174,48,169.01,8112.48,Recue,0,0
1906,ACH-70641,20250515,20250612,20250613,20,179,60,231.35,13881.0,Recue,0,1
1907,ACH-70641,20250515,20250612,20250613,20,174,60,169.01,10140.6,Recue,0,1
1908,ACH-70641,20250515,20250612,20250613,20,173,12,212.35,2548.2,Recue,0,1
1909,ACH-70641,20250515,20250612,20250613,20,173,12,212.35,2548.2,Recue,0,1
1910,ACH-70642,20250531,20250628,20250701,20,174,240,169.01,40562.4,Recue,0,3
1911,ACH-70642,20250531,20250628,20250701,20,94,12,124.3,1491.6,Recue,0,3
1912,ACH-70642,20250531,20250628,20250701,20,168,48,229.43,11012.64,Recue,0,3
1913,ACH-70642,20250531,20250628,20250701,20,94,96,124.3,11932.8,Recue,0,3
1914,ACH-70643,20250618,20250716,20250807,20,179,12,231.35,2776.2,Recue,0,22
1915,ACH-70643,20250618,20250716,20250807,20,174,120,169.01,20281.2,Recue,0,22
1916,ACH-70643,20250618,20250716,20250807,20,176,36,328.78,11836.08,Recue,0,22
1917,ACH-70644,20250704,20250801,20250801,20,94,24,124.3,2983.2,Recue,0,0
1918,ACH-70645,20250713,20250810,20250810,20,173,36,212.35,7644.6,Recue,0,0
1919,ACH-70646,20250725,20250822,20250822,20,179,240,231.35,55524.0,Recue,0,0
1920,ACH-70646,20250725,20250822,20250822,20,173,60,212.35,12741.0,Recue,0,0
1921,ACH-70647,20250806,20250903,20250903,20,174,240,169.01,40562.4,Recue,0,0
1922,ACH-70648,20250820,20250917,20250917,20,179,240,231.35,55524.0,Recue,0,0
1923,ACH-70648,20250820,20250917,20250917,20,176,48,328.78,15781.44,Recue,0,0
1924,ACH-70648,20250820,20250917,20250917,20,173,120,212.35,25482.0,Recue,0,0
1925,ACH-70648,20250820,20250917,20250917,20,176,96,328.78,31562.88,Recue,0,0
1926,ACH-70648,20250820,20250917,20250917,20,94,24,124.3,2983.2,Recue,0,0
1927,ACH-70649,20250831,20250928,20251004,20,173,96,212.35,20385.6,Recue,0,6
1928,ACH-70649,20250831,20250928,20251004,20,94,96,124.3,11932.8,Recue,0,6
1929,ACH-70650,20250918,20251016,20251016,20,165,240,107.92,25900.8,Recue,0,0
1930,ACH-70651,20251007,20251104,20251104,20,179,240,231.35,55524.0,Recue,0,0
1931,ACH-70651,20251007,20251104,20251104,20,165,60,107.92,6475.2,Recue,0,0
1932,ACH-70651,20251007,20251104,20251104,20,176,12,328.78,3945.36,Recue,0,0
1933,ACH-70651,20251007,20251104,20251104,20,165,-9,107.92,-971.28,Recue,1,0
1934,ACH-70651,20251007,20251104,20251104,20,179,12,231.35,2776.2,Recue,0,0
1935,ACH-70652,20251027,20251124,20251128,20,94,12,124.3,1491.6,Recue,0,4
1936,ACH-70652,20251027,20251124,20251128,20,174,96,169.01,16224.96,Recue,0,4
1937,ACH-70653,20251114,20251212,20251212,20,176,120,328.78,39453.6,Recue,0,0
1938,ACH-70653,20251114,20251212,20251212,20,94,240,124.3,29832.0,Recue,0,0
1939,ACH-70654,20251127,20251225,20251225,20,168,96,229.43,22025.28,Recue,0,0
1940,ACH-70654,20251127,20251225,20251225,20,176,12,328.78,3945.36,Recue,0,0
1941,ACH-70654,20251127,20251225,20251225,20,179,96,231.35,22209.6,Recue,0,0
1942,ACH-70655,20251210,20260107,,20,165,60,107.92,6475.2,En transit,0,
1943,ACH-70655,20251210,20260107,,20,173,240,212.35,50964.0,En transit,0,
1944,ACH-70655,20251210,20260107,,20,94,60,124.3,7458.0,En transit,0,
1945,ACH-70656,20251223,20260120,,20,173,96,212.35,20385.6,En transit,0,
1946,ACH-70656,20251223,20260120,,20,94,60,124.3,7458.0,En transit,0,
1947,ACH-70656,20251223,20260120,,20,173,60,212.35,12741.0,En transit,0,
1948,ACH-70656,20251223,20260120,,20,168,240,229.43,55063.2,En transit,0,
1949,ACH-70657,20240117,20240131,20240131,21,116,24,58.93,1414.32,Recue,0,0
1950,ACH-70657,20240117,20240131,20240131,21,104,240,75.12,18028.8,Recue,0,0
1951,ACH-70658,20240126,20240209,20240209,21,107,36,147.44,5307.84,Recue,0,0
1952,ACH-70659,20240207,20240221,20240221,21,115,24,46.26,1110.24,Recue,0,0
1953,ACH-70659,20240207,20240221,20240221,21,16,48,219.41,10531.68,Recue,0,0
1954,ACH-70659,20240207,20240221,20240221,21,124,36,150.61,5421.96,Recue,0,0
1955,ACH-70659,20240207,20240221,20240221,21,107,48,147.44,7077.12,Recue,0,0
1956,ACH-70659,20240207,20240221,20240221,21,107,36,147.44,5307.84,Recue,0,0
1957,ACH-70660,20240218,20240303,20240303,21,104,60,75.12,4507.2,Recue,0,0
1958,ACH-70661,20240305,20240319,20240406,21,104,96,75.12,7211.52,Recue,0,18
1959,ACH-70661,20240305,20240319,20240406,21,113,36,276.01,9936.36,Recue,0,18
1960,ACH-70661,20240305,20240319,20240406,21,33,60,110.89,6653.4,Recue,0,18
1961,ACH-70662,20240324,20240407,20240422,21,107,120,147.44,17692.8,Recue,0,15
1962,ACH-70662,20240324,20240407,20240422,21,113,12,276.01,3312.12,Recue,0,15
1963,ACH-70662,20240324,20240407,20240422,21,124,12,150.61,1807.32,Recue,0,15
1964,ACH-70662,20240324,20240407,20240422,21,115,12,46.26,555.12,Recue,0,15
1965,ACH-70662,20240324,20240407,20240422,21,4,36,155.56,5600.16,Recue,0,15
1966,ACH-70663,20240407,20240421,20240421,21,4,96,155.56,14933.76,Recue,0,0
1967,ACH-70663,20240407,20240421,20240421,21,107,240,147.44,35385.6,Recue,0,0
1968,ACH-70663,20240407,20240421,20240421,21,23,60,239.29,14357.4,Recue,0,0
1969,ACH-70663,20240407,20240421,20240421,21,124,60,150.61,9036.6,Recue,0,0
1970,ACH-70664,20240425,20240509,20240526,21,110,36,178.91,6440.76,Recue,0,17
1971,ACH-70664,20240425,20240509,20240526,21,26,60,241.74,14504.4,Recue,0,17
1972,ACH-70664,20240425,20240509,20240526,21,33,36,110.89,3992.04,Recue,0,17
1973,ACH-70665,20240511,20240525,20240525,21,110,48,178.91,8587.68,Recue,0,0
1974,ACH-70666,20240525,20240608,20240608,21,33,240,110.89,26613.6,Recue,0,0
1975,ACH-70666,20240525,20240608,20240608,21,113,12,276.01,3312.12,Recue,0,0
1976,ACH-70666,20240525,20240608,20240608,21,16,60,219.41,13164.6,Recue,0,0
1977,ACH-70667,20240612,20240626,20240717,21,113,96,276.01,26496.96,Recue,0,21
1978,ACH-70667,20240612,20240626,20240717,21,26,36,241.74,8702.64,Recue,0,21
1979,ACH-70667,20240612,20240626,20240717,21,33,12,110.89,1330.68,Recue,0,21
1980,ACH-70667,20240612,20240626,20240717,21,16,36,219.41,7898.76,Recue,0,21
1981,ACH-70667,20240612,20240626,20240717,21,110,60,178.91,10734.6,Recue,0,21
1982,ACH-70668,20240629,20240713,20240713,21,124,-30,150.61,-4518.3,Recue,1,0
1983,ACH-70668,20240629,20240713,20240713,21,116,60,58.93,3535.8,Recue,0,0
1984,ACH-70668,20240629,20240713,20240713,21,107,48,147.44,7077.12,Recue,0,0
1985,ACH-70668,20240629,20240713,20240713,21,26,120,241.74,29008.8,Recue,0,0
1986,ACH-70669,20240713,20240727,20240727,21,115,12,46.26,555.12,Recue,0,0
1987,ACH-70669,20240713,20240727,20240727,21,107,240,147.44,35385.6,Recue,0,0
1988,ACH-70669,20240713,20240727,20240727,21,115,120,46.26,5551.2,Recue,0,0
1989,ACH-70669,20240713,20240727,20240727,21,16,96,219.41,21063.36,Recue,0,0
1990,ACH-70669,20240713,20240727,20240727,21,116,24,58.93,1414.32,Recue,0,0
1991,ACH-70670,20240726,20240809,20240813,21,16,96,219.41,21063.36,Recue,0,4
1992,ACH-70670,20240726,20240809,20240813,21,4,12,155.56,1866.72,Recue,0,4
1993,ACH-70670,20240726,20240809,20240813,21,33,-3,110.89,-332.67,Recue,1,4
1994,ACH-70670,20240726,20240809,20240813,21,107,120,147.44,17692.8,Recue,0,4
1995,ACH-70671,20240813,20240827,20240827,21,26,36,241.74,8702.64,Recue,0,0
1996,ACH-70671,20240813,20240827,20240827,21,124,60,150.61,9036.6,Recue,0,0
1997,ACH-70672,20240829,20240912,20240912,21,26,120,241.74,29008.8,Recue,0,0
1998,ACH-70672,20240829,20240912,20240912,21,124,24,150.61,3614.64,Recue,0,0
1999,ACH-70672,20240829,20240912,20240912,21,113,36,276.01,9936.36,Recue,0,0
2000,ACH-70672,20240829,20240912,20240912,21,33,24,110.89,2661.36,Recue,0,0
2001,ACH-70673,20240914,20240928,20240928,21,26,120,241.74,29008.8,Recue,0,0
2002,ACH-70673,20240914,20240928,20240928,21,26,48,241.74,11603.52,Recue,0,0
2003,ACH-70673,20240914,20240928,20240928,21,116,-15,58.93,-883.95,Recue,1,0
2004,ACH-70673,20240914,20240928,20240928,21,115,12,46.26,555.12,Recue,0,0
2005,ACH-70674,20241001,20241015,20241015,21,113,96,276.01,26496.96,Recue,0,0
2006,ACH-70674,20241001,20241015,20241015,21,104,24,75.12,1802.88,Recue,0,0
2007,ACH-70675,20241013,20241027,20241027,21,110,-6,178.91,-1073.46,Recue,1,0
2008,ACH-70675,20241013,20241027,20241027,21,4,48,155.56,7466.88,Recue,0,0
2009,ACH-70676,20241023,20241106,20241108,21,115,48,46.26,2220.48,Recue,0,2
2010,ACH-70676,20241023,20241106,20241108,21,110,24,178.91,4293.84,Recue,0,2
2011,ACH-70677,20241106,20241120,20241126,21,124,96,150.61,14458.56,Recue,0,6
2012,ACH-70677,20241106,20241120,20241126,21,110,12,178.91,2146.92,Recue,0,6
2013,ACH-70677,20241106,20241120,20241126,21,124,60,150.61,9036.6,Recue,0,6
2014,ACH-70677,20241106,20241120,20241126,21,113,48,276.01,13248.48,Recue,0,6
2015,ACH-70677,20241106,20241120,20241126,21,26,36,241.74,8702.64,Recue,0,6
2016,ACH-70678,20241125,20241209,20241209,21,115,240,46.26,11102.4,Recue,0,0
2017,ACH-70678,20241125,20241209,20241209,21,26,24,241.74,5801.76,Recue,0,0
2018,ACH-70678,20241125,20241209,20241209,21,110,48,178.91,8587.68,Recue,0,0
2019,ACH-70678,20241125,20241209,20241209,21,124,-15,150.61,-2259.15,Recue,1,0
2020,ACH-70678,20241125,20241209,20241209,21,26,24,241.74,5801.76,Recue,0,0
2021,ACH-70679,20241210,20241224,20241224,21,104,96,75.12,7211.52,Recue,0,0
2022,ACH-70679,20241210,20241224,20241224,21,33,240,110.89,26613.6,Recue,0,0
2023,ACH-70679,20241210,20241224,20241224,21,110,96,178.91,17175.36,Recue,0,0
2024,ACH-70680,20241219,20250102,20250102,21,104,240,75.12,18028.8,Recue,0,0
2025,ACH-70680,20241219,20250102,20250102,21,113,12,276.01,3312.12,Recue,0,0
2026,ACH-70680,20241219,20250102,20250102,21,26,12,241.74,2900.88,Recue,0,0
2027,ACH-70680,20241219,20250102,20250102,21,4,24,155.56,3733.44,Recue,0,0
2028,ACH-70681,20250103,20250117,20250117,21,110,24,182.67,4384.08,Recue,0,0
2029,ACH-70681,20250103,20250117,20250117,21,23,120,244.32,29318.4,Recue,0,0
2030,ACH-70681,20250103,20250117,20250117,21,113,240,281.81,67634.4,Recue,0,0
2031,ACH-70681,20250103,20250117,20250117,21,115,48,47.23,2267.04,Recue,0,0
2032,ACH-70682,20250123,20250206,20250206,21,23,48,244.32,11727.36,Recue,0,0
2033,ACH-70682,20250123,20250206,20250206,21,104,120,76.7,9204.0,Recue,0,0
2034,ACH-70682,20250123,20250206,20250206,21,107,120,150.54,18064.8,Recue,0,0
2035,ACH-70682,20250123,20250206,20250206,21,4,120,158.83,19059.6,Recue,0,0
2036,ACH-70683,20250204,20250218,20250218,21,124,36,153.77,5535.72,Recue,0,0
2037,ACH-70684,20250214,20250228,20250228,21,26,48,246.82,11847.36,Recue,0,0
2038,ACH-70685,20250305,20250319,20250319,21,26,36,246.82,8885.52,Recue,0,0
2039,ACH-70685,20250305,20250319,20250319,21,4,120,158.83,19059.6,Recue,0,0
2040,ACH-70685,20250305,20250319,20250319,21,113,60,281.81,16908.6,Recue,0,0
2041,ACH-70686,20250315,20250329,20250401,21,115,96,47.23,4534.08,Recue,0,3
2042,ACH-70687,20250324,20250407,20250407,21,113,36,281.81,10145.16,Recue,0,0
2043,ACH-70687,20250324,20250407,20250407,21,115,12,47.23,566.76,Recue,0,0
2044,ACH-70687,20250324,20250407,20250407,21,115,120,47.23,5667.6,Recue,0,0
2045,ACH-70688,20250409,20250423,20250423,21,110,240,182.67,43840.8,Recue,0,0
2046,ACH-70688,20250409,20250423,20250423,21,124,96,153.77,14761.92,Recue,0,0
2047,ACH-70688,20250409,20250423,20250423,21,107,24,150.54,3612.96,Recue,0,0
2048,ACH-70690,20250513,20250527,20250527,21,124,120,153.77,18452.4,Recue,0,0
2049,ACH-70691,20250525,20250608,20250608,21,26,240,246.82,59236.8,Recue,0,0
2050,ACH-70691,20250525,20250608,20250608,21,115,36,47.23,1700.28,Recue,0,0
2051,ACH-70692,20250609,20250623,20250623,21,116,240,60.17,14440.8,Recue,0,0
2052,ACH-70692,20250609,20250623,20250623,21,104,48,76.7,3681.6,Recue,0,0
2053,ACH-70692,20250609,20250623,20250623,21,26,48,246.82,11847.36,Recue,0,0
2054,ACH-70692,20250609,20250623,20250623,21,110,120,182.67,21920.4,Recue,0,0
2055,ACH-70692,20250609,20250623,20250623,21,116,120,60.17,7220.4,Recue,0,0
2056,ACH-70693,20250629,20250713,20250713,21,16,60,224.02,13441.2,Recue,0,0
2057,ACH-70693,20250629,20250713,20250713,21,110,24,182.67,4384.08,Recue,0,0
2058,ACH-70693,20250629,20250713,20250713,21,116,120,60.17,7220.4,Recue,0,0
2059,ACH-70693,20250629,20250713,20250713,21,16,12,224.02,2688.24,Recue,0,0
2060,ACH-70693,20250629,20250713,20250713,21,107,48,150.54,7225.92,Recue,0,0
2061,ACH-70694,20250714,20250728,20250728,21,33,60,113.22,6793.2,Recue,0,0
2062,ACH-70694,20250714,20250728,20250728,21,4,240,158.83,38119.2,Recue,0,0
2063,ACH-70694,20250714,20250728,20250728,21,124,120,153.77,18452.4,Recue,0,0
2064,ACH-70695,20250724,20250807,20250807,21,23,240,244.32,58636.8,Recue,0,0
2065,ACH-70695,20250724,20250807,20250807,21,107,96,150.54,14451.84,Recue,0,0
2066,ACH-70695,20250724,20250807,20250807,21,116,60,60.17,3610.2,Recue,0,0
2067,ACH-70695,20250724,20250807,20250807,21,107,24,150.54,3612.96,Recue,0,0
2068,ACH-70696,20250806,20250820,20250820,21,124,240,153.77,36904.8,Recue,0,0
2069,ACH-70697,20250821,20250904,20250904,21,104,96,76.7,7363.2,Recue,0,0
2070,ACH-70698,20250906,20250920,20250920,21,33,240,113.22,27172.8,Recue,0,0
2071,ACH-70698,20250906,20250920,20250920,21,113,48,281.81,13526.88,Recue,0,0
2072,ACH-70698,20250906,20250920,20250920,21,16,60,224.02,13441.2,Recue,0,0
2073,ACH-70699,20250915,20250929,20250929,21,113,12,281.81,3381.72,Recue,0,0
2074,ACH-70699,20250915,20250929,20250929,21,4,36,158.83,5717.88,Recue,0,0
2075,ACH-70699,20250915,20250929,20250929,21,124,60,153.77,9226.2,Recue,0,0
2076,ACH-70699,20250915,20250929,20250929,21,104,12,76.7,920.4,Recue,0,0
2077,ACH-70700,20250926,20251010,20251010,21,124,240,153.77,36904.8,Recue,0,0
2078,ACH-70700,20250926,20251010,20251010,21,26,24,246.82,5923.68,Recue,0,0
2079,ACH-70700,20250926,20251010,20251010,21,33,60,113.22,6793.2,Recue,0,0
2080,ACH-70701,20251006,20251020,20251020,21,110,36,182.67,6576.12,Recue,0,0
2081,ACH-70701,20251006,20251020,20251020,21,110,12,182.67,2192.04,Recue,0,0
2082,ACH-70701,20251006,20251020,20251020,21,110,36,182.67,6576.12,Recue,0,0
2083,ACH-70701,20251006,20251020,20251020,21,23,36,244.32,8795.52,Recue,0,0
2084,ACH-70702,20251017,20251031,20251104,21,23,60,244.32,14659.2,Recue,0,4
2085,ACH-70702,20251017,20251031,20251104,21,107,12,150.54,1806.48,Recue,0,4
2086,ACH-70702,20251017,20251031,20251104,21,113,12,281.81,3381.72,Recue,0,4
2087,ACH-70702,20251017,20251031,20251104,21,110,48,182.67,8768.16,Recue,0,4
2088,ACH-70703,20251106,20251120,20251120,21,124,36,153.77,5535.72,Recue,0,0
2089,ACH-70703,20251106,20251120,20251120,21,124,12,153.77,1845.24,Recue,0,0
2090,ACH-70703,20251106,20251120,20251120,21,113,36,281.81,10145.16,Recue,0,0
2091,ACH-70703,20251106,20251120,20251120,21,4,48,158.83,7623.84,Recue,0,0
2092,ACH-70704,20251120,20251204,20251211,21,124,12,153.77,1845.24,Recue,0,7
2093,ACH-70704,20251120,20251204,20251211,21,116,36,60.17,2166.12,Recue,0,7
2094,ACH-70705,20251206,20251220,20251220,21,26,12,246.82,2961.84,Recue,0,0
2095,ACH-70705,20251206,20251220,20251220,21,113,12,281.81,3381.72,Recue,0,0
2096,ACH-70706,20251224,20260107,,21,107,36,150.54,5419.44,En transit,0,
2097,ACH-70706,20251224,20260107,,21,4,48,158.83,7623.84,En transit,0,
