stock_id,date_id,entrepot_id,produit_id,quantite,cout_unitaire,valeur_stock,seuil_minimum,sous_seuil
1,20240229,3,141,14,307.78,4308.92,4,0
2,20250331,3,136,16,112.45,1799.2,5,0
3,20251031,1,28,13,143.73,1868.49,14,1
4,20241130,3,108,15,166.46,2496.9,6,0
5,20240131,3,141,16,307.78,4924.48,4,0
6,20240331,3,131,21,36.32,762.72,6,0
7,20241231,3,169,38,276.47,10505.86,6,0
8,20250228,3,102,7,260.69,1824.83,4,0
9,20250731,3,172,26,221.22,5751.72,5,0
10,20250630,1,61,91,76.81,6989.71,18,0
11,20240731,1,152,12,265.82,3189.84,10,0
12,20240930,2,27,12,249.72,2996.64,14,1
13,20241031,2,118,0,336.11,0.0,12,1
14,20250630,1,178,35,119.43,4180.05,17,0
15,20250930,3,33,15,113.22,1698.3,6,0
16,20240630,2,107,60,147.44,8846.4,13,0
17,20250430,3,160,44,41.56,1828.64,6,0
18,20240831,2,66,39,199.26,7771.14,9,0
19,20240131,2,57,22,19.26,423.72,16,0
20,20251031,2,56,12,293.14,3517.68,18,1
21,20240731,1,34,63,151.89,9569.07,13,0
22,20240731,2,108,10,166.46,1664.6,13,1
23,20250930,2,29,13,243.45,3164.85,10,0
24,20240331,2,58,72,146.46,10545.12,17,0
25,20251031,1,67,73,28.64,2090.72,14,0
26,20240430,1,63,101,242.15,24457.15,21,0
27,20251130,3,80,61,208.57,12722.77,5,0
28,20240531,1,60,99,241.9,23948.1,17,0
29,20240930,1,167,22,205.42,4519.24,13,0
30,20250831,1,83,65,189.32,12305.8,11,0
31,20250331,1,146,9,225.52,2029.68,14,1
32,20251031,3,99,88,346.57,30498.16,5,0
33,20240930,1,98,97,257.11,24939.67,15,0
34,20250531,2,169,29,282.28,8186.12,13,0
35,20250228,1,18,10,247.17,2471.7,6,0
36,20251130,1,17,14,313.71,4391.94,14,0
37,20250430,1,78,5,201.79,1008.95,9,1
38,20251130,1,8,11,155.34,1708.74,10,0
39,20240531,1,157,42,24.69,1036.98,13,0
40,20250930,1,106,3,340.08,1020.24,14,1
41,20240630,2,123,63,129.56,8162.28,13,0
42,20250831,2,182,27,58.06,1567.62,13,0
43,20240531,2,83,6,157.14,942.84,10,1
44,20250531,2,67,14,28.64,400.96,13,0
45,20250430,2,135,28,40.73,1140.44,14,0
46,20240229,3,74,15,108.27,1624.05,5,0
47,20250331,1,8,9,131.65,1184.85,10,1
48,20241231,1,79,12,144.83,1737.96,12,0
49,20241231,1,36,27,159.06,4294.62,19,0
50,20241031,3,36,39,159.06,6203.34,8,0
51,20240331,2,157,28,24.69,691.32,12,0
52,20250430,3,163,30,300.77,9023.1,4,0
53,20250131,1,145,35,111.12,3889.2,16,0
54,20250630,3,50,117,297.82,34844.94,8,0
55,20250131,1,180,45,95.3,4288.5,15,0
56,20250228,3,2,0,298.72,0.0,3,1
57,20250630,3,141,21,314.24,6599.04,4,0
58,20241231,3,55,18,209.35,3768.3,7,0
59,20240331,2,57,85,19.26,1637.1,16,0
60,20250831,1,108,11,169.96,1869.56,14,1
61,20250228,1,139,17,203.11,3452.87,17,0
62,20250430,3,28,94,143.73,13510.62,6,0
63,20250731,2,175,36,96.85,3486.6,16,0
64,20241130,1,67,68,23.77,1616.36,14,0
65,20250930,2,23,7,244.32,1710.24,13,1
66,20240331,3,103,11,151.66,1668.26,5,0
67,20250430,1,132,6,128.45,770.7,14,1
68,20250531,1,5,78,208.35,16251.3,13,0
69,20250430,3,136,9,112.45,1012.05,5,0
70,20240430,1,147,17,339.78,5776.26,10,0
71,20251231,3,150,84,347.06,29153.04,6,0
72,20250131,3,37,39,16.65,649.35,9,0
73,20241231,3,54,8,257.53,2060.24,7,0
74,20240131,3,16,19,219.41,4168.79,4,0
75,20240630,3,83,27,157.14,4242.78,4,0
76,20250131,2,32,14,347.11,4859.54,12,0
77,20241130,2,39,25,119.66,2991.5,18,0
78,20241231,2,95,9,53.64,482.76,7,0
79,20250831,3,177,25,215.66,5391.5,5,0
80,20240630,1,72,23,196.62,4522.26,13,0
81,20250131,1,165,15,107.92,1618.8,12,0
82,20251031,2,109,4,310.2,1240.8,10,1
83,20240229,3,83,12,157.14,1885.68,4,0
84,20240430,1,130,2,317.23,634.46,14,1
85,20240430,3,126,60,130.29,7817.4,5,0
86,20250228,2,113,11,281.81,3099.91,9,0
87,20250430,3,89,1,160.95,160.95,5,1
88,20240331,3,137,0,25.06,0.0,5,1
89,20240229,3,179,31,226.59,7024.29,5,0
90,20250831,3,132,15,128.45,1926.75,6,0
91,20240331,1,49,110,30.58,3363.8,18,0
92,20241130,2,67,57,23.77,1354.89,13,0
93,20240930,2,92,68,140.04,9522.72,14,0
94,20250430,3,51,124,79.76,9890.24,8,0
95,20251031,3,179,46,231.35,10642.1,5,0
96,20251031,3,127,79,174.31,13770.49,6,0
97,20250531,1,106,62,340.08,21084.96,14,0
98,20250131,2,57,4,19.66,78.64,16,1
99,20250831,1,13,8,315.34,2522.72,12,1
100,20240630,1,102,2,255.33,510.66,10,1
101,20250930,1,46,21,372.17,7815.57,17,0
102,20241031,1,173,45,207.98,9359.1,16,0
103,20240630,1,98,16,257.11,4113.76,15,0
104,20250930,2,43,10,300.28,3002.8,14,1
105,20251130,1,41,3,163.24,489.72,16,1
106,20240731,3,36,123,159.06,19564.38,8,0
107,20240630,2,156,14,161.25,2257.5,11,0
108,20240331,1,127,16,170.72,2731.52,15,0
109,20250731,2,124,6,153.77,922.62,12,1
110,20251231,3,148,86,302.28,25996.08,5,0
111,20240731,1,15,78,318.69,24857.82,14,0
112,20241130,3,92,89,140.04,12463.56,6,0
113,20240831,3,108,17,166.46,2829.82,6,0
114,20240930,2,86,60,80.72,4843.2,11,0
115,20240831,1,117,11,98.28,1081.08,10,0
116,20240331,1,173,28,207.98,5823.44,16,0
117,20250731,2,86,13,97.25,1264.25,11,0
118,20250630,3,120,81,186.72,15124.32,5,0
119,20241231,1,159,42,166.16,6978.72,20,0
120,20240131,2,68,15,284.28,4264.2,12,0
121,20250731,2,55,94,213.75,20092.5,15,0
122,20250228,3,124,1,153.77,153.77,5,1
123,20240331,1,125,16,285.25,4564.0,12,0
124,20250331,2,153,9,116.0,1044.0,10,1
125,20250630,2,146,2,225.52,451.04,14,1
126,20250930,2,38,19,319.94,6078.86,20,1
127,20250131,1,10,0,88.91,0.0,12,1
128,20240630,2,69,12,198.5,2382.0,11,0
129,20241231,3,99,10,287.66,2876.6,5,0
130,20250131,1,51,23,79.76,1834.48,18,0
131,20250630,1,131,12,37.08,444.96,14,1
132,20240831,3,74,92,108.27,9960.84,5,0
133,20250930,3,27,28,254.96,7138.88,6,0
134,20240229,1,165,40,105.7,4228.0,12,0
135,20241130,1,159,52,166.16,8640.32,20,0
136,20241231,1,58,0,146.46,0.0,18,1
137,20250531,1,161,24,64.16,1539.84,14,0
138,20250531,1,166,37,217.35,8041.95,13,0
139,20240630,1,82,19,278.39,5289.41,11,0
140,20251130,1,116,19,60.17,1143.23,16,0
141,20251031,1,156,58,164.64,9549.12,12,0
142,20240731,2,165,18,105.7,1902.6,12,0
143,20250331,1,13,11,315.34,3468.74,12,1
144,20240930,2,113,2,276.01,552.02,9,1
145,20250930,1,26,11,246.82,2715.02,11,0
146,20250228,1,60,23,246.98,5680.54,17,0
147,20250331,1,31,5,300.62,1503.1,14,1
148,20240229,2,21,0,201.55,0.0,11,1
149,20241231,2,33,11,110.89,1219.79,13,1
150,20250228,1,143,8,220.45,1763.6,13,1
151,20250731,3,162,51,68.38,3487.38,6,0
152,20240831,1,104,7,75.12,525.84,11,1
153,20250731,2,83,13,189.32,2461.16,10,0
154,20250731,2,139,15,203.11,3046.65,16,1
155,20250831,3,148,0,302.28,0.0,5,1
156,20250531,3,156,13,164.64,2140.32,5,0
157,20250430,1,156,5,164.64,823.2,12,1
158,20250831,2,80,48,208.57,10011.36,11,0
159,20240930,1,182,30,56.87,1706.1,14,0
160,20240131,1,148,13,296.06,3848.78,12,0
161,20241130,1,68,59,284.28,16772.52,13,0
162,20250228,2,77,6,171.09,1026.54,13,1
163,20241231,3,116,0,58.93,0.0,7,1
164,20241231,1,64,30,69.43,2082.9,15,0
165,20251130,2,42,17,267.02,4539.34,22,1
166,20250930,1,2,6,298.72,1792.32,7,1
167,20250930,1,110,11,182.67,2009.37,12,1
168,20240630,1,124,84,150.61,12651.24,12,0
169,20250731,2,154,3,329.92,989.76,12,1
170,20241031,1,141,57,307.78,17543.46,10,0
171,20240831,1,128,1,77.25,77.25,10,1
172,20250930,3,68,89,342.49,30481.61,5,0
173,20250331,1,116,4,60.17,240.68,16,1
174,20240229,3,100,6,306.44,1838.64,4,0
175,20250831,1,57,89,23.2,2064.8,17,0
176,20251130,1,45,13,78.37,1018.81,16,1
177,20240930,2,105,0,166.12,0.0,11,1
178,20240731,3,9,42,66.28,2783.76,3,0
179,20240731,3,50,78,291.69,22751.82,8,0
180,20250930,1,64,15,70.89,1063.35,15,0
181,20250430,1,72,13,200.75,2609.75,13,0
182,20250630,1,87,0,215.66,0.0,15,1
183,20250531,1,86,2,97.25,194.5,12,1
184,20251130,1,92,66,168.72,11135.52,15,0
185,20250430,1,35,70,30.63,2144.1,19,0
186,20250131,1,169,21,282.28,5927.88,14,0
187,20250831,2,54,68,262.94,17879.92,16,0
188,20250930,2,32,4,409.59,1638.36,12,1
189,20240630,3,160,69,40.71,2808.99,6,0
190,20250228,1,129,16,46.45,743.2,20,1
191,20250430,2,128,10,78.87,788.7,10,0
192,20240930,2,149,70,108.85,7619.5,17,0
193,20250531,2,173,40,212.35,8494.0,15,0
194,20250831,2,121,3,44.65,133.95,9,1
195,20250131,1,117,0,100.34,0.0,10,1
196,20240731,1,83,9,157.14,1414.26,11,1
197,20250331,3,107,15,150.54,2258.1,6,0
198,20240430,2,157,12,24.69,296.28,12,0
199,20250331,1,12,0,69.62,0.0,11,1
200,20250831,1,117,0,100.34,0.0,10,1
201,20240930,3,143,72,215.92,15546.24,5,0
202,20250630,2,137,5,25.59,127.95,13,1
203,20250331,2,36,91,162.4,14778.4,18,0
204,20240930,1,160,20,40.71,814.2,15,0
205,20240930,3,109,17,303.82,5164.94,4,0
206,20250630,2,79,6,147.87,887.22,12,1
207,20251130,2,146,51,225.52,11501.52,14,0
208,20241231,2,164,11,98.38,1082.18,10,0
209,20241231,2,124,0,150.61,0.0,12,1
210,20250331,1,69,13,202.67,2634.71,12,0
211,20250331,1,140,9,41.26,371.34,12,1
212,20240930,2,2,1,292.58,292.58,7,1
213,20240131,3,178,44,116.97,5146.68,7,0
214,20240131,3,167,25,205.42,5135.5,5,0
215,20251130,1,34,14,182.99,2561.86,13,0
216,20250331,1,7,10,57.14,571.4,10,0
217,20250131,1,34,8,155.08,1240.64,13,1
218,20240831,2,67,60,23.77,1426.2,13,0
219,20241130,1,30,17,98.88,1680.96,11,0
220,20240229,2,40,9,268.77,2418.93,17,1
221,20250930,2,48,13,33.51,435.63,15,1
222,20250731,1,74,4,130.44,521.76,13,1
223,20251031,1,91,72,336.22,24207.84,11,0
224,20240531,1,137,0,25.06,0.0,13,1
225,20250228,3,177,47,215.66,10136.02,5,0
226,20241130,1,43,26,294.1,7646.6,15,0
227,20250331,1,91,18,284.93,5128.74,11,0
228,20250228,3,94,11,124.3,1367.3,5,0
229,20241130,3,19,15,170.21,2553.15,5,0
230,20250430,1,135,6,40.73,244.38,15,1
231,20250228,2,2,6,298.72,1792.32,7,1
232,20240229,2,41,10,159.88,1598.8,15,1
233,20250731,3,118,13,343.17,4461.21,5,0
234,20241130,1,24,9,185.46,1669.14,12,1
235,20250131,2,156,6,164.64,987.84,11,1
236,20240930,2,58,18,146.46,2636.28,17,0
237,20250228,2,167,23,209.73,4823.79,12,0
238,20251031,1,2,8,298.72,2389.76,7,0
239,20250131,2,83,8,160.44,1283.52,10,1
240,20250331,2,48,62,33.51,2077.62,15,0
241,20240131,2,8,8,128.94,1031.52,9,1
242,20240430,2,56,94,287.11,26988.34,18,0
243,20250531,2,152,7,271.4,1899.8,9,1
244,20240229,1,57,14,19.26,269.64,17,1
245,20240930,1,21,5,201.55,1007.75,12,1
246,20240229,1,136,19,110.14,2092.66,12,0
247,20250531,2,142,12,100.93,1211.16,10,0
248,20250930,1,48,6,33.51,201.06,16,1
249,20250831,3,112,4,67.02,268.08,5,1
250,20240430,3,50,116,291.69,33836.04,8,0
251,20251130,2,176,23,328.78,7561.94,16,0
252,20240731,2,90,6,57.58,345.48,11,1
253,20241130,1,52,0,179.27,0.0,17,1
254,20240229,2,128,17,77.25,1313.25,10,0
255,20250630,2,127,10,174.31,1743.1,14,1
256,20250731,2,85,7,49.28,344.96,9,1
257,20240131,3,26,16,241.74,3867.84,4,0
258,20250630,1,169,46,282.28,12984.88,14,0
259,20240430,3,8,65,128.94,8381.1,4,0
260,20240930,3,55,25,209.35,5233.75,7,0
261,20241031,1,43,0,294.1,0.0,15,1
262,20240831,1,154,5,323.13,1615.65,13,1
263,20250430,1,93,7,134.96,944.72,10,1
264,20241031,2,77,63,167.57,10556.91,13,0
265,20241231,3,126,0,130.29,0.0,5,1
266,20250131,1,61,24,76.81,1843.44,18,0
267,20240731,1,99,25,287.66,7191.5,12,0
268,20250131,2,163,13,300.77,3910.01,10,0
269,20250430,1,48,83,33.51,2781.33,16,0
270,20250930,2,109,8,310.2,2481.6,10,1
271,20251231,1,137,86,25.59,2200.74,13,0
272,20250930,2,108,3,169.96,509.88,13,1
273,20251231,1,96,15,205.7,3085.5,10,0
274,20241130,1,82,52,278.39,14476.28,11,0
275,20240131,1,49,34,30.58,1039.72,18,0
276,20250831,3,97,83,253.06,21003.98,5,0
277,20240131,1,84,14,312.0,4368.0,12,0
278,20240731,1,103,8,151.66,1213.28,13,1
279,20240831,1,106,13,333.09,4330.17,14,1
280,20250228,1,105,11,169.61,1865.71,12,1
281,20250430,2,126,65,133.03,8646.95,12,0
282,20240531,2,71,4,301.72,1206.88,15,1
283,20250331,1,149,29,111.14,3223.06,18,0
284,20240430,2,106,60,333.09,19985.4,13,0
285,20250331,1,153,11,116.0,1276.0,11,0
286,20250630,2,108,61,169.96,10367.56,13,0
287,20250831,2,168,28,229.43,6424.04,12,0
288,20240731,1,110,10,178.91,1789.1,12,1
289,20250228,1,172,20,221.22,4424.4,13,0
290,20240531,1,143,2,215.92,431.84,13,1
291,20250831,1,54,101,262.94,26556.94,17,0
292,20251231,3,82,13,335.4,4360.2,4,0
293,20251031,2,96,48,205.7,9873.6,10,0
294,20250731,1,143,9,220.45,1984.05,13,1
295,20241231,3,33,38,110.89,4213.82,6,0
296,20250630,1,111,67,148.9,9976.3,12,0
297,20240331,1,66,8,199.26,1594.08,10,1
298,20240831,1,176,52,322.02,16745.04,17,0
299,20250930,1,63,13,247.24,3214.12,21,1
300,20251231,2,55,25,213.75,5343.75,15,0
301,20241130,2,68,60,284.28,17056.8,12,0
302,20250630,2,23,53,244.32,12948.96,13,0
303,20250630,2,4,57,158.83,9053.31,10,0
304,20251031,1,63,13,247.24,3214.12,21,1
305,20240831,3,68,74,284.28,21036.72,5,0
306,20240331,2,125,16,285.25,4564.0,11,0
307,20241031,1,93,55,132.18,7269.9,10,0
308,20250531,1,151,6,92.25,553.5,10,1
309,20240430,2,152,12,265.82,3189.84,9,0
310,20251130,1,132,76,128.45,9762.2,14,0
311,20241031,1,98,77,257.11,19797.47,15,0
312,20241231,1,105,18,166.12,2990.16,12,0
313,20250331,1,159,43,169.65,7294.95,20,0
314,20250331,1,10,9,88.91,800.19,12,1
315,20241031,1,62,34,112.54,3826.36,17,0
316,20240630,2,173,27,207.98,5615.46,15,0
317,20240131,1,108,9,166.46,1498.14,14,1
318,20240731,3,103,34,151.66,5156.44,5,0
319,20251130,2,19,3,205.07,615.21,11,1
320,20250930,1,124,20,153.77,3075.4,12,0
321,20240630,2,176,33,322.02,10626.66,16,0
322,20251130,2,67,68,28.64,1947.52,13,0
323,20251231,3,75,0,71.97,0.0,5,1
324,20250131,2,44,11,199.55,2195.05,16,1
325,20240331,1,9,18,66.28,1193.04,9,0
326,20250331,3,92,29,142.98,4146.42,6,0
327,20250131,3,68,3,290.25,870.75,5,1
328,20240131,2,107,14,147.44,2064.16,13,0
329,20240831,1,177,17,211.22,3590.74,12,0
330,20240531,3,2,33,292.58,9655.14,3,0
331,20250228,3,150,8,347.06,2776.48,6,0
332,20250930,2,124,10,153.77,1537.7,12,1
333,20241130,2,57,8,19.26,154.08,16,1
334,20240930,3,178,25,116.97,2924.25,7,0
335,20241130,1,79,70,144.83,10138.1,12,0
336,20250131,1,78,9,201.79,1816.11,9,0
337,20240630,2,104,45,75.12,3380.4,11,0
338,20240229,3,65,13,128.81,1674.53,5,0
339,20251231,3,132,70,128.45,8991.5,6,0
340,20250731,1,181,55,312.4,17182.0,18,0
341,20240430,3,147,2,339.78,679.56,4,1
342,20251031,2,171,27,85.46,2307.42,12,0
343,20240531,2,127,0,170.72,0.0,14,1
344,20250131,1,106,4,340.08,1360.32,14,1
345,20240630,2,117,51,98.28,5012.28,10,0
346,20240331,2,36,102,159.06,16224.12,18,0
347,20251231,3,100,4,369.19,1476.76,4,0
348,20251231,2,36,14,191.63,2682.82,18,1
349,20240331,1,62,91,112.54,10241.14,17,0
350,20240731,2,58,74,146.46,10838.04,17,0
351,20240831,3,73,87,255.0,22185.0,6,0
352,20250331,2,66,11,203.44,2237.84,9,0
353,20241031,3,93,80,132.18,10574.4,4,0
354,20240331,1,133,9,61.66,554.94,16,1
355,20240831,2,109,4,303.82,1215.28,10,1
356,20240229,1,110,9,178.91,1610.19,12,1
357,20250430,2,116,65,60.17,3911.05,16,0
358,20250430,3,117,42,100.34,4214.28,4,0
359,20240229,2,172,23,216.67,4983.41,12,0
360,20250531,1,105,57,169.61,9667.77,12,0
361,20240331,1,69,7,198.5,1389.5,12,1
362,20250430,2,21,58,205.78,11935.24,11,0
363,20240531,1,150,17,339.92,5778.64,14,0
364,20250630,2,80,12,208.57,2502.84,11,0
365,20250430,1,115,63,47.23,2975.49,11,0
366,20240630,3,78,2,197.64,395.28,4,1
367,20240331,3,163,27,294.58,7953.66,4,0
368,20250131,1,36,15,162.4,2436.0,19,1
369,20240229,2,84,6,312.0,1872.0,12,1
370,20250131,1,92,5,142.98,714.9,15,1
371,20240630,2,153,22,113.61,2499.42,10,0
372,20250331,2,80,0,176.76,0.0,11,1
373,20241130,2,120,6,182.88,1097.28,11,1
374,20250131,1,130,14,323.89,4534.46,14,0
375,20240630,2,33,61,110.89,6764.29,13,0
376,20240831,1,101,74,62.94,4657.56,12,0
377,20241130,3,75,87,59.74,5197.38,5,0
378,20240630,2,24,57,185.46,10571.22,12,0
379,20240531,3,50,139,291.69,40544.91,8,0
380,20250331,2,127,6,174.31,1045.86,14,1
381,20240430,1,135,10,39.89,398.9,15,1
382,20240131,2,104,17,75.12,1277.04,11,0
383,20240930,1,16,12,219.41,2632.92,9,0
384,20240331,2,94,19,121.74,2313.06,11,0
385,20241231,1,49,6,30.58,183.48,18,1
386,20240229,1,97,17,210.05,3570.85,12,0
387,20240630,2,48,64,32.82,2100.48,15,0
388,20250228,3,74,20,110.54,2210.8,5,0
389,20241231,2,7,9,55.96,503.64,9,0
390,20250430,1,92,28,142.98,4003.44,15,0
391,20241130,3,134,66,60.5,3993.0,4,0
392,20250831,3,52,119,183.03,21780.57,7,0
393,20240731,1,101,19,62.94,1195.86,12,0
394,20240531,2,6,35,178.72,6255.2,10,0
395,20251130,3,141,67,314.24,21054.08,4,0
396,20251031,2,124,9,153.77,1383.93,12,1
397,20250930,1,126,3,133.03,399.09,12,1
398,20250831,1,37,119,16.65,1981.35,22,0
399,20241231,2,129,99,45.49,4503.51,19,0
400,20251130,3,172,44,221.22,9733.68,5,0
401,20240930,1,97,59,210.05,12392.95,12,0
402,20251231,3,143,71,220.45,15651.95,5,0
403,20240831,3,147,12,339.78,4077.36,4,0
404,20251231,3,21,5,242.82,1214.1,5,0
405,20240131,1,8,22,128.94,2836.68,10,0
406,20250228,3,78,18,201.79,3632.22,4,0
407,20250430,2,29,36,243.45,8764.2,10,0
408,20240731,3,121,9,43.73,393.57,4,0
409,20250630,1,1,55,219.63,12079.65,9,0
410,20241031,2,148,54,296.06,15987.24,11,0
411,20240131,2,179,15,226.59,3398.85,12,0
412,20241031,2,163,19,294.58,5597.02,10,0
413,20250731,2,77,10,171.09,1710.9,13,1
414,20240930,2,101,52,62.94,3272.88,12,0
415,20240229,3,143,0,215.92,0.0,5,1
416,20240229,1,78,5,197.64,988.2,9,1
417,20250630,1,58,97,149.54,14505.38,18,0
418,20240531,2,42,97,261.53,25368.41,22,0
419,20250930,1,4,13,158.83,2064.79,11,0
420,20241130,1,57,31,19.26,597.06,17,0
421,20251231,3,109,14,310.2,4342.8,4,0
422,20250131,1,85,14,41.76,584.64,10,0
423,20240930,3,94,77,121.74,9373.98,5,0
424,20250228,3,71,7,308.06,2156.42,7,0
425,20240831,3,165,30,105.7,3171.0,5,0
426,20250531,1,89,18,189.92,3418.56,12,0
427,20250930,3,152,65,271.4,17641.0,4,0
428,20251031,1,104,5,76.7,383.5,11,1
429,20250430,3,102,15,260.69,3910.35,4,0
430,20250731,3,82,18,335.4,6037.2,4,0
431,20241130,1,136,72,110.14,7930.08,12,0
432,20240229,2,58,6,146.46,878.76,17,1
433,20240630,2,73,6,255.0,1530.0,13,1
434,20250930,2,102,44,260.69,11470.36,10,0
435,20250831,1,152,14,271.4,3799.6,10,0
436,20240531,2,4,45,155.56,7000.2,10,0
437,20250831,1,181,68,312.4,21243.2,18,0
438,20250831,1,18,7,247.17,1730.19,6,0
439,20251231,3,153,83,116.0,9628.0,4,0
440,20240831,1,37,111,16.31,1810.41,22,0
441,20251031,3,150,98,347.06,34011.88,6,0
442,20240331,1,160,23,40.71,936.33,15,0
443,20240831,2,173,33,207.98,6863.34,15,0
444,20240229,1,112,17,65.64,1115.88,13,0
445,20241231,1,102,13,255.33,3319.29,10,0
446,20240531,1,112,62,65.64,4069.68,13,0
447,20250630,2,29,43,243.45,10468.35,10,0
448,20240630,2,6,47,178.72,8399.84,10,0
449,20250630,2,71,0,363.51,0.0,15,1
450,20240831,2,128,2,77.25,154.5,10,1
451,20241231,1,168,41,224.71,9213.11,13,0
452,20240430,2,55,75,209.35,15701.25,15,0
453,20250930,3,117,10,100.34,1003.4,4,0
454,20240531,2,110,48,178.91,8587.68,12,0
455,20240331,3,63,137,242.15,33174.55,9,0
456,20240229,3,122,15,208.3,3124.5,4,0
457,20240229,2,135,14,39.89,558.46,14,0
458,20251130,2,138,68,88.19,5996.92,13,0
459,20241031,2,151,46,90.35,4156.1,10,0
460,20240531,1,8,45,128.94,5802.3,10,0
461,20241130,2,107,2,147.44,294.88,13,1
462,20240229,1,12,27,68.19,1841.13,11,0
463,20250831,1,114,6,152.73,916.38,12,1
464,20240229,1,106,25,333.09,8327.25,14,0
465,20250630,1,25,51,149.35,7616.85,9,0
466,20250131,1,122,6,212.67,1276.02,11,1
467,20250531,1,112,66,67.02,4423.32,13,0
468,20240131,1,17,4,307.26,1229.04,14,1
469,20251231,2,167,28,209.73,5872.44,12,0
470,20250430,3,46,115,315.4,36271.0,7,0
471,20251231,1,111,9,148.9,1340.1,12,1
472,20251031,3,132,87,128.45,11175.15,6,0
473,20240430,2,163,14,294.58,4124.12,10,0
474,20250630,1,124,57,153.77,8764.89,12,0
475,20251130,3,143,70,220.45,15431.5,5,0
476,20241031,2,10,8,87.08,696.64,11,1
477,20250331,2,113,10,281.81,2818.1,9,0
478,20240930,2,136,65,110.14,7159.1,12,0
479,20240531,1,167,32,205.42,6573.44,13,0
480,20251031,3,121,14,44.65,625.1,4,0
481,20240430,2,48,55,32.82,1805.1,15,0
482,20240229,2,182,22,56.87,1251.14,13,0
483,20240229,1,162,28,66.97,1875.16,14,0
484,20240430,1,138,16,86.38,1382.08,14,0
485,20240731,1,165,24,105.7,2536.8,12,0
486,20250531,1,12,68,69.62,4734.16,11,0
487,20251130,2,56,29,293.14,8501.06,18,0
488,20240831,1,155,29,322.38,9349.02,17,0
489,20251130,3,127,104,174.31,18128.24,6,0
490,20240229,1,22,6,247.74,1486.44,8,1
491,20241130,1,151,48,90.35,4336.8,10,0
492,20250731,1,76,17,338.68,5757.56,12,0
493,20251231,2,20,9,33.12,298.08,15,1
494,20240930,1,148,69,296.06,20428.14,12,0
495,20240229,1,95,3,53.64,160.92,8,1
496,20240229,3,80,5,173.12,865.6,5,0
497,20250831,1,171,24,85.46,2051.04,12,0
498,20250228,1,53,40,180.55,7222.0,20,0
499,20241031,2,54,0,257.53,0.0,16,1
500,20240331,1,149,22,108.85,2394.7,18,0
501,20240229,3,167,45,205.42,9243.9,5,0
502,20250331,3,51,127,79.76,10129.52,8,0
503,20240229,3,52,40,179.27,7170.8,7,0
504,20250630,3,78,0,238.11,0.0,4,1
505,20251130,1,80,72,208.57,15017.04,12,0
506,20250228,1,118,17,343.17,5833.89,13,0
507,20250930,1,20,2,33.12,66.24,16,1
508,20251130,2,80,52,208.57,10845.64,11,0
509,20240630,1,165,38,105.7,4016.6,12,0
510,20241231,1,57,31,19.26,597.06,17,0
511,20250630,1,27,86,254.96,21926.56,14,0
512,20250228,2,128,9,78.87,709.83,10,1
513,20240229,3,154,16,323.13,5170.08,5,0
514,20250331,3,99,8,293.7,2349.6,5,0
515,20240930,3,97,67,210.05,14073.35,5,0
516,20240131,1,168,10,224.71,2247.1,13,1
517,20240131,3,36,1,159.06,159.06,8,1
518,20251231,1,129,97,46.45,4505.65,20,0
519,20240229,3,137,14,25.06,350.84,5,0
520,20251130,3,88,68,404.63,27514.84,4,0
521,20250131,3,181,36,312.4,11246.4,8,0
522,20240930,2,44,7,195.45,1368.15,16,1
523,20251130,1,139,103,203.11,20920.33,17,0
524,20240229,1,36,0,159.06,0.0,19,1
525,20251130,1,57,20,23.2,464.0,17,0
526,20240131,3,9,26,66.28,1723.28,3,0
527,20240131,2,2,3,292.58,877.74,7,1
528,20251231,2,24,12,189.35,2272.2,12,0
529,20250331,1,115,18,47.23,850.14,11,0
530,20240731,3,93,5,132.18,660.9,4,0
531,20250930,1,178,41,119.43,4896.63,17,0
532,20240930,2,43,6,294.1,1764.6,14,1
533,20241231,2,55,11,209.35,2302.85,15,1
534,20240930,1,123,35,129.56,4534.6,13,0
535,20250731,1,118,7,343.17,2402.19,13,1
536,20240430,1,94,7,121.74,852.18,12,1
537,20240731,3,100,14,306.44,4290.16,4,0
538,20250731,1,151,15,92.25,1383.75,10,0
539,20240731,2,48,82,32.82,2691.24,15,0
540,20250630,3,46,103,372.17,38333.51,7,0
541,20250930,2,42,3,267.02,801.06,22,1
542,20250331,1,178,29,119.43,3463.47,17,0
543,20251031,1,116,21,60.17,1263.57,16,0
544,20240430,1,47,81,70.06,5674.86,15,0
545,20251130,1,37,0,16.65,0.0,22,1
546,20241231,1,103,0,151.66,0.0,13,1
547,20250831,3,33,15,113.22,1698.3,6,0
548,20250831,2,173,21,212.35,4459.35,15,0
549,20251231,3,126,14,133.03,1862.42,5,0
550,20250831,1,129,23,46.45,1068.35,20,0
551,20250630,3,132,1,128.45,128.45,6,1
552,20250331,1,111,7,148.9,1042.3,12,1
553,20240731,1,77,14,167.57,2345.98,14,0
554,20240630,3,89,11,157.64,1734.04,5,0
555,20250731,2,94,5,124.3,621.5,11,1
556,20240831,3,2,11,292.58,3218.38,3,0
557,20250531,1,96,0,205.7,0.0,10,1
558,20251130,1,71,96,363.51,34896.96,16,0
559,20250831,2,132,18,128.45,2312.1,13,0
560,20240731,1,29,57,238.44,13591.08,10,0
561,20250930,1,156,59,164.64,9713.76,12,0
562,20241130,3,67,91,23.77,2163.07,6,0
563,20250831,1,130,12,323.89,3886.68,14,1
564,20240229,2,23,5,239.29,1196.45,13,1
565,20250131,2,29,5,243.45,1217.25,10,1
566,20241130,1,71,84,301.72,25344.48,16,0
567,20250531,1,158,33,184.61,6092.13,16,0
568,20240630,2,23,56,239.29,13400.24,13,0
569,20250731,3,165,23,107.92,2482.16,5,0
570,20240229,2,154,13,323.13,4200.69,12,0
571,20241231,1,28,3,140.77,422.31,14,1
572,20251231,1,176,36,328.78,11836.08,17,0
573,20240229,1,148,9,296.06,2664.54,12,1
574,20250131,2,164,26,100.45,2611.7,10,0
575,20240831,1,61,78,75.23,5867.94,18,0
576,20240131,2,101,29,62.94,1825.26,12,0
577,20250331,1,99,13,293.7,3818.1,12,0
578,20250731,2,54,72,262.94,18931.68,16,0
579,20250131,3,90,12,58.79,705.48,5,0
580,20240430,2,121,35,43.73,1530.55,9,0
581,20250430,3,74,15,110.54,1658.1,5,0
582,20250331,1,98,10,262.51,2625.1,15,1
583,20241031,2,14,13,26.62,346.06,14,1
584,20240531,3,154,13,323.13,4200.69,5,0
585,20240131,2,128,11,77.25,849.75,10,0
586,20240831,2,99,61,287.66,17547.26,11,0
587,20250131,3,161,25,64.16,1604.0,6,0
588,20240930,2,46,14,308.91,4324.74,17,1
589,20250531,2,37,100,16.65,1665.0,21,0
590,20240531,3,5,80,204.06,16324.8,5,0
591,20251031,1,92,92,168.72,15522.24,15,0
592,20241031,1,160,24,40.71,977.04,15,0
593,20251231,1,135,54,40.73,2199.42,15,0
594,20250430,1,51,94,79.76,7497.44,18,0
595,20240531,2,151,10,90.35,903.5,10,0
596,20241130,2,179,8,226.59,1812.72,12,1
597,20250228,2,131,8,37.08,296.64,13,1
598,20241231,1,92,1,140.04,140.04,15,1
599,20250430,1,9,42,67.67,2842.14,9,0
600,20250630,1,50,110,297.82,32760.2,19,0
601,20240930,1,141,62,307.78,19082.36,10,0
602,20250831,1,104,21,76.7,1610.7,11,0
603,20250131,2,162,22,68.38,1504.36,14,0
604,20250630,3,148,6,302.28,1813.68,5,0
605,20251231,2,170,9,16.95,152.55,12,1
606,20240531,1,25,56,146.28,8191.68,9,0
607,20240531,1,5,74,204.06,15100.44,13,0
608,20241031,1,65,65,128.81,8372.65,12,0
609,20240430,1,34,62,151.89,9417.18,13,0
610,20251231,1,155,92,329.15,30281.8,17,0
611,20250131,3,82,3,284.24,852.72,4,1
612,20250731,1,35,90,30.63,2756.7,19,0
613,20250131,1,175,41,96.85,3970.85,17,0
614,20240331,2,160,19,40.71,773.49,14,0
615,20250630,1,91,12,336.22,4034.64,11,0
616,20251231,1,160,25,41.56,1039.0,15,0
617,20251130,2,121,1,44.65,44.65,9,1
618,20240229,3,103,13,151.66,1971.58,5,0
619,20240630,2,57,75,19.26,1444.5,16,0
620,20250131,1,168,26,229.43,5965.18,13,0
621,20251130,3,112,9,67.02,603.18,5,0
622,20241130,1,55,14,209.35,2930.9,16,1
623,20240630,1,155,6,322.38,1934.28,17,1
624,20250228,3,19,9,173.78,1564.02,5,0
625,20251031,1,147,50,346.92,17346.0,10,0
626,20240930,3,157,39,24.69,962.91,5,0
627,20250531,2,124,53,153.77,8149.81,12,0
628,20251031,3,149,122,111.14,13559.08,7,0
629,20240531,3,75,16,59.74,955.84,5,0
630,20250630,3,176,52,328.78,17096.56,7,0
631,20240831,2,72,51,196.62,10027.62,12,0
632,20240930,3,16,17,219.41,3729.97,4,0
633,20250531,1,167,30,209.73,6291.9,13,0
634,20240731,3,130,9,317.23,2855.07,6,0
635,20251130,2,135,58,40.73,2362.34,14,0
636,20251130,2,113,18,281.81,5072.58,9,0
637,20241130,1,153,52,113.61,5907.72,11,0
638,20240430,1,17,62,307.26,19050.12,14,0
639,20240930,1,75,74,59.74,4420.76,13,0
640,20250531,2,28,62,143.73,8911.26,13,0
641,20240531,3,124,76,150.61,11446.36,5,0
642,20240630,3,57,115,19.26,2214.9,7,0
643,20250531,1,59,101,391.48,39539.48,16,0
644,20240630,1,20,82,32.44,2660.08,16,0
645,20240731,1,11,46,288.46,13269.16,9,0
646,20251231,1,57,0,23.2,0.0,17,1
647,20241130,3,48,14,32.82,459.48,7,0
648,20250930,2,157,19,25.21,478.99,12,0
649,20241031,1,22,4,247.74,990.96,8,1
650,20250430,3,86,25,82.42,2060.5,5,0
651,20241031,1,149,90,108.85,9796.5,18,0
652,20240930,3,121,11,43.73,481.03,4,0
653,20240229,1,171,16,83.7,1339.2,12,0
654,20251130,2,175,26,96.85,2518.1,16,0
655,20250228,3,169,42,282.28,11855.76,6,0
656,20250331,1,20,8,33.12,264.96,16,1
657,20250331,1,125,24,291.24,6989.76,12,0
658,20240731,1,21,74,201.55,14914.7,12,0
659,20250831,1,169,36,282.28,10162.08,14,0
660,20240331,1,107,12,147.44,1769.28,14,1
661,20250131,3,52,31,183.03,5673.93,7,0
662,20241031,3,121,6,43.73,262.38,4,0
663,20240331,2,49,77,30.58,2354.66,17,0
664,20240131,2,77,12,167.57,2010.84,13,1
665,20250930,1,49,34,31.22,1061.48,18,0
666,20240131,3,93,21,132.18,2775.78,4,0
667,20240430,1,29,46,238.44,10968.24,10,0
668,20250531,3,152,0,271.4,0.0,4,1
669,20251231,1,7,8,57.14,457.12,10,1
670,20241130,1,89,69,157.64,10877.16,12,0
671,20250731,1,38,102,319.94,32633.88,21,0
672,20251130,3,120,0,186.72,0.0,5,1
673,20250430,1,160,31,41.56,1288.36,15,0
674,20240930,1,9,1,66.28,66.28,9,1
675,20240430,1,33,63,110.89,6986.07,14,0
676,20240131,2,38,27,313.36,8460.72,20,0
677,20241231,1,83,0,157.14,0.0,11,1
678,20250131,2,82,0,284.24,0.0,10,1
679,20241031,1,116,12,58.93,707.16,16,1
680,20250531,3,76,6,338.68,2032.08,5,0
681,20240630,2,40,98,268.77,26339.46,17,0
682,20250531,2,153,13,116.0,1508.0,10,0
683,20251130,2,46,13,372.17,4838.21,17,1
684,20250131,1,17,18,313.71,5646.78,14,0
685,20251231,2,179,20,231.35,4627.0,12,0
686,20250331,2,21,7,205.78,1440.46,11,1
687,20250430,2,127,23,174.31,4009.13,14,0
688,20241231,2,10,4,87.08,348.32,11,1
689,20250731,2,7,50,57.14,2857.0,9,0
690,20240831,3,148,13,296.06,3848.78,5,0
691,20251231,1,31,21,300.62,6313.02,14,0
692,20240430,3,36,131,159.06,20836.86,8,0
693,20240930,1,7,18,55.96,1007.28,10,0
694,20240131,1,178,18,116.97,2105.46,17,0
695,20250131,1,40,27,274.41,7409.07,18,0
696,20250331,1,63,116,247.24,28679.84,21,0
697,20251231,2,28,4,143.73,574.92,13,1
698,20250630,1,96,0,205.7,0.0,10,1
699,20240831,2,142,0,98.85,0.0,10,1
700,20241231,1,43,19,294.1,5587.9,15,0
701,20250831,2,169,30,282.28,8468.4,13,0
702,20240331,3,160,42,40.71,1709.82,6,0
703,20240331,2,66,7,199.26,1394.82,9,1
704,20250331,2,89,6,160.95,965.7,11,1
705,20250831,2,89,45,189.92,8546.4,11,0
706,20250131,1,50,30,297.82,8934.6,19,0
707,20240930,1,38,9,313.36,2820.24,21,1
708,20250831,2,171,24,85.46,2051.04,12,0
709,20240331,2,19,16,170.21,2723.36,11,0
710,20240630,3,100,21,306.44,6435.24,4,0
711,20251231,2,158,44,184.61,8122.84,15,0
712,20250831,1,70,63,48.05,3027.15,10,0
713,20250331,1,68,14,290.25,4063.5,13,0
714,20240831,2,36,77,159.06,12247.62,18,0
715,20250430,1,139,9,203.11,1827.99,17,1
716,20250731,3,9,57,67.67,3857.19,3,0
717,20240930,1,100,49,306.44,15015.56,11,0
718,20250630,2,20,73,33.12,2417.76,15,0
719,20241130,2,94,48,121.74,5843.52,11,0
720,20240630,2,44,79,195.45,15440.55,16,0
721,20240831,3,51,144,78.12,11249.28,8,0
722,20240731,1,68,9,284.28,2558.52,13,1
723,20240731,3,48,80,32.82,2625.6,7,0
724,20250430,3,88,21,342.9,7200.9,4,0
725,20250930,3,90,79,69.37,5480.23,5,0
726,20251031,1,138,79,88.19,6967.01,14,0
727,20241130,1,16,4,219.41,877.64,9,1
728,20251231,3,68,4,342.49,1369.96,5,1
729,20250731,2,79,6,147.87,887.22,12,1
730,20241231,3,93,6,132.18,793.08,4,0
731,20240430,1,139,24,198.93,4774.32,17,0
732,20241231,1,142,67,98.85,6622.95,11,0
733,20250930,3,47,25,71.53,1788.25,6,0
734,20250131,1,23,22,244.32,5375.04,14,0
735,20251130,3,68,64,342.49,21919.36,5,0
736,20240630,1,37,104,16.31,1696.24,22,0
737,20241031,3,94,82,121.74,9982.68,5,0
738,20250630,2,162,28,68.38,1914.64,14,0
739,20250630,2,170,21,16.95,355.95,12,0
740,20241031,2,58,13,146.46,1903.98,17,1
741,20251231,1,46,10,372.17,3721.7,17,1
742,20250731,1,53,80,180.55,14444.0,20,0
743,20240229,1,42,26,261.53,6799.78,23,0
744,20241231,1,5,24,204.06,4897.44,13,0
745,20240531,1,3,45,188.61,8487.45,11,0
746,20240531,3,74,6,108.27,649.62,5,0
747,20250531,1,148,6,302.28,1813.68,12,1
748,20250531,2,175,24,96.85,2324.4,16,0
749,20241031,3,126,19,130.29,2475.51,5,0
750,20250630,1,89,15,189.92,2848.8,12,0
751,20241130,3,78,55,197.64,10870.2,4,0
752,20241231,2,118,12,336.11,4033.32,12,0
753,20241031,3,65,68,128.81,8759.08,5,0
754,20250731,2,180,33,95.3,3144.9,14,0
755,20250430,1,134,15,61.77,926.55,10,0
756,20240229,1,86,10,80.72,807.2,12,1
757,20240930,2,51,10,78.12,781.2,17,1
758,20241231,2,106,17,333.09,5662.53,13,0
759,20240531,1,122,49,208.3,10206.7,11,0
760,20250131,1,3,8,192.57,1540.56,11,1
761,20250228,1,84,13,318.55,4141.15,12,0
762,20250630,2,72,17,236.88,4026.96,12,0
763,20240930,2,107,0,147.44,0.0,13,1
764,20241231,2,67,4,23.77,95.08,13,1
765,20240430,1,136,10,110.14,1101.4,12,1
766,20240131,3,156,0,161.25,0.0,5,1
767,20251231,1,70,14,48.05,672.7,10,0
768,20250531,1,73,18,307.22,5529.96,14,0
769,20240831,1,102,51,255.33,13021.83,10,0
770,20250831,3,8,11,155.34,1708.74,4,0
771,20251130,1,101,65,75.83,4928.95,12,0
772,20250731,1,115,1,47.23,47.23,11,1
773,20250531,3,50,130,297.82,38716.6,8,0
774,20250930,3,118,19,343.17,6520.23,5,0
775,20251231,1,69,2,239.15,478.3,12,1
776,20251130,2,44,3,199.55,598.65,16,1
777,20241031,1,9,14,66.28,927.92,9,0
778,20240531,2,142,19,98.85,1878.15,10,0
779,20250228,2,151,4,92.25,369.0,10,1
780,20240930,1,115,4,46.26,185.04,11,1
781,20240331,1,115,19,46.26,878.94,11,0
782,20250131,2,23,10,244.32,2443.2,13,1
783,20240831,3,136,18,110.14,1982.52,5,0
784,20240531,1,155,27,322.38,8704.26,17,0
785,20250731,1,138,17,88.19,1499.23,14,0
786,20240731,2,71,6,301.72,1810.32,15,1
787,20250228,1,9,2,67.67,135.34,9,1
788,20250131,1,170,32,16.95,542.4,12,0
789,20240930,2,91,47,279.07,13116.29,11,0
790,20250331,1,177,12,215.66,2587.92,12,0
791,20240331,3,127,14,170.72,2390.08,6,0
792,20250430,1,46,87,315.4,27439.8,17,0
793,20241031,2,131,65,36.32,2360.8,13,0
794,20250630,1,78,7,238.11,1666.77,9,1
795,20241231,3,63,23,242.15,5569.45,9,0
796,20241231,1,106,18,333.09,5995.62,14,0
797,20240430,3,104,84,75.12,6310.08,5,0
798,20250731,2,43,64,300.28,19217.92,14,0
799,20250731,3,26,62,246.82,15302.84,4,0
800,20250731,1,62,86,135.59,11660.74,17,0
801,20240731,1,113,16,276.01,4416.16,10,0
802,20250228,2,134,0,61.77,0.0,10,1
803,20240731,2,137,11,25.06,275.66,13,1
804,20250630,3,52,88,183.03,16106.64,7,0
805,20241231,2,29,6,238.44,1430.64,10,1
806,20250930,3,93,76,159.25,12103.0,4,0
807,20250331,2,39,91,122.17,11117.47,18,0
808,20250228,1,92,17,142.98,2430.66,15,0
809,20250131,2,2,0,298.72,0.0,7,1
810,20240131,3,61,3,75.23,225.69,7,1
811,20240731,3,107,31,147.44,4570.64,6,0
812,20250831,1,161,34,64.16,2181.44,14,0
813,20250831,3,80,87,208.57,18145.59,5,0
814,20240731,1,158,42,180.81,7594.02,16,0
815,20250228,2,66,11,203.44,2237.84,9,0
816,20240831,2,157,23,24.69,567.87,12,0
817,20241130,1,112,14,65.64,918.96,13,0
818,20240930,1,61,6,75.23,451.38,18,1
819,20250630,3,40,110,274.41,30185.1,7,0
820,20250930,1,182,17,58.06,987.02,14,0
821,20240430,3,92,8,140.04,1120.32,6,0
822,20241130,3,152,76,265.82,20202.32,4,0
823,20240930,1,128,59,77.25,4557.75,10,0
824,20240531,1,16,44,219.41,9654.04,9,0
825,20241231,2,121,0,43.73,0.0,9,1
826,20251231,2,17,11,313.71,3450.81,13,1
827,20250531,2,7,39,57.14,2228.46,9,0
828,20240331,2,134,16,60.5,968.0,10,0
829,20241031,1,30,23,98.88,2274.24,11,0
830,20250731,2,27,62,254.96,15807.52,14,0
831,20241231,1,32,4,339.97,1359.88,13,1
832,20240430,2,8,42,128.94,5415.48,9,0
833,20250731,2,179,26,231.35,6015.1,12,0
834,20240930,1,163,23,294.58,6775.34,11,0
835,20250331,1,162,18,68.38,1230.84,14,0
836,20240131,2,125,19,285.25,5419.75,11,0
837,20240630,2,47,64,70.06,4483.84,14,0
838,20241031,2,71,74,301.72,22327.28,15,0
839,20250131,2,135,13,40.73,529.49,14,1
840,20251130,2,29,0,243.45,0.0,10,1
841,20240531,2,179,22,226.59,4984.98,12,0
842,20240531,1,45,93,76.76,7138.68,16,0
843,20240630,3,47,95,70.06,6655.7,6,0
844,20240229,2,60,16,241.9,3870.4,16,0
845,20240531,1,28,76,140.77,10698.52,14,0
846,20240831,1,71,94,301.72,28361.68,16,0
847,20250228,1,64,25,70.89,1772.25,15,0
848,20240930,3,169,34,276.47,9399.98,6,0
849,20250228,1,101,15,64.26,963.9,12,0
850,20240930,1,181,41,305.97,12544.77,18,0
851,20240531,3,120,66,182.88,12070.08,5,0
852,20240930,2,33,13,110.89,1441.57,13,0
853,20240531,1,114,71,149.59,10620.89,12,0
854,20240131,2,162,25,66.97,1674.25,14,0
855,20250731,3,130,8,323.89,2591.12,6,0
856,20241031,2,32,13,339.97,4419.61,12,0
857,20240930,1,147,57,339.78,19367.46,10,0
858,20241031,2,144,61,96.31,5874.91,14,0
859,20250331,1,50,128,297.82,38120.96,19,0
860,20240430,1,95,13,53.64,697.32,8,0
861,20250331,1,138,4,88.19,352.76,14,1
862,20250531,3,83,8,189.32,1514.56,4,0
863,20240531,2,162,33,66.97,2210.01,14,0
864,20240331,1,172,19,216.67,4116.73,13,0
865,20240531,1,10,57,87.08,4963.56,12,0
866,20240731,2,138,15,86.38,1295.7,13,0
867,20240531,1,50,112,291.69,32669.28,19,0
868,20250630,2,68,5,342.49,1712.45,12,1
869,20240131,3,2,7,292.58,2048.06,3,0
870,20241130,1,64,9,69.43,624.87,15,1
871,20250131,2,85,2,41.76,83.52,9,1
872,20250430,2,109,45,310.2,13959.0,10,0
873,20250331,2,142,3,100.93,302.79,10,1
874,20250131,1,49,24,31.22,749.28,18,0
875,20250731,1,37,148,16.65,2464.2,22,0
876,20240131,1,97,0,210.05,0.0,12,1
877,20250831,3,89,70,189.92,13294.4,5,0
878,20250531,1,36,107,191.63,20504.41,19,0
879,20241231,2,156,45,161.25,7256.25,11,0
880,20250731,3,147,2,346.92,693.84,4,1
881,20241130,1,164,13,98.38,1278.94,11,0
882,20250531,2,136,24,112.45,2698.8,12,0
883,20241031,1,66,50,199.26,9963.0,10,0
884,20251130,1,88,55,404.63,22254.65,9,0
885,20250731,2,158,28,184.61,5169.08,15,0
886,20240229,3,168,19,224.71,4269.49,5,0
887,20240331,3,112,15,65.64,984.6,5,0
888,20250930,2,173,24,212.35,5096.4,15,0
889,20251130,3,93,52,159.25,8281.0,4,0
890,20250531,1,31,70,300.62,21043.4,14,0
891,20250331,2,33,14,113.22,1585.08,13,0
892,20240930,3,111,0,145.84,0.0,5,1
893,20240229,2,94,23,121.74,2800.02,11,0
894,20250131,2,67,16,24.27,388.32,13,0
895,20240831,2,4,7,155.56,1088.92,10,1
896,20240531,2,96,0,170.74,0.0,10,1
897,20250831,1,140,20,41.26,825.2,12,0
898,20240331,1,53,97,176.84,17153.48,20,0
899,20250531,2,127,7,174.31,1220.17,14,1
900,20240331,1,75,12,59.74,716.88,13,1
901,20251130,3,137,75,25.59,1919.25,5,0
902,20241231,2,126,8,130.29,1042.32,12,1
903,20240430,1,43,79,294.1,23233.9,15,0
904,20250131,3,21,24,205.78,4938.72,5,0
905,20240229,1,101,0,62.94,0.0,12,1
906,20250228,2,62,6,114.9,689.4,16,1
907,20250331,2,51,74,79.76,5902.24,17,0
908,20240731,2,95,2,53.64,107.28,7,1
909,20250630,3,100,0,369.19,0.0,4,1
910,20240531,1,97,6,210.05,1260.3,12,1
911,20241031,2,49,15,30.58,458.7,17,1
912,20250131,1,120,19,186.72,3547.68,12,0
913,20250731,1,146,11,225.52,2480.72,14,1
914,20241031,3,52,22,179.27,3943.94,7,0
915,20250831,1,59,66,391.48,25837.68,16,0
916,20250630,2,7,34,57.14,1942.76,9,0
917,20240430,2,42,94,261.53,24583.82,22,0
918,20241130,1,94,74,121.74,9008.76,12,0
919,20250831,3,17,18,313.71,5646.78,6,0
920,20240731,2,113,9,276.01,2484.09,9,0
921,20250228,3,109,6,310.2,1861.2,4,0
922,20240930,1,51,34,78.12,2656.08,18,0
923,20241231,1,11,0,288.46,0.0,9,1
924,20250831,1,41,102,163.24,16650.48,16,0
925,20250331,3,108,12,169.96,2039.52,6,0
926,20240930,1,62,30,112.54,3376.2,17,0
927,20240630,1,107,74,147.44,10910.56,14,0
928,20250228,1,62,10,114.9,1149.0,17,1
929,20250228,2,97,6,214.46,1286.76,11,1
930,20240229,2,176,41,322.02,13202.82,16,0
931,20240331,3,120,19,182.88,3474.72,5,0
932,20250831,1,1,9,219.63,1976.67,9,0
933,20251231,3,9,9,67.67,609.03,3,0
934,20251130,3,78,53,238.11,12619.83,4,0
935,20250228,3,83,24,160.44,3850.56,4,0
936,20241031,2,29,15,238.44,3576.6,10,0
937,20241231,1,139,101,198.93,20091.93,17,0
938,20250630,3,92,29,168.72,4892.88,6,0
939,20241031,1,110,17,178.91,3041.47,12,0
940,20240930,2,73,49,255.0,12495.0,13,0
941,20240229,2,107,15,147.44,2211.6,13,0
942,20250430,2,60,63,246.98,15559.74,16,0
943,20250831,1,90,68,69.37,4717.16,12,0
944,20240930,3,88,46,335.85,15449.1,4,0
945,20240430,3,55,99,209.35,20725.65,7,0
946,20240229,1,130,15,317.23,4758.45,14,0
947,20250930,1,165,36,107.92,3885.12,12,0
948,20240630,1,1,58,182.3,10573.4,9,0
949,20251031,1,112,7,67.02,469.14,13,1
950,20251231,2,79,13,147.87,1922.31,12,0
951,20240331,3,169,35,276.47,9676.45,6,0
952,20251130,3,139,115,203.11,23357.65,7,0
953,20251231,1,125,16,291.24,4659.84,12,0
954,20250430,2,80,18,176.76,3181.68,11,0
955,20241231,3,90,0,57.58,0.0,5,1
956,20250930,1,57,35,23.2,812.0,17,0
957,20250430,1,104,77,76.7,5905.9,11,0
958,20241130,1,113,2,276.01,552.02,10,1
959,20240131,2,4,7,155.56,1088.92,10,1
960,20250731,3,29,61,243.45,14850.45,4,0
961,20240930,3,89,77,157.64,12138.28,5,0
962,20250531,2,99,5,346.57,1732.85,11,1
963,20251231,1,83,11,189.32,2082.52,11,0
964,20241231,1,40,16,268.77,4300.32,18,1
965,20250930,1,36,25,191.63,4790.75,19,0
966,20240430,2,156,6,161.25,967.5,11,1
967,20250430,1,17,86,313.71,26979.06,14,0
968,20241031,3,98,88,257.11,22625.68,6,0
969,20240131,1,107,8,147.44,1179.52,14,1
970,20250430,1,82,11,284.24,3126.64,11,0
971,20251031,1,62,16,135.59,2169.44,17,1
972,20250831,2,28,8,143.73,1149.84,13,1
973,20250228,3,93,6,134.96,809.76,4,0
974,20251130,1,115,2,47.23,94.46,11,1
975,20241130,1,45,18,76.76,1381.68,16,0
976,20241031,1,163,39,294.58,11488.62,11,0
977,20250228,1,22,0,252.94,0.0,8,1
978,20241231,1,34,14,151.89,2126.46,13,0
979,20240831,1,121,16,43.73,699.68,10,0
980,20240731,3,26,64,241.74,15471.36,4,0
981,20241130,1,161,19,62.84,1193.96,14,0
982,20251031,2,102,48,260.69,12513.12,10,0
983,20241031,2,3,0,188.61,0.0,10,1
984,20240731,2,73,0,255.0,0.0,13,1
985,20250531,1,176,23,328.78,7561.94,17,0
986,20240131,3,8,12,128.94,1547.28,4,0
987,20250531,2,180,24,95.3,2287.2,14,0
988,20251031,2,175,24,96.85,2324.4,16,0
989,20251231,2,6,11,182.47,2007.17,10,0
990,20240731,1,144,15,96.31,1444.65,15,0
991,20250131,1,93,5,134.96,674.8,10,1
992,20240930,2,111,1,145.84,145.84,11,1
993,20240430,2,7,36,55.96,2014.56,9,0
994,20241231,2,117,5,98.28,491.4,10,1
995,20240531,3,140,13,40.41,525.33,5,0
996,20250630,1,17,77,313.71,24155.67,14,0
997,20240630,1,55,80,209.35,16748.0,16,0
998,20250331,2,41,71,163.24,11590.04,15,0
999,20241231,1,150,84,339.92,28553.28,14,0
1000,20250131,2,103,5,154.84,774.2,12,1
1001,20250131,1,114,0,152.73,0.0,12,1
1002,20250331,2,32,1,347.11,347.11,12,1
1003,20250131,2,31,25,300.62,7515.5,13,0
1004,20240229,2,181,30,305.97,9179.1,17,0
1005,20240229,2,127,27,170.72,4609.44,14,0
1006,20250630,3,74,18,130.44,2347.92,5,0
1007,20250228,1,33,22,113.22,2490.84,14,0
1008,20241130,2,32,7,339.97,2379.79,12,1
1009,20240831,1,95,33,53.64,1770.12,8,0
1010,20250731,2,153,4,116.0,464.0,10,1
1011,20240131,3,148,21,296.06,6217.26,5,0
1012,20241231,1,130,76,317.23,24109.48,14,0
1013,20251031,3,72,80,236.88,18950.4,5,0
1014,20250531,2,3,50,227.23,11361.5,10,0
1015,20250331,3,172,19,221.22,4203.18,5,0
1016,20241231,2,74,11,108.27,1190.97,12,1
1017,20240331,2,99,12,287.66,3451.92,11,0
1018,20240430,2,89,9,157.64,1418.76,11,1
1019,20240430,1,23,73,239.29,17468.17,14,0
1020,20250228,1,163,30,300.77,9023.1,11,0
1021,20240930,3,165,29,105.7,3065.3,5,0
1022,20240131,3,180,19,93.34,1773.46,6,0
1023,20240430,3,172,40,216.67,8666.8,5,0
1024,20240331,1,42,113,261.53,29552.89,23,0
1025,20240630,1,154,18,323.13,5816.34,13,0
1026,20241031,3,28,0,140.77,0.0,6,1
1027,20250131,1,25,13,149.35,1941.55,9,0
1028,20240630,3,65,20,128.81,2576.2,5,0
1029,20251031,2,42,18,267.02,4806.36,22,1
1030,20240831,2,132,17,125.81,2138.77,13,0
1031,20240930,1,161,26,62.84,1633.84,14,0
1032,20241031,3,109,15,303.82,4557.3,4,0
1033,20251031,1,13,10,315.34,3153.4,12,1
1034,20250131,3,17,4,313.71,1254.84,6,1
1035,20241031,1,54,0,257.53,0.0,17,1
1036,20250228,1,23,19,244.32,4642.08,14,0
1037,20250531,2,40,84,274.41,23050.44,17,0
1038,20241031,1,126,2,130.29,260.58,12,1
1039,20241031,1,143,61,215.92,13171.12,13,0
1040,20250131,1,39,8,122.17,977.36,19,1
1041,20240930,3,29,6,238.44,1430.64,4,0
1042,20240229,1,146,2,220.88,441.76,14,1
1043,20241130,3,100,47,306.44,14402.68,4,0
1044,20251031,1,123,21,132.28,2777.88,13,0
1045,20240930,3,93,62,132.18,8195.16,4,0
1046,20250131,3,111,9,148.9,1340.1,5,0
1047,20240131,2,170,14,16.6,232.4,12,0
1048,20241031,2,121,1,43.73,43.73,9,1
1049,20240831,1,43,70,294.1,20587.0,15,0
1050,20250531,3,63,110,247.24,27196.4,9,0
1051,20250630,3,90,11,69.37,763.07,5,0
1052,20240229,2,113,8,276.01,2208.08,9,1
1053,20240229,2,97,2,210.05,420.1,11,1
1054,20240531,2,3,46,188.61,8676.06,10,0
1055,20240630,1,41,100,159.88,15988.0,16,0
1056,20241130,3,181,49,305.97,14992.53,8,0
1057,20251031,2,97,54,253.06,13665.24,11,0
1058,20250831,2,128,0,78.87,0.0,10,1
1059,20250228,2,40,7,274.41,1920.87,17,1
1060,20240630,2,178,27,116.97,3158.19,16,0
1061,20250131,3,51,39,79.76,3110.64,8,0
1062,20250331,2,109,10,310.2,3102.0,10,0
1063,20241130,1,152,43,265.82,11430.26,10,0
1064,20240229,1,155,5,322.38,1611.9,17,1
1065,20251031,3,38,5,319.94,1599.7,9,1
1066,20240331,1,155,15,322.38,4835.7,17,1
1067,20251130,2,83,41,189.32,7762.12,10,0
1068,20250131,3,27,1,254.96,254.96,6,1
1069,20240531,3,60,126,241.9,30479.4,7,0
1070,20240930,3,145,89,108.83,9685.87,7,0
1071,20240331,1,129,4,45.49,181.96,20,1
1072,20250228,1,151,12,92.25,1107.0,10,0
1073,20250831,1,106,23,340.08,7821.84,14,0
1074,20250731,2,182,17,58.06,987.02,13,0
1075,20241130,1,138,76,86.38,6564.88,14,0
1076,20251031,1,137,80,25.59,2047.2,13,0
1077,20240831,1,152,14,265.82,3721.48,10,0
1078,20240831,3,169,42,276.47,11611.74,6,0
1079,20251031,2,73,69,307.22,21198.18,13,0
1080,20250531,2,179,21,231.35,4858.35,12,0
1081,20240229,2,125,8,285.25,2282.0,11,1
1082,20240331,2,158,33,180.81,5966.73,15,0
1083,20241231,2,171,13,83.7,1088.1,12,0
1084,20240831,2,127,7,170.72,1195.04,14,1
1085,20241231,1,126,7,130.29,912.03,12,1
1086,20241231,3,51,16,78.12,1249.92,8,0
1087,20250331,3,38,135,319.94,43191.9,9,0
1088,20250930,3,98,95,309.76,29427.2,6,0
1089,20250831,1,150,6,347.06,2082.36,14,1
1090,20251130,2,31,14,300.62,4208.68,13,0
1091,20241130,1,41,26,159.88,4156.88,16,0
1092,20240531,1,51,104,78.12,8124.48,18,0
1093,20251130,2,99,57,346.57,19754.49,11,0
1094,20251130,2,179,11,231.35,2544.85,12,1
1095,20251231,3,160,38,41.56,1579.28,6,0
1096,20240229,3,116,11,58.93,648.23,7,0
1097,20250331,3,126,0,133.03,0.0,5,1
1098,20240430,3,61,121,75.23,9102.83,7,0
1099,20240930,3,148,77,296.06,22796.62,5,0
1100,20251031,1,34,21,182.99,3842.79,13,0
1101,20250731,2,68,13,342.49,4452.37,12,0
1102,20240630,1,44,80,195.45,15636.0,17,0
1103,20250930,2,4,6,158.83,952.98,10,1
1104,20240731,2,33,49,110.89,5433.61,13,0
1105,20250331,2,148,11,302.28,3325.08,11,0
1106,20240531,2,175,13,94.86,1233.18,16,1
1107,20251130,1,96,67,205.7,13781.9,10,0
1108,20250430,3,27,101,254.96,25750.96,6,0
1109,20240430,1,128,0,77.25,0.0,10,1
1110,20240131,1,40,20,268.77,5375.4,18,0
1111,20240531,2,164,14,98.38,1377.32,10,0
1112,20250731,2,107,0,150.54,0.0,13,1
1113,20251031,2,169,32,282.28,9032.96,13,0
1114,20240930,1,69,72,198.5,14292.0,12,0
1115,20250331,1,120,0,186.72,0.0,12,1
1116,20250331,2,97,17,214.46,3645.82,11,0
1117,20250831,1,15,19,325.38,6182.22,14,0
1118,20240630,3,41,110,159.88,17586.8,7,0
1119,20240430,1,57,80,19.26,1540.8,17,0
1120,20241231,2,105,4,166.12,664.48,11,1
1121,20241130,1,75,75,59.74,4480.5,13,0
1122,20240531,2,158,34,180.81,6147.54,15,0
1123,20240229,1,3,3,188.61,565.83,11,1
1124,20241130,2,90,45,57.58,2591.1,11,0
1125,20240331,1,165,32,105.7,3382.4,12,0
1126,20240930,3,21,11,201.55,2217.05,5,0
1127,20240731,1,43,82,294.1,24116.2,15,0
1128,20250630,3,118,99,343.17,33973.83,5,0
1129,20250228,2,135,20,40.73,814.6,14,0
1130,20250228,2,80,7,176.76,1237.32,11,1
1131,20250131,2,165,20,107.92,2158.4,12,0
1132,20250430,3,150,10,347.06,3470.6,6,0
1133,20251130,1,75,87,71.97,6261.39,13,0
1134,20240331,3,71,12,301.72,3620.64,7,0
1135,20250531,3,99,25,346.57,8664.25,5,0
1136,20240831,2,136,11,110.14,1211.54,12,1
1137,20250531,3,116,95,60.17,5716.15,7,0
1138,20251231,1,4,7,158.83,1111.81,11,1
1139,20241130,1,133,60,61.66,3699.6,16,0
1140,20251130,3,134,66,61.77,4076.82,4,0
1141,20250531,2,24,54,189.35,10224.9,12,0
1142,20250430,1,41,83,163.24,13548.92,16,0
1143,20240630,1,180,32,93.34,2986.88,15,0
1144,20240731,1,3,61,188.61,11505.21,11,0
1145,20240430,3,120,80,182.88,14630.4,5,0
1146,20250531,2,97,3,253.06,759.18,11,1
1147,20240331,1,134,12,60.5,726.0,10,0
1148,20250531,1,137,14,25.59,358.26,13,0
1149,20250731,1,36,87,191.63,16671.81,19,0
1150,20241031,2,117,12,98.28,1179.36,10,0
1151,20251130,1,79,67,147.87,9907.29,12,0
1152,20240531,2,85,5,40.9,204.5,9,1
1153,20240831,1,98,83,257.11,21340.13,15,0
1154,20250630,2,169,27,282.28,7621.56,13,0
1155,20241130,3,88,61,335.85,20486.85,4,0
1156,20240331,3,98,4,257.11,1028.44,6,1
1157,20251130,3,167,38,209.73,7969.74,5,0
1158,20241031,1,180,48,93.34,4480.32,15,0
1159,20240630,2,133,11,61.66,678.26,15,1
1160,20240531,1,131,1,36.32,36.32,14,1
1161,20241031,3,111,12,145.84,1750.08,5,0
1162,20241130,1,44,22,195.45,4299.9,17,0
1163,20240731,3,16,51,219.41,11189.91,4,0
1164,20240131,2,165,22,105.7,2325.4,12,0
1165,20241231,1,71,0,301.72,0.0,16,1
1166,20241231,1,97,13,210.05,2730.65,12,0
1167,20240531,3,165,13,105.7,1374.1,5,0
1168,20240731,1,52,90,179.27,16134.3,17,0
1169,20250228,1,122,4,212.67,850.68,11,1
1170,20250531,1,175,37,96.85,3583.45,17,0
1171,20240930,1,3,19,188.61,3583.59,11,0
1172,20240731,3,73,12,255.0,3060.0,6,0
1173,20240531,2,33,68,110.89,7540.52,13,0
1174,20250831,2,142,12,100.93,1211.16,10,0
1175,20240630,3,166,41,212.88,8728.08,5,0
1176,20250531,1,84,21,375.89,7893.69,12,0
1177,20240731,3,147,9,339.78,3058.02,4,0
1178,20240331,1,91,8,279.07,2232.56,11,1
1179,20250831,1,147,13,346.92,4509.96,10,0
1180,20250930,1,102,45,260.69,11731.05,10,0
1181,20240331,2,40,84,268.77,22576.68,17,0
1182,20251130,3,149,106,111.14,11780.84,7,0
1183,20251231,1,61,37,76.81,2841.97,18,0
1184,20240430,2,107,63,147.44,9288.72,13,0
1185,20241231,3,50,27,291.69,7875.63,8,0
1186,20251231,3,61,13,76.81,998.53,7,0
1187,20241031,3,68,85,284.28,24163.8,5,0
1188,20250630,2,123,57,132.28,7539.96,13,0
1189,20241231,2,161,15,62.84,942.6,13,0
1190,20240831,2,123,12,129.56,1554.72,13,1
1191,20250430,1,145,0,111.12,0.0,16,1
1192,20251231,1,161,39,64.16,2502.24,14,0
1193,20240930,2,41,21,159.88,3357.48,15,0
1194,20250531,2,160,17,41.56,706.52,14,0
1195,20240930,2,148,63,296.06,18651.78,11,0
1196,20240831,3,55,107,209.35,22400.45,7,0
1197,20240731,3,156,26,161.25,4192.5,5,0
1198,20251130,1,182,17,58.06,987.02,14,0
1199,20250831,3,36,117,191.63,22420.71,8,0
1200,20250331,1,44,81,199.55,16163.55,17,0
1201,20241031,1,165,19,105.7,2008.3,12,0
1202,20241031,2,136,57,110.14,6277.98,12,0
1203,20240531,2,58,89,146.46,13034.94,17,0
1204,20250531,2,95,0,64.62,0.0,7,1
1205,20241031,1,2,14,292.58,4096.12,7,0
1206,20251130,3,90,62,69.37,4300.94,5,0
1207,20250831,3,78,52,238.11,12381.72,4,0
1208,20240531,1,96,9,170.74,1536.66,10,1
1209,20240331,1,78,5,197.64,988.2,9,1
1210,20250831,2,111,15,148.9,2233.5,11,0
1211,20250131,2,56,19,293.14,5569.66,18,0
1212,20250131,1,71,27,308.06,8317.62,16,0
1213,20240531,1,156,7,161.25,1128.75,12,1
1214,20240831,1,12,15,68.19,1022.85,11,0
1215,20240229,1,113,3,276.01,828.03,10,1
1216,20241031,2,79,54,144.83,7820.82,12,0
1217,20240131,2,3,0,188.61,0.0,10,1
1218,20251130,1,32,4,409.59,1638.36,13,1
1219,20240229,1,132,12,125.81,1509.72,14,1
1220,20250331,2,71,10,308.06,3080.6,15,1
1221,20250331,3,26,23,246.82,5676.86,4,0
1222,20240831,1,56,100,287.11,28711.0,19,0
1223,20251031,2,123,0,132.28,0.0,13,1
1224,20240531,1,153,3,113.61,340.83,11,1
1225,20250531,2,29,40,243.45,9738.0,10,0
1226,20251031,3,112,22,67.02,1474.44,5,0
1227,20250331,1,84,13,318.55,4141.15,12,0
1228,20241130,1,66,51,199.26,10162.26,10,0
1229,20240131,1,151,3,90.35,271.05,10,1
1230,20250228,2,1,2,186.13,372.26,8,1
1231,20240131,1,173,28,207.98,5823.44,16,0
1232,20240930,1,19,14,170.21,2382.94,12,0
1233,20240731,1,27,68,249.72,16980.96,14,0
1234,20250831,2,76,58,338.68,19643.44,11,0
1235,20240930,3,71,121,301.72,36508.12,7,0
1236,20250630,1,67,2,28.64,57.28,14,1
1237,20250430,1,94,11,124.3,1367.3,12,1
1238,20240131,2,41,19,159.88,3037.72,15,0
1239,20250930,3,145,98,111.12,10889.76,7,0
1240,20251231,1,165,31,107.92,3345.52,12,0
1241,20240331,3,145,27,108.83,2938.41,7,0
1242,20241231,2,152,39,265.82,10366.98,9,0
1243,20241130,2,102,36,255.33,9191.88,10,0
1244,20241031,3,169,33,276.47,9123.51,6,0
1245,20250630,3,137,27,25.59,690.93,5,0
1246,20240930,3,2,0,292.58,0.0,3,1
1247,20250930,3,137,94,25.59,2405.46,5,0
1248,20240430,1,165,17,105.7,1796.9,12,0
1249,20250228,1,85,7,41.76,292.32,10,1
1250,20240531,1,21,59,201.55,11891.45,12,0
1251,20251031,2,85,43,49.28,2119.04,9,0
1252,20241031,1,38,14,313.36,4387.04,21,1
1253,20240630,1,137,8,25.06,200.48,13,1
1254,20241031,1,67,81,23.77,1925.37,14,0
1255,20250630,2,101,0,75.83,0.0,12,1
1256,20240430,2,108,51,166.46,8489.46,13,0
1257,20250131,2,181,44,312.4,13745.6,17,0
1258,20241031,1,111,19,145.84,2770.96,12,0
1259,20240131,1,43,4,294.1,1176.4,15,1
1260,20250430,2,101,2,64.26,128.52,12,1
1261,20250630,2,25,36,149.35,5376.6,9,0
1262,20250930,1,21,2,242.82,485.64,12,1
1263,20251130,1,104,3,76.7,230.1,11,1
1264,20251031,2,158,28,184.61,5169.08,15,0
1265,20251031,1,57,44,23.2,1020.8,17,0
1266,20240531,3,98,5,257.11,1285.55,6,1
1267,20250331,2,170,7,16.95,118.65,12,1
1268,20240430,1,56,105,287.11,30146.55,19,0
1269,20241130,1,155,103,322.38,33205.14,17,0
1270,20240731,3,111,14,145.84,2041.76,5,0
1271,20250731,2,80,19,208.57,3962.83,11,0
1272,20240930,1,55,29,209.35,6071.15,16,0
1273,20240331,2,7,1,55.96,55.96,9,1
1274,20251031,3,120,13,186.72,2427.36,5,0
1275,20240131,2,34,25,151.89,3797.25,12,0
1276,20251031,1,117,10,100.34,1003.4,10,0
1277,20250630,1,138,10,88.19,881.9,14,1
1278,20241130,3,111,23,145.84,3354.32,5,0
1279,20250831,1,11,6,294.52,1767.12,9,1
1280,20240229,2,162,26,66.97,1741.22,14,0
1281,20250430,1,149,6,111.14,666.84,18,1
1282,20251031,2,173,22,212.35,4671.7,15,0
1283,20240930,1,101,74,62.94,4657.56,12,0
1284,20250731,3,143,24,220.45,5290.8,5,0
1285,20250131,3,134,7,61.77,432.39,4,0
1286,20240731,2,8,50,128.94,6447.0,9,0
1287,20241231,2,24,14,185.46,2596.44,12,0
1288,20251031,2,149,93,111.14,10336.02,17,0
1289,20240331,2,54,69,257.53,17769.57,16,0
1290,20240831,1,124,10,150.61,1506.1,12,1
1291,20250630,3,26,81,246.82,19992.42,4,0
1292,20240131,3,131,22,36.32,799.04,6,0
1293,20241231,2,176,34,322.02,10948.68,16,0
1294,20250430,1,19,54,173.78,9384.12,12,0
1295,20251031,2,83,51,189.32,9655.32,10,0
1296,20250430,2,7,31,57.14,1771.34,9,0
1297,20241231,2,127,77,170.72,13145.44,14,0
1298,20241231,3,179,14,226.59,3172.26,5,0
1299,20240531,1,159,55,166.16,9138.8,20,0
1300,20240731,1,87,22,211.22,4646.84,15,0
1301,20240831,3,177,24,211.22,5069.28,5,0
1302,20251231,1,103,22,154.84,3406.48,13,0
1303,20240531,1,165,25,105.7,2642.5,12,0
1304,20250630,1,79,0,147.87,0.0,12,1
1305,20240630,1,52,103,179.27,18464.81,17,0
1306,20240430,1,1,42,182.3,7656.6,9,0
1307,20240531,1,86,9,80.72,726.48,12,1
1308,20250531,3,169,12,282.28,3387.36,6,0
1309,20241231,2,8,13,128.94,1676.22,9,0
1310,20240630,1,10,61,87.08,5311.88,12,0
1311,20251231,1,179,19,231.35,4395.65,12,0
1312,20240831,1,26,2,241.74,483.48,11,1
1313,20250831,1,179,14,231.35,3238.9,12,0
1314,20241031,1,6,0,178.72,0.0,11,1
1315,20241031,2,27,14,249.72,3496.08,14,0
1316,20251130,2,21,13,242.82,3156.66,11,0
1317,20240430,3,161,40,62.84,2513.6,6,0
1318,20240630,3,143,16,215.92,3454.72,5,0
1319,20250731,1,93,8,159.25,1274.0,10,1
1320,20250531,2,83,9,189.32,1703.88,10,1
1321,20240229,3,176,60,322.02,19321.2,7,0
1322,20240731,1,122,0,208.3,0.0,11,1
1323,20250228,3,80,13,176.76,2297.88,5,0
1324,20250430,1,111,61,148.9,9082.9,12,0
1325,20250630,1,71,18,363.51,6543.18,16,0
1326,20241231,3,28,6,140.77,844.62,6,0
1327,20241130,2,53,18,176.84,3183.12,19,1
1328,20240229,1,77,7,167.57,1172.99,14,1
1329,20251231,1,94,5,124.3,621.5,12,1
1330,20240331,2,84,14,312.0,4368.0,12,0
1331,20241031,3,107,12,147.44,1769.28,6,0
1332,20250131,2,131,7,37.08,259.56,13,1
1333,20250630,1,100,2,369.19,738.38,11,1
1334,20240630,3,67,13,23.77,309.01,6,0
1335,20240630,2,20,72,32.44,2335.68,15,0
1336,20240831,1,120,13,182.88,2377.44,12,0
1337,20251231,2,10,2,88.91,177.82,11,1
1338,20241031,1,115,9,46.26,416.34,11,1
1339,20240531,1,40,102,268.77,27414.54,18,0
1340,20240630,3,92,15,140.04,2100.6,6,0
1341,20240531,3,97,14,210.05,2940.7,5,0
1342,20250531,1,118,69,343.17,23678.73,13,0
1343,20240831,2,90,59,57.58,3397.22,11,0
1344,20250930,1,70,51,48.05,2450.55,10,0
1345,20241130,3,112,0,65.64,0.0,5,1
1346,20251031,1,177,20,215.66,4313.2,12,0
1347,20250228,1,36,14,162.4,2273.6,19,1
1348,20250630,1,148,22,302.28,6650.16,12,0
1349,20240731,2,76,11,281.11,3092.21,11,0
1350,20250331,1,176,33,328.78,10849.74,17,0
1351,20250430,2,69,7,202.67,1418.69,11,1
1352,20250630,2,111,47,148.9,6998.3,11,0
1353,20250930,1,147,49,346.92,16999.08,10,0
1354,20240731,2,62,63,112.54,7090.02,16,0
1355,20250228,1,69,10,202.67,2026.7,12,1
1356,20251031,1,27,0,254.96,0.0,14,1
1357,20251231,1,6,0,182.47,0.0,11,1
1358,20240131,1,122,6,208.3,1249.8,11,1
1359,20250228,1,126,7,133.03,931.21,12,1
1360,20250930,1,181,41,312.4,12808.4,18,0
1361,20240731,3,82,17,278.39,4732.63,4,0
1362,20250131,1,91,20,284.93,5698.6,11,0
1363,20251031,1,111,11,148.9,1637.9,12,1
1364,20240131,2,46,0,308.91,0.0,17,1
1365,20251231,3,179,45,231.35,10410.75,5,0
1366,20250930,1,39,0,122.17,0.0,19,1
1367,20240630,1,5,63,204.06,12855.78,13,0
1368,20250430,1,108,86,169.96,14616.56,14,0
1369,20251231,1,75,19,71.97,1367.43,13,0
1370,20251231,3,93,15,159.25,2388.75,4,0
1371,20250331,1,96,10,174.33,1743.3,10,0
1372,20240630,3,51,128,78.12,9999.36,8,0
1373,20240331,3,140,17,40.41,686.97,5,0
1374,20250630,1,12,58,69.62,4037.96,11,0
1375,20240430,1,13,73,308.85,22546.05,12,0
1376,20240531,2,90,3,57.58,172.74,11,1
1377,20240131,1,39,25,119.66,2991.5,19,0
1378,20250228,2,8,4,131.65,526.6,9,1
1379,20250430,2,97,12,214.46,2573.52,11,0
1380,20240229,1,131,19,36.32,690.08,14,0
1381,20250228,2,117,5,100.34,501.7,10,1
1382,20240731,3,80,13,173.12,2250.56,5,0
1383,20241031,3,180,49,93.34,4573.66,6,0
1384,20240930,1,13,0,308.85,0.0,12,1
1385,20251130,2,8,3,155.34,466.02,9,1
1386,20251031,2,8,5,155.34,776.7,9,1
1387,20240831,2,41,64,159.88,10232.32,15,0
1388,20240331,1,36,106,159.06,16860.36,19,0
1389,20250228,1,150,5,347.06,1735.3,14,1
1390,20240531,1,73,13,255.0,3315.0,14,1
1391,20240731,3,33,98,110.89,10867.22,6,0
1392,20250831,1,74,74,130.44,9652.56,13,0
1393,20250228,3,132,2,128.45,256.9,6,1
1394,20251031,1,121,15,44.65,669.75,10,0
1395,20240331,1,152,11,265.82,2924.02,10,0
1396,20251130,2,178,20,119.43,2388.6,16,0
1397,20240229,1,163,29,294.58,8542.82,11,0
1398,20240731,3,66,17,199.26,3387.42,4,0
1399,20251031,3,33,29,113.22,3283.38,6,0
1400,20251130,3,75,79,71.97,5685.63,5,0
1401,20240430,2,54,61,257.53,15709.33,16,0
1402,20240131,3,21,7,201.55,1410.85,5,0
1403,20250430,1,144,5,98.33,491.65,15,1
1404,20241231,1,134,52,60.5,3146.0,10,0
1405,20240229,1,28,17,140.77,2393.09,14,0
1406,20251231,3,145,112,111.12,12445.44,7,0
1407,20250630,2,92,2,168.72,337.44,14,1
1408,20241130,1,40,22,268.77,5912.94,18,0
1409,20250831,2,77,53,171.09,9067.77,13,0
1410,20250930,1,73,89,307.22,27342.58,14,0
1411,20241231,1,46,17,308.91,5251.47,17,0
1412,20250131,2,41,0,163.24,0.0,15,1
1413,20240731,1,54,98,257.53,25237.94,17,0
1414,20250228,1,6,9,182.47,1642.23,11,1
1415,20250531,1,42,121,267.02,32309.42,23,0
1416,20240630,1,74,13,108.27,1407.51,13,0
1417,20240831,1,179,23,226.59,5211.57,12,0
1418,20250228,1,97,11,214.46,2359.06,12,1
1419,20240630,2,151,8,90.35,722.8,10,1
1420,20240331,2,42,108,261.53,28245.24,22,0
1421,20240630,2,91,14,279.07,3906.98,11,0
1422,20250228,3,47,33,71.53,2360.49,6,0
1423,20240930,1,50,3,291.69,875.07,19,1
1424,20240731,1,60,98,241.9,23706.2,17,0
1425,20250930,1,87,84,215.66,18115.44,15,0
1426,20251231,3,19,5,205.07,1025.35,5,0
1427,20240731,2,171,17,83.7,1422.9,12,0
1428,20240930,1,168,26,224.71,5842.46,13,0
1429,20241130,1,96,54,170.74,9219.96,10,0
1430,20240430,1,167,30,205.42,6162.6,13,0
1431,20240831,2,77,61,167.57,10221.77,13,0
1432,20250430,1,110,70,182.67,12786.9,12,0
1433,20250228,2,86,2,82.42,164.84,11,1
1434,20240731,1,146,15,220.88,3313.2,14,0
1435,20240331,3,41,84,159.88,13429.92,7,0
1436,20251031,1,60,16,291.44,4663.04,17,1
1437,20241231,1,53,31,176.84,5482.04,20,0
1438,20240731,1,31,89,294.44,26205.16,14,0
1439,20241130,2,110,0,178.91,0.0,12,1
1440,20240831,2,70,48,39.88,1914.24,10,0
1441,20251031,2,111,20,148.9,2978.0,11,0
1442,20250131,1,44,16,199.55,3192.8,17,1
1443,20250131,1,137,19,25.59,486.21,13,0
1444,20240930,3,9,11,66.28,729.08,3,0
1445,20240331,2,132,0,125.81,0.0,13,1
1446,20250331,1,181,36,312.4,11246.4,18,0
1447,20250228,3,107,13,150.54,1957.02,6,0
1448,20240531,1,18,37,242.09,8957.33,6,0
1449,20251031,2,132,61,128.45,7835.45,13,0
1450,20240229,1,56,21,287.11,6029.31,19,0
1451,20250228,2,175,33,96.85,3196.05,16,0
1452,20250531,1,179,27,231.35,6246.45,12,0
1453,20241130,3,168,23,224.71,5168.33,5,0
1454,20240331,2,175,22,94.86,2086.92,16,0
1455,20241031,1,133,79,61.66,4871.14,16,0
1456,20251031,2,125,14,291.24,4077.36,11,0
1457,20250430,2,58,84,149.54,12561.36,17,0
1458,20240531,3,181,48,305.97,14686.56,8,0
1459,20250331,1,155,28,329.15,9216.2,17,0
1460,20250630,1,11,48,294.52,14136.96,9,0
1461,20250228,1,19,29,173.78,5039.62,12,0
1462,20240331,1,82,12,278.39,3340.68,11,0
1463,20250630,1,10,43,88.91,3823.13,12,0
1464,20240430,3,154,0,323.13,0.0,5,1
1465,20251130,2,2,3,298.72,896.16,7,1
1466,20251231,3,52,20,183.03,3660.6,7,0
1467,20251130,3,52,0,183.03,0.0,7,1
1468,20240731,2,80,7,173.12,1211.84,11,1
1469,20250930,1,116,2,60.17,120.34,16,1
1470,20250228,2,39,9,122.17,1099.53,18,1
1471,20250531,1,164,22,100.45,2209.9,11,0
1472,20250930,1,8,16,155.34,2485.44,10,0
1473,20250430,3,37,111,16.65,1848.15,9,0
1474,20241231,3,71,8,301.72,2413.76,7,0
1475,20240531,3,152,5,265.82,1329.1,4,0
1476,20250731,3,180,56,95.3,5336.8,6,0
1477,20250731,2,110,15,182.67,2740.05,12,0
1478,20240531,3,90,22,57.58,1266.76,5,0
1479,20250831,2,148,0,302.28,0.0,11,1
1480,20241031,1,159,16,166.16,2658.56,20,1
1481,20250331,2,149,4,111.14,444.56,17,1
1482,20251231,1,167,21,209.73,4404.33,13,0
1483,20241231,2,14,10,26.62,266.2,14,1
1484,20251130,1,160,40,41.56,1662.4,15,0
1485,20251130,1,178,28,119.43,3344.04,17,0
1486,20250531,2,106,63,340.08,21425.04,13,0
1487,20240630,2,3,55,188.61,10373.55,10,0
1488,20250430,1,171,15,85.46,1281.9,12,0
1489,20240531,1,90,0,57.58,0.0,12,1
1490,20241130,1,86,67,80.72,5408.24,12,0
1491,20240630,3,5,99,204.06,20201.94,5,0
1492,20251231,2,161,23,64.16,1475.68,13,0
1493,20251231,3,147,69,346.92,23937.48,4,0
1494,20240630,1,143,7,215.92,1511.44,13,1
1495,20251130,1,159,41,169.65,6955.65,20,0
1496,20250131,2,1,6,186.13,1116.78,8,1
1497,20250930,3,83,64,189.32,12116.48,4,0
1498,20251231,3,45,41,78.37,3213.17,6,0
1499,20250831,2,24,4,189.35,757.4,12,1
1500,20251231,1,133,94,62.95,5917.3,16,0
1501,20240831,1,69,76,198.5,15086.0,12,0
1502,20250831,1,115,0,47.23,0.0,11,1
1503,20251231,1,77,22,171.09,3763.98,14,0
1504,20241231,3,66,5,199.26,996.3,4,0
1505,20251031,1,181,49,312.4,15307.6,18,0
1506,20250731,2,109,2,310.2,620.4,10,1
1507,20250630,1,126,77,133.03,10243.31,12,0
1508,20241130,1,49,19,30.58,581.02,18,0
1509,20250731,1,75,0,71.97,0.0,13,1
1510,20241130,2,175,28,94.86,2656.08,16,0
1511,20250731,1,82,0,335.4,0.0,11,1
1512,20250228,3,65,0,131.52,0.0,5,1
1513,20240630,3,118,77,336.11,25880.47,5,0
1514,20250831,3,172,33,221.22,7300.26,5,0
1515,20250731,1,111,5,148.9,744.5,12,1
1516,20241031,2,84,49,312.0,15288.0,12,0
1517,20241231,1,172,23,216.67,4983.41,13,0
1518,20250131,1,110,9,182.67,1644.03,12,1
1519,20241031,1,16,5,219.41,1097.05,9,1
1520,20240930,1,172,33,216.67,7150.11,13,0
1521,20241130,1,156,63,161.25,10158.75,12,0
1522,20241231,1,129,110,45.49,5003.9,20,0
1523,20250531,2,171,23,85.46,1965.58,12,0
1524,20250331,1,157,23,25.21,579.83,13,0
1525,20240831,2,107,23,147.44,3391.12,13,0
1526,20250531,2,49,74,31.22,2310.28,17,0
1527,20240430,1,55,72,209.35,15073.2,16,0
1528,20240731,3,134,9,60.5,544.5,4,0
1529,20240630,3,36,119,159.06,18928.14,8,0
1530,20240731,2,167,13,205.42,2670.46,12,0
1531,20250831,1,148,14,302.28,4231.92,12,0
1532,20240630,1,133,0,61.66,0.0,16,1
1533,20251130,2,17,7,313.71,2195.97,13,1
1534,20250930,1,93,59,159.25,9395.75,10,0
1535,20241130,1,62,23,112.54,2588.42,17,0
1536,20240331,2,56,69,287.11,19810.59,18,0
1537,20240331,3,139,14,198.93,2785.02,7,0
1538,20241231,3,118,26,336.11,8738.86,5,0
1539,20250430,2,71,0,308.06,0.0,15,1
1540,20240331,2,68,11,284.28,3127.08,12,1
1541,20250430,3,8,50,131.65,6582.5,4,0
1542,20250331,2,56,77,293.14,22571.78,18,0
1543,20250630,2,76,10,338.68,3386.8,11,1
1544,20241130,1,148,71,296.06,21020.26,12,0
1545,20240930,3,73,85,255.0,21675.0,6,0
1546,20250430,3,67,3,24.27,72.81,6,1
1547,20250531,1,156,13,164.64,2140.32,12,0
1548,20240430,1,24,63,185.46,11683.98,12,0
1549,20241130,3,169,27,276.47,7464.69,6,0
1550,20241031,1,45,6,76.76,460.56,16,1
1551,20251031,2,76,49,338.68,16595.32,11,0
1552,20250731,1,154,23,329.92,7588.16,13,0
1553,20250430,3,2,38,298.72,11351.36,3,0
1554,20240831,1,99,70,287.66,20136.2,12,0
1555,20250930,3,76,71,338.68,24046.28,5,0
1556,20250930,1,67,73,28.64,2090.72,14,0
1557,20240831,2,116,4,58.93,235.72,16,1
1558,20241031,2,82,48,278.39,13362.72,10,0
1559,20250430,2,167,18,209.73,3775.14,12,0
1560,20240430,3,139,16,198.93,3182.88,7,0
1561,20251231,1,144,51,98.33,5014.83,15,0
1562,20250930,2,6,1,182.47,182.47,10,1
1563,20240531,1,130,7,317.23,2220.61,14,1
1564,20240331,1,117,6,98.28,589.68,10,1
1565,20250531,2,156,5,164.64,823.2,11,1
1566,20240630,3,109,69,303.82,20963.58,4,0
1567,20240831,1,168,38,224.71,8538.98,13,0
1568,20250930,2,47,10,71.53,715.3,14,1
1569,20241231,2,51,29,78.12,2265.48,17,0
1570,20240331,1,154,16,323.13,5170.08,13,0
1571,20240331,3,17,15,307.26,4608.9,6,0
1572,20240930,2,74,48,108.27,5196.96,12,0
1573,20250228,3,61,11,76.81,844.91,7,0
1574,20250531,1,97,5,253.06,1265.3,12,1
1575,20240229,2,138,21,86.38,1813.98,13,0
1576,20240930,2,125,0,285.25,0.0,11,1
1577,20250731,2,160,23,41.56,955.88,14,0
1578,20250331,3,48,103,33.51,3451.53,7,0
1579,20240630,2,72,16,196.62,3145.92,12,0
1580,20240229,3,93,15,132.18,1982.7,4,0
1581,20241031,2,124,6,150.61,903.66,12,1
1582,20240430,1,176,30,322.02,9660.6,17,0
1583,20240930,2,171,16,83.7,1339.2,12,0
1584,20251231,1,172,33,221.22,7300.26,13,0
1585,20250131,2,17,14,313.71,4391.94,13,0
1586,20250228,2,111,2,148.9,297.8,11,1
1587,20241231,2,167,29,205.42,5957.18,12,0
1588,20250331,2,169,31,282.28,8750.68,13,0
1589,20251031,3,51,6,79.76,478.56,8,1
1590,20241130,1,127,67,170.72,11438.24,15,0
1591,20240731,1,102,13,255.33,3319.29,10,0
1592,20250731,3,60,102,291.44,29726.88,7,0
1593,20251231,3,121,15,44.65,669.75,4,0
1594,20250331,2,102,8,260.69,2085.52,10,1
1595,20240430,1,164,19,98.38,1869.22,11,0
1596,20241130,1,124,4,150.61,602.44,12,1
1597,20250430,1,133,4,62.95,251.8,16,1
1598,20241031,2,178,38,116.97,4444.86,16,0
1599,20240430,3,145,18,108.83,1958.94,7,0
1600,20240229,2,71,5,301.72,1508.6,15,1
1601,20241130,1,173,20,207.98,4159.6,16,0
1602,20250131,3,61,23,76.81,1766.63,7,0
1603,20240731,3,19,73,170.21,12425.33,5,0
1604,20241130,1,73,62,255.0,15810.0,14,0
1605,20250331,2,37,111,16.65,1848.15,21,0
1606,20240930,1,151,60,90.35,5421.0,10,0
1607,20250228,3,162,27,68.38,1846.26,6,0
1608,20241231,1,165,21,105.7,2219.7,12,0
1609,20251130,2,20,11,33.12,364.32,15,1
1610,20240430,3,153,14,113.61,1590.54,4,0
1611,20240831,1,125,12,285.25,3423.0,12,0
1612,20240731,3,161,37,62.84,2325.08,6,0
1613,20250228,3,17,11,313.71,3450.81,6,0
1614,20240131,2,163,26,294.58,7659.08,10,0
1615,20251130,3,73,95,307.22,29185.9,6,0
1616,20240831,3,162,28,66.97,1875.16,6,0
1617,20240531,1,20,86,32.44,2789.84,16,0
1618,20250930,2,65,48,155.19,7449.12,12,0
1619,20250731,3,16,65,224.02,14561.3,4,0
1620,20251031,3,147,64,346.92,22202.88,4,0
1621,20241031,1,10,0,87.08,0.0,12,1
1622,20250131,3,33,16,113.22,1811.52,6,0
1623,20241130,1,103,16,151.66,2426.56,13,0
1624,20240930,2,85,36,40.9,1472.4,9,0
1625,20240930,2,1,1,182.3,182.3,8,1
1626,20240430,1,35,97,30.0,2910.0,19,0
1627,20250531,1,43,83,300.28,24923.24,15,0
1628,20250531,1,22,41,298.47,12237.27,8,0
1629,20250331,2,3,16,192.57,3081.12,10,0
1630,20240630,1,174,21,165.53,3476.13,13,0
1631,20241031,3,116,19,58.93,1119.67,7,0
1632,20241231,3,167,9,205.42,1848.78,5,0
1633,20250331,1,144,7,98.33,688.31,15,1
1634,20240131,1,36,21,159.06,3340.26,19,0
1635,20240731,2,125,0,285.25,0.0,11,1
1636,20241031,1,57,16,19.26,308.16,17,1
1637,20241130,1,84,60,312.0,18720.0,12,0
1638,20250531,1,63,108,247.24,26701.92,21,0
1639,20240331,3,83,19,157.14,2985.66,4,0
1640,20240630,1,100,13,306.44,3983.72,11,0
1641,20251231,3,80,17,208.57,3545.69,5,0
1642,20241231,3,36,16,159.06,2544.96,8,0
1643,20241031,3,17,36,307.26,11061.36,6,0
1644,20240731,1,127,13,170.72,2219.36,15,1
1645,20250831,2,158,31,184.61,5722.91,15,0
1646,20250831,2,44,74,199.55,14766.7,16,0
1647,20251231,2,19,0,205.07,0.0,11,1
1648,20240531,1,146,35,220.88,7730.8,14,0
1649,20250930,2,167,17,209.73,3565.41,12,0
1650,20240229,1,31,19,294.44,5594.36,14,0
1651,20251231,2,94,3,124.3,372.9,11,1
1652,20250731,3,176,41,328.78,13479.98,7,0
1653,20240630,3,108,87,166.46,14482.02,6,0
1654,20250131,2,77,17,171.09,2908.53,13,0
1655,20250831,3,76,89,338.68,30142.52,5,0
1656,20250731,1,112,19,67.02,1273.38,13,0
1657,20250531,3,167,11,209.73,2307.03,5,0
1658,20250228,3,168,37,229.43,8488.91,5,0
1659,20240430,1,91,10,279.07,2790.7,11,1
1660,20240131,2,99,17,287.66,4890.22,11,0
1661,20251130,1,24,25,189.35,4733.75,12,0
1662,20240331,2,76,12,281.11,3373.32,11,0
1663,20251130,2,86,47,97.25,4570.75,11,0
1664,20251031,2,167,18,209.73,3775.14,12,0
1665,20250630,2,10,59,88.91,5245.69,11,0
1666,20251031,2,84,50,375.89,18794.5,12,0
1667,20250630,1,137,27,25.59,690.93,13,0
1668,20250531,1,26,60,246.82,14809.2,11,0
1669,20251130,2,128,52,78.87,4101.24,10,0
1670,20250228,3,149,4,111.14,444.56,7,1
1671,20241231,2,162,17,66.97,1138.49,14,0
1672,20240630,2,83,0,157.14,0.0,10,1
1673,20240430,3,167,40,205.42,8216.8,5,0
1674,20240930,2,65,57,128.81,7342.17,12,0
1675,20250228,3,51,6,79.76,478.56,8,1
1676,20240930,1,36,12,159.06,1908.72,19,1
1677,20240630,1,120,37,182.88,6766.56,12,0
1678,20240331,1,76,12,281.11,3373.32,12,0
1679,20241031,1,78,44,197.64,8696.16,9,0
1680,20240531,2,77,6,167.57,1005.42,13,1
1681,20251231,2,27,5,254.96,1274.8,14,1
1682,20240430,1,82,15,278.39,4175.85,11,0
1683,20240831,3,89,80,157.64,12611.2,5,0
1684,20241231,3,156,78,161.25,12577.5,5,0
1685,20250228,1,78,7,201.79,1412.53,9,1
1686,20241130,3,107,20,147.44,2948.8,6,0
1687,20251231,1,49,23,31.22,718.06,18,0
1688,20250531,1,72,10,236.88,2368.8,13,1
1689,20251231,2,134,38,61.77,2347.26,10,0
1690,20240731,3,112,11,65.64,722.04,5,0
1691,20251031,1,125,11,291.24,3203.64,12,1
1692,20240630,1,111,54,145.84,7875.36,12,0
1693,20240930,1,154,63,323.13,20357.19,13,0
1694,20250731,1,79,3,147.87,443.61,12,1
1695,20250131,2,46,9,315.4,2838.6,17,1
1696,20240229,1,20,15,32.44,486.6,16,1
1697,20240131,1,38,34,313.36,10654.24,21,0
1698,20240930,3,118,9,336.11,3024.99,5,0
1699,20250131,2,95,5,54.77,273.85,7,1
1700,20240731,2,89,13,157.64,2049.32,11,0
1701,20240531,2,80,11,173.12,1904.32,11,0
1702,20251231,1,38,43,319.94,13757.42,21,0
1703,20250430,2,158,20,184.61,3692.2,15,0
1704,20240131,2,1,16,182.3,2916.8,8,0
1705,20250430,2,85,7,41.76,292.32,9,1
1706,20241031,2,65,51,128.81,6569.31,12,0
1707,20241231,1,19,9,170.21,1531.89,12,1
1708,20250228,1,149,23,111.14,2556.22,18,0
1709,20240331,2,43,58,294.1,17057.8,14,0
1710,20251031,2,54,26,262.94,6836.44,16,0
1711,20250331,3,122,31,212.67,6592.77,4,0
1712,20250630,2,48,67,33.51,2245.17,15,0
1713,20240531,1,158,42,180.81,7594.02,16,0
1714,20250331,3,29,22,243.45,5355.9,4,0
1715,20250430,2,136,4,112.45,449.8,12,1
1716,20251231,1,39,23,122.17,2809.91,19,0
1717,20250930,3,60,18,291.44,5245.92,7,0
1718,20250630,1,16,59,224.02,13217.18,9,0
1719,20240831,1,80,85,173.12,14715.2,12,0
1720,20240131,1,177,27,211.22,5702.94,12,0
1721,20241130,2,105,16,166.12,2657.92,11,0
1722,20240831,1,27,29,249.72,7241.88,14,0
1723,20250930,1,109,5,310.2,1551.0,11,1
1724,20250228,1,136,16,112.45,1799.2,12,0
1725,20250930,1,96,54,205.7,11107.8,10,0
1726,20250430,2,152,14,271.4,3799.6,9,0
1727,20240930,1,150,66,339.92,22434.72,14,0
1728,20240531,2,17,57,307.26,17513.82,13,0
1729,20240930,1,42,9,261.53,2353.77,23,1
1730,20250228,1,100,10,312.88,3128.8,11,1
1731,20250531,3,143,17,220.45,3747.65,5,0
1732,20240531,3,141,1,307.78,307.78,4,1
1733,20250131,2,66,3,203.44,610.32,9,1
1734,20241231,1,143,59,215.92,12739.28,13,0
1735,20241130,1,63,30,242.15,7264.5,21,0
1736,20240630,1,81,1,302.82,302.82,13,1
1737,20250831,1,52,86,183.03,15740.58,17,0
1738,20240131,2,138,14,86.38,1209.32,13,0
1739,20250531,3,163,30,300.77,9023.1,4,0
1740,20240630,3,107,89,147.44,13122.16,6,0
1741,20240630,2,129,9,45.49,409.41,19,1
1742,20240731,3,57,102,19.26,1964.52,7,0
1743,20240331,1,116,4,58.93,235.72,16,1
1744,20240731,3,86,10,80.72,807.2,5,0
1745,20250531,2,74,1,130.44,130.44,12,1
1746,20241231,1,24,7,185.46,1298.22,12,1
1747,20240229,1,170,25,16.6,415.0,12,0
1748,20250331,1,167,23,209.73,4823.79,13,0
1749,20241130,3,117,18,98.28,1769.04,4,0
1750,20250930,1,66,49,240.06,11762.94,10,0
1751,20240731,2,124,0,150.61,0.0,12,1
1752,20240930,1,120,12,182.88,2194.56,12,0
1753,20240131,2,51,1,78.12,78.12,17,1
1754,20250331,2,131,13,37.08,482.04,13,0
1755,20240331,3,165,28,105.7,2959.6,5,0
1756,20250731,1,173,27,212.35,5733.45,16,0
1757,20251231,3,27,21,254.96,5354.16,6,0
1758,20240229,1,75,14,59.74,836.36,13,0
1759,20240131,3,126,22,130.29,2866.38,5,0
1760,20250831,2,170,10,16.95,169.5,12,1
1761,20250228,2,157,25,25.21,630.25,12,0
1762,20250331,3,71,24,308.06,7393.44,7,0
1763,20241031,2,17,21,307.26,6452.46,13,0
1764,20250131,3,120,0,186.72,0.0,5,1
1765,20250228,1,178,24,119.43,2866.32,17,0
1766,20250331,2,1,4,186.13,744.52,8,1
1767,20251031,2,139,75,203.11,15233.25,16,0
1768,20241231,3,104,4,75.12,300.48,5,1
1769,20240930,3,26,17,241.74,4109.58,4,0
1770,20241031,2,109,5,303.82,1519.1,10,1
1771,20251130,1,72,56,236.88,13265.28,13,0
1772,20250731,1,117,11,100.34,1103.74,10,0
1773,20250930,3,21,12,242.82,2913.84,5,0
1774,20240831,3,86,73,80.72,5892.56,5,0
1775,20250930,2,128,44,78.87,3470.28,10,0
1776,20241130,1,162,28,66.97,1875.16,14,0
1777,20251031,3,86,81,97.25,7877.25,5,0
1778,20241130,2,131,57,36.32,2070.24,13,0
1779,20241031,3,137,73,25.06,1829.38,5,0
1780,20240930,1,164,23,98.38,2262.74,11,0
1781,20250930,3,176,43,328.78,14137.54,7,0
1782,20250430,2,120,54,186.72,10082.88,11,0
1783,20240831,1,107,11,147.44,1621.84,14,1
1784,20240831,2,84,61,312.0,19032.0,12,0
1785,20241130,1,107,9,147.44,1326.96,14,1
1786,20250630,3,153,7,116.0,812.0,4,0
1787,20251130,2,40,4,274.41,1097.64,17,1
1788,20240131,2,134,13,60.5,786.5,10,0
1789,20250228,3,126,30,133.03,3990.9,5,0
1790,20250630,1,151,7,92.25,645.75,10,1
1791,20250228,1,174,29,169.01,4901.29,13,0
1792,20250630,1,95,9,64.62,581.58,8,0
1793,20251231,1,50,0,297.82,0.0,19,1
1794,20240229,2,34,5,151.89,759.45,12,1
1795,20240331,1,169,11,276.47,3041.17,14,1
1796,20241031,1,49,14,30.58,428.12,18,1
1797,20241231,2,146,68,220.88,15019.84,14,0
1798,20240430,1,132,6,125.81,754.86,14,1
1799,20250930,2,101,45,75.83,3412.35,12,0
1800,20250831,3,131,29,37.08,1075.32,6,0
1801,20240630,3,152,20,265.82,5316.4,4,0
1802,20241031,3,2,10,292.58,2925.8,3,0
1803,20240731,2,135,20,39.89,797.8,14,0
1804,20250731,2,42,114,267.02,30440.28,22,0
1805,20250731,1,164,24,100.45,2410.8,11,0
1806,20250531,1,163,15,300.77,4511.55,11,0
1807,20240731,1,80,9,173.12,1558.08,12,1
1808,20241231,1,47,19,70.06,1331.14,15,0
1809,20240430,2,70,15,39.88,598.2,10,0
1810,20251130,3,65,69,155.19,10708.11,5,0
1811,20250831,2,113,10,281.81,2818.1,9,0
1812,20250831,2,83,56,189.32,10601.92,10,0
1813,20250228,3,73,9,260.35,2343.15,6,0
1814,20250228,2,99,0,293.7,0.0,11,1
1815,20240831,1,118,20,336.11,6722.2,13,0
1816,20240930,1,169,20,276.47,5529.4,14,0
1817,20250228,1,133,19,62.95,1196.05,16,0
1818,20241130,1,12,9,68.19,613.71,11,1
1819,20250831,3,50,112,297.82,33355.84,8,0
1820,20250228,3,178,34,119.43,4060.62,7,0
1821,20250430,3,97,12,214.46,2573.52,5,0
1822,20250430,2,39,73,122.17,8918.41,18,0
1823,20240331,2,103,0,151.66,0.0,12,1
1824,20240229,2,123,13,129.56,1684.28,13,0
1825,20250430,2,53,82,180.55,14805.1,19,0
1826,20250630,1,153,9,116.0,1044.0,11,1
1827,20251231,1,81,7,364.83,2553.81,13,1
1828,20250831,2,55,61,213.75,13038.75,15,0
1829,20250930,3,51,23,79.76,1834.48,8,0
1830,20250331,1,30,6,100.96,605.76,11,1
1831,20251130,2,77,62,171.09,10607.58,13,0
1832,20250930,1,94,66,124.3,8203.8,12,0
1833,20240229,2,33,1,110.89,110.89,13,1
1834,20240930,1,170,19,16.6,315.4,12,0
1835,20241031,2,24,15,185.46,2781.9,12,0
1836,20240331,2,80,4,173.12,692.48,11,1
1837,20240331,2,51,70,78.12,5468.4,17,0
1838,20240630,1,21,64,201.55,12899.2,12,0
1839,20250630,2,38,98,319.94,31354.12,20,0
1840,20251130,2,161,22,64.16,1411.52,13,0
1841,20240131,2,124,11,150.61,1656.71,12,1
1842,20240131,1,181,61,305.97,18664.17,18,0
1843,20250731,1,59,86,391.48,33667.28,16,0
1844,20250531,1,121,63,44.65,2812.95,10,0
1845,20250131,1,156,3,164.64,493.92,12,1
1846,20240831,2,83,59,157.14,9271.26,10,0
1847,20250930,1,134,52,61.77,3212.04,10,0
1848,20250831,2,21,15,242.82,3642.3,11,0
1849,20250430,1,58,103,149.54,15402.62,18,0
1850,20240131,3,136,5,110.14,550.7,5,0
1851,20240531,3,111,68,145.84,9917.12,5,0
1852,20251031,2,25,3,149.35,448.05,9,1
1853,20240630,1,132,16,125.81,2012.96,14,0
1854,20250331,1,82,14,284.24,3979.36,11,0
1855,20240229,1,93,11,132.18,1453.98,10,0
1856,20240630,3,103,83,151.66,12587.78,5,0
1857,20240930,2,38,19,313.36,5953.84,20,1
1858,20240731,2,20,71,32.44,2303.24,15,0
1859,20240331,1,51,74,78.12,5780.88,18,0
1860,20241031,1,156,80,161.25,12900.0,12,0
1861,20240430,3,33,92,110.89,10201.88,6,0
1862,20250228,1,40,12,274.41,3292.92,18,1
1863,20250731,1,160,30,41.56,1246.8,15,0
1864,20251031,1,3,9,227.23,2045.07,11,1
1865,20250731,2,115,7,47.23,330.61,11,1
1866,20240131,1,126,21,130.29,2736.09,12,0
1867,20240531,2,37,103,16.31,1679.93,21,0
1868,20240331,1,121,8,43.73,349.84,10,1
1869,20251231,3,165,38,107.92,4100.96,5,0
1870,20240430,2,173,39,207.98,8111.22,15,0
1871,20251231,3,65,0,155.19,0.0,5,1
1872,20240331,2,37,91,16.31,1484.21,21,0
1873,20250831,2,10,3,88.91,266.73,11,1
1874,20240731,1,61,110,75.23,8275.3,18,0
1875,20250531,1,92,6,168.72,1012.32,15,1
1876,20250131,1,109,12,310.2,3722.4,11,0
1877,20251231,1,10,26,88.91,2311.66,12,0
1878,20250831,1,82,63,335.4,21130.2,11,0
1879,20241130,2,133,66,61.66,4069.56,15,0
1880,20250731,3,145,12,111.12,1333.44,7,0
1881,20250630,2,178,13,119.43,1552.59,16,1
1882,20250430,2,106,57,340.08,19384.56,13,0
1883,20250131,2,169,16,282.28,4516.48,13,0
1884,20251031,2,68,50,342.49,17124.5,12,0
1885,20240630,1,64,90,69.43,6248.7,15,0
1886,20240831,2,82,43,278.39,11970.77,10,0
1887,20240731,1,96,0,170.74,0.0,10,1
1888,20250331,2,167,28,209.73,5872.44,12,0
1889,20251231,1,78,5,238.11,1190.55,9,1
1890,20240430,2,154,2,323.13,646.26,12,1
1891,20250331,1,166,25,217.35,5433.75,13,0
1892,20250930,2,83,52,189.32,9844.64,10,0
1893,20240930,1,91,65,279.07,18139.55,11,0
1894,20240731,3,118,20,336.11,6722.2,5,0
1895,20250831,1,178,27,119.43,3224.61,17,0
1896,20250331,2,27,12,254.96,3059.52,14,1
1897,20250630,2,89,16,189.92,3038.72,11,0
1898,20241031,1,69,52,198.5,10322.0,12,0
1899,20240331,1,119,16,58.44,935.04,11,0
1900,20240131,3,122,14,208.3,2916.2,4,0
1901,20250831,2,72,49,236.88,11607.12,12,0
1902,20240331,2,21,5,201.55,1007.75,11,1
1903,20240731,3,169,28,276.47,7741.16,6,0
1904,20251231,3,8,19,155.34,2951.46,4,0
1905,20251231,1,110,26,182.67,4749.42,12,0
1906,20250930,1,11,14,294.52,4123.28,9,0
1907,20241231,3,176,37,322.02,11914.74,7,0
1908,20241031,3,122,15,208.3,3124.5,4,0
1909,20251231,2,152,38,271.4,10313.2,9,0
1910,20241231,2,168,20,224.71,4494.2,12,0
1911,20240831,1,15,12,318.69,3824.28,14,1
1912,20250531,2,19,57,205.07,11688.99,11,0
1913,20240831,1,22,5,247.74,1238.7,8,1
1914,20240229,2,131,0,36.32,0.0,13,1
1915,20250930,1,81,68,364.83,24808.44,13,0
1916,20240630,1,88,7,335.85,2350.95,9,1
1917,20240630,3,137,11,25.06,275.66,5,0
1918,20240531,1,181,54,305.97,16522.38,18,0
1919,20251130,1,94,53,124.3,6587.9,12,0
1920,20241130,3,43,8,294.1,2352.8,6,0
1921,20250430,3,54,108,262.94,28397.52,7,0
1922,20241231,2,133,74,61.66,4562.84,15,0
1923,20250331,3,63,136,247.24,33624.64,9,0
1924,20251130,1,68,79,342.49,27056.71,13,0
1925,20241031,1,41,25,159.88,3997.0,16,0
1926,20241231,1,163,20,294.58,5891.6,11,0
1927,20250531,2,109,41,310.2,12718.2,10,0
1928,20250531,3,41,96,163.24,15671.04,7,0
1929,20241231,2,65,4,128.81,515.24,12,1
1930,20240131,3,102,6,255.33,1531.98,4,0
1931,20241031,2,94,62,121.74,7547.88,11,0
1932,20250228,2,139,10,203.11,2031.1,16,1
1933,20240531,1,170,26,16.6,431.6,12,0
1934,20251231,1,72,19,236.88,4500.72,13,0
1935,20240331,3,89,12,157.64,1891.68,5,0
1936,20251231,3,16,5,224.02,1120.1,4,0
1937,20240430,2,105,52,166.12,8638.24,11,0
1938,20240331,1,44,86,195.45,16808.7,17,0
1939,20250831,2,108,25,169.96,4249.0,13,0
1940,20240229,2,144,15,96.31,1444.65,14,0
1941,20250228,2,76,0,287.01,0.0,11,1
1942,20251231,1,13,14,315.34,4414.76,12,0
1943,20240831,1,4,1,155.56,155.56,11,1
1944,20251231,1,108,14,169.96,2379.44,14,0
1945,20251031,1,9,17,67.67,1150.39,9,0
1946,20250731,2,28,69,143.73,9917.37,13,0
1947,20240831,1,72,74,196.62,14549.88,13,0
1948,20250131,1,135,0,40.73,0.0,15,1
1949,20240331,2,85,2,40.9,81.8,9,1
1950,20250430,1,174,27,169.01,4563.27,13,0
1951,20250228,1,90,17,58.79,999.43,12,0
1952,20241130,3,139,91,198.93,18102.63,7,0
1953,20250430,2,70,13,40.72,529.36,10,0
1954,20251031,1,158,27,184.61,4984.47,16,0
1955,20251231,1,30,11,119.13,1310.43,11,0
1956,20240831,2,80,52,173.12,9002.24,11,0
1957,20240331,3,72,2,196.62,393.24,5,1
1958,20240331,3,8,15,128.94,1934.1,4,0
1959,20240131,2,123,18,129.56,2332.08,13,0
1960,20240131,3,60,29,241.9,7015.1,7,0
1961,20250930,1,131,75,37.08,2781.0,14,0
1962,20240731,3,131,21,36.32,762.72,6,0
1963,20240731,2,17,57,307.26,17513.82,13,0
1964,20251031,3,167,35,209.73,7340.55,5,0
1965,20251130,1,78,51,238.11,12143.61,9,0
1966,20241231,1,94,0,121.74,0.0,12,1
1967,20240731,2,24,48,185.46,8902.08,12,0
1968,20250131,1,161,23,64.16,1475.68,14,0
1969,20250228,1,96,5,174.33,871.65,10,1
1970,20250731,3,74,2,130.44,260.88,5,1
1971,20241031,2,62,0,112.54,0.0,16,1
1972,20250430,3,145,25,111.12,2778.0,7,0
1973,20240229,2,136,10,110.14,1101.4,12,1
1974,20240430,2,128,3,77.25,231.75,10,1
1975,20250131,3,176,27,328.78,8877.06,7,0
1976,20250630,2,180,11,95.3,1048.3,14,1
1977,20250630,3,145,0,111.12,0.0,7,1
1978,20240131,2,102,8,255.33,2042.64,10,1
1979,20251031,3,165,34,107.92,3669.28,5,0
1980,20241130,1,178,28,116.97,3275.16,17,0
1981,20240531,2,47,59,70.06,4133.54,14,0
1982,20240331,1,74,23,108.27,2490.21,13,0
1983,20240430,1,22,45,247.74,11148.3,8,0
1984,20250331,1,171,25,85.46,2136.5,12,0
1985,20250331,1,100,10,312.88,3128.8,11,1
1986,20250630,3,121,63,44.65,2812.95,4,0
1987,20240731,1,157,41,24.69,1012.29,13,0
1988,20240831,2,86,45,80.72,3632.4,11,0
1989,20250131,3,139,2,203.11,406.22,7,1
1990,20241231,1,144,75,96.31,7223.25,15,0
1991,20241130,2,25,7,146.28,1023.96,9,1
1992,20251031,1,124,18,153.77,2767.86,12,0
1993,20241130,1,78,50,197.64,9882.0,9,0
1994,20241130,2,164,13,98.38,1278.94,10,0
1995,20250930,1,180,34,95.3,3240.2,15,0
1996,20251231,1,98,8,309.76,2478.08,15,1
1997,20240831,1,55,86,209.35,18004.1,16,0
1998,20250930,2,72,60,236.88,14212.8,12,0
1999,20240731,2,10,46,87.08,4005.68,11,0
2000,20251130,2,142,36,100.93,3633.48,10,0
2001,20251231,1,138,61,88.19,5379.59,14,0
2002,20240531,3,100,19,306.44,5822.36,4,0
2003,20250331,1,27,18,254.96,4589.28,14,0
2004,20240731,1,90,1,57.58,57.58,12,1
2005,20250731,1,145,0,111.12,0.0,16,1
2006,20250731,1,101,15,75.83,1137.45,12,0
2007,20250331,3,80,6,176.76,1060.56,5,0
2008,20240630,3,86,22,80.72,1775.84,5,0
2009,20250228,1,47,7,71.53,500.71,15,1
2010,20241031,1,162,25,66.97,1674.25,14,0
2011,20240229,1,18,11,242.09,2662.99,6,0
2012,20250831,3,108,28,169.96,4758.88,6,0
2013,20241231,3,153,73,113.61,8293.53,4,0
2014,20240131,1,12,0,68.19,0.0,11,1
2015,20251231,2,109,10,310.2,3102.0,10,0
2016,20240430,3,180,49,93.34,4573.66,6,0
2017,20250930,2,96,36,205.7,7405.2,10,0
2018,20250228,1,106,12,340.08,4080.96,14,1
2019,20251031,2,82,46,335.4,15428.4,10,0
2020,20251031,2,62,1,135.59,135.59,16,1
2021,20240831,2,95,35,53.64,1877.4,7,0
2022,20251031,1,83,70,189.32,13252.4,11,0
2023,20240930,1,104,10,75.12,751.2,11,1
2024,20250331,2,120,3,186.72,560.16,11,1
2025,20250430,2,105,54,169.61,9158.94,11,0
2026,20240131,1,130,21,317.23,6661.83,14,0
2027,20250430,1,36,103,162.4,16727.2,19,0
2028,20241231,3,17,14,307.26,4301.64,6,0
2029,20240229,2,7,12,55.96,671.52,9,0
2030,20240430,1,40,91,268.77,24458.07,18,0
2031,20250430,3,104,66,76.7,5062.2,5,0
2032,20240229,3,165,33,105.7,3488.1,5,0
2033,20250531,2,48,81,33.51,2714.31,15,0
2034,20240831,3,122,0,208.3,0.0,4,1
2035,20241031,2,111,8,145.84,1166.72,11,1
2036,20250430,1,45,80,78.37,6269.6,16,0
2037,20240131,1,19,29,170.21,4936.09,12,0
2038,20240831,2,33,0,110.89,0.0,13,1
2039,20241031,3,103,22,151.66,3336.52,5,0
2040,20250630,2,57,86,23.2,1995.2,16,0
2041,20251231,3,78,31,238.11,7381.41,4,0
2042,20250531,2,72,13,236.88,3079.44,12,0
2043,20240831,3,46,96,308.91,29655.36,7,0
2044,20240531,2,163,19,294.58,5597.02,10,0
2045,20251231,1,127,80,174.31,13944.8,15,0
2046,20240531,3,150,17,339.92,5778.64,6,0
2047,20250228,2,108,20,169.96,3399.2,13,0
2048,20241231,3,154,70,323.13,22619.1,5,0
2049,20240831,2,182,24,56.87,1364.88,13,0
2050,20240331,2,20,20,32.44,648.8,15,0
2051,20251231,3,43,2,300.28,600.56,6,1
2052,20250331,3,160,21,41.56,872.76,6,0
2053,20250731,3,83,21,189.32,3975.72,4,0
2054,20250630,1,118,80,343.17,27453.6,13,0
2055,20251231,3,161,49,64.16,3143.84,6,0
2056,20240630,1,24,78,185.46,14465.88,12,0
2057,20250731,1,176,38,328.78,12493.64,17,0
2058,20250131,2,99,8,293.7,2349.6,11,1
2059,20240131,1,141,7,307.78,2154.46,10,1
2060,20250630,1,109,47,310.2,14579.4,11,0
2061,20241231,3,45,13,76.76,997.88,6,0
2062,20240630,1,80,15,173.12,2596.8,12,0
2063,20250531,2,90,7,69.37,485.59,11,1
2064,20250930,3,46,0,372.17,0.0,7,1
2065,20250228,1,87,17,215.66,3666.22,15,0
2066,20250331,2,72,13,200.75,2609.75,12,0
2067,20240531,2,105,48,166.12,7973.76,11,0
2068,20240630,3,29,64,238.44,15260.16,4,0
2069,20241231,1,13,15,308.85,4632.75,12,0
2070,20250430,2,55,74,213.75,15817.5,15,0
2071,20241130,2,80,52,173.12,9002.24,11,0
2072,20250630,3,75,24,71.97,1727.28,5,0
2073,20250531,2,116,71,60.17,4272.07,16,0
2074,20240731,2,157,14,24.69,345.66,12,0
2075,20251231,1,120,13,186.72,2427.36,12,0
2076,20241130,3,176,53,322.02,17067.06,7,0
2077,20240430,1,174,40,165.53,6621.2,13,0
2078,20250630,2,55,65,213.75,13893.75,15,0
2079,20241031,3,29,8,238.44,1907.52,4,0
2080,20241130,2,151,44,90.35,3975.4,10,0
2081,20240630,1,150,19,339.92,6458.48,14,0
2082,20251231,2,49,8,31.22,249.76,17,1
2083,20241130,1,34,2,151.89,303.78,13,1
2084,20240831,2,124,4,150.61,602.44,12,1
2085,20240731,2,110,18,178.91,3220.38,12,0
2086,20250531,2,85,13,49.28,640.64,9,0
2087,20250531,3,157,48,25.21,1210.08,5,0
2088,20241031,1,73,73,255.0,18615.0,14,0
2089,20250831,1,20,25,33.12,828.0,16,0
2090,20241031,1,130,76,317.23,24109.48,14,0
2091,20250930,1,115,7,47.23,330.61,11,1
2092,20240331,2,129,7,45.49,318.43,19,1
2093,20240930,3,17,0,307.26,0.0,6,1
2094,20250331,2,4,6,158.83,952.98,10,1
2095,20240831,1,110,16,178.91,2862.56,12,0
2096,20250831,2,101,63,75.83,4777.29,12,0
2097,20251130,2,160,15,41.56,623.4,14,0
2098,20250930,2,85,30,49.28,1478.4,9,0
2099,20240831,3,41,97,159.88,15508.36,7,0
2100,20250331,1,127,22,174.31,3834.82,15,0
2101,20240430,3,28,87,140.77,12246.99,6,0
2102,20250731,2,125,8,291.24,2329.92,11,1
2103,20250831,1,159,43,169.65,7294.95,20,0
2104,20251231,2,95,8,64.62,516.96,7,0
2105,20250930,1,60,30,291.44,8743.2,17,0
2106,20250731,2,32,54,409.59,22117.86,12,0
2107,20241130,2,115,8,46.26,370.08,11,1
2108,20241231,1,65,21,128.81,2705.01,12,0
2109,20250630,3,102,13,260.69,3388.97,4,0
2110,20241031,3,167,41,205.42,8422.22,5,0
2111,20251031,2,176,18,328.78,5918.04,16,0
2112,20240430,2,3,52,188.61,9807.72,10,0
2113,20251031,1,164,34,100.45,3415.3,11,0
2114,20250731,1,7,39,57.14,2228.46,10,0
2115,20240731,3,99,18,287.66,5177.88,5,0
2116,20250930,3,124,5,153.77,768.85,5,0
2117,20240331,3,73,3,255.0,765.0,6,1
2118,20240630,1,97,4,210.05,840.2,12,1
2119,20250430,3,43,99,300.28,29727.72,6,0
2120,20241231,1,120,17,182.88,3108.96,12,0
2121,20241130,2,127,62,170.72,10584.64,14,0
2122,20240430,1,58,116,146.46,16989.36,18,0
2123,20250228,1,74,0,110.54,0.0,13,1
2124,20241031,3,140,66,40.41,2667.06,5,0
2125,20250831,1,84,62,375.89,23305.18,12,0
2126,20250331,2,157,22,25.21,554.62,12,0
2127,20250131,3,160,33,41.56,1371.48,6,0
2128,20240731,1,8,45,128.94,5802.3,10,0
2129,20240930,3,61,17,75.23,1278.91,7,0
2130,20250228,1,134,4,61.77,247.08,10,1
2131,20250228,3,90,9,58.79,529.11,5,0
2132,20250731,2,69,11,239.15,2630.65,11,0
2133,20240229,2,111,7,145.84,1020.88,11,1
2134,20241231,1,45,30,76.76,2302.8,16,0
2135,20250331,1,165,33,107.92,3561.36,12,0
2136,20251031,1,43,10,300.28,3002.8,15,1
2137,20241231,3,68,15,284.28,4264.2,5,0
2138,20240331,2,111,4,145.84,583.36,11,1
2139,20240930,2,67,62,23.77,1473.74,13,0
2140,20240731,3,38,133,313.36,41676.88,9,0
2141,20241130,1,171,25,83.7,2092.5,12,0
2142,20250731,1,175,11,96.85,1065.35,17,1
2143,20240229,1,59,29,324.94,9423.26,16,0
2144,20250131,1,1,12,186.13,2233.56,9,0
2145,20250331,3,55,74,213.75,15817.5,7,0
2146,20250731,1,147,4,346.92,1387.68,10,1
2147,20240731,3,163,19,294.58,5597.02,4,0
2148,20240831,1,62,103,112.54,11591.62,17,0
2149,20250228,1,140,19,41.26,783.94,12,0
2150,20251130,1,50,28,297.82,8338.96,19,0
2151,20240430,1,178,27,116.97,3158.19,17,0
2152,20240731,1,182,27,56.87,1535.49,14,0
2153,20251231,1,162,12,68.38,820.56,14,1
2154,20240229,1,82,17,278.39,4732.63,11,0
2155,20250531,2,56,79,293.14,23158.06,18,0
2156,20250131,1,112,0,67.02,0.0,13,1
2157,20240331,1,110,9,178.91,1610.19,12,1
2158,20250131,3,86,1,82.42,82.42,5,1
2159,20251231,2,76,0,338.68,0.0,11,1
2160,20250930,3,156,60,164.64,9878.4,5,0
2161,20250630,1,90,9,69.37,624.33,12,1
2162,20250430,2,144,3,98.33,294.99,14,1
2163,20240131,1,44,3,195.45,586.35,17,1
2164,20240531,3,133,5,61.66,308.3,7,1
2165,20240131,1,96,19,170.74,3244.06,10,0
2166,20240731,1,129,23,45.49,1046.27,20,0
2167,20240731,3,122,1,208.3,208.3,4,1
2168,20241031,1,11,9,288.46,2596.14,9,0
2169,20250131,2,91,5,284.93,1424.65,11,1
2170,20250430,3,181,37,312.4,11558.8,8,0
2171,20240831,2,151,8,90.35,722.8,10,1
2172,20240930,1,12,12,68.19,818.28,11,0
2173,20250331,3,76,16,287.01,4592.16,5,0
2174,20241031,2,39,9,119.66,1076.94,18,1
2175,20240930,2,19,15,170.21,2553.15,11,0
2176,20250331,3,150,6,347.06,2082.36,6,0
2177,20240131,3,179,18,226.59,4078.62,5,0
2178,20250731,2,146,14,225.52,3157.28,14,0
2179,20250228,1,44,18,199.55,3591.9,17,0
2180,20240430,3,152,12,265.82,3189.84,4,0
2181,20240831,1,9,4,66.28,265.12,9,1
2182,20240731,3,41,117,159.88,18705.96,7,0
2183,20241031,2,123,6,129.56,777.36,13,1
2184,20240531,3,179,26,226.59,5891.34,5,0
2185,20240531,3,108,72,166.46,11985.12,6,0
2186,20241231,2,76,12,281.11,3373.32,11,0
2187,20251231,3,157,48,25.21,1210.08,5,0
2188,20251031,1,52,6,183.03,1098.18,17,1
2189,20241231,2,77,20,167.57,3351.4,13,0
2190,20240531,2,69,6,198.5,1191.0,11,1
2191,20250630,1,174,25,169.01,4225.25,13,0
2192,20250630,1,62,80,135.59,10847.2,17,0
2193,20250331,1,58,92,149.54,13757.68,18,0
2194,20250531,2,118,61,343.17,20933.37,12,0
2195,20250331,2,58,74,149.54,11065.96,17,0
2196,20250228,2,136,9,112.45,1012.05,12,1
2197,20250430,3,126,89,133.03,11839.67,5,0
2198,20251231,2,126,13,133.03,1729.39,12,0
2199,20250131,1,163,17,300.77,5113.09,11,0
2200,20251031,2,182,24,58.06,1393.44,13,0
2201,20241130,3,27,25,249.72,6243.0,6,0
2202,20250531,2,148,7,302.28,2115.96,11,1
2203,20250630,3,98,14,309.76,4336.64,6,0
2204,20241031,2,46,33,308.91,10194.03,17,0
2205,20250930,1,97,67,253.06,16955.02,12,0
2206,20240430,2,91,14,279.07,3906.98,11,0
2207,20250531,1,37,124,16.65,2064.6,22,0
2208,20240731,1,38,113,313.36,35409.68,21,0
2209,20250731,2,31,73,300.62,21945.26,13,0
2210,20251130,2,49,40,31.22,1248.8,17,0
2211,20240331,1,17,16,307.26,4916.16,14,0
2212,20241231,1,101,18,62.94,1132.92,12,0
2213,20250731,2,138,19,88.19,1675.61,13,0
2214,20250831,3,179,20,231.35,4627.0,5,0
2215,20250131,1,7,8,57.14,457.12,10,1
2216,20240930,1,108,12,166.46,1997.52,14,1
2217,20250831,1,36,83,191.63,15905.29,19,0
2218,20251031,1,165,35,107.92,3777.2,12,0
2219,20240331,3,2,10,292.58,2925.8,3,0
2220,20250331,2,103,10,154.84,1548.4,12,1
2221,20251031,3,104,8,76.7,613.6,5,0
2222,20241031,1,171,23,83.7,1925.1,12,0
2223,20240930,1,113,14,276.01,3864.14,10,0
2224,20240630,3,33,100,110.89,11089.0,6,0
2225,20250228,2,110,12,182.67,2192.04,12,0
2226,20240831,1,126,7,130.29,912.03,12,1
2227,20251130,1,147,52,346.92,18039.84,10,0
2228,20250228,1,39,5,122.17,610.85,19,1
2229,20240331,1,168,31,224.71,6966.01,13,0
2230,20250731,1,18,34,247.17,8403.78,6,0
2231,20250531,2,38,104,319.94,33273.76,20,0
2232,20250831,2,74,59,130.44,7695.96,12,0
2233,20250531,1,1,46,219.63,10102.98,9,0
2234,20240930,1,96,56,170.74,9561.44,10,0
2235,20250630,2,160,25,41.56,1039.0,14,0
2236,20241231,2,66,13,199.26,2590.38,9,0
2237,20240331,1,41,77,159.88,12310.76,16,0
2238,20240430,2,53,97,176.84,17153.48,19,0
2239,20251130,2,85,40,49.28,1971.2,9,0
2240,20240531,1,19,57,170.21,9701.97,12,0
2241,20241231,2,6,2,178.72,357.44,10,1
2242,20251130,3,118,2,343.17,686.34,5,1
2243,20250930,1,130,84,323.89,27206.76,14,0
2244,20251031,1,148,67,302.28,20252.76,12,0
2245,20240229,2,76,15,281.11,4216.65,11,0
2246,20240531,2,48,63,32.82,2067.66,15,0
2247,20250331,2,121,0,44.65,0.0,9,1
2248,20250930,3,40,12,274.41,3292.92,7,0
2249,20240531,1,147,19,339.78,6455.82,10,0
2250,20241031,3,99,93,287.66,26752.38,5,0
2251,20251231,1,45,0,78.37,0.0,16,1
2252,20251130,2,164,15,100.45,1506.75,10,0
2253,20251231,1,25,0,149.35,0.0,9,1
2254,20240831,1,86,59,80.72,4762.48,12,0
2255,20240531,2,74,0,108.27,0.0,12,1
2256,20240331,1,170,28,16.6,464.8,12,0
2257,20240630,1,129,11,45.49,500.39,20,1
2258,20240531,3,66,2,199.26,398.52,4,1
2259,20251231,2,101,9,75.83,682.47,12,1
2260,20240430,1,6,65,178.72,11616.8,11,0
2261,20241031,2,152,42,265.82,11164.44,9,0
2262,20250930,1,55,7,213.75,1496.25,16,1
2263,20241031,1,97,56,210.05,11762.8,12,0
2264,20251231,3,102,23,260.69,5995.87,4,0
2265,20251130,1,151,58,92.25,5350.5,10,0
2266,20251231,1,54,19,262.94,4995.86,17,0
2267,20251231,1,168,26,229.43,5965.18,13,0
2268,20250930,1,95,48,64.62,3101.76,8,0
2269,20251231,1,63,0,247.24,0.0,21,1
2270,20250831,2,174,26,169.01,4394.26,12,0
2271,20250331,3,149,17,111.14,1889.38,7,0
2272,20241130,2,137,51,25.06,1278.06,13,0
2273,20250831,1,131,7,37.08,259.56,14,1
2274,20250228,2,103,4,154.84,619.36,12,1
2275,20241031,2,73,60,255.0,15300.0,13,0
2276,20240531,2,115,41,46.26,1896.66,11,0
2277,20241130,2,42,19,261.53,4969.07,22,1
2278,20240930,2,47,23,70.06,1611.38,14,0
2279,20241231,3,37,38,16.31,619.78,9,0
2280,20250731,3,100,17,369.19,6276.23,4,0
2281,20241130,1,25,3,146.28,438.84,9,1
2282,20250930,2,54,5,262.94,1314.7,16,1
2283,20250731,2,20,70,33.12,2318.4,15,0
2284,20251231,2,178,24,119.43,2866.32,16,0
2285,20251130,2,36,15,191.63,2874.45,18,1
2286,20250228,3,67,0,24.27,0.0,6,1
2287,20240731,2,57,62,19.26,1194.12,16,0
2288,20240430,1,129,22,45.49,1000.78,20,0
2289,20250430,3,107,94,150.54,14150.76,6,0
2290,20250131,3,103,3,154.84,464.52,5,1
2291,20240731,2,142,0,98.85,0.0,10,1
2292,20241130,1,74,55,108.27,5954.85,13,0
2293,20241231,2,97,24,210.05,5041.2,11,0
2294,20250630,1,49,100,31.22,3122.0,18,0
2295,20250331,1,86,17,82.42,1401.14,12,0
2296,20251130,3,133,88,62.95,5539.6,7,0
2297,20251031,1,10,0,88.91,0.0,12,1
2298,20251031,2,7,9,57.14,514.26,9,0
2299,20251031,3,143,76,220.45,16754.2,5,0
2300,20250731,3,140,22,41.26,907.72,5,0
2301,20251130,1,146,88,225.52,19845.76,14,0
2302,20250831,2,146,0,225.52,0.0,14,1
2303,20240731,1,57,76,19.26,1463.76,17,0
2304,20251031,3,166,34,217.35,7389.9,5,0
2305,20250731,3,2,40,298.72,11948.8,3,0
2306,20251231,1,43,4,300.28,1201.12,15,1
2307,20240131,1,99,9,287.66,2588.94,12,1
2308,20241031,3,46,38,308.91,11738.58,7,0
2309,20240630,2,41,55,159.88,8793.4,15,0
2310,20241031,3,117,6,98.28,589.68,4,0
2311,20240930,1,138,81,86.38,6996.78,14,0
2312,20240731,3,162,40,66.97,2678.8,6,0
2313,20250430,3,108,84,169.96,14276.64,6,0
2314,20251130,1,143,65,220.45,14329.25,13,0
2315,20240331,1,144,16,96.31,1540.96,15,0
2316,20241031,2,86,43,80.72,3470.96,11,0
2317,20250228,2,107,12,150.54,1806.48,13,1
2318,20240229,2,25,12,146.28,1755.36,9,0
2319,20240930,2,6,6,178.72,1072.32,10,1
2320,20250831,2,164,15,100.45,1506.75,10,0
2321,20251031,2,165,17,107.92,1834.64,12,0
2322,20240731,3,117,11,98.28,1081.08,4,0
2323,20250531,2,128,7,78.87,552.09,10,1
2324,20240430,2,80,15,173.12,2596.8,11,0
2325,20240731,2,28,57,140.77,8023.89,13,0
2326,20240531,1,103,68,151.66,10312.88,13,0
2327,20250430,1,77,20,171.09,3421.8,14,0
2328,20250831,3,150,23,347.06,7982.38,6,0
2329,20240831,1,49,112,30.58,3424.96,18,0
2330,20250430,2,17,62,313.71,19450.02,13,0
2331,20251031,1,74,65,130.44,8478.6,13,0
2332,20240430,1,27,69,249.72,17230.68,14,0
2333,20240430,1,73,24,255.0,6120.0,14,0
2334,20250131,1,33,28,113.22,3170.16,14,0
2335,20240229,3,89,0,157.64,0.0,5,1
2336,20240430,2,124,56,150.61,8434.16,12,0
2337,20250731,1,182,26,58.06,1509.56,14,0
2338,20240630,3,161,15,62.84,942.6,6,0
2339,20240731,2,82,5,278.39,1391.95,10,1
2340,20240131,1,67,9,23.77,213.93,14,1
2341,20250930,1,84,56,375.89,21049.84,12,0
2342,20241130,2,10,9,87.08,783.72,11,1
2343,20241130,3,161,32,62.84,2010.88,6,0
2344,20251231,2,29,4,243.45,973.8,10,1
2345,20250630,2,21,48,242.82,11655.36,11,0
2346,20241231,2,47,24,70.06,1681.44,14,0
2347,20251231,1,9,8,67.67,541.36,9,1
2348,20240331,1,54,101,257.53,26010.53,17,0
2349,20240630,1,136,15,110.14,1652.1,12,0
2350,20240131,3,172,50,216.67,10833.5,5,0
2351,20250930,2,172,20,221.22,4424.4,12,0
2352,20240331,2,164,15,98.38,1475.7,10,0
2353,20250630,2,31,53,300.62,15932.86,13,0
2354,20250531,2,32,46,409.59,18841.14,12,0
2355,20240331,3,26,27,241.74,6526.98,4,0
2356,20250930,1,50,20,297.82,5956.4,19,0
2357,20240131,2,92,13,140.04,1820.52,14,1
2358,20250131,3,47,12,71.53,858.36,6,0
2359,20240531,3,67,16,23.77,380.32,6,0
2360,20240131,3,66,4,199.26,797.04,4,0
2361,20250331,2,175,16,96.85,1549.6,16,0
2362,20251231,2,173,23,212.35,4884.05,15,0
2363,20251231,2,176,28,328.78,9205.84,16,0
2364,20250630,1,105,74,169.61,12551.14,12,0
2365,20250430,2,99,19,293.7,5580.3,11,0
2366,20240131,1,138,8,86.38,691.04,14,1
2367,20240930,1,65,64,128.81,8243.84,12,0
2368,20241130,1,72,58,196.62,11403.96,13,0
2369,20241231,1,177,18,211.22,3801.96,12,0
2370,20251130,2,127,64,174.31,11155.84,14,0
2371,20250630,1,36,122,191.63,23378.86,19,0
2372,20250831,1,93,62,159.25,9873.5,10,0
2373,20250131,1,174,28,169.01,4732.28,13,0
2374,20251130,3,156,77,164.64,12677.28,5,0
2375,20240731,1,149,10,108.85,1088.5,18,1
2376,20241031,3,19,25,170.21,4255.25,5,0
2377,20250531,2,133,22,62.95,1384.9,15,0
2378,20241031,1,35,13,30.0,390.0,19,1
2379,20241231,2,32,15,339.97,5099.55,12,0
2380,20240531,1,133,4,61.66,246.64,16,1
2381,20240430,3,29,60,238.44,14306.4,4,0
2382,20250731,2,29,42,243.45,10224.9,10,0
2383,20240630,1,6,52,178.72,9293.44,11,0
2384,20241130,2,138,71,86.38,6132.98,13,0
2385,20250930,2,8,3,155.34,466.02,9,1
2386,20250630,1,134,2,61.77,123.54,10,1
2387,20250331,2,125,8,291.24,2329.92,11,1
2388,20250430,3,41,104,163.24,16976.96,7,0
2389,20250228,1,113,8,281.81,2254.48,10,1
2390,20250930,2,51,7,79.76,558.32,17,1
2391,20240430,1,84,21,312.0,6552.0,12,0
2392,20250531,3,126,83,133.03,11041.49,5,0
2393,20240131,1,166,21,212.88,4470.48,13,0
2394,20240430,2,33,63,110.89,6986.07,13,0
2395,20240831,2,148,6,296.06,1776.36,11,1
2396,20250731,1,30,58,119.13,6909.54,11,0
2397,20241231,3,27,24,249.72,5993.28,6,0
2398,20250228,3,86,3,82.42,247.26,5,1
2399,20240831,1,52,86,179.27,15417.22,17,0
2400,20240331,1,38,131,313.36,41050.16,21,0
2401,20251130,1,60,11,291.44,3205.84,17,1
2402,20240131,2,146,13,220.88,2871.44,14,1
2403,20251130,3,168,17,229.43,3900.31,5,0
2404,20241031,2,80,55,173.12,9521.6,11,0
2405,20240131,1,61,26,75.23,1955.98,18,0
2406,20240229,2,110,13,178.91,2325.83,12,0
2407,20251130,1,29,14,243.45,3408.3,10,0
2408,20250430,1,44,90,199.55,17959.5,17,0
2409,20240831,1,116,8,58.93,471.44,16,1
2410,20250331,1,107,10,150.54,1505.4,14,1
2411,20250430,1,65,10,131.52,1315.2,12,1
2412,20240229,2,149,22,108.85,2394.7,17,0
2413,20241130,3,55,37,209.35,7745.95,7,0
2414,20250831,3,149,6,111.14,666.84,7,1
2415,20241031,2,21,10,201.55,2015.5,11,1
2416,20251031,1,150,74,347.06,25682.44,14,0
2417,20240430,1,116,86,58.93,5067.98,16,0
2418,20250430,3,137,18,25.59,460.62,5,0
2419,20250630,3,41,127,163.24,20731.48,7,0
2420,20250430,1,10,67,88.91,5956.97,12,0
2421,20240430,3,148,26,296.06,7697.56,5,0
2422,20250531,1,107,101,150.54,15204.54,14,0
2423,20250531,2,76,0,338.68,0.0,11,1
2424,20250731,2,34,61,182.99,11162.39,12,0
2425,20240831,3,109,20,303.82,6076.4,4,0
2426,20250831,2,178,25,119.43,2985.75,16,0
2427,20250531,3,68,0,342.49,0.0,5,1
2428,20240731,1,37,142,16.31,2316.02,22,0
2429,20251031,3,9,0,67.67,0.0,3,1
2430,20240731,2,131,12,36.32,435.84,13,1
2431,20240831,3,111,25,145.84,3646.0,5,0
2432,20240831,1,13,17,308.85,5250.45,12,0
2433,20251231,1,126,13,133.03,1729.39,12,0
2434,20251130,1,21,3,242.82,728.46,12,1
2435,20240531,2,165,22,105.7,2325.4,12,0
2436,20251231,3,98,8,309.76,2478.08,6,0
2437,20251231,3,180,17,95.3,1620.1,6,0
2438,20250531,3,109,70,310.2,21714.0,4,0
2439,20250430,1,26,64,246.82,15796.48,11,0
2440,20241031,3,75,78,59.74,4659.72,5,0
2441,20250630,3,150,26,347.06,9023.56,6,0
2442,20240831,3,131,10,36.32,363.2,6,0
2443,20250831,1,4,9,158.83,1429.47,11,1
2444,20250131,1,143,1,220.45,220.45,13,1
2445,20240229,3,71,14,301.72,4224.08,7,0
2446,20240430,1,20,87,32.44,2822.28,16,0
2447,20250131,2,42,0,267.02,0.0,22,1
2448,20240131,2,178,28,116.97,3275.16,16,0
2449,20240331,1,64,95,69.43,6595.85,15,0
2450,20240630,1,125,67,285.25,19111.75,12,0
2451,20250430,2,40,94,274.41,25794.54,17,0
2452,20250331,3,103,22,154.84,3406.48,5,0
2453,20250731,2,51,81,79.76,6460.56,17,0
2454,20250531,2,144,2,98.33,196.66,14,1
2455,20250331,3,124,8,153.77,1230.16,5,0
2456,20240531,1,124,63,150.61,9488.43,12,0
2457,20250731,1,45,77,78.37,6034.49,16,0
2458,20251231,2,2,5,298.72,1493.6,7,1
2459,20251031,3,131,84,37.08,3114.72,6,0
2460,20241130,2,23,6,239.29,1435.74,13,1
2461,20240831,3,54,114,257.53,29358.42,7,0
2462,20250630,3,165,42,107.92,4532.64,5,0
2463,20250228,1,116,8,60.17,481.36,16,1
2464,20251031,3,71,94,363.51,34169.94,7,0
2465,20250228,1,89,1,160.95,160.95,12,1
2466,20250930,1,69,83,239.15,19849.45,12,0
2467,20250630,3,73,13,307.22,3993.86,6,0
2468,20250831,1,92,76,168.72,12822.72,15,0
2469,20240430,1,162,30,66.97,2009.1,14,0
2470,20250331,1,40,84,274.41,23050.44,18,0
2471,20251130,1,85,60,49.28,2956.8,10,0
2472,20240430,2,29,39,238.44,9299.16,10,0
2473,20241231,3,100,12,306.44,3677.28,4,0
2474,20241231,2,107,13,147.44,1916.72,13,0
2475,20240831,3,120,11,182.88,2011.68,5,0
2476,20241031,3,92,98,140.04,13723.92,6,0
2477,20251031,3,47,4,71.53,286.12,6,1
2478,20240831,1,123,0,129.56,0.0,13,1
2479,20240630,3,181,38,305.97,11626.86,8,0
2480,20240531,1,76,0,281.11,0.0,12,1
2481,20241031,3,177,10,211.22,2112.2,5,0
2482,20240229,1,149,0,108.85,0.0,18,1
2483,20251130,3,46,40,372.17,14886.8,7,0
2484,20251130,3,148,73,302.28,22066.44,5,0
2485,20250331,1,148,5,302.28,1511.4,12,1
2486,20240630,1,181,36,305.97,11014.92,18,0
2487,20240531,1,44,106,195.45,20717.7,17,0
2488,20250430,2,95,6,54.77,328.62,7,1
2489,20240831,2,146,1,220.88,220.88,14,1
2490,20240831,2,49,72,30.58,2201.76,17,0
2491,20250731,1,61,109,76.81,8372.29,18,0
2492,20240630,1,73,9,255.0,2295.0,14,1
2493,20240630,1,114,72,149.59,10770.48,12,0
2494,20240930,2,180,34,93.34,3173.56,14,0
2495,20240430,2,97,8,210.05,1680.4,11,1
2496,20241130,3,122,15,208.3,3124.5,4,0
2497,20240930,2,151,46,90.35,4156.1,10,0
2498,20250630,1,6,55,182.47,10035.85,11,0
2499,20250831,1,40,128,274.41,35124.48,18,0
2500,20250228,2,163,20,300.77,6015.4,10,0
2501,20240229,1,26,7,241.74,1692.18,11,1
2502,20250228,2,162,24,68.38,1641.12,14,0
2503,20240731,2,129,13,45.49,591.37,19,1
2504,20240630,1,58,111,146.46,16257.06,18,0
2505,20240731,2,144,4,96.31,385.24,14,1
2506,20240831,1,63,112,242.15,27120.8,21,0
2507,20250630,1,74,0,130.44,0.0,13,1
2508,20240731,2,74,0,108.27,0.0,12,1
2509,20251130,2,120,16,186.72,2987.52,11,0
2510,20241231,1,128,65,77.25,5021.25,10,0
2511,20240831,1,83,60,157.14,9428.4,11,0
2512,20240930,2,129,87,45.49,3957.63,19,0
2513,20250331,1,95,12,54.77,657.24,8,0
2514,20241130,1,65,59,128.81,7599.79,12,0
2515,20240229,1,23,6,239.29,1435.74,14,1
2516,20240831,3,154,11,323.13,3554.43,5,0
2517,20241031,3,139,128,198.93,25463.04,7,0
2518,20251130,3,17,0,313.71,0.0,6,1
2519,20240731,2,46,77,308.91,23786.07,17,0
2520,20250930,2,138,66,88.19,5820.54,13,0
2521,20240531,3,172,28,216.67,6066.76,5,0
2522,20250228,1,4,11,158.83,1747.13,11,0
2523,20240930,2,146,66,220.88,14578.08,14,0
2524,20240930,2,133,59,61.66,3637.94,15,0
2525,20240229,1,14,16,26.62,425.92,15,0
2526,20241130,1,99,67,287.66,19273.22,12,0
2527,20240430,2,94,8,121.74,973.92,11,1
2528,20240731,1,145,9,108.83,979.47,16,1
2529,20240131,2,116,10,58.93,589.3,16,1
2530,20240630,1,84,7,312.0,2184.0,12,1
2531,20241031,2,60,5,241.9,1209.5,16,1
2532,20241231,1,140,66,40.41,2667.06,12,0
2533,20240430,1,113,60,276.01,16560.6,10,0
2534,20240731,1,135,20,39.89,797.8,15,0
2535,20240630,1,103,69,151.66,10464.54,13,0
2536,20250731,3,63,117,247.24,28927.08,9,0
2537,20241031,3,147,62,339.78,21066.36,4,0
2538,20251031,3,180,28,95.3,2668.4,6,0
2539,20240930,3,136,86,110.14,9472.04,5,0
2540,20250930,1,161,27,64.16,1732.32,14,0
2541,20251031,3,65,81,155.19,12570.39,5,0
2542,20240731,1,178,35,116.97,4093.95,17,0
2543,20250630,3,8,52,155.34,8077.68,4,0
2544,20240930,2,182,20,56.87,1137.4,13,0
2545,20251031,2,53,16,180.55,2888.8,19,1
2546,20251231,2,181,48,312.4,14995.2,17,0
2547,20240630,1,18,31,242.09,7504.79,6,0
2548,20240131,3,149,11,108.85,1197.35,7,0
2549,20250131,3,16,15,224.02,3360.3,4,0
2550,20240930,2,106,4,333.09,1332.36,13,1
2551,20240930,3,108,9,166.46,1498.14,6,0
2552,20250131,3,71,14,308.06,4312.84,7,0
2553,20240229,2,105,3,166.12,498.36,11,1
2554,20250630,1,28,70,143.73,10061.1,14,0
2555,20240930,2,161,37,62.84,2325.08,13,0
2556,20250131,1,14,21,27.18,570.78,15,0
2557,20250731,2,58,67,149.54,10019.18,17,0
2558,20240131,1,132,12,125.81,1509.72,14,1
2559,20240131,3,153,10,113.61,1136.1,4,0
2560,20250430,2,91,7,284.93,1994.51,11,1
2561,20240630,2,42,112,261.53,29291.36,22,0
2562,20250228,2,28,9,143.73,1293.57,13,1
2563,20250331,1,123,0,132.28,0.0,13,1
2564,20250630,1,76,6,338.68,2032.08,12,1
2565,20251130,1,127,86,174.31,14990.66,15,0
2566,20240331,3,133,20,61.66,1233.2,7,0
2567,20250430,1,118,77,343.17,26424.09,13,0
2568,20240630,1,90,4,57.58,230.32,12,1
2569,20240531,1,13,66,308.85,20384.1,12,0
2570,20241130,2,95,35,53.64,1877.4,7,0
2571,20241231,1,82,18,278.39,5011.02,11,0
2572,20240430,1,171,25,83.7,2092.5,12,0
2573,20250228,2,182,31,58.06,1799.86,13,0
2574,20240831,1,31,13,294.44,3827.72,14,1
2575,20240630,3,94,19,121.74,2313.06,5,0
2576,20250131,3,57,17,19.66,334.22,7,0
2577,20240930,1,52,0,179.27,0.0,17,1
2578,20240430,1,85,0,40.9,0.0,10,1
2579,20250430,2,36,72,162.4,11692.8,18,0
2580,20241231,1,25,5,146.28,731.4,9,1
2581,20241130,3,33,9,110.89,998.01,6,0
2582,20240229,1,127,3,170.72,512.16,15,1
2583,20240630,1,67,19,23.77,451.63,14,0
2584,20250930,3,161,26,64.16,1668.16,6,0
2585,20250831,1,128,11,78.87,867.57,10,0
2586,20240531,2,138,18,86.38,1554.84,13,0
2587,20240331,1,176,44,322.02,14168.88,17,0
2588,20250430,1,33,86,113.22,9736.92,14,0
2589,20250831,2,48,69,33.51,2312.19,15,0
2590,20240131,1,9,5,66.28,331.4,9,1
2591,20251231,2,156,42,164.64,6914.88,11,0
2592,20241231,1,178,28,116.97,3275.16,17,0
2593,20251231,1,37,2,16.65,33.3,22,1
2594,20240630,3,2,43,292.58,12580.94,3,0
2595,20240630,2,128,8,77.25,618.0,10,1
2596,20250331,1,109,19,310.2,5893.8,11,0
2597,20240831,2,6,9,178.72,1608.48,10,1
2598,20240831,1,45,90,76.76,6908.4,16,0
2599,20241130,3,80,74,173.12,12810.88,5,0
2600,20240229,1,141,3,307.78,923.34,10,1
2601,20251130,1,55,20,213.75,4275.0,16,0
2602,20250430,2,139,11,203.11,2234.21,16,1
2603,20250228,1,13,11,315.34,3468.74,12,1
2604,20241031,2,19,3,170.21,510.63,11,1
2605,20240430,1,26,59,241.74,14262.66,11,0
2606,20250930,3,141,65,314.24,20425.6,4,0
2607,20240229,2,171,13,83.7,1088.1,12,0
2608,20240630,2,149,6,108.85,653.1,17,1
2609,20250228,2,34,13,155.08,2016.04,12,0
2610,20240229,3,118,12,336.11,4033.32,5,0
2611,20240531,2,146,10,220.88,2208.8,14,1
2612,20251231,1,65,11,155.19,1707.09,12,1
2613,20251231,2,8,11,155.34,1708.74,9,0
2614,20250228,2,126,15,133.03,1995.45,12,0
2615,20240430,2,178,30,116.97,3509.1,16,0
2616,20240229,2,173,13,207.98,2703.74,15,1
2617,20240731,1,1,47,182.3,8568.1,9,0
2618,20251231,1,102,17,260.69,4431.73,10,0
2619,20250831,2,6,11,182.47,2007.17,10,0
2620,20240331,1,18,6,242.09,1452.54,6,0
2621,20240731,1,50,94,291.69,27418.86,19,0
2622,20240131,3,46,21,308.91,6487.11,7,0
2623,20240930,3,160,26,40.71,1058.46,6,0
2624,20240630,1,141,5,307.78,1538.9,10,1
2625,20240930,3,19,16,170.21,2723.36,5,0
2626,20250331,1,19,7,173.78,1216.46,12,1
2627,20240229,2,46,21,308.91,6487.11,17,0
2628,20250930,2,171,25,85.46,2136.5,12,0
2629,20250630,2,136,9,112.45,1012.05,12,1
2630,20240531,3,121,70,43.73,3061.1,4,0
2631,20250228,1,146,14,225.52,3157.28,14,0
2632,20240731,1,171,27,83.7,2259.9,12,0
2633,20240229,1,143,22,215.92,4750.24,13,0
2634,20241031,2,127,59,170.72,10072.48,14,0
2635,20241031,3,178,42,116.97,4912.74,7,0
2636,20250228,3,50,8,297.82,2382.56,8,0
2637,20250831,3,133,23,62.95,1447.85,7,0
2638,20240131,1,160,26,40.71,1058.46,15,0
2639,20250930,1,179,24,231.35,5552.4,12,0
2640,20250331,1,70,0,40.72,0.0,10,1
2641,20240630,1,35,113,30.0,3390.0,19,0
2642,20250630,1,69,23,239.15,5500.45,12,0
2643,20240430,1,69,5,198.5,992.5,12,1
2644,20250930,2,180,21,95.3,2001.3,14,0
2645,20241130,2,135,59,39.89,2353.51,14,0
2646,20250930,2,39,16,122.17,1954.72,18,1
2647,20250430,2,170,41,16.95,694.95,12,0
2648,20251231,1,71,3,363.51,1090.53,16,1
2649,20250228,1,83,12,160.44,1925.28,11,0
2650,20241130,1,110,0,178.91,0.0,12,1
2651,20250131,2,128,13,78.87,1025.31,10,0
2652,20241231,1,60,5,241.9,1209.5,17,1
2653,20251130,1,173,34,212.35,7219.9,16,0
2654,20250430,3,109,65,310.2,20163.0,4,0
2655,20251031,1,56,23,293.14,6742.22,19,0
2656,20240531,3,28,89,140.77,12528.53,6,0
2657,20251031,1,38,17,319.94,5438.98,21,1
2658,20250228,2,21,14,205.78,2880.92,11,0
2659,20240229,1,9,10,66.28,662.8,9,0
2660,20241031,3,43,15,294.1,4411.5,6,0
2661,20240531,3,27,99,249.72,24722.28,6,0
2662,20250131,1,111,3,148.9,446.7,12,1
2663,20251130,2,43,18,300.28,5405.04,14,0
2664,20241031,1,51,24,78.12,1874.88,18,0
2665,20250331,3,50,116,297.82,34547.12,8,0
2666,20251031,1,134,67,61.77,4138.59,10,0
2667,20250430,3,94,14,124.3,1740.2,5,0
2668,20250131,1,101,16,64.26,1028.16,12,0
2669,20251031,3,8,19,155.34,2951.46,4,0
2670,20240430,1,44,86,195.45,16808.7,17,0
2671,20250731,3,72,18,236.88,4263.84,5,0
2672,20250930,1,85,44,49.28,2168.32,10,0
2673,20250630,1,159,35,169.65,5937.75,20,0
2674,20251231,2,110,9,182.67,1644.03,12,1
2675,20250228,3,176,19,328.78,6246.82,7,0
2676,20240131,2,42,5,261.53,1307.65,22,1
2677,20240630,1,126,71,130.29,9250.59,12,0
2678,20251130,1,76,56,338.68,18966.08,12,0
2679,20240531,2,107,61,147.44,8993.84,13,0
2680,20240531,3,166,34,212.88,7237.92,5,0
2681,20251130,2,51,22,79.76,1754.72,17,0
2682,20241231,1,38,21,313.36,6580.56,21,0
2683,20240331,1,34,16,151.89,2430.24,13,0
2684,20250331,3,28,20,143.73,2874.6,6,0
2685,20250731,1,33,88,113.22,9963.36,14,0
2686,20251231,2,1,7,219.63,1537.41,8,1
2687,20240131,2,169,24,276.47,6635.28,13,0
2688,20240331,3,143,14,215.92,3022.88,5,0
2689,20240930,3,46,56,308.91,17298.96,7,0
2690,20240531,2,153,4,113.61,454.44,10,1
2691,20250930,3,167,26,209.73,5452.98,5,0
2692,20240229,1,91,10,279.07,2790.7,11,1
2693,20241031,1,175,31,94.86,2940.66,17,0
2694,20241130,3,8,14,128.94,1805.16,4,0
2695,20251130,3,8,14,155.34,2174.76,4,0
2696,20240731,1,86,16,80.72,1291.52,12,0
2697,20240131,1,71,1,301.72,301.72,16,1
2698,20240731,1,177,20,211.22,4224.4,12,0
2699,20240630,2,28,52,140.77,7320.04,13,0
2700,20251231,1,85,11,49.28,542.08,10,0
2701,20240430,1,109,61,303.82,18533.02,11,0
2702,20240430,2,99,11,287.66,3164.26,11,0
2703,20250430,2,3,49,192.57,9435.93,10,0
2704,20240430,3,116,105,58.93,6187.65,7,0
2705,20250930,1,158,53,184.61,9784.33,16,0
2706,20241130,1,50,14,291.69,4083.66,19,1
2707,20250430,2,46,86,315.4,27124.4,17,0
2708,20240731,2,97,12,210.05,2520.6,11,0
2709,20251031,1,61,11,76.81,844.91,18,1
2710,20240630,2,110,64,178.91,11450.24,12,0
2711,20250831,1,134,7,61.77,432.39,10,1
2712,20240131,1,18,4,242.09,968.36,6,1
2713,20240229,2,165,17,105.7,1796.9,12,0
2714,20250630,2,2,31,298.72,9260.32,7,0
2715,20240630,1,145,0,108.83,0.0,16,1
2716,20240531,1,110,79,178.91,14133.89,12,0
2717,20250430,1,11,43,294.52,12664.36,9,0
2718,20240229,2,49,0,30.58,0.0,17,1
2719,20240831,1,159,37,166.16,6147.92,20,0
2720,20240531,3,65,0,128.81,0.0,5,1
2721,20250630,1,46,96,372.17,35728.32,17,0
2722,20241130,3,99,82,287.66,23588.12,5,0
2723,20240630,2,105,54,166.12,8970.48,11,0
2724,20250430,1,124,73,153.77,11225.21,12,0
2725,20250430,1,117,53,100.34,5318.02,10,0
2726,20250131,1,133,10,62.95,629.5,16,1
2727,20250731,1,78,9,238.11,2142.99,9,0
2728,20250430,1,97,11,214.46,2359.06,12,1
2729,20240630,3,43,100,294.1,29410.0,6,0
2730,20251130,1,152,47,271.4,12755.8,10,0
2731,20240630,2,66,10,199.26,1992.6,9,0
2732,20250131,1,26,11,246.82,2715.02,11,0
2733,20251130,3,98,93,309.76,28807.68,6,0
2734,20241231,2,72,0,196.62,0.0,12,1
2735,20241031,3,166,21,212.88,4470.48,5,0
2736,20250831,1,177,21,215.66,4528.86,12,0
2737,20250930,1,10,14,88.91,1244.74,12,0
2738,20250331,1,26,10,246.82,2468.2,11,1
2739,20240430,2,79,15,144.83,2172.45,12,0
2740,20240331,3,176,28,322.02,9016.56,7,0
2741,20241231,1,52,10,179.27,1792.7,17,1
2742,20240430,3,94,3,121.74,365.22,5,1
2743,20250131,2,51,15,79.76,1196.4,17,1
2744,20250930,2,80,48,208.57,10011.36,11,0
2745,20250930,1,143,74,220.45,16313.3,13,0
2746,20250930,1,23,12,244.32,2931.84,14,1
2747,20241231,1,109,7,303.82,2126.74,11,1
2748,20250430,1,165,34,107.92,3669.28,12,0
2749,20240531,1,79,10,144.83,1448.3,12,1
2750,20250930,3,99,69,346.57,23913.33,5,0
2751,20250831,1,126,14,133.03,1862.42,12,0
2752,20250131,2,126,5,133.03,665.15,12,1
2753,20240331,3,134,0,60.5,0.0,4,1
2754,20241231,1,22,17,247.74,4211.58,8,0
2755,20240430,2,73,13,255.0,3315.0,13,0
2756,20251231,1,87,26,215.66,5607.16,15,0
2757,20251130,3,16,17,224.02,3808.34,4,0
2758,20250331,3,130,20,323.89,6477.8,6,0
2759,20250630,2,94,0,124.3,0.0,11,1
2760,20240831,3,168,34,224.71,7640.14,5,0
2761,20250331,1,85,16,41.76,668.16,10,0
2762,20250131,3,97,22,214.46,4718.12,5,0
2763,20240331,1,112,18,65.64,1181.52,13,0
2764,20250228,3,116,10,60.17,601.7,7,0
2765,20240131,1,124,15,150.61,2259.15,12,0
2766,20241130,1,104,13,75.12,976.56,11,0
2767,20251031,2,29,7,243.45,1704.15,10,1
2768,20251231,2,96,9,205.7,1851.3,10,1
2769,20251031,3,178,34,119.43,4060.62,7,0
2770,20240731,3,68,17,284.28,4832.76,5,0
2771,20241031,1,101,77,62.94,4846.38,12,0
2772,20250831,2,42,89,267.02,23764.78,22,0
2773,20240930,1,40,0,268.77,0.0,18,1
2774,20250228,2,7,0,57.14,0.0,9,1
2775,20240831,1,68,75,284.28,21321.0,13,0
2776,20251231,1,82,11,335.4,3689.4,11,0
2777,20250331,2,111,12,148.9,1786.8,11,0
2778,20250731,1,113,15,281.81,4227.15,10,0
2779,20241031,1,150,78,339.92,26513.76,14,0
2780,20251031,2,136,49,112.45,5510.05,12,0
2781,20240831,2,8,3,128.94,386.82,9,1
2782,20240831,2,164,20,98.38,1967.6,10,0
2783,20240831,2,76,55,281.11,15461.05,11,0
2784,20240630,3,140,31,40.41,1252.71,5,0
2785,20240630,2,142,10,98.85,988.5,10,0
2786,20250930,2,182,22,58.06,1277.32,13,0
2787,20240630,3,97,14,210.05,2940.7,5,0
2788,20251031,1,44,9,199.55,1795.95,17,1
2789,20240531,3,130,5,317.23,1586.15,6,1
2790,20240430,2,172,21,216.67,4550.07,12,0
2791,20250930,2,132,59,128.45,7578.55,13,0
2792,20250430,2,178,32,119.43,3821.76,16,0
2793,20240630,3,104,74,75.12,5558.88,5,0
2794,20240930,1,177,35,211.22,7392.7,12,0
2795,20250630,1,13,60,315.34,18920.4,12,0
2796,20240131,2,39,14,119.66,1675.24,18,1
2797,20251231,2,120,11,186.72,2053.92,11,0
2798,20250430,2,14,74,27.18,2011.32,14,0
2799,20240331,2,41,65,159.88,10392.2,15,0
2800,20240430,1,97,8,210.05,1680.4,12,1
2801,20250131,3,140,19,41.26,783.94,5,0
2802,20240831,3,33,31,110.89,3437.59,6,0
2803,20240131,2,120,0,182.88,0.0,11,1
2804,20250930,1,31,25,300.62,7515.5,14,0
2805,20250331,2,152,6,271.4,1628.4,9,1
2806,20251231,3,83,11,189.32,2082.52,4,0
2807,20240131,1,6,18,178.72,3216.96,11,0
2808,20250131,2,182,26,58.06,1509.56,13,0
2809,20240630,1,106,71,333.09,23649.39,14,0
2810,20250131,2,132,3,128.45,385.35,13,1
2811,20240630,1,118,74,336.11,24872.14,13,0
2812,20241031,1,75,62,59.74,3703.88,13,0
2813,20240731,1,125,5,285.25,1426.25,12,1
2814,20251130,2,82,47,335.4,15763.8,10,0
2815,20250731,1,43,73,300.28,21920.44,15,0
2816,20250831,2,23,4,244.32,977.28,13,1
2817,20241231,1,115,9,46.26,416.34,11,1
2818,20250430,2,111,53,148.9,7891.7,11,0
2819,20250731,3,139,3,203.11,609.33,7,1
2820,20250831,1,116,21,60.17,1263.57,16,0
2821,20240131,2,154,17,323.13,5493.21,12,0
2822,20241031,2,36,17,159.06,2704.02,18,1
2823,20240430,1,149,13,108.85,1415.05,18,1
2824,20241031,1,40,24,268.77,6450.48,18,0
2825,20240831,3,140,24,40.41,969.84,5,0
2826,20240531,2,51,77,78.12,6015.24,17,0
2827,20241130,3,127,105,170.72,17925.6,6,0
2828,20240229,2,129,9,45.49,409.41,19,1
2829,20240131,3,71,27,301.72,8146.44,7,0
2830,20250930,3,168,21,229.43,4818.03,5,0
2831,20240430,1,65,3,128.81,386.43,12,1
2832,20241231,3,181,26,305.97,7955.22,8,0
2833,20241231,2,115,22,46.26,1017.72,11,0
2834,20240831,1,92,78,140.04,10923.12,15,0
2835,20240229,3,140,1,40.41,40.41,5,1
2836,20250630,1,32,79,409.59,32357.61,13,0
2837,20250831,1,29,12,243.45,2921.4,10,0
2838,20251130,2,70,46,48.05,2210.3,10,0
2839,20250430,3,40,115,274.41,31557.15,7,0
2840,20240229,1,8,0,128.94,0.0,10,1
2841,20240831,2,179,24,226.59,5438.16,12,0
2842,20240131,1,125,16,285.25,4564.0,12,0
2843,20240430,3,75,9,59.74,537.66,5,0
2844,20250531,3,108,71,169.96,12067.16,6,0
2845,20241231,3,29,5,238.44,1192.2,4,0
2846,20240131,1,120,6,182.88,1097.28,12,1
2847,20250131,2,179,18,231.35,4164.3,12,0
2848,20240331,3,16,4,219.41,877.64,4,0
2849,20250630,1,158,45,184.61,8307.45,16,0
2850,20241130,1,21,5,201.55,1007.75,12,1
2851,20240229,2,53,7,176.84,1237.88,19,1
2852,20251231,1,8,3,155.34,466.02,10,1
2853,20240831,3,76,79,281.11,22207.69,5,0
2854,20240930,1,124,10,150.61,1506.1,12,1
2855,20250331,3,9,10,67.67,676.7,3,0
2856,20250930,3,41,14,163.24,2285.36,7,0
2857,20251130,1,42,11,267.02,2937.22,23,1
2858,20240731,2,128,9,77.25,695.25,10,1
2859,20250430,2,156,2,164.64,329.28,11,1
2860,20250930,2,68,57,342.49,19521.93,12,0
2861,20251231,2,151,38,92.25,3505.5,10,0
2862,20240630,3,21,72,201.55,14511.6,5,0
2863,20240930,2,62,29,112.54,3263.66,16,0
2864,20251130,1,136,66,112.45,7421.7,12,0
2865,20250228,2,38,0,319.94,0.0,20,1
2866,20240229,1,61,26,75.23,1955.98,18,0
2867,20240531,1,161,39,62.84,2450.76,14,0
2868,20240430,2,90,17,57.58,978.86,11,0
2869,20251231,2,117,8,100.34,802.72,10,1
2870,20241031,1,164,28,98.38,2754.64,11,0
2871,20240630,3,157,28,24.69,691.32,5,0
2872,20240531,3,162,42,66.97,2812.74,6,0
2873,20250331,2,69,15,202.67,3040.05,11,0
2874,20251031,2,33,9,113.22,1018.98,13,1
2875,20240731,3,37,165,16.31,2691.15,9,0
2876,20240731,1,46,104,308.91,32126.64,17,0
2877,20250630,3,21,74,242.82,17968.68,5,0
2878,20241031,1,3,4,188.61,754.44,11,1
2879,20250731,1,8,59,155.34,9165.06,10,0
2880,20240930,3,76,75,281.11,21083.25,5,0
2881,20250131,3,178,44,119.43,5254.92,7,0
2882,20241130,1,182,34,56.87,1933.58,14,0
2883,20250930,1,47,0,71.53,0.0,15,1
2884,20250630,1,47,69,71.53,4935.57,15,0
2885,20250731,1,170,36,16.95,610.2,12,0
2886,20250531,2,91,3,336.22,1008.66,11,1
2887,20250131,3,55,18,213.75,3847.5,7,0
2888,20240430,1,62,77,112.54,8665.58,17,0
2889,20250228,2,31,11,300.62,3306.82,13,1
2890,20250731,3,163,25,300.77,7519.25,4,0
2891,20250630,2,33,68,113.22,7698.96,13,0
2892,20250531,3,139,19,203.11,3859.09,7,0
2893,20251231,1,47,0,71.53,0.0,15,1
2894,20250331,2,90,17,58.79,999.43,11,0
2895,20241130,2,40,22,268.77,5912.94,17,0
2896,20240831,2,144,16,96.31,1540.96,14,0
2897,20250630,2,83,10,189.32,1893.2,10,0
2898,20251231,1,169,31,282.28,8750.68,14,0
2899,20250630,2,69,2,239.15,478.3,11,1
2900,20250531,1,100,14,369.19,5168.66,11,0
2901,20250228,3,179,34,231.35,7865.9,5,0
2902,20241130,1,139,96,198.93,19097.28,17,0
2903,20251130,2,125,5,291.24,1456.2,11,1
2904,20250831,1,156,16,164.64,2634.24,12,0
2905,20240831,2,175,35,94.86,3320.1,16,0
2906,20251031,1,6,11,182.47,2007.17,11,0
2907,20240229,2,28,6,140.77,844.62,13,1
2908,20240930,1,112,12,65.64,787.68,13,1
2909,20251031,3,163,32,300.77,9624.64,4,0
2910,20250930,3,89,55,189.92,10445.6,5,0
2911,20251130,1,73,66,307.22,20276.52,14,0
2912,20250731,1,22,42,298.47,12535.74,8,0
2913,20240229,1,67,20,23.77,475.4,14,0
2914,20250731,1,123,5,132.28,661.4,13,1
2915,20241031,1,18,6,242.09,1452.54,6,0
2916,20240531,1,92,0,140.04,0.0,15,1
2917,20250228,3,37,26,16.65,432.9,9,0
2918,20250131,1,43,14,300.28,4203.92,15,1
2919,20250831,1,165,32,107.92,3453.44,12,0
2920,20250331,1,154,0,329.92,0.0,13,1
2921,20250930,1,38,10,319.94,3199.4,21,1
2922,20240630,2,115,50,46.26,2313.0,11,0
2923,20240531,2,168,27,224.71,6067.17,12,0
2924,20250930,2,104,10,76.7,767.0,11,1
2925,20240930,3,54,22,257.53,5665.66,7,0
2926,20240229,3,156,12,161.25,1935.0,5,0
2927,20240831,2,115,2,46.26,92.52,11,1
2928,20240630,2,169,15,276.47,4147.05,13,0
2929,20250131,1,119,16,59.67,954.72,11,0
2930,20240930,3,149,111,108.85,12082.35,7,0
2931,20250930,2,154,51,329.92,16825.92,12,0
2932,20240831,2,125,8,285.25,2282.0,11,1
2933,20250630,2,132,7,128.45,899.15,13,1
2934,20241130,3,82,69,278.39,19208.91,4,0
2935,20250531,1,8,57,155.34,8854.38,10,0
2936,20250531,1,21,58,242.82,14083.56,12,0
2937,20250630,3,71,15,363.51,5452.65,7,0
2938,20240331,1,153,6,113.61,681.66,11,1
2939,20250531,3,168,41,229.43,9406.63,5,0
2940,20240630,2,49,83,30.58,2538.14,17,0
2941,20241031,3,104,14,75.12,1051.68,5,0
2942,20240930,1,18,2,242.09,484.18,6,1
2943,20241130,2,157,17,24.69,419.73,12,0
2944,20250331,1,131,2,37.08,74.16,14,1
2945,20250930,2,55,6,213.75,1282.5,15,1
2946,20250731,1,11,45,294.52,13253.4,9,0
2947,20250228,3,153,0,116.0,0.0,4,1
2948,20240531,1,121,54,43.73,2361.42,10,0
2949,20240331,3,57,98,19.26,1887.48,7,0
2950,20251130,3,180,29,95.3,2763.7,6,0
2951,20251031,2,90,57,69.37,3954.09,11,0
2952,20241130,3,9,16,66.28,1060.48,3,0
2953,20251031,3,116,12,60.17,722.04,7,0
2954,20250831,1,79,78,147.87,11533.86,12,0
2955,20251031,2,146,56,225.52,12629.12,14,0
2956,20250430,1,87,10,215.66,2156.6,15,1
2957,20250831,2,59,58,391.48,22705.84,16,0
2958,20250430,2,89,12,160.95,1931.4,11,0
2959,20250531,1,147,13,346.92,4509.96,10,0
2960,20251130,2,153,47,116.0,5452.0,10,0
2961,20241031,2,90,58,57.58,3339.64,11,0
2962,20250831,1,34,8,182.99,1463.92,13,1
2963,20240430,2,57,79,19.26,1521.54,16,0
2964,20250228,3,52,28,183.03,5124.84,7,0
2965,20250131,2,124,1,153.77,153.77,12,1
2966,20250228,2,14,0,27.18,0.0,14,1
2967,20250228,2,44,6,199.55,1197.3,16,1
2968,20240430,1,124,69,150.61,10392.09,12,0
2969,20240831,3,160,44,40.71,1791.24,6,0
2970,20240630,3,149,28,108.85,3047.8,7,0
2971,20240331,1,35,112,30.0,3360.0,19,0
2972,20240831,2,121,9,43.73,393.57,9,0
2973,20241231,2,138,58,86.38,5010.04,13,0
2974,20241231,3,112,12,65.64,787.68,5,0
2975,20241231,2,174,30,165.53,4965.9,12,0
2976,20250930,2,120,12,186.72,2240.64,11,0
2977,20240731,2,164,18,98.38,1770.84,10,0
2978,20250228,1,77,17,171.09,2908.53,14,0
2979,20240331,1,146,12,220.88,2650.56,14,1
2980,20250228,2,29,6,243.45,1460.7,10,1
2981,20251231,2,137,51,25.59,1305.09,13,0
2982,20240630,1,22,40,247.74,9909.6,8,0
2983,20240131,2,157,29,24.69,716.01,12,0
2984,20241031,2,91,55,279.07,15348.85,11,0
2985,20251231,2,90,7,69.37,485.59,11,1
2986,20240131,1,79,14,144.83,2027.62,12,0
2987,20240131,2,160,29,40.71,1180.59,14,0
2988,20241130,2,3,1,188.61,188.61,10,1
2989,20251031,2,94,62,124.3,7706.6,11,0
2990,20240131,2,137,0,25.06,0.0,13,1
2991,20240930,2,108,3,166.46,499.38,13,1
2992,20240831,1,163,5,294.58,1472.9,11,1
2993,20250731,3,111,24,148.9,3573.6,5,0
2994,20251031,1,59,7,391.48,2740.36,16,1
2995,20250731,3,169,35,282.28,9879.8,6,0
2996,20250228,1,28,16,143.73,2299.68,14,0
2997,20250630,1,167,38,209.73,7969.74,13,0
2998,20250131,2,180,21,95.3,2001.3,14,0
2999,20250831,3,165,29,107.92,3129.68,5,0
3000,20240531,3,21,84,201.55,16930.2,5,0
3001,20250430,2,10,50,88.91,4445.5,11,0
3002,20250531,2,129,12,46.45,557.4,19,1
3003,20241130,3,36,39,159.06,6203.34,8,0
3004,20250430,1,107,84,150.54,12645.36,14,0
3005,20240229,1,79,10,144.83,1448.3,12,1
3006,20250731,1,4,58,158.83,9212.14,11,0
3007,20240531,2,54,86,257.53,22147.58,16,0
3008,20250228,3,68,6,290.25,1741.5,5,0
3009,20240930,1,25,0,146.28,0.0,9,1
3010,20250731,1,127,14,174.31,2440.34,15,1
3011,20241231,2,108,7,166.46,1165.22,13,1
3012,20240731,1,137,19,25.06,476.14,13,0
3013,20241231,1,42,4,261.53,1046.12,23,1
3014,20240229,2,164,11,98.38,1082.18,10,0
3015,20250331,3,36,102,162.4,16564.8,8,0
3016,20250228,3,145,30,111.12,3333.6,7,0
3017,20240331,2,181,28,305.97,8567.16,17,0
3018,20241031,2,181,44,305.97,13462.68,17,0
3019,20240331,2,24,17,185.46,3152.82,12,0
3020,20250731,1,134,5,61.77,308.85,10,1
3021,20250831,2,126,10,133.03,1330.3,12,1
3022,20250531,3,140,16,41.26,660.16,5,0
3023,20250531,3,27,100,254.96,25496.0,6,0
3024,20240630,2,135,7,39.89,279.23,14,1
3025,20250731,2,60,72,291.44,20983.68,16,0
3026,20240630,2,134,9,60.5,544.5,10,1
3027,20240930,2,70,41,39.88,1635.08,10,0
3028,20241231,1,113,10,276.01,2760.1,10,0
3029,20240331,1,161,32,62.84,2010.88,14,0
3030,20240531,3,126,85,130.29,11074.65,5,0
3031,20250731,3,46,100,372.17,37217.0,7,0
3032,20250831,1,33,13,113.22,1471.86,14,1
3033,20240229,2,170,15,16.6,249.0,12,0
3034,20250228,1,130,17,323.89,5506.13,14,0
3035,20240430,1,179,27,226.59,6117.93,12,0
3036,20250430,3,134,0,61.77,0.0,4,1
3037,20250930,1,118,4,343.17,1372.68,13,1
3038,20240831,1,119,15,58.44,876.6,11,0
3039,20240131,2,6,0,178.72,0.0,10,1
3040,20250630,1,40,96,274.41,26343.36,18,0
3041,20250430,1,88,8,342.9,2743.2,9,1
3042,20240131,1,123,7,129.56,906.92,13,1
3043,20240831,3,93,77,132.18,10177.86,4,0
3044,20241231,3,60,5,241.9,1209.5,7,1
3045,20250831,3,102,68,260.69,17726.92,4,0
3046,20240430,1,66,13,199.26,2590.38,10,0
3047,20250531,2,107,53,150.54,7978.62,13,0
3048,20240930,3,82,81,278.39,22549.59,4,0
3049,20240731,1,55,95,209.35,19888.25,16,0
3050,20240930,3,72,70,196.62,13763.4,5,0
3051,20241130,2,59,7,324.94,2274.58,16,1
3052,20251130,2,60,11,291.44,3205.84,16,1
3053,20240831,1,74,88,108.27,9527.76,13,0
3054,20241231,2,21,16,201.55,3224.8,11,0
3055,20250131,3,63,11,247.24,2719.64,9,0
3056,20240229,1,100,19,306.44,5822.36,11,0
3057,20241031,3,9,10,66.28,662.8,3,0
3058,20250228,2,124,11,153.77,1691.47,12,1
3059,20250430,1,129,20,46.45,929.0,20,0
3060,20250930,1,29,12,243.45,2921.4,10,0
3061,20250430,3,153,12,116.0,1392.0,4,0
3062,20240229,2,139,11,198.93,2188.23,16,1
3063,20250228,2,48,8,33.51,268.08,15,1
3064,20250630,3,93,14,159.25,2229.5,4,0
3065,20240531,3,94,16,121.74,1947.84,5,0
3066,20241031,1,32,16,339.97,5439.52,13,0
3067,20240531,2,113,47,276.01,12972.47,9,0
3068,20250731,2,10,47,88.91,4178.77,11,0
3069,20250331,1,3,8,192.57,1540.56,11,1
3070,20240131,1,5,0,204.06,0.0,13,1
3071,20240831,3,133,18,61.66,1109.88,7,0
3072,20250531,3,67,18,28.64,515.52,6,0
3073,20250430,2,28,52,143.73,7473.96,13,0
3074,20250131,2,176,30,328.78,9863.4,16,0
3075,20240331,3,65,30,128.81,3864.3,5,0
3076,20240831,3,104,21,75.12,1577.52,5,0
3077,20250331,3,83,11,160.44,1764.84,4,0
3078,20250831,3,2,6,298.72,1792.32,3,0
3079,20250430,2,121,45,44.65,2009.25,9,0
3080,20241130,2,91,59,279.07,16465.13,11,0
3081,20241031,1,121,8,43.73,349.84,10,1
3082,20241031,3,130,96,317.23,30454.08,6,0
3083,20250831,2,14,8,27.18,217.44,14,1
3084,20240831,2,168,15,224.71,3370.65,12,0
3085,20241031,3,100,82,306.44,25128.08,4,0
3086,20240229,3,16,6,219.41,1316.46,4,0
3087,20240731,3,72,0,196.62,0.0,5,1
3088,20251031,3,55,7,213.75,1496.25,7,0
3089,20251130,2,71,65,363.51,23628.15,15,0
3090,20240731,1,136,0,110.14,0.0,12,1
3091,20251231,3,54,17,262.94,4469.98,7,0
3092,20240531,2,104,50,75.12,3756.0,11,0
3093,20250131,3,75,4,60.99,243.96,5,1
3094,20240430,3,17,70,307.26,21508.2,6,0
3095,20251031,1,145,71,111.12,7889.52,16,0
3096,20251231,1,114,13,152.73,1985.49,12,0
3097,20250531,3,103,68,154.84,10529.12,5,0
3098,20240430,2,59,63,324.94,20471.22,16,0
3099,20250531,3,154,13,329.92,4288.96,5,0
3100,20250331,2,10,4,88.91,355.64,11,1
3101,20240731,3,94,27,121.74,3286.98,5,0
3102,20240831,1,59,102,324.94,33143.88,16,0
3103,20250930,1,173,35,212.35,7432.25,16,0
3104,20251130,1,157,26,25.21,655.46,13,0
3105,20240430,1,75,4,59.74,238.96,13,1
3106,20241031,2,89,56,157.64,8827.84,11,0
3107,20240430,3,179,38,226.59,8610.42,5,0
3108,20250331,3,94,21,124.3,2610.3,5,0
3109,20240131,3,160,22,40.71,895.62,6,0
3110,20250731,3,43,89,300.28,26724.92,6,0
3111,20250331,2,77,10,171.09,1710.9,13,1
3112,20240531,2,7,49,55.96,2742.04,9,0
3113,20240531,3,55,78,209.35,16329.3,7,0
3114,20250331,1,126,8,133.03,1064.24,12,1
3115,20250430,2,104,43,76.7,3298.1,11,0
3116,20251031,1,1,12,219.63,2635.56,9,0
3117,20250131,1,63,49,247.24,12114.76,21,0
3118,20240229,3,55,7,209.35,1465.45,7,0
3119,20240630,1,39,103,119.66,12324.98,19,0
3120,20240131,1,144,11,96.31,1059.41,15,1
3121,20240331,2,1,15,182.3,2734.5,8,0
3122,20251031,1,78,45,238.11,10714.95,9,0
3123,20250930,3,82,60,335.4,20124.0,4,0
3124,20240630,1,130,26,317.23,8247.98,14,0
3125,20250731,1,40,93,274.41,25520.13,18,0
3126,20240131,1,60,9,241.9,2177.1,17,1
3127,20240131,3,73,19,255.0,4845.0,6,0
3128,20250731,3,166,22,217.35,4781.7,5,0
3129,20240831,1,144,5,96.31,481.55,15,1
3130,20241031,2,95,41,53.64,2199.24,7,0
3131,20251031,3,90,64,69.37,4439.68,5,0
3132,20250930,3,2,12,298.72,3584.64,3,0
3133,20240131,2,70,15,39.88,598.2,10,0
3134,20250930,1,117,22,100.34,2207.48,10,0
3135,20240531,2,167,25,205.42,5135.5,12,0
3136,20250630,2,153,0,116.0,0.0,10,1
3137,20250930,3,104,21,76.7,1610.7,5,0
3138,20250531,1,123,75,132.28,9921.0,13,0
3139,20240131,1,150,11,339.92,3739.12,14,1
3140,20250831,1,55,89,213.75,19023.75,16,0
3141,20240131,1,129,30,45.49,1364.7,20,0
3142,20251031,1,82,75,335.4,25155.0,11,0
3143,20250228,1,131,13,37.08,482.04,14,1
3144,20240229,2,120,8,182.88,1463.04,11,1
3145,20250331,1,16,13,224.02,2912.26,9,0
3146,20240229,3,178,57,116.97,6667.29,7,0
3147,20250331,3,90,4,58.79,235.16,5,1
3148,20240630,1,70,4,39.88,159.52,10,1
3149,20240630,1,78,6,197.64,1185.84,9,1
3150,20250331,1,173,50,212.35,10617.5,16,0
3151,20250228,1,142,2,100.93,201.86,11,1
3152,20250731,2,101,0,75.83,0.0,12,1
3153,20251231,2,128,47,78.87,3706.89,10,0
3154,20240331,1,162,32,66.97,2143.04,14,0
3155,20250331,3,33,20,113.22,2264.4,6,0
3156,20240131,1,15,5,318.69,1593.45,14,1
3157,20251130,2,151,42,92.25,3874.5,10,0
3158,20240930,2,123,13,129.56,1684.28,13,0
3159,20240930,1,158,21,180.81,3797.01,16,0
3160,20250930,2,58,22,149.54,3289.88,17,0
3161,20240531,1,66,13,199.26,2590.38,10,0
3162,20251231,3,163,35,300.77,10526.95,4,0
3163,20251031,1,39,14,122.17,1710.38,19,1
3164,20240731,3,154,7,323.13,2261.91,5,0
3165,20240930,1,129,121,45.49,5504.29,20,0
3166,20240331,2,144,0,96.31,0.0,14,1
3167,20251031,2,168,25,229.43,5735.75,12,0
3168,20250131,2,28,11,143.73,1581.03,13,1
3169,20241130,1,56,1,287.11,287.11,19,1
3170,20240831,1,97,56,210.05,11762.8,12,0
3171,20250930,1,138,73,88.19,6437.87,14,0
3172,20250831,2,149,15,111.14,1667.1,17,1
3173,20250228,2,79,8,147.87,1182.96,12,1
3174,20250531,2,96,7,205.7,1439.9,10,1
3175,20250430,1,40,91,274.41,24971.31,18,0
3176,20240229,1,139,13,198.93,2586.09,17,1
3177,20250630,1,179,28,231.35,6477.8,12,0
3178,20241031,2,142,46,98.85,4547.1,10,0
3179,20240430,1,37,96,16.31,1565.76,22,0
3180,20250228,1,108,1,169.96,169.96,14,1
3181,20250131,3,163,28,300.77,8421.56,4,0
3182,20250630,1,152,8,271.4,2171.2,10,1
3183,20250430,2,133,0,62.95,0.0,15,1
3184,20251031,3,68,76,342.49,26029.24,5,0
3185,20250531,3,93,1,159.25,159.25,4,1
3186,20241231,1,86,8,80.72,645.76,12,1
3187,20250731,2,99,5,346.57,1732.85,11,1
3188,20240331,2,131,9,36.32,326.88,13,1
3189,20250131,1,181,41,312.4,12808.4,18,0
3190,20240630,2,60,87,241.9,21045.3,16,0
3191,20250131,3,100,17,312.88,5318.96,4,0
3192,20240229,3,99,24,287.66,6903.84,5,0
3193,20241130,1,132,59,125.81,7422.79,14,0
3194,20240831,1,79,67,144.83,9703.61,12,0
3195,20250831,2,167,10,209.73,2097.3,12,1
3196,20251231,1,157,14,25.21,352.94,13,0
3197,20240831,3,127,5,170.72,853.6,6,1
3198,20250831,1,138,11,88.19,970.09,14,1
3199,20250930,1,108,10,169.96,1699.6,14,1
3200,20240630,3,82,16,278.39,4454.24,4,0
3201,20250331,1,124,10,153.77,1537.7,12,1
3202,20250430,1,102,14,260.69,3649.66,10,0
3203,20240131,2,69,15,198.5,2977.5,11,0
3204,20240531,1,123,69,129.56,8939.64,13,0
3205,20241231,3,121,4,43.73,174.92,4,0
3206,20250831,1,66,52,240.06,12483.12,10,0
3207,20250430,2,134,5,61.77,308.85,10,1
3208,20250228,1,50,0,297.82,0.0,19,1
3209,20250331,1,106,0,340.08,0.0,14,1
3210,20240229,1,60,14,241.9,3386.6,17,1
3211,20240531,3,43,95,294.1,27939.5,6,0
3212,20250831,1,8,22,155.34,3417.48,10,0
3213,20250831,1,16,10,224.02,2240.2,9,0
3214,20240430,2,21,51,201.55,10279.05,11,0
3215,20240229,2,82,1,278.39,278.39,10,1
3216,20240131,1,42,21,261.53,5492.13,23,1
3217,20240229,1,21,0,201.55,0.0,12,1
3218,20250430,1,116,73,60.17,4392.41,16,0
3219,20250731,2,41,61,163.24,9957.64,15,0
3220,20240831,1,30,1,98.88,98.88,11,1
3221,20240930,2,82,48,278.39,13362.72,10,0
3222,20241130,3,166,22,212.88,4683.36,5,0
3223,20250531,2,4,49,158.83,7782.67,10,0
3224,20240331,2,162,12,66.97,803.64,14,1
3225,20251031,1,55,10,213.75,2137.5,16,1
3226,20250930,1,148,76,302.28,22973.28,12,0
3227,20250430,3,5,83,208.35,17293.05,5,0
3228,20250531,3,72,9,236.88,2131.92,5,0
3229,20250430,1,75,20,60.99,1219.8,13,0
3230,20241231,3,136,66,110.14,7269.24,5,0
3231,20240430,3,134,9,60.5,544.5,4,0
3232,20241031,2,113,2,276.01,552.02,9,1
3233,20240831,1,109,13,303.82,3949.66,11,0
3234,20240229,2,117,11,98.28,1081.08,10,0
3235,20250131,1,142,19,100.93,1917.67,11,0
3236,20240229,3,180,40,93.34,3733.6,6,0
3237,20250430,2,24,49,189.35,9278.15,12,0
3238,20250131,2,136,17,112.45,1911.65,12,0
3239,20250630,2,73,20,307.22,6144.4,13,0
3240,20240229,1,29,9,238.44,2145.96,10,1
3241,20250131,1,11,9,294.52,2650.68,9,0
3242,20250930,3,108,11,169.96,1869.56,6,0
3243,20240331,2,46,89,308.91,27492.99,17,0
3244,20251231,3,28,14,143.73,2012.22,6,0
3245,20240731,1,159,15,166.16,2492.4,20,1
3246,20250930,2,152,48,271.4,13027.2,9,0
3247,20250228,2,56,19,293.14,5569.66,18,0
3248,20241130,3,63,30,242.15,7264.5,9,0
3249,20240731,2,118,9,336.11,3024.99,12,1
3250,20250331,1,61,91,76.81,6989.71,18,0
3251,20240630,2,163,15,294.58,4418.7,10,0
3252,20240430,2,34,52,151.89,7898.28,12,0
3253,20241231,1,78,13,197.64,2569.32,9,0
3254,20250831,2,151,7,92.25,645.75,10,1
3255,20250331,1,76,0,287.01,0.0,12,1
3256,20240331,1,26,8,241.74,1933.92,11,1
3257,20240531,3,169,47,276.47,12994.09,6,0
3258,20250630,3,17,87,313.71,27292.77,6,0
3259,20240331,2,70,9,39.88,358.92,10,1
3260,20251031,1,152,53,271.4,14384.2,10,0
3261,20250630,1,65,5,155.19,775.95,12,1
3262,20240630,3,71,16,301.72,4827.52,7,0
3263,20241031,1,72,62,196.62,12190.44,13,0
3264,20240131,2,94,7,121.74,852.18,11,1
3265,20241231,1,153,59,113.61,6702.99,11,0
3266,20250930,3,136,70,112.45,7871.5,5,0
3267,20240630,3,145,17,108.83,1850.11,7,0
3268,20240930,2,55,3,209.35,628.05,15,1
3269,20241130,2,172,15,216.67,3250.05,12,0
3270,20251231,3,139,90,203.11,18279.9,7,0
3271,20241031,1,21,5,201.55,1007.75,12,1
3272,20240131,1,172,23,216.67,4983.41,13,0
3273,20250630,1,73,4,307.22,1228.88,14,1
3274,20241231,1,160,31,40.71,1262.01,15,0
3275,20250531,2,23,69,244.32,16858.08,13,0
3276,20250228,1,167,23,209.73,4823.79,13,0
3277,20250228,3,54,7,262.94,1840.58,7,0
3278,20241031,2,96,46,170.74,7854.04,10,0
3279,20240331,1,138,1,86.38,86.38,14,1
3280,20241130,3,102,57,255.33,14553.81,4,0
3281,20241130,1,3,0,188.61,0.0,11,1
3282,20240229,3,5,18,204.06,3673.08,5,0
3283,20250131,3,154,3,329.92,989.76,5,1
3284,20251130,1,109,5,310.2,1551.0,11,1
3285,20250228,1,138,25,88.19,2204.75,14,0
3286,20240831,1,113,13,276.01,3588.13,10,0
3287,20241231,3,5,17,204.06,3469.02,5,0
3288,20251231,1,150,74,347.06,25682.44,14,0
3289,20250430,2,19,48,173.78,8341.44,11,0
3290,20250531,2,62,66,135.59,8948.94,16,0
3291,20250131,3,141,12,314.24,3770.88,4,0
3292,20240630,2,139,25,198.93,4973.25,16,0
3293,20240331,3,19,29,170.21,4936.09,5,0
3294,20250531,1,79,11,147.87,1626.57,12,1
3295,20241231,3,72,2,196.62,393.24,5,1
3296,20240430,2,182,28,56.87,1592.36,13,0
3297,20250831,1,80,70,208.57,14599.9,12,0
3298,20250731,3,28,94,143.73,13510.62,6,0
3299,20240131,1,152,15,265.82,3987.3,10,0
3300,20240630,1,109,60,303.82,18229.2,11,0
3301,20251031,1,81,76,364.83,27727.08,13,0
3302,20251231,1,80,10,208.57,2085.7,12,1
3303,20250228,3,137,30,25.59,767.7,5,0
3304,20240831,3,5,20,204.06,4081.2,5,0
3305,20250228,3,156,21,164.64,3457.44,5,0
3306,20240331,3,147,11,339.78,3737.58,4,0
3307,20241031,2,133,76,61.66,4686.16,15,0
3308,20240229,2,156,2,161.25,322.5,11,1
3309,20250430,1,64,78,70.89,5529.42,15,0
3310,20250930,2,46,12,372.17,4466.04,17,1
3311,20241231,3,111,17,145.84,2479.28,5,0
3312,20240131,2,148,13,296.06,3848.78,11,0
3313,20240229,3,109,4,303.82,1215.28,4,0
3314,20251031,3,98,66,309.76,20444.16,6,0
3315,20240531,1,94,13,121.74,1582.62,12,0
3316,20250930,3,9,11,67.67,744.37,3,0
3317,20241031,2,149,83,108.85,9034.55,17,0
3318,20240229,2,83,6,157.14,942.84,10,1
3319,20240430,3,177,36,211.22,7603.92,5,0
3320,20250630,2,19,45,205.07,9228.15,11,0
3321,20241231,3,166,45,212.88,9579.6,5,0
3322,20240229,2,109,11,303.82,3342.02,10,0
3323,20240731,2,152,9,265.82,2392.38,9,0
3324,20240930,3,92,86,140.04,12043.44,6,0
3325,20240831,2,62,79,112.54,8890.66,16,0
3326,20240731,1,156,9,161.25,1451.25,12,1
3327,20250731,3,148,11,302.28,3325.08,5,0
3328,20250331,1,57,72,19.66,1415.52,17,0
3329,20240630,2,54,56,257.53,14421.68,16,0
3330,20240731,2,103,13,151.66,1971.58,12,0
3331,20250930,1,120,11,186.72,2053.92,12,1
3332,20240331,3,93,28,132.18,3701.04,4,0
3333,20241231,3,76,0,281.11,0.0,5,1
3334,20240430,2,41,82,159.88,13110.16,15,0
3335,20250430,3,72,0,200.75,0.0,5,1
3336,20240331,1,92,9,140.04,1260.36,15,1
3337,20240430,3,112,78,65.64,5119.92,5,0
3338,20251031,1,14,20,27.18,543.6,15,0
3339,20240930,1,102,56,255.33,14298.48,10,0
3340,20240430,1,168,14,224.71,3145.94,13,0
3341,20250331,2,118,10,343.17,3431.7,12,1
3342,20240430,2,67,0,23.77,0.0,13,1
3343,20241231,3,38,14,313.36,4387.04,9,0
3344,20251231,1,1,10,219.63,2196.3,9,0
3345,20251231,3,50,38,297.82,11317.16,8,0
3346,20250731,1,152,20,271.4,5428.0,10,0
3347,20250430,1,100,18,312.88,5631.84,11,0
3348,20240331,1,4,0,155.56,0.0,11,1
3349,20241031,1,154,80,323.13,25850.4,13,0
3350,20250831,2,162,23,68.38,1572.74,14,0
3351,20240531,2,72,0,196.62,0.0,12,1
3352,20250531,1,170,17,16.95,288.15,12,0
3353,20241130,1,179,14,226.59,3172.26,12,0
3354,20241231,1,48,16,32.82,525.12,16,0
3355,20250228,3,21,22,205.78,4527.16,5,0
3356,20240930,1,152,59,265.82,15683.38,10,0
3357,20241130,1,111,7,145.84,1020.88,12,1
3358,20240731,1,180,24,93.34,2240.16,15,0
3359,20250630,1,144,26,98.33,2556.58,15,0
3360,20240229,2,115,7,46.26,323.82,11,1
3361,20250331,1,17,8,313.71,2509.68,14,1
3362,20250630,2,172,15,221.22,3318.3,12,0
3363,20240229,3,41,34,159.88,5435.92,7,0
3364,20240531,1,34,71,151.89,10784.19,13,0
3365,20240229,2,31,12,294.44,3533.28,13,1
3366,20250630,2,34,49,182.99,8966.51,12,0
3367,20250430,3,82,13,284.24,3695.12,4,0
3368,20240229,1,43,11,294.1,3235.1,15,1
3369,20250930,3,55,25,213.75,5343.75,7,0
3370,20250531,3,134,10,61.77,617.7,4,0
3371,20250930,1,122,10,212.67,2126.7,11,1
3372,20240229,1,40,10,268.77,2687.7,18,1
3373,20240131,1,46,7,308.91,2162.37,17,1
3374,20251231,1,143,62,220.45,13667.9,13,0
3375,20250930,2,103,13,154.84,2012.92,12,0
3376,20240930,2,10,7,87.08,609.56,11,1
3377,20240229,2,168,21,224.71,4718.91,12,0
3378,20240131,3,152,13,265.82,3455.66,4,0
3379,20240229,1,73,8,255.0,2040.0,14,1
3380,20241130,1,17,23,307.26,7066.98,14,0
3381,20251130,3,36,20,191.63,3832.6,8,0
3382,20251130,3,178,41,119.43,4896.63,7,0
3383,20250430,2,31,64,300.62,19239.68,13,0
3384,20250831,3,122,15,212.67,3190.05,4,0
3385,20250630,2,115,53,47.23,2503.19,11,0
3386,20251031,2,47,7,71.53,500.71,14,1
3387,20241130,1,102,60,255.33,15319.8,10,0
3388,20240930,1,47,13,70.06,910.78,15,1
3389,20251130,1,106,18,340.08,6121.44,14,0
3390,20240930,3,133,97,61.66,5981.02,7,0
3391,20240930,1,178,31,116.97,3626.07,17,0
3392,20250731,1,50,119,297.82,35440.58,19,0
3393,20241231,3,137,80,25.06,2004.8,5,0
3394,20250630,3,55,102,213.75,21802.5,7,0
3395,20250731,2,126,8,133.03,1064.24,12,1
3396,20250531,2,174,22,169.01,3718.22,12,0
3397,20251130,3,140,88,41.26,3630.88,5,0
3398,20240430,1,18,33,242.09,7988.97,6,0
3399,20251031,2,92,56,168.72,9448.32,14,0
3400,20250930,1,15,7,325.38,2277.66,14,1
3401,20251031,1,166,32,217.35,6955.2,13,0
3402,20250630,3,117,65,100.34,6522.1,4,0
3403,20241231,1,161,26,62.84,1633.84,14,0
3404,20241231,3,127,91,170.72,15535.52,6,0
3405,20240331,2,62,70,112.54,7877.8,16,0
3406,20250630,3,112,84,67.02,5629.68,5,0
3407,20240430,3,60,110,241.9,26609.0,7,0
3408,20241130,1,59,14,324.94,4549.16,16,1
3409,20240229,1,55,33,209.35,6908.55,16,0
3410,20250930,2,67,50,28.64,1432.0,13,0
3411,20241231,2,142,43,98.85,4250.55,10,0
3412,20251231,1,132,70,128.45,8991.5,14,0
3413,20241031,2,115,10,46.26,462.6,11,1
3414,20241231,3,73,26,255.0,6630.0,6,0
3415,20250630,3,57,102,23.2,2366.4,7,0
3416,20241130,1,83,55,157.14,8642.7,11,0
3417,20240930,2,99,67,287.66,19273.22,11,0
3418,20251130,2,156,59,164.64,9713.76,11,0
3419,20250930,1,168,30,229.43,6882.9,13,0
3420,20250531,2,126,61,133.03,8114.83,12,0
3421,20250831,2,84,55,375.89,20673.95,12,0
3422,20240630,2,1,35,182.3,6380.5,8,0
3423,20241231,3,82,17,278.39,4732.63,4,0
3424,20250731,1,25,56,149.35,8363.6,9,0
3425,20250930,2,126,5,133.03,665.15,12,1
3426,20240430,1,172,12,216.67,2600.04,13,1
3427,20250131,2,109,19,310.2,5893.8,10,0
3428,20240930,3,122,19,208.3,3957.7,4,0
3429,20250831,2,125,14,291.24,4077.36,11,0
3430,20240731,2,173,38,207.98,7903.24,15,0
3431,20240131,1,81,17,302.82,5147.94,13,0
3432,20250531,3,61,106,76.81,8141.86,7,0
3433,20250531,2,117,45,100.34,4515.3,10,0
3434,20240229,3,63,38,242.15,9201.7,9,0
3435,20240731,3,152,20,265.82,5316.4,4,0
3436,20250331,3,52,109,183.03,19950.27,7,0
3437,20250131,1,28,9,143.73,1293.57,14,1
3438,20251231,1,148,75,302.28,22671.0,12,0
3439,20250731,3,160,39,41.56,1620.84,6,0
3440,20241031,1,123,2,129.56,259.12,13,1
3441,20240930,3,117,13,98.28,1277.64,4,0
3442,20240831,2,39,75,119.66,8974.5,18,0
3443,20250630,1,7,52,57.14,2971.28,10,0
3444,20250831,3,100,59,369.19,21782.21,4,0
3445,20240331,1,101,12,62.94,755.28,12,0
3446,20250531,1,98,10,309.76,3097.6,15,1
3447,20240430,2,116,67,58.93,3948.31,16,0
3448,20250831,2,180,20,95.3,1906.0,14,0
3449,20241031,1,24,13,185.46,2410.98,12,0
3450,20250831,2,124,10,153.77,1537.7,12,1
3451,20241231,1,84,14,312.0,4368.0,12,0
3452,20250930,1,135,81,40.73,3299.13,15,0
3453,20241130,1,117,12,98.28,1179.36,10,0
3454,20251031,1,30,3,119.13,357.39,11,1
3455,20250630,1,84,0,375.89,0.0,12,1
3456,20251231,2,169,24,282.28,6774.72,13,0
3457,20240831,3,178,46,116.97,5380.62,7,0
3458,20250228,2,25,2,149.35,298.7,9,1
3459,20240430,2,138,21,86.38,1813.98,13,0
3460,20240331,1,95,2,53.64,107.28,8,1
3461,20250331,2,95,0,54.77,0.0,7,1
3462,20250630,3,47,89,71.53,6366.17,6,0
3463,20250331,3,118,15,343.17,5147.55,5,0
3464,20240531,3,40,104,268.77,27952.08,7,0
3465,20240229,3,72,9,196.62,1769.58,5,0
3466,20251130,1,70,57,48.05,2738.85,10,0
3467,20241231,3,161,46,62.84,2890.64,6,0
3468,20240831,1,24,12,185.46,2225.52,12,0
3469,20240731,3,28,88,140.77,12387.76,6,0
3470,20241130,1,37,37,16.31,603.47,22,0
3471,20250831,2,154,21,329.92,6928.32,12,0
3472,20250131,1,19,11,173.78,1911.58,12,1
3473,20250131,3,36,43,162.4,6983.2,8,0
3474,20240731,1,35,100,30.0,3000.0,19,0
3475,20250731,2,132,14,128.45,1798.3,13,0
3476,20250531,3,45,86,78.37,6739.82,6,0
3477,20251130,3,99,86,346.57,29805.02,5,0
3478,20251231,2,54,13,262.94,3418.22,16,1
3479,20240229,1,179,21,226.59,4758.39,12,0
3480,20240229,1,156,13,161.25,2096.25,12,0
3481,20240930,1,165,21,105.7,2219.7,12,0
3482,20250131,2,20,0,33.12,0.0,15,1
3483,20251130,1,95,44,64.62,2843.28,8,0
3484,20240331,1,72,13,196.62,2556.06,13,0
3485,20240731,3,165,31,105.7,3276.7,5,0
3486,20250731,1,9,45,67.67,3045.15,9,0
3487,20240831,1,137,14,25.06,350.84,13,0
3488,20241130,1,121,5,43.73,218.65,10,1
3489,20250131,3,162,42,68.38,2871.96,6,0
3490,20251130,3,27,2,254.96,509.92,6,1
3491,20241231,1,141,55,307.78,16927.9,10,0
3492,20250831,1,124,14,153.77,2152.78,12,0
3493,20250630,3,63,152,247.24,37580.48,9,0
3494,20250131,1,24,18,189.35,3408.3,12,0
3495,20240131,3,112,10,65.64,656.4,5,0
3496,20250831,1,77,74,171.09,12660.66,14,0
3497,20250531,1,177,28,215.66,6038.48,12,0
3498,20241031,1,158,33,180.81,5966.73,16,0
3499,20240430,1,102,6,255.33,1531.98,10,1
3500,20250831,3,88,59,404.63,23873.17,4,0
3501,20240229,1,62,4,112.54,450.16,17,1
3502,20240731,1,40,93,268.77,24995.61,18,0
3503,20250228,2,68,5,290.25,1451.25,12,1
3504,20240331,2,136,11,110.14,1211.54,12,1
3505,20250331,1,135,0,40.73,0.0,15,1
3506,20241231,1,137,60,25.06,1503.6,13,0
3507,20250331,3,100,21,312.88,6570.48,4,0
3508,20250531,1,152,2,271.4,542.8,10,1
3509,20240131,2,131,9,36.32,326.88,13,1
3510,20241031,3,154,73,323.13,23588.49,5,0
3511,20250930,3,179,29,231.35,6709.15,5,0
3512,20240531,2,148,2,296.06,592.12,11,1
3513,20250930,1,98,71,309.76,21992.96,15,0
3514,20250630,1,128,16,78.87,1261.92,10,0
3515,20240131,3,5,16,204.06,3264.96,5,0
3516,20240831,1,91,58,279.07,16186.06,11,0
3517,20250831,1,76,60,338.68,20320.8,12,0
3518,20250930,3,48,26,33.51,871.26,7,0
3519,20240731,3,127,29,170.72,4950.88,6,0
3520,20251231,1,95,7,64.62,452.34,8,1
3521,20250228,1,88,8,342.9,2743.2,9,1
3522,20250930,2,86,56,97.25,5446.0,11,0
3523,20241231,3,40,11,268.77,2956.47,7,0
3524,20240630,1,89,16,157.64,2522.24,12,0
3525,20240731,2,40,66,268.77,17738.82,17,0
3526,20241231,1,110,0,178.91,0.0,12,1
3527,20240131,3,90,19,57.58,1094.02,5,0
3528,20250228,1,124,15,153.77,2306.55,12,0
3529,20250630,3,167,39,209.73,8179.47,5,0
3530,20251031,3,37,0,16.65,0.0,9,1
3531,20240229,1,24,16,185.46,2967.36,12,0
3532,20250131,2,48,6,33.51,201.06,15,1
3533,20240331,3,130,15,317.23,4758.45,6,0
3534,20250930,3,134,63,61.77,3891.51,4,0
3535,20250731,2,165,21,107.92,2266.32,12,0
3536,20240331,1,71,9,301.72,2715.48,16,1
3537,20240731,1,138,29,86.38,2505.02,14,0
3538,20241231,2,60,20,241.9,4838.0,16,0
3539,20240430,2,120,45,182.88,8229.6,11,0
3540,20250131,1,149,0,111.14,0.0,18,1
3541,20251031,1,101,70,75.83,5308.1,12,0
3542,20250430,3,73,15,260.35,3905.25,6,0
3543,20241130,2,92,64,140.04,8962.56,14,0
3544,20240731,3,168,17,224.71,3820.07,5,0
3545,20250131,1,152,3,271.4,814.2,10,1
3546,20250630,2,144,14,98.33,1376.62,14,0
3547,20250731,1,121,12,44.65,535.8,10,0
3548,20240131,3,47,26,70.06,1821.56,6,0
3549,20251130,3,131,94,37.08,3485.52,6,0
3550,20240731,2,42,92,261.53,24060.76,22,0
3551,20240430,1,125,61,285.25,17400.25,12,0
3552,20241130,3,74,103,108.27,11151.81,5,0
3553,20240131,1,75,6,59.74,358.44,13,1
3554,20240630,3,136,17,110.14,1872.38,5,0
3555,20240731,3,61,105,75.23,7899.15,7,0
3556,20240930,3,153,59,113.61,6702.99,4,0
3557,20241231,2,91,8,279.07,2232.56,11,1
3558,20241031,3,50,23,291.69,6708.87,8,0
3559,20250228,2,170,18,16.95,305.1,12,0
3560,20250630,1,35,87,30.63,2664.81,19,0
3561,20250831,1,69,66,239.15,15783.9,12,0
3562,20250131,2,89,0,160.95,0.0,11,1
3563,20250228,1,54,7,262.94,1840.58,17,1
3564,20240131,3,67,12,23.77,285.24,6,0
3565,20250831,3,167,49,209.73,10276.77,5,0
3566,20240831,3,179,21,226.59,4758.39,5,0
3567,20250531,3,28,77,143.73,11067.21,6,0
3568,20250630,2,135,0,40.73,0.0,14,1
3569,20241031,1,84,76,312.0,23712.0,12,0
3570,20250731,1,12,63,69.62,4386.06,11,0
3571,20250731,2,17,59,313.71,18508.89,13,0
3572,20250930,1,58,16,149.54,2392.64,18,1
3573,20240331,2,115,5,46.26,231.3,11,1
3574,20240131,3,78,13,197.64,2569.32,4,0
3575,20241130,1,15,14,318.69,4461.66,14,0
3576,20251130,2,104,5,76.7,383.5,11,1
3577,20240131,3,94,35,121.74,4260.9,5,0
3578,20250331,2,14,7,27.18,190.26,14,1
3579,20241130,2,136,48,110.14,5286.72,12,0
3580,20250531,1,17,69,313.71,21645.99,14,0
3581,20241231,1,1,16,182.3,2916.8,9,0
3582,20240229,3,161,23,62.84,1445.32,6,0
3583,20250131,2,10,11,88.91,978.01,11,0
3584,20240531,1,175,41,94.86,3889.26,17,0
3585,20250331,1,77,5,171.09,855.45,14,1
3586,20240630,1,182,26,56.87,1478.62,14,0
3587,20250930,2,133,63,62.95,3965.85,15,0
3588,20250228,2,53,6,180.55,1083.3,19,1
3589,20251031,1,89,56,189.92,10635.52,12,0
3590,20251130,3,40,27,274.41,7409.07,7,0
3591,20241231,1,33,1,110.89,110.89,14,1
3592,20250731,3,80,0,208.57,0.0,5,1
3593,20250731,1,57,79,23.2,1832.8,17,0
3594,20240930,3,5,8,204.06,1632.48,5,0
3595,20250430,1,74,11,110.54,1215.94,13,1
3596,20241130,2,74,55,108.27,5954.85,12,0
3597,20240930,3,152,46,265.82,12227.72,4,0
3598,20250930,2,168,28,229.43,6424.04,12,0
3599,20240131,1,155,27,322.38,8704.26,17,0
3600,20240930,1,117,13,98.28,1277.64,10,0
3601,20240430,1,98,11,257.11,2828.21,15,1
3602,20240430,1,46,102,308.91,31508.82,17,0
3603,20250430,2,117,53,100.34,5318.02,10,0
3604,20241031,3,26,14,241.74,3384.36,4,0
3605,20250831,3,126,4,133.03,532.12,5,1
3606,20241231,2,103,4,151.66,606.64,12,1
3607,20251031,2,60,0,291.44,0.0,16,1
3608,20240229,1,68,22,284.28,6254.16,13,0
3609,20251031,3,41,36,163.24,5876.64,7,0
3610,20240930,2,117,8,98.28,786.24,10,1
3611,20240131,1,143,21,215.92,4534.32,13,0
3612,20240131,3,121,9,43.73,393.57,4,0
3613,20240229,2,99,12,287.66,3451.92,11,0
3614,20251031,3,118,3,343.17,1029.51,5,1
3615,20250331,2,67,6,24.27,145.62,13,1
3616,20240430,3,107,98,147.44,14449.12,6,0
3617,20251231,1,67,18,28.64,515.52,14,0
3618,20250131,1,164,34,100.45,3415.3,11,0
3619,20240831,1,46,95,308.91,29346.45,17,0
3620,20241231,2,151,43,90.35,3885.05,10,0
3621,20241130,1,108,8,166.46,1331.68,14,1
3622,20240930,3,116,18,58.93,1060.74,7,0
3623,20250731,1,125,14,291.24,4077.36,12,0
3624,20240731,2,104,0,75.12,0.0,11,1
3625,20240531,2,129,12,45.49,545.88,19,1
3626,20250228,2,158,32,184.61,5907.52,15,0
3627,20240229,3,73,21,255.0,5355.0,6,0
3628,20250731,1,162,45,68.38,3077.1,14,0
3629,20241130,3,86,66,80.72,5327.52,5,0
3630,20250531,1,53,94,180.55,16971.7,20,0
3631,20250630,1,176,30,328.78,9863.4,17,0
3632,20250531,2,134,2,61.77,123.54,10,1
3633,20241130,2,58,12,146.46,1757.52,17,1
3634,20251231,1,105,8,169.61,1356.88,12,1
3635,20241130,1,140,67,40.41,2707.47,12,0
3636,20241231,2,70,5,39.88,199.4,10,1
3637,20250131,1,182,45,58.06,2612.7,14,0
3638,20240630,1,56,111,287.11,31869.21,19,0
3639,20250831,1,122,9,212.67,1914.03,11,1
3640,20241130,1,81,77,302.82,23317.14,13,0
3641,20250731,1,179,17,231.35,3932.95,12,0
3642,20240229,2,62,4,112.54,450.16,16,1
3643,20240331,1,177,23,211.22,4858.06,12,0
3644,20240930,2,126,0,130.29,0.0,12,1
3645,20250131,2,3,12,192.57,2310.84,10,0
3646,20251031,2,79,58,147.87,8576.46,12,0
3647,20251130,2,124,14,153.77,2152.78,12,0
3648,20250131,1,139,13,203.11,2640.43,17,1
3649,20251130,1,39,24,122.17,2932.08,19,0
3650,20250731,1,69,0,239.15,0.0,12,1
3651,20240331,2,154,0,323.13,0.0,12,1
3652,20240229,2,38,4,313.36,1253.44,20,1
3653,20250831,1,182,38,58.06,2206.28,14,0
3654,20250531,1,83,5,189.32,946.6,11,1
3655,20251130,2,25,12,149.35,1792.2,9,0
3656,20250630,2,86,12,97.25,1167.0,11,0
3657,20241031,1,13,6,308.85,1853.1,12,1
3658,20240831,2,161,25,62.84,1571.0,13,0
3659,20250831,2,33,11,113.22,1245.42,13,1
3660,20241231,1,59,16,324.94,5199.04,16,0
3661,20240131,2,67,6,23.77,142.62,13,1
3662,20241231,3,162,44,66.97,2946.68,6,0
3663,20250331,1,45,77,78.37,6034.49,16,0
3664,20240229,3,43,0,294.1,0.0,6,1
3665,20250831,1,146,2,225.52,451.04,14,1
3666,20240229,1,167,31,205.42,6368.02,13,0
3667,20250228,1,98,29,262.51,7612.79,15,0
3668,20240930,1,59,5,324.94,1624.7,16,1
3669,20240131,1,153,17,113.61,1931.37,11,0
3670,20250228,1,121,0,44.65,0.0,10,1
3671,20240930,3,40,18,268.77,4837.86,7,0
3672,20250630,1,83,0,189.32,0.0,11,1
3673,20250831,2,1,3,219.63,658.89,8,1
3674,20240229,1,58,12,146.46,1757.52,18,1
3675,20250131,3,80,19,176.76,3358.44,5,0
3676,20240731,2,158,27,180.81,4881.87,15,0
3677,20240131,2,152,10,265.82,2658.2,9,0
3678,20250430,1,98,3,262.51,787.53,15,1
3679,20251130,1,13,8,315.34,2522.72,12,1
3680,20240331,1,77,1,167.57,167.57,14,1
3681,20240731,2,67,25,23.77,594.25,13,0
3682,20240930,2,103,7,151.66,1061.62,12,1
3683,20250731,1,42,122,267.02,32576.44,23,0
3684,20250430,2,175,22,96.85,2130.7,16,0
3685,20240331,2,178,11,116.97,1286.67,16,1
3686,20240229,3,153,15,113.61,1704.15,4,0
3687,20250228,1,56,41,293.14,12018.74,19,0
3688,20241231,2,132,47,125.81,5913.07,13,0
3689,20240131,1,56,27,287.11,7751.97,19,0
3690,20241130,1,48,14,32.82,459.48,16,1
3691,20240331,2,149,11,108.85,1197.35,17,1
3692,20240131,3,19,15,170.21,2553.15,5,0
3693,20250331,2,99,0,293.7,0.0,11,1
3694,20250131,3,130,38,323.89,12307.82,6,0
3695,20251031,3,172,28,221.22,6194.16,5,0
3696,20250131,2,14,0,27.18,0.0,14,1
3697,20240331,3,86,16,80.72,1291.52,5,0
3698,20240831,2,135,7,39.89,279.23,14,1
3699,20250930,2,62,15,135.59,2033.85,16,1
3700,20250531,3,165,25,107.92,2698.0,5,0
3701,20240229,2,67,8,23.77,190.16,13,1
3702,20240430,1,50,100,291.69,29169.0,19,0
3703,20240531,2,62,72,112.54,8102.88,16,0
3704,20240131,3,163,49,294.58,14434.42,4,0
3705,20250531,3,90,15,69.37,1040.55,5,0
3706,20250731,1,67,0,28.64,0.0,14,1
3707,20250131,1,128,12,78.87,946.44,10,0
3708,20250531,1,18,35,247.17,8650.95,6,0
3709,20240731,1,16,38,219.41,8337.58,9,0
3710,20250930,2,169,30,282.28,8468.4,13,0
3711,20250831,2,117,5,100.34,501.7,10,1
3712,20241231,2,49,5,30.58,152.9,17,1
3713,20250228,1,46,6,315.4,1892.4,17,1
3714,20250831,1,78,48,238.11,11429.28,9,0
3715,20240731,1,41,83,159.88,13270.04,16,0
3716,20250731,2,38,80,319.94,25595.2,20,0
3717,20251031,1,176,33,328.78,10849.74,17,0
3718,20250331,2,42,130,267.02,34712.6,22,0
3719,20240930,2,49,17,30.58,519.86,17,0
3720,20250331,2,154,2,329.92,659.84,12,1
3721,20250430,2,94,4,124.3,497.2,11,1
3722,20240131,3,150,9,339.92,3059.28,6,0
3723,20240831,3,92,89,140.04,12463.56,6,0
3724,20240331,1,25,4,146.28,585.12,9,1
3725,20251031,1,69,73,239.15,17457.95,12,0
3726,20241031,1,138,73,86.38,6305.74,14,0
3727,20250131,2,54,10,262.94,2629.4,16,1
3728,20240831,3,180,54,93.34,5040.36,6,0
3729,20250228,1,72,11,200.75,2208.25,13,1
3730,20250630,2,54,76,262.94,19983.44,16,0
3731,20240831,2,28,16,140.77,2252.32,13,0
3732,20251231,2,171,14,85.46,1196.44,12,0
3733,20240731,1,72,9,196.62,1769.58,13,1
3734,20240630,2,164,13,98.38,1278.94,10,0
3735,20250131,1,115,9,47.23,425.07,11,1
3736,20240731,2,127,5,170.72,853.6,14,1
3737,20241231,2,56,15,287.11,4306.65,18,1
3738,20251231,2,7,0,57.14,0.0,9,1
3739,20250228,2,73,2,260.35,520.7,13,1
3740,20250228,2,91,13,284.93,3704.09,11,0
3741,20240229,2,175,19,94.86,1802.34,16,0
3742,20240331,1,113,21,276.01,5796.21,10,0
3743,20251231,2,77,6,171.09,1026.54,13,1
3744,20240331,1,55,81,209.35,16957.35,16,0
3745,20250331,3,127,23,174.31,4009.13,6,0
3746,20241031,1,107,21,147.44,3096.24,14,0
3747,20241231,1,118,12,336.11,4033.32,13,1
3748,20241031,2,160,20,40.71,814.2,14,0
3749,20240131,1,31,7,294.44,2061.08,14,1
3750,20251031,2,151,35,92.25,3228.75,10,0
3751,20250531,3,149,16,111.14,1778.24,7,0
3752,20251031,3,137,114,25.59,2917.26,5,0
3753,20240229,3,107,9,147.44,1326.96,6,0
3754,20240930,1,109,11,303.82,3342.02,11,0
3755,20240731,1,17,68,307.26,20893.68,14,0
3756,20240229,1,80,10,173.12,1731.2,12,1
3757,20250430,1,154,14,329.92,4618.88,13,0
3758,20241130,1,29,9,238.44,2145.96,10,1
3759,20240630,1,86,15,80.72,1210.8,12,0
3760,20250531,3,107,74,150.54,11139.96,6,0
3761,20250131,1,12,13,69.62,905.06,11,0
3762,20250228,1,37,25,16.65,416.25,22,0
3763,20240630,3,66,27,199.26,5380.02,4,0
3764,20240630,1,167,28,205.42,5751.76,13,0
3765,20240630,2,86,1,80.72,80.72,11,1
3766,20240531,2,56,86,287.11,24691.46,18,0
3767,20251031,1,25,7,149.35,1045.45,9,1
3768,20250731,3,134,21,61.77,1297.17,4,0
3769,20240831,1,50,95,291.69,27710.55,19,0
3770,20250930,3,177,36,215.66,7763.76,5,0
3771,20240331,2,90,0,57.58,0.0,11,1
3772,20240731,3,102,13,255.33,3319.29,4,0
3773,20250930,1,71,77,363.51,27990.27,16,0
3774,20250630,1,120,65,186.72,12136.8,12,0
3775,20241031,1,55,17,209.35,3558.95,16,0
3776,20240131,3,100,17,306.44,5209.48,4,0
3777,20241231,2,20,15,32.44,486.6,15,0
3778,20250731,3,178,39,119.43,4657.77,7,0
3779,20241130,2,142,40,98.85,3954.0,10,0
3780,20251130,2,39,22,122.17,2687.74,18,0
3781,20250731,1,133,0,62.95,0.0,16,1
3782,20240531,3,26,74,241.74,17888.76,4,0
3783,20250131,3,137,2,25.59,51.18,5,1
3784,20240731,1,82,8,278.39,2227.12,11,1
3785,20240331,1,22,5,247.74,1238.7,8,1
3786,20240430,2,86,15,80.72,1210.8,11,0
3787,20250228,1,31,26,300.62,7816.12,14,0
3788,20240630,2,58,79,146.46,11570.34,17,0
3789,20251031,1,11,11,294.52,3239.72,9,0
3790,20240331,3,149,1,108.85,108.85,7,1
3791,20250131,1,31,0,300.62,0.0,14,1
3792,20250731,1,166,21,217.35,4564.35,13,0
3793,20240630,3,117,68,98.28,6683.04,4,0
3794,20251231,2,153,35,116.0,4060.0,10,0
3795,20250630,1,129,4,46.45,185.8,20,1
3796,20240831,1,142,8,98.85,790.8,11,1
3797,20241231,3,124,16,150.61,2409.76,5,0
3798,20240430,1,7,56,55.96,3133.76,10,0
3799,20250831,3,93,66,159.25,10510.5,4,0
3800,20241031,3,156,70,161.25,11287.5,5,0
3801,20241130,2,24,6,185.46,1112.76,12,1
3802,20250831,1,89,50,189.92,9496.0,12,0
3803,20251231,2,56,10,293.14,2931.4,18,1
3804,20251031,2,44,1,199.55,199.55,16,1
3805,20240930,3,60,17,241.9,4112.3,7,0
3806,20241130,1,181,44,305.97,13462.68,18,0
3807,20240331,3,104,13,75.12,976.56,5,0
3808,20240731,1,23,66,239.29,15793.14,14,0
3809,20251031,3,45,20,78.37,1567.4,6,0
3810,20251130,1,176,41,328.78,13479.98,17,0
3811,20240430,3,5,90,204.06,18365.4,5,0
3812,20240131,3,154,20,323.13,6462.6,5,0
3813,20250831,3,152,13,271.4,3528.2,4,0
3814,20250731,2,173,26,212.35,5521.1,15,0
3815,20250731,2,92,8,168.72,1349.76,14,1
3816,20240831,2,59,70,324.94,22745.8,16,0
3817,20240630,3,165,25,105.7,2642.5,5,0
3818,20240930,1,136,75,110.14,8260.5,12,0
3819,20240930,3,181,19,305.97,5813.43,8,0
3820,20241130,3,46,29,308.91,8958.39,7,0
3821,20240930,1,85,49,40.9,2004.1,10,0
3822,20250331,2,60,59,246.98,14571.82,16,0
3823,20250831,1,22,24,298.47,7163.28,8,0
3824,20240930,3,66,45,199.26,8966.7,4,0
3825,20240430,3,118,76,336.11,25544.36,5,0
3826,20240831,2,69,59,198.5,11711.5,11,0
3827,20241130,2,4,6,155.56,933.36,10,1
3828,20240430,3,43,93,294.1,27351.3,6,0
3829,20240229,3,76,10,281.11,2811.1,5,0
3830,20240229,2,137,5,25.06,125.3,13,1
3831,20240731,1,75,20,59.74,1194.8,13,0
3832,20250831,2,37,91,16.65,1515.15,21,0
3833,20241231,2,157,28,24.69,691.32,12,0
3834,20240331,3,29,8,238.44,1907.52,4,0
3835,20240531,1,69,14,198.5,2779.0,12,0
3836,20240531,3,46,116,308.91,35833.56,7,0
3837,20241231,1,95,4,53.64,214.56,8,1
3838,20240331,1,33,10,110.89,1108.9,14,1
3839,20250531,2,110,50,182.67,9133.5,12,0
3840,20240731,3,40,115,268.77,30908.55,7,0
3841,20240131,1,14,0,26.62,0.0,15,1
3842,20251231,1,146,77,225.52,17365.04,14,0
3843,20250630,3,104,76,76.7,5829.2,5,0
3844,20240331,2,28,15,140.77,2111.55,13,0
3845,20240229,1,33,7,110.89,776.23,14,1
3846,20250531,1,70,6,48.05,288.3,10,1
3847,20240731,1,143,10,215.92,2159.2,13,1
3848,20250331,3,5,12,208.35,2500.2,5,0
3849,20240930,2,83,60,157.14,9428.4,10,0
3850,20250531,2,73,8,307.22,2457.76,13,1
3851,20250731,1,174,16,169.01,2704.16,13,0
3852,20251231,1,124,0,153.77,0.0,12,1
3853,20240131,2,173,16,207.98,3327.68,15,0
3854,20241031,2,85,43,40.9,1758.7,9,0
3855,20250531,2,94,19,124.3,2361.7,11,0
3856,20240831,1,182,28,56.87,1592.36,14,0
3857,20240831,2,139,13,198.93,2586.09,16,1
3858,20240831,1,10,10,87.08,870.8,12,1
3859,20251031,3,177,26,215.66,5607.16,5,0
3860,20241031,1,76,66,281.11,18553.26,12,0
3861,20241231,2,79,17,144.83,2462.11,12,0
3862,20250430,2,8,42,131.65,5529.3,9,0
3863,20240831,3,21,25,201.55,5038.75,5,0
3864,20240930,2,157,23,24.69,567.87,12,0
3865,20250930,2,156,44,164.64,7244.16,11,0
3866,20240531,1,182,30,56.87,1706.1,14,0
3867,20250630,1,157,29,25.21,731.09,13,0
3868,20240930,3,126,20,130.29,2605.8,5,0
3869,20240131,1,159,37,166.16,6147.92,20,0
3870,20251031,1,141,63,314.24,19797.12,10,0
3871,20240831,1,90,57,57.58,3282.06,12,0
3872,20250331,3,8,13,131.65,1711.45,4,0
3873,20250731,2,66,0,240.06,0.0,9,1
3874,20241231,2,23,20,239.29,4785.8,13,0
3875,20240131,1,136,15,110.14,1652.1,12,0
3876,20241231,3,165,33,105.7,3488.1,5,0
3877,20250731,3,102,5,260.69,1303.45,4,0
3878,20240731,2,23,56,239.29,13400.24,13,0
3879,20250930,2,91,52,336.22,17483.44,11,0
3880,20251231,1,68,14,342.49,4794.86,13,0
3881,20250131,1,108,0,169.96,0.0,14,1
3882,20240930,1,29,10,238.44,2384.4,10,0
3883,20241031,3,45,23,76.76,1765.48,6,0
3884,20240229,3,50,15,291.69,4375.35,8,0
3885,20240430,3,41,113,159.88,18066.44,7,0
3886,20250131,1,8,7,131.65,921.55,10,1
3887,20251231,3,120,9,186.72,1680.48,5,0
3888,20240831,2,14,7,26.62,186.34,14,1
3889,20250228,3,43,28,300.28,8407.84,6,0
3890,20241130,2,123,22,129.56,2850.32,13,0
3891,20241130,2,47,13,70.06,910.78,14,1
3892,20250131,1,38,18,319.94,5758.92,21,1
3893,20240531,2,149,0,108.85,0.0,17,1
3894,20250930,1,62,6,135.59,813.54,17,1
3895,20250831,1,91,69,336.22,23199.18,11,0
3896,20241031,1,170,24,16.6,398.4,12,0
3897,20250930,3,16,9,224.02,2016.18,4,0
3898,20250930,2,139,76,203.11,15436.36,16,0
3899,20240930,3,57,11,19.26,211.86,7,0
3900,20250131,1,9,13,67.67,879.71,9,0
3901,20250331,2,179,12,231.35,2776.2,12,0
3902,20240531,2,108,62,166.46,10320.52,13,0
3903,20250228,1,175,39,96.85,3777.15,17,0
3904,20240430,2,32,53,339.97,18018.41,12,0
3905,20240229,3,136,14,110.14,1541.96,5,0
3906,20240831,2,156,5,161.25,806.25,11,1
3907,20250331,2,168,24,229.43,5506.32,12,0
3908,20250731,1,49,86,31.22,2684.92,18,0
3909,20250630,1,80,10,208.57,2085.7,12,1
3910,20240531,1,72,6,196.62,1179.72,13,1
3911,20251130,1,11,4,294.52,1178.08,9,1
3912,20240229,2,161,22,62.84,1382.48,13,0
3913,20250131,1,45,17,78.37,1332.29,16,0
3914,20240531,2,55,66,209.35,13817.1,15,0
3915,20240229,2,43,13,294.1,3823.3,14,1
3916,20251130,2,149,83,111.14,9224.62,17,0
3917,20240331,1,45,80,76.76,6140.8,16,0
3918,20250331,1,39,107,122.17,13072.19,19,0
3919,20251031,1,163,32,300.77,9624.64,11,0
3920,20250430,1,24,59,189.35,11171.65,12,0
3921,20250531,1,111,65,148.9,9678.5,12,0
3922,20240531,1,108,61,166.46,10154.06,14,0
3923,20250930,3,154,75,329.92,24744.0,5,0
3924,20250430,1,167,21,209.73,4404.33,13,0
3925,20240229,2,57,3,19.26,57.78,16,1
3926,20240930,3,90,75,57.58,4318.5,5,0
3927,20240331,3,179,23,226.59,5211.57,5,0
3928,20250228,2,115,10,47.23,472.3,11,1
3929,20251231,3,140,93,41.26,3837.18,5,0
3930,20250430,1,84,13,318.55,4141.15,12,0
3931,20240331,3,177,43,211.22,9082.46,5,0
3932,20241130,3,65,75,128.81,9660.75,5,0
3933,20250331,1,102,12,260.69,3128.28,10,0
3934,20240430,2,113,38,276.01,10488.38,9,0
3935,20250630,2,151,11,92.25,1014.75,10,0
3936,20250630,1,98,15,309.76,4646.4,15,0
3937,20240531,3,73,9,255.0,2295.0,6,0
3938,20251031,3,107,30,150.54,4516.2,6,0
3939,20250531,3,122,58,212.67,12334.86,4,0
3940,20250930,2,181,30,312.4,9372.0,17,0
3941,20250731,1,60,89,291.44,25938.16,17,0
3942,20240630,3,122,60,208.3,12498.0,4,0
3943,20250331,2,82,4,284.24,1136.96,10,1
3944,20241231,3,21,4,201.55,806.2,5,1
3945,20241231,1,72,12,196.62,2359.44,13,1
3946,20250430,3,57,99,19.66,1946.34,7,0
3947,20240731,1,114,9,149.59,1346.31,12,1
3948,20250831,1,163,27,300.77,8120.79,11,0
3949,20241130,3,180,12,93.34,1120.08,6,0
3950,20250430,1,106,82,340.08,27886.56,14,0
3951,20250531,3,166,30,217.35,6520.5,5,0
3952,20240331,1,85,0,40.9,0.0,10,1
3953,20250131,3,108,24,169.96,4079.04,6,0
3954,20250228,2,6,10,182.47,1824.7,10,0
3955,20250228,3,181,43,312.4,13433.2,8,0
3956,20250430,3,152,21,271.4,5699.4,4,0
3957,20240531,1,163,8,294.58,2356.64,11,1
3958,20250630,2,174,26,169.01,4394.26,12,0
3959,20251031,2,24,6,189.35,1136.1,12,1
3960,20250131,3,98,18,262.51,4725.18,6,0
3961,20250731,2,171,16,85.46,1367.36,12,0
3962,20251031,1,146,70,225.52,15786.4,14,0
3963,20251231,2,41,21,163.24,3428.04,15,0
3964,20250228,1,58,27,149.54,4037.58,18,0
3965,20250731,2,21,48,242.82,11655.36,11,0
3966,20251130,2,182,35,58.06,2032.1,13,0
3967,20251231,2,136,68,112.45,7646.6,12,0
3968,20250331,1,152,11,271.4,2985.4,10,0
3969,20240131,2,136,5,110.14,550.7,12,1
3970,20250630,3,168,22,229.43,5047.46,5,0
3971,20250930,1,176,52,328.78,17096.56,17,0
3972,20240630,3,17,97,307.26,29804.22,6,0
3973,20251231,1,18,1,247.17,247.17,6,1
3974,20240831,1,88,50,335.85,16792.5,9,0
3975,20240531,3,132,28,125.81,3522.68,6,0
3976,20240630,2,157,16,24.69,395.04,12,0
3977,20241031,1,15,15,318.69,4780.35,14,0
3978,20240831,3,26,4,241.74,966.96,4,0
3979,20250831,1,95,35,64.62,2261.7,8,0
3980,20240930,1,43,39,294.1,11469.9,15,0
3981,20251130,1,22,7,298.47,2089.29,8,1
3982,20250430,1,56,104,293.14,30486.56,19,0
3983,20240430,1,3,54,188.61,10184.94,11,0
3984,20250430,1,178,29,119.43,3463.47,17,0
3985,20241130,2,56,24,287.11,6890.64,18,0
3986,20250731,3,52,103,183.03,18852.09,7,0
3987,20240731,1,79,20,144.83,2896.6,12,0
3988,20251231,2,34,6,182.99,1097.94,12,1
3989,20240131,2,24,6,185.46,1112.76,12,1
3990,20241231,2,116,27,58.93,1591.11,16,0
3991,20240331,2,44,72,195.45,14072.4,16,0
3992,20240831,2,110,10,178.91,1789.1,12,1
3993,20240630,1,4,61,155.56,9489.16,11,0
3994,20240131,1,128,5,77.25,386.25,10,1
3995,20240831,3,121,0,43.73,0.0,4,1
3996,20241231,2,27,21,249.72,5244.12,14,0
3997,20240331,2,77,12,167.57,2010.84,13,1
3998,20250131,1,48,13,33.51,435.63,16,1
3999,20241130,3,29,9,238.44,2145.96,4,0
4000,20240831,2,113,5,276.01,1380.05,9,1
4001,20250131,1,22,10,252.94,2529.4,8,0
4002,20240731,1,98,20,257.11,5142.2,15,0
4003,20250831,1,72,70,236.88,16581.6,13,0
4004,20250831,3,83,73,189.32,13820.36,4,0
4005,20240430,3,168,32,224.71,7190.72,5,0
4006,20240731,3,133,28,61.66,1726.48,7,0
4007,20251231,2,174,24,169.01,4056.24,12,0
4008,20240731,1,97,8,210.05,1680.4,12,1
4009,20241031,2,31,7,294.44,2061.08,13,1
4010,20250731,3,45,107,78.37,8385.59,6,0
4011,20241031,1,80,48,173.12,8309.76,12,0
4012,20240731,1,12,54,68.19,3682.26,11,0
4013,20250731,2,149,20,111.14,2222.8,17,0
4014,20250630,1,72,11,236.88,2605.68,13,1
4015,20250831,2,82,49,335.4,16434.6,10,0
4016,20251031,2,14,6,27.18,163.08,14,1
4017,20240430,3,88,13,335.85,4366.05,4,0
4018,20240731,2,174,5,165.53,827.65,12,1
4019,20241231,3,67,0,23.77,0.0,6,1
4020,20250831,1,111,14,148.9,2084.6,12,0
4021,20250531,2,71,23,363.51,8360.73,15,0
4022,20250930,1,35,21,30.63,643.23,19,0
4023,20251231,1,116,18,60.17,1083.06,16,0
4024,20250331,1,15,0,325.38,0.0,14,1
4025,20240531,1,11,58,288.46,16730.68,9,0
4026,20240630,3,88,10,335.85,3358.5,4,0
4027,20240430,3,74,6,108.27,649.62,5,0
4028,20251031,2,17,13,313.71,4078.23,13,0
4029,20240731,3,176,32,322.02,10304.64,7,0
4030,20240731,1,49,95,30.58,2905.1,18,0
4031,20241031,1,94,59,121.74,7182.66,12,0
4032,20250430,1,101,16,64.26,1028.16,12,0
4033,20240229,3,2,7,292.58,2048.06,3,0
4034,20250831,1,149,21,111.14,2333.94,18,0
4035,20250430,2,171,25,85.46,2136.5,12,0
4036,20241231,2,71,9,301.72,2715.48,15,1
4037,20251031,2,41,14,163.24,2285.36,15,1
4038,20250331,2,138,1,88.19,88.19,13,1
4039,20250131,3,19,12,173.78,2085.36,5,0
4040,20240331,2,113,15,276.01,4140.15,9,0
4041,20240229,1,53,15,176.84,2652.6,20,1
4042,20250731,2,105,23,169.61,3901.03,11,0
4043,20240930,1,32,29,339.97,9859.13,13,0
4044,20250228,2,90,5,58.79,293.95,11,1
4045,20240131,2,176,23,322.02,7406.46,16,0
4046,20240229,3,133,11,61.66,678.26,7,0
4047,20240229,1,103,18,151.66,2729.88,13,0
4048,20250331,2,128,18,78.87,1419.66,10,0
4049,20240831,1,34,19,151.89,2885.91,13,0
4050,20250131,1,178,35,119.43,4180.05,17,0
4051,20250331,3,16,13,224.02,2912.26,4,0
4052,20250531,2,80,0,208.57,0.0,11,1
4053,20250930,1,140,65,41.26,2681.9,12,0
4054,20250131,2,157,22,25.21,554.62,12,0
4055,20240531,1,78,5,197.64,988.2,9,1
4056,20250531,3,150,16,347.06,5552.96,6,0
4057,20250630,1,108,78,169.96,13256.88,14,0
4058,20250831,2,136,0,112.45,0.0,12,1
4059,20251031,1,71,94,363.51,34169.94,16,0
4060,20250731,1,172,45,221.22,9954.9,13,0
4061,20250831,3,40,95,274.41,26068.95,7,0
4062,20250131,2,106,12,340.08,4080.96,13,1
4063,20240831,2,176,19,322.02,6118.38,16,0
4064,20250531,3,94,12,124.3,1491.6,5,0
4065,20240131,3,127,24,170.72,4097.28,6,0
4066,20240831,1,129,24,45.49,1091.76,20,0
4067,20240331,1,136,10,110.14,1101.4,12,1
4068,20250331,2,126,11,133.03,1463.33,12,1
4069,20241130,3,104,0,75.12,0.0,5,1
4070,20240831,1,18,5,242.09,1210.45,6,1
4071,20241031,2,37,24,16.31,391.44,21,0
4072,20250131,1,129,13,46.45,603.85,20,1
4073,20250228,3,165,21,107.92,2266.32,5,0
4074,20250630,3,37,126,16.65,2097.9,9,0
4075,20251031,2,3,15,227.23,3408.45,10,0
4076,20240831,3,167,36,205.42,7395.12,5,0
4077,20251031,1,41,25,163.24,4081.0,16,0
4078,20251231,2,104,10,76.7,767.0,11,1
4079,20251031,1,18,9,247.17,2224.53,6,0
4080,20241231,3,75,6,59.74,358.44,5,0
4081,20250930,2,131,55,37.08,2039.4,13,0
4082,20251031,3,89,76,189.92,14433.92,5,0
4083,20240531,2,39,74,119.66,8854.84,18,0
4084,20241130,2,66,39,199.26,7771.14,9,0
4085,20250331,3,88,1,342.9,342.9,4,1
4086,20250228,1,38,20,319.94,6398.8,21,1
4087,20250531,1,38,88,319.94,28154.72,21,0
4088,20251031,1,110,0,182.67,0.0,12,1
4089,20240331,1,148,0,296.06,0.0,12,1
4090,20241130,1,116,7,58.93,412.51,16,1
4091,20250630,3,65,21,155.19,3258.99,5,0
4092,20240131,1,45,12,76.76,921.12,16,1
4093,20251031,1,161,30,64.16,1924.8,14,0
4094,20251231,2,91,3,336.22,1008.66,11,1
4095,20240331,1,68,8,284.28,2274.24,13,1
4096,20240630,2,67,6,23.77,142.62,13,1
4097,20240930,1,2,12,292.58,3510.96,7,0
4098,20241130,2,149,85,108.85,9252.25,17,0
4099,20250331,1,9,14,67.67,947.38,9,0
4100,20250731,1,6,54,182.47,9853.38,11,0
4101,20250731,1,13,54,315.34,17028.36,12,0
4102,20251031,1,20,25,33.12,828.0,16,0
4103,20240331,2,105,5,166.12,830.6,11,1
4104,20241130,1,160,26,40.71,1058.46,15,0
4105,20241231,3,61,15,75.23,1128.45,7,0
4106,20240331,1,61,111,75.23,8350.53,18,0
4107,20251130,3,130,95,323.89,30769.55,6,0
4108,20250331,1,174,30,169.01,5070.3,13,0
4109,20240331,1,73,6,255.0,1530.0,14,1
4110,20250531,2,59,71,391.48,27795.08,16,0
4111,20240131,2,118,11,336.11,3697.21,12,1
4112,20251031,3,122,18,212.67,3828.06,4,0
4113,20240131,3,57,17,19.26,327.42,7,0
4114,20240229,3,21,11,201.55,2217.05,5,0
4115,20250331,1,74,4,110.54,442.16,13,1
4116,20250228,1,155,22,329.15,7241.3,17,0
4117,20240331,1,124,7,150.61,1054.27,12,1
4118,20250930,3,127,94,174.31,16385.14,6,0
4119,20250831,1,132,19,128.45,2440.55,14,0
4120,20250131,1,42,13,267.02,3471.26,23,1
4121,20250331,3,111,36,148.9,5360.4,5,0
4122,20250531,1,20,89,33.12,2947.68,16,0
4123,20250131,2,33,2,113.22,226.44,13,1
4124,20240731,3,160,51,40.71,2076.21,6,0
4125,20240630,2,174,21,165.53,3476.13,12,0
4126,20251231,3,167,34,209.73,7130.82,5,0
4127,20240630,1,3,61,188.61,11505.21,11,0
4128,20250630,2,1,34,219.63,7467.42,8,0
4129,20240229,1,169,32,276.47,8847.04,14,0
4130,20250131,2,158,33,184.61,6092.13,15,0
4131,20240331,2,106,11,333.09,3663.99,13,1
4132,20250831,1,58,96,149.54,14355.84,18,0
4133,20241130,2,44,2,195.45,390.9,16,1
4134,20250831,2,32,0,409.59,0.0,12,1
4135,20240731,2,32,49,339.97,16658.53,12,0
4136,20241130,1,95,50,53.64,2682.0,8,0
4137,20251130,1,141,51,314.24,16026.24,10,0
4138,20240331,1,2,8,292.58,2340.64,7,0
4139,20241031,3,102,59,255.33,15064.47,4,0
4140,20250131,1,97,8,214.46,1715.68,12,1
4141,20250331,3,165,28,107.92,3021.76,5,0
4142,20250228,1,12,8,69.62,556.96,11,1
4143,20251130,1,3,12,227.23,2726.76,11,0
4144,20251130,2,115,5,47.23,236.15,11,1
4145,20241231,1,133,101,61.66,6227.66,16,0
4146,20250930,3,132,75,128.45,9633.75,6,0
4147,20240229,2,72,12,196.62,2359.44,12,0
4148,20240131,2,7,13,55.96,727.48,9,0
4149,20240731,2,136,0,110.14,0.0,12,1
4150,20241130,1,77,75,167.57,12567.75,14,0
4151,20241031,3,161,13,62.84,816.92,6,0
4152,20250430,3,133,27,62.95,1699.65,7,0
4153,20251130,1,169,23,282.28,6492.44,14,0
4154,20240131,3,88,18,335.85,6045.3,4,0
4155,20251031,1,93,53,159.25,8440.25,10,0
4156,20240331,3,40,121,268.77,32521.17,7,0
4157,20250831,2,110,4,182.67,730.68,12,1
4158,20241231,2,3,13,188.61,2451.93,10,0
4159,20240731,3,63,109,242.15,26394.35,9,0
4160,20241031,3,143,76,215.92,16409.92,5,0
4161,20250731,1,2,34,298.72,10156.48,7,0
4162,20250531,2,102,8,260.69,2085.52,10,1
4163,20250331,1,75,12,60.99,731.88,13,1
4164,20250531,2,31,59,300.62,17736.58,13,0
4165,20250630,1,9,43,67.67,2909.81,9,0
4166,20240131,2,153,11,113.61,1249.71,10,0
4167,20240131,2,108,18,166.46,2996.28,13,0
4168,20250630,3,177,21,215.66,4528.86,5,0
4169,20240731,2,68,9,284.28,2558.52,12,1
4170,20251130,3,153,71,116.0,8236.0,4,0
4171,20251231,3,47,33,71.53,2360.49,6,0
4172,20251231,3,168,38,229.43,8718.34,5,0
4173,20240531,1,36,73,159.06,11611.38,19,0
4174,20240531,3,36,131,159.06,20836.86,8,0
4175,20240831,3,130,7,317.23,2220.61,6,0
4176,20250531,3,46,100,372.17,37217.0,7,0
4177,20240731,1,33,69,110.89,7651.41,14,0
4178,20241231,3,168,41,224.71,9213.11,5,0
4179,20240229,2,157,13,24.69,320.97,12,0
4180,20251031,1,174,2,169.01,338.02,13,1
4181,20251231,1,34,12,182.99,2195.88,13,1
4182,20240630,1,156,8,161.25,1290.0,12,1
4183,20250531,2,120,52,186.72,9709.44,11,0
4184,20240831,2,19,11,170.21,1872.31,11,0
4185,20241231,1,121,11,43.73,481.03,10,0
4186,20240430,2,101,16,62.94,1007.04,12,0
4187,20250731,1,144,7,98.33,688.31,15,1
4188,20250630,3,82,17,335.4,5701.8,4,0
4189,20240731,1,5,55,204.06,11223.3,13,0
4190,20251031,3,52,26,183.03,4758.78,7,0
4191,20250831,1,19,22,205.07,4511.54,12,0
4192,20240430,2,110,51,178.91,9124.41,12,0
4193,20240531,1,172,40,216.67,8666.8,13,0
4194,20250131,2,167,32,209.73,6711.36,12,0
4195,20240731,3,51,122,78.12,9530.64,8,0
4196,20250930,1,80,64,208.57,13348.48,12,0
4197,20240430,3,160,31,40.71,1262.01,6,0
4198,20250731,3,177,25,215.66,5391.5,5,0
4199,20240831,1,60,91,241.9,22012.9,17,0
4200,20250228,2,85,10,41.76,417.6,9,0
4201,20240131,3,157,39,24.69,962.91,5,0
4202,20250331,2,83,29,160.44,4652.76,10,0
4203,20240831,1,108,0,166.46,0.0,14,1
4204,20250331,3,131,12,37.08,444.96,6,0
4205,20250731,1,167,28,209.73,5872.44,13,0
4206,20251031,3,60,30,291.44,8743.2,7,0
4207,20240531,2,176,43,322.02,13846.86,16,0
4208,20240630,3,172,23,216.67,4983.41,5,0
4209,20251031,2,31,14,300.62,4208.68,13,0
4210,20250430,1,109,55,310.2,17061.0,11,0
4211,20240430,3,137,7,25.06,175.42,5,0
4212,20240531,3,136,7,110.14,770.98,5,0
4213,20241231,1,70,2,39.88,79.76,10,1
4214,20251231,1,153,60,116.0,6960.0,11,0
4215,20241031,1,59,25,324.94,8123.5,16,0
4216,20250131,2,121,7,44.65,312.55,9,1
4217,20250531,1,146,7,225.52,1578.64,14,1
4218,20250831,2,67,46,28.64,1317.44,13,0
4219,20250331,3,140,10,41.26,412.6,5,0
4220,20240630,3,127,19,170.72,3243.68,6,0
4221,20240630,3,74,5,108.27,541.35,5,0
4222,20250131,3,54,9,262.94,2366.46,7,0
4223,20250930,1,30,5,119.13,595.65,11,1
4224,20241130,1,46,25,308.91,7722.75,17,0
4225,20240831,1,138,14,86.38,1209.32,14,0
4226,20241031,3,163,25,294.58,7364.5,4,0
4227,20250131,1,166,26,217.35,5651.1,13,0
4228,20240930,1,81,60,302.82,18169.2,13,0
4229,20240229,2,80,6,173.12,1038.72,11,1
4230,20250331,2,110,10,182.67,1826.7,12,1
4231,20250331,1,78,11,201.79,2219.69,9,0
4232,20251231,1,131,66,37.08,2447.28,14,0
4233,20241031,1,119,5,58.44,292.2,11,1
4234,20251231,2,115,5,47.23,236.15,11,1
4235,20251130,1,155,92,329.15,30281.8,17,0
4236,20241031,1,147,54,339.78,18348.12,10,0
4237,20251031,2,70,45,48.05,2162.25,10,0
4238,20250131,2,94,9,124.3,1118.7,11,1
4239,20240229,3,157,47,24.69,1160.43,5,0
4240,20240430,1,14,76,26.62,2023.12,15,0
4241,20250630,1,168,28,229.43,6424.04,13,0
4242,20241130,2,148,59,296.06,17467.54,11,0
4243,20240331,1,147,13,339.78,4417.14,10,0
4244,20241130,2,125,17,285.25,4849.25,11,0
4245,20241031,2,171,20,83.7,1674.0,12,0
4246,20250630,3,38,144,319.94,46071.36,9,0
4247,20241031,1,144,86,96.31,8282.66,15,0
4248,20251231,1,2,3,298.72,896.16,7,1
4249,20240930,2,165,17,105.7,1796.9,12,0
4250,20240630,1,15,82,318.69,26132.58,14,0
4251,20251031,1,73,72,307.22,22119.84,14,0
4252,20250731,2,44,66,199.55,13170.3,16,0
4253,20240531,1,35,104,30.0,3120.0,19,0
4254,20251231,2,132,61,128.45,7835.45,13,0
4255,20240930,1,73,69,255.0,17595.0,14,0
4256,20240531,2,84,11,312.0,3432.0,12,1
4257,20251231,3,72,10,236.88,2368.8,5,0
4258,20250430,2,163,20,300.77,6015.4,10,0
4259,20250430,3,21,87,205.78,17902.86,5,0
4260,20250131,2,80,18,176.76,3181.68,11,0
4261,20240930,2,14,11,26.62,292.82,14,1
4262,20240229,1,124,0,150.61,0.0,12,1
4263,20250531,1,159,41,169.65,6955.65,20,0
4264,20250430,2,182,24,58.06,1393.44,13,0
4265,20240430,1,120,66,182.88,12070.08,12,0
4266,20240229,3,181,39,305.97,11932.83,8,0
4267,20250531,3,148,25,302.28,7557.0,5,0
4268,20240930,3,162,45,66.97,3013.65,6,0
4269,20250930,1,125,6,291.24,1747.44,12,1
4270,20240131,1,174,12,165.53,1986.36,13,1
4271,20241130,1,122,5,208.3,1041.5,11,1
4272,20250831,3,73,92,307.22,28264.24,6,0
4273,20251130,2,170,24,16.95,406.8,12,0
4274,20240430,1,96,10,170.74,1707.4,10,0
4275,20241031,3,179,46,226.59,10423.14,5,0
4276,20240930,3,141,56,307.78,17235.68,4,0
4277,20250531,2,176,37,328.78,12164.86,16,0
4278,20241031,2,165,18,105.7,1902.6,12,0
4279,20241231,1,112,16,65.64,1050.24,13,0
4280,20250331,1,164,26,100.45,2611.7,11,0
4281,20240930,1,110,16,178.91,2862.56,12,0
4282,20241231,1,87,15,211.22,3168.3,15,0
4283,20240531,2,101,20,62.94,1258.8,12,0
4284,20240430,1,161,31,62.84,1948.04,14,0
4285,20250630,2,97,6,253.06,1518.36,11,1
4286,20240430,1,93,7,132.18,925.26,10,1
4287,20251231,2,69,4,239.15,956.6,11,1
4288,20240731,1,62,100,112.54,11254.0,17,0
4289,20250430,1,161,20,64.16,1283.2,14,0
4290,20251231,3,92,22,168.72,3711.84,6,0
4291,20250531,1,103,54,154.84,8361.36,13,0
4292,20240430,2,60,57,241.9,13788.3,16,0
4293,20250731,2,174,19,169.01,3211.19,12,0
4294,20250831,1,21,0,242.82,0.0,12,1
4295,20240430,1,104,77,75.12,5784.24,11,0
4296,20250331,2,68,16,290.25,4644.0,12,0
4297,20240930,1,153,76,113.61,8634.36,11,0
4298,20240831,1,41,73,159.88,11671.24,16,0
4299,20240229,1,88,11,335.85,3694.35,9,0
4300,20250930,3,100,61,369.19,22520.59,4,0
4301,20250430,3,118,87,343.17,29855.79,5,0
4302,20251130,1,56,35,293.14,10259.9,19,0
4303,20240131,1,105,11,166.12,1827.32,12,1
4304,20250228,2,36,3,162.4,487.2,18,1
4305,20250430,3,99,0,293.7,0.0,5,1
4306,20251231,1,74,11,130.44,1434.84,13,1
4307,20250531,1,9,39,67.67,2639.13,9,0
4308,20250228,2,142,11,100.93,1110.23,10,0
4309,20241031,1,181,41,305.97,12544.77,18,0
4310,20250228,2,10,16,88.91,1422.56,11,0
4311,20251231,2,59,0,391.48,0.0,16,1
4312,20250430,1,159,46,169.65,7803.9,20,0
4313,20240229,1,121,14,43.73,612.22,10,0
4314,20251231,2,70,1,48.05,48.05,10,1
4315,20251231,1,174,23,169.01,3887.23,13,0
4316,20240331,1,87,18,211.22,3801.96,15,0
4317,20240731,1,168,38,224.71,8538.98,13,0
4318,20240630,2,118,50,336.11,16805.5,12,0
4319,20250228,1,132,18,128.45,2312.1,14,0
4320,20240430,1,60,97,241.9,23464.3,17,0
4321,20240331,2,53,82,176.84,14500.88,19,0
4322,20240831,1,84,83,312.0,25896.0,12,0
4323,20251031,2,77,72,171.09,12318.48,13,0
4324,20250731,1,99,8,346.57,2772.56,12,1
4325,20241031,1,157,40,24.69,987.6,13,0
4326,20240229,2,92,27,140.04,3781.08,14,0
4327,20240731,3,141,22,307.78,6771.16,4,0
4328,20251231,2,71,24,363.51,8724.24,15,0
4329,20251231,3,108,16,169.96,2719.36,6,0
4330,20250131,3,107,14,150.54,2107.56,6,0
4331,20240331,2,2,5,292.58,1462.9,7,1
4332,20240630,1,68,30,284.28,8528.4,13,0
4333,20250930,1,89,65,189.92,12344.8,12,0
4334,20250831,2,3,12,227.23,2726.76,10,0
4335,20240331,2,110,20,178.91,3578.2,12,0
4336,20251031,2,48,0,33.51,0.0,15,1
4337,20250831,2,144,9,98.33,884.97,14,1
4338,20240131,3,124,24,150.61,3614.64,5,0
4339,20240831,2,74,65,108.27,7037.55,12,0
4340,20251231,3,17,12,313.71,3764.52,6,0
4341,20250228,3,111,8,148.9,1191.2,5,0
4342,20240229,3,86,10,80.72,807.2,5,0
4343,20251031,1,19,10,205.07,2050.7,12,1
4344,20250331,2,132,16,128.45,2055.2,13,0
4345,20240930,1,93,65,132.18,8591.7,10,0
4346,20241031,3,152,60,265.82,15949.2,4,0
4347,20240930,2,109,11,303.82,3342.02,10,0
4348,20250228,2,169,8,282.28,2258.24,13,1
4349,20241231,2,113,14,276.01,3864.14,9,0
4350,20240930,1,116,9,58.93,530.37,16,1
4351,20251231,1,145,65,111.12,7222.8,16,0
4352,20240630,1,46,94,308.91,29037.54,17,0
4353,20241130,1,19,7,170.21,1191.47,12,1
4354,20241031,2,101,57,62.94,3587.58,12,0
4355,20250228,1,14,18,27.18,489.24,15,0
4356,20250331,2,17,7,313.71,2195.97,13,1
4357,20250731,2,1,34,219.63,7467.42,8,0
4358,20241130,3,17,13,307.26,3994.38,6,0
4359,20251130,3,152,59,271.4,16012.6,4,0
4360,20250630,3,29,71,243.45,17284.95,4,0
4361,20241130,3,52,23,179.27,4123.21,7,0
4362,20251130,2,107,5,150.54,752.7,13,1
4363,20250331,1,93,17,134.96,2294.32,10,0
4364,20251231,1,119,7,59.67,417.69,11,1
4365,20250331,1,29,10,243.45,2434.5,10,0
4366,20250630,2,125,47,291.24,13688.28,11,0
4367,20240229,2,55,0,209.35,0.0,15,1
4368,20251031,3,169,34,282.28,9597.52,6,0
4369,20241130,1,38,6,313.36,1880.16,21,1
4370,20240630,2,46,76,308.91,23477.16,17,0
4371,20251231,1,175,40,96.85,3874.0,17,0
4372,20251031,2,36,11,191.63,2107.93,18,1
4373,20240831,2,105,16,166.12,2657.92,11,0
4374,20251031,3,97,76,253.06,19232.56,5,0
4375,20240131,1,158,23,180.81,4158.63,16,0
4376,20250228,1,16,8,224.02,1792.16,9,1
4377,20251130,3,48,11,33.51,368.61,7,0
4378,20240430,3,162,27,66.97,1808.19,6,0
4379,20250630,3,154,21,329.92,6928.32,5,0
4380,20250430,1,99,17,293.7,4992.9,12,0
4381,20250228,2,104,6,76.7,460.2,11,1
4382,20250531,1,65,21,155.19,3258.99,12,0
4383,20240531,2,131,0,36.32,0.0,13,1
4384,20251130,1,126,18,133.03,2394.54,12,0
4385,20250731,2,97,0,253.06,0.0,11,1
4386,20240531,1,89,15,157.64,2364.6,12,0
4387,20251031,1,88,47,404.63,19017.61,9,0
4388,20250930,1,99,70,346.57,24259.9,12,0
4389,20240430,1,15,64,318.69,20396.16,14,0
4390,20240229,1,1,3,182.3,546.9,9,1
4391,20240731,1,150,8,339.92,2719.36,14,1
4392,20240430,2,144,22,96.31,2118.82,14,0
4393,20250531,3,181,42,312.4,13120.8,8,0
4394,20250930,3,166,29,217.35,6303.15,5,0
4395,20250630,1,3,68,227.23,15451.64,11,0
4396,20250930,3,26,12,246.82,2961.84,4,0
4397,20250430,3,132,19,128.45,2440.55,6,0
4398,20250731,2,164,8,100.45,803.6,10,1
4399,20251231,1,139,71,203.11,14420.81,17,0
4400,20240531,3,29,65,238.44,15498.6,4,0
4401,20241231,1,50,5,291.69,1458.45,19,1
4402,20251130,1,20,9,33.12,298.08,16,1
4403,20240831,2,46,82,308.91,25330.62,17,0
4404,20240930,3,33,8,110.89,887.12,6,0
4405,20240331,3,166,45,212.88,9579.6,5,0
4406,20250930,2,151,51,92.25,4704.75,10,0
4407,20250131,3,60,28,246.98,6915.44,7,0
4408,20240331,1,126,0,130.29,0.0,12,1
4409,20240831,2,56,85,287.11,24404.35,18,0
4410,20250930,3,74,80,130.44,10435.2,5,0
4411,20240630,3,124,73,150.61,10994.53,5,0
4412,20250930,1,82,75,335.4,25155.0,11,0
4413,20250630,2,103,55,154.84,8516.2,12,0
4414,20250430,1,76,0,287.01,0.0,12,1
4415,20250531,3,104,59,76.7,4525.3,5,0
4416,20240430,1,4,52,155.56,8089.12,11,0
4417,20250630,3,157,35,25.21,882.35,5,0
4418,20250131,3,168,35,229.43,8030.05,5,0
4419,20240531,2,1,36,182.3,6562.8,8,0
4420,20240630,3,28,89,140.77,12528.53,6,0
4421,20251031,2,170,35,16.95,593.25,12,0
4422,20250430,1,5,68,208.35,14167.8,13,0
4423,20250831,1,135,0,40.73,0.0,15,1
4424,20241231,2,58,1,146.46,146.46,17,1
4425,20251031,1,107,3,150.54,451.62,14,1
4426,20240630,1,170,33,16.6,547.8,12,0
4427,20250930,1,34,8,182.99,1463.92,13,1
4428,20240229,3,17,8,307.26,2458.08,6,0
4429,20240229,2,108,3,166.46,499.38,13,1
4430,20250930,2,99,55,346.57,19061.35,11,0
4431,20251130,1,177,18,215.66,3881.88,12,0
4432,20250531,2,101,10,75.83,758.3,12,1
4433,20241231,2,101,0,62.94,0.0,12,1
4434,20241231,1,20,8,32.44,259.52,16,1
4435,20241130,3,72,75,196.62,14746.5,5,0
4436,20240331,1,43,74,294.1,21763.4,15,0
4437,20250831,1,35,97,30.63,2971.11,19,0
4438,20240930,3,132,99,125.81,12455.19,6,0
4439,20250630,1,101,5,75.83,379.15,12,1
4440,20250930,3,116,0,60.17,0.0,7,1
4441,20240331,2,118,11,336.11,3697.21,12,1
4442,20240831,3,75,76,59.74,4540.24,5,0
4443,20240229,1,50,24,291.69,7000.56,19,0
4444,20240331,3,111,20,145.84,2916.8,5,0
4445,20250331,1,129,29,46.45,1347.05,20,0
4446,20250831,1,94,61,124.3,7582.3,12,0
4447,20250131,3,172,25,221.22,5530.5,5,0
4448,20240131,1,142,12,98.85,1186.2,11,0
4449,20240430,3,16,56,219.41,12286.96,4,0
4450,20251031,3,82,70,335.4,23478.0,4,0
4451,20250630,3,89,1,189.92,189.92,5,1
4452,20240731,3,153,20,113.61,2272.2,4,0
4453,20250228,2,32,19,347.11,6595.09,12,0
4454,20240131,3,27,19,249.72,4744.68,6,0
4455,20240131,1,163,29,294.58,8542.82,11,0
4456,20240331,2,180,29,93.34,2706.86,14,0
4457,20250228,2,146,6,225.52,1353.12,14,1
4458,20240331,1,132,18,125.81,2264.58,14,0
4459,20240731,3,71,8,301.72,2413.76,7,0
4460,20240131,1,24,15,185.46,2781.9,12,0
4461,20250228,2,3,4,192.57,770.28,10,1
4462,20250531,2,123,57,132.28,7539.96,13,0
4463,20240430,2,149,12,108.85,1306.2,17,1
4464,20250430,3,17,99,313.71,31057.29,6,0
4465,20240531,2,68,20,284.28,5685.6,12,0
4466,20250430,3,76,9,287.01,2583.09,5,0
4467,20251130,1,18,0,247.17,0.0,6,1
4468,20251031,3,140,69,41.26,2846.94,5,0
4469,20250831,2,97,49,253.06,12399.94,11,0
4470,20240630,1,142,3,98.85,296.55,11,1
4471,20250531,1,11,57,294.52,16787.64,9,0
4472,20240630,1,92,27,140.04,3781.08,15,0
4473,20240131,1,121,13,43.73,568.49,10,0
4474,20251031,3,126,20,133.03,2660.6,5,0
4475,20250131,2,25,11,149.35,1642.85,9,0
4476,20250131,1,138,12,88.19,1058.28,14,1
4477,20251031,3,63,24,247.24,5933.76,9,0
4478,20240229,2,2,2,292.58,585.16,7,1
4479,20250331,2,156,3,164.64,493.92,11,1
4480,20251130,2,84,58,375.89,21801.62,12,0
4481,20241130,2,156,53,161.25,8546.25,11,0
4482,20240630,3,75,17,59.74,1015.58,5,0
4483,20240131,2,181,24,305.97,7343.28,17,0
4484,20240331,1,56,90,287.11,25839.9,19,0
4485,20250228,3,133,20,62.95,1259.0,7,0
4486,20241130,3,179,25,226.59,5664.75,5,0
4487,20251130,2,109,9,310.2,2791.8,10,1
4488,20250228,1,59,20,331.76,6635.2,16,0
4489,20240430,3,149,32,108.85,3483.2,7,0
4490,20250131,2,39,14,122.17,1710.38,18,1
4491,20241231,1,162,44,66.97,2946.68,14,0
4492,20240531,3,137,16,25.06,400.96,5,0
4493,20241031,1,129,140,45.49,6368.6,20,0
4494,20241231,2,41,2,159.88,319.76,15,1
4495,20240630,2,68,5,284.28,1421.4,12,1
4496,20240930,1,76,74,281.11,20802.14,12,0
4497,20250731,1,140,12,41.26,495.12,12,0
4498,20240331,2,97,18,210.05,3780.9,11,0
4499,20250331,2,84,12,318.55,3822.6,12,0
4500,20250831,1,32,16,409.59,6553.44,13,0
4501,20250430,3,122,70,212.67,14886.9,4,0
4502,20250630,2,44,70,199.55,13968.5,16,0
4503,20240630,1,158,26,180.81,4701.06,16,0
4504,20250531,1,157,43,25.21,1084.03,13,0
4505,20241231,3,130,88,317.23,27916.24,6,0
4506,20250731,1,132,5,128.45,642.25,14,1
4507,20240831,3,63,140,242.15,33901.0,9,0
4508,20250331,2,54,70,262.94,18405.8,16,0
4509,20240831,3,66,68,199.26,13549.68,4,0
4510,20240531,2,34,66,151.89,10024.74,12,0
4511,20250731,3,167,41,209.73,8598.93,5,0
4512,20240131,3,145,18,108.83,1958.94,7,0
4513,20250831,3,145,9,111.12,1000.08,7,0
4514,20250331,3,176,29,328.78,9534.62,7,0
4515,20251130,2,134,42,61.77,2594.34,10,0
4516,20240531,1,82,27,278.39,7516.53,11,0
4517,20251031,1,144,70,98.33,6883.1,15,0
4518,20240831,1,162,40,66.97,2678.8,14,0
4519,20240229,3,8,8,128.94,1031.52,4,0
4520,20250930,2,56,23,293.14,6742.22,18,0
4521,20240430,1,181,45,305.97,13768.65,18,0
4522,20250731,1,141,0,314.24,0.0,10,1
4523,20250131,3,46,55,315.4,17347.0,7,0
4524,20250430,1,152,15,271.4,4071.0,10,0
4525,20250731,1,87,0,215.66,0.0,15,1
4526,20250930,1,141,65,314.24,20425.6,10,0
4527,20251130,3,38,20,319.94,6398.8,9,0
4528,20240229,2,153,7,113.61,795.27,10,1
4529,20241031,3,88,47,335.85,15784.95,4,0
4530,20241130,1,61,34,75.23,2557.82,18,0
4531,20250228,1,21,16,205.78,3292.48,12,0
4532,20240831,2,27,10,249.72,2497.2,14,1
4533,20250531,1,116,85,60.17,5114.45,16,0
4534,20241231,3,103,26,151.66,3943.16,5,0
4535,20251130,2,65,60,155.19,9311.4,12,0
4536,20251031,3,134,81,61.77,5003.37,4,0
4537,20240131,3,43,4,294.1,1176.4,6,1
4538,20250228,3,117,9,100.34,903.06,4,0
4539,20250228,3,104,14,76.7,1073.8,5,0
4540,20240331,2,72,8,196.62,1572.96,12,1
4541,20250228,2,42,18,267.02,4806.36,22,1
4542,20250228,2,179,18,231.35,4164.3,12,0
4543,20241231,2,53,7,176.84,1237.88,19,1
4544,20251031,3,94,76,124.3,9446.8,5,0
4545,20250531,2,57,65,23.2,1508.0,16,0
4546,20251130,2,14,18,27.18,489.24,14,0
4547,20240531,1,145,7,108.83,761.81,16,1
4548,20250831,1,25,18,149.35,2688.3,9,0
4549,20250630,1,102,20,260.69,5213.8,10,0
4550,20240331,3,167,41,205.42,8422.22,5,0
4551,20250331,1,94,15,124.3,1864.5,12,0
4552,20240131,2,90,5,57.58,287.9,11,1
4553,20250131,3,48,31,33.51,1038.81,7,0
4554,20251031,1,170,15,16.95,254.25,12,0
4555,20250731,1,106,4,340.08,1360.32,14,1
4556,20240331,2,137,1,25.06,25.06,13,1
4557,20250630,3,88,12,404.63,4855.56,4,0
4558,20250331,1,46,84,315.4,26493.6,17,0
4559,20250731,3,33,90,113.22,10189.8,6,0
4560,20241231,1,3,0,188.61,0.0,11,1
4561,20240630,2,97,8,210.05,1680.4,11,1
4562,20241130,2,111,17,145.84,2479.28,11,0
4563,20250930,3,107,0,150.54,0.0,6,1
4564,20241031,1,113,7,276.01,1932.07,10,1
4565,20241031,3,83,73,157.14,11471.22,4,0
4566,20250731,2,76,15,338.68,5080.2,11,0
4567,20250430,3,83,2,160.44,320.88,4,1
4568,20251031,3,29,5,243.45,1217.25,4,0
4569,20250430,1,55,91,213.75,19451.25,16,0
4570,20240331,3,60,133,241.9,32172.7,7,0
4571,20250630,3,67,29,28.64,830.56,6,0
4572,20250630,1,146,28,225.52,6314.56,14,0
4573,20240930,3,168,36,224.71,8089.56,5,0
4574,20250331,2,65,20,131.52,2630.4,12,0
4575,20240630,2,160,12,40.71,488.52,14,1
4576,20250831,2,153,0,116.0,0.0,10,1
4577,20241130,2,51,10,78.12,781.2,17,1
4578,20250430,3,161,33,64.16,2117.28,6,0
4579,20250930,2,53,7,180.55,1263.85,19,1
4580,20240630,2,84,0,312.0,0.0,12,1
4581,20240731,2,56,84,287.11,24117.24,18,0
4582,20240831,2,57,81,19.26,1560.06,16,0
4583,20240229,2,29,11,238.44,2622.84,10,0
4584,20250930,1,175,23,96.85,2227.55,17,0
4585,20241130,2,6,17,178.72,3038.24,10,0
4586,20240630,2,21,56,201.55,11286.8,11,0
4587,20240630,3,132,16,125.81,2012.96,6,0
4588,20251031,1,21,6,242.82,1456.92,12,1
4589,20240630,1,65,15,128.81,1932.15,12,0
4590,20250930,1,37,0,16.65,0.0,22,1
4591,20250531,1,3,49,227.23,11134.27,11,0
4592,20250131,2,153,15,116.0,1740.0,10,0
4593,20240229,2,20,14,32.44,454.16,15,1
4594,20250430,2,164,16,100.45,1607.2,10,0
4595,20240531,1,151,0,90.35,0.0,10,1
4596,20240430,1,154,0,323.13,0.0,13,1
4597,20251130,1,81,55,364.83,20065.65,13,0
4598,20250930,3,163,20,300.77,6015.4,4,0
4599,20250228,1,170,27,16.95,457.65,12,0
4600,20240131,1,165,6,105.7,634.2,12,1
4601,20241031,2,92,72,140.04,10082.88,14,0
4602,20251031,2,55,10,213.75,2137.5,15,1
4603,20250630,2,8,42,155.34,6524.28,9,0
4604,20250531,1,28,64,143.73,9198.72,14,0
4605,20251130,3,28,12,143.73,1724.76,6,0
4606,20240131,1,73,15,255.0,3825.0,14,0
4607,20250331,1,5,10,208.35,2083.5,13,1
4608,20251031,2,113,19,281.81,5354.39,9,0
4609,20240430,1,52,87,179.27,15596.49,17,0
4610,20250131,2,118,8,343.17,2745.36,12,1
4611,20240831,3,57,99,19.26,1906.74,7,0
4612,20240731,2,115,1,46.26,46.26,11,1
4613,20240930,3,80,80,173.12,13849.6,5,0
4614,20240731,1,117,10,98.28,982.8,10,0
4615,20240331,2,146,15,220.88,3313.2,14,0
4616,20250331,2,173,17,212.35,3609.95,15,0
4617,20241130,1,163,23,294.58,6775.34,11,0
4618,20240531,1,71,28,301.72,8448.16,16,0
4619,20240831,2,47,75,70.06,5254.5,14,0
4620,20250531,2,6,50,182.47,9123.5,10,0
4621,20240831,3,126,22,130.29,2866.38,5,0
4622,20250630,2,84,17,375.89,6390.13,12,0
4623,20240331,1,158,33,180.81,5966.73,16,0
4624,20240331,1,178,29,116.97,3392.13,17,0
4625,20250630,1,156,2,164.64,329.28,12,1
4626,20240229,1,119,6,58.44,350.64,11,1
4627,20240131,1,147,13,339.78,4417.14,10,0
4628,20240131,1,21,16,201.55,3224.8,12,0
4629,20250331,2,38,96,319.94,30714.24,20,0
4630,20250430,1,172,17,221.22,3760.74,13,0
4631,20250531,1,6,50,182.47,9123.5,11,0
4632,20250131,3,133,16,62.95,1007.2,7,0
4633,20240331,2,89,8,157.64,1261.12,11,1
4634,20240430,1,160,37,40.71,1506.27,15,0
4635,20250731,1,15,84,325.38,27331.92,14,0
4636,20241031,2,137,69,25.06,1729.14,13,0
4637,20250831,3,41,94,163.24,15344.56,7,0
4638,20250531,3,145,34,111.12,3778.08,7,0
4639,20250831,1,46,112,372.17,41683.04,17,0
4640,20240831,3,78,62,197.64,12253.68,4,0
4641,20251231,2,108,7,169.96,1189.72,13,1
4642,20240531,2,103,65,151.66,9857.9,12,0
4643,20250331,3,134,1,61.77,61.77,4,1
4644,20250930,3,66,50,240.06,12003.0,4,0
4645,20250430,1,89,9,160.95,1448.55,12,1
4646,20250630,2,126,49,133.03,6518.47,12,0
4647,20240630,3,150,21,339.92,7138.32,6,0
4648,20251231,1,55,16,213.75,3420.0,16,0
4649,20250531,2,167,26,209.73,5452.98,12,0
4650,20240131,1,54,17,257.53,4378.01,17,0
4651,20251031,1,115,11,47.23,519.53,11,0
4652,20250131,1,37,18,16.65,299.7,22,1
4653,20250630,1,143,5,220.45,1102.25,13,1
4654,20241031,3,71,108,301.72,32585.76,7,0
4655,20250731,1,1,53,219.63,11640.39,9,0
4656,20240430,1,127,17,170.72,2902.24,15,0
4657,20240630,1,91,0,279.07,0.0,11,1
4658,20241031,1,102,58,255.33,14809.14,10,0
4659,20250531,1,88,23,404.63,9306.49,9,0
4660,20250531,1,172,40,221.22,8848.8,13,0
4661,20240531,3,176,44,322.02,14168.88,7,0
4662,20240131,3,143,17,215.92,3670.64,5,0
4663,20250331,3,121,16,44.65,714.4,4,0
4664,20250228,2,165,20,107.92,2158.4,12,0
4665,20250731,1,110,3,182.67,548.01,12,1
4666,20240930,1,118,5,336.11,1680.55,13,1
4667,20241231,1,174,32,165.53,5296.96,13,0
4668,20240731,2,3,42,188.61,7921.62,10,0
4669,20250228,2,95,8,54.77,438.16,7,0
4670,20250228,2,137,12,25.59,307.08,13,1
4671,20240331,1,108,11,166.46,1831.06,14,1
4672,20240831,1,73,67,255.0,17085.0,14,0
4673,20241130,1,20,8,32.44,259.52,16,1
4674,20240331,3,172,30,216.67,6500.1,5,0
4675,20240731,3,97,12,210.05,2520.6,5,0
4676,20250731,2,136,12,112.45,1349.4,12,0
4677,20240131,2,47,15,70.06,1050.9,14,0
4678,20251031,1,178,31,119.43,3702.33,17,0
4679,20250430,1,114,64,152.73,9774.72,12,0
4680,20240930,3,156,82,161.25,13222.5,5,0
4681,20240930,1,179,27,226.59,6117.93,12,0
4682,20250331,1,67,21,24.27,509.67,14,0
4683,20250228,1,70,15,40.72,610.8,10,0
4684,20240731,2,153,13,113.61,1476.93,10,0
4685,20250228,1,75,0,60.99,0.0,13,1
4686,20250930,2,175,25,96.85,2421.25,16,0
4687,20250831,3,181,43,312.4,13433.2,8,0
4688,20250331,1,60,85,246.98,20993.3,17,0
4689,20250731,2,123,7,132.28,925.96,13,1
4690,20240229,3,33,19,110.89,2106.91,6,0
4691,20251231,2,73,9,307.22,2764.98,13,1
4692,20240131,1,29,0,238.44,0.0,10,1
4693,20250331,1,2,1,298.72,298.72,7,1
4694,20250430,1,90,3,58.79,176.37,12,1
4695,20250531,1,136,9,112.45,1012.05,12,1
4696,20240930,1,15,12,318.69,3824.28,14,1
4697,20250531,3,78,13,238.11,3095.43,4,0
4698,20240731,2,21,48,201.55,9674.4,11,0
4699,20240131,1,41,9,159.88,1438.92,16,1
4700,20241231,2,154,57,323.13,18418.41,12,0
4701,20250131,3,67,26,24.27,631.02,6,0
4702,20240229,3,40,24,268.77,6450.48,7,0
4703,20250630,1,56,83,293.14,24330.62,19,0
4704,20240731,2,116,9,58.93,530.37,16,1
4705,20250430,1,122,55,212.67,11696.85,11,0
4706,20251231,2,165,30,107.92,3237.6,12,0
4707,20240531,2,144,17,96.31,1637.27,14,0
4708,20241031,3,72,79,196.62,15532.98,5,0
4709,20250228,1,103,13,154.84,2012.92,13,0
4710,20250630,1,172,20,221.22,4424.4,13,0
4711,20250430,1,121,59,44.65,2634.35,10,0
4712,20250731,3,126,21,133.03,2793.63,5,0
4713,20250930,2,84,56,375.89,21049.84,12,0
4714,20250731,1,98,24,309.76,7434.24,15,0
4715,20240531,1,177,26,211.22,5491.72,12,0
4716,20250930,1,154,74,329.92,24414.08,13,0
4717,20250630,2,70,6,48.05,288.3,10,1
4718,20240831,3,102,69,255.33,17617.77,4,0
4719,20240430,1,158,23,180.81,4158.63,16,0
4720,20240331,1,99,3,287.66,862.98,12,1
4721,20250430,2,129,1,46.45,46.45,19,1
4722,20240831,1,33,0,110.89,0.0,14,1
4723,20240531,2,21,55,201.55,11085.25,11,0
4724,20240229,1,181,42,305.97,12850.74,18,0
4725,20240731,1,65,9,128.81,1159.29,12,1
4726,20240930,1,159,38,166.16,6314.08,20,0
4727,20250430,2,146,15,225.52,3382.8,14,0
4728,20240930,3,48,22,32.82,722.04,7,0
4729,20241031,2,43,3,294.1,882.3,14,1
4730,20251031,1,149,99,111.14,11002.86,18,0
4731,20241231,1,111,8,145.84,1166.72,12,1
4732,20240430,3,124,72,150.61,10843.92,5,0
4733,20251031,1,133,70,62.95,4406.5,16,0
4734,20250131,1,99,11,293.7,3230.7,12,1
4735,20250531,2,10,53,88.91,4712.23,11,0
4736,20250930,1,5,17,208.35,3541.95,13,0
4737,20250131,2,123,7,132.28,925.96,13,1
4738,20250430,1,59,93,331.76,30853.68,16,0
4739,20251231,2,162,25,68.38,1709.5,14,0
4740,20251130,1,40,6,274.41,1646.46,18,1
4741,20251031,2,80,50,208.57,10428.5,11,0
4742,20240531,1,12,62,68.19,4227.78,11,0
4743,20240229,1,7,15,55.96,839.4,10,0
4744,20250131,1,113,6,281.81,1690.86,10,1
4745,20250331,1,59,81,331.76,26872.56,16,0
4746,20250930,2,176,22,328.78,7233.16,16,0
4747,20250630,1,160,26,41.56,1080.56,15,0
4748,20240630,1,166,38,212.88,8089.44,13,0
4749,20240229,3,166,27,212.88,5747.76,5,0
4750,20241130,2,17,2,307.26,614.52,13,1
4751,20250430,3,66,2,203.44,406.88,4,1
4752,20251231,2,103,15,154.84,2322.6,12,0
4753,20240430,2,82,13,278.39,3619.07,10,0
4754,20251231,2,38,20,319.94,6398.8,20,0
4755,20240430,2,71,26,301.72,7844.72,15,0
4756,20250630,1,4,61,158.83,9688.63,11,0
4757,20250531,1,160,35,41.56,1454.6,15,0
4758,20250930,2,162,17,68.38,1162.46,14,0
4759,20241130,1,109,14,303.82,4253.48,11,0
4760,20251130,3,165,25,107.92,2698.0,5,0
4761,20250930,1,41,4,163.24,652.96,16,1
4762,20240131,1,69,13,198.5,2580.5,12,0
4763,20251130,1,131,74,37.08,2743.92,14,0
4764,20250430,1,123,75,132.28,9921.0,13,0
4765,20250831,2,40,79,274.41,21678.39,17,0
4766,20241031,1,169,27,276.47,7464.69,14,0
4767,20240930,3,47,5,70.06,350.3,6,1
4768,20250131,1,148,1,302.28,302.28,12,1
4769,20250430,1,137,14,25.59,358.26,13,0
4770,20250630,3,172,29,221.22,6415.38,5,0
4771,20251031,1,143,89,220.45,19620.05,13,0
4772,20250131,1,15,11,325.38,3579.18,14,1
4773,20240630,1,36,111,159.06,17655.66,19,0
4774,20240430,1,19,72,170.21,12255.12,12,0
4775,20240930,2,76,49,281.11,13774.39,11,0
4776,20240229,3,75,18,59.74,1075.32,5,0
4777,20250531,1,40,78,274.41,21403.98,18,0
4778,20240131,2,49,8,30.58,244.64,17,1
4779,20240630,3,116,100,58.93,5893.0,7,0
4780,20250430,1,180,31,95.3,2954.3,15,0
4781,20250228,3,157,31,25.21,781.51,5,0
4782,20250228,1,128,13,78.87,1025.31,10,0
4783,20250430,2,110,58,182.67,10594.86,12,0
4784,20240229,2,179,17,226.59,3852.03,12,0
4785,20250731,3,121,10,44.65,446.5,4,0
4786,20250331,3,78,5,201.79,1008.95,4,0
4787,20250430,1,29,52,243.45,12659.4,10,0
4788,20240131,1,30,0,98.88,0.0,11,1
4789,20250228,1,45,13,78.37,1018.81,16,1
4790,20241130,2,19,2,170.21,340.42,11,1
4791,20250331,2,31,10,300.62,3006.2,13,1
4792,20240831,1,133,12,61.66,739.92,16,1
4793,20251130,2,28,14,143.73,2012.22,13,0
4794,20250331,2,108,9,169.96,1529.64,13,1
4795,20241130,1,167,27,205.42,5546.34,13,0
4796,20250331,1,23,14,244.32,3420.48,14,0
4797,20240430,1,114,57,149.59,8526.63,12,0
4798,20240831,1,103,7,151.66,1061.62,13,1
4799,20241130,2,161,38,62.84,2387.92,13,0
4800,20250430,1,8,44,131.65,5792.6,10,0
4801,20241231,2,39,19,119.66,2273.54,18,0
4802,20251130,3,9,20,67.67,1353.4,3,0
4803,20240930,2,158,30,180.81,5424.3,15,0
4804,20240229,1,133,10,61.66,616.6,16,1
4805,20251231,2,157,22,25.21,554.62,12,0
4806,20250131,3,153,21,116.0,2436.0,4,0
4807,20251031,3,66,61,240.06,14643.66,4,0
4808,20250630,1,115,62,47.23,2928.26,11,0
4809,20250831,3,103,0,154.84,0.0,5,1
4810,20250531,1,144,1,98.33,98.33,15,1
4811,20250331,1,53,128,180.55,23110.4,20,0
4812,20251031,3,5,9,208.35,1875.15,5,0
4813,20240731,1,164,22,98.38,2164.36,11,0
4814,20251130,3,117,8,100.34,802.72,4,0
4815,20250630,3,149,0,111.14,0.0,7,1
4816,20240131,3,117,16,98.28,1572.48,4,0
4817,20240831,1,87,90,211.22,19009.8,15,0
4818,20241231,1,76,11,281.11,3092.21,12,1
4819,20251031,1,76,61,338.68,20659.48,12,0
4820,20250531,3,65,12,155.19,1862.28,5,0
4821,20250930,1,54,26,262.94,6836.44,17,0
4822,20240229,1,158,11,180.81,1988.91,16,1
4823,20241231,1,180,40,93.34,3733.6,15,0
4824,20241031,2,69,59,198.5,11711.5,11,0
4825,20240131,3,108,5,166.46,832.3,6,1
4826,20250531,1,4,52,158.83,8259.16,11,0
4827,20240630,2,19,44,170.21,7489.24,11,0
4828,20240930,1,143,76,215.92,16409.92,13,0
4829,20240831,2,106,11,333.09,3663.99,13,1
4830,20251130,1,93,58,159.25,9236.5,10,0
4831,20250831,2,165,21,107.92,2266.32,12,0
4832,20240331,1,15,19,318.69,6055.11,14,0
4833,20250930,2,117,8,100.34,802.72,10,1
4834,20251130,1,6,10,182.47,1824.7,11,1
4835,20241130,2,38,13,313.36,4073.68,20,1
4836,20250228,1,111,15,148.9,2233.5,12,0
4837,20250430,1,103,60,154.84,9290.4,13,0
4838,20241231,3,83,1,157.14,157.14,4,1
4839,20240930,1,105,17,166.12,2824.04,12,0
4840,20250131,1,18,2,247.17,494.34,6,1
4841,20240731,2,154,20,323.13,6462.6,12,0
4842,20240930,3,41,15,159.88,2398.2,7,0
4843,20240229,1,175,18,94.86,1707.48,17,0
4844,20250531,1,169,26,282.28,7339.28,14,0
4845,20250131,2,101,6,64.26,385.56,12,1
4846,20250430,1,155,19,329.15,6253.85,17,0
4847,20250930,3,29,1,243.45,243.45,4,1
4848,20251031,2,19,19,205.07,3896.33,11,0
4849,20241031,2,48,11,32.82,361.02,15,1
4850,20250831,2,92,74,168.72,12485.28,14,0
4851,20240831,1,105,27,166.12,4485.24,12,0
4852,20250228,1,104,10,76.7,767.0,11,1
4853,20241130,1,7,0,55.96,0.0,10,1
4854,20250531,2,149,5,111.14,555.7,17,1
4855,20250630,2,46,61,372.17,22702.37,17,0
4856,20250930,3,8,18,155.34,2796.12,4,0
4857,20241031,2,70,42,39.88,1674.96,10,0
4858,20250831,1,120,16,186.72,2987.52,12,0
4859,20251130,3,55,1,213.75,213.75,7,1
4860,20250131,1,107,0,150.54,0.0,14,1
4861,20240831,1,76,63,281.11,17709.93,12,0
4862,20250331,1,62,82,114.9,9421.8,17,0
4863,20250930,3,19,13,205.07,2665.91,5,0
4864,20240630,2,180,31,93.34,2893.54,14,0
4865,20250131,1,82,23,284.24,6537.52,11,0
4866,20250531,3,161,42,64.16,2694.72,6,0
4867,20250930,2,92,65,168.72,10966.8,14,0
4868,20250531,3,57,117,23.2,2714.4,7,0
4869,20250930,3,78,65,238.11,15477.15,4,0
4870,20240630,3,72,14,196.62,2752.68,5,0
4871,20240930,2,28,0,140.77,0.0,13,1
4872,20240430,2,2,33,292.58,9655.14,7,0
4873,20250430,1,112,66,67.02,4423.32,13,0
4874,20250630,1,117,50,100.34,5017.0,10,0
4875,20251130,1,91,59,336.22,19836.98,11,0
4876,20251031,1,40,19,274.41,5213.79,18,0
4877,20240630,1,112,60,65.64,3938.4,13,0
4878,20240531,1,67,4,23.77,95.08,14,1
4879,20250430,3,71,5,308.06,1540.3,7,1
4880,20240630,3,52,97,179.27,17389.19,7,0
4881,20251231,3,86,3,97.25,291.75,5,1
4882,20250731,1,83,6,189.32,1135.92,11,1
4883,20240331,3,74,24,108.27,2598.48,5,0
4884,20250228,1,160,27,41.56,1122.12,15,0
4885,20250531,1,124,78,153.77,11994.06,12,0
4886,20240131,2,109,12,303.82,3645.84,10,0
4887,20241130,2,153,59,113.61,6702.99,10,0
4888,20250531,1,90,0,69.37,0.0,12,1
4889,20250630,1,33,82,113.22,9284.04,14,0
4890,20240831,1,78,60,197.64,11858.4,9,0
4891,20240930,1,22,3,247.74,743.22,8,1
4892,20250630,2,139,33,203.11,6702.63,16,0
4893,20251231,3,176,55,328.78,18082.9,7,0
4894,20250930,3,54,16,262.94,4207.04,7,0
4895,20250630,3,122,73,212.67,15524.91,4,0
4896,20251231,2,85,10,49.28,492.8,9,0
4897,20251031,2,160,27,41.56,1122.12,14,0
4898,20250731,2,135,0,40.73,0.0,14,1
4899,20251130,1,33,9,113.22,1018.98,14,1
4900,20240331,2,82,13,278.39,3619.07,10,0
4901,20250630,1,45,94,78.37,7366.78,16,0
4902,20240630,3,9,60,66.28,3976.8,3,0
4903,20250331,2,129,12,46.45,557.4,19,1
4904,20241130,3,21,14,201.55,2821.7,5,0
4905,20251231,2,116,21,60.17,1263.57,16,0
4906,20250228,2,27,27,254.96,6883.92,14,0
4907,20250831,3,86,83,97.25,8071.75,5,0
4908,20241231,2,25,13,146.28,1901.64,9,0
4909,20250930,2,69,54,239.15,12914.1,11,0
4910,20250430,1,22,39,252.94,9864.66,8,0
4911,20250131,3,26,18,246.82,4442.76,4,0
4912,20250531,1,138,9,88.19,793.71,14,1
4913,20250430,2,172,33,221.22,7300.26,12,0
4914,20240430,2,139,4,198.93,795.72,16,1
4915,20241130,3,71,99,301.72,29870.28,7,0
4916,20250731,3,112,12,67.02,804.24,5,0
4917,20240531,1,31,65,294.44,19138.6,14,0
4918,20240630,2,168,26,224.71,5842.46,12,0
4919,20240229,1,54,20,257.53,5150.6,17,0
4920,20250731,3,76,18,338.68,6096.24,5,0
4921,20251130,3,121,8,44.65,357.2,4,0
4922,20240930,1,27,22,249.72,5493.84,14,0
4923,20250831,2,2,0,298.72,0.0,7,1
4924,20241130,2,41,5,159.88,799.4,15,1
4925,20251031,3,136,66,112.45,7421.7,5,0
4926,20240731,1,140,0,40.41,0.0,12,1
4927,20250731,2,129,28,46.45,1300.6,19,0
4928,20250831,3,118,1,343.17,343.17,5,1
4929,20250731,1,178,20,119.43,2388.6,17,0
4930,20250930,2,161,31,64.16,1988.96,13,0
4931,20251031,1,108,14,169.96,2379.44,14,0
4932,20251231,2,47,20,71.53,1430.6,14,0
4933,20251031,2,23,12,244.32,2931.84,13,1
4934,20240630,3,8,66,128.94,8510.04,4,0
4935,20241130,2,48,7,32.82,229.74,15,1
4936,20240731,3,65,13,128.81,1674.53,5,0
4937,20251130,3,2,16,298.72,4779.52,3,0
4938,20250731,2,103,5,154.84,774.2,12,1
4939,20250731,2,53,73,180.55,13180.15,19,0
4940,20241231,1,149,86,108.85,9361.1,18,0
4941,20250831,1,47,82,71.53,5865.46,15,0
4942,20250831,1,49,98,31.22,3059.56,18,0
4943,20250131,3,9,11,67.67,744.37,3,0
4944,20240930,1,33,0,110.89,0.0,14,1
4945,20240831,2,167,20,205.42,4108.4,12,0
4946,20251130,2,139,85,203.11,17264.35,16,0
4947,20250131,1,131,7,37.08,259.56,14,1
4948,20240229,1,137,0,25.06,0.0,13,1
4949,20241130,2,163,21,294.58,6186.18,10,0
4950,20240930,1,122,12,208.3,2499.6,11,0
4951,20250531,2,121,37,44.65,1652.05,9,0
4952,20250630,3,126,90,133.03,11972.7,5,0
4953,20250831,1,118,13,343.17,4461.21,13,0
4954,20250630,2,157,14,25.21,352.94,12,0
4955,20251231,3,94,22,124.3,2734.6,5,0
4956,20240430,1,81,0,302.82,0.0,13,1
4957,20250731,3,66,0,240.06,0.0,4,1
4958,20240731,2,99,11,287.66,3164.26,11,0
4959,20240930,1,144,85,96.31,8186.35,15,0
4960,20250430,2,67,2,24.27,48.54,13,1
4961,20240831,2,48,61,32.82,2002.02,15,0
4962,20241130,3,26,17,241.74,4109.58,4,0
4963,20250731,2,161,30,64.16,1924.8,13,0
4964,20241231,2,123,15,129.56,1943.4,13,0
4965,20240331,3,150,36,339.92,12237.12,6,0
4966,20250831,2,90,44,69.37,3052.28,11,0
4967,20240930,1,23,15,239.29,3589.35,14,0
4968,20250430,3,75,6,60.99,365.94,5,0
4969,20240229,1,182,5,56.87,284.35,14,1
4970,20251130,1,77,61,171.09,10436.49,14,0
4971,20240930,1,5,9,204.06,1836.54,13,1
4972,20250831,1,75,57,71.97,4102.29,13,0
4973,20241031,2,103,4,151.66,606.64,12,1
4974,20240930,2,42,5,261.53,1307.65,22,1
4975,20250831,2,7,8,57.14,457.12,9,1
4976,20251130,3,71,99,363.51,35987.49,7,0
4977,20250331,1,103,13,154.84,2012.92,13,0
4978,20240531,3,89,0,157.64,0.0,5,1
4979,20250228,1,48,17,33.51,569.67,16,0
4980,20251231,2,72,17,236.88,4026.96,12,0
4981,20240531,2,19,53,170.21,9021.13,11,0
4982,20240131,2,31,2,294.44,588.88,13,1
4983,20240531,3,9,52,66.28,3446.56,3,0
4984,20250331,3,116,15,60.17,902.55,7,0
4985,20240430,2,62,78,112.54,8778.12,16,0
4986,20250228,2,120,14,186.72,2614.08,11,0
4987,20250531,2,108,65,169.96,11047.4,13,0
4988,20241130,2,152,46,265.82,12227.72,9,0
4989,20240229,2,133,13,61.66,801.58,15,1
4990,20251231,3,124,13,153.77,1999.01,5,0
4991,20240229,1,49,19,30.58,581.02,18,0
4992,20250228,1,5,19,208.35,3958.65,13,0
4993,20240531,3,127,26,170.72,4438.72,6,0
4994,20250831,1,119,2,59.67,119.34,11,1
4995,20241130,2,162,23,66.97,1540.31,14,0
4996,20250831,2,46,81,372.17,30145.77,17,0
4997,20240630,1,51,93,78.12,7265.16,18,0
4998,20241231,1,68,11,284.28,3127.08,13,1
4999,20251031,1,68,81,342.49,27741.69,13,0
5000,20241130,1,76,56,281.11,15742.16,12,0
5001,20240131,1,113,4,276.01,1104.04,10,1
5002,20240331,2,33,8,110.89,887.12,13,1
5003,20250630,1,68,11,342.49,3767.39,13,1
5004,20250630,3,51,98,79.76,7816.48,8,0
5005,20240430,2,23,59,239.29,14118.11,13,0
5006,20240430,1,12,63,68.19,4295.97,11,0
5007,20240430,1,123,57,129.56,7384.92,13,0
5008,20250831,1,96,65,205.7,13370.5,10,0
5009,20240630,3,26,73,241.74,17647.02,4,0
5010,20240131,2,82,4,278.39,1113.56,10,1
5011,20250331,1,72,9,200.75,1806.75,13,1
5012,20240831,3,176,58,322.02,18677.16,7,0
5013,20250531,1,133,22,62.95,1384.9,16,0
5014,20240430,2,69,2,198.5,397.0,11,1
5015,20250331,1,90,14,58.79,823.06,12,0
5016,20251231,1,79,0,147.87,0.0,12,1
5017,20250131,1,70,7,40.72,285.04,10,1
5018,20241130,3,66,53,199.26,10560.78,4,0
5019,20240331,3,78,3,197.64,592.92,4,1
5020,20240930,3,147,74,339.78,25143.72,4,0
5021,20251130,1,98,70,309.76,21683.2,15,0
5022,20240930,3,107,15,147.44,2211.6,6,0
5023,20240630,1,134,6,60.5,363.0,10,1
5024,20250930,1,145,88,111.12,9778.56,16,0
5025,20241031,3,5,7,204.06,1428.42,5,0
5026,20240131,1,91,23,279.07,6418.61,11,0
5027,20250531,1,61,103,76.81,7911.43,18,0
5028,20250131,3,179,36,231.35,8328.6,5,0
5029,20240731,1,141,9,307.78,2770.02,10,1
5030,20240531,1,140,12,40.41,484.92,12,0
5031,20250630,2,105,41,169.61,6954.01,11,0
5032,20250228,3,131,14,37.08,519.12,6,0
5033,20250331,1,110,31,182.67,5662.77,12,0
5034,20251231,2,172,33,221.22,7300.26,12,0
5035,20240731,1,139,24,198.93,4774.32,17,0
5036,20250930,1,51,5,79.76,398.8,18,1
5037,20251130,1,120,3,186.72,560.16,12,1
5038,20250228,2,127,13,174.31,2266.03,14,1
5039,20250131,2,73,19,260.35,4946.65,13,0
5040,20250430,1,73,15,260.35,3905.25,14,0
5041,20250131,2,172,19,221.22,4203.18,12,0
5042,20241031,1,68,59,284.28,16772.52,13,0
5043,20241031,1,172,22,216.67,4766.74,13,0
5044,20240831,2,120,20,182.88,3657.6,11,0
5045,20240531,1,65,9,128.81,1159.29,12,1
5046,20240430,2,135,2,39.89,79.78,14,1
5047,20250430,1,13,64,315.34,20181.76,12,0
5048,20240331,1,79,6,144.83,868.98,12,1
5049,20250731,2,84,4,375.89,1503.56,12,1
5050,20241031,3,89,77,157.64,12138.28,5,0
5051,20250630,1,114,77,152.73,11760.21,12,0
5052,20250930,2,105,8,169.61,1356.88,11,1
5053,20250228,2,152,14,271.4,3799.6,9,0
5054,20250131,3,28,7,143.73,1006.11,6,0
5055,20241130,2,132,67,125.81,8429.27,13,0
5056,20240331,3,157,35,24.69,864.15,5,0
5057,20251031,2,153,46,116.0,5336.0,10,0
5058,20250731,3,136,16,112.45,1799.2,5,0
5059,20250430,1,60,92,246.98,22722.16,17,0
5060,20250831,3,117,5,100.34,501.7,4,0
5061,20250228,1,159,48,169.65,8143.2,20,0
5062,20250430,3,80,18,176.76,3181.68,5,0
5063,20241130,1,100,60,306.44,18386.4,11,0
5064,20251031,2,65,41,155.19,6362.79,12,0
5065,20251231,1,29,12,243.45,2921.4,10,0
5066,20240430,2,96,0,170.74,0.0,10,1
5067,20240930,2,164,18,98.38,1770.84,10,0
5068,20250430,2,66,11,203.44,2237.84,9,0
5069,20240930,1,174,31,165.53,5131.43,13,0
5070,20241231,3,48,20,32.82,656.4,7,0
5071,20240531,1,125,63,285.25,17970.75,12,0
5072,20250831,1,136,7,112.45,787.15,12,1
5073,20250131,1,27,0,254.96,0.0,14,1
5074,20241031,3,86,71,80.72,5731.12,5,0
5075,20250531,2,20,61,33.12,2020.32,15,0
5076,20240531,3,37,120,16.31,1957.2,9,0
5077,20250630,1,145,27,111.12,3000.24,16,0
5078,20241231,2,44,9,195.45,1759.05,16,1
5079,20250331,3,145,33,111.12,3666.96,7,0
5080,20240430,2,25,33,146.28,4827.24,9,0
5081,20240930,3,8,13,128.94,1676.22,4,0
5082,20250831,2,94,62,124.3,7706.6,11,0
5083,20250131,3,78,8,201.79,1614.32,4,0
5084,20240430,2,84,8,312.0,2496.0,12,1
5085,20250228,2,176,37,328.78,12164.86,16,0
5086,20251231,2,60,13,291.44,3788.72,16,1
5087,20240531,1,173,33,207.98,6863.34,16,0
5088,20250531,1,135,2,40.73,81.46,15,1
5089,20250630,2,158,18,184.61,3322.98,15,0
5090,20240331,3,126,21,130.29,2736.09,5,0
5091,20241031,2,169,18,276.47,4976.46,13,0
5092,20240229,1,159,34,166.16,5649.44,20,0
5093,20250430,2,124,49,153.77,7534.73,12,0
5094,20250630,3,97,16,253.06,4048.96,5,0
5095,20240430,1,83,11,157.14,1728.54,11,0
5096,20241231,2,69,17,198.5,3374.5,11,0
5097,20250331,1,145,5,111.12,555.6,16,1
5098,20250831,1,81,47,364.83,17147.01,13,0
5099,20250131,1,124,7,153.77,1076.39,12,1
5100,20240531,2,124,49,150.61,7379.89,12,0
5101,20250430,3,29,73,243.45,17771.85,4,0
5102,20240630,2,29,39,238.44,9299.16,10,0
5103,20240831,3,45,103,76.76,7906.28,6,0
5104,20250630,1,18,25,247.17,6179.25,6,0
5105,20241130,1,142,60,98.85,5931.0,11,0
5106,20250831,1,170,25,16.95,423.75,12,0
5107,20251130,2,152,43,271.4,11670.2,9,0
5108,20251130,3,109,11,310.2,3412.2,4,0
5109,20250331,3,112,9,67.02,603.18,5,0
5110,20240731,1,88,9,335.85,3022.65,9,0
5111,20240630,3,134,3,60.5,181.5,4,1
5112,20250630,3,156,15,164.64,2469.6,5,0
5113,20241130,1,14,5,26.62,133.1,15,1
5114,20240331,1,175,45,94.86,4268.7,17,0
5115,20250131,3,38,15,319.94,4799.1,9,0
5116,20250930,3,5,22,208.35,4583.7,5,0
5117,20250531,2,43,64,300.28,19217.92,14,0
5118,20251031,3,117,0,100.34,0.0,4,1
5119,20240331,1,8,3,128.94,386.82,10,1
5120,20250531,1,119,77,59.67,4594.59,11,0
5121,20250131,1,158,35,184.61,6461.35,16,0
5122,20240430,3,97,8,210.05,1680.4,5,0
5123,20240229,1,164,30,98.38,2951.4,11,0
5124,20250331,3,86,28,82.42,2307.76,5,0
5125,20250531,2,82,2,335.4,670.8,10,1
5126,20241130,1,174,22,165.53,3641.66,13,0
5127,20250930,1,114,15,152.73,2290.95,12,0
5128,20241031,1,60,15,241.9,3628.5,17,1
5129,20240630,1,48,96,32.82,3150.72,16,0
5130,20251031,1,159,51,169.65,8652.15,20,0
5131,20251130,2,105,9,169.61,1526.49,11,1
5132,20250831,3,48,109,33.51,3652.59,7,0
5133,20240731,3,145,18,108.83,1958.94,7,0
5134,20250331,1,38,105,319.94,33593.7,21,0
5135,20251031,1,131,60,37.08,2224.8,14,0
5136,20250731,1,177,23,215.66,4960.18,12,0
5137,20250430,2,74,20,110.54,2210.8,12,0
5138,20250831,3,63,128,247.24,31646.72,9,0
5139,20250131,1,177,26,215.66,5607.16,12,0
5140,20240131,2,83,0,157.14,0.0,10,1
5141,20241130,3,149,110,108.85,11973.5,7,0
5142,20250531,3,40,105,274.41,28813.05,7,0
5143,20251231,2,74,5,130.44,652.2,12,1
5144,20240229,3,82,20,278.39,5567.8,4,0
5145,20240131,2,139,21,198.93,4177.53,16,0
5146,20250930,3,75,97,71.97,6981.09,5,0
5147,20241231,3,89,0,157.64,0.0,5,1
5148,20240131,2,25,1,146.28,146.28,9,1
5149,20251031,2,10,7,88.91,622.37,11,1
5150,20240131,1,117,12,98.28,1179.36,10,0
5151,20251130,1,49,29,31.22,905.38,18,0
5152,20250930,2,21,11,242.82,2671.02,11,0
5153,20240430,1,148,15,296.06,4440.9,12,0
5154,20250831,1,30,18,119.13,2144.34,11,0
5155,20250331,3,104,13,76.7,997.1,5,0
5156,20240229,1,116,33,58.93,1944.69,16,0
5157,20251130,1,108,19,169.96,3229.24,14,0
5158,20240531,2,125,53,285.25,15118.25,11,0
5159,20240229,1,152,8,265.82,2126.56,10,1
5160,20240531,2,161,28,62.84,1759.52,13,0
5161,20240731,3,167,37,205.42,7600.54,5,0
5162,20250531,1,71,8,363.51,2908.08,16,1
5163,20241130,3,162,45,66.97,3013.65,6,0
5164,20251231,1,42,20,267.02,5340.4,23,1
5165,20250331,1,14,11,27.18,298.98,15,1
5166,20241031,1,151,55,90.35,4969.25,10,0
5167,20240630,1,149,10,108.85,1088.5,18,1
5168,20250131,1,118,13,343.17,4461.21,13,0
5169,20241231,2,134,45,60.5,2722.5,10,0
5170,20241231,1,7,13,55.96,727.48,10,0
5171,20250430,1,49,89,31.22,2778.58,18,0
5172,20250831,3,9,4,67.67,270.68,3,0
5173,20240831,3,60,131,241.9,31688.9,7,0
5174,20240430,1,126,59,130.29,7687.11,12,0
5175,20240531,2,46,74,308.91,22859.34,17,0
5176,20250531,3,92,31,168.72,5230.32,6,0
5177,20250228,1,156,0,164.64,0.0,12,1
5178,20240731,2,161,14,62.84,879.76,13,0
5179,20241031,1,7,12,55.96,671.52,10,0
5180,20250430,2,54,68,262.94,17879.92,16,0
5181,20250731,1,41,70,163.24,11426.8,16,0
5182,20240630,2,170,22,16.6,365.2,12,0
5183,20241031,2,97,42,210.05,8822.1,11,0
5184,20250430,1,148,9,302.28,2720.52,12,1
5185,20250630,1,132,5,128.45,642.25,14,1
5186,20250930,3,140,81,41.26,3342.06,5,0
5187,20240930,2,29,0,238.44,0.0,10,1
5188,20250331,1,139,18,203.11,3655.98,17,0
5189,20251231,2,105,2,169.61,339.22,11,1
5190,20240229,2,178,16,116.97,1871.52,16,0
5191,20241231,3,57,14,19.26,269.64,7,0
5192,20250331,2,160,21,41.56,872.76,14,0
5193,20250331,2,94,13,124.3,1615.9,11,0
5194,20240430,3,72,14,196.62,2752.68,5,0
5195,20240731,3,67,12,23.77,285.24,6,0
5196,20241231,1,12,14,68.19,954.66,11,0
5197,20250731,2,142,10,100.93,1009.3,10,0
5198,20240331,3,92,15,140.04,2100.6,6,0
5199,20241031,1,128,58,77.25,4480.5,10,0
5200,20250131,3,148,24,302.28,7254.72,5,0
5201,20251130,2,34,23,182.99,4208.77,12,0
5202,20251031,2,126,4,133.03,532.12,12,1
5203,20250331,2,73,10,260.35,2603.5,13,1
5204,20250331,1,48,91,33.51,3049.41,16,0
5205,20241031,3,67,107,23.77,2543.39,6,0
5206,20240430,3,52,110,179.27,19719.7,7,0
5207,20250228,2,84,14,318.55,4459.7,12,0
5208,20240430,3,108,83,166.46,13816.18,6,0
5209,20240831,2,165,17,105.7,1796.9,12,0
5210,20240331,1,83,11,157.14,1728.54,11,0
5211,20240131,1,7,14,55.96,783.44,10,0
5212,20240430,1,142,6,98.85,593.1,11,1
5213,20241231,1,67,16,23.77,380.32,14,0
5214,20250430,2,113,33,281.81,9299.73,9,0
5215,20240229,2,37,10,16.31,163.1,21,1
5216,20240630,2,138,2,86.38,172.76,13,1
5217,20251130,1,166,36,217.35,7824.6,13,0
5218,20241130,2,31,19,294.44,5594.36,13,0
5219,20251031,2,99,62,346.57,21487.34,11,0
5220,20240630,1,71,29,301.72,8749.88,16,0
5221,20250331,2,49,65,31.22,2029.3,17,0
5222,20240630,1,62,96,112.54,10803.84,17,0
5223,20240229,3,162,27,66.97,1808.19,6,0
5224,20250630,1,130,19,323.89,6153.91,14,0
5225,20240630,3,139,28,198.93,5570.04,7,0
5226,20240831,2,97,47,210.05,9872.35,11,0
5227,20250228,3,99,15,293.7,4405.5,5,0
5228,20250731,2,148,14,302.28,4231.92,11,0
5229,20240630,1,99,8,287.66,2301.28,12,1
5230,20240430,3,132,25,125.81,3145.25,6,0
5231,20250731,1,95,11,64.62,710.82,8,0
5232,20251130,2,165,17,107.92,1834.64,12,0
5233,20250331,3,61,126,76.81,9678.06,7,0
5234,20240331,2,39,102,119.66,12205.32,18,0
5235,20250930,2,153,49,116.0,5684.0,10,0
5236,20251130,2,173,23,212.35,4884.05,15,0
5237,20250831,3,45,99,78.37,7758.63,6,0
5238,20240430,1,152,10,265.82,2658.2,10,0
5239,20250228,2,51,19,79.76,1515.44,17,0
5240,20250630,1,119,61,59.67,3639.87,11,0
5241,20240229,1,122,24,208.3,4999.2,11,0
5242,20250630,2,24,40,189.35,7574.0,12,0
5243,20240131,1,53,13,176.84,2298.92,20,1
5244,20241130,1,31,10,294.44,2944.4,14,1
5245,20251231,2,4,0,158.83,0.0,10,1
5246,20251231,1,112,20,67.02,1340.4,13,0
5247,20240831,1,29,16,238.44,3815.04,10,0
5248,20250430,2,42,107,267.02,28571.14,22,0
5249,20241130,2,113,0,276.01,0.0,9,1
5250,20250630,1,116,81,60.17,4873.77,16,0
5251,20250930,2,97,51,253.06,12906.06,11,0
5252,20251130,1,153,67,116.0,7772.0,11,0
5253,20250731,1,47,86,71.53,6151.58,15,0
5254,20251031,3,67,68,28.64,1947.52,6,0
5255,20250630,2,53,113,180.55,20402.15,19,0
5256,20240331,3,48,91,32.82,2986.62,7,0
5257,20240930,1,180,23,93.34,2146.82,15,0
5258,20240229,3,47,10,70.06,700.6,6,0
5259,20240630,2,120,55,182.88,10058.4,11,0
5260,20250731,1,161,19,64.16,1219.04,14,0
5261,20240731,2,69,9,198.5,1786.5,11,1
5262,20241130,2,116,19,58.93,1119.67,16,0
5263,20241231,3,147,50,339.78,16989.0,4,0
5264,20250430,1,120,52,186.72,9709.44,12,0
5265,20241031,1,48,22,32.82,722.04,16,0
5266,20251130,2,154,61,329.92,20125.12,12,0
5267,20240630,1,147,11,339.78,3737.58,10,0
5268,20250228,1,166,23,217.35,4999.05,13,0
5269,20240331,3,45,129,76.76,9902.04,6,0
5270,20251031,2,43,25,300.28,7507.0,14,0
5271,20240531,1,26,49,241.74,11845.26,11,0
5272,20240630,3,120,69,182.88,12618.72,5,0
5273,20241031,3,150,92,339.92,31272.64,6,0
5274,20241130,2,118,12,336.11,4033.32,12,0
5275,20250831,2,116,8,60.17,481.36,16,1
5276,20240331,3,21,19,201.55,3829.45,5,0
5277,20240930,2,68,57,284.28,16203.96,12,0
5278,20241031,2,25,5,146.28,731.4,9,1
5279,20240831,1,131,4,36.32,145.28,14,1
5280,20240630,2,136,16,110.14,1762.24,12,0
5281,20251130,2,172,18,221.22,3981.96,12,0
5282,20240331,2,10,9,87.08,783.72,11,1
5283,20250131,2,6,2,182.47,364.94,10,1
5284,20240831,3,16,4,219.41,877.64,4,0
5285,20240930,1,86,59,80.72,4762.48,12,0
5286,20251231,3,33,16,113.22,1811.52,6,0
5287,20240229,1,140,3,40.41,121.23,12,1
5288,20251130,3,67,83,28.64,2377.12,6,0
5289,20251130,1,43,11,300.28,3303.08,15,1
5290,20251031,1,102,64,260.69,16684.16,10,0
5291,20241130,1,175,40,94.86,3794.4,17,0
5292,20250831,1,155,36,329.15,11849.4,17,0
5293,20240831,1,134,3,60.5,181.5,10,1
5294,20251031,2,128,47,78.87,3706.89,10,0
5295,20240831,3,157,11,24.69,271.59,5,0
5296,20250831,1,173,29,212.35,6158.15,16,0
5297,20241130,1,128,51,77.25,3939.75,10,0
5298,20240430,2,160,27,40.71,1099.17,14,0
5299,20240131,1,103,8,151.66,1213.28,13,1
5300,20241031,1,29,11,238.44,2622.84,10,0
5301,20250930,2,20,23,33.12,761.76,15,0
5302,20250531,2,54,82,262.94,21561.08,16,0
5303,20250228,3,167,31,209.73,6501.63,5,0
5304,20240930,1,28,16,140.77,2252.32,14,0
5305,20240331,2,83,6,157.14,942.84,10,1
5306,20250731,1,31,79,300.62,23748.98,14,0
5307,20240331,2,65,11,128.81,1416.91,12,1
5308,20241031,3,133,96,61.66,5919.36,7,0
5309,20240531,3,76,15,281.11,4216.65,5,0
5310,20240131,2,161,19,62.84,1193.96,13,0
5311,20251231,3,141,75,314.24,23568.0,4,0
5312,20251031,1,5,40,208.35,8334.0,13,0
5313,20240131,3,40,38,268.77,10213.26,7,0
5314,20240831,2,1,12,182.3,2187.6,8,0
5315,20240531,3,45,115,76.76,8827.4,6,0
5316,20241130,2,65,49,128.81,6311.69,12,0
5317,20240930,2,84,50,312.0,15600.0,12,0
5318,20250131,3,143,14,220.45,3086.3,5,0
5319,20250531,2,33,56,113.22,6340.32,13,0
5320,20250630,3,103,88,154.84,13625.92,5,0
5321,20241031,2,8,15,128.94,1934.1,9,0
5322,20250731,2,33,59,113.22,6679.98,13,0
5323,20241130,2,70,44,39.88,1754.72,10,0
5324,20250630,1,127,12,174.31,2091.72,15,1
5325,20241130,2,182,27,56.87,1535.49,13,0
5326,20250831,2,51,83,79.76,6620.08,17,0
5327,20241130,2,2,4,292.58,1170.32,7,1
5328,20250930,3,28,35,143.73,5030.55,6,0
5329,20250331,3,180,26,95.3,2477.8,6,0
5330,20250430,1,43,74,300.28,22220.72,15,0
5331,20250531,2,151,11,92.25,1014.75,10,0
5332,20240930,1,49,21,30.58,642.18,18,0
5333,20250731,1,66,0,240.06,0.0,10,1
5334,20240930,3,36,0,159.06,0.0,8,1
5335,20241231,2,34,9,151.89,1367.01,12,1
5336,20240731,2,14,59,26.62,1570.58,14,0
5337,20250831,1,17,20,313.71,6274.2,14,0
5338,20240331,1,114,5,149.59,747.95,12,1
5339,20240630,1,179,30,226.59,6797.7,12,0
5340,20250331,3,168,25,229.43,5735.75,5,0
5341,20240531,2,182,30,56.87,1706.1,13,0
5342,20250731,3,157,23,25.21,579.83,5,0
5343,20250531,2,170,22,16.95,372.9,12,0
5344,20250831,3,21,2,242.82,485.64,5,1
5345,20240229,3,131,10,36.32,363.2,6,0
5346,20250930,3,109,14,310.2,4342.8,4,0
5347,20240131,2,23,1,239.29,239.29,13,1
5348,20250630,2,110,39,182.67,7124.13,12,0
5349,20250731,1,72,3,236.88,710.64,13,1
5350,20250228,1,1,15,186.13,2791.95,9,0
5351,20250531,2,137,9,25.59,230.31,13,1
5352,20250930,1,177,24,215.66,5175.84,12,0
5353,20250228,3,136,35,112.45,3935.75,5,0
5354,20250430,2,132,15,128.45,1926.75,13,0
5355,20250630,2,42,96,267.02,25633.92,22,0
5356,20240831,2,108,7,166.46,1165.22,13,1
5357,20250430,1,4,58,158.83,9212.14,11,0
5358,20250331,2,158,37,184.61,6830.57,15,0
5359,20250131,1,162,39,68.38,2666.82,14,0
5360,20250131,2,133,13,62.95,818.35,15,1
5361,20240229,1,115,6,46.26,277.56,11,1
5362,20250331,3,46,111,315.4,35009.4,7,0
5363,20251031,3,28,20,143.73,2874.6,6,0
5364,20250531,1,139,7,203.11,1421.77,17,1
5365,20250228,1,61,34,76.81,2611.54,18,0
5366,20241130,1,98,74,257.11,19026.14,15,0
5367,20250531,1,27,75,254.96,19122.0,14,0
5368,20251031,1,84,65,375.89,24432.85,12,0
5369,20240131,2,149,17,108.85,1850.45,17,0
5370,20251231,3,38,29,319.94,9278.26,9,0
5371,20250930,1,113,9,281.81,2536.29,10,1
5372,20240229,2,132,9,125.81,1132.29,13,1
5373,20251031,2,20,11,33.12,364.32,15,1
5374,20240630,2,74,8,108.27,866.16,12,1
5375,20250228,2,164,9,100.45,904.05,10,1
5376,20240731,3,108,13,166.46,2163.98,6,0
5377,20250131,1,103,7,154.84,1083.88,13,1
5378,20240630,1,177,26,211.22,5491.72,12,0
5379,20250131,1,4,11,158.83,1747.13,11,0
5380,20250930,1,142,63,100.93,6358.59,11,0
5381,20250531,1,75,14,71.97,1007.58,13,0
5382,20241031,3,127,107,170.72,18267.04,6,0
5383,20250331,1,33,16,113.22,1811.52,14,0
5384,20240331,2,176,26,322.02,8372.52,16,0
5385,20240331,1,14,6,26.62,159.72,15,1
5386,20250331,2,70,13,40.72,529.36,10,0
5387,20240531,1,115,63,46.26,2914.38,11,0
5388,20250731,1,156,0,164.64,0.0,12,1
5389,20241130,1,144,82,96.31,7897.42,15,0
5390,20241031,1,77,89,167.57,14913.73,14,0
5391,20241130,1,165,29,105.7,3065.3,12,0
5392,20250731,1,80,6,208.57,1251.42,12,1
5393,20250430,3,65,16,131.52,2104.32,5,0
5394,20250630,2,131,1,37.08,37.08,13,1
5395,20250228,3,122,18,212.67,3828.06,4,0
5396,20251231,3,71,16,363.51,5816.16,7,0
5397,20240630,3,76,14,281.11,3935.54,5,0
5398,20240131,2,32,0,339.97,0.0,12,1
5399,20240331,1,100,20,306.44,6128.8,11,0
5400,20250831,1,7,11,57.14,628.54,10,0
5401,20250430,2,123,60,132.28,7936.8,13,0
5402,20240731,1,170,29,16.6,481.4,12,0
5403,20241130,1,54,40,257.53,10301.2,17,0
5404,20250930,3,86,80,97.25,7780.0,5,0
5405,20250331,3,27,23,254.96,5864.08,6,0
5406,20240731,1,120,9,182.88,1645.92,12,1
5407,20240630,1,32,64,339.97,21758.08,13,0
5408,20251231,2,44,16,199.55,3192.8,16,0
5409,20240131,3,41,35,159.88,5595.8,7,0
5410,20240229,1,117,8,98.28,786.24,10,1
5411,20250131,2,69,3,202.67,608.01,11,1
5412,20240430,2,24,53,185.46,9829.38,12,0
5413,20241130,3,16,23,219.41,5046.43,4,0
5414,20250228,3,140,19,41.26,783.94,5,0
5415,20251031,2,105,13,169.61,2204.93,11,0
5416,20250430,1,12,56,69.62,3898.72,11,0
5417,20240630,1,135,12,39.89,478.68,15,1
5418,20250131,1,68,0,290.25,0.0,13,1
5419,20240331,2,123,20,129.56,2591.2,13,0
5420,20250430,1,39,101,122.17,12339.17,19,0
5421,20250228,1,63,10,247.24,2472.4,21,1
5422,20240831,2,54,69,257.53,17769.57,16,0
5423,20240430,2,126,62,130.29,8077.98,12,0
5424,20240831,1,111,13,145.84,1895.92,12,0
5425,20240831,1,16,20,219.41,4388.2,9,0
5426,20250131,2,37,18,16.65,299.7,21,1
5427,20250831,2,39,84,122.17,10262.28,18,0
5428,20240930,2,94,57,121.74,6939.18,11,0
5429,20241031,1,146,69,220.88,15240.72,14,0
5430,20251130,3,89,68,189.92,12914.56,5,0
5431,20250131,2,47,15,71.53,1072.95,14,0
5432,20250430,1,42,157,267.02,41922.14,23,0
5433,20241231,1,104,10,75.12,751.2,11,1
5434,20250430,2,154,10,329.92,3299.2,12,1
5435,20250930,1,107,10,150.54,1505.4,14,1
5436,20251130,1,129,102,46.45,4737.9,20,0
5437,20250228,2,49,2,31.22,62.44,17,1
5438,20241130,2,170,25,16.6,415.0,12,0
5439,20240430,2,137,9,25.06,225.54,13,1
5440,20241130,3,116,21,58.93,1237.53,7,0
5441,20250430,1,96,12,174.33,2091.96,10,0
5442,20240831,3,88,63,335.85,21158.55,4,0
5443,20251031,1,4,9,158.83,1429.47,11,1
5444,20240331,1,128,9,77.25,695.25,10,1
5445,20250228,3,166,28,217.35,6085.8,5,0
5446,20250131,2,127,9,174.31,1568.79,14,1
5447,20250930,2,94,47,124.3,5842.1,11,0
5448,20250531,1,29,50,243.45,12172.5,10,0
5449,20250430,2,62,66,114.9,7583.4,16,0
5450,20250731,2,95,11,64.62,710.82,7,0
5451,20250630,1,20,90,33.12,2980.8,16,0
5452,20251130,2,27,16,254.96,4079.36,14,0
5453,20250630,2,168,19,229.43,4359.17,12,0
5454,20241031,3,51,28,78.12,2187.36,8,0
5455,20241031,2,182,35,56.87,1990.45,13,0
5456,20250131,1,13,16,315.34,5045.44,12,0
5457,20241231,2,2,6,292.58,1755.48,7,1
5458,20250831,3,57,115,23.2,2668.0,7,0
5459,20241031,1,117,5,98.28,491.4,10,1
5460,20250228,1,182,34,58.06,1974.04,14,0
5461,20240630,1,85,5,40.9,204.5,10,1
5462,20240131,1,127,5,170.72,853.6,15,1
5463,20251130,1,140,64,41.26,2640.64,12,0
5464,20250430,1,66,2,203.44,406.88,10,1
5465,20241130,1,91,69,279.07,19255.83,11,0
5466,20250131,1,121,23,44.65,1026.95,10,0
5467,20240430,2,36,89,159.06,14156.34,18,0
5468,20250630,2,17,61,313.71,19136.31,13,0
5469,20240430,3,109,63,303.82,19140.66,4,0
5470,20250531,1,142,7,100.93,706.51,11,1
5471,20241231,3,133,77,61.66,4747.82,7,0
5472,20241130,1,168,27,224.71,6067.17,13,0
5473,20251031,3,103,18,154.84,2787.12,5,0
5474,20250331,2,106,14,340.08,4761.12,13,0
5475,20240131,3,132,8,125.81,1006.48,6,0
5476,20250831,3,160,25,41.56,1039.0,6,0
5477,20241231,1,26,9,241.74,2175.66,11,1
5478,20251231,2,133,56,62.95,3525.2,15,0
5479,20240331,1,20,29,32.44,940.76,16,0
5480,20241031,2,38,10,313.36,3133.6,20,1
5481,20240731,2,106,13,333.09,4330.17,13,0
5482,20251231,3,156,94,164.64,15476.16,5,0
5483,20250331,1,180,18,95.3,1715.4,15,0
5484,20241231,3,2,11,292.58,3218.38,3,0
5485,20250630,3,116,101,60.17,6077.17,7,0
5486,20250430,3,154,12,329.92,3959.04,5,0
5487,20240331,1,142,20,98.85,1977.0,11,0
5488,20241231,2,37,9,16.31,146.79,21,1
5489,20250831,1,162,41,68.38,2803.58,14,0
5490,20250228,3,141,8,314.24,2513.92,4,0
5491,20250831,3,47,93,71.53,6652.29,6,0
5492,20251231,2,65,15,155.19,2327.85,12,0
5493,20240630,2,53,87,176.84,15385.08,19,0
5494,20251231,1,121,14,44.65,625.1,10,0
5495,20240531,1,64,74,69.43,5137.82,15,0
5496,20250131,2,154,9,329.92,2969.28,12,1
5497,20250630,1,38,100,319.94,31994.0,21,0
5498,20241031,1,17,22,307.26,6759.72,14,0
5499,20250630,2,163,16,300.77,4812.32,10,0
5500,20240731,1,151,13,90.35,1174.55,10,0
5501,20250831,3,27,21,254.96,5354.16,6,0
5502,20250831,2,104,9,76.7,690.3,11,1
5503,20241031,2,59,0,324.94,0.0,16,1
5504,20240831,2,60,90,241.9,21771.0,16,0
5505,20250930,1,88,50,404.63,20231.5,9,0
5506,20250228,2,96,7,174.33,1220.31,10,1
5507,20250131,1,179,26,231.35,6015.1,12,0
5508,20240131,1,115,9,46.26,416.34,11,1
5509,20240229,1,51,9,78.12,703.08,18,1
5510,20241231,2,104,2,75.12,150.24,11,1
5511,20250831,3,168,23,229.43,5276.89,5,0
5512,20240731,2,4,43,155.56,6689.08,10,0
5513,20240229,1,109,12,303.82,3645.84,11,0
5514,20251130,3,102,61,260.69,15902.09,4,0
5515,20241231,2,139,76,198.93,15118.68,16,0
5516,20250531,1,77,15,171.09,2566.35,14,0
5517,20250831,1,97,53,253.06,13412.18,12,0
5518,20241130,2,103,12,151.66,1819.92,12,0
5519,20250731,1,23,85,244.32,20767.2,14,0
5520,20241130,1,172,31,216.67,6716.77,13,0
5521,20240531,3,145,26,108.83,2829.58,7,0
5522,20240131,3,116,8,58.93,471.44,7,0
5523,20240831,1,148,5,296.06,1480.3,12,1
5524,20240131,3,74,21,108.27,2273.67,5,0
5525,20241130,2,144,55,96.31,5297.05,14,0
5526,20241231,1,10,13,87.08,1132.04,12,0
5527,20250131,1,77,14,171.09,2395.26,14,0
5528,20241231,1,16,0,219.41,0.0,9,1
5529,20240531,1,46,94,308.91,29037.54,17,0
5530,20250430,2,103,60,154.84,9290.4,12,0
5531,20250430,2,44,57,199.55,11374.35,16,0
5532,20241231,1,167,30,205.42,6162.6,13,0
5533,20241130,2,85,38,40.9,1554.2,9,0
5534,20250930,1,151,45,92.25,4151.25,10,0
5535,20241031,1,166,30,212.88,6386.4,13,0
5536,20250430,2,149,0,111.14,0.0,17,1
5537,20251231,1,16,10,224.02,2240.2,9,0
5538,20250630,1,82,9,335.4,3018.6,11,1
5539,20250831,2,69,54,239.15,12914.1,11,0
5540,20241231,1,80,21,173.12,3635.52,12,0
5541,20240831,1,136,14,110.14,1541.96,12,0
5542,20240430,3,165,23,105.7,2431.1,5,0
5543,20250831,1,107,18,150.54,2709.72,14,0
5544,20240331,2,174,28,165.53,4634.84,12,0
5545,20250430,2,142,0,100.93,0.0,10,1
5546,20240229,3,120,21,182.88,3840.48,5,0
5547,20250731,1,52,99,183.03,18119.97,17,0
5548,20241031,3,54,14,257.53,3605.42,7,0
5549,20240831,3,100,76,306.44,23289.44,4,0
5550,20240630,1,38,119,313.36,37289.84,21,0
5551,20240430,2,43,64,294.1,18822.4,14,0
5552,20250331,1,121,14,44.65,625.1,10,0
5553,20251031,1,154,59,329.92,19465.28,13,0
5554,20251130,3,92,107,168.72,18053.04,6,0
5555,20240531,3,54,115,257.53,29615.95,7,0
5556,20250731,1,65,10,155.19,1551.9,12,1
5557,20250331,1,54,76,262.94,19983.44,17,0
5558,20240831,2,91,38,279.07,10604.66,11,0
5559,20250731,2,157,26,25.21,655.46,12,0
5560,20240531,1,54,83,257.53,21374.99,17,0
5561,20250731,3,93,15,159.25,2388.75,4,0
5562,20250531,1,81,29,364.83,10580.07,13,0
5563,20241130,3,154,95,323.13,30697.35,5,0
5564,20240331,3,90,23,57.58,1324.34,5,0
5565,20251031,3,83,65,189.32,12305.8,4,0
5566,20251130,1,154,71,329.92,23424.32,13,0
5567,20240930,2,153,33,113.61,3749.13,10,0
5568,20251130,3,21,14,242.82,3399.48,5,0
5569,20250831,3,178,23,119.43,2746.89,7,0
5570,20240731,2,139,14,198.93,2785.02,16,1
5571,20251231,1,40,17,274.41,4664.97,18,1
5572,20250228,1,10,4,88.91,355.64,12,1
5573,20240930,1,34,17,151.89,2582.13,13,0
5574,20250331,2,146,4,225.52,902.08,14,1
5575,20251031,3,27,27,254.96,6883.92,6,0
5576,20240630,1,151,5,90.35,451.75,10,1
5577,20241231,1,91,7,279.07,1953.49,11,1
5578,20250131,1,76,17,287.01,4879.17,12,0
5579,20240229,2,174,26,165.53,4303.78,12,0
5580,20241231,3,102,13,255.33,3319.29,4,0
5581,20240531,3,78,23,197.64,4545.72,4,0
5582,20250131,2,86,12,82.42,989.04,11,0
5583,20241130,3,147,79,339.78,26842.62,4,0
5584,20241231,3,149,124,108.85,13497.4,7,0
5585,20240229,2,6,15,178.72,2680.8,10,0
5586,20241231,1,164,14,98.38,1377.32,11,0
5587,20250228,1,17,19,313.71,5960.49,14,0
5588,20241231,2,182,19,56.87,1080.53,13,0
5589,20251031,1,86,81,97.25,7877.25,12,0
5590,20251130,1,121,4,44.65,178.6,10,1
5591,20241130,3,121,2,43.73,87.46,4,1
5592,20240630,3,178,44,116.97,5146.68,7,0
5593,20241130,1,9,10,66.28,662.8,9,0
5594,20240731,1,153,2,113.61,227.22,11,1
5595,20251130,1,145,74,111.12,8222.88,16,0
5596,20250831,2,157,11,25.21,277.31,12,1
5597,20240331,1,89,24,157.64,3783.36,12,0
5598,20251130,1,142,59,100.93,5954.87,11,0
5599,20241031,2,47,6,70.06,420.36,14,1
5600,20240831,3,28,17,140.77,2393.09,6,0
5601,20250131,1,46,14,315.4,4415.6,17,1
5602,20240131,2,96,12,170.74,2048.88,10,0
5603,20250930,2,113,0,281.81,0.0,9,1
5604,20241130,1,22,3,247.74,743.22,8,1
5605,20240731,1,128,9,77.25,695.25,10,1
5606,20250630,2,149,9,111.14,1000.26,17,1
5607,20240331,3,76,33,281.11,9276.63,5,0
5608,20250131,1,96,10,174.33,1743.3,10,0
5609,20251031,1,7,10,57.14,571.4,10,0
5610,20250131,3,92,22,142.98,3145.56,6,0
5611,20250331,3,43,106,300.28,31829.68,6,0
5612,20240531,2,157,16,24.69,395.04,12,0
5613,20250930,1,112,15,67.02,1005.3,13,0
5614,20251130,1,97,63,253.06,15942.78,12,0
5615,20240229,1,48,17,32.82,557.94,16,0
5616,20250228,1,179,39,231.35,9022.65,12,0
5617,20250131,1,90,2,58.79,117.58,12,1
5618,20241130,1,143,72,215.92,15546.24,13,0
5619,20251231,1,149,121,111.14,13447.94,18,0
5620,20251031,2,162,45,68.38,3077.1,14,0
5621,20240131,2,60,13,241.9,3144.7,16,1
5622,20240131,3,75,7,59.74,418.18,5,0
5623,20251130,1,103,11,154.84,1703.24,13,1
5624,20250131,1,176,41,328.78,13479.98,17,0
5625,20250430,1,38,138,319.94,44151.72,21,0
5626,20250331,2,92,9,142.98,1286.82,14,1
5627,20251130,1,150,71,347.06,24641.26,14,0
5628,20250531,1,49,95,31.22,2965.9,18,0
5629,20250131,2,90,12,58.79,705.48,11,0
5630,20250531,2,58,71,149.54,10617.34,17,0
5631,20240731,1,76,0,281.11,0.0,12,1
5632,20240930,3,37,9,16.31,146.79,9,0
5633,20240229,3,111,7,145.84,1020.88,5,0
5634,20250228,2,65,8,131.52,1052.16,12,1
5635,20240731,2,102,6,255.33,1531.98,10,1
5636,20240430,1,180,27,93.34,2520.18,15,0
5637,20250731,1,92,17,168.72,2868.24,15,0
5638,20240831,1,39,111,119.66,13282.26,19,0
5639,20251130,1,125,2,291.24,582.48,12,1
5640,20240531,2,134,3,60.5,181.5,10,1
5641,20251130,1,30,18,119.13,2144.34,11,0
5642,20250831,3,139,24,203.11,4874.64,7,0
5643,20250731,1,51,74,79.76,5902.24,18,0
5644,20250531,2,125,51,291.24,14853.24,11,0
5645,20250430,2,68,7,290.25,2031.75,12,1
5646,20250531,2,36,87,191.63,16671.81,18,0
5647,20240229,1,138,20,86.38,1727.6,14,0
5648,20251231,3,26,12,246.82,2961.84,4,0
5649,20240430,3,45,77,76.76,5910.52,6,0
5650,20240131,1,180,32,93.34,2986.88,15,0
5651,20250531,1,46,88,372.17,32750.96,17,0
5652,20251231,3,103,7,154.84,1083.88,5,0
5653,20241031,3,108,17,166.46,2829.82,6,0
5654,20240430,3,99,19,287.66,5465.54,5,0
5655,20250930,1,149,94,111.14,10447.16,18,0
5656,20241130,2,160,23,40.71,936.33,14,0
5657,20250731,3,99,10,346.57,3465.7,5,0
5658,20241031,2,40,16,268.77,4300.32,17,1
5659,20251231,1,73,10,307.22,3072.2,14,1
5660,20240131,3,130,32,317.23,10151.36,6,0
5661,20250228,1,145,25,111.12,2778.0,16,0
5662,20240531,2,152,15,265.82,3987.3,9,0
5663,20240229,1,4,1,155.56,155.56,11,1
5664,20250831,1,167,16,209.73,3355.68,13,0
5665,20241231,2,158,20,180.81,3616.2,15,0
5666,20240229,3,28,17,140.77,2393.09,6,0
5667,20250831,3,116,18,60.17,1083.06,7,0
5668,20251130,1,181,20,312.4,6248.0,18,0
5669,20241231,1,156,57,161.25,9191.25,12,0
5670,20241231,2,125,11,285.25,3137.75,11,0
5671,20250731,2,96,7,205.7,1439.9,10,1
5672,20250531,2,111,56,148.9,8338.4,11,0
5673,20250930,1,24,14,189.35,2650.9,12,0
5674,20250131,2,97,11,214.46,2359.06,11,0
5675,20250731,1,85,2,49.28,98.56,10,1
5676,20240531,1,87,36,211.22,7603.92,15,0
5677,20240930,2,132,67,125.81,8429.27,13,0
5678,20251231,3,162,39,68.38,2666.82,6,0
5679,20250531,1,150,25,347.06,8676.5,14,0
5680,20240731,3,55,93,209.35,19469.55,7,0
5681,20250630,1,112,65,67.02,4356.3,13,0
5682,20240930,1,54,21,257.53,5408.13,17,0
5683,20250930,2,125,7,291.24,2038.68,11,1
5684,20241130,1,58,21,146.46,3075.66,18,0
5685,20250731,2,151,9,92.25,830.25,10,1
5686,20240331,3,108,18,166.46,2996.28,6,0
5687,20251130,3,122,16,212.67,3402.72,4,0
5688,20240131,2,73,18,255.0,4590.0,13,0
5689,20250930,1,1,0,219.63,0.0,9,1
5690,20240630,2,34,53,151.89,8050.17,12,0
5691,20240131,1,101,25,62.94,1573.5,12,0
5692,20240331,1,57,96,19.26,1848.96,17,0
5693,20240331,2,60,89,241.9,21529.1,16,0
5694,20240630,2,126,59,130.29,7687.11,12,0
5695,20240131,3,118,2,336.11,672.22,5,1
5696,20250331,2,96,11,174.33,1917.63,10,0
5697,20240331,1,28,0,140.77,0.0,14,1
5698,20250430,1,143,11,220.45,2424.95,13,1
5699,20241130,2,83,37,157.14,5814.18,10,0
5700,20250331,1,64,72,70.89,5104.08,15,0
5701,20250630,3,166,28,217.35,6085.8,5,0
5702,20240630,2,137,11,25.06,275.66,13,1
5703,20240930,2,69,62,198.5,12307.0,11,0
5704,20250731,2,89,3,189.92,569.76,11,1
5705,20250228,1,52,12,183.03,2196.36,17,1
5706,20250430,3,178,50,119.43,5971.5,7,0
5707,20250430,2,176,34,328.78,11178.52,16,0
5708,20250228,2,83,6,160.44,962.64,10,1
5709,20240331,2,27,5,249.72,1248.6,14,1
5710,20240229,3,149,34,108.85,3700.9,7,0
5711,20240131,2,59,16,324.94,5199.04,16,0
5712,20251130,2,171,10,85.46,854.6,12,1
5713,20250228,2,54,14,262.94,3681.16,16,1
5714,20250228,1,79,11,147.87,1626.57,12,1
5715,20240531,1,169,25,276.47,6911.75,14,0
5716,20240430,1,59,70,324.94,22745.8,16,0
5717,20251031,1,105,7,169.61,1187.27,12,1
5718,20250228,3,46,20,315.4,6308.0,7,0
5719,20240331,2,171,30,83.7,2511.0,12,0
5720,20241031,2,176,14,322.02,4508.28,16,1
5721,20251031,2,40,18,274.41,4939.38,17,0
5722,20240229,2,152,2,265.82,531.64,9,1
5723,20240831,2,158,25,180.81,4520.25,15,0
5724,20240229,1,76,1,281.11,281.11,12,1
5725,20240630,1,2,34,292.58,9947.72,7,0
5726,20240229,2,180,8,93.34,746.72,14,1
5727,20240531,1,62,88,112.54,9903.52,17,0
5728,20241130,3,178,42,116.97,4912.74,7,0
5729,20240430,1,64,74,69.43,5137.82,15,0
5730,20240131,1,118,14,336.11,4705.54,13,0
5731,20250331,1,6,7,182.47,1277.29,11,1
5732,20251130,1,118,0,343.17,0.0,13,1
5733,20240430,3,141,16,307.78,4924.48,4,0
5734,20240229,1,37,38,16.31,619.78,22,0
5735,20250228,3,66,16,203.44,3255.04,4,0
5736,20240430,2,74,18,108.27,1948.86,12,0
5737,20241231,1,31,15,294.44,4416.6,14,0
5738,20240531,1,178,32,116.97,3743.04,17,0
5739,20240630,1,60,99,241.9,23948.1,17,0
5740,20240430,1,105,58,166.12,9634.96,12,0
5741,20240430,3,47,92,70.06,6445.52,6,0
5742,20240531,1,174,25,165.53,4138.25,13,0
5743,20250131,2,60,13,246.98,3210.74,16,1
5744,20240930,1,142,69,98.85,6820.65,11,0
5745,20240331,2,102,14,255.33,3574.62,10,0
5746,20240531,3,68,12,284.28,3411.36,5,0
5747,20240229,3,98,19,257.11,4885.09,6,0
5748,20250228,2,172,24,221.22,5309.28,12,0
5749,20240229,3,54,16,257.53,4120.48,7,0
5750,20240930,1,45,8,76.76,614.08,16,1
5751,20251231,1,117,5,100.34,501.7,10,1
5752,20251031,3,145,83,111.12,9222.96,7,0
5753,20251231,1,113,0,281.81,0.0,10,1
5754,20250731,2,144,10,98.33,983.3,14,1
5755,20251031,2,144,65,98.33,6391.45,14,0
5756,20250131,2,65,0,131.52,0.0,12,1
5757,20240930,3,166,33,212.88,7025.04,5,0
5758,20240131,1,146,12,220.88,2650.56,14,1
5759,20241231,3,78,0,197.64,0.0,4,1
5760,20250331,1,47,80,71.53,5722.4,15,0
5761,20250630,2,41,68,163.24,11100.32,15,0
5762,20250228,3,60,30,246.98,7409.4,7,0
5763,20250228,3,161,33,64.16,2117.28,6,0
5764,20240131,1,27,14,249.72,3496.08,14,0
5765,20240731,1,118,12,336.11,4033.32,13,1
5766,20241031,1,50,16,291.69,4667.04,19,1
5767,20240831,3,112,16,65.64,1050.24,5,0
5768,20251130,1,124,5,153.77,768.85,12,1
5769,20250228,2,149,2,111.14,222.28,17,1
5770,20250131,2,70,7,40.72,285.04,10,1
5771,20250331,3,137,14,25.59,358.26,5,0
5772,20251031,1,37,33,16.65,549.45,22,0
5773,20250731,1,48,79,33.51,2647.29,16,0
5774,20250831,1,141,10,314.24,3142.4,10,0
5775,20240331,2,95,5,53.64,268.2,7,1
5776,20250430,3,36,119,162.4,19325.6,8,0
5777,20240430,1,48,85,32.82,2789.7,16,0
5778,20240531,1,53,104,176.84,18391.36,20,0
5779,20250831,3,61,116,76.81,8909.96,7,0
5780,20250630,1,23,65,244.32,15880.8,14,0
5781,20250630,3,163,25,300.77,7519.25,4,0
5782,20240930,3,163,23,294.58,6775.34,4,0
5783,20250930,2,24,9,189.35,1704.15,12,1
5784,20250930,1,101,72,75.83,5459.76,12,0
5785,20241130,2,106,11,333.09,3663.99,13,1
5786,20250731,3,98,28,309.76,8673.28,6,0
5787,20250131,1,83,21,160.44,3369.24,11,0
5788,20250630,3,99,13,346.57,4505.41,5,0
5789,20241231,1,77,21,167.57,3518.97,14,0
5790,20240831,3,71,82,301.72,24741.04,7,0
5791,20250831,3,38,136,319.94,43511.84,9,0
5792,20250531,2,164,25,100.45,2511.25,10,0
5793,20240131,1,119,6,58.44,350.64,11,1
5794,20240731,2,172,23,216.67,4983.41,12,0
5795,20240430,3,122,72,208.3,14997.6,4,0
5796,20240731,2,151,6,90.35,542.1,10,1
5797,20240831,1,25,16,146.28,2340.48,9,0
5798,20241130,1,18,2,242.09,484.18,6,1
5799,20240731,3,157,33,24.69,814.77,5,0
5800,20251031,1,48,6,33.51,201.06,16,1
5801,20240531,1,102,16,255.33,4085.28,10,0
5802,20250228,1,57,10,19.66,196.6,17,1
5803,20240331,1,140,7,40.41,282.87,12,1
5804,20240131,2,14,4,26.62,106.48,14,1
5805,20240331,3,136,25,110.14,2753.5,5,0
5806,20240131,1,16,12,219.41,2632.92,9,0
5807,20250228,1,42,22,267.02,5874.44,23,1
5808,20240229,3,36,21,159.06,3340.26,8,0
5809,20251231,2,31,14,300.62,4208.68,13,0
5810,20241231,1,114,23,149.59,3440.57,12,0
5811,20240630,2,131,9,36.32,326.88,13,1
5812,20251130,1,83,57,189.32,10791.24,11,0
5813,20250131,1,159,39,169.65,6616.35,20,0
5814,20251130,3,162,38,68.38,2598.44,6,0
5815,20250930,3,71,111,363.51,40349.61,7,0
5816,20240331,1,118,15,336.11,5041.65,13,0
5817,20251031,1,80,65,208.57,13557.05,12,0
5818,20240831,1,51,110,78.12,8593.2,18,0
5819,20240831,1,139,0,198.93,0.0,17,1
5820,20240331,2,3,3,188.61,565.83,10,1
5821,20240930,1,90,67,57.58,3857.86,12,0
5822,20250930,1,105,10,169.61,1696.1,12,1
5823,20250131,3,169,26,282.28,7339.28,6,0
5824,20240930,1,41,4,159.88,639.52,16,1
5825,20241231,1,69,6,198.5,1191.0,12,1
5826,20250831,3,92,93,168.72,15690.96,6,0
5827,20240831,3,90,68,57.58,3915.44,5,0
5828,20240430,3,73,20,255.0,5100.0,6,0
5829,20250331,1,170,23,16.95,389.85,12,0
5830,20241130,3,5,34,204.06,6938.04,5,0
5831,20240630,2,89,13,157.64,2049.32,11,0
5832,20250430,1,91,11,284.93,3134.23,11,0
5833,20250331,1,141,22,314.24,6913.28,10,0
5834,20240331,3,5,6,204.06,1224.36,5,0
5835,20240831,3,83,72,157.14,11314.08,4,0
5836,20240731,2,79,7,144.83,1013.81,12,1
5837,20240731,2,70,7,39.88,279.16,10,1
5838,20240531,1,14,68,26.62,1810.16,15,0
5839,20250630,3,80,6,208.57,1251.42,5,0
5840,20250831,3,134,12,61.77,741.24,4,0
5841,20250930,1,83,52,189.32,9844.64,11,0
5842,20241031,2,170,24,16.6,398.4,12,0
5843,20250131,1,105,13,169.61,2204.93,12,0
5844,20241031,1,177,44,211.22,9293.68,12,0
5845,20251231,1,115,2,47.23,94.46,11,1
5846,20250430,3,130,9,323.89,2915.01,6,0
5847,20241031,2,42,1,261.53,261.53,22,1
5848,20240229,2,19,7,170.21,1191.47,11,1
5849,20240531,3,167,29,205.42,5957.18,5,0
5850,20251231,3,149,92,111.14,10224.88,7,0
5851,20241031,1,137,77,25.06,1929.62,13,0
5852,20250131,1,58,11,149.54,1644.94,18,1
5853,20240630,1,175,37,94.86,3509.82,17,0
5854,20251130,1,128,61,78.87,4811.07,10,0
5855,20240430,3,176,34,322.02,10948.68,7,0
5856,20240531,2,2,36,292.58,10532.88,7,0
5857,20250831,1,174,41,169.01,6929.41,13,0
5858,20241231,3,134,69,60.5,4174.5,4,0
5859,20241231,1,29,7,238.44,1669.08,10,1
5860,20240731,1,85,7,40.9,286.3,10,1
5861,20240229,3,48,40,32.82,1312.8,7,0
5862,20240630,2,92,7,140.04,980.28,14,1
5863,20240731,2,72,9,196.62,1769.58,12,1
5864,20250930,1,111,7,148.9,1042.3,12,1
5865,20241031,1,23,4,239.29,957.16,14,1
5866,20240531,3,112,71,65.64,4660.44,5,0
5867,20250930,1,33,25,113.22,2830.5,14,0
5868,20250131,3,124,19,153.77,2921.63,5,0
5869,20250630,1,136,14,112.45,1574.3,12,0
5870,20250131,1,132,12,128.45,1541.4,14,1
5871,20251231,2,14,6,27.18,163.08,14,1
5872,20240930,1,173,31,207.98,6447.38,16,0
5873,20250331,2,137,16,25.59,409.44,13,0
5874,20251031,3,74,83,130.44,10826.52,5,0
5875,20240831,2,43,58,294.1,17057.8,14,0
5876,20251031,2,163,19,300.77,5714.63,10,0
5877,20241130,1,23,15,239.29,3589.35,14,0
5878,20240630,3,121,51,43.73,2230.23,4,0
5879,20250630,2,67,21,28.64,601.44,13,0
5880,20240331,1,181,30,305.97,9179.1,18,0
5881,20241031,2,66,48,199.26,9564.48,9,0
5882,20241031,3,66,64,199.26,12752.64,4,0
5883,20250930,2,73,57,307.22,17511.54,13,0
5884,20250131,2,107,16,150.54,2408.64,13,0
5885,20240131,2,117,14,98.28,1375.92,10,0
5886,20240630,3,156,15,161.25,2418.75,5,0
5887,20240430,1,54,86,257.53,22147.58,17,0
5888,20250430,1,28,79,143.73,11354.67,14,0
5889,20241231,3,108,2,166.46,332.92,6,1
5890,20240531,1,144,17,96.31,1637.27,15,0
5891,20241031,1,142,62,98.85,6128.7,11,0
5892,20240131,1,112,18,65.64,1181.52,13,0
5893,20240630,2,175,37,94.86,3509.82,16,0
5894,20240531,2,59,57,324.94,18521.58,16,0
5895,20250731,1,24,65,189.35,12307.75,12,0
5896,20250430,3,131,29,37.08,1075.32,6,0
5897,20250831,1,42,130,267.02,34712.6,23,0
5898,20251031,2,154,64,329.92,21114.88,12,0
5899,20250831,1,168,36,229.43,8259.48,13,0
5900,20240630,3,50,106,291.69,30919.14,8,0
5901,20240731,2,43,64,294.1,18822.4,14,0
5902,20250930,1,127,89,174.31,15513.59,15,0
5903,20240630,1,119,65,58.44,3798.6,11,0
5904,20240331,3,99,8,287.66,2301.28,5,0
5905,20250731,3,37,144,16.65,2397.6,9,0
5906,20250930,2,66,44,240.06,10562.64,9,0
5907,20241231,1,170,31,16.6,514.6,12,0
5908,20240831,2,58,71,146.46,10398.66,17,0
5909,20250930,2,14,0,27.18,0.0,14,1
5910,20240229,3,57,21,19.26,404.46,7,0
5911,20241031,1,140,59,40.41,2384.19,12,0
5912,20250131,1,123,20,132.28,2645.6,13,0
5913,20241130,2,14,0,26.62,0.0,14,1
5914,20240229,1,87,5,211.22,1056.1,15,1
5915,20251031,2,120,6,186.72,1120.32,11,1
5916,20250731,1,114,3,152.73,458.19,12,1
5917,20250430,3,92,28,142.98,4003.44,6,0
5918,20241231,1,108,11,166.46,1831.06,14,1
5919,20251231,1,41,20,163.24,3264.8,16,0
5920,20251130,1,167,41,209.73,8598.93,13,0
5921,20240630,3,46,92,308.91,28419.72,7,0
5922,20250630,1,24,63,189.35,11929.05,12,0
5923,20240630,2,62,76,112.54,8553.04,16,0
5924,20240731,2,163,30,294.58,8837.4,10,0
5925,20250331,3,162,32,68.38,2188.16,6,0
5926,20250831,3,46,100,372.17,37217.0,7,0
5927,20250831,3,163,19,300.77,5714.63,4,0
5928,20250731,2,59,86,391.48,33667.28,16,0
5929,20251031,1,46,23,372.17,8559.91,17,0
5930,20250430,2,83,10,160.44,1604.4,10,0
5931,20241031,3,141,74,307.78,22775.72,4,0
5932,20251231,3,90,10,69.37,693.7,5,0
5933,20251130,2,24,5,189.35,946.75,12,1
5934,20241231,3,46,25,308.91,7722.75,7,0
5935,20240430,1,41,78,159.88,12470.64,16,0
5936,20240831,2,152,0,265.82,0.0,9,1
5937,20250531,3,102,17,260.69,4431.73,4,0
5938,20250430,2,57,58,19.66,1140.28,16,0
5939,20240430,1,101,16,62.94,1007.04,12,0
5940,20240531,3,153,8,113.61,908.88,4,0
5941,20240930,3,65,81,128.81,10433.61,5,0
5942,20241130,1,6,14,178.72,2502.08,11,0
5943,20251231,2,53,29,180.55,5235.95,19,0
5944,20240731,1,89,3,157.64,472.92,12,1
5945,20240331,3,66,17,199.26,3387.42,4,0
5946,20250630,2,104,43,76.7,3298.1,11,0
5947,20240731,2,60,71,241.9,17174.9,16,0
5948,20240930,2,127,60,170.72,10243.2,14,0
5949,20250430,1,32,61,347.11,21173.71,13,0
5950,20240930,2,90,55,57.58,3166.9,11,0
5951,20240831,3,134,20,60.5,1210.0,4,0
5952,20240930,1,99,72,287.66,20711.52,12,0
5953,20240131,2,151,7,90.35,632.45,10,1
5954,20251031,1,65,64,155.19,9932.16,12,0
5955,20240229,3,145,29,108.83,3156.07,7,0
5956,20240831,2,44,66,195.45,12899.7,16,0
5957,20241231,1,158,11,180.81,1988.91,16,1
5958,20241031,3,157,34,24.69,839.46,5,0
5959,20240731,1,81,6,302.82,1816.92,13,1
5960,20251231,2,42,17,267.02,4539.34,22,1
5961,20250831,2,133,12,62.95,755.4,15,1
5962,20251031,3,57,25,23.2,580.0,7,0
5963,20251231,3,40,23,274.41,6311.43,7,0
5964,20250430,3,60,118,246.98,29143.64,7,0
5965,20240731,1,19,60,170.21,10212.6,12,0
5966,20240131,1,109,9,303.82,2734.38,11,1
5967,20251231,2,135,69,40.73,2810.37,14,0
5968,20251031,2,108,11,169.96,1869.56,13,1
5969,20250430,3,120,91,186.72,16991.52,5,0
5970,20251231,2,89,0,189.92,0.0,11,1
5971,20250731,2,82,10,335.4,3354.0,10,0
5972,20240331,3,154,14,323.13,4523.82,5,0
5973,20241031,1,99,73,287.66,20999.18,12,0
5974,20251031,3,109,25,310.2,7755.0,4,0
5975,20240831,3,152,5,265.82,1329.1,4,0
5976,20250531,1,54,89,262.94,23401.66,17,0
5977,20240229,3,94,35,121.74,4260.9,5,0
5978,20251031,2,157,26,25.21,655.46,12,0
5979,20250630,2,14,62,27.18,1685.16,14,0
5980,20240630,1,11,46,288.46,13269.16,9,0
5981,20250430,3,147,10,346.92,3469.2,4,0
5982,20240930,2,176,23,322.02,7406.46,16,0
5983,20240331,3,122,12,208.3,2499.6,4,0
5984,20240331,1,67,17,23.77,404.09,14,0
5985,20250331,2,174,21,169.01,3549.21,12,0
5986,20241130,1,88,40,335.85,13434.0,9,0
5987,20250131,3,147,7,346.92,2428.44,4,0
5988,20250630,1,173,29,212.35,6158.15,16,0
5989,20250228,3,41,20,163.24,3264.8,7,0
5990,20251130,2,76,43,338.68,14563.24,11,0
5991,20240930,1,92,71,140.04,9942.84,15,0
5992,20250831,2,60,74,291.44,21566.56,16,0
5993,20241231,3,8,17,128.94,2191.98,4,0
5994,20240831,1,3,14,188.61,2640.54,11,0
5995,20240531,1,43,98,294.1,28821.8,15,0
5996,20250831,1,38,92,319.94,29434.48,21,0
5997,20250630,1,52,91,183.03,16655.73,17,0
5998,20250228,1,127,5,174.31,871.55,15,1
5999,20240331,3,161,17,62.84,1068.28,6,0
6000,20240331,1,139,9,198.93,1790.37,17,1
6001,20240531,2,73,13,255.0,3315.0,13,0
6002,20240930,3,103,13,151.66,1971.58,5,0
6003,20250430,2,90,20,58.79,1175.8,11,0
6004,20240331,1,171,16,83.7,1339.2,12,0
6005,20241231,2,170,25,16.6,415.0,12,0
6006,20240630,3,154,9,323.13,2908.17,5,0
6007,20250630,2,99,13,346.57,4505.41,11,0
6008,20240930,2,20,1,32.44,32.44,15,1
6009,20250531,1,174,25,169.01,4225.25,13,0
6010,20250331,3,167,42,209.73,8808.66,5,0
6011,20251031,1,24,9,189.35,1704.15,12,1
6012,20251231,3,89,6,189.92,1139.52,5,0
6013,20250430,3,33,81,113.22,9170.82,6,0
6014,20250630,2,181,35,312.4,10934.0,17,0
6015,20250228,1,110,15,182.67,2740.05,12,0
6016,20240831,2,131,19,36.32,690.08,13,0
6017,20251031,1,12,8,69.62,556.96,11,1
6018,20240731,2,27,58,249.72,14483.76,14,0
6019,20240531,1,152,2,265.82,531.64,10,1
6020,20250831,3,166,33,217.35,7172.55,5,0
6021,20240430,1,175,35,94.86,3320.1,17,0
6022,20240630,1,169,31,276.47,8570.57,14,0
6023,20251231,1,24,16,189.35,3029.6,12,0
6024,20240831,1,38,91,313.36,28515.76,21,0
6025,20241130,1,87,80,211.22,16897.6,15,0
6026,20251231,3,2,2,298.72,597.44,3,1
6027,20241031,1,26,10,241.74,2417.4,11,1
6028,20240630,3,45,85,76.76,6524.6,6,0
6029,20240630,1,121,56,43.73,2448.88,10,0
6030,20251031,1,151,63,92.25,5811.75,10,0
6031,20250731,2,25,34,149.35,5077.9,9,0
6032,20250831,1,67,61,28.64,1747.04,14,0
6033,20241031,1,179,31,226.59,7024.29,12,0
6034,20240630,2,99,8,287.66,2301.28,11,1
6035,20250531,1,140,4,41.26,165.04,12,1
6036,20251031,1,23,4,244.32,977.28,14,1
6037,20241031,2,2,5,292.58,1462.9,7,1
6038,20240831,2,180,28,93.34,2613.52,14,0
6039,20251130,2,68,55,342.49,18836.95,12,0
6040,20251031,2,121,4,44.65,178.6,9,1
6041,20250131,3,102,5,260.69,1303.45,4,0
6042,20240131,3,103,4,151.66,606.64,5,1
6043,20240630,2,77,0,167.57,0.0,13,1
6044,20250430,1,70,6,40.72,244.32,10,1
6045,20250331,1,79,22,147.87,3253.14,12,0
6046,20250531,3,141,19,314.24,5970.56,4,0
6047,20251031,3,26,11,246.82,2715.02,4,0
6048,20250430,1,68,6,290.25,1741.5,13,1
6049,20240331,2,117,3,98.28,294.84,10,1
6050,20240531,2,32,61,339.97,20738.17,12,0
6051,20251231,2,125,6,291.24,1747.44,11,1
6052,20240630,1,162,22,66.97,1473.34,14,0
6053,20251231,3,136,84,112.45,9445.8,5,0
6054,20240229,2,69,15,198.5,2977.5,11,0
6055,20240930,2,39,4,119.66,478.64,18,1
6056,20250531,1,44,93,199.55,18558.15,17,0
6057,20240731,1,105,4,166.12,664.48,12,1
6058,20240229,1,96,8,170.74,1365.92,10,1
6059,20250131,1,21,6,205.78,1234.68,12,1
6060,20240731,1,130,12,317.23,3806.76,14,1
6061,20250731,1,14,73,27.18,1984.14,15,0
6062,20250630,1,180,28,95.3,2668.4,15,0
6063,20250731,1,20,73,33.12,2417.76,16,0
6064,20240630,3,176,36,322.02,11592.72,7,0
6065,20240930,2,138,58,86.38,5010.04,13,0
6066,20241130,2,139,71,198.93,14124.03,16,0
6067,20250831,3,51,112,79.76,8933.12,8,0
6068,20241231,1,23,16,239.29,3828.64,14,0
6069,20240430,3,93,25,132.18,3304.5,4,0
6070,20240229,2,39,5,119.66,598.3,18,1
6071,20250131,2,115,11,47.23,519.53,11,0
6072,20240229,3,27,16,249.72,3995.52,6,0
6073,20240930,2,7,4,55.96,223.84,9,1
6074,20250430,2,92,15,142.98,2144.7,14,0
6075,20240131,3,177,37,211.22,7815.14,5,0
6076,20240930,1,72,68,196.62,13370.16,13,0
6077,20240531,2,126,47,130.29,6123.63,12,0
6078,20241031,1,86,54,80.72,4358.88,12,0
6079,20250131,3,45,26,78.37,2037.62,6,0
6080,20250228,1,20,13,33.12,430.56,16,1
6081,20251231,1,97,9,253.06,2277.54,12,1
6082,20250731,1,153,11,116.0,1276.0,11,0
6083,20250430,1,95,10,54.77,547.7,8,0
6084,20241130,2,55,12,209.35,2512.2,15,1
6085,20240430,1,122,58,208.3,12081.4,11,0
6086,20250531,3,120,86,186.72,16057.92,5,0
6087,20250630,1,140,15,41.26,618.9,12,0
6088,20250228,1,93,12,134.96,1619.52,10,0
6089,20250630,3,134,20,61.77,1235.4,4,0
6090,20250930,2,116,16,60.17,962.72,16,0
6091,20240731,1,175,29,94.86,2750.94,17,0
6092,20250228,2,94,17,124.3,2113.1,11,0
6093,20251031,3,176,52,328.78,17096.56,7,0
6094,20240430,1,21,53,201.55,10682.15,12,0
6095,20240531,3,48,116,32.82,3807.12,7,0
6096,20240229,3,46,10,308.91,3089.1,7,0
6097,20251231,1,64,11,70.89,779.79,15,1
6098,20240630,1,160,27,40.71,1099.17,15,0
6099,20240630,1,139,0,198.93,0.0,17,1
6100,20240331,2,4,3,155.56,466.68,10,1
6101,20240229,3,169,38,276.47,10505.86,6,0
6102,20250930,3,73,86,307.22,26420.92,6,0
6103,20250731,3,50,123,297.82,36631.86,8,0
6104,20251130,2,129,71,46.45,3297.95,19,0
6105,20251031,1,180,45,95.3,4288.5,15,0
6106,20250930,1,7,7,57.14,399.98,10,1
6107,20240131,1,116,13,58.93,766.09,16,1
6108,20240831,2,89,49,157.64,7724.36,11,0
6109,20241130,3,83,66,157.14,10371.24,4,0
6110,20251231,2,25,8,149.35,1194.8,9,1
6111,20240229,2,54,6,257.53,1545.18,16,1
6112,20240930,2,170,24,16.6,398.4,12,0
6113,20240731,1,160,34,40.71,1384.14,15,0
6114,20251031,1,128,53,78.87,4180.11,10,0
6115,20250531,1,66,7,240.06,1680.42,10,1
6116,20241031,2,120,7,182.88,1280.16,11,1
6117,20250531,1,113,43,281.81,12117.83,10,0
6118,20240630,2,32,55,339.97,18698.35,12,0
6119,20240229,2,10,22,87.08,1915.76,11,0
6120,20240531,2,27,67,249.72,16731.24,14,0
6121,20240430,3,111,62,145.84,9042.08,5,0
6122,20241231,1,9,9,66.28,596.52,9,0
6123,20240930,1,64,22,69.43,1527.46,15,0
6124,20250531,3,73,26,307.22,7987.72,6,0
6125,20250731,1,148,15,302.28,4534.2,12,0
6126,20240831,2,178,26,116.97,3041.22,16,0
6127,20240930,2,163,22,294.58,6480.76,10,0
6128,20251231,3,152,72,271.4,19540.8,4,0
6129,20251130,2,163,15,300.77,4511.55,10,0
6130,20240831,3,82,64,278.39,17816.96,4,0
6131,20240731,2,176,30,322.02,9660.6,16,0
6132,20240430,2,142,10,98.85,988.5,10,0
6133,20251031,1,90,76,69.37,5272.12,12,0
6134,20241231,2,31,15,294.44,4416.6,13,0
6135,20240229,1,16,6,219.41,1316.46,9,1
6136,20250531,2,21,58,242.82,14083.56,11,0
6137,20250930,1,74,65,130.44,8478.6,13,0
6138,20240930,2,169,29,276.47,8017.63,13,0
6139,20241031,2,173,17,207.98,3535.66,15,0
6140,20250331,2,123,2,132.28,264.56,13,1
6141,20250930,3,52,13,183.03,2379.39,7,0
6142,20250228,2,17,10,313.71,3137.1,13,1
6143,20240531,1,61,89,75.23,6695.47,18,0
6144,20250930,3,130,83,323.89,26882.87,6,0
6145,20250630,2,3,50,227.23,11361.5,10,0
6146,20240731,1,66,0,199.26,0.0,10,1
6147,20241130,2,79,58,144.83,8400.14,12,0
6148,20240531,3,61,109,75.23,8200.07,7,0
6149,20250731,3,131,27,37.08,1001.16,6,0
6150,20240531,2,99,0,287.66,0.0,11,1
6151,20251231,2,139,66,203.11,13405.26,16,0
6152,20241031,2,174,19,165.53,3145.07,12,0
6153,20250630,1,166,15,217.35,3260.25,13,0
6154,20250731,1,77,0,171.09,0.0,14,1
6155,20240331,3,9,0,66.28,0.0,3,1
6156,20240731,2,126,7,130.29,912.03,12,1
6157,20250131,1,134,4,61.77,247.08,10,1
6158,20240430,1,177,11,211.22,2323.42,12,1
6159,20240531,1,93,14,132.18,1850.52,10,0
6160,20251031,2,51,8,79.76,638.08,17,1
6161,20240630,1,23,84,239.29,20100.36,14,0
6162,20250228,2,82,17,284.24,4832.08,10,0
6163,20250228,1,25,0,149.35,0.0,9,1
6164,20240430,2,72,12,196.62,2359.44,12,0
6165,20240731,2,49,58,30.58,1773.64,17,0
6166,20251231,2,138,56,88.19,4938.64,13,0
6167,20240531,2,8,41,128.94,5286.54,9,0
6168,20250430,1,16,51,224.02,11425.02,9,0
6169,20240630,1,157,21,24.69,518.49,13,0
6170,20250331,3,161,52,64.16,3336.32,6,0
6171,20250831,3,54,115,262.94,30238.1,7,0
6172,20250331,1,114,11,152.73,1680.03,12,1
6173,20250131,1,127,19,174.31,3311.89,15,0
6174,20250930,1,42,47,267.02,12549.94,23,0
6175,20250630,2,165,24,107.92,2590.08,12,0
6176,20240831,2,96,43,170.74,7341.82,10,0
6177,20251130,2,132,40,128.45,5138.0,13,0
6178,20240831,2,37,78,16.31,1272.18,21,0
6179,20240229,3,78,7,197.64,1383.48,4,0
6180,20250331,1,11,12,294.52,3534.24,9,0
6181,20241130,1,120,10,182.88,1828.8,12,1
6182,20240831,2,101,55,62.94,3461.7,12,0
6183,20240131,3,99,5,287.66,1438.3,5,0
6184,20241031,1,161,24,62.84,1508.16,14,0
6185,20250831,1,123,9,132.28,1190.52,13,1
6186,20250930,1,155,84,329.15,27648.6,17,0
6187,20250731,3,137,6,25.59,153.54,5,0
6188,20251130,2,167,19,209.73,3984.87,12,0
6189,20250228,1,3,0,192.57,0.0,11,1
6190,20240430,1,80,12,173.12,2077.44,12,0
6191,20251031,1,49,22,31.22,686.84,18,0
6192,20250331,1,56,112,293.14,32831.68,19,0
6193,20240531,1,126,71,130.29,9250.59,12,0
6194,20250228,2,118,8,343.17,2745.36,12,1
6195,20250531,1,143,1,220.45,220.45,13,1
6196,20250630,3,2,47,298.72,14039.84,3,0
6197,20240930,1,137,83,25.06,2079.98,13,0
6198,20240131,2,172,24,216.67,5200.08,12,0
6199,20250131,1,6,1,182.47,182.47,11,1
6200,20250228,2,43,13,300.28,3903.64,14,1
6201,20250331,1,156,3,164.64,493.92,12,1
6202,20240930,1,31,2,294.44,588.88,14,1
6203,20251130,3,181,52,312.4,16244.8,8,0
6204,20241231,1,55,20,209.35,4187.0,16,0
6205,20250831,2,57,69,23.2,1600.8,16,0
6206,20240331,1,94,18,121.74,2191.32,12,0
6207,20240630,1,172,20,216.67,4333.4,13,0
6208,20240731,3,89,9,157.64,1418.76,5,0
6209,20241231,2,92,20,140.04,2800.8,14,0
6210,20241130,1,28,18,140.77,2533.86,14,0
6211,20250131,1,151,16,92.25,1476.0,10,0
6212,20250930,3,153,68,116.0,7888.0,4,0
6213,20251031,1,26,19,246.82,4689.58,11,0
6214,20240131,1,88,8,335.85,2686.8,9,1
6215,20240531,2,40,72,268.77,19351.44,17,0
6216,20251031,2,148,48,302.28,14509.44,11,0
6217,20240430,2,123,51,129.56,6607.56,13,0
6218,20240630,2,124,55,150.61,8283.55,12,0
6219,20250531,1,108,80,169.96,13596.8,14,0
6220,20250831,2,176,31,328.78,10192.18,16,0
6221,20240930,1,145,90,108.83,9794.7,16,0
6222,20240331,1,63,104,242.15,25183.6,21,0
6223,20240531,3,143,23,215.92,4966.16,5,0
6224,20251231,1,159,56,169.65,9500.4,20,0
6225,20240131,1,85,12,40.9,490.8,10,0
6226,20250930,1,75,57,71.97,4102.29,13,0
6227,20250531,2,47,66,71.53,4720.98,14,0
6228,20240131,2,167,14,205.42,2875.88,12,0
6229,20240630,1,25,39,146.28,5704.92,9,0
6230,20240229,2,96,9,170.74,1536.66,10,1
6231,20241031,1,46,16,308.91,4942.56,17,1
6232,20240930,3,100,86,306.44,26353.84,4,0
6233,20240930,3,139,86,198.93,17107.98,7,0
6234,20250430,3,177,28,215.66,6038.48,5,0
6235,20250331,1,28,11,143.73,1581.03,14,1
6236,20250531,1,129,33,46.45,1532.85,20,0
6237,20251231,1,56,7,293.14,2051.98,19,1
6238,20250531,1,14,77,27.18,2092.86,15,0
6239,20240930,1,77,73,167.57,12232.61,14,0
6240,20240930,1,68,64,284.28,18193.92,13,0
6241,20240229,1,166,31,212.88,6599.28,13,0
6242,20240630,3,112,115,65.64,7548.6,5,0
6243,20250228,3,5,6,208.35,1250.1,5,0
6244,20240630,1,123,73,129.56,9457.88,13,0
6245,20250331,1,35,115,30.63,3522.45,19,0
6246,20250531,2,69,2,239.15,478.3,11,1
6247,20250930,2,59,30,391.48,11744.4,16,0
6248,20250531,2,27,62,254.96,15807.52,14,0
6249,20240831,1,173,21,207.98,4367.58,16,0
6250,20241130,1,157,46,24.69,1135.74,13,0
6251,20241231,1,166,32,212.88,6812.16,13,0
6252,20250930,1,123,4,132.28,529.12,13,1
6253,20250930,1,56,0,293.14,0.0,19,1
6254,20251031,2,49,22,31.22,686.84,17,0
6255,20241130,2,60,28,241.9,6773.2,16,0
6256,20240229,2,106,17,333.09,5662.53,13,0
6257,20250831,2,138,6,88.19,529.14,13,1
6258,20240630,1,127,14,170.72,2390.08,15,1
6259,20240430,1,103,64,151.66,9706.24,13,0
6260,20240331,1,46,89,308.91,27492.99,17,0
6261,20240331,3,54,138,257.53,35539.14,7,0
6262,20240131,1,110,14,178.91,2504.74,12,0
6263,20240731,1,131,19,36.32,690.08,14,0
6264,20250831,1,102,64,260.69,16684.16,10,0
6265,20250531,2,178,28,119.43,3344.04,16,0
6266,20250930,3,147,73,346.92,25325.16,4,0
6267,20240531,1,106,66,333.09,21983.94,14,0
6268,20240331,2,148,11,296.06,3256.66,11,0
6269,20251130,3,126,3,133.03,399.09,5,1
6270,20251231,1,177,21,215.66,4528.86,12,0
6271,20250531,1,16,51,224.02,11425.02,9,0
6272,20250731,2,121,10,44.65,446.5,9,0
6273,20240229,1,150,16,339.92,5438.72,14,0
6274,20241231,2,110,0,178.91,0.0,12,1
6275,20250831,1,85,37,49.28,1823.36,10,0
6276,20250131,3,93,4,134.96,539.84,4,0
6277,20250630,2,121,37,44.65,1652.05,9,0
6278,20241130,1,135,74,39.89,2951.86,15,0
6279,20251031,1,16,13,224.02,2912.26,9,0
6280,20240531,3,72,10,196.62,1966.2,5,0
6281,20240331,3,38,140,313.36,43870.4,9,0
6282,20240229,2,148,12,296.06,3552.72,11,0
6283,20240731,3,116,18,58.93,1060.74,7,0
6284,20240331,3,118,18,336.11,6049.98,5,0
6285,20241031,3,16,27,219.41,5924.07,4,0
6286,20240331,1,182,28,56.87,1592.36,14,0
6287,20251130,2,126,4,133.03,532.12,12,1
6288,20250331,2,44,58,199.55,11573.9,16,0
6289,20241231,3,47,0,70.06,0.0,6,1
6290,20250331,2,151,6,92.25,553.5,10,1
6291,20240331,2,161,25,62.84,1571.0,13,0
6292,20250731,2,134,14,61.77,864.78,10,0
6293,20250430,2,153,7,116.0,812.0,10,1
6294,20241231,3,148,83,296.06,24572.98,5,0
6295,20240630,1,75,18,59.74,1075.32,13,0
6296,20250831,2,19,1,205.07,205.07,11,1
6297,20240930,1,176,36,322.02,11592.72,17,0
6298,20240430,3,103,81,151.66,12284.46,5,0
6299,20250430,3,176,26,328.78,8548.28,7,0
6300,20240531,1,164,25,98.38,2459.5,11,0
6301,20250228,2,171,23,85.46,1965.58,12,0
6302,20250731,2,118,15,343.17,5147.55,12,0
6303,20241231,3,139,104,198.93,20688.72,7,0
6304,20250331,1,172,31,221.22,6857.82,13,0
6305,20250731,1,88,9,404.63,3641.67,9,0
6306,20251031,2,174,23,169.01,3887.23,12,0
6307,20250630,3,169,55,282.28,15525.4,6,0
6308,20240630,1,96,17,170.74,2902.58,10,0
6309,20241031,2,83,59,157.14,9271.26,10,0
6310,20240430,1,151,11,90.35,993.85,10,0
6311,20240531,2,91,18,279.07,5023.26,11,0
6312,20240229,3,163,20,294.58,5891.6,4,0
6313,20241130,1,69,60,198.5,11910.0,12,0
6314,20250131,2,59,24,331.76,7962.24,16,0
6315,20240229,3,121,7,43.73,306.11,4,0
6316,20240831,3,50,135,291.69,39378.15,8,0
6317,20241231,1,74,13,108.27,1407.51,13,0
6318,20240229,3,29,12,238.44,2861.28,4,0
6319,20250930,3,57,1,23.2,23.2,7,1
6320,20250331,1,18,5,247.17,1235.85,6,1
6321,20251231,1,33,0,113.22,0.0,14,1
6322,20240831,2,3,9,188.61,1697.49,10,1
6323,20250831,3,72,77,236.88,18239.76,5,0
6324,20241231,1,151,59,90.35,5330.65,10,0
6325,20240331,2,92,2,140.04,280.08,14,1
6326,20250430,1,54,80,262.94,21035.2,17,0
6327,20240331,1,174,13,165.53,2151.89,13,0
6328,20250831,1,166,15,217.35,3260.25,13,0
6329,20250731,2,65,10,155.19,1551.9,12,1
6330,20250531,1,130,26,323.89,8421.14,14,0
6331,20250131,1,72,7,200.75,1405.25,13,1
6332,20240131,3,169,34,276.47,9399.98,6,0
6333,20240229,2,104,7,75.12,525.84,11,1
6334,20241231,1,75,16,59.74,955.84,13,0
6335,20240831,3,37,155,16.31,2528.05,9,0
6336,20251130,1,48,5,33.51,167.55,16,1
6337,20250228,1,66,15,203.44,3051.6,10,0
6338,20250831,1,60,60,291.44,17486.4,17,0
6339,20240131,1,171,17,83.7,1422.9,12,0
6340,20241231,3,52,20,179.27,3585.4,7,0
6341,20250930,1,136,60,112.45,6747.0,12,0
6342,20250930,2,107,18,150.54,2709.72,13,0
6343,20250630,1,123,66,132.28,8730.48,13,0
6344,20250531,3,130,21,323.89,6801.69,6,0
6345,20240531,3,109,76,303.82,23090.32,4,0
6346,20241231,1,125,0,285.25,0.0,12,1
6347,20251231,3,60,6,291.44,1748.64,7,1
6348,20241130,1,10,20,87.08,1741.6,12,0
6349,20240430,1,99,26,287.66,7479.16,12,0
6350,20240131,2,19,13,170.21,2212.73,11,0
6351,20251231,3,66,11,240.06,2640.66,4,0
6352,20250831,2,36,73,191.63,13988.99,18,0
6353,20250731,2,156,2,164.64,329.28,11,1
6354,20251031,1,87,84,215.66,18115.44,15,0
6355,20250331,3,37,127,16.65,2114.55,9,0
6356,20250331,2,134,16,61.77,988.32,10,0
6357,20251231,3,127,98,174.31,17082.38,6,0
6358,20251031,2,103,16,154.84,2477.44,12,0
6359,20240131,1,55,11,209.35,2302.85,16,1
6360,20250131,2,125,8,291.24,2329.92,11,1
6361,20250131,2,34,4,155.08,620.32,12,1
6362,20250630,2,117,57,100.34,5719.38,10,0
6363,20250131,1,56,15,293.14,4397.1,19,1
6364,20240229,1,104,22,75.12,1652.64,11,0
6365,20240531,2,173,30,207.98,6239.4,15,0
6366,20251231,3,181,54,312.4,16869.6,8,0
6367,20240930,2,144,73,96.31,7030.63,14,0
6368,20250630,3,178,39,119.43,4657.77,7,0
6369,20250731,2,169,33,282.28,9315.24,13,0
6370,20240930,3,83,56,157.14,8799.84,4,0
6371,20240229,1,83,2,157.14,314.28,11,1
6372,20240229,2,169,35,276.47,9676.45,13,0
6373,20240430,3,100,2,306.44,612.88,4,1
6374,20250228,2,123,1,132.28,132.28,13,1
6375,20250630,1,53,108,180.55,19499.4,20,0
6376,20251130,1,135,88,40.73,3584.24,15,0
6377,20240731,2,175,19,94.86,1802.34,16,0
6378,20250630,2,51,69,79.76,5503.44,17,0
6379,20241231,2,178,42,116.97,4912.74,16,0
6380,20250731,3,48,86,33.51,2881.86,7,0
6381,20251130,3,63,26,247.24,6428.24,9,0
6382,20240630,1,159,31,166.16,5150.96,20,0
6383,20251130,3,43,16,300.28,4804.48,6,0
6384,20240331,2,86,7,80.72,565.04,11,1
6385,20250930,2,49,13,31.22,405.86,17,1
6386,20250531,2,172,30,221.22,6636.6,12,0
6387,20251130,1,63,15,247.24,3708.6,21,1
6388,20250731,3,65,17,155.19,2638.23,5,0
6389,20250131,2,104,8,76.7,613.6,11,1
6390,20240831,1,81,78,302.82,23619.96,13,0
6391,20240630,2,165,19,105.7,2008.3,12,0
6392,20241031,1,114,7,149.59,1047.13,12,1
6393,20240831,3,47,93,70.06,6515.58,6,0
6394,20240331,3,43,98,294.1,28821.8,6,0
6395,20250831,2,135,16,40.73,651.68,14,0
6396,20241130,1,8,11,128.94,1418.34,10,0
6397,20250430,2,148,13,302.28,3929.64,11,0
6398,20241231,1,98,26,257.11,6684.86,15,0
6399,20250930,2,71,58,363.51,21083.58,15,0
6400,20241031,2,107,6,147.44,884.64,13,1
6401,20250228,2,20,14,33.12,463.68,15,1
6402,20240731,3,21,80,201.55,16124.0,5,0
6403,20240731,1,74,7,108.27,757.89,13,1
6404,20240831,3,172,32,216.67,6933.44,5,0
6405,20241130,1,129,82,45.49,3730.18,20,0
6406,20240731,2,182,6,56.87,341.22,13,1
6407,20251231,2,124,2,153.77,307.54,12,1
6408,20240430,2,127,7,170.72,1195.04,14,1
6409,20250630,2,175,19,96.85,1840.15,16,0
6410,20250531,3,132,14,128.45,1798.3,6,0
6411,20240930,2,3,0,188.61,0.0,10,1
6412,20250331,1,108,23,169.96,3909.08,14,0
6413,20251231,3,111,6,148.9,893.4,5,0
6414,20250630,1,106,76,340.08,25846.08,14,0
6415,20251031,1,58,22,149.54,3289.88,18,0
6416,20250831,1,125,8,291.24,2329.92,12,1
6417,20241130,2,129,86,45.49,3912.14,19,0
6418,20240930,3,50,6,291.69,1750.14,8,1
6419,20250731,1,63,105,247.24,25960.2,21,0
6420,20250430,1,157,24,25.21,605.04,13,0
6421,20250531,3,66,4,240.06,960.24,4,0
6422,20250731,2,47,64,71.53,4577.92,14,0
6423,20240331,1,135,19,39.89,757.91,15,0
6424,20240930,3,134,68,60.5,4114.0,4,0
6425,20251031,2,161,21,64.16,1347.36,13,0
6426,20251130,3,104,0,76.7,0.0,5,1
6427,20241031,2,180,21,93.34,1960.14,14,0
6428,20250630,1,70,9,48.05,432.45,10,1
6429,20240731,1,10,57,87.08,4963.56,12,0
6430,20250430,3,124,83,153.77,12762.91,5,0
6431,20240331,2,69,13,198.5,2580.5,11,0
6432,20251031,2,2,6,298.72,1792.32,7,1
6433,20240630,2,172,24,216.67,5200.08,12,0
6434,20240229,2,95,9,53.64,482.76,7,0
6435,20250831,1,137,17,25.59,435.03,13,0
6436,20250831,3,98,108,309.76,33454.08,6,0
6437,20240229,3,132,30,125.81,3774.3,6,0
6438,20250430,1,147,0,346.92,0.0,10,1
6439,20250131,2,62,4,114.9,459.6,16,1
6440,20251231,3,122,0,212.67,0.0,4,1
6441,20251130,1,130,77,323.89,24939.53,14,0
6442,20240831,1,93,61,132.18,8062.98,10,0
6443,20240831,3,150,23,339.92,7818.16,6,0
6444,20240430,3,57,109,19.26,2099.34,7,0
6445,20240131,1,78,0,197.64,0.0,9,1
6446,20240331,1,156,10,161.25,1612.5,12,1
6447,20240131,3,92,0,140.04,0.0,6,1
6448,20241031,2,129,98,45.49,4458.02,19,0
6449,20240229,1,128,8,77.25,618.0,10,1
6450,20251130,2,96,44,205.7,9050.8,10,0
6451,20250228,2,178,35,119.43,4180.05,16,0
6452,20250430,3,47,68,71.53,4864.04,6,0
6453,20240131,2,10,16,87.08,1393.28,11,0
6454,20250430,1,37,114,16.65,1898.1,22,0
6455,20251130,2,95,34,64.62,2197.08,7,0
6456,20240731,1,147,11,339.78,3737.58,10,0
6457,20250430,1,162,31,68.38,2119.78,14,0
6458,20240831,3,137,9,25.06,225.54,5,0
6459,20241130,2,97,49,210.05,10292.45,11,0
6460,20250131,3,29,10,243.45,2434.5,4,0
6461,20251031,3,156,77,164.64,12677.28,5,0
6462,20240930,2,25,5,146.28,731.4,9,1
6463,20240131,3,83,13,157.14,2042.82,4,0
6464,20241231,1,96,12,170.74,2048.88,10,0
6465,20250731,1,129,0,46.45,0.0,20,1
6466,20240131,2,113,6,276.01,1656.06,9,1
6467,20240229,1,6,9,178.72,1608.48,11,1
6468,20250531,1,165,30,107.92,3237.6,12,0
6469,20240531,2,106,79,333.09,26314.11,13,0
6470,20250331,3,141,0,314.24,0.0,4,1
6471,20250331,1,32,15,347.11,5206.65,13,0
6472,20251031,1,167,29,209.73,6082.17,13,0
6473,20241231,1,56,25,287.11,7177.75,19,0
6474,20240331,2,107,11,147.44,1621.84,13,1
6475,20240229,3,68,14,284.28,3979.92,5,0
6476,20250131,2,84,0,318.55,0.0,12,1
6477,20251031,3,61,24,76.81,1843.44,7,0
6478,20251231,2,62,15,135.59,2033.85,16,1
6479,20251031,1,172,23,221.22,5088.06,13,0
6480,20240531,1,39,97,119.66,11607.02,19,0
6481,20251130,1,100,61,369.19,22520.59,11,0
6482,20240131,1,135,7,39.89,279.23,15,1
6483,20241031,1,89,62,157.64,9773.68,12,0
6484,20240430,2,44,60,195.45,11727.0,16,0
6485,20250531,1,39,90,122.17,10995.3,19,0
6486,20251031,3,92,99,168.72,16703.28,6,0
6487,20250731,3,168,35,229.43,8030.05,5,0
6488,20241231,3,177,26,211.22,5491.72,5,0
6489,20251231,2,160,26,41.56,1080.56,14,0
6490,20251130,3,154,75,329.92,24744.0,5,0
6491,20240331,2,124,16,150.61,2409.76,12,0
6492,20240930,1,10,12,87.08,1044.96,12,0
6493,20241130,1,39,12,119.66,1435.92,19,1
6494,20240731,2,134,2,60.5,121.0,10,1
6495,20251231,3,118,11,343.17,3774.87,5,0
6496,20240731,3,8,62,128.94,7994.28,4,0
6497,20250131,3,166,29,217.35,6303.15,5,0
6498,20241231,1,122,18,208.3,3749.4,11,0
6499,20250831,1,172,25,221.22,5530.5,13,0
6500,20250430,3,162,22,68.38,1504.36,6,0
6501,20251130,1,90,62,69.37,4300.94,12,0
6502,20250131,1,60,30,246.98,7409.4,17,0
6503,20240531,1,41,84,159.88,13429.92,16,0
6504,20251231,1,166,34,217.35,7389.9,13,0
6505,20250630,1,77,14,171.09,2395.26,14,0
6506,20240229,1,13,13,308.85,4015.05,12,0
6507,20241130,2,54,15,257.53,3862.95,16,1
6508,20241031,3,132,64,125.81,8051.84,6,0
6509,20250430,1,7,52,57.14,2971.28,10,0
6510,20240229,2,56,22,287.11,6316.42,18,0
6511,20241231,3,94,23,121.74,2800.02,5,0
6512,20240430,2,162,20,66.97,1339.4,14,0
6513,20250228,1,43,16,300.28,4804.48,15,0
6514,20241130,1,130,74,317.23,23475.02,14,0
6515,20240930,1,107,5,147.44,737.2,14,1
6516,20241031,1,79,84,144.83,12165.72,12,0
6517,20240331,2,74,5,108.27,541.35,12,1
6518,20250930,1,129,113,46.45,5248.85,20,0
6519,20250630,3,27,107,254.96,27280.72,6,0
6520,20250228,1,152,11,271.4,2985.4,10,0
6521,20250331,1,132,7,128.45,899.15,14,1
6522,20240930,1,94,56,121.74,6817.44,12,0
6523,20250331,3,178,51,119.43,6090.93,7,0
6524,20240930,3,150,86,339.92,29233.12,6,0
6525,20250228,1,148,4,302.28,1209.12,12,1
6526,20251231,3,178,61,119.43,7285.23,7,0
6527,20250531,2,79,12,147.87,1774.44,12,0
6528,20250430,1,177,27,215.66,5822.82,12,0
6529,20250930,1,166,26,217.35,5651.1,13,0
6530,20250731,2,162,41,68.38,2803.58,14,0
6531,20240229,3,9,5,66.28,331.4,3,0
6532,20241130,1,150,71,339.92,24134.32,14,0
6533,20240930,1,157,34,24.69,839.46,13,0
6534,20250831,3,130,19,323.89,6153.91,6,0
6535,20240531,3,41,118,159.88,18865.84,7,0
6536,20240531,3,147,11,339.78,3737.58,4,0
6537,20241130,1,53,4,176.84,707.36,20,1
6538,20250430,1,131,24,37.08,889.92,14,0
6539,20251031,2,156,43,164.64,7079.52,11,0
6540,20240331,2,91,7,279.07,1953.49,11,1
6541,20251130,3,5,20,208.35,4167.0,5,0
6542,20250930,1,133,85,62.95,5350.75,16,0
6543,20241031,2,128,48,77.25,3708.0,10,0
6544,20240430,1,72,19,196.62,3735.78,13,0
6545,20250531,1,15,82,325.38,26681.16,14,0
6546,20250630,2,49,74,31.22,2310.28,17,0
6547,20240731,1,174,28,165.53,4634.84,13,0
6548,20241031,3,118,28,336.11,9411.08,5,0
6549,20251231,1,181,38,312.4,11871.2,18,0
6550,20250430,2,131,13,37.08,482.04,13,0
6551,20250831,1,98,75,309.76,23232.0,15,0
6552,20250831,1,127,11,174.31,1917.41,15,1
6553,20240531,1,128,17,77.25,1313.25,10,0
6554,20241031,2,168,26,224.71,5842.46,12,0
6555,20250131,3,72,15,200.75,3011.25,5,0
6556,20250228,2,101,5,64.26,321.3,12,1
6557,20250731,1,73,18,307.22,5529.96,14,0
6558,20240430,1,137,6,25.06,150.36,13,1
6559,20240331,2,79,1,144.83,144.83,12,1
6560,20240731,1,53,124,176.84,21928.16,20,0
6561,20250531,1,10,69,88.91,6134.79,12,0
6562,20251231,1,164,31,100.45,3113.95,11,0
6563,20250731,2,127,19,174.31,3311.89,14,0
6564,20250331,3,102,10,260.69,2606.9,4,0
6565,20241231,2,89,3,157.64,472.92,11,1
6566,20251231,2,68,7,342.49,2397.43,12,1
6567,20251031,1,99,56,346.57,19407.92,12,0
6568,20240229,1,52,6,179.27,1075.62,17,1
6569,20250831,1,164,29,100.45,2913.05,11,0
6570,20251031,1,179,32,231.35,7403.2,12,0
6571,20250630,3,124,56,153.77,8611.12,5,0
6572,20240131,2,144,7,96.31,674.17,14,1
6573,20240630,2,106,68,333.09,22650.12,13,0
6574,20240131,1,92,23,140.04,3220.92,15,0
6575,20240430,2,109,48,303.82,14583.36,10,0
6576,20240531,2,102,0,255.33,0.0,10,1
6577,20240731,1,166,28,212.88,5960.64,13,0
6578,20241130,2,28,6,140.77,844.62,13,1
6579,20240731,3,88,8,335.85,2686.8,4,0
6580,20251231,2,86,3,97.25,291.75,11,1
6581,20250731,2,70,7,48.05,336.35,10,1
6582,20240229,2,91,21,279.07,5860.47,11,0
6583,20240430,2,181,19,305.97,5813.43,17,0
6584,20250331,2,62,65,114.9,7468.5,16,0
6585,20241231,3,19,0,170.21,0.0,5,1
6586,20251231,1,62,11,135.59,1491.49,17,1
6587,20240831,1,75,63,59.74,3763.62,13,0
6588,20250531,3,111,68,148.9,10125.2,5,0
6589,20240430,1,133,11,61.66,678.26,16,1
6590,20240430,3,46,114,308.91,35215.74,7,0
6591,20250331,2,8,9,131.65,1184.85,9,0
6592,20250731,1,46,111,372.17,41310.87,17,0
6593,20240930,3,74,99,108.27,10718.73,5,0
6594,20240531,2,23,72,239.29,17228.88,13,0
6595,20250228,1,147,1,346.92,346.92,10,1
6596,20250731,3,124,3,153.77,461.31,5,1
6597,20241031,2,153,54,113.61,6134.94,10,0
6598,20240430,3,63,126,242.15,30510.9,9,0
6599,20241031,2,33,0,110.89,0.0,13,1
6600,20250930,1,119,0,59.67,0.0,11,1
6601,20240630,1,17,89,307.26,27346.14,14,0
6602,20240229,2,8,0,128.94,0.0,9,1
6603,20250131,3,177,43,215.66,9273.38,5,0
6604,20250331,2,47,84,71.53,6008.52,14,0
6605,20240331,1,96,15,170.74,2561.1,10,0
6606,20241231,2,54,12,257.53,3090.36,16,1
6607,20240430,3,78,6,197.64,1185.84,4,0
6608,20240430,3,71,18,301.72,5430.96,7,0
6609,20240331,2,179,7,226.59,1586.13,12,1
6610,20240331,2,167,26,205.42,5340.92,12,0
6611,20250831,3,37,140,16.65,2331.0,9,0
6612,20251031,3,19,8,205.07,1640.56,5,0
6613,20250131,1,52,25,183.03,4575.75,17,0
6614,20250331,3,65,14,131.52,1841.28,5,0
6615,20250531,2,34,47,182.99,8600.53,12,0
6616,20251031,1,54,22,262.94,5784.68,17,0
6617,20240930,1,146,75,220.88,16566.0,14,0
6618,20240531,1,6,50,178.72,8936.0,11,0
6619,20250930,3,122,10,212.67,2126.7,4,0
6620,20250430,1,126,67,133.03,8913.01,12,0
6621,20241031,3,60,35,241.9,8466.5,7,0
6622,20250430,2,38,91,319.94,29114.54,20,0
6623,20240930,1,133,92,61.66,5672.72,16,0
6624,20241130,1,33,15,110.89,1663.35,14,0
6625,20250731,1,130,1,323.89,323.89,14,1
6626,20240930,2,156,44,161.25,7095.0,11,0
6627,20250430,1,153,0,116.0,0.0,11,1
6628,20240229,2,73,9,255.0,2295.0,13,1
6629,20240229,3,126,13,130.29,1693.77,5,0
6630,20241130,1,90,65,57.58,3742.7,12,0
6631,20240331,2,6,20,178.72,3574.4,10,0
6632,20250430,2,179,18,231.35,4164.3,12,0
6633,20240229,1,66,9,199.26,1793.34,10,1
6634,20251031,1,103,16,154.84,2477.44,13,0
6635,20250228,1,176,45,328.78,14795.1,17,0
6636,20240831,1,28,27,140.77,3800.79,14,0
6637,20250731,3,41,103,163.24,16813.72,7,0
6638,20240430,2,117,46,98.28,4520.88,10,0
6639,20251231,3,76,3,338.68,1016.04,5,1
6640,20250331,2,180,37,95.3,3526.1,14,0
6641,20240331,2,121,3,43.73,131.19,9,1
6642,20251031,1,51,17,79.76,1355.92,18,1
6643,20251031,2,104,12,76.7,920.4,11,0
6644,20240131,3,166,16,212.88,3406.08,5,0
6645,20250531,3,137,29,25.59,742.11,5,0
6646,20250430,3,140,7,41.26,288.82,5,0
6647,20250430,2,137,24,25.59,614.16,13,0
6648,20250228,1,49,27,31.22,842.94,18,0
6649,20240430,1,134,0,60.5,0.0,10,1
6650,20240331,3,80,3,173.12,519.36,5,1
6651,20240430,1,89,7,157.64,1103.48,12,1
6652,20240531,1,57,104,19.26,2003.04,17,0
6653,20250531,1,24,67,189.35,12686.45,12,0
6654,20250831,3,65,88,155.19,13656.72,5,0
6655,20250331,2,24,12,189.35,2272.2,12,0
6656,20250731,2,111,13,148.9,1935.7,11,0
6657,20251031,2,116,8,60.17,481.36,16,1
6658,20251130,2,131,53,37.08,1965.24,13,0
6659,20251231,3,55,22,213.75,4702.5,7,0
6660,20240731,2,83,5,157.14,785.7,10,1
6661,20240630,2,7,44,55.96,2462.24,9,0
6662,20241231,1,146,71,220.88,15682.48,14,0
6663,20240131,3,29,20,238.44,4768.8,4,0
6664,20251231,1,44,3,199.55,598.65,17,1
6665,20240131,2,48,25,32.82,820.5,15,0
6666,20240630,3,60,112,241.9,27092.8,7,0
6667,20240731,2,117,18,98.28,1769.04,10,0
6668,20251130,1,46,34,372.17,12653.78,17,0
6669,20240531,1,142,10,98.85,988.5,11,1
6670,20240331,1,5,17,204.06,3469.02,13,0
6671,20240630,2,36,87,159.06,13838.22,18,0
6672,20250930,2,31,14,300.62,4208.68,13,0
6673,20240731,1,116,0,58.93,0.0,16,1
6674,20251031,2,138,69,88.19,6085.11,13,0
6675,20240229,1,27,19,249.72,4744.68,14,0
6676,20250430,3,98,0,262.51,0.0,6,1
6677,20250430,1,15,86,325.38,27982.68,14,0
6678,20251231,1,180,38,95.3,3621.4,15,0
6679,20251031,2,37,9,16.65,149.85,21,1
6680,20240630,2,167,29,205.42,5957.18,12,0
6681,20241031,2,34,6,151.89,911.34,12,1
6682,20240131,3,168,18,224.71,4044.78,5,0
6683,20241231,3,131,93,36.32,3377.76,6,0
6684,20251130,2,174,12,169.01,2028.12,12,0
6685,20240331,1,150,21,339.92,7138.32,14,0
6686,20241031,1,103,0,151.66,0.0,13,1
6687,20240731,3,120,6,182.88,1097.28,5,0
6688,20251130,1,99,73,346.57,25299.61,12,0
6689,20240131,1,149,18,108.85,1959.3,18,0
6690,20241031,3,38,13,313.36,4073.68,9,0
6691,20240229,1,84,5,312.0,1560.0,12,1
6692,20240930,3,112,23,65.64,1509.72,5,0
6693,20240131,3,17,16,307.26,4916.16,6,0
6694,20240331,1,122,7,208.3,1458.1,11,1
6695,20250531,1,162,25,68.38,1709.5,14,0
6696,20250228,1,27,5,254.96,1274.8,14,1
6697,20240831,1,180,43,93.34,4013.62,15,0
6698,20240430,1,166,19,212.88,4044.72,13,0
6699,20240531,3,139,16,198.93,3182.88,7,0
6700,20240831,2,92,64,140.04,8962.56,14,0
6701,20250731,1,5,80,208.35,16668.0,13,0
6702,20240531,1,48,83,32.82,2724.06,16,0
6703,20250531,1,69,13,239.15,3108.95,12,0
6704,20241231,1,148,64,296.06,18947.84,12,0
6705,20240930,1,135,71,39.89,2832.19,15,0
6706,20240331,3,156,10,161.25,1612.5,5,0
6707,20250430,1,80,0,176.76,0.0,12,1
6708,20240331,2,108,11,166.46,1831.06,13,1
6709,20241130,2,117,7,98.28,687.96,10,1
6710,20250930,3,43,22,300.28,6606.16,6,0
6711,20240831,1,23,13,239.29,3110.77,14,1
6712,20241130,2,89,44,157.64,6936.16,11,0
6713,20250831,3,111,13,148.9,1935.7,5,0
6714,20240630,1,29,62,238.44,14783.28,10,0
6715,20240930,3,67,71,23.77,1687.67,6,0
6716,20240131,1,80,17,173.12,2943.04,12,0
6717,20241231,1,61,2,75.23,150.46,18,1
6718,20250331,2,29,6,243.45,1460.7,10,1
6719,20250630,3,139,7,203.11,1421.77,7,0
6720,20251031,2,172,18,221.22,3981.96,12,0
6721,20251031,2,179,26,231.35,6015.1,12,0
6722,20250731,1,64,87,70.89,6167.43,15,0
6723,20240831,2,153,4,113.61,454.44,10,1
6724,20250531,3,19,66,205.07,13534.62,5,0
6725,20240531,2,139,12,198.93,2387.16,16,1
6726,20241031,2,20,26,32.44,843.44,15,0
6727,20241031,1,108,0,166.46,0.0,14,1
6728,20250331,2,20,0,33.12,0.0,15,1
6729,20250331,3,98,14,262.51,3675.14,6,0
6730,20250630,3,60,95,291.44,27686.8,7,0
6731,20240430,3,178,35,116.97,4093.95,7,0
6732,20240630,2,182,33,56.87,1876.71,13,0
6733,20250430,1,31,65,300.62,19540.3,14,0
6734,20250531,2,163,17,300.77,5113.09,10,0
6735,20250430,3,149,12,111.14,1333.68,7,0
6736,20250131,1,86,19,82.42,1565.98,12,0
6737,20250131,3,40,36,274.41,9878.76,7,0
6738,20240430,1,36,105,159.06,16701.3,19,0
6739,20241031,1,71,97,301.72,29266.84,16,0
6740,20241130,3,2,9,292.58,2633.22,3,0
6741,20250531,3,16,63,224.02,14113.26,4,0
6742,20250930,3,172,31,221.22,6857.82,5,0
6743,20250531,1,76,14,338.68,4741.52,12,0
6744,20250630,2,167,18,209.73,3775.14,12,0
6745,20250131,3,127,3,174.31,522.93,6,1
6746,20240229,3,97,0,210.05,0.0,5,1
6747,20251231,1,141,46,314.24,14455.04,10,0
6748,20240630,1,61,94,75.23,7071.62,18,0
6749,20250531,2,46,85,372.17,31634.45,17,0
6750,20251130,3,107,35,150.54,5268.9,6,0
6751,20240531,3,17,81,307.26,24888.06,6,0
6752,20251130,1,7,14,57.14,799.96,10,0
6753,20251130,2,92,59,168.72,9954.48,14,0
6754,20250630,1,22,44,298.47,13132.68,8,0
6755,20250630,1,48,79,33.51,2647.29,16,0
6756,20240229,3,160,48,40.71,1954.08,6,0
6757,20241130,3,126,15,130.29,1954.35,5,0
6758,20251130,2,69,53,239.15,12674.95,11,0
6759,20251231,1,3,4,227.23,908.92,11,1
6760,20250531,1,94,5,124.3,621.5,12,1
6761,20240630,3,147,5,339.78,1698.9,4,0
6762,20250930,3,102,57,260.69,14859.33,4,0
6763,20251031,3,16,0,224.02,0.0,4,1
6764,20240229,2,74,24,108.27,2598.48,12,0
6765,20240430,2,102,10,255.33,2553.3,10,0
6766,20250331,1,160,27,41.56,1122.12,15,0
6767,20250630,1,39,109,122.17,13316.53,19,0
6768,20250930,2,134,49,61.77,3026.73,10,0
6769,20240531,3,93,0,132.18,0.0,4,1
6770,20250831,1,63,129,247.24,31893.96,21,0
6771,20240430,2,20,74,32.44,2400.56,15,0
6772,20250630,2,106,60,340.08,20404.8,13,0
6773,20240630,1,128,10,77.25,772.5,10,0
6774,20250228,1,114,6,152.73,916.38,12,1
6775,20240731,3,29,74,238.44,17644.56,4,0
6776,20250228,2,148,9,302.28,2720.52,11,1
6777,20251130,2,133,72,62.95,4532.4,15,0
6778,20250228,3,134,21,61.77,1297.17,4,0
6779,20240531,1,105,70,166.12,11628.4,12,0
6780,20240331,3,178,44,116.97,5146.68,7,0
6781,20240531,1,9,54,66.28,3579.12,9,0
6782,20240831,2,71,65,301.72,19611.8,15,0
6783,20250131,2,76,15,287.01,4305.15,11,0
6784,20240430,3,117,61,98.28,5995.08,4,0
6785,20250831,3,147,6,346.92,2081.52,4,0
6786,20240131,1,167,17,205.42,3492.14,13,0
6787,20251031,2,21,14,242.82,3399.48,11,0
6788,20240731,3,179,29,226.59,6571.11,5,0
6789,20250630,3,136,23,112.45,2586.35,5,0
6790,20240229,3,127,16,170.72,2731.52,6,0
6791,20241231,1,6,16,178.72,2859.52,11,0
6792,20250630,1,63,102,247.24,25218.48,21,0
6793,20250430,1,83,8,160.44,1283.52,11,1
6794,20250831,2,129,24,46.45,1114.8,19,0
6795,20241031,2,6,5,178.72,893.6,10,1
6796,20250731,2,172,13,221.22,2875.86,12,0
6797,20250630,1,51,101,79.76,8055.76,18,0
6798,20240430,2,92,12,140.04,1680.48,14,1
6799,20250930,1,91,56,336.22,18828.32,11,0
6800,20250430,2,25,41,149.35,6123.35,9,0
6801,20240229,3,66,12,199.26,2391.12,4,0
6802,20240930,3,75,90,59.74,5376.6,5,0
6803,20251031,1,106,10,340.08,3400.8,14,1
6804,20240131,3,65,9,128.81,1159.29,5,0
6805,20240531,3,38,133,313.36,41676.88,9,0
6806,20241231,3,9,4,66.28,265.12,3,0
6807,20240630,1,113,61,276.01,16836.61,10,0
6808,20240331,2,109,14,303.82,4253.48,10,0
6809,20240630,2,148,8,296.06,2368.48,11,1
6810,20251231,1,14,0,27.18,0.0,15,1
6811,20240731,1,22,40,247.74,9909.6,8,0
6812,20250430,1,119,54,59.67,3222.18,11,0
6813,20240331,1,13,23,308.85,7103.55,12,0
6814,20240930,3,161,41,62.84,2576.44,6,0
6815,20250831,2,109,1,310.2,310.2,10,1
6816,20240229,2,66,3,199.26,597.78,9,1
6817,20250831,2,91,41,336.22,13785.02,11,0
6818,20241231,1,93,10,132.18,1321.8,10,0
6819,20241031,3,61,13,75.23,977.99,7,0
6820,20240131,1,83,15,157.14,2357.1,11,0
6821,20240831,3,48,81,32.82,2658.42,7,0
6822,20250630,2,95,9,64.62,581.58,7,0
6823,20250131,1,171,12,85.46,1025.52,12,0
6824,20241130,3,103,10,151.66,1516.6,5,0
6825,20241031,2,1,4,182.3,729.2,8,1
6826,20251130,3,61,18,76.81,1382.58,7,0
6827,20251130,2,10,15,88.91,1333.65,11,0
6828,20240430,1,182,26,56.87,1478.62,14,0
6829,20250831,1,100,57,369.19,21043.83,11,0
6830,20250131,3,118,18,343.17,6177.06,5,0
6831,20250531,2,113,34,281.81,9581.54,9,0
6832,20251130,2,118,0,343.17,0.0,12,1
6833,20240531,2,109,50,303.82,15191.0,10,0
6834,20241231,1,179,27,226.59,6117.93,12,0
6835,20240331,1,39,94,119.66,11248.04,19,0
6836,20250731,3,86,9,97.25,875.25,5,0
6837,20240229,2,116,27,58.93,1591.11,16,0
6838,20250331,1,104,9,76.7,690.3,11,1
6839,20250930,2,60,22,291.44,6411.68,16,0
6840,20240930,2,134,52,60.5,3146.0,10,0
6841,20251031,2,95,35,64.62,2261.7,7,0
6842,20250630,2,59,72,391.48,28186.56,16,0
6843,20240430,1,30,52,98.88,5141.76,11,0
6844,20250930,2,44,8,199.55,1596.4,16,1
6845,20241130,2,84,53,312.0,16536.0,12,0
6846,20241031,2,138,62,86.38,5355.56,13,0
6847,20251130,2,137,61,25.59,1560.99,13,0
6848,20240531,2,67,8,23.77,190.16,13,1
6849,20240731,1,148,13,296.06,3848.78,12,0
6850,20250228,3,160,34,41.56,1413.04,6,0
6851,20251231,2,58,12,149.54,1794.48,17,1
6852,20250531,3,127,8,174.31,1394.48,6,0
6853,20251231,1,48,16,33.51,536.16,16,0
6854,20250331,1,118,20,343.17,6863.4,13,0
6855,20250731,3,120,0,186.72,0.0,5,1
6856,20240731,3,140,18,40.41,727.38,5,0
6857,20241231,2,42,31,261.53,8107.43,22,0
6858,20240831,1,21,10,201.55,2015.5,12,1
6859,20251130,3,150,71,347.06,24641.26,6,0
6860,20250930,3,97,93,253.06,23534.58,5,0
6861,20240131,3,98,21,257.11,5399.31,6,0
6862,20250331,2,115,7,47.23,330.61,11,1
6863,20250531,1,141,15,314.24,4713.6,10,0
6864,20250228,1,73,12,260.35,3124.2,14,1
6865,20240229,3,38,0,313.36,0.0,9,1
6866,20250228,2,132,0,128.45,0.0,13,1
6867,20241031,1,105,1,166.12,166.12,12,1
6868,20240630,3,169,22,276.47,6082.34,6,0
6869,20250331,3,133,2,62.95,125.9,7,1
6870,20240531,1,100,6,306.44,1838.64,11,1
6871,20240731,1,2,44,292.58,12873.52,7,0
6872,20250228,3,152,1,271.4,271.4,4,1
6873,20250531,2,42,109,267.02,29105.18,22,0
6874,20241231,1,124,9,150.61,1355.49,12,1
6875,20240831,2,172,33,216.67,7150.11,12,0
6876,20251130,2,23,9,244.32,2198.88,13,1
6877,20250531,1,30,65,119.13,7743.45,11,0
6878,20250531,3,177,34,215.66,7332.44,5,0
6879,20241031,3,37,16,16.31,260.96,9,0
6880,20240229,1,145,23,108.83,2503.09,16,0
6881,20241231,2,131,67,36.32,2433.44,13,0
6882,20240731,3,90,16,57.58,921.28,5,0
6883,20250630,1,149,10,111.14,1111.4,18,1
6884,20240131,2,53,0,176.84,0.0,19,1
6885,20240831,1,53,84,176.84,14854.56,20,0
6886,20240930,1,106,14,333.09,4663.26,14,0
6887,20250228,2,72,9,200.75,1806.75,12,1
6888,20241130,1,114,20,149.59,2991.8,12,0
6889,20251031,1,114,4,152.73,610.92,12,1
6890,20250430,1,6,51,182.47,9305.97,11,0
6891,20240331,3,27,4,249.72,998.88,6,1
6892,20250228,1,15,4,325.38,1301.52,14,1
6893,20240430,1,25,50,146.28,7314.0,9,0
6894,20251130,2,158,16,184.61,2953.76,15,0
6895,20240930,2,72,52,196.62,10224.24,12,0
6896,20240630,3,37,179,16.31,2919.49,9,0
6897,20251031,1,64,21,70.89,1488.69,15,0
6898,20240831,2,117,12,98.28,1179.36,10,0
6899,20251031,3,102,58,260.69,15120.02,4,0
6900,20250930,3,180,31,95.3,2954.3,6,0
6901,20250930,1,16,4,224.02,896.08,9,1
6902,20251231,1,142,55,100.93,5551.15,11,0
6903,20240331,2,29,5,238.44,1192.2,10,1
6904,20250131,2,148,21,302.28,6347.88,11,0
6905,20241031,2,157,33,24.69,814.77,12,0
6906,20250430,2,23,61,244.32,14903.52,13,0
6907,20250630,1,97,16,253.06,4048.96,12,0
6908,20241130,1,47,35,70.06,2452.1,15,0
6909,20250531,1,62,97,135.59,13152.23,17,0
6910,20250630,1,43,78,300.28,23421.84,15,0
6911,20240831,2,34,16,151.89,2430.24,12,0
6912,20240731,2,180,22,93.34,2053.48,14,0
6913,20240430,1,108,80,166.46,13316.8,14,0
6914,20241031,1,176,39,322.02,12558.78,17,0
6915,20250228,3,45,8,78.37,626.96,6,0
6916,20251231,1,128,51,78.87,4022.37,10,0
6917,20240229,3,90,10,57.58,575.8,5,0
6918,20250731,3,103,21,154.84,3251.64,5,0
6919,20250731,1,84,17,375.89,6390.13,12,0
6920,20240229,1,41,23,159.88,3677.24,16,0
6921,20251031,1,42,13,267.02,3471.26,23,1
6922,20240831,1,1,4,182.3,729.2,9,1
6923,20240831,1,44,80,195.45,15636.0,17,0
6924,20250228,1,80,0,176.76,0.0,12,1
6925,20250630,1,34,73,182.99,13358.27,13,0
6926,20251130,3,169,49,282.28,13831.72,6,0
6927,20240630,1,122,63,208.3,13122.9,11,0
6928,20250430,3,9,50,67.67,3383.5,3,0
6929,20240731,3,83,0,157.14,0.0,4,1
6930,20240731,1,134,2,60.5,121.0,10,1
6931,20240131,1,13,1,308.85,308.85,12,1
6932,20250930,1,162,33,68.38,2256.54,14,0
6933,20241031,1,139,81,198.93,16113.33,17,0
6934,20240229,1,129,27,45.49,1228.23,20,0
6935,20251231,3,48,11,33.51,368.61,7,0
6936,20250930,2,144,58,98.33,5703.14,14,0
6937,20241130,2,86,47,80.72,3793.84,11,0
6938,20240930,1,119,4,58.44,233.76,11,1
6939,20240331,1,80,19,173.12,3289.28,12,0
6940,20251231,3,172,29,221.22,6415.38,5,0
6941,20250531,3,55,103,213.75,22016.25,7,0
6942,20240831,1,89,60,157.64,9458.4,12,0
6943,20250331,1,147,18,346.92,6244.56,10,0
6944,20241231,1,117,11,98.28,1081.08,10,0
6945,20250131,2,146,14,225.52,3157.28,14,0
6946,20240531,1,68,12,284.28,3411.36,13,1
6947,20250131,3,89,4,160.95,643.8,5,1
6948,20251231,2,182,30,58.06,1741.8,13,0
6949,20251031,2,34,0,182.99,0.0,12,1
6950,20250430,3,127,10,174.31,1743.1,6,0
6951,20240131,2,89,6,157.64,945.84,11,1
6952,20240930,1,4,14,155.56,2177.84,11,0
6953,20240531,1,83,8,157.14,1257.12,11,1
6954,20240131,3,111,14,145.84,2041.76,5,0
6955,20240331,3,102,18,255.33,4595.94,4,0
6956,20250831,1,112,15,67.02,1005.3,13,0
6957,20240930,1,60,17,241.9,4112.3,17,0
6958,20241031,3,74,88,108.27,9527.76,5,0
6959,20241231,2,57,7,19.26,134.82,16,1
6960,20240331,1,104,12,75.12,901.44,11,0
6961,20241130,3,41,21,159.88,3357.48,7,0
6962,20240430,3,54,98,257.53,25237.94,7,0
6963,20240430,1,5,64,204.06,13059.84,13,0
6964,20250930,1,90,69,69.37,4786.53,12,0
6965,20240229,3,45,5,76.76,383.8,6,1
6966,20240630,2,96,7,170.74,1195.18,10,1
6967,20250731,1,137,0,25.59,0.0,13,1
6968,20241031,1,125,0,285.25,0.0,12,1
6969,20240229,3,124,7,150.61,1054.27,5,0
6970,20250131,2,72,3,200.75,602.25,12,1
6971,20241231,1,17,17,307.26,5223.42,14,0
6972,20240331,3,109,0,303.82,0.0,4,1
6973,20250731,2,49,76,31.22,2372.72,17,0
6974,20240531,1,148,18,296.06,5329.08,12,0
6975,20250831,2,127,4,174.31,697.24,14,1
6976,20240531,2,94,2,121.74,243.48,11,1
6977,20240229,3,37,35,16.31,570.85,9,0
6978,20250731,3,61,113,76.81,8679.53,7,0
6979,20240930,1,126,6,130.29,781.74,12,1
6980,20251130,1,123,5,132.28,661.4,13,1
6981,20250331,1,113,0,281.81,0.0,10,1
6982,20250131,1,126,26,133.03,3458.78,12,0
6983,20250430,3,50,124,297.82,36929.68,8,0
6984,20251031,1,45,23,78.37,1802.51,16,0
6985,20240831,2,7,6,55.96,335.76,9,1
6986,20241130,2,168,16,224.71,3595.36,12,0
6987,20240731,2,121,13,43.73,568.49,9,0
6988,20250228,3,48,15,33.51,502.65,7,0
6989,20240430,1,28,81,140.77,11402.37,14,0
6990,20250531,3,118,70,343.17,24021.9,5,0
6991,20250930,1,61,14,76.81,1075.34,18,1
6992,20250430,3,112,87,67.02,5830.74,5,0
6993,20240131,1,28,10,140.77,1407.7,14,1
6994,20240930,1,8,3,128.94,386.82,10,1
6995,20250228,2,70,0,40.72,0.0,10,1
6996,20240430,2,76,13,281.11,3654.43,11,0
6997,20241031,3,145,89,108.83,9685.87,7,0
6998,20240430,1,106,67,333.09,22317.03,14,0
6999,20240731,3,75,19,59.74,1135.06,5,0
7000,20250630,1,139,32,203.11,6499.52,17,0
7001,20250331,2,133,10,62.95,629.5,15,1
7002,20250630,1,66,20,240.06,4801.2,10,0
7003,20241130,1,101,68,62.94,4279.92,12,0
7004,20250930,2,158,36,184.61,6645.96,15,0
7005,20241031,3,97,80,210.05,16804.0,5,0
7006,20250131,1,146,14,225.52,3157.28,14,0
7007,20251130,2,62,23,135.59,3118.57,16,0
7008,20240531,3,107,88,147.44,12974.72,6,0
7009,20250531,2,60,80,291.44,23315.2,16,0
7010,20240731,1,95,12,53.64,643.68,8,0
7011,20240531,2,120,55,182.88,10058.4,11,0
7012,20240731,3,166,15,212.88,3193.2,5,0
7013,20250331,2,104,9,76.7,690.3,11,1
7014,20240531,2,38,91,313.36,28515.76,20,0
7015,20240731,1,107,10,147.44,1474.4,14,1
7016,20240430,2,65,9,128.81,1159.29,12,1
7017,20250430,3,78,0,201.79,0.0,4,1
7018,20240430,1,140,11,40.41,444.51,12,1
7019,20240331,3,148,13,296.06,3848.78,5,0
7020,20240930,2,56,5,287.11,1435.55,18,1
7021,20250731,1,89,3,189.92,569.76,12,1
7022,20251231,1,21,10,242.82,2428.2,12,1
7023,20250930,3,94,81,124.3,10068.3,5,0
7024,20240430,2,179,23,226.59,5211.57,12,0
7025,20251231,3,57,2,23.2,46.4,7,1
7026,20240331,1,106,15,333.09,4996.35,14,0
7027,20241031,3,47,9,70.06,630.54,6,0
7028,20250930,3,160,55,41.56,2285.8,6,0
7029,20240331,1,52,62,179.27,11114.74,17,0
7030,20240131,1,157,36,24.69,888.84,13,0
7031,20240930,1,127,69,170.72,11779.68,15,0
7032,20241130,2,126,2,130.29,260.58,12,1
7033,20240531,1,38,90,313.36,28202.4,21,0
7034,20241231,1,18,11,242.09,2662.99,6,0
7035,20250531,3,136,26,112.45,2923.7,5,0
7036,20241031,1,127,83,170.72,14169.76,15,0
7037,20251130,2,66,42,240.06,10082.52,9,0
7038,20250630,1,181,35,312.4,10934.0,18,0
7039,20240229,2,163,19,294.58,5597.02,10,0
7040,20240131,1,70,11,39.88,438.68,10,0
7041,20251130,2,111,4,148.9,595.6,11,1
7042,20250930,3,61,21,76.81,1613.01,7,0
7043,20251031,2,46,13,372.17,4838.21,17,1
7044,20240930,1,56,17,287.11,4880.87,19,1
7045,20240930,2,152,36,265.82,9569.52,9,0
7046,20240331,3,88,0,335.85,0.0,4,1
7047,20241130,3,38,12,313.36,3760.32,9,0
7048,20250531,1,173,31,212.35,6582.85,16,0
7049,20250331,2,139,19,203.11,3859.09,16,0
7050,20250228,2,46,0,315.4,0.0,17,1
7051,20240430,1,145,24,108.83,2611.92,16,0
7052,20251031,3,88,59,404.63,23873.17,4,0
7053,20251031,1,153,56,116.0,6496.0,11,0
7054,20240731,2,148,12,296.06,3552.72,11,0
7055,20251130,1,102,72,260.69,18769.68,10,0
7056,20240430,1,111,59,145.84,8604.56,12,0
7057,20250630,3,127,22,174.31,3834.82,6,0
7058,20240630,3,93,16,132.18,2114.88,4,0
7059,20250630,1,163,19,300.77,5714.63,11,0
7060,20250430,3,68,19,290.25,5514.75,5,0
7061,20240731,3,54,80,257.53,20602.4,7,0
7062,20250331,2,136,6,112.45,674.7,12,1
7063,20240630,1,116,93,58.93,5480.49,16,0
7064,20250131,3,83,2,160.44,320.88,4,1
7065,20240930,1,88,57,335.85,19143.45,9,0
7066,20241231,2,180,14,93.34,1306.76,14,0
7067,20240229,3,102,15,255.33,3829.95,4,0
7068,20251130,3,132,88,128.45,11303.6,6,0
7069,20250831,1,28,15,143.73,2155.95,14,0
7070,20241031,2,104,17,75.12,1277.04,11,0
7071,20250430,3,48,110,33.51,3686.1,7,0
7072,20251231,2,168,9,229.43,2064.87,12,1
7073,20250531,1,58,88,149.54,13159.52,18,0
7074,20240131,2,74,14,108.27,1515.78,12,0
7075,20240331,2,25,4,146.28,585.12,9,1
7076,20250930,2,118,16,343.17,5490.72,12,0
7077,20250430,1,63,107,247.24,26454.68,21,0
7078,20250131,2,120,11,186.72,2053.92,11,0
7079,20240930,1,79,64,144.83,9269.12,12,0
7080,20250831,3,124,13,153.77,1999.01,5,0
7081,20250630,2,152,8,271.4,2171.2,9,1
7082,20240930,3,68,69,284.28,19615.32,5,0
7083,20240331,2,170,27,16.6,448.2,12,0
7084,20240630,1,173,48,207.98,9983.04,16,0
7085,20250228,2,55,6,213.75,1282.5,15,1
7086,20240831,3,161,32,62.84,2010.88,6,0
7087,20250228,3,163,24,300.77,7218.48,4,0
7088,20250331,2,144,20,98.33,1966.6,14,0
7089,20251130,1,16,3,224.02,672.06,9,1
7090,20250131,1,84,5,318.55,1592.75,12,1
7091,20251031,1,94,71,124.3,8825.3,12,0
7092,20240930,1,83,55,157.14,8642.7,11,0
7093,20241031,3,82,69,278.39,19208.91,4,0
7094,20240430,3,37,149,16.31,2430.19,9,0
7095,20240630,1,79,4,144.83,579.32,12,1
7096,20250831,3,55,100,213.75,21375.0,7,0
7097,20250430,1,169,38,282.28,10726.64,14,0
7098,20240131,3,120,11,182.88,2011.68,5,0
7099,20240430,3,40,119,268.77,31983.63,7,0
7100,20241031,3,153,80,113.61,9088.8,4,0
7101,20251031,3,50,29,297.82,8636.78,8,0
7102,20241231,3,86,6,80.72,484.32,5,0
7103,20251231,1,100,5,369.19,1845.95,11,1
7104,20251031,1,130,79,323.89,25587.31,14,0
7105,20250731,2,106,6,340.08,2040.48,13,1
7106,20251031,1,50,19,297.82,5658.58,19,0
7107,20240331,2,47,64,70.06,4483.84,14,0
7108,20240930,2,128,49,77.25,3785.25,10,0
7109,20250930,2,178,39,119.43,4657.77,16,0
7110,20250131,2,8,7,131.65,921.55,9,1
7111,20250731,2,176,25,328.78,8219.5,16,0
7112,20250430,1,127,8,174.31,1394.48,15,1
7113,20240531,1,109,64,303.82,19444.48,11,0
7114,20251231,3,131,69,37.08,2558.52,6,0
7115,20240131,1,64,14,69.43,972.02,15,1
7116,20250630,1,81,6,364.83,2188.98,13,1
7117,20250930,2,27,14,254.96,3569.44,14,0
7118,20251130,3,157,31,25.21,781.51,5,0
7119,20240131,2,37,31,16.31,505.61,21,0
7120,20250531,3,26,67,246.82,16536.94,4,0
7121,20240731,1,124,9,150.61,1355.49,12,1
7122,20250331,1,22,6,252.94,1517.64,8,1
7123,20250331,2,117,2,100.34,200.68,10,1
7124,20240831,2,85,42,40.9,1717.8,9,0
7125,20240630,3,177,37,211.22,7815.14,5,0
7126,20240630,2,2,27,292.58,7899.66,7,0
7127,20251231,1,53,13,180.55,2347.15,20,1
7128,20240131,3,133,6,61.66,369.96,7,1
7129,20251031,2,107,7,150.54,1053.78,13,1
7130,20250630,1,177,20,215.66,4313.2,12,0
7131,20250331,1,52,91,183.03,16655.73,17,0
7132,20251231,3,88,26,404.63,10520.38,4,0
7133,20250930,1,172,34,221.22,7521.48,13,0
7134,20240531,2,133,20,61.66,1233.2,15,0
7135,20250630,3,133,22,62.95,1384.9,7,0
7136,20240229,2,14,4,26.62,106.48,14,1
7137,20241130,3,118,10,336.11,3361.1,5,0
7138,20250930,1,169,33,282.28,9315.24,14,0
7139,20240731,2,132,10,125.81,1258.1,13,1
7140,20250731,1,157,30,25.21,756.3,13,0
7141,20240430,1,100,5,306.44,1532.2,11,1
7142,20240331,2,168,17,224.71,3820.07,12,0
7143,20250731,1,120,23,186.72,4294.56,12,0
7144,20240430,1,61,86,75.23,6469.78,18,0
7145,20250930,1,14,5,27.18,135.9,15,1
7146,20250630,3,61,110,76.81,8449.1,7,0
7147,20240331,1,179,5,226.59,1132.95,12,1
7148,20241031,1,91,72,279.07,20093.04,11,0
7149,20240430,3,86,14,80.72,1130.08,5,0
7150,20250731,1,155,16,329.15,5266.4,17,1
7151,20251130,1,119,0,59.67,0.0,11,1
7152,20251031,3,133,89,62.95,5602.55,7,0
7153,20251031,1,118,17,343.17,5833.89,13,0
7154,20250430,1,163,10,300.77,3007.7,11,1
7155,20240930,1,121,12,43.73,524.76,10,0
7156,20240229,2,17,9,307.26,2765.34,13,1
7157,20251130,1,59,16,391.48,6263.68,16,0
7158,20240430,2,46,81,308.91,25021.71,17,0
7159,20250131,1,87,20,215.66,4313.2,15,0
7160,20250630,2,82,11,335.4,3689.4,10,0
7161,20240831,2,162,17,66.97,1138.49,14,0
7162,20251031,2,58,11,149.54,1644.94,17,1
7163,20250430,1,179,22,231.35,5089.7,12,0
7164,20240831,1,157,25,24.69,617.25,13,0
7165,20250630,1,55,93,213.75,19878.75,16,0
7166,20240831,2,38,91,313.36,28515.76,20,0
7167,20240831,1,170,29,16.6,481.4,12,0
7168,20240630,2,171,10,83.7,837.0,12,1
7169,20250531,2,115,54,47.23,2550.42,11,0
7170,20251231,1,147,56,346.92,19427.52,10,0
7171,20250430,3,157,24,25.21,605.04,5,0
7172,20250331,1,179,21,231.35,4858.35,12,0
7173,20241031,1,28,4,140.77,563.08,14,1
7174,20240229,3,150,14,339.92,4758.88,6,0
7175,20250731,1,21,57,242.82,13840.74,12,0
7176,20240229,3,177,27,211.22,5702.94,5,0
7177,20250228,2,37,6,16.65,99.9,21,1
7178,20240430,2,115,52,46.26,2405.52,11,0
7179,20240430,1,49,79,30.58,2415.82,18,0
7180,20250731,3,108,6,169.96,1019.76,6,0
7181,20250930,1,68,65,342.49,22261.85,13,0
7182,20250131,2,102,5,260.69,1303.45,10,1
7183,20241231,3,98,15,257.11,3856.65,6,0
7184,20250731,2,6,41,182.47,7481.27,10,0
7185,20250630,3,66,15,240.06,3600.9,4,0
7186,20250131,3,165,46,107.92,4964.32,5,0
7187,20241130,2,121,6,43.73,262.38,9,1
7188,20240531,1,52,87,179.27,15596.49,17,0
7189,20250228,2,129,3,46.45,139.35,19,1
7190,20250430,3,16,63,224.02,14113.26,4,0
7191,20250831,1,86,59,97.25,5737.75,12,0
7192,20240731,1,45,83,76.76,6371.08,16,0
7193,20250228,1,177,24,215.66,5175.84,12,0
7194,20240930,2,21,1,201.55,201.55,11,1
7195,20250331,1,66,10,203.44,2034.4,10,0
7196,20250131,2,178,17,119.43,2030.31,16,0
7197,20241231,1,27,18,249.72,4494.96,14,0
7198,20240430,3,83,11,157.14,1728.54,4,0
7199,20241231,1,21,8,201.55,1612.4,12,1
7200,20250831,1,24,6,189.35,1136.1,12,1
7201,20240531,1,17,91,307.26,27960.66,14,0
7202,20240930,2,4,8,155.56,1244.48,10,1
7203,20250228,1,86,24,82.42,1978.08,12,0
7204,20251231,1,130,69,323.89,22348.41,14,0
7205,20251130,1,174,24,169.01,4056.24,13,0
7206,20251231,3,177,40,215.66,8626.4,5,0
7207,20240531,2,29,27,238.44,6437.88,10,0
7208,20240731,3,132,0,125.81,0.0,6,1
7209,20240630,1,87,17,211.22,3590.74,15,0
7210,20240930,3,43,11,294.1,3235.1,6,0
7211,20250430,1,130,14,323.89,4534.46,14,0
7212,20240229,3,92,14,140.04,1960.56,6,0
7213,20240331,3,152,16,265.82,4253.12,4,0
7214,20250531,2,39,75,122.17,9162.75,18,0
7215,20240131,2,84,7,312.0,2184.0,12,1
7216,20240331,1,157,19,24.69,469.11,13,0
7217,20251231,3,154,72,329.92,23754.24,5,0
7218,20240131,1,104,9,75.12,676.08,11,1
7219,20240531,1,111,57,145.84,8312.88,12,0
7220,20240531,1,104,53,75.12,3981.36,11,0
7221,20250630,2,156,2,164.64,329.28,11,1
7222,20240531,2,43,60,294.1,17646.0,14,0
7223,20250228,3,29,14,243.45,3408.3,4,0
7224,20240831,2,138,10,86.38,863.8,13,1
7225,20251130,2,41,11,163.24,1795.64,15,1
7226,20240531,3,177,33,211.22,6970.26,5,0
7227,20240531,2,169,7,276.47,1935.29,13,1
7228,20240630,1,69,13,198.5,2580.5,12,0
7229,20241031,3,41,0,159.88,0.0,7,1
7230,20240131,1,58,20,146.46,2929.2,18,0
7231,20250630,3,147,15,346.92,5203.8,4,0
7232,20240531,1,120,68,182.88,12435.84,12,0
7233,20240930,2,36,2,159.06,318.12,18,1
7234,20250228,2,60,13,246.98,3210.74,16,1
7235,20250430,1,136,19,112.45,2136.55,12,0
7236,20250930,1,17,10,313.71,3137.1,14,1
7237,20240831,2,25,2,146.28,292.56,9,1
7238,20241231,2,102,12,255.33,3063.96,10,0
7239,20240131,2,62,11,112.54,1237.94,16,1
7240,20250930,1,92,90,168.72,15184.8,15,0
7241,20250331,3,89,17,160.95,2736.15,5,0
7242,20250831,1,50,99,297.82,29484.18,19,0
7243,20240930,1,125,0,285.25,0.0,12,1
7244,20240229,1,111,2,145.84,291.68,12,1
7245,20240430,3,68,13,284.28,3695.64,5,0
7246,20240531,1,49,104,30.58,3180.32,18,0
7247,20240731,3,78,19,197.64,3755.16,4,0
7248,20251231,3,133,86,62.95,5413.7,7,0
7249,20240531,1,117,54,98.28,5307.12,10,0
7250,20240331,3,141,12,307.78,3693.36,4,0
7251,20241231,3,88,5,335.85,1679.25,4,0
7252,20240430,3,48,99,32.82,3249.18,7,0
7253,20240531,1,141,11,307.78,3385.58,10,0
7254,20250630,2,96,6,205.7,1234.2,10,1
7255,20240531,1,33,81,110.89,8982.09,14,0
7256,20250831,2,38,80,319.94,25595.2,20,0
7257,20250228,3,88,14,342.9,4800.6,4,0
7258,20250531,1,153,1,116.0,116.0,11,1
7259,20240630,2,27,66,249.72,16481.52,14,0
7260,20240331,2,116,15,58.93,883.95,16,1
7261,20240831,2,160,33,40.71,1343.43,14,0
7262,20240531,1,55,95,209.35,19888.25,16,0
7263,20251130,1,163,19,300.77,5714.63,11,0
7264,20250831,3,154,17,329.92,5608.64,5,0
7265,20240731,1,132,4,125.81,503.24,14,1
7266,20250430,2,48,72,33.51,2412.72,15,0
7267,20250531,2,68,13,342.49,4452.37,12,0
7268,20240531,3,104,61,75.12,4582.32,5,0
7269,20250331,2,124,9,153.77,1383.93,12,1
7270,20251130,1,54,23,262.94,6047.62,17,0
7271,20240731,3,17,72,307.26,22122.72,6,0
7272,20241031,1,168,25,224.71,5617.75,13,0
7273,20240630,1,66,12,199.26,2391.12,10,0
7274,20240331,3,116,0,58.93,0.0,7,1
7275,20240131,1,156,9,161.25,1451.25,12,1
7276,20250630,3,161,41,64.16,2630.56,6,0
7277,20241130,1,131,75,36.32,2724.0,14,0
7278,20250630,2,148,9,302.28,2720.52,11,1
7279,20240430,1,150,11,339.92,3739.12,14,1
7280,20250331,2,107,3,150.54,451.62,13,1
7281,20251130,1,23,16,244.32,3909.12,14,0
7282,20241130,3,141,65,307.78,20005.7,4,0
7283,20240131,2,164,21,98.38,2065.98,10,0
7284,20251130,1,14,18,27.18,489.24,15,0
7285,20240831,3,166,41,212.88,8728.08,5,0
7286,20250331,3,21,9,205.78,1852.02,5,0
7287,20240430,2,148,17,296.06,5033.02,11,0
7288,20240630,1,53,97,176.84,17153.48,20,0
7289,20251231,2,144,60,98.33,5899.8,14,0
7290,20241231,3,97,7,210.05,1470.35,5,0
7291,20251031,3,181,51,312.4,15932.4,8,0
7292,20250930,3,149,122,111.14,13559.08,7,0
7293,20241031,2,102,48,255.33,12255.84,10,0
7294,20250228,3,72,20,200.75,4015.0,5,0
7295,20251031,3,93,67,159.25,10669.75,4,0
7296,20240731,1,154,15,323.13,4846.95,13,0
7297,20250430,2,173,44,212.35,9343.4,15,0
7298,20251031,2,133,77,62.95,4847.15,15,0
7299,20250430,2,76,8,287.01,2296.08,11,1
7300,20240731,2,92,9,140.04,1260.36,14,1
7301,20250531,1,13,59,315.34,18605.06,12,0
7302,20251231,1,27,19,254.96,4844.24,14,0
7303,20240531,3,8,65,128.94,8381.1,4,0
7304,20250531,1,180,26,95.3,2477.8,15,0
7305,20250228,2,4,9,158.83,1429.47,10,1
7306,20241031,2,134,55,60.5,3327.5,10,0
7307,20250731,3,8,64,155.34,9941.76,4,0
7308,20250228,3,154,27,329.92,8907.84,5,0
7309,20251031,2,129,85,46.45,3948.25,19,0
7310,20251031,3,139,116,203.11,23560.76,7,0
7311,20240831,1,114,8,149.59,1196.72,12,1
7312,20250531,2,86,0,97.25,0.0,11,1
7313,20251231,2,97,8,253.06,2024.48,11,1
7314,20250731,1,68,0,342.49,0.0,13,1
7315,20250131,3,65,13,131.52,1709.76,5,0
7316,20251130,1,172,16,221.22,3539.52,13,0
7317,20240531,1,98,26,257.11,6684.86,15,0
7318,20250831,1,53,106,180.55,19138.3,20,0
7319,20250731,2,37,105,16.65,1748.25,21,0
7320,20250630,1,29,48,243.45,11685.6,10,0
7321,20240331,3,52,111,179.27,19898.97,7,0
7322,20240229,2,142,10,98.85,988.5,10,0
7323,20241031,1,104,10,75.12,751.2,11,1
7324,20250731,1,104,7,76.7,536.9,11,1
7325,20251231,3,46,17,372.17,6326.89,7,0
7326,20240131,1,175,32,94.86,3035.52,17,0
7327,20240731,3,172,23,216.67,4983.41,5,0
7328,20251031,3,21,21,242.82,5099.22,5,0
7329,20250731,3,156,11,164.64,1811.04,5,0
7330,20241031,1,90,63,57.58,3627.54,12,0
7331,20251031,1,182,41,58.06,2380.46,14,0
7332,20240731,2,37,96,16.31,1565.76,21,0
7333,20250831,3,109,20,310.2,6204.0,4,0
7334,20250331,2,55,60,213.75,12825.0,15,0
7335,20250731,1,28,81,143.73,11642.13,14,0
7336,20240131,3,52,44,179.27,7887.88,7,0
7337,20250831,1,12,5,69.62,348.1,11,1
7338,20250630,1,110,52,182.67,9498.84,12,0
7339,20241031,2,56,13,287.11,3732.43,18,1
7340,20251130,3,166,24,217.35,5216.4,5,0
7341,20250731,1,139,11,203.11,2234.21,17,1
7342,20250930,1,53,0,180.55,0.0,20,1
7343,20240930,1,6,2,178.72,357.44,11,1
7344,20240430,2,103,67,151.66,10161.22,12,0
7345,20250831,2,105,13,169.61,2204.93,11,0
7346,20240430,2,27,57,249.72,14234.04,14,0
7347,20240331,2,34,13,151.89,1974.57,12,0
7348,20251031,1,53,28,180.55,5055.4,20,0
7349,20251130,1,52,5,183.03,915.15,17,1
7350,20240331,2,73,14,255.0,3570.0,13,0
7351,20241130,3,132,74,125.81,9309.94,6,0
7352,20250430,1,142,16,100.93,1614.88,11,0
7353,20250930,3,169,28,282.28,7903.84,6,0
7354,20240229,1,134,3,60.5,181.5,10,1
7355,20251031,3,153,56,116.0,6496.0,4,0
7356,20250531,2,65,0,155.19,0.0,12,1
7357,20240430,2,132,22,125.81,2767.82,13,0
7358,20250228,3,33,11,113.22,1245.42,6,0
7359,20240930,2,31,10,294.44,2944.4,13,1
7360,20250531,1,127,17,174.31,2963.27,15,0
7361,20250831,1,44,93,199.55,18558.15,17,0
7362,20240131,2,76,0,281.11,0.0,11,1
7363,20240229,1,46,29,308.91,8958.39,17,0
7364,20240831,1,147,13,339.78,4417.14,10,0
7365,20250131,1,167,20,209.73,4194.6,13,0
7366,20250430,2,125,47,291.24,13688.28,11,0
7367,20251231,2,23,8,244.32,1954.56,13,1
7368,20240531,3,178,19,116.97,2222.43,7,0
7369,20250731,1,126,14,133.03,1862.42,12,0
7370,20251031,2,127,68,174.31,11853.08,14,0
7371,20250831,3,26,6,246.82,1480.92,4,0
7372,20240131,1,20,1,32.44,32.44,16,1
7373,20251130,3,108,20,169.96,3399.2,6,0
7374,20241231,3,80,9,173.12,1558.08,5,0
7375,20250331,1,168,12,229.43,2753.16,13,1
7376,20241130,1,123,9,129.56,1166.04,13,1
7377,20241031,1,124,11,150.61,1656.71,12,1
7378,20250930,1,171,29,85.46,2478.34,12,0
7379,20250930,3,36,13,191.63,2491.19,8,0
7380,20250731,3,117,9,100.34,903.06,4,0
7381,20240930,2,115,5,46.26,231.3,11,1
7382,20240531,1,179,0,226.59,0.0,12,1
7383,20250228,3,143,26,220.45,5731.7,5,0
7384,20241130,1,137,58,25.06,1453.48,13,0
7385,20240930,2,54,14,257.53,3605.42,16,1
7386,20250831,2,49,60,31.22,1873.2,17,0
7387,20240731,1,36,95,159.06,15110.7,19,0
7388,20240630,3,27,88,249.72,21975.36,6,0
7389,20240229,1,172,15,216.67,3250.05,13,0
7390,20240630,3,141,11,307.78,3385.58,4,0
7391,20250228,1,168,14,229.43,3212.02,13,0
7392,20240229,1,45,15,76.76,1151.4,16,1
7393,20251130,2,144,66,98.33,6489.78,14,0
7394,20250930,2,2,4,298.72,1194.88,7,1
7395,20251130,1,12,13,69.62,905.06,11,0
7396,20241031,1,132,85,125.81,10693.85,14,0
7397,20240930,2,53,14,176.84,2475.76,19,1
7398,20240430,3,9,62,66.28,4109.36,3,0
7399,20240630,2,43,58,294.1,17057.8,14,0
7400,20251031,1,35,20,30.63,612.6,19,0
7401,20240430,1,110,63,178.91,11271.33,12,0
7402,20240131,2,115,13,46.26,601.38,11,0
7403,20240531,3,47,101,70.06,7076.06,6,0
7404,20250531,1,168,36,229.43,8259.48,13,0
7405,20250731,1,180,35,95.3,3335.5,15,0
7406,20241031,2,53,25,176.84,4421.0,19,0
7407,20241231,2,62,24,112.54,2700.96,16,0
7408,20241231,3,152,65,265.82,17278.3,4,0
7409,20240430,1,157,35,24.69,864.15,13,0
7410,20240430,2,131,8,36.32,290.56,13,1
7411,20251130,3,72,88,236.88,20845.44,5,0
7412,20251130,1,87,77,215.66,16605.82,15,0
7413,20250228,2,47,2,71.53,143.06,14,1
7414,20240131,1,131,4,36.32,145.28,14,1
7415,20250331,1,122,18,212.67,3828.06,11,0
7416,20250131,1,157,24,25.21,605.04,13,0
7417,20240331,1,31,11,294.44,3238.84,14,1
7418,20251231,1,158,33,184.61,6092.13,16,0
7419,20250831,2,53,84,180.55,15166.2,19,0
7420,20240930,2,181,30,305.97,9179.1,17,0
7421,20250228,2,133,20,62.95,1259.0,15,0
7422,20241130,2,69,63,198.5,12505.5,11,0
7423,20240131,1,52,3,179.27,537.81,17,1
7424,20240331,2,31,0,294.44,0.0,13,1
7425,20240630,2,121,44,43.73,1924.12,9,0
7426,20250430,3,141,11,314.24,3456.64,4,0
7427,20240430,3,157,39,24.69,962.91,5,0
7428,20240930,2,48,5,32.82,164.1,15,1
7429,20241031,1,155,94,322.38,30303.72,17,0
7430,20240131,3,147,9,339.78,3058.02,4,0
7431,20250531,2,103,49,154.84,7587.16,12,0
7432,20241130,3,94,79,121.74,9617.46,5,0
7433,20241031,2,167,17,205.42,3492.14,12,0
7434,20240331,3,117,13,98.28,1277.64,4,0
7435,20241130,3,57,38,19.26,731.88,7,0
7436,20250430,1,158,14,184.61,2584.54,16,1
7437,20240531,2,181,24,305.97,7343.28,17,0
7438,20240229,1,102,9,255.33,2297.97,10,1
7439,20240731,3,52,108,179.27,19361.16,7,0
7440,20240630,1,12,64,68.19,4364.16,11,0
7441,20250331,1,73,9,260.35,2343.15,14,1
7442,20241031,1,134,62,60.5,3751.0,10,0
7443,20250430,2,84,10,318.55,3185.5,12,1
7444,20250131,3,149,19,111.14,2111.66,7,0
7445,20251130,3,41,18,163.24,2938.32,7,0
7446,20251031,2,164,25,100.45,2511.25,10,0
7447,20241130,2,158,30,180.81,5424.3,15,0
7448,20250331,3,156,23,164.64,3786.72,5,0
7449,20241231,1,41,16,159.88,2558.08,16,0
7450,20250228,3,127,14,174.31,2440.34,6,0
7451,20250331,1,150,20,347.06,6941.2,14,0
7452,20240229,2,65,2,128.81,257.62,12,1
7453,20251031,3,130,81,323.89,26235.09,6,0
7454,20251031,2,57,14,23.2,324.8,16,1
7455,20240331,1,40,81,268.77,21770.37,18,0
7456,20241031,1,152,55,265.82,14620.1,10,0
7457,20240331,1,93,2,132.18,264.36,10,1
7458,20250430,2,1,33,186.13,6142.29,8,0
7459,20250930,3,181,51,312.4,15932.4,8,0
7460,20241031,2,106,14,333.09,4663.26,13,0
7461,20250430,2,138,0,88.19,0.0,13,1
7462,20251231,2,113,6,281.81,1690.86,9,1
7463,20251130,3,51,10,79.76,797.6,8,0
7464,20241231,3,140,81,40.41,3273.21,5,0
7465,20250831,1,144,15,98.33,1474.95,15,0
7466,20240930,2,8,6,128.94,773.64,9,1
7467,20240930,2,97,48,210.05,10082.4,11,0
7468,20250930,2,40,21,274.41,5762.61,17,0
7469,20251130,2,57,3,23.2,69.6,16,1
7470,20240630,2,95,5,53.64,268.2,7,1
7471,20250630,3,48,111,33.51,3719.61,7,0
7472,20241130,3,60,12,241.9,2902.8,7,0
7473,20240430,1,31,72,294.44,21199.68,14,0
7474,20241231,2,153,55,113.61,6248.55,10,0
7475,20250131,3,126,22,133.03,2926.66,5,0
7476,20240430,2,164,19,98.38,1869.22,10,0
7477,20240831,3,143,9,215.92,1943.28,5,0
7478,20240229,1,69,6,198.5,1191.0,12,1
7479,20241031,1,20,23,32.44,746.12,16,0
7480,20250630,1,31,84,300.62,25252.08,14,0
7481,20251130,1,53,32,180.55,5777.6,20,0
7482,20240731,3,148,13,296.06,3848.78,5,0
7483,20250228,2,89,10,160.95,1609.5,11,1
7484,20250430,3,116,113,60.17,6799.21,7,0
7485,20250731,1,97,3,253.06,759.18,12,1
7486,20241231,3,41,20,159.88,3197.6,7,0
7487,20250630,3,152,16,271.4,4342.4,4,0
7488,20251130,2,6,9,182.47,1642.23,10,1
7489,20240331,1,141,6,307.78,1846.68,10,1
7490,20240930,2,137,57,25.06,1428.42,13,0
7491,20241231,3,109,11,303.82,3342.02,4,0
7492,20250531,2,25,36,149.35,5376.6,9,0
7493,20251031,1,17,14,313.71,4391.94,14,0
7494,20240331,1,88,4,335.85,1343.4,9,1
7495,20250131,1,102,9,260.69,2346.21,10,1
7496,20240930,3,176,40,322.02,12880.8,7,0
7497,20240531,1,168,30,224.71,6741.3,13,0
7498,20240131,2,106,15,333.09,4996.35,13,0
7499,20250430,2,181,20,312.4,6248.0,17,0
7500,20240731,2,34,51,151.89,7746.39,12,0
7501,20240131,1,68,0,284.28,0.0,13,1
7502,20240229,3,134,10,60.5,605.0,4,0
7503,20241031,1,145,108,108.83,11753.64,16,0
7504,20240531,2,89,15,157.64,2364.6,11,0
7505,20250831,3,60,119,291.44,34681.36,7,0
7506,20241031,2,135,63,39.89,2513.07,14,0
7507,20241231,3,132,79,125.81,9938.99,6,0
7508,20251130,3,103,24,154.84,3716.16,5,0
7509,20250630,2,171,29,85.46,2478.34,12,0
7510,20240331,2,23,5,239.29,1196.45,13,1
7511,20240531,1,7,56,55.96,3133.76,10,0
7512,20240531,1,84,6,312.0,1872.0,12,1
7513,20251130,1,51,17,79.76,1355.92,18,1
7514,20240131,2,175,32,94.86,3035.52,16,0
7515,20250228,1,34,13,155.08,2016.04,13,0
7516,20250831,2,56,86,293.14,25210.04,18,0
7517,20251130,1,105,12,169.61,2035.32,12,0
7518,20240331,3,50,108,291.69,31502.52,8,0
7519,20240531,2,92,9,140.04,1260.36,14,1
7520,20240930,3,177,27,211.22,5702.94,5,0
7521,20240731,1,67,15,23.77,356.55,14,0
7522,20251031,3,2,1,298.72,298.72,3,1
7523,20250930,2,110,14,182.67,2557.38,12,0
7524,20240131,1,59,12,324.94,3899.28,16,1
7525,20250930,2,3,14,227.23,3181.22,10,0
7526,20240331,3,51,116,78.12,9061.92,8,0
7527,20240331,1,123,17,129.56,2202.52,13,0
7528,20240131,1,100,15,306.44,4596.6,11,0
7529,20240531,1,22,38,247.74,9414.12,8,0
7530,20250131,2,36,19,162.4,3085.6,18,0
7531,20250930,2,7,10,57.14,571.4,9,0
7532,20240131,2,158,32,180.81,5785.92,15,0
7533,20240731,1,106,0,333.09,0.0,14,1
7534,20240229,2,102,4,255.33,1021.32,10,1
7535,20240831,1,70,47,39.88,1874.36,10,0
7536,20251130,2,73,60,307.22,18433.2,13,0
7537,20240630,1,33,60,110.89,6653.4,14,0
7538,20240630,1,140,0,40.41,0.0,12,1
7539,20250430,3,38,143,319.94,45751.42,9,0
7540,20250131,1,64,22,70.89,1559.58,15,0
7541,20241231,3,107,22,147.44,3243.68,6,0
7542,20240331,1,6,15,178.72,2680.8,11,0
7543,20240531,2,97,3,210.05,630.15,11,1
7544,20251031,2,110,12,182.67,2192.04,12,0
7545,20240630,2,31,66,294.44,19433.04,13,0
7546,20251231,1,170,19,16.95,322.05,12,0
7547,20250831,2,20,12,33.12,397.44,15,1
7548,20250331,2,161,17,64.16,1090.72,13,0
7549,20240531,1,30,62,98.88,6130.56,11,0
7550,20240430,1,86,0,80.72,0.0,12,1
7551,20240131,3,48,13,32.82,426.66,7,0
7552,20250531,1,155,6,329.15,1974.9,17,1
7553,20241130,2,72,55,196.62,10814.1,12,0
7554,20250831,2,115,6,47.23,283.38,11,1
7555,20241031,1,109,8,303.82,2430.56,11,1
7556,20250331,2,46,76,315.4,23970.4,17,0
7557,20251231,1,36,23,191.63,4407.49,19,0
7558,20240531,2,25,42,146.28,6143.76,9,0
7559,20250131,1,81,10,309.18,3091.8,13,1
7560,20240229,1,39,10,119.66,1196.6,19,1
7561,20251031,2,181,30,312.4,9372.0,17,0
7562,20240531,2,172,31,216.67,6716.77,12,0
7563,20250930,2,179,21,231.35,4858.35,12,0
7564,20251031,3,40,27,274.41,7409.07,7,0
7565,20251031,3,36,49,191.63,9389.87,8,0
7566,20240131,2,80,8,173.12,1384.96,11,1
7567,20251130,1,44,14,199.55,2793.7,17,1
7568,20250831,3,180,52,95.3,4955.6,6,0
7569,20250731,3,109,10,310.2,3102.0,4,0
7570,20241031,1,83,53,157.14,8328.42,11,0
7571,20250630,1,94,6,124.3,745.8,12,1
7572,20240131,1,93,3,132.18,396.54,10,1
7573,20240531,3,180,28,93.34,2613.52,6,0
7574,20241231,1,2,3,292.58,877.74,7,1
7575,20250430,2,2,33,298.72,9857.76,7,0
7576,20251130,3,179,39,231.35,9022.65,5,0
7577,20240430,3,19,76,170.21,12935.96,5,0
7578,20240731,3,74,4,108.27,433.08,5,1
7579,20240430,2,4,47,155.56,7311.32,10,0
7580,20240930,2,23,21,239.29,5025.09,13,0
7581,20240430,3,143,16,215.92,3454.72,5,0
7582,20250630,1,135,2,40.73,81.46,15,1
7583,20240831,3,103,5,151.66,758.3,5,0
7584,20241130,3,177,21,211.22,4435.62,5,0
7585,20240331,2,71,9,301.72,2715.48,15,1
7586,20240430,1,71,11,301.72,3318.92,16,1
7587,20251130,1,156,57,164.64,9384.48,12,0
7588,20240131,2,174,21,165.53,3476.13,12,0
7589,20240229,2,59,17,324.94,5523.98,16,0
7590,20240831,3,19,14,170.21,2382.94,5,0
7591,20250331,3,143,1,220.45,220.45,5,1
7592,20240531,1,15,78,318.69,24857.82,14,0
7593,20251031,2,39,22,122.17,2687.74,18,0
7594,20250131,1,66,8,203.44,1627.52,10,1
7595,20240229,2,101,17,62.94,1069.98,12,0
7596,20250630,3,107,78,150.54,11742.12,6,0
7597,20250228,3,38,33,319.94,10558.02,9,0
7598,20240831,3,132,7,125.81,880.67,6,0
7599,20240131,3,28,8,140.77,1126.16,6,0
7600,20250331,3,73,0,260.35,0.0,6,1
7601,20240930,2,110,9,178.91,1610.19,12,1
7602,20240831,2,68,56,284.28,15919.68,12,0
7603,20250531,2,14,47,27.18,1277.46,14,0
7604,20250831,1,151,10,92.25,922.5,10,0
7605,20251130,1,164,18,100.45,1808.1,11,0
7606,20250331,2,43,61,300.28,18317.08,14,0
7607,20241130,2,169,16,276.47,4423.52,13,0
7608,20250630,1,59,83,391.48,32492.84,16,0
7609,20240930,1,46,27,308.91,8340.57,17,0
7610,20250731,2,4,47,158.83,7465.01,10,0
7611,20250430,1,141,16,314.24,5027.84,10,0
7612,20240930,3,45,13,76.76,997.88,6,0
7613,20240630,2,132,11,125.81,1383.91,13,1
7614,20240531,1,160,28,40.71,1139.88,15,0
7615,20240731,1,78,11,197.64,2174.04,9,0
7616,20241031,2,146,69,220.88,15240.72,14,0
7617,20240331,2,151,7,90.35,632.45,10,1
7618,20250430,1,79,9,147.87,1330.83,12,1
7619,20241231,2,172,19,216.67,4116.73,12,0
7620,20241130,3,150,100,339.92,33992.0,6,0
7621,20240229,1,90,20,57.58,1151.6,12,0
7622,20240430,3,169,31,276.47,8570.57,6,0
7623,20250131,1,75,13,60.99,792.87,13,0
7624,20241031,3,148,88,296.06,26053.28,5,0
7625,20250531,2,132,10,128.45,1284.5,13,1
7626,20240531,3,168,14,224.71,3145.94,5,0
7627,20240930,2,17,13,307.26,3994.38,13,0
7628,20250331,2,182,29,58.06,1683.74,13,0
7629,20240131,2,91,10,279.07,2790.7,11,1
7630,20240731,1,109,8,303.82,2430.56,11,1
7631,20250930,2,33,0,113.22,0.0,13,1
7632,20250831,1,68,77,342.49,26371.73,13,0
7633,20241031,3,48,5,32.82,164.1,7,1
7634,20240731,2,19,53,170.21,9021.13,11,0
7635,20240331,2,104,7,75.12,525.84,11,1
7636,20240131,1,51,3,78.12,234.36,18,1
7637,20240531,1,171,18,83.7,1506.6,12,0
7638,20240531,3,148,0,296.06,0.0,5,1
7639,20250831,3,16,6,224.02,1344.12,4,0
7640,20250430,1,34,66,155.08,10235.28,13,0
7641,20240131,1,33,6,110.89,665.34,14,1
7642,20240831,2,174,36,165.53,5959.08,12,0
7643,20241031,1,31,1,294.44,294.44,14,1
7644,20240731,3,150,2,339.92,679.84,6,1
7645,20240731,1,108,0,166.46,0.0,14,1
7646,20250930,2,123,14,132.28,1851.92,13,0
7647,20240630,1,50,99,291.69,28877.31,19,0
7648,20251130,3,100,80,369.19,29535.2,4,0
7649,20240331,1,84,6,312.0,1872.0,12,1
7650,20251231,3,37,9,16.65,149.85,9,0
7651,20240930,3,63,33,242.15,7990.95,9,0
7652,20250930,2,41,16,163.24,2611.84,15,0
7653,20240531,3,116,101,58.93,5951.93,7,0
7654,20251231,3,97,10,253.06,2530.6,5,0
7655,20250831,3,75,92,71.97,6621.24,5,0
7656,20240131,1,162,48,66.97,3214.56,14,0
7657,20250531,1,131,5,37.08,185.4,14,1
7658,20251031,2,72,50,236.88,11844.0,12,0
7659,20250228,2,67,17,24.27,412.59,13,0
7660,20240229,2,48,3,32.82,98.46,15,1
7661,20240630,1,26,66,241.74,15954.84,11,0
7662,20240131,1,86,10,80.72,807.2,12,1
7663,20241231,2,163,10,294.58,2945.8,10,0
7664,20250228,2,144,17,98.33,1671.61,14,0
7665,20240731,1,39,109,119.66,13042.94,19,0
7666,20251231,3,41,2,163.24,326.48,7,1
7667,20250430,1,47,76,71.53,5436.28,15,0
7668,20250228,3,118,5,343.17,1715.85,5,0
7669,20250630,2,107,69,150.54,10387.26,13,0
7670,20251130,3,83,64,189.32,12116.48,4,0
7671,20250731,2,163,13,300.77,3910.01,10,0
7672,20250331,3,152,12,271.4,3256.8,4,0
7673,20250531,2,44,76,199.55,15165.8,16,0
7674,20240630,2,56,76,287.11,21820.36,18,0
7675,20240731,1,14,76,26.62,2023.12,15,0
7676,20250131,2,175,48,96.85,4648.8,16,0
7677,20240731,2,105,11,166.12,1827.32,11,0
7678,20240229,2,51,11,78.12,859.32,17,1
7679,20250630,2,154,19,329.92,6268.48,12,0
7680,20240731,1,26,48,241.74,11603.52,11,0
7681,20240430,2,175,38,94.86,3604.68,16,0
7682,20250731,1,32,71,409.59,29080.89,13,0
7683,20241231,1,127,71,170.72,12121.12,15,0
7684,20240930,1,139,86,198.93,17107.98,17,0
7685,20250630,2,142,10,100.93,1009.3,10,0
7686,20240430,1,8,60,128.94,7736.4,10,0
7687,20250531,1,7,52,57.14,2971.28,10,0
7688,20250930,2,136,36,112.45,4048.2,12,0
7689,20241031,2,4,1,155.56,155.56,10,1
7690,20250131,2,174,22,169.01,3718.22,12,0
7691,20250430,1,170,19,16.95,322.05,12,0
7692,20251031,3,108,19,169.96,3229.24,6,0
7693,20240131,1,98,17,257.11,4370.87,15,0
7694,20250731,1,26,60,246.82,14809.2,11,0
7695,20251031,3,141,57,314.24,17911.68,4,0
7696,20240731,1,51,120,78.12,9374.4,18,0
7697,20240131,1,72,22,196.62,4325.64,13,0
7698,20251231,2,57,8,23.2,185.6,16,1
7699,20240930,3,120,14,182.88,2560.32,5,0
7700,20250930,3,67,65,28.64,1861.6,6,0
7701,20250731,2,128,4,78.87,315.48,10,1
7702,20250228,1,112,7,67.02,469.14,13,1
7703,20250831,3,156,11,164.64,1811.04,5,0
7704,20241031,3,168,16,224.71,3595.36,5,0
7705,20240131,1,182,33,56.87,1876.71,14,0
7706,20241130,3,76,77,281.11,21645.47,5,0
7707,20251231,2,111,8,148.9,1191.2,11,1
7708,20241231,2,73,19,255.0,4845.0,13,0
7709,20241031,3,21,8,201.55,1612.4,5,0
7710,20250430,3,168,36,229.43,8259.48,5,0
7711,20251231,1,140,56,41.26,2310.56,12,0
7712,20250131,1,57,27,19.66,530.82,17,0
7713,20240331,1,24,15,185.46,2781.9,12,0
7714,20250831,3,161,35,64.16,2245.6,6,0
7715,20250131,3,132,14,128.45,1798.3,6,0
7716,20240430,3,76,24,281.11,6746.64,5,0
7717,20240430,2,83,6,157.14,942.84,10,1
7718,20240331,1,97,10,210.05,2100.5,12,1
7719,20240531,2,60,82,241.9,19835.8,16,0
7720,20240331,1,103,18,151.66,2729.88,13,0
7721,20250430,3,139,17,203.11,3452.87,7,0
7722,20250430,1,150,28,347.06,9717.68,14,0
7723,20240430,3,51,121,78.12,9452.52,8,0
7724,20240930,1,53,19,176.84,3359.96,20,1
7725,20250930,3,165,48,107.92,5180.16,5,0
7726,20250331,3,60,105,246.98,25932.9,7,0
7727,20250131,2,92,12,142.98,1715.76,14,1
7728,20250228,1,11,2,294.52,589.04,9,1
7729,20250731,1,54,80,262.94,21035.2,17,0
7730,20241031,1,100,69,306.44,21144.36,11,0
7731,20240831,2,29,16,238.44,3815.04,10,0
7732,20250731,2,46,82,372.17,30517.94,17,0
7733,20250731,3,94,4,124.3,497.2,5,1
7734,20240630,1,14,79,26.62,2102.98,15,0
7735,20240131,3,109,6,303.82,1822.92,4,0
7736,20240731,1,126,20,130.29,2605.8,12,0
7737,20250228,3,76,2,287.01,574.02,5,1
7738,20250831,3,94,63,124.3,7830.9,5,0
7739,20241031,1,174,14,165.53,2317.42,13,0
7740,20240531,2,118,50,336.11,16805.5,12,0
7741,20240430,3,130,19,317.23,6027.37,6,0
7742,20250131,2,74,6,110.54,663.24,12,1
7743,20241031,1,96,45,170.74,7683.3,10,0
7744,20250531,1,85,6,49.28,295.68,10,1
7745,20250630,1,85,13,49.28,640.64,10,0
7746,20240229,1,98,19,257.11,4885.09,15,0
7747,20241031,3,8,5,128.94,644.7,4,0
7748,20240531,2,41,78,159.88,12470.64,15,0
7749,20250531,3,74,11,130.44,1434.84,5,0
7750,20251031,1,120,17,186.72,3174.24,12,0
7751,20240331,2,17,17,307.26,5223.42,13,0
7752,20250831,2,8,8,155.34,1242.72,9,1
7753,20240831,1,6,2,178.72,357.44,11,1
7754,20250331,3,19,16,173.78,2780.48,5,0
7755,20251231,2,32,8,409.59,3276.72,12,1
7756,20250630,2,182,12,58.06,696.72,13,1
7757,20250930,1,160,33,41.56,1371.48,15,0
7758,20250331,3,82,19,284.24,5400.56,4,0
7759,20241031,3,131,92,36.32,3341.44,6,0
7760,20250831,2,107,2,150.54,301.08,13,1
7761,20250531,3,162,39,68.38,2666.82,6,0
7762,20250131,2,139,6,203.11,1218.66,16,1
7763,20240229,3,60,2,241.9,483.8,7,1
7764,20240630,1,40,86,268.77,23114.22,18,0
7765,20240531,2,66,6,199.26,1195.56,9,1
7766,20250531,1,2,35,298.72,10455.2,7,0
7767,20240831,1,171,25,83.7,2092.5,12,0
7768,20240531,1,47,70,70.06,4904.2,15,0
7769,20250331,2,86,23,82.42,1895.66,11,0
7770,20241231,1,62,24,112.54,2700.96,17,0
7771,20250630,2,128,7,78.87,552.09,10,1
7772,20240131,2,20,6,32.44,194.64,15,1
7773,20250430,3,111,70,148.9,10423.0,5,0
7774,20251130,1,170,35,16.95,593.25,12,0
7775,20250731,3,67,37,28.64,1059.68,6,0
7776,20250430,1,146,24,225.52,5412.48,14,0
7777,20240531,3,103,68,151.66,10312.88,5,0
7778,20241231,2,160,21,40.71,854.91,14,0
7779,20241231,1,155,90,322.38,29014.2,17,0
7780,20240630,2,37,106,16.31,1728.86,21,0
7781,20250430,1,176,27,328.78,8877.06,17,0
7782,20240930,2,154,63,323.13,20357.19,12,0
7783,20251130,2,3,12,227.23,2726.76,10,0
7784,20251130,1,161,30,64.16,1924.8,14,0
7785,20240831,1,20,28,32.44,908.32,16,0
7786,20240630,1,146,16,220.88,3534.08,14,0
7787,20240229,2,134,13,60.5,786.5,10,0
7788,20250531,1,126,54,133.03,7183.62,12,0
7789,20250630,1,15,71,325.38,23101.98,14,0
7790,20241130,3,51,32,78.12,2499.84,8,0
7791,20240430,3,163,26,294.58,7659.08,4,0
7792,20251130,2,108,14,169.96,2379.44,13,0
7793,20250630,1,150,2,347.06,694.12,14,1
7794,20250731,1,159,30,169.65,5089.5,20,0
7795,20241130,2,73,62,255.0,15810.0,13,0
7796,20250131,2,24,9,189.35,1704.15,12,1
7797,20250430,1,20,84,33.12,2782.08,16,0
7798,20250630,1,92,13,168.72,2193.36,15,1
7799,20240331,1,10,14,87.08,1219.12,12,0
7800,20241130,3,109,6,303.82,1822.92,4,0
7801,20250930,2,95,30,64.62,1938.6,7,0
7802,20250531,3,178,58,119.43,6926.94,7,0
7803,20250131,1,16,13,224.02,2912.26,9,0
7804,20251231,1,51,29,79.76,2313.04,18,0
7805,20251231,1,60,23,291.44,6703.12,17,0
7806,20251231,1,104,7,76.7,536.9,11,1
7807,20240131,1,37,17,16.31,277.27,22,1
7808,20240630,1,34,65,151.89,9872.85,13,0
7809,20250831,3,137,1,25.59,25.59,5,1
7810,20240531,3,163,26,294.58,7659.08,4,0
7811,20251130,3,37,26,16.65,432.9,9,0
7812,20250930,2,74,46,130.44,6000.24,12,0
7813,20240229,1,123,11,129.56,1425.16,13,1
7814,20240831,1,85,62,40.9,2535.8,10,0
7815,20250331,1,4,11,158.83,1747.13,11,0
7816,20250430,2,174,19,169.01,3211.19,12,0
7817,20250831,2,120,4,186.72,746.88,11,1
7818,20240731,3,181,41,305.97,12544.77,8,0
7819,20240531,3,149,20,108.85,2177.0,7,0
7820,20240131,1,114,5,149.59,747.95,12,1
7821,20251130,2,136,66,112.45,7421.7,12,0
7822,20240731,1,173,30,207.98,6239.4,16,0
7823,20241031,3,63,43,242.15,10412.45,9,0
7824,20241130,3,163,18,294.58,5302.44,4,0
7825,20240331,1,180,27,93.34,2520.18,15,0
7826,20250930,2,77,62,171.09,10607.58,13,0
7827,20250930,3,103,14,154.84,2167.76,5,0
7828,20250930,1,146,80,225.52,18041.6,14,0
7829,20251031,3,78,59,238.11,14048.49,4,0
7830,20241130,1,145,68,108.83,7400.44,16,0
7831,20241130,1,119,13,58.44,759.72,11,0
7832,20240731,1,104,19,75.12,1427.28,11,0
7833,20240831,1,165,13,105.7,1374.1,12,0
7834,20240131,1,4,0,155.56,0.0,11,1
7835,20250331,3,97,19,214.46,4074.74,5,0
7836,20240930,1,14,22,26.62,585.64,15,0
7837,20240331,1,90,1,57.58,57.58,12,1
7838,20240831,2,137,15,25.06,375.9,13,0
7839,20240831,3,94,74,121.74,9008.76,5,0
7840,20250228,1,32,24,347.11,8330.64,13,0
7841,20250228,1,115,0,47.23,0.0,11,1
7842,20240930,2,116,19,58.93,1119.67,16,0
7843,20251130,3,60,24,291.44,6994.56,7,0
7844,20250630,1,103,75,154.84,11613.0,13,0
7845,20240430,2,38,98,313.36,30709.28,20,0
7846,20240430,3,90,10,57.58,575.8,5,0
7847,20240430,2,169,38,276.47,10505.86,13,0
7848,20240731,1,179,19,226.59,4305.21,12,0
7849,20241231,2,86,0,80.72,0.0,11,1
7850,20250930,1,6,14,182.47,2554.58,11,0
7851,20241231,3,160,37,40.71,1506.27,6,0
7852,20251231,2,83,11,189.32,2082.52,10,0
7853,20241031,1,131,84,36.32,3050.88,14,0
7854,20240930,2,168,31,224.71,6966.01,12,0
7855,20250531,1,115,58,47.23,2739.34,11,0
7856,20240430,2,6,36,178.72,6433.92,10,0
7857,20241231,1,173,44,207.98,9151.12,16,0
7858,20251231,1,15,21,325.38,6832.98,14,0
7859,20250930,1,103,19,154.84,2941.96,13,0
7860,20250430,1,182,32,58.06,1857.92,14,0
7861,20240831,1,96,61,170.74,10415.14,10,0
7862,20241031,2,172,12,216.67,2600.04,12,0
7863,20250630,3,143,0,220.45,0.0,5,1
7864,20240229,1,71,21,301.72,6336.12,16,0
7865,20250831,3,19,9,205.07,1845.63,5,0
7866,20240229,2,32,9,339.97,3059.73,12,1
7867,20240831,2,126,9,130.29,1172.61,12,1
7868,20240731,1,162,48,66.97,3214.56,14,0
7869,20240831,3,99,64,287.66,18410.24,5,0
7870,20250831,2,179,18,231.35,4164.3,12,0
7871,20250630,1,125,61,291.24,17765.64,12,0
7872,20240229,2,1,5,182.3,911.5,8,1
7873,20250228,1,161,28,64.16,1796.48,14,0
7874,20250131,2,105,14,169.61,2374.54,11,0
7875,20240131,1,1,5,182.3,911.5,9,1
7876,20250731,1,91,1,336.22,336.22,11,1
7877,20240430,1,67,8,23.77,190.16,14,1
7878,20241031,1,95,45,53.64,2413.8,8,0
7879,20250430,1,25,54,149.35,8064.9,9,0
7880,20240131,1,48,18,32.82,590.76,16,0
7881,20250831,2,58,66,149.54,9869.64,17,0
7882,20240331,1,163,24,294.58,7069.92,11,0
7883,20250531,1,99,18,346.57,6238.26,12,0
7884,20240430,3,150,8,339.92,2719.36,6,0
7885,20250930,1,18,12,247.17,2966.04,6,0
7886,20251031,3,75,97,71.97,6981.09,5,0
7887,20240430,2,77,0,167.57,0.0,13,1
7888,20250131,3,73,17,260.35,4425.95,6,0
7889,20240131,1,22,8,247.74,1981.92,8,0
7890,20250630,1,122,49,212.67,10420.83,11,0
7891,20251130,1,148,69,302.28,20857.32,12,0
7892,20250831,2,137,5,25.59,127.95,13,1
7893,20240630,1,163,10,294.58,2945.8,11,1
7894,20240630,3,111,77,145.84,11229.68,5,0
7895,20250930,3,37,38,16.65,632.7,9,0
7896,20250331,2,181,36,312.4,11246.4,17,0
7897,20240630,2,94,10,121.74,1217.4,11,1
7898,20240131,1,63,20,242.15,4843.0,21,1
7899,20240930,2,60,5,241.9,1209.5,16,1
7900,20241130,1,1,8,182.3,1458.4,9,1
7901,20241130,3,120,17,182.88,3108.96,5,0
7902,20240430,2,10,47,87.08,4092.76,11,0
7903,20240831,3,80,77,173.12,13330.24,5,0
7904,20250930,2,106,3,340.08,1020.24,13,1
7905,20240331,1,21,0,201.55,0.0,12,1
7906,20250430,2,108,51,169.96,8667.96,13,0
7907,20241231,1,44,0,195.45,0.0,17,1
7908,20250430,1,61,88,76.81,6759.28,18,0
7909,20240731,1,93,18,132.18,2379.24,10,0
7910,20241130,2,174,31,165.53,5131.43,12,0
7911,20241031,3,160,42,40.71,1709.82,6,0
7912,20251031,2,115,9,47.23,425.07,11,1
7913,20240731,2,168,21,224.71,4718.91,12,0
7914,20250331,1,143,12,220.45,2645.4,13,1
7915,20240930,2,179,22,226.59,4984.98,12,0
7916,20250430,1,50,90,297.82,26803.8,19,0
7917,20251231,3,169,52,282.28,14678.56,6,0
7918,20241031,2,76,49,281.11,13774.39,11,0
7919,20250731,2,62,79,135.59,10711.61,16,0
7920,20240630,2,85,6,40.9,245.4,9,1
7921,20240630,1,171,36,83.7,3013.2,12,0
7922,20241130,1,154,75,323.13,24234.75,13,0
7923,20241231,2,179,11,226.59,2492.49,12,1
7924,20240331,1,16,6,219.41,1316.46,9,1
7925,20240131,1,62,30,112.54,3376.2,17,0
7926,20240430,2,1,39,182.3,7109.7,8,0
7927,20241231,2,120,17,182.88,3108.96,11,0
7928,20241130,1,176,34,322.02,10948.68,17,0
7929,20240731,1,111,4,145.84,583.36,12,1
7930,20250228,3,75,11,60.99,670.89,5,0
7931,20250630,3,9,45,67.67,3045.15,3,0
7932,20251031,1,129,90,46.45,4180.5,20,0
7933,20240430,2,133,9,61.66,554.94,15,1
7934,20240430,1,156,0,161.25,0.0,12,1
7935,20251130,1,47,12,71.53,858.36,15,1
7936,20240630,3,102,0,255.33,0.0,4,1
7937,20250731,3,150,0,347.06,0.0,6,1
7938,20250531,2,154,20,329.92,6598.4,12,0
7939,20250731,1,55,93,213.75,19878.75,16,0
7940,20240229,1,180,29,93.34,2706.86,15,0
7941,20250531,3,5,72,208.35,15001.2,5,0
7942,20240731,1,9,49,66.28,3247.72,9,0
7943,20240630,1,161,37,62.84,2325.08,14,0
7944,20250131,2,129,9,46.45,418.05,19,1
7945,20240331,1,120,1,182.88,182.88,12,1
7946,20240531,2,36,90,159.06,14315.4,18,0
7947,20251231,2,123,0,132.28,0.0,13,1
7948,20250930,2,25,4,149.35,597.4,9,1
7949,20250930,2,137,52,25.59,1330.68,13,0
7950,20240430,2,58,78,146.46,11423.88,17,0
7951,20240930,1,132,71,125.81,8932.51,14,0
7952,20240131,3,181,39,305.97,11932.83,8,0
7953,20250831,3,157,22,25.21,554.62,5,0
7954,20250331,3,67,20,24.27,485.4,6,0
7955,20240630,1,153,9,113.61,1022.49,11,1
7956,20241231,3,172,27,216.67,5850.09,5,0
7957,20240131,2,71,0,301.72,0.0,15,1
7958,20250731,3,104,20,76.7,1534.0,5,0
7959,20241031,2,110,7,178.91,1252.37,12,1
7960,20240131,2,121,1,43.73,43.73,9,1
7961,20240731,2,6,47,178.72,8399.84,10,0
7962,20250331,3,181,45,312.4,14058.0,8,0
7963,20240930,2,124,1,150.61,150.61,12,1
7964,20250430,1,2,45,298.72,13442.4,7,0
7965,20250228,1,29,21,243.45,5112.45,10,0
7966,20251231,3,74,17,130.44,2217.48,5,0
7967,20250331,2,76,15,287.01,4305.15,11,0
7968,20250430,3,45,106,78.37,8307.22,6,0
7969,20240831,3,61,108,75.23,8124.84,7,0
7970,20241130,1,35,20,30.0,600.0,19,0
7971,20240531,2,137,30,25.06,751.8,13,0
7972,20251031,1,22,7,298.47,2089.29,8,1
7973,20240831,1,57,94,19.26,1810.44,17,0
7974,20240930,1,156,66,161.25,10642.5,12,0
7975,20251130,2,74,48,130.44,6261.12,12,0
7976,20250331,1,97,16,214.46,3431.36,12,0
7977,20240229,1,153,15,113.61,1704.15,11,0
7978,20250531,3,131,4,37.08,148.32,6,1
7979,20250930,3,111,8,148.9,1191.2,5,0
7980,20241231,2,82,11,278.39,3062.29,10,0
7981,20251130,3,161,39,64.16,2502.24,6,0
7982,20241031,1,87,85,211.22,17953.7,15,0
7983,20250131,3,156,0,164.64,0.0,5,1
7984,20241231,3,163,27,294.58,7953.66,4,0
7985,20251130,3,29,8,243.45,1947.6,4,0
7986,20241031,1,58,14,146.46,2050.44,18,1
7987,20240531,3,33,103,110.89,11421.67,6,0
7988,20250331,1,151,19,92.25,1752.75,10,0
7989,20250630,1,154,25,329.92,8248.0,13,0
7990,20240831,2,111,1,145.84,145.84,11,1
7991,20241231,1,89,16,157.64,2522.24,12,0
7992,20240930,2,102,37,255.33,9447.21,10,0
7993,20250630,1,142,13,100.93,1312.09,11,0
7994,20240731,3,126,28,130.29,3648.12,5,0
7995,20240131,1,87,9,211.22,1900.98,15,1
7996,20240731,3,98,15,257.11,3856.65,6,0
7997,20250331,3,169,41,282.28,11573.48,6,0
7998,20240331,2,138,18,86.38,1554.84,13,0
7999,20240831,1,40,77,268.77,20695.29,18,0
8000,20250731,2,40,75,274.41,20580.75,17,0
8001,20240731,1,64,66,69.43,4582.38,15,0
8002,20240731,2,133,0,61.66,0.0,15,1
8003,20250831,2,17,15,313.71,4705.65,13,0
8004,20240531,1,127,26,170.72,4438.72,15,0
8005,20250228,1,144,18,98.33,1769.94,15,0
8006,20250228,1,181,15,312.4,4686.0,18,1
8007,20250228,2,156,12,164.64,1975.68,11,0
8008,20241231,2,109,10,303.82,3038.2,10,0
8009,20250630,1,30,56,119.13,6671.28,11,0
8010,20241130,3,145,95,108.83,10338.85,7,0
8011,20250531,2,138,5,88.19,440.95,13,1
8012,20250930,1,13,13,315.34,4099.42,12,0
8013,20250331,1,133,30,62.95,1888.5,16,0
8014,20250630,2,129,8,46.45,371.6,19,1
8015,20250731,2,152,5,271.4,1357.0,9,1
8016,20240229,1,64,7,69.43,486.01,15,1
8017,20251130,2,59,17,391.48,6655.16,16,0
8018,20250831,1,153,9,116.0,1044.0,11,1
8019,20240731,1,56,100,287.11,28711.0,19,0
8020,20240930,3,127,91,170.72,15535.52,6,0
8021,20240630,1,108,68,166.46,11319.28,14,0
8022,20250930,1,43,26,300.28,7807.28,15,0
8023,20241031,1,34,2,151.89,303.78,13,1
8024,20251130,2,148,54,302.28,16323.12,11,0
8025,20241130,1,32,5,339.97,1699.85,13,1
8026,20250630,3,108,84,169.96,14276.64,6,0
8027,20250731,1,109,11,310.2,3412.2,11,0
8028,20240430,3,27,105,249.72,26220.6,6,0
8029,20250131,2,96,0,174.33,0.0,10,1
8030,20240131,2,33,4,110.89,443.56,13,1
8031,20251231,2,66,6,240.06,1440.36,9,1
8032,20241231,1,4,8,155.56,1244.48,11,1
8033,20250930,3,178,46,119.43,5493.78,7,0
8034,20250630,2,27,63,254.96,16062.48,14,0
8035,20240930,1,71,89,301.72,26853.08,16,0
8036,20240630,1,59,77,324.94,25020.38,16,0
8037,20240229,3,26,17,241.74,4109.58,4,0
8038,20240731,2,85,14,40.9,572.6,9,0
8039,20240831,1,140,15,40.41,606.15,12,0
8040,20250430,1,1,45,186.13,8375.85,9,0
8041,20251031,1,47,26,71.53,1859.78,15,0
8042,20240229,1,74,14,108.27,1515.78,13,0
8043,20250331,1,87,19,215.66,4097.54,15,0
8044,20240731,1,163,16,294.58,4713.28,11,0
8045,20250531,2,168,19,229.43,4359.17,12,0
8046,20240831,3,163,46,294.58,13550.68,4,0
8047,20250131,2,79,0,147.87,0.0,12,1
8048,20240531,1,32,71,339.97,24137.87,13,0
8049,20250430,1,168,31,229.43,7112.33,13,0
8050,20240331,3,47,98,70.06,6865.88,6,0
8051,20240831,1,174,25,165.53,4138.25,13,0
8052,20250630,3,130,0,323.89,0.0,6,1
8053,20250228,3,121,10,44.65,446.5,4,0
8054,20240430,3,21,69,201.55,13906.95,5,0
8055,20240131,2,55,0,209.35,0.0,15,1
8056,20251130,3,45,20,78.37,1567.4,6,0
8057,20250731,1,103,14,154.84,2167.76,13,0
8058,20240731,2,41,63,159.88,10072.44,15,0
8059,20240131,1,35,11,30.0,330.0,19,1
8060,20251231,1,32,10,409.59,4095.9,13,1
8061,20240131,2,103,9,151.66,1364.94,12,1
8062,20250228,3,27,19,254.96,4844.24,6,0
8063,20240430,3,127,15,170.72,2560.8,6,0
8064,20240229,2,27,18,249.72,4494.96,14,0
8065,20251031,2,71,75,363.51,27263.25,15,0
8066,20241231,1,182,35,56.87,1990.45,14,0
8067,20250930,1,86,63,97.25,6126.75,12,0
8068,20250731,1,90,8,69.37,554.96,12,1
8069,20240131,1,111,3,145.84,437.52,12,1
8070,20241031,2,164,9,98.38,885.42,10,1
8071,20250430,2,34,49,155.08,7598.92,12,0
8072,20250228,1,2,6,298.72,1792.32,7,1
8073,20251031,1,113,2,281.81,563.62,10,1
8074,20250228,1,91,9,284.93,2564.37,11,1
8075,20240630,3,168,28,224.71,6291.88,5,0
8076,20250731,3,57,88,23.2,2041.6,7,0
8077,20240430,2,49,75,30.58,2293.5,17,0
8078,20240131,1,47,16,70.06,1120.96,15,0
8079,20250331,3,2,0,298.72,0.0,3,1
8080,20241031,3,40,20,268.77,5375.4,7,0
8081,20250930,2,1,12,219.63,2635.56,8,0
8082,20250630,1,37,123,16.65,2047.95,22,0
8083,20250930,2,34,23,182.99,4208.77,12,0
8084,20240131,2,85,10,40.9,409.0,9,0
8085,20240331,1,37,121,16.31,1973.51,22,0
8086,20251130,1,138,80,88.19,7055.2,14,0
8087,20250630,1,161,36,64.16,2309.76,14,0
8088,20250630,3,94,13,124.3,1615.9,5,0
8089,20240229,1,160,24,40.71,977.04,15,0
8090,20250731,3,17,87,313.71,27292.77,6,0
8091,20241130,2,104,5,75.12,375.6,11,1
8092,20241231,1,135,82,39.89,3270.98,15,0
8093,20250731,3,71,0,363.51,0.0,7,1
8094,20240531,3,134,9,60.5,544.5,4,0
8095,20240831,3,117,12,98.28,1179.36,4,0
8096,20240930,1,171,34,83.7,2845.8,12,0
8097,20250131,1,155,16,329.15,5266.4,17,1
8098,20250831,3,82,75,335.4,25155.0,4,0
8099,20240331,2,101,18,62.94,1132.92,12,0
8100,20250930,1,28,19,143.73,2730.87,14,0
8101,20240831,2,79,50,144.83,7241.5,12,0
8102,20241130,1,170,35,16.6,581.0,12,0
8103,20250831,1,43,60,300.28,18016.8,15,0
8104,20240331,1,105,11,166.12,1827.32,12,1
8105,20250228,1,107,11,150.54,1655.94,14,1
8106,20250331,3,148,3,302.28,906.84,5,1
8107,20250228,1,169,25,282.28,7057.0,14,0
8108,20250228,2,92,3,142.98,428.94,14,1
8109,20251231,2,46,8,372.17,2977.36,17,1
8110,20240930,1,149,97,108.85,10558.45,18,0
8111,20250930,1,174,21,169.01,3549.21,13,0
8112,20250630,1,44,82,199.55,16363.1,17,0
8113,20250831,2,139,3,203.11,609.33,16,1
8114,20241031,1,37,26,16.31,424.06,22,0
8115,20250331,1,117,19,100.34,1906.46,10,0
8116,20250731,2,113,8,281.81,2254.48,9,1
8117,20250228,3,97,15,214.46,3216.9,5,0
8118,20240531,1,132,13,125.81,1635.53,14,1
8119,20240430,2,158,20,180.81,3616.2,15,0
8120,20250531,3,2,39,298.72,11650.08,3,0
8121,20250731,3,122,8,212.67,1701.36,4,0
8122,20250731,1,150,10,347.06,3470.6,14,1
8123,20250331,1,134,11,61.77,679.47,10,0
8124,20250531,3,88,12,404.63,4855.56,4,0
8125,20240430,1,159,39,166.16,6480.24,20,0
8126,20240229,2,89,11,157.64,1734.04,11,0
8127,20241231,3,178,34,116.97,3976.98,7,0
8128,20250930,3,88,66,404.63,26705.58,4,0
8129,20251031,1,85,54,49.28,2661.12,10,0
8130,20250131,2,58,25,149.54,3738.5,17,0
8131,20240630,2,71,10,301.72,3017.2,15,1
8132,20250831,3,162,48,68.38,3282.24,6,0
8133,20241130,2,96,32,170.74,5463.68,10,0
8134,20250531,1,45,73,78.37,5721.01,16,0
8135,20250831,3,153,11,116.0,1276.0,4,0
8136,20240331,1,70,6,39.88,239.28,10,1
8137,20240630,1,144,0,96.31,0.0,15,1
8138,20251130,1,107,0,150.54,0.0,14,1
8139,20241130,1,126,7,130.29,912.03,12,1
8140,20250930,3,120,24,186.72,4481.28,5,0
8141,20250131,3,150,15,347.06,5205.9,6,0
8142,20251231,2,118,14,343.17,4804.38,12,0
8143,20250430,2,4,39,158.83,6194.37,10,0
8144,20250131,2,38,38,319.94,12157.72,20,0
8145,20250228,1,141,8,314.24,2513.92,10,1
8146,20240430,1,155,28,322.38,9026.64,17,0
8147,20241130,2,167,29,205.42,5957.18,12,0
8148,20250930,1,65,71,155.19,11018.49,12,0
8149,20240630,1,168,11,224.71,2471.81,13,1
8150,20251231,1,107,2,150.54,301.08,14,1
8151,20250630,2,47,66,71.53,4720.98,14,0
8152,20241231,1,90,12,57.58,690.96,12,0
8153,20240131,2,56,9,287.11,2583.99,18,1
8154,20250430,3,156,7,164.64,1152.48,5,0
8155,20250630,2,116,75,60.17,4512.75,16,0
8156,20250731,3,68,16,342.49,5479.84,5,0
8157,20241231,2,84,18,312.0,5616.0,12,0
8158,20250731,3,141,31,314.24,9741.44,4,0
8159,20240131,2,86,26,80.72,2098.72,11,0
8160,20240430,1,112,64,65.64,4200.96,13,0
8161,20241130,2,180,28,93.34,2613.52,14,0
8162,20240131,1,50,18,291.69,5250.42,19,1
8163,20250331,1,175,43,96.85,4164.55,17,0
8164,20250430,3,90,14,58.79,823.06,5,0
8165,20250131,1,95,4,54.77,219.08,8,1
8166,20240831,1,77,76,167.57,12735.32,14,0
8167,20250430,1,151,13,92.25,1199.25,10,0
8168,20250228,2,160,24,41.56,997.44,14,0
8169,20240229,2,4,5,155.56,777.8,10,1
8170,20240831,2,31,12,294.44,3533.28,13,1
8171,20251231,3,63,11,247.24,2719.64,9,0
8172,20240229,2,47,13,70.06,910.78,14,1
8173,20250731,1,44,86,199.55,17161.3,17,0
8174,20240630,1,9,53,66.28,3512.84,9,0
8175,20250131,3,145,26,111.12,2889.12,7,0
8176,20241031,2,154,43,323.13,13894.59,12,0
8177,20240331,2,156,1,161.25,161.25,11,1
8178,20240430,2,129,13,45.49,591.37,19,1
8179,20250331,3,177,36,215.66,7763.76,5,0
8180,20250630,1,113,50,281.81,14090.5,10,0
8181,20250228,1,99,8,293.7,2349.6,12,1
8182,20250930,2,28,19,143.73,2730.87,13,0
8183,20250331,3,166,35,217.35,7607.25,5,0
8184,20240331,1,109,27,303.82,8203.14,11,0
8185,20251130,2,91,48,336.22,16138.56,11,0
8186,20250630,1,121,45,44.65,2009.25,10,0
8187,20240831,1,181,22,305.97,6731.34,18,0
8188,20250831,2,31,10,300.62,3006.2,13,1
8189,20240731,1,47,92,70.06,6445.52,15,0
8190,20240930,2,71,74,301.72,22327.28,15,0
8191,20240531,3,19,76,170.21,12935.96,5,0
8192,20251130,1,28,13,143.73,1868.49,14,1
8193,20240731,2,77,8,167.57,1340.56,13,1
8194,20250531,1,68,11,342.49,3767.39,13,1
8195,20251130,3,76,83,338.68,28110.44,5,0
8196,20251231,2,67,15,28.64,429.6,13,0
8197,20251231,1,122,4,212.67,850.68,11,1
8198,20240731,2,160,37,40.71,1506.27,14,0
8199,20250430,3,165,26,107.92,2805.92,5,0
8200,20251130,1,134,55,61.77,3397.35,10,0
8201,20240831,2,118,6,336.11,2016.66,12,1
8202,20251130,3,97,51,253.06,12906.06,5,0
8203,20250430,3,179,34,231.35,7865.9,5,0
8204,20240831,1,149,29,108.85,3156.65,18,0
8205,20251231,3,117,17,100.34,1705.78,4,0
8206,20250930,1,159,28,169.65,4750.2,20,0
8207,20251231,1,154,77,329.92,25403.84,13,0
8208,20240531,1,138,12,86.38,1036.56,14,1
8209,20240630,2,146,12,220.88,2650.56,14,1
8210,20240229,1,17,9,307.26,2765.34,14,1
8211,20240630,2,101,4,62.94,251.76,12,1
8212,20240630,2,25,42,146.28,6143.76,9,0
8213,20240630,2,179,22,226.59,4984.98,12,0
8214,20240831,1,115,5,46.26,231.3,11,1
8215,20250331,1,65,18,131.52,2367.36,12,0
8216,20250228,2,116,9,60.17,541.53,16,1
8217,20251130,2,48,13,33.51,435.63,15,1
8218,20240531,2,111,50,145.84,7292.0,11,0
8219,20250531,3,89,17,189.92,3228.64,5,0
8220,20250131,3,88,0,342.9,0.0,4,1
8221,20240430,3,133,21,61.66,1294.86,7,0
8222,20250531,3,47,92,71.53,6580.76,6,0
8223,20251031,2,1,3,219.63,658.89,8,1
8224,20250531,3,112,76,67.02,5093.52,5,0
8225,20251130,1,26,2,246.82,493.64,11,1
8226,20251231,2,175,32,96.85,3099.2,16,0
8227,20240131,1,169,30,276.47,8294.1,14,0
8228,20251031,2,101,56,75.83,4246.48,12,0
8229,20250531,3,17,68,313.71,21332.28,6,0
8230,20240229,1,63,18,242.15,4358.7,21,1
8231,20250930,2,170,23,16.95,389.85,12,0
8232,20250930,3,126,21,133.03,2793.63,5,0
8233,20250531,1,104,60,76.7,4602.0,11,0
8234,20251130,3,50,43,297.82,12806.26,8,0
8235,20251231,2,146,70,225.52,15786.4,14,0
8236,20250731,1,100,9,369.19,3322.71,11,1
8237,20250731,2,131,19,37.08,704.52,13,0
8238,20240930,2,96,48,170.74,8195.52,10,0
8239,20250228,1,102,9,260.69,2346.21,10,1
8240,20240930,3,38,25,313.36,7834.0,9,0
8241,20250131,3,167,39,209.73,8179.47,5,0
8242,20240131,2,36,8,159.06,1272.48,18,1
8243,20240331,3,97,20,210.05,4201.0,5,0
8244,20250131,3,41,11,163.24,1795.64,7,0
8245,20250831,2,156,6,164.64,987.84,11,1
8246,20251130,1,69,62,239.15,14827.3,12,0
8247,20250531,2,161,17,64.16,1090.72,13,0
8248,20240331,2,173,13,207.98,2703.74,15,1
8249,20240930,1,24,20,185.46,3709.2,12,0
8250,20250531,3,36,120,191.63,22995.6,8,0
8251,20250930,1,170,20,16.95,339.0,12,0
8252,20240930,1,63,35,242.15,8475.25,21,0
8253,20240331,2,48,72,32.82,2363.04,15,0
8254,20240831,3,72,76,196.62,14943.12,5,0
8255,20250630,2,90,3,69.37,208.11,11,1
8256,20240831,2,21,0,201.55,0.0,11,1
8257,20240731,2,123,8,129.56,1036.48,13,1
8258,20250731,2,3,47,227.23,10679.81,10,0
8259,20240930,2,135,77,39.89,3071.53,14,0
8260,20250630,3,28,83,143.73,11929.59,6,0
8261,20240930,1,58,7,146.46,1025.22,18,1
8262,20240831,3,107,10,147.44,1474.4,6,0
8263,20251031,2,74,48,130.44,6261.12,12,0
8264,20241231,3,150,85,339.92,28893.2,6,0
8265,20251031,1,162,31,68.38,2119.78,14,0
8266,20241130,2,134,47,60.5,2843.5,10,0
8267,20251130,2,4,0,158.83,0.0,10,1
8268,20240131,2,40,35,268.77,9406.95,17,0
8269,20250331,2,79,9,147.87,1330.83,12,1
8270,20240930,1,26,3,241.74,725.22,11,1
8271,20241130,1,118,0,336.11,0.0,13,1
8272,20241031,3,124,30,150.61,4518.3,5,0
8273,20250430,2,96,8,174.33,1394.64,10,1
8274,20251231,3,134,62,61.77,3829.74,4,0
8275,20240331,3,82,16,278.39,4454.24,4,0
8276,20241130,3,45,11,76.76,844.36,6,0
8277,20240430,2,19,62,170.21,10553.02,11,0
8278,20240229,1,176,20,322.02,6440.4,17,0
8279,20251231,1,93,13,159.25,2070.25,10,0
8280,20240531,1,23,86,239.29,20578.94,14,0
8281,20241031,1,153,62,113.61,7043.82,11,0
8282,20241031,3,78,51,197.64,10079.64,4,0
8283,20250430,2,169,31,282.28,8750.68,13,0
8284,20240531,3,52,114,179.27,20436.78,7,0
8285,20240930,2,131,56,36.32,2033.92,13,0
8286,20241031,2,72,57,196.62,11207.34,12,0
8287,20251130,3,19,24,205.07,4921.68,5,0
8288,20240930,2,59,12,324.94,3899.28,16,1
8289,20240531,1,4,58,155.56,9022.48,11,0
8290,20251231,3,116,38,60.17,2286.46,7,0
8291,20250731,1,86,11,97.25,1069.75,12,1
8292,20240831,2,134,1,60.5,60.5,10,1
8293,20250930,2,36,11,191.63,2107.93,18,1
8294,20241130,2,76,53,281.11,14898.83,11,0
8295,20241231,3,43,13,294.1,3823.3,6,0
8296,20250831,1,143,5,220.45,1102.25,13,1
8297,20240331,1,29,5,238.44,1192.2,10,1
8298,20251130,1,113,17,281.81,4790.77,10,0
8299,20250331,2,2,3,298.72,896.16,7,1
8300,20251031,2,89,48,189.92,9116.16,11,0
8301,20240131,1,77,24,167.57,4021.68,14,0
8302,20250831,1,5,7,208.35,1458.45,13,1
8303,20250131,2,108,11,169.96,1869.56,13,1
8304,20250531,3,37,126,16.65,2097.9,9,0
8305,20250731,3,51,120,79.76,9571.2,8,0
8306,20241031,1,92,62,140.04,8682.48,15,0
8307,20240531,2,174,24,165.53,3972.72,12,0
8308,20250531,2,84,3,375.89,1127.67,12,1
8309,20250430,1,105,55,169.61,9328.55,12,0
8310,20250430,3,180,13,95.3,1238.9,6,0
8311,20251231,1,171,20,85.46,1709.2,12,0
8312,20241031,1,12,23,68.19,1568.37,11,0
8313,20240831,3,149,27,108.85,2938.95,7,0
8314,20240229,2,36,16,159.06,2544.96,18,1
8315,20250131,3,122,19,212.67,4040.73,4,0
8316,20250930,3,17,12,313.71,3764.52,6,0
8317,20240630,2,144,2,96.31,192.62,14,1
8318,20250731,2,67,19,28.64,544.16,13,0
8319,20240331,1,159,24,166.16,3987.84,20,0
8320,20240531,2,14,53,26.62,1410.86,14,0
8321,20250131,2,142,7,100.93,706.51,10,1
8322,20250430,3,63,124,247.24,30657.76,9,0
8323,20240331,2,142,18,98.85,1779.3,10,0
8324,20250228,1,137,23,25.59,588.57,13,0
8325,20250430,1,23,64,244.32,15636.48,14,0
8326,20250430,1,81,19,309.18,5874.42,13,0
8327,20240531,2,49,75,30.58,2293.5,17,0
8328,20240229,2,121,15,43.73,655.95,9,0
8329,20251231,1,5,25,208.35,5208.75,13,0
8330,20240131,1,95,0,53.64,0.0,8,1
8331,20240930,1,155,101,322.38,32560.38,17,0
8332,20250228,3,108,19,169.96,3229.24,6,0
8333,20240430,2,171,20,83.7,1674.0,12,0
8334,20240930,1,111,14,145.84,2041.76,12,0
8335,20240630,3,68,15,284.28,4264.2,5,0
8336,20251031,2,152,40,271.4,10856.0,9,0
8337,20251130,3,111,2,148.9,297.8,5,1
8338,20250331,2,40,75,274.41,20580.75,17,0
8339,20251031,3,111,15,148.9,2233.5,5,0
8340,20240831,2,149,23,108.85,2503.55,17,0
8341,20250630,2,66,8,240.06,1920.48,9,1
8342,20240930,3,130,91,317.23,28867.93,6,0
8343,20250228,3,103,13,154.84,2012.92,5,0
8344,20240630,1,42,130,261.53,33998.9,23,0
8345,20240930,3,172,38,216.67,8233.46,5,0
8346,20251231,2,163,22,300.77,6616.94,10,0
8347,20240229,1,92,25,140.04,3501.0,15,0
8348,20240531,2,44,63,195.45,12313.35,16,0
8349,20240430,3,156,14,161.25,2257.5,5,0
8350,20250331,2,164,24,100.45,2410.8,10,0
8351,20250331,1,21,0,205.78,0.0,12,1
8352,20240930,3,51,20,78.12,1562.4,8,0
8353,20240430,3,98,15,257.11,3856.65,6,0
8354,20240731,2,178,39,116.97,4561.83,16,0
8355,20250930,2,135,52,40.73,2117.96,14,0
8356,20240630,3,130,14,317.23,4441.22,6,0
8357,20240831,2,2,6,292.58,1755.48,7,1
8358,20251130,1,111,22,148.9,3275.8,12,0
8359,20251231,3,112,14,67.02,938.28,5,0
8360,20250630,1,5,68,208.35,14167.8,13,0
8361,20240831,1,158,19,180.81,3435.39,16,0
8362,20250430,1,67,9,24.27,218.43,14,1
8363,20251130,2,162,35,68.38,2393.3,14,0
8364,20241130,2,173,13,207.98,2703.74,15,1
8365,20250131,1,154,13,329.92,4288.96,13,0
8366,20250131,3,121,9,44.65,401.85,4,0
8367,20250930,1,150,91,347.06,31582.46,14,0
8368,20240731,3,124,25,150.61,3765.25,5,0
8369,20250228,1,117,0,100.34,0.0,10,1
8370,20240430,1,68,13,284.28,3695.64,13,0
8371,20250630,1,75,16,71.97,1151.52,13,0
8372,20250430,2,107,59,150.54,8881.86,13,0
8373,20240331,3,75,26,59.74,1553.24,5,0
8374,20240131,2,44,14,195.45,2736.3,16,1
8375,20250430,1,86,12,82.42,989.04,12,0
8376,20250331,1,119,17,59.67,1014.39,11,0
8377,20251231,1,23,15,244.32,3664.8,14,0
8378,20251031,1,135,87,40.73,3543.51,15,0
8379,20241031,3,149,87,108.85,9469.95,7,0
8380,20240331,1,47,68,70.06,4764.08,15,0
8381,20251130,1,171,33,85.46,2820.18,12,0
8382,20241231,2,80,7,173.12,1211.84,11,1
8383,20250430,1,85,12,41.76,501.12,10,0
8384,20250630,1,107,88,150.54,13247.52,14,0
8385,20240131,2,29,4,238.44,953.76,10,1
8386,20251031,1,32,0,409.59,0.0,13,1
8387,20250731,3,132,17,128.45,2183.65,6,0
8388,20240930,1,20,15,32.44,486.6,16,1
8389,20250831,2,99,53,346.57,18368.21,11,0
8390,20250731,3,40,107,274.41,29361.87,7,0
8391,20240731,1,115,21,46.26,971.46,11,0
8392,20250228,3,63,18,247.24,4450.32,9,0
8393,20250731,3,38,120,319.94,38392.8,9,0
8394,20241231,2,128,47,77.25,3630.75,10,0
8395,20250930,1,52,21,183.03,3843.63,17,0
8396,20240930,3,180,45,93.34,4200.3,6,0
8397,20250831,3,99,70,346.57,24259.9,5,0
8398,20251231,2,149,58,111.14,6446.12,17,0
8399,20240731,2,169,15,276.47,4147.05,13,0
8400,20250228,3,120,17,186.72,3174.24,5,0
8401,20240531,1,56,107,287.11,30720.77,19,0
8402,20251130,2,1,1,219.63,219.63,8,1
8403,20250331,1,80,10,176.76,1767.6,12,1
8404,20250430,2,27,58,254.96,14787.68,14,0
8405,20250228,3,55,21,213.75,4488.75,7,0
8406,20241031,1,85,56,40.9,2290.4,10,0
8407,20250930,3,112,7,67.02,469.14,5,0
8408,20251031,2,117,6,100.34,602.04,10,1
8409,20250531,2,157,24,25.21,605.04,12,0
8410,20250630,2,124,50,153.77,7688.5,12,0
8411,20250831,3,140,17,41.26,701.42,5,0
8412,20251130,2,101,65,75.83,4928.95,12,0
8413,20250430,1,18,37,247.17,9145.29,6,0
8414,20251130,1,89,59,189.92,11205.28,12,0
8415,20240531,1,29,47,238.44,11206.68,10,0
8416,20241031,2,99,59,287.66,16971.94,11,0
8417,20241130,2,108,16,166.46,2663.36,13,0
8418,20251031,2,28,1,143.73,143.73,13,1
8419,20250531,3,71,16,363.51,5816.16,7,0
8420,20250331,3,109,16,310.2,4963.2,4,0
8421,20250731,1,29,61,243.45,14850.45,10,0
8422,20251031,2,86,56,97.25,5446.0,11,0
8423,20241130,2,29,15,238.44,3576.6,10,0
8424,20240229,1,44,0,195.45,0.0,17,1
8425,20240531,1,162,32,66.97,2143.04,14,0
8426,20250531,3,133,11,62.95,692.45,7,0
8427,20250430,1,62,89,114.9,10226.1,17,0
8428,20240731,1,48,69,32.82,2264.58,16,0
8429,20250228,3,16,0,224.02,0.0,4,1
8430,20250831,2,106,12,340.08,4080.96,13,1
8431,20240229,3,130,11,317.23,3489.53,6,0
8432,20241231,3,120,20,182.88,3657.6,5,0
8433,20250531,3,43,84,300.28,25223.52,6,0
8434,20250228,3,36,15,162.4,2436.0,8,0
8435,20241130,3,73,84,255.0,21420.0,6,0
8436,20251231,2,39,9,122.17,1099.53,18,1
8437,20240630,2,14,62,26.62,1650.44,14,0
8438,20241130,3,172,40,216.67,8666.8,5,0
8439,20250131,1,140,7,41.26,288.82,12,1
8440,20240531,1,80,8,173.12,1384.96,12,1
8441,20250331,1,161,31,64.16,1988.96,14,0
8442,20240331,1,32,25,339.97,8499.25,13,0
8443,20240831,2,42,113,261.53,29552.89,22,0
8444,20240430,2,174,15,165.53,2482.95,12,0
8445,20240630,2,82,1,278.39,278.39,10,1
8446,20240331,1,86,21,80.72,1695.12,12,0
8447,20241130,2,49,8,30.58,244.64,17,1
8448,20240930,1,17,2,307.26,614.52,14,1
8449,20251130,3,54,19,262.94,4995.86,7,0
8450,20240229,2,3,2,188.61,377.22,10,1
8451,20240430,2,66,5,199.26,996.3,9,1
8452,20240630,2,10,51,87.08,4441.08,11,0
8453,20250430,2,51,78,79.76,6221.28,17,0
8454,20240831,1,82,64,278.39,17816.96,11,0
8455,20240430,1,121,55,43.73,2405.15,10,0
8456,20250831,3,141,12,314.24,3770.88,4,0
8457,20251130,1,117,22,100.34,2207.48,10,0
8458,20240930,3,99,77,287.66,22149.82,5,0
8459,20250630,1,104,66,76.7,5062.2,11,0
8460,20250930,1,137,78,25.59,1996.02,13,0
8461,20251031,2,59,14,391.48,5480.72,16,1
8462,20251130,2,89,56,189.92,10635.52,11,0
8463,20250531,1,51,86,79.76,6859.36,18,0
8464,20250331,1,137,17,25.59,435.03,13,0
8465,20240131,3,161,38,62.84,2387.92,6,0
8466,20251231,1,173,35,212.35,7432.25,16,0
8467,20240430,3,140,6,40.41,242.46,5,0
8468,20250731,1,96,16,205.7,3291.2,10,0
8469,20250630,2,102,0,260.69,0.0,10,1
8470,20241031,1,39,35,119.66,4188.1,19,0
8471,20240731,3,76,5,281.11,1405.55,5,0
8472,20251031,2,69,53,239.15,12674.95,11,0
8473,20240731,2,55,72,209.35,15073.2,15,0
8474,20240731,2,162,18,66.97,1205.46,14,0
8475,20240531,1,37,139,16.31,2267.09,22,0
8476,20250630,3,19,77,205.07,15790.39,5,0
8477,20250630,3,181,74,312.4,23117.6,8,0
8478,20251031,1,66,47,240.06,11282.82,10,0
8479,20240430,1,144,5,96.31,481.55,15,1
8480,20250228,2,161,12,64.16,769.92,13,1
8481,20250531,2,66,5,240.06,1200.3,9,1
8482,20240531,2,116,77,58.93,4537.61,16,0
8483,20250630,1,64,73,70.89,5174.97,15,0
8484,20250831,1,109,9,310.2,2791.8,11,1
8485,20240731,3,27,88,249.72,21975.36,6,0
8486,20241031,2,158,32,180.81,5785.92,15,0
8487,20250430,3,61,136,76.81,10446.16,7,0
8488,20240531,3,122,65,208.3,13539.5,4,0
8489,20251031,1,157,23,25.21,579.83,13,0
8490,20250930,2,164,12,100.45,1205.4,10,0
8491,20240430,3,121,69,43.73,3017.37,4,0
8492,20240131,1,26,18,241.74,4351.32,11,0
8493,20250531,2,89,0,189.92,0.0,11,1
8494,20240229,2,70,1,39.88,39.88,10,1
8495,20250831,2,62,70,135.59,9491.3,16,0
8496,20250430,1,57,91,19.66,1789.06,17,0
8497,20250228,1,26,9,246.82,2221.38,11,1
8498,20240430,2,153,13,113.61,1476.93,10,0
8499,20250430,2,118,62,343.17,21276.54,12,0
8500,20250831,1,2,6,298.72,1792.32,7,1
8501,20240831,3,52,116,179.27,20795.32,7,0
8502,20250531,2,104,51,76.7,3911.7,11,0
8503,20250930,1,22,16,298.47,4775.52,8,0
8504,20240131,3,107,18,147.44,2653.92,6,0
8505,20250131,1,54,33,262.94,8677.02,17,0
8506,20250531,2,1,39,219.63,8565.57,8,0
8507,20250630,1,170,23,16.95,389.85,12,0
8508,20250831,1,105,7,169.61,1187.27,12,1
8509,20240531,2,123,54,129.56,6996.24,13,0
8510,20241130,3,50,10,291.69,2916.9,8,0
8511,20250131,1,150,6,347.06,2082.36,14,1
8512,20240930,3,179,39,226.59,8837.01,5,0
8513,20240630,1,43,71,294.1,20881.1,15,0
8514,20240331,1,167,34,205.42,6984.28,13,0
8515,20240131,3,137,25,25.06,626.5,5,0
8516,20240131,2,28,10,140.77,1407.7,13,1
8517,20240430,1,143,12,215.92,2591.04,13,1
8518,20241130,2,171,26,83.7,2176.2,12,0
8519,20251130,2,157,20,25.21,504.2,12,0
8520,20240831,1,160,18,40.71,732.78,15,0
8521,20250131,3,131,4,37.08,148.32,6,1
8522,20250831,1,101,69,75.83,5232.27,12,0
8523,20250630,1,171,23,85.46,1965.58,12,0
8524,20240531,3,92,17,140.04,2380.68,6,0
8525,20250228,1,153,9,116.0,1044.0,11,1
8526,20240630,1,164,18,98.38,1770.84,11,0
8527,20251130,3,145,123,111.12,13667.76,7,0
8528,20250228,3,172,19,221.22,4203.18,5,0
8529,20240131,1,34,6,151.89,911.34,13,1
8530,20250831,1,87,86,215.66,18546.76,15,0
8531,20250228,1,180,40,95.3,3812.0,15,0
8532,20240131,3,38,32,313.36,10027.52,9,0
8533,20251231,1,89,15,189.92,2848.8,12,0
8534,20240831,2,94,59,121.74,7182.66,11,0
8535,20250630,3,68,20,342.49,6849.8,5,0
8536,20250731,1,142,3,100.93,302.79,11,1
8537,20250630,1,60,118,291.44,34389.92,17,0
8538,20250131,2,171,15,85.46,1281.9,12,0
8539,20250228,1,125,17,291.24,4951.08,12,0
8540,20240831,1,66,57,199.26,11357.82,10,0
8541,20250430,3,19,88,173.78,15292.64,5,0
8542,20240430,1,90,7,57.58,403.06,12,1
8543,20250430,3,166,34,217.35,7389.9,5,0
8544,20240930,3,167,31,205.42,6368.02,5,0
8545,20250930,1,72,69,236.88,16344.72,13,0
8546,20250331,3,154,20,329.92,6598.4,5,0
8547,20240630,3,167,34,205.42,6984.28,5,0
8548,20240831,1,135,9,39.89,359.01,15,1
8549,20251130,1,2,10,298.72,2987.2,7,0
8550,20251231,2,33,22,113.22,2490.84,13,0
8551,20250430,2,43,55,300.28,16515.4,14,0
8552,20250531,1,132,12,128.45,1541.4,14,1
8553,20250831,1,26,9,246.82,2221.38,11,1
8554,20241231,3,26,11,241.74,2659.14,4,0
8555,20240131,2,79,3,144.83,434.49,12,1
8556,20251231,1,178,51,119.43,6090.93,17,0
8557,20240229,1,10,17,87.08,1480.36,12,0
8558,20251130,1,122,9,212.67,1914.03,11,1
8559,20251031,2,32,11,409.59,4505.49,12,1
8560,20240731,3,92,21,140.04,2940.84,6,0
8561,20240531,3,99,6,287.66,1725.96,5,0
8562,20250531,3,82,28,335.4,9391.2,4,0
8563,20240930,3,131,74,36.32,2687.68,6,0
8564,20241031,2,126,2,130.29,260.58,12,1
8565,20251031,1,168,12,229.43,2753.16,13,1
8566,20250331,1,83,1,160.44,160.44,11,1
8567,20240930,1,166,30,212.88,6386.4,13,0
8568,20250531,1,93,6,159.25,955.5,10,1
8569,20250131,2,116,8,60.17,481.36,16,1
8570,20240831,1,5,8,204.06,1632.48,13,1
8571,20250831,3,143,10,220.45,2204.5,5,0
8572,20241130,2,154,54,323.13,17449.02,12,0
8573,20241130,3,68,67,284.28,19046.76,5,0
8574,20250930,1,100,65,369.19,23997.35,11,0
8575,20240131,3,68,8,284.28,2274.24,5,0
8576,20240430,1,153,0,113.61,0.0,11,1
8577,20250731,3,179,24,231.35,5552.4,5,0
8578,20240131,3,86,14,80.72,1130.08,5,0
8579,20240930,1,95,46,53.64,2467.44,8,0
8580,20251231,2,121,8,44.65,357.2,9,1
8581,20240430,1,146,16,220.88,3534.08,14,0
8582,20240131,3,165,33,105.7,3488.1,5,0
8583,20241130,1,134,68,60.5,4114.0,10,0
8584,20240630,1,105,67,166.12,11130.04,12,0
8585,20251231,1,76,5,338.68,1693.4,12,1
8586,20240229,2,79,16,144.83,2317.28,12,0
8587,20250430,1,175,40,96.85,3874.0,17,0
8588,20250731,3,78,21,238.11,5000.31,4,0
8589,20241031,3,76,77,281.11,21645.47,5,0
8590,20250831,1,45,77,78.37,6034.49,16,0
8591,20251130,2,168,25,229.43,5735.75,12,0
8592,20240430,3,181,31,305.97,9485.07,8,0
8593,20250531,2,55,76,213.75,16245.0,15,0
8594,20240731,2,47,64,70.06,4483.84,14,0
8595,20250430,3,172,32,221.22,7079.04,5,0
8596,20240229,1,157,23,24.69,567.87,13,0
8597,20251031,2,6,16,182.47,2919.52,10,0
8598,20250731,1,158,17,184.61,3138.37,16,0
8599,20240531,1,88,6,335.85,2015.1,9,1
8600,20250731,2,24,66,189.35,12497.1,12,0
8601,20250531,1,95,5,64.62,323.1,8,1
8602,20240731,2,170,17,16.6,282.2,12,0
8603,20241130,1,11,0,288.46,0.0,9,1
8604,20241031,1,182,21,56.87,1194.27,14,0
8605,20241231,2,175,18,94.86,1707.48,16,0
8606,20250930,1,153,62,116.0,7192.0,11,0
8607,20240229,2,77,11,167.57,1843.27,13,1
8608,20240331,1,166,35,212.88,7450.8,13,0
8609,20240731,2,54,95,257.53,24465.35,16,0
8610,20251130,1,168,30,229.43,6882.9,13,0
8611,20240731,2,91,14,279.07,3906.98,11,0
8612,20250930,1,76,60,338.68,20320.8,12,0
8613,20241231,2,38,11,313.36,3446.96,20,1
8614,20240331,2,182,17,56.87,966.79,13,0
8615,20240930,1,37,20,16.31,326.2,22,1
8616,20240531,2,178,24,116.97,2807.28,16,0
8617,20251231,2,84,12,375.89,4510.68,12,0
8618,20240131,1,76,15,281.11,4216.65,12,0
8619,20250930,3,162,33,68.38,2256.54,6,0
8620,20240131,3,55,12,209.35,2512.2,7,0
8621,20240229,3,139,30,198.93,5967.9,7,0
8622,20250831,1,62,72,135.59,9762.48,17,0
8623,20240731,1,44,96,195.45,18763.2,17,0
8624,20250831,1,110,10,182.67,1826.7,12,1
8625,20250731,2,168,12,229.43,2753.16,12,0
8626,20251130,3,160,29,41.56,1205.24,6,0
8627,20240331,1,7,6,55.96,335.76,10,1
8628,20241231,2,136,52,110.14,5727.28,12,0
8629,20250731,3,55,94,213.75,20092.5,7,0
8630,20250228,3,180,38,95.3,3621.4,6,0
8631,20241231,1,152,65,265.82,17278.3,10,0
8632,20251231,1,88,9,404.63,3641.67,9,0
8633,20250831,3,121,3,44.65,133.95,4,1
8634,20241031,1,56,31,287.11,8900.41,19,0
8635,20241231,1,85,6,40.9,245.4,10,1
8636,20250131,1,59,15,331.76,4976.4,16,1
8637,20250228,3,57,27,19.66,530.82,7,0
8638,20241130,1,92,81,140.04,11343.24,15,0
8639,20240430,2,180,23,93.34,2146.82,14,0
8640,20250430,3,93,0,134.96,0.0,4,1
8641,20240630,2,154,7,323.13,2261.91,12,1
8642,20250131,1,172,30,221.22,6636.6,13,0
8643,20240229,1,168,34,224.71,7640.14,13,0
8644,20240430,1,118,63,336.11,21174.93,13,0
8645,20240331,2,8,6,128.94,773.64,9,1
8646,20251031,3,157,35,25.21,882.35,5,0
8647,20240731,2,111,0,145.84,0.0,11,1
8648,20240831,1,32,15,339.97,5099.55,13,0
8649,20250531,2,135,5,40.73,203.65,14,1
8650,20240531,3,157,22,24.69,543.18,5,0
8651,20240531,2,31,53,294.44,15605.32,13,0
8652,20240731,1,91,13,279.07,3627.91,11,0
8653,20240731,1,71,20,301.72,6034.4,16,0
8654,20240630,1,77,5,167.57,837.85,14,1
8655,20250831,2,163,16,300.77,4812.32,10,0
8656,20240331,3,181,39,305.97,11932.83,8,0
8657,20241130,2,33,7,110.89,776.23,13,1
8658,20250131,1,141,9,314.24,2828.16,10,1
8659,20250131,2,49,19,31.22,593.18,17,0
8660,20240131,1,139,20,198.93,3978.6,17,0
8661,20240731,1,18,36,242.09,8715.24,6,0
8662,20241231,1,171,24,83.7,2008.8,12,0
8663,20250131,3,117,8,100.34,802.72,4,0
8664,20240731,1,84,12,312.0,3744.0,12,0
8665,20240430,1,107,78,147.44,11500.32,14,0
8666,20240930,2,120,2,182.88,365.76,11,1
8667,20250930,3,45,14,78.37,1097.18,6,0
8668,20250228,1,30,15,100.96,1514.4,11,0
8669,20250331,1,136,8,112.45,899.6,12,1
8670,20250531,1,82,7,335.4,2347.8,11,1
8671,20251130,1,86,63,97.25,6126.75,12,0
8672,20250430,2,86,17,82.42,1401.14,11,0
8673,20250930,1,27,14,254.96,3569.44,14,0
8674,20240630,2,127,13,170.72,2219.36,14,1
8675,20240930,1,66,57,199.26,11357.82,10,0
8676,20250228,2,57,4,19.66,78.64,16,1
8677,20240930,1,103,13,151.66,1971.58,13,0
8678,20250531,2,146,4,225.52,902.08,14,1
8679,20250831,3,120,11,186.72,2053.92,5,0
8680,20251130,2,7,12,57.14,685.68,9,0
8681,20250331,1,81,3,309.18,927.54,13,1
8682,20241031,3,172,26,216.67,5633.42,5,0
8683,20240229,2,68,17,284.28,4832.76,12,0
8684,20241231,1,88,0,335.85,0.0,9,1
8685,20240531,3,16,43,219.41,9434.63,4,0
8686,20250131,3,116,18,60.17,1083.06,7,0
8687,20240331,1,164,17,98.38,1672.46,11,0
8688,20250930,2,90,47,69.37,3260.39,11,0
8689,20250331,2,85,17,41.76,709.92,9,0
8690,20250630,3,180,29,95.3,2763.7,6,0
8691,20250831,1,139,18,203.11,3655.98,17,0
8692,20240430,2,40,86,268.77,23114.22,17,0
8693,20240131,2,21,14,201.55,2821.7,11,0
8694,20240430,1,2,38,292.58,11118.04,7,0
8695,20250430,2,161,32,64.16,2053.12,13,0
8696,20250630,2,65,2,155.19,310.38,12,1
8697,20250331,1,55,80,213.75,17100.0,16,0
8698,20250131,2,19,12,173.78,2085.36,11,0
8699,20241130,2,71,70,301.72,21120.4,15,0
8700,20240831,1,17,2,307.26,614.52,14,1
8701,20240731,3,60,107,241.9,25883.3,7,0
8702,20240331,3,153,14,113.61,1590.54,4,0
8703,20240531,2,76,20,281.11,5622.2,11,0
8704,20250131,1,30,3,100.96,302.88,11,1
8705,20250331,1,142,13,100.93,1312.09,11,0
8706,20240531,2,160,30,40.71,1221.3,14,0
8707,20240531,3,88,0,335.85,0.0,4,1
8708,20240331,1,12,14,68.19,954.66,11,0
8709,20250430,2,162,26,68.38,1777.88,14,0
8710,20251031,1,136,53,112.45,5959.85,12,0
8711,20250630,2,37,87,16.65,1448.55,21,0
8712,20240430,1,10,54,87.08,4702.32,12,0
8713,20240930,1,140,59,40.41,2384.19,12,0
8714,20240331,1,145,15,108.83,1632.45,16,1
8715,20240430,2,39,81,119.66,9692.46,18,0
8716,20251031,1,100,53,369.19,19567.07,11,0
8717,20240531,3,83,19,157.14,2985.66,4,0
8718,20250430,2,102,13,260.69,3388.97,10,0
8719,20240731,1,155,23,322.38,7414.74,17,0
8720,20250430,1,125,75,291.24,21843.0,12,0
8721,20240731,1,69,16,198.5,3176.0,12,0
8722,20251231,2,43,11,300.28,3303.08,14,1
8723,20251031,1,160,45,41.56,1870.2,15,0
8724,20240630,3,179,37,226.59,8383.83,5,0
8725,20241231,1,154,69,323.13,22295.97,13,0
8726,20251130,2,123,4,132.28,529.12,13,1
8727,20251130,1,10,20,88.91,1778.2,12,0
8728,20240430,1,169,20,276.47,5529.4,14,0
8729,20240531,1,74,17,108.27,1840.59,13,0
8730,20240331,1,81,13,302.82,3936.66,13,0
8731,20240831,2,133,35,61.66,2158.1,15,0
8732,20250430,1,181,44,312.4,13745.6,18,0
8733,20240430,3,38,126,313.36,39483.36,9,0
8734,20251231,1,86,11,97.25,1069.75,12,1
8735,20240331,2,14,19,26.62,505.78,14,0
8736,20240531,1,24,54,185.46,10014.84,12,0
8737,20240630,2,109,50,303.82,15191.0,10,0
8738,20240731,2,59,60,324.94,19496.4,16,0
8739,20250531,1,109,64,310.2,19852.8,11,0
8740,20241031,3,162,33,66.97,2210.01,6,0
8741,20240731,2,149,6,108.85,653.1,17,1
8742,20250731,1,107,8,150.54,1204.32,14,1
8743,20250531,1,47,76,71.53,5436.28,15,0
8744,20240630,1,93,0,132.18,0.0,10,1
8745,20250228,2,154,3,329.92,989.76,12,1
8746,20250131,1,32,3,347.11,1041.33,13,1
8747,20240331,2,38,81,313.36,25382.16,20,0
8748,20241130,2,37,22,16.31,358.82,21,0
8749,20251231,3,104,8,76.7,613.6,5,0
8750,20240131,3,134,13,60.5,786.5,4,0
8751,20240430,1,11,44,288.46,12692.24,9,0
8752,20250131,3,2,9,298.72,2688.48,3,0
8753,20251031,1,98,81,309.76,25090.56,15,0
8754,20241231,2,135,65,39.89,2592.85,14,0
8755,20241130,2,8,11,128.94,1418.34,9,0
8756,20240731,1,123,15,129.56,1943.4,13,0
8757,20241130,1,149,84,108.85,9143.4,18,0
8758,20250430,1,173,33,212.35,7007.55,16,0
8759,20240731,2,31,55,294.44,16194.2,13,0
8760,20250131,3,5,21,208.35,4375.35,5,0
8761,20241130,1,27,14,249.72,3496.08,14,0
8762,20250831,2,160,16,41.56,664.96,14,0
8763,20250228,1,51,21,79.76,1674.96,18,0
8764,20240531,2,135,1,39.89,39.89,14,1
8765,20251130,3,57,29,23.2,672.8,7,0
8766,20240229,3,88,23,335.85,7724.55,4,0
8767,20250831,1,9,5,67.67,338.35,9,1
8768,20240131,3,80,0,173.12,0.0,5,1
8769,20241130,3,37,26,16.31,424.06,9,0
8770,20250731,3,154,4,329.92,1319.68,5,1
8771,20240831,1,127,20,170.72,3414.4,15,0
8772,20251031,1,127,58,174.31,10109.98,15,0
8773,20240731,3,149,8,108.85,870.8,7,0
8774,20250228,2,121,2,44.65,89.3,9,1
8775,20250731,2,137,12,25.59,307.08,13,1
8776,20241231,1,14,10,26.62,266.2,15,1
8777,20240630,2,76,8,281.11,2248.88,11,1
8778,20250630,3,36,128,191.63,24528.64,8,0
8779,20251031,1,155,90,329.15,29623.5,17,0
8780,20240131,1,164,18,98.38,1770.84,11,0
8781,20240831,2,55,68,209.35,14235.8,15,0
8782,20250228,1,67,12,24.27,291.24,14,1
8783,20240831,1,112,1,65.64,65.64,13,1
8784,20240731,1,142,5,98.85,494.25,11,1
8785,20240831,1,11,0,288.46,0.0,9,1
8786,20251130,3,33,30,113.22,3396.6,6,0
8787,20241130,2,146,65,220.88,14357.2,14,0
8788,20240930,1,162,22,66.97,1473.34,14,0
8789,20250731,3,47,79,71.53,5650.87,6,0
8790,20250131,1,98,16,262.51,4200.16,15,0
8791,20241130,2,165,10,105.7,1057.0,12,1
8792,20250630,1,88,2,404.63,809.26,9,1
8793,20250430,1,166,32,217.35,6955.2,13,0
8794,20240430,2,104,48,75.12,3605.76,11,0
8795,20240131,1,94,20,121.74,2434.8,12,0
8796,20241231,1,63,32,242.15,7748.8,21,0
8797,20251031,1,175,36,96.85,3486.6,17,0
8798,20240831,3,97,73,210.05,15333.65,5,0
8799,20251231,1,20,21,33.12,695.52,16,0
8800,20240331,2,127,3,170.72,512.16,14,1
8801,20251031,1,173,41,212.35,8706.35,16,0
8802,20241130,2,1,6,182.3,1093.8,8,1
8803,20250831,1,103,22,154.84,3406.48,13,0
8804,20241130,1,147,58,339.78,19707.24,10,0
8805,20251130,1,38,11,319.94,3519.34,21,1
8806,20250228,3,92,56,142.98,8006.88,6,0
8807,20251031,3,80,86,208.57,17937.02,5,0
8808,20251130,2,117,11,100.34,1103.74,10,0
8809,20250228,1,165,34,107.92,3669.28,12,0
8810,20250731,3,133,9,62.95,566.55,7,0
8811,20240229,1,70,8,39.88,319.04,10,1
8812,20240630,2,17,63,307.26,19357.38,13,0
8813,20241231,1,136,62,110.14,6828.68,12,0
8814,20250630,1,147,12,346.92,4163.04,10,0
8815,20250630,2,91,8,336.22,2689.76,11,1
8816,20240831,1,65,56,128.81,7213.36,12,0
8817,20250531,3,153,3,116.0,348.0,4,1
8818,20241031,1,8,8,128.94,1031.52,10,1
8819,20241130,2,34,7,151.89,1063.23,12,1
8820,20240229,2,86,0,80.72,0.0,11,1
8821,20250531,3,48,107,33.51,3585.57,7,0
8822,20240831,2,104,0,75.12,0.0,11,1
8823,20251031,2,142,47,100.93,4743.71,10,0
8824,20250930,2,111,9,148.9,1340.1,11,1
8825,20240731,3,46,95,308.91,29346.45,7,0
8826,20250930,1,157,36,25.21,907.56,13,0
8827,20251031,1,95,40,64.62,2584.8,8,0
8828,20241231,2,149,52,108.85,5660.2,17,0
8829,20250731,2,102,11,260.69,2867.59,10,0
8830,20240630,1,30,50,98.88,4944.0,11,0
8831,20240131,3,97,12,210.05,2520.6,5,0
8832,20250930,3,50,32,297.82,9530.24,8,0
8833,20240331,1,27,12,249.72,2996.64,14,1
8834,20250331,2,57,80,19.66,1572.8,16,0
8835,20240531,2,70,6,39.88,239.28,10,1
8836,20250731,3,97,14,253.06,3542.84,5,0
8837,20250531,1,101,9,75.83,682.47,12,1
8838,20250228,1,8,4,131.65,526.6,10,1
8839,20251231,1,58,14,149.54,2093.56,18,1
8840,20241130,2,124,16,150.61,2409.76,12,0
8841,20250430,3,121,71,44.65,3170.15,4,0
8842,20240229,2,90,15,57.58,863.7,11,0
8843,20250930,1,77,87,171.09,14884.83,14,0
8844,20240930,2,104,9,75.12,676.08,11,1
8845,20250630,3,83,11,189.32,2082.52,4,0
8846,20241231,1,147,40,339.78,13591.2,10,0
8847,20250228,1,68,10,290.25,2902.5,13,1
8848,20240930,2,32,23,339.97,7819.31,12,0
8849,20240630,1,8,52,128.94,6704.88,10,0
8850,20250531,1,32,78,409.59,31948.02,13,0
8851,20240229,1,47,15,70.06,1050.9,15,0
8852,20250131,3,112,13,67.02,871.26,5,0
8853,20250731,3,89,12,189.92,2279.04,5,0
8854,20241130,1,36,34,159.06,5408.04,19,0
8855,20250831,2,175,31,96.85,3002.35,16,0
8856,20240630,3,19,87,170.21,14808.27,5,0
8857,20240731,1,13,61,308.85,18839.85,12,0
8858,20240430,1,39,93,119.66,11128.38,19,0
8859,20250131,1,173,25,212.35,5308.75,16,0
8860,20240630,2,181,33,305.97,10097.01,17,0
8861,20250930,2,142,42,100.93,4239.06,10,0
8862,20250531,1,25,59,149.35,8811.65,9,0
8863,20240131,3,51,19,78.12,1484.28,8,0
8864,20251130,1,36,10,191.63,1916.3,19,1
8865,20240229,3,117,9,98.28,884.52,4,0
8866,20250228,2,138,3,88.19,264.57,13,1
8867,20240831,1,169,54,276.47,14929.38,14,0
8868,20250831,2,70,42,48.05,2018.1,10,0
8869,20241130,2,82,48,278.39,13362.72,10,0
8870,20250131,1,62,3,114.9,344.7,17,1
8871,20240531,1,116,88,58.93,5185.84,16,0
8872,20240731,1,7,60,55.96,3357.6,10,0
8873,20250331,3,17,1,313.71,313.71,6,1
8874,20241130,3,47,4,70.06,280.24,6,1
8875,20250228,1,109,3,310.2,930.6,11,1
8876,20240229,1,151,12,90.35,1084.2,10,0
8877,20240630,3,16,63,219.41,13822.83,4,0
8878,20240331,1,111,5,145.84,729.2,12,1
8879,20241031,2,7,6,55.96,335.76,9,1
8880,20251130,2,102,47,260.69,12252.43,10,0
8881,20250630,3,72,9,236.88,2131.92,5,0
8882,20250630,2,43,71,300.28,21319.88,14,0
8883,20240430,1,92,24,140.04,3360.96,15,0
8884,20250331,2,74,8,110.54,884.32,12,1
8885,20240531,3,160,23,40.71,936.33,6,0
8886,20240831,1,94,53,121.74,6452.22,12,0
8887,20240630,3,180,38,93.34,3546.92,6,0
8888,20250531,1,114,74,152.73,11302.02,12,0
8889,20240731,2,109,6,303.82,1822.92,10,1
8890,20240930,1,44,1,195.45,195.45,17,1
8891,20240131,1,90,3,57.58,172.74,12,1
8892,20240430,2,85,11,40.9,449.9,9,0
8893,20251231,3,36,15,191.63,2874.45,8,0
8894,20240331,3,107,16,147.44,2359.04,6,0
8895,20241231,2,59,13,324.94,4224.22,16,1
8896,20250531,3,75,9,71.97,647.73,5,0
8897,20240831,1,150,11,339.92,3739.12,14,1
8898,20250831,2,152,8,271.4,2171.2,9,1
8899,20251231,1,26,3,246.82,740.46,11,1
8900,20250228,1,158,26,184.61,4799.86,16,0
8901,20240831,1,132,3,125.81,377.43,14,1
8902,20250930,1,79,77,147.87,11385.99,12,0
8903,20251130,3,66,65,240.06,15603.9,4,0
8904,20251231,2,21,2,242.82,485.64,11,1
8905,20251231,1,92,28,168.72,4724.16,15,0
8906,20250630,1,42,120,267.02,32042.4,23,0
8907,20250531,1,80,8,208.57,1668.56,12,1
8908,20241031,2,23,20,239.29,4785.8,13,0
8909,20241130,3,131,78,36.32,2832.96,6,0
8910,20250930,2,10,0,88.91,0.0,11,1
8911,20240131,2,168,18,224.71,4044.78,12,0
8912,20240831,1,178,41,116.97,4795.77,17,0
8913,20250331,1,163,18,300.77,5413.86,11,0
8914,20240930,1,78,45,197.64,8893.8,9,0
8915,20251031,2,131,48,37.08,1779.84,13,0
8916,20240930,1,74,70,108.27,7578.9,13,0
8917,20240430,2,151,1,90.35,90.35,10,1
8918,20250430,3,52,79,183.03,14459.37,7,0
8919,20250331,2,135,7,40.73,285.11,14,1
8920,20240331,1,50,87,291.69,25377.03,19,0
8921,20240229,1,19,1,170.21,170.21,12,1
8922,20250731,3,73,5,307.22,1536.1,6,1
8923,20250228,3,147,15,346.92,5203.8,4,0
8924,20240731,1,6,46,178.72,8221.12,11,0
8925,20240531,1,91,7,279.07,1953.49,11,1
8926,20240930,1,175,38,94.86,3604.68,17,0
8927,20241231,2,19,22,170.21,3744.62,11,0
8928,20250630,2,32,52,409.59,21298.68,12,0
8929,20240531,1,70,16,39.88,638.08,10,0
8930,20250930,1,152,41,271.4,11127.4,10,0
8931,20250531,1,134,18,61.77,1111.86,10,0
8932,20240531,1,101,12,62.94,755.28,12,0
8933,20250131,1,104,22,76.7,1687.4,11,0
8934,20250228,2,105,9,169.61,1526.49,11,1
8935,20240630,1,63,113,242.15,27362.95,21,0
8936,20250531,1,33,77,113.22,8717.94,14,0
8937,20251130,3,26,14,246.82,3455.48,4,0
8938,20250531,3,21,75,242.82,18211.5,5,0
8939,20250228,2,71,2,308.06,616.12,15,1
8940,20240630,1,176,38,322.02,12236.76,17,0
8941,20240331,3,61,93,75.23,6996.39,7,0
8942,20250831,1,56,95,293.14,27848.3,19,0
8943,20250731,1,169,29,282.28,8186.12,14,0
8944,20250630,1,165,27,107.92,2913.84,12,0
8945,20240831,1,47,90,70.06,6305.4,15,0
8946,20241031,2,156,43,161.25,6933.75,11,0
8947,20250331,2,105,3,169.61,508.83,11,1
8948,20251231,3,130,77,323.89,24939.53,6,0
8949,20240229,3,148,19,296.06,5625.14,5,0
8950,20241130,1,105,16,166.12,2657.92,12,0
8951,20240131,2,110,4,178.91,715.64,12,1
8952,20250131,1,69,25,202.67,5066.75,12,0
8953,20250731,1,149,6,111.14,666.84,18,1
8954,20250630,3,54,138,262.94,36285.72,7,0
8955,20250131,2,161,21,64.16,1347.36,13,0
8956,20250228,1,65,19,131.52,2498.88,12,0
8957,20250731,3,92,13,168.72,2193.36,6,0
8958,20251031,2,38,11,319.94,3519.34,20,1
8959,20240531,1,63,122,242.15,29542.3,21,0
8960,20240430,2,167,17,205.42,3492.14,12,0
8961,20250531,1,52,95,183.03,17387.85,17,0
8962,20241130,3,133,107,61.66,6597.62,7,0
8963,20250331,1,41,87,163.24,14201.88,16,0
8964,20240930,2,162,32,66.97,2143.04,14,0
8965,20250831,2,86,41,97.25,3987.25,11,0
8966,20250930,1,167,27,209.73,5662.71,13,0
8967,20241130,3,40,13,268.77,3494.01,7,0
8968,20241130,1,80,49,173.12,8482.88,12,0
8969,20240831,1,146,9,220.88,1987.92,14,1
8970,20241130,2,77,56,167.57,9383.92,13,0
8971,20250228,1,120,6,186.72,1120.32,12,1
8972,20250331,1,71,13,308.06,4004.78,16,1
8973,20250131,2,53,3,180.55,541.65,19,1
8974,20240430,1,53,106,176.84,18745.04,20,0
8975,20251231,1,66,6,240.06,1440.36,10,1
8976,20240930,2,79,46,144.83,6662.18,12,0
8977,20240831,3,43,95,294.1,27939.5,6,0
8978,20251130,1,1,7,219.63,1537.41,9,1
8979,20240630,3,133,2,61.66,123.32,7,1
8980,20251130,3,86,82,97.25,7974.5,5,0
8981,20251130,2,55,16,213.75,3420.0,15,0
8982,20250131,1,29,5,243.45,1217.25,10,1
8983,20240731,2,36,93,159.06,14792.58,18,0
8984,20240229,1,89,19,157.64,2995.16,12,0
8985,20240229,1,118,26,336.11,8738.86,13,0
8986,20250731,3,27,77,254.96,19631.92,6,0
8987,20241031,1,81,62,302.82,18774.84,13,0
8988,20250531,1,149,16,111.14,1778.24,18,1
8989,20250731,2,178,37,119.43,4418.91,16,0
8990,20251031,2,66,42,240.06,10082.52,9,0
8991,20250930,1,45,18,78.37,1410.66,16,0
8992,20250331,3,153,3,116.0,348.0,4,1
8993,20250930,2,89,47,189.92,8926.24,11,0
8994,20240331,3,180,34,93.34,3173.56,6,0
8995,20240731,3,45,96,76.76,7368.96,6,0
8996,20250930,3,148,77,302.28,23275.56,5,0
8997,20250731,3,116,17,60.17,1022.89,7,0
8998,20250731,2,71,5,363.51,1817.55,15,1
8999,20250430,2,33,49,113.22,5547.78,13,0
9000,20241031,2,51,5,78.12,390.6,17,1
9001,20250531,2,105,68,169.61,11533.48,11,0
9002,20240331,2,55,64,209.35,13398.4,15,0
9003,20240630,2,39,80,119.66,9572.8,18,0
9004,20250630,3,43,99,300.28,29727.72,6,0
9005,20240131,1,11,11,288.46,3173.06,9,0
9006,20250131,2,137,8,25.59,204.72,13,1
9007,20251231,1,118,2,343.17,686.34,13,1
9008,20250430,1,69,13,202.67,2634.71,12,0
9009,20251130,1,162,32,68.38,2188.16,14,0
9010,20250831,1,180,13,95.3,1238.9,15,1
9011,20251231,3,166,5,217.35,1086.75,5,0
9012,20240731,1,32,76,339.97,25837.72,13,0
9013,20240430,1,115,62,46.26,2868.12,11,0
9014,20240531,3,82,8,278.39,2227.12,4,0
9015,20250930,2,174,13,169.01,2197.13,12,0
9016,20251130,1,158,24,184.61,4430.64,16,0
9017,20240630,3,126,77,130.29,10032.33,5,0
9018,20241130,2,109,8,303.82,2430.56,10,1
9019,20241031,1,136,65,110.14,7159.1,12,0
9020,20241231,1,169,19,276.47,5252.93,14,0
9021,20240930,1,1,5,182.3,911.5,9,1
9022,20250228,1,171,31,85.46,2649.26,12,0
9023,20251231,1,99,0,346.57,0.0,12,1
9024,20240831,3,27,22,249.72,5493.84,6,0
9025,20250131,1,144,0,98.33,0.0,15,1
9026,20250131,1,160,24,41.56,997.44,15,0
9027,20240930,1,80,60,173.12,10387.2,12,0
9028,20241130,2,36,14,159.06,2226.84,18,1
9029,20240630,1,27,92,249.72,22974.24,14,0
9030,20240531,2,57,81,19.26,1560.06,16,0
9031,20240731,1,94,12,121.74,1460.88,12,0
9032,20240131,2,65,10,128.81,1288.1,12,1
9033,20240131,3,76,17,281.11,4778.87,5,0
9034,20250731,2,91,1,336.22,336.22,11,1
9035,20251231,1,12,0,69.62,0.0,11,1
9036,20251031,3,100,72,369.19,26581.68,4,0
9037,20250331,3,163,23,300.77,6917.71,4,0
9038,20240229,1,147,13,339.78,4417.14,10,0
9039,20251031,1,33,15,113.22,1698.3,14,0
9040,20240630,3,99,14,287.66,4027.24,5,0
9041,20240630,1,95,15,53.64,804.6,8,0
9042,20240531,3,118,69,336.11,23191.59,5,0
9043,20240430,1,51,105,78.12,8202.6,18,0
9044,20240731,1,119,0,58.44,0.0,11,1
9045,20250731,1,3,67,227.23,15224.41,11,0
9046,20251130,1,180,34,95.3,3240.2,15,0
9047,20241231,2,1,5,182.3,911.5,8,1
9048,20240731,2,29,50,238.44,11922.0,10,0
9049,20250731,3,19,80,205.07,16405.6,5,0
9050,20240229,1,105,11,166.12,1827.32,12,1
9051,20251231,1,123,24,132.28,3174.72,13,0
9052,20241231,3,157,16,24.69,395.04,5,0
9053,20251130,1,175,41,96.85,3970.85,17,0
9054,20250630,3,76,0,338.68,0.0,5,1
9055,20240131,2,97,11,210.05,2310.55,11,0
9056,20250331,1,49,94,31.22,2934.68,18,0
9057,20250131,1,55,9,213.75,1923.75,16,1
9058,20240831,3,118,19,336.11,6386.09,5,0
9059,20241231,3,122,1,208.3,208.3,4,1
9060,20240531,3,51,101,78.12,7890.12,8,0
9061,20240930,2,40,6,268.77,1612.62,17,1
9062,20241031,2,179,20,226.59,4531.8,12,0
9063,20240229,1,15,8,318.69,2549.52,14,1
9064,20240331,1,30,13,98.88,1285.44,11,0
9065,20251130,2,110,0,182.67,0.0,12,1
9066,20251231,1,35,22,30.63,673.86,19,0
9067,20240430,2,118,53,336.11,17813.83,12,0
9068,20240531,1,154,0,323.13,0.0,13,1
9069,20240630,2,70,17,39.88,677.96,10,0
9070,20250331,1,92,19,142.98,2716.62,15,0
9071,20250331,3,117,1,100.34,100.34,4,1
9072,20250831,3,28,13,143.73,1868.49,6,0
9073,20250930,1,59,31,391.48,12135.88,16,0
9074,20240731,2,25,47,146.28,6875.16,9,0
9075,20250930,3,143,70,220.45,15431.5,5,0
9076,20240831,1,7,3,55.96,167.88,10,1
9077,20250430,2,56,79,293.14,23158.06,18,0
9078,20241130,1,106,7,333.09,2331.63,14,1
9079,20240229,2,103,6,151.66,909.96,12,1
9080,20250731,1,105,5,169.61,848.05,12,1
9081,20240831,1,2,7,292.58,2048.06,7,0
9082,20250228,1,95,9,54.77,492.93,8,0
9083,20250630,1,133,13,62.95,818.35,16,1
9084,20251031,1,79,65,147.87,9611.55,12,0
9085,20250430,1,128,11,78.87,867.57,10,0
9086,20240131,1,2,7,292.58,2048.06,7,0
9087,20250430,2,59,71,331.76,23554.96,16,0
9088,20240131,2,54,13,257.53,3347.89,16,1
9089,20240630,1,19,65,170.21,11063.65,12,0
9090,20250331,1,36,81,162.4,13154.4,19,0
9091,20250228,1,154,24,329.92,7918.08,13,0
9092,20240131,3,54,20,257.53,5150.6,7,0
9093,20240831,3,38,130,313.36,40736.8,9,0
9094,20240229,1,25,8,146.28,1170.24,9,1
9095,20240831,2,51,88,78.12,6874.56,17,0
9096,20240831,3,9,15,66.28,994.2,3,0
9097,20250331,1,169,19,282.28,5363.32,14,0
9098,20250531,1,87,27,215.66,5822.82,15,0
9099,20251031,2,67,49,28.64,1403.36,13,0
9100,20241130,3,167,41,205.42,8422.22,5,0
9101,20251231,2,40,0,274.41,0.0,17,1
9102,20251031,2,135,57,40.73,2321.61,14,0
9103,20240430,3,102,24,255.33,6127.92,4,0
9104,20240831,3,153,12,113.61,1363.32,4,0
9105,20240930,2,160,23,40.71,936.33,14,0
9106,20240630,3,63,118,242.15,28573.7,9,0
9107,20250531,2,162,22,68.38,1504.36,14,0
9108,20240531,1,77,35,167.57,5864.95,14,0
9109,20250430,1,3,48,192.57,9243.36,11,0
9110,20251031,1,97,57,253.06,14424.42,12,0
9111,20240731,1,100,7,306.44,2145.08,11,1
9112,20250430,2,77,9,171.09,1539.81,13,1
9113,20250430,2,180,14,95.3,1334.2,14,0
9114,20240930,1,48,27,32.82,886.14,16,0
9115,20240229,1,142,14,98.85,1383.9,11,0
9116,20240731,2,2,27,292.58,7899.66,7,0
9117,20241231,1,138,62,86.38,5355.56,14,0
9118,20250731,1,165,11,107.92,1187.12,12,1
9119,20240930,2,37,9,16.31,146.79,21,1
9120,20250331,1,105,7,169.61,1187.27,12,1
9121,20251130,1,110,9,182.67,1644.03,12,1
9122,20250831,1,31,22,300.62,6613.64,14,0
9123,20250331,3,40,118,274.41,32380.38,7,0
9124,20240531,1,95,8,53.64,429.12,8,0
9125,20240430,2,68,12,284.28,3411.36,12,0
9126,20250930,1,9,12,67.67,812.04,9,0
9127,20240731,1,24,63,185.46,11683.98,12,0
9128,20250630,2,56,87,293.14,25503.18,18,0
9129,20250331,3,68,15,290.25,4353.75,5,0
9130,20250731,1,171,32,85.46,2734.72,12,0
9131,20240131,1,32,12,339.97,4079.64,13,1
9132,20241130,3,98,113,257.11,29053.43,6,0
9133,20251231,3,73,11,307.22,3379.42,6,0
9134,20240229,1,5,10,204.06,2040.6,13,1
9135,20251231,2,180,14,95.3,1334.2,14,0
9136,20250831,3,66,72,240.06,17284.32,4,0
9137,20250930,3,139,101,203.11,20514.11,7,0
9138,20250228,1,162,30,68.38,2051.4,14,0
9139,20240831,2,73,54,255.0,13770.0,13,0
9140,20250228,3,28,6,143.73,862.38,6,0
9141,20250331,3,54,99,262.94,26031.06,7,0
9142,20250131,2,7,0,57.14,0.0,9,1
9143,20250531,3,9,38,67.67,2571.46,3,0
9144,20240630,2,8,47,128.94,6060.18,9,0
9145,20240831,1,175,40,94.86,3794.4,17,0
9146,20250930,1,164,14,100.45,1406.3,11,0
9147,20240630,2,38,93,313.36,29142.48,20,0
9148,20240131,2,27,11,249.72,2746.92,14,1
9149,20241031,2,67,82,23.77,1949.14,13,0
9150,20240831,3,116,27,58.93,1591.11,7,0
9151,20240331,1,19,2,170.21,340.42,12,1
9152,20240131,1,25,10,146.28,1462.8,9,0
9153,20250930,2,148,54,302.28,16323.12,11,0
9154,20250831,1,145,9,111.12,1000.08,16,1
9155,20240229,1,173,34,207.98,7071.32,16,0
9156,20241231,2,99,4,287.66,1150.64,11,1
9157,20251031,3,46,44,372.17,16375.48,7,0
9158,20250630,1,57,94,23.2,2180.8,17,0
9159,20240831,2,32,11,339.97,3739.67,12,1
9160,20250630,2,85,9,49.28,443.52,9,0
9161,20241031,1,61,10,75.23,752.3,18,1
9162,20251130,2,106,1,340.08,340.08,13,1
9163,20240131,3,139,7,198.93,1392.51,7,0
9164,20251130,2,54,21,262.94,5521.74,16,0
9165,20250430,2,32,47,347.11,16314.17,12,0
9166,20240229,1,85,7,40.9,286.3,10,1
9167,20241231,1,119,12,58.44,701.28,11,0
9168,20251130,2,33,13,113.22,1471.86,13,0
9169,20240331,1,3,14,188.61,2640.54,11,0
9170,20240531,2,53,66,176.84,11671.44,19,0
9171,20250831,2,102,43,260.69,11209.67,10,0
9172,20251130,1,65,61,155.19,9466.59,12,0
9173,20240430,2,111,50,145.84,7292.0,11,0
9174,20240831,1,14,8,26.62,212.96,15,1
9175,20250831,2,95,31,64.62,2003.22,7,0
9176,20251231,2,99,3,346.57,1039.71,11,1
9177,20250531,1,145,6,111.12,666.72,16,1
9178,20240831,1,67,64,23.77,1521.28,14,0
9179,20240731,2,65,20,128.81,2576.2,12,0
9180,20240630,1,7,51,55.96,2853.96,10,0
9181,20240831,1,161,23,62.84,1445.32,14,0
9182,20251130,3,177,17,215.66,3666.22,5,0
9183,20250930,1,44,17,199.55,3392.35,17,0
9184,20250731,2,108,5,169.96,849.8,13,1
9185,20250831,2,41,66,163.24,10773.84,15,0
9186,20250831,2,71,72,363.51,26172.72,15,0
9187,20250131,1,153,27,116.0,3132.0,11,0
9188,20250630,2,176,38,328.78,12493.64,16,0
9189,20241031,3,80,76,173.12,13157.12,5,0
9190,20250131,1,116,13,60.17,782.21,16,1
9191,20250630,1,141,14,314.24,4399.36,10,0
9192,20241031,2,55,22,209.35,4605.7,15,0
9193,20251231,1,19,0,205.07,0.0,12,1
9194,20250331,2,171,16,85.46,1367.36,12,0
9195,20250731,3,161,66,64.16,4234.56,6,0
9196,20251231,1,11,12,294.52,3534.24,9,0
9197,20251130,2,47,20,71.53,1430.6,14,0
9198,20240930,3,27,14,249.72,3496.08,6,0
9199,20250131,2,110,13,182.67,2374.71,12,0
9200,20250430,2,20,69,33.12,2285.28,15,0
9201,20240331,3,100,23,306.44,7048.12,4,0
9202,20240630,1,54,92,257.53,23692.76,17,0
9203,20251130,2,94,50,124.3,6215.0,11,0
9204,20250731,3,107,14,150.54,2107.56,6,0
9205,20241231,2,85,9,40.9,368.1,9,0
9206,20250630,3,140,20,41.26,825.2,5,0
9207,20250331,2,165,20,107.92,2158.4,12,0
9208,20251130,3,176,39,328.78,12822.42,7,0
9209,20240229,1,99,24,287.66,6903.84,12,0
9210,20250831,2,68,65,342.49,22261.85,12,0
9211,20240331,2,96,0,170.74,0.0,10,1
9212,20250930,2,121,8,44.65,357.2,9,1
9213,20240831,2,65,51,128.81,6569.31,12,0
9214,20250831,1,71,81,363.51,29444.31,16,0
9215,20250731,1,136,17,112.45,1911.65,12,0
9216,20250131,1,89,9,160.95,1448.55,12,1
9217,20241130,3,136,77,110.14,8480.78,5,0
9218,20241031,1,19,0,170.21,0.0,12,1
9219,20250430,3,167,38,209.73,7969.74,5,0
9220,20250228,1,164,12,100.45,1205.4,11,0
9221,20240831,2,102,49,255.33,12511.17,10,0
9222,20240131,2,58,15,146.46,2196.9,17,1
9223,20240630,3,163,26,294.58,7659.08,4,0
9224,20250131,1,35,16,30.63,490.08,19,1
9225,20241031,1,52,21,179.27,3764.67,17,0
9226,20250630,2,77,13,171.09,2224.17,13,0
9227,20240430,1,32,78,339.97,26517.66,13,0
9228,20240131,1,10,1,87.08,87.08,12,1
9229,20240131,2,156,0,161.25,0.0,11,1
9230,20241231,2,94,16,121.74,1947.84,11,0
9231,20250531,3,172,25,221.22,5530.5,5,0
9232,20241130,1,26,15,241.74,3626.1,11,0
9233,20250131,2,71,0,308.06,0.0,15,1
9234,20240930,2,121,8,43.73,349.84,9,1
9235,20250331,2,53,86,180.55,15527.3,19,0
9236,20240131,1,137,12,25.06,300.72,13,1
9237,20251130,1,112,10,67.02,670.2,13,1
9238,20240531,3,71,24,301.72,7241.28,7,0
9239,20240531,2,24,41,185.46,7603.86,12,0
9240,20250228,3,89,10,160.95,1609.5,5,0
9241,20251231,3,51,41,79.76,3270.16,8,0
9242,20240630,1,47,85,70.06,5955.1,15,0
9243,20250331,1,88,11,342.9,3771.9,9,0
9244,20241031,2,28,9,140.77,1266.93,13,1
9245,20250731,1,27,87,254.96,22181.52,14,0
9246,20241231,2,68,0,284.28,0.0,12,1
9247,20241031,3,181,64,305.97,19582.08,8,0
9248,20240131,1,23,6,239.29,1435.74,14,1
9249,20250531,2,181,35,312.4,10934.0,17,0
9250,20250831,2,131,23,37.08,852.84,13,0
9251,20240630,2,79,13,144.83,1882.79,12,0
9252,20240430,2,168,19,224.71,4269.49,12,0
9253,20240930,1,57,23,19.26,442.98,17,0
9254,20241130,1,166,22,212.88,4683.36,13,0
9255,20240131,3,176,31,322.02,9982.62,7,0
9256,20241130,1,115,7,46.26,323.82,11,1
9257,20240331,1,151,9,90.35,813.15,10,1
9258,20250131,3,152,5,271.4,1357.0,4,0
9259,20240531,1,58,121,146.46,17721.66,18,0
9260,20241231,1,54,23,257.53,5923.19,17,0
9261,20241231,1,66,7,199.26,1394.82,10,1
9262,20251130,1,137,87,25.59,2226.33,13,0
9263,20240229,3,104,8,75.12,600.96,5,0
9264,20240930,3,78,67,197.64,13241.88,4,0
9265,20251231,3,107,23,150.54,3462.42,6,0
9266,20250228,2,168,29,229.43,6653.47,12,0
9267,20240630,2,80,1,173.12,173.12,11,1
9268,20240930,3,98,97,257.11,24939.67,6,0
9269,20250930,1,25,11,149.35,1642.85,9,0
9270,20240630,1,117,65,98.28,6388.2,10,0
9271,20250930,1,12,10,69.62,696.2,11,1
9272,20250831,2,73,51,307.22,15668.22,13,0
9273,20240531,3,102,15,255.33,3829.95,4,0
9274,20250131,1,65,7,131.52,920.64,12,1
9275,20240229,1,107,35,147.44,5160.4,14,0
9276,20240831,2,171,28,83.7,2343.6,12,0
9277,20241031,1,63,23,242.15,5569.45,21,0
9278,20240331,2,139,20,198.93,3978.6,16,0
9279,20250831,1,51,92,79.76,7337.92,18,0
9280,20241231,1,73,22,255.0,5610.0,14,0
9281,20240229,3,67,16,23.77,380.32,6,0
9282,20241231,1,81,19,302.82,5753.58,13,0
9283,20250228,3,40,0,274.41,0.0,7,1
9284,20240331,3,94,14,121.74,1704.36,5,0
9285,20250331,1,182,36,58.06,2090.16,14,0
9286,20251231,1,91,13,336.22,4370.86,11,0
9287,20251231,1,59,11,391.48,4306.28,16,1
9288,20250731,1,163,23,300.77,6917.71,11,0
9289,20250731,1,128,12,78.87,946.44,10,0
9290,20250731,3,54,122,262.94,32078.68,7,0
9291,20250630,2,113,43,281.81,12117.83,9,0
9292,20240630,1,138,0,86.38,0.0,14,1
9293,20240531,1,107,86,147.44,12679.84,14,0
9294,20240630,1,131,13,36.32,472.16,14,1
9295,20240930,2,172,20,216.67,4333.4,12,0
9296,20240731,1,30,73,98.88,7218.24,11,0
9297,20240531,1,176,34,322.02,10948.68,17,0
9298,20240531,2,121,46,43.73,2011.58,9,0
9299,20240630,1,76,0,281.11,0.0,12,1
9300,20240531,2,10,53,87.08,4615.24,11,0
9301,20240430,1,77,5,167.57,837.85,14,1
9302,20240930,1,114,20,149.59,2991.8,12,0
9303,20240831,1,42,155,261.53,40537.15,23,0
9304,20250131,2,160,31,41.56,1288.36,14,0
9305,20241231,2,43,7,294.1,2058.7,14,1
9306,20240831,2,17,11,307.26,3379.86,13,1
9307,20250131,1,79,15,147.87,2218.05,12,0
9308,20250731,2,170,23,16.95,389.85,12,0
9309,20241130,3,93,76,132.18,10045.68,4,0
9310,20251031,2,4,4,158.83,635.32,10,1
9311,20250228,3,112,18,67.02,1206.36,5,0
9312,20250831,2,65,62,155.19,9621.78,12,0
9313,20250228,2,174,11,169.01,1859.11,12,1
9314,20250331,1,128,1,78.87,78.87,10,1
9315,20240531,2,136,7,110.14,770.98,12,1
9316,20240630,2,65,12,128.81,1545.72,12,0
9317,20240531,2,95,3,53.64,160.92,7,1
9318,20250430,1,138,12,88.19,1058.28,14,1
9319,20250228,3,26,17,246.82,4195.94,4,0
9320,20250228,1,123,18,132.28,2381.04,13,0
9321,20251130,1,84,61,375.89,22929.29,12,0
9322,20250831,1,157,30,25.21,756.3,13,0
9323,20251031,1,126,13,133.03,1729.39,12,0
9324,20240930,1,87,83,211.22,17531.26,15,0
9325,20251130,1,66,54,240.06,12963.24,10,0
9326,20241031,3,134,75,60.5,4537.5,4,0
9327,20251130,2,90,48,69.37,3329.76,11,0
9328,20250531,1,23,76,244.32,18568.32,14,0
9329,20240831,1,164,28,98.38,2754.64,11,0
9330,20250131,3,76,20,287.01,5740.2,5,0
9331,20240331,3,168,36,224.71,8089.56,5,0
9332,20240731,1,73,15,255.0,3825.0,14,0
9333,20240531,1,42,139,261.53,36352.67,23,0
9334,20250228,2,153,13,116.0,1508.0,10,0
9335,20251031,1,142,59,100.93,5954.87,11,0
9336,20251031,2,106,11,340.08,3740.88,13,1
9337,20251031,2,27,2,254.96,509.92,14,1
9338,20250228,1,135,8,40.73,325.84,15,1
9339,20241130,3,89,68,157.64,10719.52,5,0
9340,20240131,1,65,17,128.81,2189.77,12,0
9341,20250831,1,158,13,184.61,2399.93,16,1
9342,20240731,2,7,45,55.96,2518.2,9,0
9343,20250630,2,36,77,191.63,14755.51,18,0
9344,20250430,1,27,74,254.96,18867.04,14,0
9345,20251231,2,51,11,79.76,877.36,17,1
9346,20240131,2,126,8,130.29,1042.32,12,1
9347,20240430,1,42,129,261.53,33737.37,23,0
9348,20250430,2,49,80,31.22,2497.6,17,0
9349,20251031,3,73,94,307.22,28878.68,6,0
9350,20250531,3,8,61,155.34,9475.74,4,0
9351,20250331,1,1,9,186.13,1675.17,9,0
9352,20250331,2,34,5,155.08,775.4,12,1
9353,20241231,1,157,28,24.69,691.32,13,0
9354,20250228,1,81,25,309.18,7729.5,13,0
9355,20241231,1,145,82,108.83,8924.06,16,0
9356,20250731,2,120,15,186.72,2800.8,11,0
9357,20250930,3,150,116,347.06,40258.96,6,0
9358,20240630,2,162,13,66.97,870.61,14,1
9359,20250430,3,103,85,154.84,13161.4,5,0
9360,20240229,1,72,22,196.62,4325.64,13,0
9361,20240930,2,142,44,98.85,4349.4,10,0
9362,20241031,1,112,12,65.64,787.68,13,1
9363,20251231,1,182,38,58.06,2206.28,14,0
9364,20240331,1,23,20,239.29,4785.8,14,0
9365,20240229,3,152,12,265.82,3189.84,4,0
9366,20240131,1,145,2,108.83,217.66,16,1
9367,20241130,1,177,19,211.22,4013.18,12,0
9368,20241031,1,27,19,249.72,4744.68,14,0
9369,20240229,1,114,7,149.59,1047.13,12,1
9370,20241130,1,13,14,308.85,4323.9,12,0
9371,20240630,1,83,9,157.14,1414.26,11,1
9372,20240930,2,175,35,94.86,3320.1,16,0
9373,20240930,1,67,71,23.77,1687.67,14,0
9374,20241130,2,7,11,55.96,615.56,9,0
9375,20251031,1,169,28,282.28,7903.84,14,0
9376,20250228,2,180,36,95.3,3430.8,14,0
9377,20250531,3,176,53,328.78,17425.34,7,0
9378,20240930,1,134,51,60.5,3085.5,10,0
9379,20250731,1,17,74,313.71,23214.54,14,0
9380,20240531,2,132,8,125.81,1006.48,13,1
9381,20250131,1,73,11,260.35,2863.85,14,1
9382,20240930,1,82,66,278.39,18373.74,11,0
9383,20240731,2,94,0,121.74,0.0,11,1
9384,20240531,1,149,38,108.85,4136.3,18,0
9385,20240430,3,80,4,173.12,692.48,5,1
9386,20250731,2,2,28,298.72,8364.16,7,0
9387,20251031,1,96,53,205.7,10902.1,10,0
9388,20240731,3,137,20,25.06,501.2,5,0
9389,20240630,3,38,151,313.36,47317.36,9,0
9390,20240531,1,27,70,249.72,17480.4,14,0
9391,20241130,2,46,11,308.91,3398.01,17,1
9392,20251231,2,148,51,302.28,15416.28,11,0
9393,20240430,2,134,8,60.5,484.0,10,1
9394,20251231,1,134,56,61.77,3459.12,10,0
9395,20251130,1,27,16,254.96,4079.36,14,0
9396,20241231,1,8,3,128.94,386.82,10,1
9397,20241130,3,28,8,140.77,1126.16,6,0
9398,20250531,1,178,41,119.43,4896.63,17,0
9399,20250831,2,25,4,149.35,597.4,9,1
9400,20250831,1,154,11,329.92,3629.12,13,1
9401,20250831,1,160,23,41.56,955.88,15,0
9402,20251231,2,154,68,329.92,22434.56,12,0
9403,20250331,2,19,7,173.78,1216.46,11,1
9404,20241130,3,153,64,113.61,7271.04,4,0
9405,20250831,3,43,95,300.28,28526.6,6,0
9406,20250430,2,165,20,107.92,2158.4,12,0
9407,20250430,3,148,11,302.28,3325.08,5,0
9408,20240731,3,143,0,215.92,0.0,5,1
9409,20240930,2,77,68,167.57,11394.76,13,0
9410,20240630,1,13,72,308.85,22237.2,12,0
9411,20240331,2,153,0,113.61,0.0,10,1
9412,20250831,1,88,46,404.63,18612.98,9,0
9413,20240531,3,156,14,161.25,2257.5,5,0
9414,20250531,2,139,15,203.11,3046.65,16,1
9415,20251130,3,47,24,71.53,1716.72,6,0
9416,20240930,3,104,0,75.12,0.0,5,1
9417,20251231,1,156,52,164.64,8561.28,12,0
9418,20251031,2,178,34,119.43,4060.62,16,0
9419,20240831,1,172,30,216.67,6500.1,13,0
9420,20241231,1,132,72,125.81,9058.32,14,0
9421,20250131,1,20,19,33.12,629.28,16,0
9422,20240531,1,59,84,324.94,27294.96,16,0
9423,20251031,1,36,19,191.63,3640.97,19,0
9424,20240430,2,47,59,70.06,4133.54,14,0
9425,20240831,1,48,111,32.82,3643.02,16,0
9426,20250531,3,54,119,262.94,31289.86,7,0
9427,20240831,2,169,30,276.47,8294.1,13,0
9428,20240430,1,173,32,207.98,6655.36,16,0
9429,20250331,3,147,17,346.92,5897.64,4,0
9430,20240430,2,28,74,140.77,10416.98,13,0
9431,20250630,2,118,57,343.17,19560.69,12,0
9432,20250630,1,155,11,329.15,3620.65,17,1
9433,20251130,1,31,27,300.62,8116.74,14,0
9434,20240731,1,20,98,32.44,3179.12,16,0
9435,20240630,3,48,88,32.82,2888.16,7,0
9436,20240331,2,172,24,216.67,5200.08,12,0
9437,20240229,2,146,12,220.88,2650.56,14,1
9438,20250930,1,139,94,203.11,19092.34,17,0
9439,20250131,3,66,1,203.44,203.44,4,1
9440,20250430,2,73,5,260.35,1301.75,13,1
9441,20250930,3,80,83,208.57,17311.31,5,0
9442,20240131,2,133,25,61.66,1541.5,15,0
9443,20240229,1,34,27,151.89,4101.03,13,0
9444,20251130,1,15,29,325.38,9436.02,14,0
9445,20250831,1,48,88,33.51,2948.88,16,0
9446,20240430,1,119,53,58.44,3097.32,11,0
9447,20240731,1,25,60,146.28,8776.8,9,0
9448,20250228,3,148,11,302.28,3325.08,5,0
9449,20250228,1,7,13,57.14,742.82,10,0
9450,20240229,2,24,6,185.46,1112.76,12,1
9451,20250531,1,78,5,238.11,1190.55,9,1
9452,20241031,3,136,73,110.14,8040.22,5,0
9453,20240831,1,8,17,128.94,2191.98,10,0
9454,20240831,3,67,85,23.77,2020.45,6,0
9455,20240531,1,119,58,58.44,3389.52,11,0
9456,20241031,1,122,7,208.3,1458.1,11,1
9457,20241130,2,178,19,116.97,2222.43,16,0
9458,20241130,2,176,31,322.02,9982.62,16,0
9459,20250531,2,165,20,107.92,2158.4,12,0
9460,20251231,1,22,0,298.47,0.0,8,1
9461,20240930,3,137,79,25.06,1979.74,5,0
9462,20250228,1,71,14,308.06,4312.84,16,1
9463,20240831,1,100,67,306.44,20531.48,11,0
9464,20250531,2,41,67,163.24,10937.08,15,0
9465,20250531,3,117,71,100.34,7124.14,4,0
9466,20240531,1,113,58,276.01,16008.58,10,0
9467,20250131,3,180,43,95.3,4097.9,6,0
9468,20251130,1,64,16,70.89,1134.24,15,0
9469,20241231,1,35,9,30.0,270.0,19,1
9470,20250430,1,14,74,27.18,2011.32,15,0
9471,20240430,1,9,49,66.28,3247.72,9,0
9472,20251031,3,124,10,153.77,1537.7,5,0
9473,20251130,1,9,13,67.67,879.71,9,0
9474,20250331,1,24,7,189.35,1325.45,12,1
9475,20240531,1,129,6,45.49,272.94,20,1
9476,20241231,2,144,47,96.31,4526.57,14,0
9477,20250131,2,27,6,254.96,1529.76,14,1
9478,20250228,1,157,27,25.21,680.67,13,0
9479,20250228,3,82,37,284.24,10516.88,4,0
9480,20250731,1,70,12,48.05,576.6,10,0
9481,20240930,3,86,82,80.72,6619.04,5,0
9482,20250331,1,130,2,323.89,647.78,14,1
9483,20240430,1,74,26,108.27,2815.02,13,0
9484,20241231,1,131,75,36.32,2724.0,14,0
9485,20240731,3,43,105,294.1,30880.5,6,0
9486,20240731,2,53,82,176.84,14500.88,19,0
9487,20251231,3,137,91,25.59,2328.69,5,0
9488,20240930,3,102,60,255.33,15319.8,4,0
9489,20251031,2,118,18,343.17,6177.06,12,0
9490,20240131,1,170,30,16.6,498.0,12,0
9491,20240731,2,39,61,119.66,7299.26,18,0
9492,20250430,3,100,22,312.88,6883.36,4,0
9493,20240531,1,75,0,59.74,0.0,13,1
9494,20250831,1,142,0,100.93,0.0,11,1
9495,20250630,1,86,0,97.25,0.0,12,1
9496,20251231,2,127,53,174.31,9238.43,14,0
9497,20241031,1,47,0,70.06,0.0,15,1
9498,20250930,3,38,15,319.94,4799.1,9,0
9499,20240131,2,132,18,125.81,2264.58,13,0
9500,20250831,2,134,4,61.77,247.08,10,1
9501,20240630,3,153,22,113.61,2499.42,4,0
9502,20240731,3,5,90,204.06,18365.4,5,0
9503,20250131,2,113,0,281.81,0.0,9,1
9504,20240430,1,163,21,294.58,6186.18,11,0
9505,20240430,2,17,61,307.26,18742.86,13,0
9506,20250831,3,90,70,69.37,4855.9,5,0
9507,20240430,2,31,52,294.44,15310.88,13,0
9508,20250930,3,63,30,247.24,7417.2,9,0
9509,20250531,1,55,76,213.75,16245.0,16,0
9510,20250831,1,64,76,70.89,5387.64,15,0
9511,20250131,3,104,6,76.7,460.2,5,0
9512,20241031,1,64,10,69.43,694.3,15,1
9513,20240131,1,176,19,322.02,6118.38,17,0
9514,20240831,3,124,6,150.61,903.66,5,0
9515,20250630,2,134,0,61.77,0.0,10,1
9516,20250831,1,6,18,182.47,3284.46,11,0
9517,20251231,2,164,15,100.45,1506.75,10,0
9518,20241231,1,181,19,305.97,5813.43,18,0
9519,20240430,1,141,0,307.78,0.0,10,1
9520,20240831,1,145,11,108.83,1197.13,16,1
9521,20240131,2,180,26,93.34,2426.84,14,0
9522,20250630,2,60,73,291.44,21275.12,16,0
9523,20240531,2,79,2,144.83,289.66,12,1
9524,20240229,2,44,17,195.45,3322.65,16,0
9525,20250131,1,94,9,124.3,1118.7,12,1
9526,20251031,1,139,97,203.11,19701.67,17,0
9527,20241130,1,125,9,285.25,2567.25,12,1
9528,20250831,1,99,57,346.57,19754.49,12,0
9529,20240131,1,66,8,199.26,1594.08,10,1
9530,20250630,2,40,78,274.41,21403.98,17,0
9531,20250531,1,34,70,182.99,12809.3,13,0
9532,20241130,1,4,0,155.56,0.0,11,1
9533,20241130,1,85,57,40.9,2331.3,10,0
9534,20250331,1,37,113,16.65,1881.45,22,0
9535,20251031,3,76,73,338.68,24723.64,5,0
9536,20251130,2,38,3,319.94,959.82,20,1
9537,20240331,3,162,41,66.97,2745.77,6,0
9538,20240930,3,52,0,179.27,0.0,7,1
9539,20250331,1,25,2,149.35,298.7,9,1
9540,20240531,2,65,16,128.81,2060.96,12,0
9541,20240131,1,74,7,108.27,757.89,13,1
9542,20240831,1,143,0,215.92,0.0,13,1
9543,20241031,3,165,13,105.7,1374.1,5,0
9544,20241130,1,70,57,39.88,2273.16,10,0
9545,20250131,1,47,22,71.53,1573.66,15,0
9546,20240531,1,81,0,302.82,0.0,13,1
9547,20250430,1,21,53,205.78,10906.34,12,0
9548,20250630,2,28,60,143.73,8623.8,13,0
9549,20250731,1,16,51,224.02,11425.02,9,0
9550,20250228,2,181,36,312.4,11246.4,17,0
9551,20240331,3,36,105,159.06,16701.3,8,0
9552,20241130,3,54,21,257.53,5408.13,7,0
9553,20240731,3,104,21,75.12,1577.52,5,0
9554,20241130,1,180,30,93.34,2800.2,15,0
9555,20241130,3,124,13,150.61,1957.93,5,0
9556,20250930,1,121,11,44.65,491.15,10,0
9557,20250831,1,133,11,62.95,692.45,16,1
9558,20250731,1,102,5,260.69,1303.45,10,1
9559,20251130,2,32,13,409.59,5324.67,12,0
9560,20250531,3,147,4,346.92,1387.68,4,0
9561,20240229,1,135,20,39.89,797.8,15,0
9562,20250430,2,41,77,163.24,12569.48,15,0
9563,20250630,1,175,13,96.85,1259.05,17,1
9564,20250430,2,6,53,182.47,9670.91,10,0
9565,20240229,2,124,0,150.61,0.0,12,1
9566,20240229,1,81,0,302.82,0.0,13,1
9567,20240930,3,154,70,323.13,22619.1,5,0
9568,20250731,1,19,57,205.07,11688.99,12,0
9569,20241231,1,39,4,119.66,478.64,19,1
9570,20241130,1,93,71,132.18,9384.78,10,0
9571,20241031,1,25,16,146.28,2340.48,9,0
9572,20250228,2,125,10,291.24,2912.4,11,1
9573,20241130,3,160,21,40.71,854.91,6,0
9574,20240331,2,126,15,130.29,1954.35,12,0
9575,20240430,1,170,19,16.6,315.4,12,0
9576,20241031,3,55,1,209.35,209.35,7,1
9577,20250930,1,132,75,128.45,9633.75,14,0
9578,20241031,1,53,4,176.84,707.36,20,1
9579,20240531,1,180,18,93.34,1680.12,15,0
9580,20251031,3,161,41,64.16,2630.56,6,0
9581,20250930,3,157,40,25.21,1008.4,5,0
9582,20241231,2,17,1,307.26,307.26,13,1
9583,20251130,2,58,13,149.54,1944.02,17,1
9584,20240531,3,63,145,242.15,35111.75,9,0
9585,20240331,1,59,78,324.94,25345.32,16,0
9586,20240430,1,117,58,98.28,5700.24,10,0
9587,20240930,2,24,8,185.46,1483.68,12,1
9588,20251130,3,136,78,112.45,8771.1,5,0
9589,20250831,2,118,9,343.17,3088.53,12,1
9590,20241231,3,65,19,128.81,2447.39,5,0
9591,20250228,2,74,3,110.54,331.62,12,1
9592,20250331,3,132,28,128.45,3596.6,6,0
9593,20241130,1,42,30,261.53,7845.9,23,0
9594,20250331,3,120,9,186.72,1680.48,5,0
9595,20240630,3,40,100,268.77,26877.0,7,0
9596,20250531,1,67,14,28.64,400.96,14,0
9597,20241231,2,83,6,157.14,942.84,10,1
9598,20251231,2,82,17,335.4,5701.8,10,0
9599,20240831,3,36,140,159.06,22268.4,8,0
9600,20250731,3,149,14,111.14,1555.96,7,0
9601,20241031,3,176,34,322.02,10948.68,7,0
9602,20240831,1,35,99,30.0,2970.0,19,0
9603,20240831,1,130,7,317.23,2220.61,14,1
9604,20240731,2,38,76,313.36,23815.36,20,0
9605,20251031,1,132,76,128.45,9762.2,14,0
9606,20250731,2,14,66,27.18,1793.88,14,0
9607,20251231,2,48,0,33.51,0.0,15,1
9608,20241031,2,175,26,94.86,2466.36,16,0
9609,20250831,3,5,5,208.35,1041.75,5,0
9610,20250531,1,154,20,329.92,6598.4,13,0
9611,20240430,1,78,20,197.64,3952.8,9,0
9612,20250831,3,107,25,150.54,3763.5,6,0
9613,20250531,3,52,108,183.03,19767.24,7,0
9614,20250930,2,17,8,313.71,2509.68,13,1
9615,20241031,1,1,7,182.3,1276.1,9,1
9616,20240331,1,131,13,36.32,472.16,14,1
9617,20240731,2,181,35,305.97,10708.95,17,0
9618,20241031,2,139,84,198.93,16710.12,16,0
9619,20240331,1,58,114,146.46,16696.44,18,0
9620,20250630,2,74,14,130.44,1826.16,12,0
9621,20250731,1,135,23,40.73,936.79,15,0
9622,20250731,3,75,2,71.97,143.94,5,1
9623,20251031,1,72,73,236.88,17292.24,13,0
9624,20250731,1,108,9,169.96,1529.64,14,1
9625,20250731,2,74,4,130.44,521.76,12,1
9626,20250731,1,56,114,293.14,33417.96,19,0
9627,20240831,3,156,21,161.25,3386.25,5,0
9628,20240630,2,4,44,155.56,6844.64,10,0
9629,20250930,1,19,5,205.07,1025.35,12,1
9630,20240731,3,180,42,93.34,3920.28,6,0
9631,20250331,3,66,5,203.44,1017.2,4,0
9632,20240229,1,65,15,128.81,1932.15,12,0
9633,20240331,3,28,2,140.77,281.54,6,1
9634,20240430,3,26,73,241.74,17647.02,4,0
9635,20250831,3,169,34,282.28,9597.52,6,0
9636,20241031,2,44,7,195.45,1368.15,16,1
9637,20250531,3,124,73,153.77,11225.21,5,0
9638,20241130,3,140,86,40.41,3475.26,5,0
9639,20240930,3,140,77,40.41,3111.57,5,0
9640,20250531,1,117,55,100.34,5518.7,10,0
9641,20250831,2,123,15,132.28,1984.2,13,0
9642,20241130,3,130,112,317.23,35529.76,6,0
9643,20250331,1,101,17,64.26,1092.42,12,0
9644,20241231,1,30,17,98.88,1680.96,11,0
9645,20251130,2,97,52,253.06,13159.12,11,0
9646,20250630,3,33,82,113.22,9284.04,6,0
9647,20240331,3,67,27,23.77,641.79,6,0
9648,20240531,1,2,41,292.58,11995.78,7,0
9649,20240131,1,3,0,188.61,0.0,11,1
9650,20240930,1,131,65,36.32,2360.8,14,0
9651,20250430,2,79,6,147.87,887.22,12,1
9652,20250331,1,158,29,184.61,5353.69,16,0
9653,20240531,1,139,0,198.93,0.0,17,1
9654,20240831,2,154,6,323.13,1938.78,12,1
9655,20241130,3,148,79,296.06,23388.74,5,0
9656,20250331,3,75,10,60.99,609.9,5,0
9657,20240531,2,117,51,98.28,5012.28,10,0
9658,20240630,1,94,6,121.74,730.44,12,1
9659,20240831,1,156,8,161.25,1290.0,12,1
9660,20250228,2,41,8,163.24,1305.92,15,1
9661,20250228,3,130,40,323.89,12955.6,6,0
9662,20251231,2,129,83,46.45,3855.35,19,0
9663,20250731,1,119,14,59.67,835.38,11,0
9664,20240731,2,156,2,161.25,322.5,11,1
9665,20250731,1,39,109,122.17,13316.53,19,0
9666,20250228,3,98,27,262.51,7087.77,6,0
9667,20250831,1,121,16,44.65,714.4,10,0
9668,20240930,3,28,34,140.77,4786.18,6,0
9669,20240131,2,142,14,98.85,1383.9,10,0
9670,20240731,1,58,93,146.46,13620.78,18,0
9671,20251031,1,15,5,325.38,1626.9,14,1
9672,20241231,3,143,75,215.92,16194.0,5,0
9673,20251231,2,3,7,227.23,1590.61,10,1
9674,20250331,2,7,3,57.14,171.42,9,1
9675,20250531,3,100,0,369.19,0.0,4,1
9676,20240229,1,30,8,98.88,791.04,11,1
9677,20240630,1,152,2,265.82,531.64,10,1
9678,20250331,2,176,22,328.78,7233.16,16,0
9679,20240630,2,111,45,145.84,6562.8,11,0
9680,20250930,1,78,47,238.11,11191.17,9,0
9681,20240331,2,152,5,265.82,1329.1,9,1
9682,20250228,2,24,9,189.35,1704.15,12,1
9683,20240531,1,136,21,110.14,2312.94,12,0
9684,20240131,2,182,27,56.87,1535.49,13,0
9685,20240731,3,139,19,198.93,3779.67,7,0
9686,20250731,1,81,17,364.83,6202.11,13,0
9687,20250131,2,4,8,158.83,1270.64,10,1
9688,20240331,2,163,16,294.58,4713.28,10,0
9689,20250131,2,170,24,16.95,406.8,12,0
9690,20240430,3,166,21,212.88,4470.48,5,0
9691,20240531,3,86,17,80.72,1372.24,5,0
9692,20251231,3,29,5,243.45,1217.25,4,0
9693,20240630,2,59,58,324.94,18846.52,16,0
9694,20251130,3,163,25,300.77,7519.25,4,0
9695,20250630,1,54,98,262.94,25768.12,17,0
9696,20250331,2,6,13,182.47,2372.11,10,0
9697,20240430,2,165,16,105.7,1691.2,12,0
9698,20251031,3,48,18,33.51,603.18,7,0
9699,20240229,2,160,25,40.71,1017.75,14,0
9700,20250430,1,30,55,100.96,5552.8,11,0
9701,20250630,1,21,56,242.82,13597.92,12,0
9702,20241130,1,60,11,241.9,2660.9,17,1
9703,20250731,3,88,5,404.63,2023.15,4,0
9704,20240430,2,37,96,16.31,1565.76,21,0
9705,20241231,1,123,18,129.56,2332.08,13,0
9706,20240131,3,162,55,66.97,3683.35,6,0
9707,20250930,1,3,15,227.23,3408.45,11,0
9708,20250831,3,71,126,363.51,45802.26,7,0
9709,20250131,1,5,17,208.35,3541.95,13,0
9710,20250930,3,121,17,44.65,759.05,4,0
9711,20240531,1,85,11,40.9,449.9,10,0
9712,20250831,3,74,84,130.44,10956.96,5,0
9713,20240630,1,104,60,75.12,4507.2,11,0
9714,20240131,3,50,15,291.69,4375.35,8,0
9715,20250630,2,138,9,88.19,793.71,13,1
9716,20241231,2,48,22,32.82,722.04,15,0
9717,20251031,1,75,72,71.97,5181.84,13,0
9718,20250531,2,158,22,184.61,4061.42,15,0
9719,20240731,1,112,16,65.64,1050.24,13,0
9720,20240331,3,37,173,16.31,2821.63,9,0
9721,20240331,3,33,22,110.89,2439.58,6,0
9722,20240430,1,79,15,144.83,2172.45,12,0
9723,20251031,1,122,17,212.67,3615.39,11,0
9724,20240831,1,122,10,208.3,2083.0,11,1
9725,20240831,1,166,26,212.88,5534.88,13,0
9726,20250531,2,77,6,171.09,1026.54,13,1
9727,20251130,2,72,54,236.88,12791.52,12,0
9728,20250731,2,117,9,100.34,903.06,10,1
9729,20250131,3,136,0,112.45,0.0,5,1
9730,20240430,1,70,11,39.88,438.68,10,0
9731,20250930,1,144,63,98.33,6194.79,15,0
9732,20240630,1,178,29,116.97,3392.13,17,0
9733,20250531,1,182,44,58.06,2554.64,14,0
9734,20240131,3,89,23,157.64,3625.72,5,0
9735,20240531,1,118,66,336.11,22183.26,13,0
9736,20240331,2,128,2,77.25,154.5,10,1
9737,20240331,1,11,14,288.46,4038.44,9,0
9738,20250331,3,93,20,134.96,2699.2,4,0
9739,20250731,1,34,83,182.99,15188.17,13,0
9740,20250131,3,43,11,300.28,3303.08,6,0
9741,20241031,1,135,77,39.89,3071.53,15,0
9742,20250131,1,74,6,110.54,663.24,13,1
9743,20250430,3,169,44,282.28,12420.32,6,0
9744,20241130,2,181,24,305.97,7343.28,17,0
9745,20250131,3,74,16,110.54,1768.64,5,0
9746,20240731,1,59,107,324.94,34768.58,16,0
9747,20250228,1,173,21,212.35,4459.35,16,0
9748,20240229,1,174,24,165.53,3972.72,13,0
9749,20250531,1,35,96,30.63,2940.48,19,0
9750,20241031,3,120,12,182.88,2194.56,5,0
9751,20240131,3,140,20,40.41,808.2,5,0
9752,20250131,2,152,8,271.4,2171.2,9,1
9753,20241031,2,57,0,19.26,0.0,16,1
9754,20240630,2,116,79,58.93,4655.47,16,0
9755,20240930,2,80,49,173.12,8482.88,11,0
9756,20240630,3,162,47,66.97,3147.59,6,0
9757,20240229,1,126,13,130.29,1693.77,12,0
9758,20240131,1,140,8,40.41,323.28,12,1
9759,20250430,2,115,49,47.23,2314.27,11,0
9760,20241031,1,82,56,278.39,15589.84,11,0
9761,20251031,2,91,50,336.22,16811.0,11,0
9762,20250331,1,112,3,67.02,201.06,13,1
9763,20251031,3,43,32,300.28,9608.96,6,0
9764,20250531,2,53,72,180.55,12999.6,19,0
9765,20241231,2,137,58,25.06,1453.48,13,0
9766,20240930,1,84,72,312.0,22464.0,12,0
9767,20241031,1,74,68,108.27,7362.36,13,0
9768,20250731,2,48,63,33.51,2111.13,15,0
9769,20250630,1,19,73,205.07,14970.11,12,0
9770,20250531,3,86,2,97.25,194.5,5,1
9771,20240831,2,40,79,268.77,21232.83,17,0
9772,20240930,3,124,31,150.61,4668.91,5,0
9773,20251130,3,116,35,60.17,2105.95,7,0
9774,20250430,3,143,1,220.45,220.45,5,1
9775,20250831,3,29,5,243.45,1217.25,4,0
9776,20240131,1,89,24,157.64,3783.36,12,0
9777,20250228,3,139,29,203.11,5890.19,7,0
9778,20250831,2,79,58,147.87,8576.46,12,0
9779,20240229,2,118,4,336.11,1344.44,12,1
9780,20240930,2,95,35,53.64,1877.4,7,0
9781,20241231,2,111,9,145.84,1312.56,11,1
9782,20251130,2,79,62,147.87,9167.94,12,0
9783,20241231,2,46,29,308.91,8958.39,17,0
9784,20250430,1,53,93,180.55,16791.15,20,0
9785,20251031,3,168,27,229.43,6194.61,5,0
9786,20250331,3,45,109,78.37,8542.33,6,0
9787,20240229,1,38,22,313.36,6893.92,21,0
9788,20251031,2,134,50,61.77,3088.5,10,0
9789,20240331,3,121,8,43.73,349.84,4,0
9790,20240531,1,99,16,287.66,4602.56,12,0
9791,20240731,2,179,40,226.59,9063.6,12,0
9792,20240731,1,181,55,305.97,16828.35,18,0
9793,20250531,2,51,71,79.76,5662.96,17,0
9794,20250731,2,36,85,191.63,16288.55,18,0
9795,20240331,3,124,29,150.61,4367.69,5,0
9796,20240831,3,141,24,307.78,7386.72,4,0
9797,20250531,2,70,7,48.05,336.35,10,1
9798,20250930,1,128,60,78.87,4732.2,10,0
9799,20240731,2,66,0,199.26,0.0,9,1
9800,20240930,2,178,34,116.97,3976.98,16,0
9801,20250228,2,69,5,202.67,1013.35,11,1
9802,20250630,2,39,75,122.17,9162.75,18,0
9803,20240731,2,86,18,80.72,1452.96,11,0
9804,20240731,1,169,27,276.47,7464.69,14,0
9805,20250331,3,74,18,110.54,1989.72,5,0
9806,20241130,2,27,15,249.72,3745.8,14,0
9807,20251130,1,179,28,231.35,6477.8,12,0
9808,20240731,2,84,4,312.0,1248.0,12,1
9809,20240131,1,57,11,19.26,211.86,17,1
9810,20250531,3,80,16,208.57,3337.12,5,0
9811,20250930,1,104,15,76.7,1150.5,11,0
9812,20240331,2,67,8,23.77,190.16,13,1
9813,20251231,1,84,13,375.89,4886.57,12,0
9814,20240430,2,51,82,78.12,6405.84,17,0
9815,20240630,1,16,54,219.41,11848.14,9,0
9816,20241130,2,101,54,62.94,3398.76,12,0
9817,20250331,2,116,8,60.17,481.36,16,1
9818,20240229,1,2,0,292.58,0.0,7,1
9819,20250430,2,47,56,71.53,4005.68,14,0
9820,20240430,2,176,27,322.02,8694.54,16,0
9821,20240630,2,103,61,151.66,9251.26,12,0
9822,20250930,2,76,60,338.68,20320.8,11,0
9823,20240831,2,10,0,87.08,0.0,11,1
9824,20240229,1,120,2,182.88,365.76,12,1
9825,20240731,3,136,8,110.14,881.12,5,0
9826,20240930,2,167,24,205.42,4930.08,12,0
9827,20240930,2,118,20,336.11,6722.2,12,0
9828,20250731,1,124,10,153.77,1537.7,12,1
9829,20240831,2,181,29,305.97,8873.13,17,0
9830,20240731,3,109,17,303.82,5164.94,4,0
9831,20241130,3,137,89,25.06,2230.34,5,0
9832,20250831,2,27,3,254.96,764.88,14,1
9833,20251130,1,58,22,149.54,3289.88,18,0
9834,20240331,2,32,15,339.97,5099.55,12,0
9835,20240229,2,85,3,40.9,122.7,9,1
9836,20240229,3,61,1,75.23,75.23,7,1
9837,20240630,1,45,85,76.76,6524.6,16,0
9838,20250131,2,111,11,148.9,1637.9,11,0
9839,20240131,3,63,44,242.15,10654.6,9,0
9840,20240331,3,46,112,308.91,34597.92,7,0
9841,20241031,1,118,0,336.11,0.0,13,1
9842,20250831,2,161,35,64.16,2245.6,13,0
9843,20250930,2,163,22,300.77,6616.94,10,0
9844,20250331,3,47,114,71.53,8154.42,6,0
9845,20241231,1,99,12,287.66,3451.92,12,0
9846,20251130,2,181,32,312.4,9996.8,17,0
9847,20250430,1,164,29,100.45,2913.05,11,0
9848,20250731,3,152,5,271.4,1357.0,4,0
9849,20240229,3,108,26,166.46,4327.96,6,0
9850,20240831,2,23,3,239.29,717.87,13,1
9851,20250430,1,52,88,183.03,16106.64,17,0
9852,20240531,1,135,19,39.89,757.91,15,0
9853,20250531,2,131,12,37.08,444.96,13,1
9854,20240531,2,86,13,80.72,1049.36,11,0
9855,20251031,3,148,73,302.28,22066.44,5,0
9856,20240229,1,178,55,116.97,6433.35,17,0
9857,20240331,1,102,14,255.33,3574.62,10,0
9858,20251231,2,37,16,16.65,266.4,21,1
9859,20250630,1,14,77,27.18,2092.86,15,0
9860,20250228,1,94,8,124.3,994.4,12,1
9861,20240630,3,98,10,257.11,2571.1,6,0
9862,20250930,3,92,84,168.72,14172.48,6,0
9863,20240930,1,130,81,317.23,25695.63,14,0
9864,20240331,1,130,10,317.23,3172.3,14,1
9865,20241031,3,33,21,110.89,2328.69,6,0
9866,20240930,2,174,31,165.53,5131.43,12,0
9867,20250630,2,133,6,62.95,377.7,15,1
9868,20240131,2,66,11,199.26,2191.86,9,0
9869,20240531,1,1,50,182.3,9115.0,9,0
9870,20251231,3,5,22,208.35,4583.7,5,0
9871,20250731,1,94,8,124.3,994.4,12,1
9872,20240430,1,45,77,76.76,5910.52,16,0
9873,20250531,1,74,6,130.44,782.64,13,1
9874,20250531,3,121,58,44.65,2589.7,4,0
9875,20240630,2,152,14,265.82,3721.48,9,0
9876,20240131,3,72,14,196.62,2752.68,5,0
9877,20241231,2,165,25,105.7,2642.5,12,0
9878,20250331,3,139,17,203.11,3452.87,7,0
9879,20240331,1,143,20,215.92,4318.4,13,0
9880,20240630,3,55,89,209.35,18632.15,7,0
9881,20251031,1,119,8,59.67,477.36,11,1
9882,20250531,1,102,7,260.69,1824.83,10,1
9883,20240131,2,95,11,53.64,590.04,7,0
9884,20251130,3,94,72,124.3,8949.6,5,0
9885,20250331,2,172,18,221.22,3981.96,12,0
9886,20250630,1,93,13,159.25,2070.25,10,0
9887,20250331,2,28,6,143.73,862.38,13,1
9888,20240131,1,102,9,255.33,2297.97,10,1
9889,20240331,1,137,19,25.06,476.14,13,0
9890,20240131,2,111,0,145.84,0.0,11,1
9891,20250630,3,162,32,68.38,2188.16,6,0
9892,20241130,1,169,26,276.47,7188.22,14,0
9893,20250131,2,55,12,213.75,2565.0,15,1
9894,20240831,3,98,123,257.11,31624.53,6,0
9895,20241031,1,44,11,195.45,2149.95,17,1
9896,20240831,2,170,13,16.6,215.8,12,0
9897,20250831,1,73,67,307.22,20583.74,14,0
9898,20240630,1,31,74,294.44,21788.56,14,0
9899,20251130,1,114,9,152.73,1374.57,12,1
9900,20250731,2,23,59,244.32,14414.88,13,0
9901,20250228,3,8,9,131.65,1184.85,4,0
9902,20250930,2,129,80,46.45,3716.0,19,0
9903,20250731,2,133,7,62.95,440.65,15,1
9904,20250930,1,40,14,274.41,3841.74,18,1
9905,20240930,2,34,3,151.89,455.67,12,1
9906,20250731,3,127,9,174.31,1568.79,6,0
9907,20250228,2,109,9,310.2,2791.8,10,1
9908,20240731,2,44,74,195.45,14463.3,16,0
9909,20240430,1,76,10,281.11,2811.1,12,1
9910,20250930,2,79,42,147.87,6210.54,12,0
9911,20250630,2,179,17,231.35,3932.95,12,0
9912,20240229,1,177,22,211.22,4646.84,12,0
9913,20240229,1,35,15,30.0,450.0,19,1
9914,20240831,3,65,81,128.81,10433.61,5,0
9915,20251231,2,80,6,208.57,1251.42,11,1
9916,20240229,1,125,0,285.25,0.0,12,1
9917,20250331,3,41,101,163.24,16487.24,7,0
9918,20240131,2,43,11,294.1,3235.1,14,1
9919,20240731,3,178,43,116.97,5029.71,7,0
9920,20250930,2,57,25,23.2,580.0,16,0
9921,20251231,2,131,60,37.08,2224.8,13,0
9922,20251231,3,99,20,346.57,6931.4,5,0
9923,20240630,1,28,74,140.77,10416.98,14,0
9924,20251130,3,147,61,346.92,21162.12,4,0
9925,20240831,1,151,6,90.35,542.1,10,1
9926,20241130,2,62,9,112.54,1012.86,16,1
9927,20240131,2,105,0,166.12,0.0,11,1
9928,20250731,2,90,7,69.37,485.59,11,1
9929,20241031,1,4,8,155.56,1244.48,11,1
9930,20240331,3,68,7,284.28,1989.96,5,0
9931,20250930,2,146,66,225.52,14884.32,14,0
9932,20250131,1,136,1,112.45,112.45,12,1
9933,20240630,1,110,67,178.91,11986.97,12,0
9934,20240131,2,171,11,83.7,920.7,12,1
9935,20241130,2,128,39,77.25,3012.75,10,0
9936,20250831,3,67,87,28.64,2491.68,6,0
9937,20251130,1,67,77,28.64,2205.28,14,0
9938,20240430,2,14,66,26.62,1756.92,14,0
9939,20241231,2,90,7,57.58,403.06,11,1
9940,20240630,1,101,12,62.94,755.28,12,0
9941,20250331,1,42,123,267.02,32843.46,23,0
9942,20250630,2,173,34,212.35,7219.9,15,0
9943,20251130,3,82,70,335.4,23478.0,4,0
9944,20241130,2,43,22,294.1,6470.2,14,0
9945,20250331,1,89,11,160.95,1770.45,12,1
9946,20241231,3,145,97,108.83,10556.51,7,0
9947,20250228,2,58,18,149.54,2691.72,17,0
9948,20251031,1,70,50,48.05,2402.5,10,0
9949,20240930,2,89,61,157.64,9616.04,11,0
9950,20240229,2,158,19,180.81,3435.39,15,0
9951,20241031,1,106,16,333.09,5329.44,14,0
9952,20250630,2,6,46,182.47,8393.62,10,0
9953,20240831,1,58,98,146.46,14353.08,18,0
9954,20240131,2,72,7,196.62,1376.34,12,1
9955,20240630,2,158,20,180.81,3616.2,15,0
9956,20250331,2,25,6,149.35,896.1,9,1
9957,20250831,1,176,45,328.78,14795.1,17,0
9958,20241231,1,51,4,78.12,312.48,18,1
9959,20250930,3,133,102,62.95,6420.9,7,0
9960,20250430,2,82,6,284.24,1705.44,10,1
9961,20240630,2,125,59,285.25,16829.75,11,0
9962,20241031,2,161,28,62.84,1759.52,13,0
9963,20250731,2,19,44,205.07,9023.08,11,0
9964,20250531,1,48,95,33.51,3183.45,16,0
9965,20240531,1,166,23,212.88,4896.24,13,0
9966,20250228,2,59,17,331.76,5639.92,16,0
9967,20251130,1,25,14,149.35,2090.9,9,0
9968,20240229,2,167,35,205.42,7189.7,12,0
9969,20251231,1,152,55,271.4,14927.0,10,0
9970,20250131,1,41,22,163.24,3591.28,16,0
9971,20240930,2,173,16,207.98,3327.68,15,0
9972,20250731,3,5,71,208.35,14792.85,5,0
9973,20250531,1,122,61,212.67,12972.87,11,0
9974,20250531,1,60,90,291.44,26229.6,17,0
9975,20250331,2,59,62,331.76,20569.12,16,0
9976,20251031,1,29,7,243.45,1704.15,10,1
9977,20251031,2,180,25,95.3,2382.5,14,0
9978,20251130,2,37,17,16.65,283.05,21,1
9979,20250331,3,179,30,231.35,6940.5,5,0
9980,20240630,3,80,6,173.12,1038.72,5,0
9981,20240131,3,45,21,76.76,1611.96,6,0
9982,20241231,1,116,25,58.93,1473.25,16,0
9983,20251130,1,62,0,135.59,0.0,17,1
9984,20241231,1,100,6,306.44,1838.64,11,1
9985,20240831,1,167,32,205.42,6573.44,13,0
9986,20250228,3,9,9,67.67,609.03,3,0
9987,20240831,2,20,2,32.44,64.88,15,1
9988,20250831,3,104,0,76.7,0.0,5,1
9989,20251231,2,107,0,150.54,0.0,13,1
9990,20250131,3,94,22,124.3,2734.6,5,0
9991,20241130,1,158,28,180.81,5062.68,16,0
9992,20250930,2,19,12,205.07,2460.84,11,0
9993,20250131,1,80,4,176.76,707.04,12,1
9994,20250630,2,109,45,310.2,13959.0,10,0
9995,20241031,1,178,35,116.97,4093.95,17,0
9996,20250731,3,21,66,242.82,16026.12,5,0
9997,20251130,1,82,63,335.4,21130.2,11,0
9998,20250331,1,34,15,155.08,2326.2,13,0
9999,20241231,1,37,19,16.31,309.89,22,1
10000,20250831,1,175,35,96.85,3389.75,17,0
10001,20251130,1,19,5,205.07,1025.35,12,1
10002,20240630,1,49,100,30.58,3058.0,18,0
10003,20251231,1,109,5,310.2,1551.0,11,1
10004,20251231,1,28,20,143.73,2874.6,14,0
10005,20240731,1,92,16,140.04,2240.64,15,0
10006,20250630,1,41,95,163.24,15507.8,16,0
10007,20250731,1,10,59,88.91,5245.69,12,0
10008,20250228,2,173,37,212.35,7856.95,15,0
10009,20240229,1,108,16,166.46,2663.36,14,0
10010,20241231,1,107,7,147.44,1032.08,14,1
10011,20240131,1,134,9,60.5,544.5,10,1
10012,20250831,2,34,11,182.99,2012.89,12,1
10013,20240331,1,48,72,32.82,2363.04,16,0
10014,20250831,2,85,35,49.28,1724.8,9,0
10015,20250831,2,29,8,243.45,1947.6,10,1
10016,20250430,2,168,10,229.43,2294.3,12,1
10017,20241231,1,176,41,322.02,13202.82,17,0
10018,20241130,3,97,70,210.05,14703.5,5,0
10019,20241231,3,117,0,98.28,0.0,4,1
10020,20240131,1,161,31,62.84,1948.04,14,0
10021,20250531,1,57,77,23.2,1786.4,17,0
10022,20250531,2,92,13,168.72,2193.36,14,1
10023,20240131,3,37,26,16.31,424.06,9,0
10024,20241231,2,181,26,305.97,7955.22,17,0
10025,20241130,2,21,13,201.55,2620.15,11,0
10026,20241130,3,90,79,57.58,4548.82,5,0
10027,20250731,2,116,1,60.17,60.17,16,1
10028,20251231,2,142,43,100.93,4339.99,10,0
10029,20250630,2,58,75,149.54,11215.5,17,0
10030,20250831,1,10,2,88.91,177.82,12,1
10031,20240229,1,32,2,339.97,679.94,13,1
10032,20250531,3,160,22,41.56,914.32,6,0
10033,20250131,2,40,17,274.41,4664.97,17,0
10034,20250531,3,38,131,319.94,41912.14,9,0
10035,20250930,1,32,20,409.59,8191.8,13,0
10036,20250831,1,3,26,227.23,5907.98,11,0
10037,20250131,2,21,16,205.78,3292.48,11,0
10038,20250930,2,149,73,111.14,8113.22,17,0
10039,20240630,2,51,73,78.12,5702.76,17,0
10040,20240831,3,17,13,307.26,3994.38,6,0
10041,20240229,1,11,8,288.46,2307.68,9,1
10042,20240531,2,128,11,77.25,849.75,10,0
10043,20250131,2,68,9,290.25,2612.25,12,1
10044,20250430,1,140,10,41.26,412.6,12,1
10045,20250630,1,164,25,100.45,2511.25,11,0
10046,20240229,2,151,5,90.35,451.75,10,1
10047,20241130,1,2,11,292.58,3218.38,7,0
10048,20240731,1,172,22,216.67,4766.74,13,0
10049,20241231,3,74,20,108.27,2165.4,5,0
10050,20250531,1,125,54,291.24,15726.96,12,0
10051,20250630,1,8,45,155.34,6990.3,10,0
10052,20250531,1,128,0,78.87,0.0,10,1
10053,20251231,2,106,9,340.08,3060.72,13,1
10054,20251031,1,8,6,155.34,932.04,10,1
10055,20251031,1,109,8,310.2,2481.6,11,1
10056,20241031,1,33,12,110.89,1330.68,14,1
10057,20240331,3,132,36,125.81,4529.16,6,0
10058,20241130,2,99,48,287.66,13807.68,11,0
10059,20250930,3,65,69,155.19,10708.11,5,0
10060,20240430,1,16,56,219.41,12286.96,9,0
10061,20240430,3,2,47,292.58,13751.26,3,0
10062,20250831,2,47,62,71.53,4434.86,14,0
10063,20241130,3,61,9,75.23,677.07,7,0
10064,20241231,2,36,3,159.06,477.18,18,1
10065,20240331,2,169,33,276.47,9123.51,13,0
10066,20240331,2,120,13,182.88,2377.44,11,0
10067,20241231,2,28,17,140.77,2393.09,13,0
10068,20240229,1,161,23,62.84,1445.32,14,0
10069,20240731,1,28,77,140.77,10839.29,14,0
10070,20251231,1,101,9,75.83,682.47,12,1
10071,20241231,3,92,21,140.04,2940.84,6,0
10072,20250531,1,181,22,312.4,6872.8,18,0
10073,20250531,2,8,48,155.34,7456.32,9,0
10074,20240731,2,120,6,182.88,1097.28,11,1
10075,20250831,1,61,104,76.81,7988.24,18,0
10076,20251031,3,162,35,68.38,2393.3,6,0
10077,20251130,2,169,37,282.28,10444.36,13,0
10078,20240630,2,161,10,62.84,628.4,13,1
10079,20240831,1,36,104,159.06,16542.24,19,0
10080,20250831,1,14,18,27.18,489.24,15,0
10081,20240930,1,11,15,288.46,4326.9,9,0
10082,20250731,2,8,45,155.34,6990.3,9,0
10083,20250731,3,153,1,116.0,116.0,4,1
10084,20241130,3,143,84,215.92,18137.28,5,0
10085,20240831,2,163,10,294.58,2945.8,10,0
10086,20250430,2,37,94,16.65,1565.1,21,0
10087,20240131,3,82,6,278.39,1670.34,4,0
10088,20250630,3,45,94,78.37,7366.78,6,0
10089,20240531,3,161,22,62.84,1382.48,6,0
10090,20241231,1,15,14,318.69,4461.66,14,0
10091,20240331,2,135,9,39.89,359.01,14,1
10092,20241031,2,108,2,166.46,332.92,13,1
10093,20250531,3,33,104,113.22,11774.88,6,0
10094,20251231,1,163,32,300.77,9624.64,11,0
10095,20240531,2,28,48,140.77,6756.96,13,0
10096,20250630,1,162,9,68.38,615.42,14,1
10097,20240930,2,57,8,19.26,154.08,16,1
10098,20241031,2,41,13,159.88,2078.44,15,1
10099,20240731,2,96,0,170.74,0.0,10,1
10100,20240531,3,80,19,173.12,3289.28,5,0
10101,20250831,2,172,19,221.22,4203.18,12,0
10102,20250131,3,50,25,297.82,7445.5,8,0
10103,20240331,2,59,70,324.94,22745.8,16,0
10104,20240731,1,167,26,205.42,5340.92,13,0
10105,20240131,1,179,24,226.59,5438.16,12,0
10106,20250831,1,39,109,122.17,13316.53,19,0
10107,20240331,1,1,17,182.3,3099.1,9,0
10108,20250630,3,160,40,41.56,1662.4,6,0
10109,20240430,2,125,46,285.25,13121.5,11,0
10110,20240430,3,82,14,278.39,3897.46,4,0
10111,20250228,1,119,19,59.67,1133.73,11,0
10112,20250630,1,26,46,246.82,11353.72,11,0
10113,20250930,3,72,90,236.88,21319.2,5,0
10114,20250731,2,167,19,209.73,3984.87,12,0
10115,20250331,2,91,12,284.93,3419.16,11,0
10116,20251231,2,92,4,168.72,674.88,14,1
10117,20240531,2,20,76,32.44,2465.44,15,0
10118,20240531,2,171,9,83.7,753.3,12,1
10119,20241031,2,162,11,66.97,736.67,14,1
10120,20250131,2,149,0,111.14,0.0,17,1
10121,20240630,2,113,44,276.01,12144.44,9,0
10122,20240930,1,39,40,119.66,4786.4,19,0
10123,20250930,2,160,21,41.56,872.76,14,0
10124,20241231,1,175,20,94.86,1897.2,17,0
10125,20250430,2,65,7,131.52,920.64,12,1
10126,20241031,1,14,16,26.62,425.92,15,0
10127,20240930,2,66,44,199.26,8767.44,9,0
10128,20240531,3,131,13,36.32,472.16,6,0
10129,20240630,3,131,16,36.32,581.12,6,0
10130,20250430,2,72,5,200.75,1003.75,12,1
10131,20250731,3,181,33,312.4,10309.2,8,0
10132,20250831,2,96,37,205.7,7610.9,10,0
10133,20250228,1,55,9,213.75,1923.75,16,1
10134,20241231,3,180,45,93.34,4200.3,6,0
10135,20250531,3,180,26,95.3,2477.8,6,0
10136,20240430,3,131,16,36.32,581.12,6,0
10137,20250630,3,109,70,310.2,21714.0,4,0
10138,20240731,1,70,13,39.88,518.44,10,0
10139,20250331,3,57,112,19.66,2201.92,7,0
10140,20240531,2,170,19,16.6,315.4,12,0
10141,20241231,2,173,29,207.98,6031.42,15,0
10142,20240630,2,102,4,255.33,1021.32,10,1
10143,20250531,3,29,64,243.45,15580.8,4,0
10144,20240531,1,134,13,60.5,786.5,10,0
10145,20240630,3,148,28,296.06,8289.68,5,0
10146,20250228,2,19,12,173.78,2085.36,11,0
10147,20251130,1,144,69,98.33,6784.77,15,0
10148,20240930,1,30,8,98.88,791.04,11,1
10149,20250228,2,102,2,260.69,521.38,10,1
10150,20251130,1,35,7,30.63,214.41,19,1
10151,20250531,3,97,23,253.06,5820.38,5,0
10152,20250831,3,68,85,342.49,29111.65,5,0
10153,20250630,1,99,18,346.57,6238.26,12,0
10154,20240331,3,55,96,209.35,20097.6,7,0
10155,20250930,2,82,49,335.4,16434.6,10,0
10156,20240731,1,121,0,43.73,0.0,10,1
10157,20250731,2,73,11,307.22,3379.42,13,1
10158,20250831,2,43,70,300.28,21019.6,14,0
10159,20250131,1,88,12,342.9,4114.8,9,0
10160,20250228,3,100,0,312.88,0.0,4,1
10161,20241031,2,132,61,125.81,7674.41,13,0
10162,20251130,2,116,7,60.17,421.19,16,1
10163,20241031,1,5,18,204.06,3673.08,13,0
10164,20250131,2,168,23,229.43,5276.89,12,0
10165,20240229,3,172,39,216.67,8450.13,5,0
10166,20241130,3,156,78,161.25,12577.5,5,0
10167,20240831,2,129,3,45.49,136.47,19,1
10168,20250831,2,66,48,240.06,11522.88,9,0
10169,20240630,2,55,67,209.35,14026.45,15,0
10170,20250731,1,131,23,37.08,852.84,14,0
10171,20241031,1,42,48,261.53,12553.44,23,0
10172,20250430,2,157,14,25.21,352.94,12,0
10173,20240430,3,66,4,199.26,797.04,4,0
10174,20240531,3,117,66,98.28,6486.48,4,0
10175,20251231,1,151,52,92.25,4797.0,10,0
10176,20240731,2,51,93,78.12,7265.16,17,0
10177,20240229,2,42,4,261.53,1046.12,22,1
10178,20250731,1,71,18,363.51,6543.18,16,0
10179,20251031,3,152,65,271.4,17641.0,4,0
10180,20240430,2,136,7,110.14,770.98,12,1
10181,20250930,2,115,14,47.23,661.22,11,0
10182,20250131,1,100,10,312.88,3128.8,11,1
10183,20240131,2,127,7,170.72,1195.04,14,1
10184,20250630,2,62,80,135.59,10847.2,16,0
10185,20251031,2,137,61,25.59,1560.99,13,0
10186,20250531,2,182,31,58.06,1799.86,13,0
10187,20250531,1,50,111,297.82,33058.02,19,0
10188,20250131,2,151,4,92.25,369.0,10,1
10189,20250831,3,127,17,174.31,2963.27,6,0
10190,20240831,3,139,3,198.93,596.79,7,1
10191,20250331,3,72,13,200.75,2609.75,5,0
10192,20250630,1,182,21,58.06,1219.26,14,0
10193,20240131,2,129,24,45.49,1091.76,19,0
10194,20241031,1,120,13,182.88,2377.44,12,0
10195,20240131,3,33,21,110.89,2328.69,6,0
10196,20250630,3,131,28,37.08,1038.24,6,0
10197,20240731,3,47,93,70.06,6515.58,6,0
10198,20250831,2,181,33,312.4,10309.2,17,0
10199,20251130,3,124,28,153.77,4305.56,5,0
10200,20250630,3,111,85,148.9,12656.5,5,0
10201,20240731,1,4,69,155.56,10733.64,11,0
10202,20240331,1,98,9,257.11,2313.99,15,1
10203,20240131,1,154,24,323.13,7755.12,13,0
10204,20241130,1,51,0,78.12,0.0,18,1
10205,20241031,2,74,47,108.27,5088.69,12,0
10206,20251231,1,136,78,112.45,8771.1,12,0
10207,20240430,3,67,1,23.77,23.77,6,1
10208,20250731,1,58,74,149.54,11065.96,18,0
10209,20251031,3,17,14,313.71,4391.94,6,0
10210,20250228,1,24,3,189.35,568.05,12,1
10211,20250831,1,65,60,155.19,9311.4,12,0
10212,20250930,1,163,20,300.77,6015.4,11,0
10213,20250531,3,98,20,309.76,6195.2,6,0
10214,20250531,2,17,63,313.71,19763.73,13,0
10215,20251031,3,54,27,262.94,7099.38,7,0
10216,20250731,3,90,12,69.37,832.44,5,0
10217,20250930,2,37,9,16.65,149.85,21,1
10218,20250731,1,122,4,212.67,850.68,11,1
10219,20250930,2,127,64,174.31,11155.84,14,0
10220,20241231,2,4,10,155.56,1555.6,10,0
10221,20241031,1,70,44,39.88,1754.72,10,0
10222,20241031,2,125,17,285.25,4849.25,11,0
10223,20241031,2,105,9,166.12,1495.08,11,1
10224,20241130,3,165,42,105.7,4439.4,5,0
10225,20241130,1,146,71,220.88,15682.48,14,0
10226,20251130,1,133,77,62.95,4847.15,16,0
10227,20250630,1,2,34,298.72,10156.48,7,0
10228,20250831,2,4,5,158.83,794.15,10,1
10229,20250731,2,39,76,122.17,9284.92,18,0
10230,20240531,3,57,112,19.26,2157.12,7,0
10231,20251031,1,31,20,300.62,6012.4,14,0
10232,20250131,2,144,12,98.33,1179.96,14,1
10233,20250531,1,120,59,186.72,11016.48,12,0
10234,20240630,2,90,12,57.58,690.96,11,0
10235,20240131,3,104,4,75.12,300.48,5,1
10236,20250131,1,67,20,24.27,485.4,14,0
10237,20250831,1,23,7,244.32,1710.24,14,1
10238,20251231,2,102,10,260.69,2606.9,10,0
10239,20240131,1,133,18,61.66,1109.88,16,0
10240,20250430,3,26,72,246.82,17771.04,4,0
10241,20251130,2,180,31,95.3,2954.3,14,0
10242,20241031,1,148,68,296.06,20132.08,12,0
10243,20240229,1,144,26,96.31,2504.06,15,0
10244,20250131,3,157,27,25.21,680.67,5,0
10245,20251031,3,154,95,329.92,31342.4,5,0
10246,20250930,2,70,55,48.05,2642.75,10,0
10247,20240229,3,19,24,170.21,4085.04,5,0
10248,20241031,1,88,47,335.85,15784.95,9,0
10249,20240731,1,176,51,322.02,16423.02,17,0
10250,20240630,1,115,58,46.26,2683.08,11,0
10251,20240731,1,161,21,62.84,1319.64,14,0
10252,20250630,2,120,54,186.72,10082.88,11,0
10253,20250131,1,125,3,291.24,873.72,12,1
10254,20241231,2,96,8,170.74,1365.92,10,1
10255,20250731,2,56,91,293.14,26675.74,18,0
10256,20240229,3,112,31,65.64,2034.84,5,0
10257,20251031,1,171,19,85.46,1623.74,12,0
10258,20240731,2,1,45,182.3,8203.5,8,0
10259,20250831,3,176,74,328.78,24329.72,7,0
10260,20241130,1,141,51,307.78,15696.78,10,0
10261,20251031,1,77,67,171.09,11463.03,14,0
10262,20250228,1,41,30,163.24,4897.2,16,0
10263,20240731,3,2,45,292.58,13166.1,3,0
10264,20241031,3,90,76,57.58,4376.08,5,0
10265,20251231,1,52,9,183.03,1647.27,17,1
10266,20240831,1,153,16,113.61,1817.76,11,0
10267,20251231,3,67,16,28.64,458.24,6,0
10268,20250131,2,117,4,100.34,401.36,10,1
10269,20250731,1,116,18,60.17,1083.06,16,0
10270,20250531,1,41,77,163.24,12569.48,16,0
10271,20240630,3,73,2,255.0,510.0,6,1
10272,20241130,1,5,23,204.06,4693.38,13,0
10273,20240930,1,35,0,30.0,0.0,19,1
10274,20250430,1,113,53,281.81,14935.93,10,0
10275,20250131,2,134,0,61.77,0.0,10,1
10276,20241031,3,27,24,249.72,5993.28,6,0
10277,20250930,2,165,16,107.92,1726.72,12,0
10278,20250228,2,106,0,340.08,0.0,13,1
10279,20241031,3,57,32,19.26,616.32,7,0
10280,20240430,1,131,10,36.32,363.2,14,1
10281,20250131,3,8,11,131.65,1448.15,4,0
10282,20240630,2,108,62,166.46,10320.52,13,0
10283,20250630,3,179,30,231.35,6940.5,5,0
10284,20250131,3,109,8,310.2,2481.6,4,0
10285,20240430,1,87,1,211.22,211.22,15,1
10286,20250630,2,161,11,64.16,705.76,13,1
10287,20240831,2,24,19,185.46,3523.74,12,0
10288,20251231,1,90,23,69.37,1595.51,12,0
10289,20240831,1,54,104,257.53,26783.12,17,0
10290,20240731,2,101,19,62.94,1195.86,12,0
10291,20250331,3,157,27,25.21,680.67,5,0
10292,20251130,1,165,14,107.92,1510.88,12,0
10293,20250131,2,173,33,212.35,7007.55,15,0
10294,20250228,2,33,14,113.22,1585.08,13,0
10295,20251231,1,106,5,340.08,1700.4,14,1
10296,20250331,2,178,37,119.43,4418.91,16,0
10297,20240930,1,70,57,39.88,2273.16,10,0
10298,20240531,2,154,4,323.13,1292.52,12,1
10299,20250430,1,71,36,308.06,11090.16,16,0
10300,20250831,2,103,8,154.84,1238.72,12,1
10301,20240229,1,94,18,121.74,2191.32,12,0
10302,20250228,1,82,5,284.24,1421.2,11,1
10303,20240831,3,29,7,238.44,1669.08,4,0
10304,20241031,1,167,21,205.42,4313.82,13,0
10305,20240630,1,57,81,19.26,1560.06,17,0
10306,20250731,1,168,24,229.43,5506.32,13,0
10307,20241031,3,73,96,255.0,24480.0,6,0
10308,20250131,1,53,5,180.55,902.75,20,1
10309,20240131,1,106,4,333.09,1332.36,14,1
10310,20250131,1,2,10,298.72,2987.2,7,0
10311,20250228,1,35,28,30.63,857.64,19,0
10312,20250731,2,104,1,76.7,76.7,11,1
10313,20251231,1,17,15,313.71,4705.65,14,0
10314,20250731,3,36,123,191.63,23570.49,8,0
10315,20250731,2,72,13,236.88,3079.44,12,0
10316,20250630,2,164,19,100.45,1908.55,10,0
10317,20240430,2,95,7,53.64,375.48,7,0
10318,20240430,2,161,29,62.84,1822.36,13,0
10319,20250731,2,57,68,23.2,1577.6,16,0
10320,20240331,2,133,14,61.66,863.24,15,1
10321,20241231,3,16,8,219.41,1755.28,4,0
10322,20250531,1,64,82,70.89,5812.98,15,0
10323,20250131,2,138,4,88.19,352.76,13,1
10324,20250630,3,86,6,97.25,583.5,5,0
10325,20250331,2,23,11,244.32,2687.52,13,1
10326,20240331,1,60,108,241.9,26125.2,17,0
10327,20240331,1,65,18,128.81,2318.58,12,0
10328,20240229,1,154,19,323.13,6139.47,13,0
10329,20251130,3,74,67,130.44,8739.48,5,0
10330,20240531,2,180,17,93.34,1586.78,14,0
10331,20250831,1,113,10,281.81,2818.1,10,0
10332,20250630,3,5,100,208.35,20835.0,5,0
10333,20251031,3,160,23,41.56,955.88,6,0
10334,20251130,1,61,14,76.81,1075.34,18,1
10335,20240430,3,136,1,110.14,110.14,5,1
