no_achat	date_commande	date_prevue	date_reception	code_fournisseur	code_article	quantite	cout_unitaire	statut
ACH-70001	2024-01-13	2024-01-20	2024-01-20	FRN-001	BD-1097	-3	210,05 $	Recue
ACH-70001	2024-01-13	2024-01-20	2024-01-20	FRN-001	BD-1066	60	199,26 $	Recue
ACH-70001	2024-01-13	2024-01-20	2024-01-20	FRN-001	BD-1046	60	308,91 $	Recue
ACH-70001	2024-01-13	2024-01-20	2024-01-20	FRN-001	BD-1092	96	140,04 $	Recue
ACH-70002	2024-02-02	2024-02-09	2024-02-09	FRN-001	BD-1030	12	98,88 $	Recue
ACH-70002	2024-02-02	2024-02-09	2024-02-09	FRN-001	BD-1093	96	132,18 $	Recue
ACH-70002	2024-02-02	2024-02-09	2024-02-09	FRN-001	BD-1084	120	312,00 $	Recue
ACH-70003	2024-02-18	2024-02-25	2024-02-25	FRN-001	BD-1095	24	53,64 $	Recue
ACH-70003	2024-02-18	2024-02-25	2024-02-25	FRN-001	BD-1057	96	19,26 $	Recue
ACH-70003	2024-02-18	2024-02-25	2024-02-25	FRN-001	BD-1057	12	19,26 $	Recue
ACH-70003	2024-02-18	2024-02-25	2024-02-25	FRN-001	BD-1068	36	284,28 $	Recue
ACH-70004	2024-03-02	2024-03-09	2024-03-09	FRN-001	BD-1080	24	173,12 $	Recue
ACH-70005	2024-03-21	2024-03-28	2024-04-11	FRN-001	BD-1066	24	199,26 $	Recue
ACH-70005	2024-03-21	2024-03-28	2024-04-11	FRN-001	BD-1083	96	157,14 $	Recue
ACH-70006	2024-04-01	2024-04-08	2024-04-08	FRN-001	BD-1075	36	59,74 $	Recue
ACH-70006	2024-04-01	2024-04-08	2024-04-08	FRN-001	BD-1021	60	201,55 $	Recue
ACH-70007	2024-04-13	2024-04-20	2024-04-24	FRN-001	BD-1075	36	59,74 $	Recue
ACH-70007	2024-04-13	2024-04-20	2024-04-24	FRN-001	BD-1081	60	302,82 $	Recue
ACH-70007	2024-04-13	2024-04-20	2024-04-24	FRN-001	BD-1069	12	198,50 $	Recue
ACH-70007	2024-04-13	2024-04-20	2024-04-24	FRN-001	BD-1008	36	128,94 $	Recue
ACH-70007	2024-04-13	2024-04-20	2024-04-24	FRN-001	BD-1074	240	108,27 $	Recue
ACH-70008	2024-05-02	2024-05-09	2024-05-09	FRN-001	BD-1046	120	308,91 $	Recue
ACH-70009	2024-05-16	2024-05-23	2024-05-23	FRN-001	BD-1074	48	108,27 $	Recue
ACH-70009	2024-05-16	2024-05-23	2024-05-23	FRN-001	BD-1085	240	40,90 $	Recue
ACH-70009	2024-05-16	2024-05-23	2024-05-23	FRN-001	BD-1067	24	23,77 $	Recue
ACH-70009	2024-05-16	2024-05-23	2024-05-23	FRN-001	BD-1095	48	53,64 $	Recue
ACH-70010	2024-05-29	2024-06-05	2024-06-30	FRN-001	BD-1068	24	284,28 $	Recue
ACH-70010	2024-05-29	2024-06-05	2024-06-30	FRN-001	BD-1066	12	199,26 $	Recue
ACH-70011	2024-06-08	2024-06-15	2024-06-15	FRN-001	BD-1080	48	173,12 $	Recue
ACH-70011	2024-06-08	2024-06-15	2024-06-15	FRN-001	BD-1089	96	157,64 $	Recue
ACH-70011	2024-06-08	2024-06-15	2024-06-15	FRN-001	BD-1090	36	57,58 $	Recue
ACH-70011	2024-06-08	2024-06-15	2024-06-15	FRN-001	BD-1072	36	196,62 $	Recue
ACH-70012	2024-06-20	2024-06-27	2024-06-27	FRN-001	BD-1073	36	255,00 $	Recue
ACH-70012	2024-06-20	2024-06-27	2024-06-27	FRN-001	BD-1100	60	306,44 $	Recue
ACH-70012	2024-06-20	2024-06-27	2024-06-27	FRN-001	BD-1100	120	306,44 $	Recue
ACH-70013	2024-07-01	2024-07-08	2024-07-08	FRN-001	BD-1100	120	306,44 $	Recue
ACH-70013	2024-07-01	2024-07-08	2024-07-08	FRN-001	BD-1076	36	281,11 $	Recue
ACH-70013	2024-07-01	2024-07-08	2024-07-08	FRN-001	BD-1078	24	197,64 $	Recue
ACH-70013	2024-07-01	2024-07-08	2024-07-08	FRN-001	BD-1034	96	151,89 $	Recue
ACH-70013	2024-07-01	2024-07-08	2024-07-08	FRN-001	BD-1065	96	128,81 $	Recue
ACH-70014	2024-07-15	2024-07-22	2024-07-22	FRN-001	BD-1030	24	98,88 $	Recue
ACH-70014	2024-07-15	2024-07-22	2024-07-22	FRN-001	BD-1022	240	247,74 $	Recue
ACH-70014	2024-07-15	2024-07-22	2024-07-22	FRN-001	BD-1078	24	197,64 $	Recue
ACH-70015	2024-08-03	2024-08-10	2024-08-10	FRN-001	BD-1075	12	59,74 $	Recue
ACH-70015	2024-08-03	2024-08-10	2024-08-10	FRN-001	BD-1078	48	197,64 $	Recue
ACH-70016	2024-08-18	2024-08-25	2024-08-25	FRN-001	BD-1101	96	62,94 $	Recue
ACH-70016	2024-08-18	2024-08-25	2024-08-25	FRN-001	BD-1022	24	247,74 $	Recue
ACH-70016	2024-08-18	2024-08-25	2024-08-25	FRN-001	BD-1082	240	278,39 $	Recue
ACH-70017	2024-08-28	2024-09-04	2024-09-09	FRN-001	BD-9239	60	132,18 $	Recue
ACH-70017	2024-08-28	2024-09-04	2024-09-09	FRN-001	BD-1088	96	335,85 $	Recue
ACH-70017	2024-08-28	2024-09-04	2024-09-09	FRN-001	BD-1082	240	278,39 $	Recue
ACH-70017	2024-08-28	2024-09-04	2024-09-09	FRN-001	BD-1086	24	80,72 $	Recue
ACH-70018	2024-09-16	2024-09-23	2024-09-29	FRN-001	BD-1059	60	324,94 $	Recue
ACH-70019	2024-09-27	2024-10-04	2024-10-04	FRN-001	BD-1078	96	197,64 $	Recue
ACH-70019	2024-09-27	2024-10-04	2024-10-04	FRN-001	BD-1030	240	98,88 $	Recue
ACH-70020	2024-10-08	2024-10-15	2024-10-15	FRN-001	BD-1046	36	308,91 $	Recue
ACH-70020	2024-10-08	2024-10-15	2024-10-15	FRN-001	BD-1097	36	210,05 $	Recue
ACH-70020	2024-10-08	2024-10-15	2024-10-15	FRN-001	BD-1095	60	53,64 $	Recue
ACH-70021	2024-10-19	2024-10-26	2024-10-26	FRN-001	BD-1081	60	302,82 $	Recue
ACH-70021	2024-10-19	2024-10-26	2024-10-26	FRN-001	BD-1080	12	173,12 $	Recue
ACH-70022	2024-10-29	2024-11-05	2024-11-05	FRN-001	BD-1083	48	157,14 $	Recue
ACH-70023	2024-11-09	2024-11-16	2024-11-16	FRN-001	BD-1003	96	188,61 $	Recue
ACH-70024	2024-11-24	2024-12-01	2024-12-11	FRN-001	BD-1101	60	62,94 $	Recue
ACH-70024	2024-11-24	2024-12-01	2024-12-11	FRN-001	BD-1091	240	279,07 $	Recue
ACH-70024	2024-11-24	2024-12-01	2024-12-11	FRN-001	BD-1069	48	198,50 $	Recue
ACH-70025	2024-12-06	2024-12-13	2024-12-13	FRN-001	BD-1090	60	57,58 $	Recue
ACH-70026	2024-12-26	2025-01-02	2025-01-02	FRN-001	BD-1070	96	39,88 $	Recue
ACH-70027	2025-01-05	2025-01-12	2025-01-12	FRN-001	BD-1095	120	54,77 $	Recue
ACH-70028	2025-01-24	2025-01-31	2025-01-31	FRN-001	BD-1089	96	160,95 $	Recue
ACH-70028	2025-01-24	2025-01-31	2025-01-31	FRN-001	BD-1086	24	82,42 $	Recue
ACH-70029	2025-02-05	2025-02-12	2025-02-12	FRN-001	BD-1067	240	24,27 $	Recue
ACH-70029	2025-02-05	2025-02-12	2025-02-12	FRN-001	BD-1069	120	202,67 $	Recue
ACH-70029	2025-02-05	2025-02-12	2025-02-12	FRN-001	BD-1030	240	100,96 $	Recue
ACH-70030	2025-02-16	2025-02-23	2025-02-27	FRN-001	BD-1066	48	203,44 $	Recue
ACH-70030	2025-02-16	2025-02-23	2025-02-27	FRN-001	BD-1065	24	131,52 $	Recue
ACH-70030	2025-02-16	2025-02-23	2025-02-27	FRN-001	BD-1030	12	100,96 $	Recue
ACH-70030	2025-02-16	2025-02-23	2025-02-27	FRN-001	BD-1089	24	160,95 $	Recue
ACH-70030	2025-02-16	2025-02-23	2025-02-27	FRN-001	BD-1003	240	192,57 $	Recue
ACH-70031	2025-03-04	2025-03-11	2025-03-11	FRN-001	BD-1082	240	284,24 $	Recue
ACH-70031	2025-03-04	2025-03-11	2025-03-11	FRN-001	BD-1069	96	202,67 $	Recue
ACH-70031	2025-03-04	2025-03-11	2025-03-11	FRN-001	BD-1057	12	19,66 $	Recue
ACH-70032	2025-03-17	2025-03-24	2025-03-24	FRN-001	BD-1097	48	214,46 $	Recue
ACH-70032	2025-03-17	2025-03-24	2025-03-24	FRN-001	BD-1085	60	41,76 $	Recue
ACH-70032	2025-03-17	2025-03-24	2025-03-24	FRN-001	BD-1060	24	246,98 $	Recue
ACH-70032	2025-03-17	2025-03-24	2025-03-24	FRN-001	BD-1066	96	203,44 $	Recue
ACH-70033	2025-03-29	2025-04-05	2025-04-05	FRN-001	BD-1072	24	200,75 $	Recue
ACH-70033	2025-03-29	2025-04-05	2025-04-05	FRN-001	BD-1082	120	284,24 $	Recue
ACH-70033	2025-03-29	2025-04-05	2025-04-05	FRN-001	BD-1080	48	176,76 $	Recue
ACH-70034	2025-04-16	2025-04-23	2025-04-23	FRN-001	BD-1088	48	342,90 $	Recue
ACH-70034	2025-04-16	2025-04-23	2025-04-23	FRN-001	BD-1022	60	252,94 $	Recue
ACH-70034	2025-04-16	2025-04-23	2025-04-23	FRN-001	BD-1088	48	342,90 $	Recue
ACH-70034	2025-04-16	2025-04-23	2025-04-23	FRN-001	BD-1099	-60	293,70 $	Recue
ACH-70034	2025-04-16	2025-04-23	2025-04-23	FRN-001	BD-1034	48	155,08 $	Recue
ACH-70035	2025-04-30	2025-05-07	2025-05-07	FRN-001	BD-1086	120	82,42 $	Recue
ACH-70035	2025-04-30	2025-05-07	2025-05-07	FRN-001	BD-1021	12	205,78 $	Recue
ACH-70035	2025-04-30	2025-05-07	2025-05-07	FRN-001	BD-1088	48	342,90 $	Recue
ACH-70035	2025-04-30	2025-05-07	2025-05-07	FRN-001	BD-1074	24	110,54 $	Recue
ACH-70036	2025-05-15	2025-05-22	2025-05-22	FRN-001	BD-9392	24	130,44 $	Recue
ACH-70036	2025-05-15	2025-05-22	2025-05-22	FRN-001	BD-1072	12	236,88 $	Recue
ACH-70036	2025-05-15	2025-05-22	2025-05-22	FRN-001	BD-1008	48	155,34 $	Recue
ACH-70037	2025-06-01	2025-06-08	2025-06-22	FRN-001	BD-1101	12	75,83 $	Recue
ACH-70037	2025-06-01	2025-06-08	2025-06-22	FRN-001	BD-1100	36	369,19 $	Recue
ACH-70037	2025-06-01	2025-06-08	2025-06-22	FRN-001	BD-1085	48	49,28 $	Recue
ACH-70038	2025-06-11	2025-06-18	2025-07-09	FRN-001	BD-1076	36	338,68 $	Recue
ACH-70038	2025-06-11	2025-06-18	2025-07-09	FRN-001	BD-1001	12	219,63 $	Recue
ACH-70038	2025-06-11	2025-06-18	2025-07-09	FRN-001	BD-1066	24	240,06 $	Recue
ACH-70039	2025-06-30	2025-07-07	2025-07-12	FRN-001	BD-1098	60	309,76 $	Recue
ACH-70040	2025-07-10	2025-07-17	2025-07-17	FRN-001	BD-1097	36	253,06 $	Recue
ACH-70040	2025-07-10	2025-07-17	2025-07-17	FRN-001	BD-1100	120	369,19 $	Recue
ACH-70041	2025-07-27	2025-08-03	2025-08-03	FRN-001	BD-1001	60	219,63 $	Recue
ACH-70041	2025-07-27	2025-08-03	2025-08-03	FRN-001	BD-1067	36	28,64 $	Recue
ACH-70041	2025-07-27	2025-08-03	2025-08-03	FRN-001	BD-1075	96	71,97 $	Recue
ACH-70042	2025-08-06	2025-08-13	2025-08-13	FRN-001	BD-1019	36	205,07 $	Recue
ACH-70042	2025-08-06	2025-08-13	2025-08-13	FRN-001	BD-1080	120	208,57 $	Recue
ACH-70043	2025-08-19	2025-08-26	2025-09-14	FRN-001	BD-1099	96	346,57 $	Recue
ACH-70043	2025-08-19	2025-08-26	2025-09-14	FRN-001	BD-1081	12	364,83 $	Recue
ACH-70043	2025-08-19	2025-08-26	2025-09-14	FRN-001	BD-1074	24	130,44 $	Recue
ACH-70043	2025-08-19	2025-08-26	2025-09-14	FRN-001	BD-1022	96	298,47 $	Recue
ACH-70043	2025-08-19	2025-08-26	2025-09-14	FRN-001	BD-1098	60	309,76 $	Recue
ACH-70044	2025-08-30	2025-09-06	2025-09-06	FRN-001	BD-1074	96	130,44 $	Recue
ACH-70044	2025-08-30	2025-09-06	2025-09-06	FRN-001	BD-1059	36	391,48 $	Recue
ACH-70044	2025-08-30	2025-09-06	2025-09-06	FRN-001	BD-1085	24	49,28 $	Recue
ACH-70044	2025-08-30	2025-09-06	2025-09-06	FRN-001	BD-1084	12	375,89 $	Recue
ACH-70045	2025-09-19	2025-09-26	2025-09-26	FRN-001	BD-1068	120	342,49 $	Recue
ACH-70046	2025-10-05	2025-10-12	2025-10-12	FRN-001	BD-1070	48	48,05 $	Recue
ACH-70046	2025-10-05	2025-10-12	2025-10-12	FRN-001	BD-1068	24	342,49 $	Recue
ACH-70046	2025-10-05	2025-10-12	2025-10-12	FRN-001	BD-1068	12	342,49 $	Recue
ACH-70047	2025-10-20	2025-10-27	2025-10-27	FRN-001	BD-1062	12	135,59 $	Recue
ACH-70047	2025-10-20	2025-10-27	2025-10-27	FRN-001	BD-1072	240	236,88 $	Recue
ACH-70047	2025-10-20	2025-10-27	2025-10-27	FRN-001	BD-1101	24	75,83 $	Recue
ACH-70047	2025-10-20	2025-10-27	2025-10-27	FRN-001	BD-1036	12	191,63 $	Recue
ACH-70048	2025-11-02	2025-11-09	2025-11-09	FRN-001	BD-1065	96	155,19 $	Recue
ACH-70048	2025-11-02	2025-11-09	2025-11-09	FRN-001	BD-1080	36	208,57 $	Recue
ACH-70048	2025-11-02	2025-11-09	2025-11-09	FRN-001	BD-1095	24	64,62 $	Recue
ACH-70049	2025-11-18	2025-11-25	2025-11-25	FRN-001	BD-1003	96	227,23 $	Recue
ACH-70050	2025-11-28	2025-12-05	2025-12-05	FRN-001	BD-1059	60	391,48 $	Recue
ACH-70050	2025-11-28	2025-12-05	2025-12-05	FRN-001	BD-1101	240	75,83 $	Recue
ACH-70050	2025-11-28	2025-12-05	2025-12-05	FRN-001	BD-1080	36	208,57 $	Recue
ACH-70050	2025-11-28	2025-12-05	2025-12-05	FRN-001	BD-1021	60	242,82 $	Recue
ACH-70051	2025-12-07	2025-12-14	2025-12-14	FRN-001	BD-1001	12	219,63 $	Recue
ACH-70052	2025-12-16	2025-12-23	2025-12-26	FRN-001	BD-1069	60	239,15 $	Recue
ACH-70052	2025-12-16	2025-12-23	2025-12-26	FRN-001	BD-1068	48	342,49 $	Recue
ACH-70053	2025-12-27	2026-01-03		FRN-001	BD-1021	24	242,82 $	En transit
ACH-70054	2024-01-02	2024-01-23	2024-01-23	FRN-002	BD-1167	12	205,42 $	Recue
ACH-70054	2024-01-02	2024-01-23	2024-01-23	FRN-002	BD-1027	12	249,72 $	Recue
ACH-70054	2024-01-02	2024-01-23	2024-01-23	FRN-002	BD-9951	36	294,44 $	Recue
ACH-70054	2024-01-02	2024-01-23	2024-01-23	FRN-002	BD-1027	36	249,72 $	Recue
ACH-70055	2024-01-17	2024-02-07	2024-02-07	FRN-002	BD-1025	36	146,28 $	Recue
ACH-70055	2024-01-17	2024-02-07	2024-02-07	FRN-002	BD-1170	48	16,60 $	Recue
ACH-70055	2024-01-17	2024-02-07	2024-02-07	FRN-002	BD-1027	60	249,72 $	Recue
ACH-70056	2024-01-27	2024-02-17	2024-02-17	FRN-002	BD-1029	96	238,44 $	Recue
ACH-70056	2024-01-27	2024-02-17	2024-02-17	FRN-002	BD-1029	96	238,44 $	Recue
ACH-70056	2024-01-27	2024-02-17	2024-02-17	FRN-002	BD-1013	36	308,85 $	Recue
ACH-70057	2024-02-08	2024-02-29	2024-03-02	FRN-002	BD-1164	12	98,38 $	Recue
ACH-70057	2024-02-08	2024-02-29	2024-03-02	FRN-002	BD-1180	60	93,34 $	Recue
ACH-70057	2024-02-08	2024-02-29	2024-03-02	FRN-002	BD-1029	96	238,44 $	Recue
ACH-70057	2024-02-08	2024-02-29	2024-03-02	FRN-002	BD-1157	60	24,69 $	Recue
ACH-70057	2024-02-08	2024-02-29	2024-03-02	FRN-002	BD-1006	36	178,72 $	Recue
ACH-70058	2024-02-20	2024-03-12	2024-03-12	FRN-002	BD-1031	120	294,44 $	Recue
ACH-70058	2024-02-20	2024-03-12	2024-03-12	FRN-002	BD-1163	240	294,58 $	Recue
ACH-70058	2024-02-20	2024-03-12	2024-03-12	FRN-002	BD-1170	-24	16,60 $	Recue
ACH-70059	2024-02-29	2024-03-21	2024-03-21	FRN-002	BD-1166	120	212,88 $	Recue
ACH-70059	2024-02-29	2024-03-21	2024-03-21	FRN-002	BD-1164	24	98,38 $	Recue
ACH-70060	2024-03-10	2024-03-31	2024-03-31	FRN-002	BD-1025	240	146,28 $	Recue
ACH-70060	2024-03-10	2024-03-31	2024-03-31	FRN-002	BD-1180	12	93,34 $	Recue
ACH-70061	2024-03-20	2024-04-10	2024-04-10	FRN-002	BD-1167	48	205,42 $	Recue
ACH-70061	2024-03-20	2024-04-10	2024-04-10	FRN-002	BD-1180	36	93,34 $	Recue
ACH-70061	2024-03-20	2024-04-10	2024-04-10	FRN-002	BD-1157	60	24,69 $	Recue
ACH-70061	2024-03-20	2024-04-10	2024-04-10	FRN-002	BD-1177	-12	211,22 $	Recue
ACH-70062	2024-04-05	2024-04-26	2024-04-26	FRN-002	BD-1164	120	98,38 $	Recue
ACH-70062	2024-04-05	2024-04-26	2024-04-26	FRN-002	BD-1031	240	294,44 $	Recue
ACH-70062	2024-04-05	2024-04-26	2024-04-26	FRN-002	BD-1025	12	146,28 $	Recue
ACH-70062	2024-04-05	2024-04-26	2024-04-26	FRN-002	BD-1029	24	238,44 $	Recue
ACH-70062	2024-04-05	2024-04-26	2024-04-26	FRN-002	BD-1162	48	66,97 $	Recue
ACH-70063	2024-04-24	2024-05-15	2024-05-15	FRN-002	BD-1167	24	205,42 $	Recue
ACH-70063	2024-04-24	2024-05-15	2024-05-15	FRN-002	BD-1177	36	211,22 $	Recue
ACH-70063	2024-04-24	2024-05-15	2024-05-15	FRN-002	BD-1158	96	180,81 $	Recue
ACH-70064	2024-05-11	2024-06-01	2024-06-01	FRN-002	BD-1166	48	212,88 $	Recue
ACH-70064	2024-05-11	2024-06-01	2024-06-01	FRN-002	BD-1170	36	16,60 $	Recue
ACH-70065	2024-05-24	2024-06-14	2024-06-14	FRN-002	BD-1177	12	211,22 $	Recue
ACH-70065	2024-05-24	2024-06-14	2024-06-14	FRN-002	BD-1158	240	180,81 $	Recue
ACH-70065	2024-05-24	2024-06-14	2024-06-14	FRN-002	BD-1177	24	211,22 $	Recue
ACH-70066	2024-06-12	2024-07-03	2024-07-03	FRN-002	BD-1180	60	93,34 $	Recue
ACH-70066	2024-06-12	2024-07-03	2024-07-03	FRN-002	BD-1006	48	178,72 $	Recue
ACH-70066	2024-06-12	2024-07-03	2024-07-03	FRN-002	BD-1157	24	24,69 $	Recue
ACH-70066	2024-06-12	2024-07-03	2024-07-03	FRN-002	BD-1006	96	178,72 $	Recue
ACH-70067	2024-07-02	2024-07-23	2024-08-08	FRN-002	BD-1177	60	211,22 $	Recue
ACH-70067	2024-07-02	2024-07-23	2024-08-08	FRN-002	BD-1013	240	308,85 $	Recue
ACH-70067	2024-07-02	2024-07-23	2024-08-08	FRN-002	BD-1006	240	178,72 $	Recue
ACH-70068	2024-07-18	2024-08-08	2024-08-08	FRN-002	BD-1027	240	249,72 $	Recue
ACH-70068	2024-07-18	2024-08-08	2024-08-08	FRN-002	BD-1170	120	16,60 $	Recue
ACH-70068	2024-07-18	2024-08-08	2024-08-08	FRN-002	BD-1167	24	205,42 $	Recue
ACH-70068	2024-07-18	2024-08-08	2024-08-08	FRN-002	BD-1031	60	294,44 $	Recue
ACH-70068	2024-07-18	2024-08-08	2024-08-08	FRN-002	BD-1167	240	205,42 $	Recue
ACH-70069	2024-08-05	2024-08-26	2024-08-26	FRN-002	BD-1162	48	66,97 $	Recue
ACH-70069	2024-08-05	2024-08-26	2024-08-26	FRN-002	BD-1013	36	308,85 $	Recue
ACH-70069	2024-08-05	2024-08-26	2024-08-26	FRN-002	BD-1013	24	308,85 $	Recue
ACH-70069	2024-08-05	2024-08-26	2024-08-26	FRN-002	BD-1157	240	24,69 $	Recue
ACH-70070	2024-08-18	2024-09-08	2024-09-08	FRN-002	BD-1027	48	249,72 $	Recue
ACH-70071	2024-09-06	2024-09-27	2024-09-27	FRN-002	BD-1025	120	146,28 $	Recue
ACH-70071	2024-09-06	2024-09-27	2024-09-27	FRN-002	BD-1031	48	294,44 $	Recue
ACH-70071	2024-09-06	2024-09-27	2024-09-27	FRN-002	BD-1158	12	180,81 $	Recue
ACH-70072	2024-09-18	2024-10-09	2024-10-09	FRN-002	BD-1006	36	178,72 $	Recue
ACH-70072	2024-09-18	2024-10-09	2024-10-09	FRN-002	BD-1158	60	180,81 $	Recue
ACH-70072	2024-09-18	2024-10-09	2024-10-09	FRN-002	BD-1029	48	238,44 $	Recue
ACH-70073	2024-10-02	2024-10-23	2024-10-23	FRN-002	BD-1157	48	24,69 $	Recue
ACH-70073	2024-10-02	2024-10-23	2024-10-23	FRN-002	BD-1164	120	98,38 $	Recue
ACH-70073	2024-10-02	2024-10-23	2024-10-23	FRN-002	BD-1180	96	93,34 $	Recue
ACH-70073	2024-10-02	2024-10-23	2024-10-23	FRN-002	BD-1013	12	308,85 $	Recue
ACH-70073	2024-10-02	2024-10-23	2024-10-23	FRN-002	BD-1164	24	98,38 $	Recue
ACH-70074	2024-10-15	2024-11-05	2024-11-05	FRN-002	BD-9903	240	98,38 $	Recue
ACH-70074	2024-10-15	2024-11-05	2024-11-05	FRN-002	BD-1177	48	211,22 $	Recue
ACH-70074	2024-10-15	2024-11-05	2024-11-05	FRN-002	BD-1162	240	66,97 $	Recue
ACH-70074	2024-10-15	2024-11-05	2024-11-05	FRN-002	BD-1011	48	288,46 $	Recue
ACH-70074	2024-10-15	2024-11-05	2024-11-05	FRN-002	BD-1027	96	249,72 $	Recue
ACH-70075	2024-11-02	2024-11-23	2024-11-23	FRN-002	BD-1157	96	24,69 $	Recue
ACH-70075	2024-11-02	2024-11-23	2024-11-23	FRN-002	BD-1025	60	146,28 $	Recue
ACH-70075	2024-11-02	2024-11-23	2024-11-23	FRN-002	BD-1163	36	294,58 $	Recue
ACH-70075	2024-11-02	2024-11-23	2024-11-23	FRN-002	BD-1027	12	249,72 $	Recue
ACH-70076	2024-11-22	2024-12-13	2024-12-13	FRN-002	BD-1027	24	249,72 $	Recue
ACH-70076	2024-11-22	2024-12-13	2024-12-13	FRN-002	BD-1157	36	24,69 $	Recue
ACH-70076	2024-11-22	2024-12-13	2024-12-13	FRN-002	BD-1031	120	294,44 $	Recue
ACH-70077	2024-12-04	2024-12-25	2024-12-25	FRN-002	BD-1167	96	205,42 $	Recue
ACH-70077	2024-12-04	2024-12-25	2024-12-25	FRN-002	BD-1006	48	178,72 $	Recue
ACH-70077	2024-12-04	2024-12-25	2024-12-25	FRN-002	BD-1163	36	294,58 $	Recue
ACH-70077	2024-12-04	2024-12-25	2024-12-25	FRN-002	BD-1180	48	93,34 $	Recue
ACH-70078	2024-12-13	2025-01-03	2025-01-03	FRN-002	BD-1029	12	238,44 $	Recue
ACH-70078	2024-12-13	2025-01-03	2025-01-03	FRN-002	BD-1163	48	294,58 $	Recue
ACH-70079	2024-12-25	2025-01-15	2025-01-15	FRN-002	BD-1031	12	294,44 $	Recue
ACH-70080	2025-01-05	2025-01-26	2025-01-26	FRN-002	BD-1180	240	95,30 $	Recue
ACH-70080	2025-01-05	2025-01-26	2025-01-26	FRN-002	BD-1170	240	16,95 $	Recue
ACH-70080	2025-01-05	2025-01-26	2025-01-26	FRN-002	BD-1006	24	182,47 $	Recue
ACH-70080	2025-01-05	2025-01-26	2025-01-26	FRN-002	BD-1157	96	25,21 $	Recue
ACH-70080	2025-01-05	2025-01-26	2025-01-26	FRN-002	BD-1031	12	300,62 $	Recue
ACH-70081	2025-01-15	2025-02-05	2025-02-05	FRN-002	BD-1166	48	217,35 $	Recue
ACH-70081	2025-01-15	2025-02-05	2025-02-05	FRN-002	BD-1167	96	209,73 $	Recue
ACH-70081	2025-01-15	2025-02-05	2025-02-05	FRN-002	BD-1163	48	300,77 $	Recue
ACH-70082	2025-01-27	2025-02-17	2025-02-17	FRN-002	BD-1166	36	217,35 $	Recue
ACH-70082	2025-01-27	2025-02-17	2025-02-17	FRN-002	BD-1158	96	184,61 $	Recue
ACH-70082	2025-01-27	2025-02-17	2025-02-17	FRN-002	BD-1164	240	100,45 $	Recue
ACH-70082	2025-01-27	2025-02-17	2025-02-17	FRN-002	BD-1029	48	243,45 $	Recue
ACH-70083	2025-02-10	2025-03-03	2025-03-09	FRN-002	BD-1158	60	184,61 $	Recue
ACH-70083	2025-02-10	2025-03-03	2025-03-09	FRN-002	BD-1031	96	300,62 $	Recue
ACH-70083	2025-02-10	2025-03-03	2025-03-09	FRN-002	BD-1180	24	95,30 $	Recue
ACH-70083	2025-02-10	2025-03-03	2025-03-09	FRN-002	BD-1013	36	315,34 $	Recue
ACH-70084	2025-02-24	2025-03-17	2025-03-17	FRN-002	BD-1029	48	243,45 $	Recue
ACH-70085	2025-03-08	2025-03-29	2025-03-29	FRN-002	BD-1031	240	300,62 $	Recue
ACH-70085	2025-03-08	2025-03-29	2025-03-29	FRN-002	BD-1158	60	184,61 $	Recue
ACH-70085	2025-03-08	2025-03-29	2025-03-29	FRN-002	BD-1170	240	16,95 $	Recue
ACH-70085	2025-03-08	2025-03-29	2025-03-29	FRN-002	BD-1177	48	215,66 $	Recue
ACH-70085	2025-03-08	2025-03-29	2025-03-29	FRN-002	BD-1029	120	243,45 $	Recue
ACH-70086	2025-03-26	2025-04-16	2025-04-16	FRN-002	BD-1027	24	254,96 $	Recue
ACH-70086	2025-03-26	2025-04-16	2025-04-16	FRN-002	BD-1170	120	16,95 $	Recue
ACH-70086	2025-03-26	2025-04-16	2025-04-16	FRN-002	BD-1006	60	182,47 $	Recue
ACH-70086	2025-03-26	2025-04-16	2025-04-16	FRN-002	BD-1031	12	300,62 $	Recue
ACH-70086	2025-03-26	2025-04-16	2025-04-16	FRN-002	BD-1011	240	294,52 $	Recue
ACH-70087	2025-04-12	2025-05-03	2025-05-04	FRN-002	BD-1029	60	243,45 $	Recue
ACH-70087	2025-04-12	2025-05-03	2025-05-04	FRN-002	BD-1166	24	217,35 $	Recue
ACH-70087	2025-04-12	2025-05-03	2025-05-04	FRN-002	BD-1157	96	25,21 $	Recue
ACH-70087	2025-04-12	2025-05-03	2025-05-04	FRN-002	BD-1027	36	254,96 $	Recue
ACH-70087	2025-04-12	2025-05-03	2025-05-04	FRN-002	BD-1163	24	300,77 $	Recue
ACH-70088	2025-04-23	2025-05-14	2025-05-14	FRN-002	BD-1164	12	100,45 $	Recue
ACH-70088	2025-04-23	2025-05-14	2025-05-14	FRN-002	BD-1031	96	300,62 $	Recue
ACH-70088	2025-04-23	2025-05-14	2025-05-14	FRN-002	BD-1029	60	243,45 $	Recue
ACH-70089	2025-05-10	2025-05-31	2025-06-13	FRN-002	BD-1027	12	254,96 $	Recue
ACH-70089	2025-05-10	2025-05-31	2025-06-13	FRN-002	BD-1013	48	315,34 $	Recue
ACH-70089	2025-05-10	2025-05-31	2025-06-13	FRN-002	BD-1163	60	300,77 $	Recue
ACH-70089	2025-05-10	2025-05-31	2025-06-13	FRN-002	BD-1177	12	215,66 $	Recue
ACH-70090	2025-05-30	2025-06-20	2025-06-20	FRN-002	BD-1027	24	254,96 $	Recue
ACH-70091	2025-06-11	2025-07-02	2025-07-07	FRN-002	BD-1166	36	217,35 $	Recue
ACH-70091	2025-06-11	2025-07-02	2025-07-07	FRN-002	BD-1157	120	25,21 $	Recue
ACH-70091	2025-06-11	2025-07-02	2025-07-07	FRN-002	BD-1011	96	294,52 $	Recue
ACH-70092	2025-07-01	2025-07-22	2025-07-22	FRN-002	BD-1166	24	217,35 $	Recue
ACH-70092	2025-07-01	2025-07-22	2025-07-22	FRN-002	BD-1027	60	254,96 $	Recue
ACH-70092	2025-07-01	2025-07-22	2025-07-22	FRN-002	BD-1177	12	215,66 $	Recue
ACH-70093	2025-07-11	2025-08-01	2025-08-01	FRN-002	BD-1157	36	25,21 $	Recue
ACH-70093	2025-07-11	2025-08-01	2025-08-01	FRN-002	BD-1025	24	149,35 $	Recue
ACH-70093	2025-07-11	2025-08-01	2025-08-01	FRN-002	BD-1157	36	25,21 $	Recue
ACH-70094	2025-07-30	2025-08-20	2025-08-20	FRN-002	BD-1164	12	100,45 $	Recue
ACH-70094	2025-07-30	2025-08-20	2025-08-20	FRN-002	BD-1011	48	294,52 $	Recue
ACH-70094	2025-07-30	2025-08-20	2025-08-20	FRN-002	BD-1031	48	300,62 $	Recue
ACH-70094	2025-07-30	2025-08-20	2025-08-20	FRN-002	BD-1170	36	16,95 $	Recue
ACH-70094	2025-07-30	2025-08-20	2025-08-20	FRN-002	BD-1031	240	300,62 $	Recue
ACH-70095	2025-08-19	2025-09-09	2025-09-23	FRN-002	BD-1158	120	184,61 $	Recue
ACH-70095	2025-08-19	2025-09-09	2025-09-23	FRN-002	BD-1170	36	16,95 $	Recue
ACH-70095	2025-08-19	2025-09-09	2025-09-23	FRN-002	BD-1163	120	300,77 $	Recue
ACH-70095	2025-08-19	2025-09-09	2025-09-23	FRN-002	BD-1006	60	182,47 $	Recue
ACH-70095	2025-08-19	2025-09-09	2025-09-23	FRN-002	BD-1029	240	243,45 $	Recue
ACH-70096	2025-08-28	2025-09-18	2025-09-18	FRN-002	BD-1157	240	25,21 $	Recue
ACH-70096	2025-08-28	2025-09-18	2025-09-18	FRN-002	BD-1031	120	300,62 $	Recue
ACH-70097	2025-09-17	2025-10-08	2025-10-08	FRN-002	BD-1170	36	16,95 $	Recue
ACH-70097	2025-09-17	2025-10-08	2025-10-08	FRN-002	BD-1029	120	243,45 $	Recue
ACH-70097	2025-09-17	2025-10-08	2025-10-08	FRN-002	BD-1025	120	149,35 $	Recue
ACH-70097	2025-09-17	2025-10-08	2025-10-08	FRN-002	BD-1164	60	100,45 $	Recue
ACH-70098	2025-09-27	2025-10-18	2025-10-18	FRN-002	BD-1158	60	184,61 $	Recue
ACH-70098	2025-09-27	2025-10-18	2025-10-18	FRN-002	BD-1164	48	100,45 $	Recue
ACH-70098	2025-09-27	2025-10-18	2025-10-18	FRN-002	BD-1011	240	294,52 $	Recue
ACH-70098	2025-09-27	2025-10-18	2025-10-18	FRN-002	BD-1163	24	300,77 $	Recue
ACH-70098	2025-09-27	2025-10-18	2025-10-18	FRN-002	BD-1031	120	300,62 $	Recue
ACH-70099	2025-10-14	2025-11-04	2025-11-04	FRN-002	BD-1162	120	68,38 $	Recue
ACH-70100	2025-10-28	2025-11-18	2025-11-18	FRN-002	BD-1025	120	149,35 $	Recue
ACH-70100	2025-10-28	2025-11-18	2025-11-18	FRN-002	BD-1166	120	217,35 $	Recue
ACH-70101	2025-11-12	2025-12-03	2025-12-03	FRN-002	BD-1013	120	315,34 $	Recue
ACH-70102	2025-11-22	2025-12-13	2025-12-13	FRN-002	BD-1157	12	25,21 $	Recue
ACH-70102	2025-11-22	2025-12-13	2025-12-13	FRN-002	BD-1013	36	315,34 $	Recue
ACH-70102	2025-11-22	2025-12-13	2025-12-13	FRN-002	BD-1164	24	100,45 $	Recue
ACH-70102	2025-11-22	2025-12-13	2025-12-13	FRN-002	BD-1164	60	100,45 $	Recue
ACH-70103	2025-12-09	2025-12-30	2025-12-30	FRN-002	BD-1011	96	294,52 $	Recue
ACH-70103	2025-12-09	2025-12-30	2025-12-30	FRN-002	BD-1027	240	254,96 $	Recue
ACH-70103	2025-12-09	2025-12-30	2025-12-30	FRN-002	BD-1158	12	184,61 $	Recue
ACH-70103	2025-12-09	2025-12-30	2025-12-30	FRN-002	BD-1167	240	209,73 $	Recue
ACH-70104	2025-12-24	2026-01-14		FRN-002	BD-1162	60	68,38 $	En transit
ACH-70105	2024-01-18	2024-03-03	2024-03-03	FRN-005	BD-1042	60	261,53 $	Recue
ACH-70105	2024-01-18	2024-03-03	2024-03-03	FRN-005	BD-1052	60	179,27 $	Recue
ACH-70105	2024-01-18	2024-03-03	2024-03-03	FRN-005	BD-1052	120	179,27 $	Recue
ACH-70106	2024-01-30	2024-03-15	2024-03-15	FRN-005	BD-1122	60	208,30 $	Recue
ACH-70106	2024-01-30	2024-03-15	2024-03-15	FRN-005	BD-1119	60	58,44 $	Recue
ACH-70107	2024-02-19	2024-04-04	2024-04-26	FRN-005	BD-1054	12	257,53 $	Recue
ACH-70107	2024-02-19	2024-04-04	2024-04-26	FRN-005	BD-1119	240	58,44 $	Recue
ACH-70107	2024-02-19	2024-04-04	2024-04-26	FRN-005	BD-1122	60	208,30 $	Recue
ACH-70107	2024-02-19	2024-04-04	2024-04-26	FRN-005	BD-1044	60	195,45 $	Recue
ACH-70107	2024-02-19	2024-04-04	2024-04-26	FRN-005	BD-1055	48	209,35 $	Recue
ACH-70108	2024-03-09	2024-04-23	2024-04-24	FRN-005	BD-1052	240	179,27 $	Recue
ACH-70108	2024-03-09	2024-04-23	2024-04-24	FRN-005	BD-1064	240	69,43 $	Recue
ACH-70108	2024-03-09	2024-04-23	2024-04-24	FRN-005	BD-1044	12	195,45 $	Recue
ACH-70108	2024-03-09	2024-04-23	2024-04-24	FRN-005	BD-1044	240	195,45 $	Recue
ACH-70109	2024-03-29	2024-05-13	2024-05-13	FRN-005	BD-1050	120	291,69 $	Recue
ACH-70109	2024-03-29	2024-05-13	2024-05-13	FRN-005	BD-1064	240	69,43 $	Recue
ACH-70109	2024-03-29	2024-05-13	2024-05-13	FRN-005	BD-1119	60	58,44 $	Recue
ACH-70110	2024-04-07	2024-05-22	2024-05-22	FRN-005	BD-1052	96	179,27 $	Recue
ACH-70110	2024-04-07	2024-05-22	2024-05-22	FRN-005	BD-1050	96	291,69 $	Recue
ACH-70110	2024-04-07	2024-05-22	2024-05-22	FRN-005	BD-1044	12	195,45 $	Recue
ACH-70110	2024-04-07	2024-05-22	2024-05-22	FRN-005	BD-1105	240	166,12 $	Recue
ACH-70110	2024-04-07	2024-05-22	2024-05-22	FRN-005	BD-1122	60	208,30 $	Recue
ACH-70111	2024-04-23	2024-06-07	2024-06-07	FRN-005	BD-1055	36	209,35 $	Recue
ACH-70111	2024-04-23	2024-06-07	2024-06-07	FRN-005	BD-1054	120	257,53 $	Recue
ACH-70111	2024-04-23	2024-06-07	2024-06-07	FRN-005	BD-1119	36	58,44 $	Recue
ACH-70111	2024-04-23	2024-06-07	2024-06-07	FRN-005	BD-1054	48	257,53 $	Recue
ACH-70111	2024-04-23	2024-06-07	2024-06-07	FRN-005	BD-1119	96	58,44 $	Recue
ACH-70112	2024-05-13	2024-06-27	2024-06-27	FRN-005	BD-1050	96	291,69 $	Recue
ACH-70112	2024-05-13	2024-06-27	2024-06-27	FRN-005	BD-1044	36	195,45 $	Recue
ACH-70113	2024-05-26	2024-07-10	2024-07-10	FRN-005	BD-1044	60	195,45 $	Recue
ACH-70113	2024-05-26	2024-07-10	2024-07-10	FRN-005	BD-1122	36	208,30 $	Recue
ACH-70113	2024-05-26	2024-07-10	2024-07-10	FRN-005	BD-1064	120	69,43 $	Recue
ACH-70113	2024-05-26	2024-07-10	2024-07-10	FRN-005	BD-1105	96	166,12 $	Recue
ACH-70114	2024-06-13	2024-07-28	2024-07-28	FRN-005	BD-1123	36	129,56 $	Recue
ACH-70114	2024-06-13	2024-07-28	2024-07-28	FRN-005	BD-1054	24	257,53 $	Recue
ACH-70115	2024-06-24	2024-08-08	2024-08-08	FRN-005	BD-1054	60	257,53 $	Recue
ACH-70115	2024-06-24	2024-08-08	2024-08-08	FRN-005	BD-1064	240	69,43 $	Recue
ACH-70115	2024-06-24	2024-08-08	2024-08-08	FRN-005	BD-1052	120	179,27 $	Recue
ACH-70116	2024-07-13	2024-08-27	2024-08-27	FRN-005	BD-1052	60	179,27 $	Recue
ACH-70116	2024-07-13	2024-08-27	2024-08-27	FRN-005	BD-1105	24	166,12 $	Recue
ACH-70116	2024-07-13	2024-08-27	2024-08-27	FRN-005	BD-1105	12	166,12 $	Recue
ACH-70117	2024-07-25	2024-09-08	2024-09-08	FRN-005	BD-1105	96	166,12 $	Recue
ACH-70117	2024-07-25	2024-09-08	2024-09-08	FRN-005	BD-1055	48	209,35 $	Recue
ACH-70117	2024-07-25	2024-09-08	2024-09-08	FRN-005	BD-1044	240	195,45 $	Recue
ACH-70117	2024-07-25	2024-09-08	2024-09-08	FRN-005	BD-1119	12	58,44 $	Recue
ACH-70118	2024-08-09	2024-09-23	2024-09-23	FRN-005	BD-1054	240	257,53 $	Recue
ACH-70118	2024-08-09	2024-09-23	2024-09-23	FRN-005	BD-1064	12	69,43 $	Recue
ACH-70118	2024-08-09	2024-09-23	2024-09-23	FRN-005	BD-1042	240	261,53 $	Recue
ACH-70119	2024-08-27	2024-10-11	2024-10-11	FRN-005	BD-9431	36	291,69 $	Recue
ACH-70119	2024-08-27	2024-10-11	2024-10-11	FRN-005	BD-1105	120	166,12 $	Recue
ACH-70120	2024-09-09	2024-10-24	2024-10-24	FRN-005	BD-1122	60	208,30 $	Recue
ACH-70120	2024-09-09	2024-10-24	2024-10-24	FRN-005	BD-1123	120	129,56 $	Recue
ACH-70120	2024-09-09	2024-10-24	2024-10-24	FRN-005	BD-1052	96	179,27 $	Recue
ACH-70120	2024-09-09	2024-10-24	2024-10-24	FRN-005	BD-1122	12	208,30 $	Recue
ACH-70121	2024-09-24	2024-11-08	2024-11-08	FRN-005	BD-1123	36	129,56 $	Recue
ACH-70121	2024-09-24	2024-11-08	2024-11-08	FRN-005	BD-1052	60	179,27 $	Recue
ACH-70121	2024-09-24	2024-11-08	2024-11-08	FRN-005	BD-1050	48	291,69 $	Recue
ACH-70121	2024-09-24	2024-11-08	2024-11-08	FRN-005	BD-1055	60	209,35 $	Recue
ACH-70121	2024-09-24	2024-11-08	2024-11-08	FRN-005	BD-1123	24	129,56 $	Recue
ACH-70122	2024-10-05	2024-11-19	2024-11-25	FRN-005	BD-1042	120	261,53 $	Recue
ACH-70123	2024-10-24	2024-12-08	2024-12-08	FRN-005	BD-1050	60	291,69 $	Recue
ACH-70123	2024-10-24	2024-12-08	2024-12-08	FRN-005	BD-1122	240	208,30 $	Recue
ACH-70123	2024-10-24	2024-12-08	2024-12-08	FRN-005	BD-1105	-24	166,12 $	Recue
ACH-70124	2024-11-12	2024-12-27	2024-12-29	FRN-005	BD-1052	240	179,27 $	Recue
ACH-70124	2024-11-12	2024-12-27	2024-12-29	FRN-005	BD-1119	96	58,44 $	Recue
ACH-70124	2024-11-12	2024-12-27	2024-12-29	FRN-005	BD-1119	12	58,44 $	Recue
ACH-70125	2024-11-27	2025-01-11	2025-01-11	FRN-005	BD-1064	36	69,43 $	Recue
ACH-70126	2024-12-09	2025-01-23	2025-02-11	FRN-005	BD-1105	12	166,12 $	Recue
ACH-70127	2024-12-29	2025-02-12	2025-02-12	FRN-005	BD-1122	24	208,30 $	Recue
ACH-70127	2024-12-29	2025-02-12	2025-02-12	FRN-005	BD-1055	120	209,35 $	Recue
ACH-70128	2025-01-11	2025-02-25	2025-02-25	FRN-005	BD-1122	60	212,67 $	Recue
ACH-70128	2025-01-11	2025-02-25	2025-02-25	FRN-005	BD-1055	36	213,75 $	Recue
ACH-70128	2025-01-11	2025-02-25	2025-02-25	FRN-005	BD-1055	48	213,75 $	Recue
ACH-70128	2025-01-11	2025-02-25	2025-02-25	FRN-005	BD-1105	240	169,61 $	Recue
ACH-70129	2025-01-22	2025-03-08	2025-03-08	FRN-005	BD-1055	48	213,75 $	Recue
ACH-70129	2025-01-22	2025-03-08	2025-03-08	FRN-005	BD-1050	48	297,82 $	Recue
ACH-70129	2025-01-22	2025-03-08	2025-03-08	FRN-005	BD-1119	96	59,67 $	Recue
ACH-70129	2025-01-22	2025-03-08	2025-03-08	FRN-005	BD-1122	36	212,67 $	Recue
ACH-70129	2025-01-22	2025-03-08	2025-03-08	FRN-005	BD-1119	24	59,67 $	Recue
ACH-70130	2025-02-10	2025-03-27	2025-03-27	FRN-005	BD-1064	120	70,89 $	Recue
ACH-70130	2025-02-10	2025-03-27	2025-03-27	FRN-005	BD-1044	96	199,55 $	Recue
ACH-70130	2025-02-10	2025-03-27	2025-03-27	FRN-005	BD-1123	24	132,28 $	Recue
ACH-70130	2025-02-10	2025-03-27	2025-03-27	FRN-005	BD-1064	24	70,89 $	Recue
ACH-70131	2025-02-24	2025-04-10	2025-04-10	FRN-005	BD-1054	24	262,94 $	Recue
ACH-70132	2025-03-07	2025-04-21	2025-04-25	FRN-005	BD-1119	36	59,67 $	Recue
ACH-70132	2025-03-07	2025-04-21	2025-04-25	FRN-005	BD-1052	36	183,03 $	Recue
ACH-70132	2025-03-07	2025-04-21	2025-04-25	FRN-005	BD-1122	120	212,67 $	Recue
ACH-70132	2025-03-07	2025-04-21	2025-04-25	FRN-005	BD-1042	120	267,02 $	Recue
ACH-70132	2025-03-07	2025-04-21	2025-04-25	FRN-005	BD-1105	240	169,61 $	Recue
ACH-70133	2025-03-16	2025-04-30	2025-04-30	FRN-005	BD-1122	12	212,67 $	Recue
ACH-70134	2025-03-30	2025-05-14	2025-05-14	FRN-005	BD-1105	240	169,61 $	Recue
ACH-70134	2025-03-30	2025-05-14	2025-05-14	FRN-005	BD-1042	96	267,02 $	Recue
ACH-70135	2025-04-15	2025-05-30	2025-06-01	FRN-005	BD-1105	36	169,61 $	Recue
ACH-70135	2025-04-15	2025-05-30	2025-06-01	FRN-005	BD-1054	60	262,94 $	Recue
ACH-70135	2025-04-15	2025-05-30	2025-06-01	FRN-005	BD-1122	24	212,67 $	Recue
ACH-70135	2025-04-15	2025-05-30	2025-06-01	FRN-005	BD-1042	120	267,02 $	Recue
ACH-70136	2025-04-29	2025-06-13	2025-06-13	FRN-005	BD-1055	36	213,75 $	Recue
ACH-70136	2025-04-29	2025-06-13	2025-06-13	FRN-005	BD-1064	96	70,89 $	Recue
ACH-70136	2025-04-29	2025-06-13	2025-06-13	FRN-005	BD-1122	48	212,67 $	Recue
ACH-70137	2025-05-19	2025-07-03	2025-07-03	FRN-005	BD-1122	120	212,67 $	Recue
ACH-70137	2025-05-19	2025-07-03	2025-07-03	FRN-005	BD-1044	24	199,55 $	Recue
ACH-70137	2025-05-19	2025-07-03	2025-07-03	FRN-005	BD-1119	36	59,67 $	Recue
ACH-70138	2025-06-04	2025-07-19	2025-07-19	FRN-005	BD-1042	96	267,02 $	Recue
ACH-70138	2025-06-04	2025-07-19	2025-07-19	FRN-005	BD-1119	48	59,67 $	Recue
ACH-70138	2025-06-04	2025-07-19	2025-07-19	FRN-005	BD-1054	240	262,94 $	Recue
ACH-70138	2025-06-04	2025-07-19	2025-07-19	FRN-005	BD-1119	48	59,67 $	Recue
ACH-70138	2025-06-04	2025-07-19	2025-07-19	FRN-005	BD-1050	24	297,82 $	Recue
ACH-70139	2025-06-17	2025-08-01	2025-08-03	FRN-005	BD-1042	12	267,02 $	Recue
ACH-70139	2025-06-17	2025-08-01	2025-08-03	FRN-005	BD-1122	24	212,67 $	Recue
ACH-70139	2025-06-17	2025-08-01	2025-08-03	FRN-005	BD-1123	96	132,28 $	Recue
ACH-70139	2025-06-17	2025-08-01	2025-08-03	FRN-005	BD-1123	12	132,28 $	Recue
ACH-70140	2025-06-30	2025-08-14	2025-08-28	FRN-005	BD-1054	60	262,94 $	Recue
ACH-70140	2025-06-30	2025-08-14	2025-08-28	FRN-005	BD-1055	48	213,75 $	Recue
ACH-70140	2025-06-30	2025-08-14	2025-08-28	FRN-005	BD-1119	36	59,67 $	Recue
ACH-70140	2025-06-30	2025-08-14	2025-08-28	FRN-005	BD-1122	96	212,67 $	Recue
ACH-70140	2025-06-30	2025-08-14	2025-08-28	FRN-005	BD-1054	24	262,94 $	Recue
ACH-70141	2025-07-11	2025-08-25	2025-08-25	FRN-005	BD-1119	24	59,67 $	Recue
ACH-70141	2025-07-11	2025-08-25	2025-08-25	FRN-005	BD-1123	60	132,28 $	Recue
ACH-70141	2025-07-11	2025-08-25	2025-08-25	FRN-005	BD-9902	240	267,02 $	Recue
ACH-70142	2025-07-24	2025-09-07	2025-09-07	FRN-005	BD-1044	48	199,55 $	Recue
ACH-70142	2025-07-24	2025-09-07	2025-09-07	FRN-005	BD-1050	120	297,82 $	Recue
ACH-70142	2025-07-24	2025-09-07	2025-09-07	FRN-005	BD-1044	48	199,55 $	Recue
ACH-70143	2025-08-09	2025-09-23	2025-10-01	FRN-005	BD-1050	36	297,82 $	Recue
ACH-70144	2025-08-27	2025-10-11	2025-10-17	FRN-005	BD-1054	12	262,94 $	Recue
ACH-70144	2025-08-27	2025-10-11	2025-10-17	FRN-005	BD-1122	36	212,67 $	Recue
ACH-70144	2025-08-27	2025-10-11	2025-10-17	FRN-005	BD-1119	120	59,67 $	Recue
ACH-70144	2025-08-27	2025-10-11	2025-10-17	FRN-005	BD-1122	120	212,67 $	Recue
ACH-70145	2025-09-14	2025-10-29	2025-10-29	FRN-005	BD-1122	60	212,67 $	Recue
ACH-70145	2025-09-14	2025-10-29	2025-10-29	FRN-005	BD-1119	12	59,67 $	Recue
ACH-70145	2025-09-14	2025-10-29	2025-10-29	FRN-005	BD-1050	48	297,82 $	Recue
ACH-70145	2025-09-14	2025-10-29	2025-10-29	FRN-005	BD-1044	24	199,55 $	Recue
ACH-70146	2025-09-27	2025-11-11	2025-11-21	FRN-005	BD-1054	120	262,94 $	Recue
ACH-70146	2025-09-27	2025-11-11	2025-11-21	FRN-005	BD-1064	60	70,89 $	Recue
ACH-70146	2025-09-27	2025-11-11	2025-11-21	FRN-005	BD-1042	120	267,02 $	Recue
ACH-70147	2025-10-14	2025-11-28	2025-11-28	FRN-005	BD-1050	120	297,82 $	Recue
ACH-70148	2025-10-27	2025-12-11	2025-12-11	FRN-005	BD-1042	36	267,02 $	Recue
ACH-70148	2025-10-27	2025-12-11	2025-12-11	FRN-005	BD-1119	60	59,67 $	Recue
ACH-70148	2025-10-27	2025-12-11	2025-12-11	FRN-005	BD-1105	48	169,61 $	Recue
ACH-70149	2025-11-13	2025-12-28	2025-12-28	FRN-005	BD-1042	24	267,02 $	Recue
ACH-70150	2025-11-29	2026-01-13		FRN-005	BD-1044	24	199,55 $	En transit
ACH-70150	2025-11-29	2026-01-13		FRN-005	BD-1055	240	213,75 $	En transit
ACH-70151	2025-12-10	2026-01-24		FRN-005	BD-1044	240	199,55 $	En transit
ACH-70151	2025-12-10	2026-01-24		FRN-005	BD-1042	24	267,02 $	En transit
ACH-70152	2025-12-30	2026-02-13		FRN-005	BD-1042	12	267,02 $	En transit
ACH-70152	2025-12-30	2026-02-13		FRN-005	BD-1050	48	297,82 $	En transit
ACH-70152	2025-12-30	2026-02-13		FRN-005	BD-1052	240	183,03 $	En transit
ACH-70153	2024-01-06	2024-01-16	2024-01-16	FRN-006	BD-1106	48	333,09 $	Recue
ACH-70153	2024-01-06	2024-01-16	2024-01-16	FRN-006	BD-9319	96	98,28 $	Recue
ACH-70153	2024-01-06	2024-01-16	2024-01-16	FRN-006	BD-1117	120	98,28 $	Recue
ACH-70153	2024-01-06	2024-01-16	2024-01-16	FRN-006	BD-1125	24	285,25 $	Recue
ACH-70154	2024-01-21	2024-01-31	2024-02-24	FRN-006	BD-1106	60	333,09 $	Recue
ACH-70155	2024-02-03	2024-02-13	2024-02-13	FRN-006	BD-1125	24	285,25 $	Recue
ACH-70155	2024-02-03	2024-02-13	2024-02-13	FRN-006	BD-1117	240	98,28 $	Recue
ACH-70155	2024-02-03	2024-02-13	2024-02-13	FRN-006	BD-1106	240	333,09 $	Recue
ACH-70156	2024-02-12	2024-02-22	2024-02-28	FRN-006	BD-1117	24	98,28 $	Recue
ACH-70156	2024-02-12	2024-02-22	2024-02-28	FRN-006	BD-1106	12	333,09 $	Recue
ACH-70157	2024-02-23	2024-03-04	2024-03-04	FRN-006	BD-1106	120	333,09 $	Recue
ACH-70157	2024-02-23	2024-03-04	2024-03-04	FRN-006	BD-1106	48	333,09 $	Recue
ACH-70157	2024-02-23	2024-03-04	2024-03-04	FRN-006	BD-1125	120	285,25 $	Recue
ACH-70157	2024-02-23	2024-03-04	2024-03-04	FRN-006	BD-1117	24	98,28 $	Recue
ACH-70158	2024-03-07	2024-03-17	2024-03-18	FRN-006	BD-1117	48	98,28 $	Recue
ACH-70158	2024-03-07	2024-03-17	2024-03-18	FRN-006	BD-1106	120	333,09 $	Recue
ACH-70158	2024-03-07	2024-03-17	2024-03-18	FRN-006	BD-1106	240	333,09 $	Recue
ACH-70158	2024-03-07	2024-03-17	2024-03-18	FRN-006	BD-1125	96	285,25 $	Recue
ACH-70158	2024-03-07	2024-03-17	2024-03-18	FRN-006	BD-1106	240	333,09 $	Recue
ACH-70159	2024-03-27	2024-04-06	2024-04-06	FRN-006	BD-1117	12	98,28 $	Recue
ACH-70159	2024-03-27	2024-04-06	2024-04-06	FRN-006	BD-1106	96	333,09 $	Recue
ACH-70159	2024-03-27	2024-04-06	2024-04-06	FRN-006	BD-1106	48	333,09 $	Recue
ACH-70160	2024-04-15	2024-04-25	2024-04-25	FRN-006	BD-1117	48	98,28 $	Recue
ACH-70160	2024-04-15	2024-04-25	2024-04-25	FRN-006	BD-1106	12	333,09 $	Recue
ACH-70161	2024-04-27	2024-05-07	2024-05-07	FRN-006	BD-1117	48	98,28 $	Recue
ACH-70161	2024-04-27	2024-05-07	2024-05-07	FRN-006	BD-1106	120	333,09 $	Recue
ACH-70161	2024-04-27	2024-05-07	2024-05-07	FRN-006	BD-1106	36	333,09 $	Recue
ACH-70162	2024-05-10	2024-05-20	2024-05-20	FRN-006	BD-1106	36	333,09 $	Recue
ACH-70163	2024-05-24	2024-06-03	2024-06-03	FRN-006	BD-1117	60	98,28 $	Recue
ACH-70164	2024-06-08	2024-06-18	2024-06-18	FRN-006	BD-1117	48	98,28 $	Recue
ACH-70164	2024-06-08	2024-06-18	2024-06-18	FRN-006	BD-1106	96	333,09 $	Recue
ACH-70164	2024-06-08	2024-06-18	2024-06-18	FRN-006	BD-1106	48	333,09 $	Recue
ACH-70165	2024-06-28	2024-07-08	2024-07-08	FRN-006	BD-1125	12	285,25 $	Recue
ACH-70166	2024-07-14	2024-07-24	2024-07-24	FRN-006	BD-1125	12	285,25 $	Recue
ACH-70166	2024-07-14	2024-07-24	2024-07-24	FRN-006	BD-1117	36	98,28 $	Recue
ACH-70167	2024-07-24	2024-08-03	2024-08-03	FRN-006	BD-1125	24	285,25 $	Recue
ACH-70167	2024-07-24	2024-08-03	2024-08-03	FRN-006	BD-1117	60	98,28 $	Recue
ACH-70167	2024-07-24	2024-08-03	2024-08-03	FRN-006	BD-1106	24	333,09 $	Recue
ACH-70167	2024-07-24	2024-08-03	2024-08-03	FRN-006	BD-1106	24	333,09 $	Recue
ACH-70168	2024-08-12	2024-08-22	2024-08-22	FRN-006	BD-1125	36	285,25 $	Recue
ACH-70168	2024-08-12	2024-08-22	2024-08-22	FRN-006	BD-1106	60	333,09 $	Recue
ACH-70168	2024-08-12	2024-08-22	2024-08-22	FRN-006	BD-1117	120	98,28 $	Recue
ACH-70168	2024-08-12	2024-08-22	2024-08-22	FRN-006	BD-1106	36	333,09 $	Recue
ACH-70169	2024-08-22	2024-09-01	2024-09-01	FRN-006	BD-1125	48	285,25 $	Recue
ACH-70169	2024-08-22	2024-09-01	2024-09-01	FRN-006	BD-1125	24	285,25 $	Recue
ACH-70169	2024-08-22	2024-09-01	2024-09-01	FRN-006	BD-1125	240	285,25 $	Recue
ACH-70169	2024-08-22	2024-09-01	2024-09-01	FRN-006	BD-1125	60	285,25 $	Recue
ACH-70169	2024-08-22	2024-09-01	2024-09-01	FRN-006	BD-1106	60	333,09 $	Recue
ACH-70170	2024-08-31	2024-09-10	2024-09-10	FRN-006	BD-1106	12	333,09 $	Recue
ACH-70170	2024-08-31	2024-09-10	2024-09-10	FRN-006	BD-1117	12	98,28 $	Recue
ACH-70170	2024-08-31	2024-09-10	2024-09-10	FRN-006	BD-1117	60	98,28 $	Recue
ACH-70171	2024-09-15	2024-09-25	2024-09-25	FRN-006	BD-1106	24	333,09 $	Recue
ACH-70172	2024-10-02	2024-10-12	2024-10-17	FRN-006	BD-1117	240	98,28 $	Recue
ACH-70172	2024-10-02	2024-10-12	2024-10-17	FRN-006	BD-1125	120	285,25 $	Recue
ACH-70172	2024-10-02	2024-10-12	2024-10-17	FRN-006	BD-1125	36	285,25 $	Recue
ACH-70172	2024-10-02	2024-10-12	2024-10-17	FRN-006	BD-1125	36	285,25 $	Recue
ACH-70173	2024-10-13	2024-10-23	2024-10-23	FRN-006	BD-1106	12	333,09 $	Recue
ACH-70174	2024-10-28	2024-11-07	2024-11-08	FRN-006	BD-1117	240	98,28 $	Recue
ACH-70174	2024-10-28	2024-11-07	2024-11-08	FRN-006	BD-1106	48	333,09 $	Recue
ACH-70175	2024-11-17	2024-11-27	2024-11-27	FRN-006	BD-1106	120	333,09 $	Recue
ACH-70175	2024-11-17	2024-11-27	2024-11-27	FRN-006	BD-1106	96	333,09 $	Recue
ACH-70175	2024-11-17	2024-11-27	2024-11-27	FRN-006	BD-1125	12	285,25 $	Recue
ACH-70176	2024-11-26	2024-12-06	2024-12-11	FRN-006	BD-1117	36	98,28 $	Recue
ACH-70177	2024-12-10	2024-12-20	2024-12-20	FRN-006	BD-1106	48	333,09 $	Recue
ACH-70177	2024-12-10	2024-12-20	2024-12-20	FRN-006	BD-1125	60	285,25 $	Recue
ACH-70177	2024-12-10	2024-12-20	2024-12-20	FRN-006	BD-1125	48	285,25 $	Recue
ACH-70178	2024-12-26	2025-01-05	2025-01-05	FRN-006	BD-1125	12	285,25 $	Recue
ACH-70178	2024-12-26	2025-01-05	2025-01-05	FRN-006	BD-1125	48	285,25 $	Recue
ACH-70178	2024-12-26	2025-01-05	2025-01-05	FRN-006	BD-1125	60	285,25 $	Recue
ACH-70179	2025-01-11	2025-01-21	2025-01-21	FRN-006	BD-1125	24	291,24 $	Recue
ACH-70179	2025-01-11	2025-01-21	2025-01-21	FRN-006	BD-1117	240	100,34 $	Recue
ACH-70179	2025-01-11	2025-01-21	2025-01-21	FRN-006	BD-1117	48	100,34 $	Recue
ACH-70179	2025-01-11	2025-01-21	2025-01-21	FRN-006	BD-1106	120	340,08 $	Recue
ACH-70180	2025-01-26	2025-02-05	2025-02-05	FRN-006	BD-1106	60	340,08 $	Recue
ACH-70180	2025-01-26	2025-02-05	2025-02-05	FRN-006	BD-1125	96	291,24 $	Recue
ACH-70180	2025-01-26	2025-02-05	2025-02-05	FRN-006	BD-1117	96	100,34 $	Recue
ACH-70181	2025-02-12	2025-02-22	2025-02-22	FRN-006	BD-1125	240	291,24 $	Recue
ACH-70181	2025-02-12	2025-02-22	2025-02-22	FRN-006	BD-1106	24	340,08 $	Recue
ACH-70181	2025-02-12	2025-02-22	2025-02-22	FRN-006	BD-1117	12	100,34 $	Recue
ACH-70182	2025-02-26	2025-03-08	2025-03-08	FRN-006	BD-1117	24	100,34 $	Recue
ACH-70183	2025-03-15	2025-03-25	2025-03-25	FRN-006	BD-1117	240	100,34 $	Recue
ACH-70183	2025-03-15	2025-03-25	2025-03-25	FRN-006	BD-1125	24	291,24 $	Recue
ACH-70184	2025-04-03	2025-04-13	2025-04-13	FRN-006	BD-1125	12	291,24 $	Recue
ACH-70185	2025-04-15	2025-04-25	2025-04-25	FRN-006	BD-1106	96	340,08 $	Recue
ACH-70186	2025-04-25	2025-05-05	2025-05-30	FRN-006	BD-1117	240	100,34 $	Recue
ACH-70186	2025-04-25	2025-05-05	2025-05-30	FRN-006	BD-1125	24	291,24 $	Recue
ACH-70186	2025-04-25	2025-05-05	2025-05-30	FRN-006	BD-1125	36	291,24 $	Recue
ACH-70186	2025-04-25	2025-05-05	2025-05-30	FRN-006	BD-1117	24	100,34 $	Recue
ACH-70186	2025-04-25	2025-05-05	2025-05-30	FRN-006	BD-1125	96	291,24 $	Recue
ACH-70187	2025-05-15	2025-05-25	2025-05-25	FRN-006	BD-1125	48	291,24 $	Recue
ACH-70187	2025-05-15	2025-05-25	2025-05-25	FRN-006	BD-1106	240	340,08 $	Recue
ACH-70188	2025-05-26	2025-06-05	2025-06-05	FRN-006	BD-1125	36	291,24 $	Recue
ACH-70188	2025-05-26	2025-06-05	2025-06-05	FRN-006	BD-1117	120	100,34 $	Recue
ACH-70188	2025-05-26	2025-06-05	2025-06-05	FRN-006	BD-1117	96	100,34 $	Recue
ACH-70188	2025-05-26	2025-06-05	2025-06-05	FRN-006	BD-1117	60	100,34 $	Recue
ACH-70188	2025-05-26	2025-06-05	2025-06-05	FRN-006	BD-1106	60	340,08 $	Recue
ACH-70189	2025-06-08	2025-06-18	2025-06-18	FRN-006	BD-1125	48	291,24 $	Recue
ACH-70189	2025-06-08	2025-06-18	2025-06-18	FRN-006	BD-1125	36	291,24 $	Recue
ACH-70189	2025-06-08	2025-06-18	2025-06-18	FRN-006	BD-1117	240	100,34 $	Recue
ACH-70190	2025-06-19	2025-06-29	2025-06-29	FRN-006	BD-1117	240	100,34 $	Recue
ACH-70190	2025-06-19	2025-06-29	2025-06-29	FRN-006	BD-1106	-9	340,08 $	Recue
ACH-70190	2025-06-19	2025-06-29	2025-06-29	FRN-006	BD-1106	36	340,08 $	Recue
ACH-70190	2025-06-19	2025-06-29	2025-06-29	FRN-006	BD-1125	12	291,24 $	Recue
ACH-70190	2025-06-19	2025-06-29	2025-06-29	FRN-006	BD-1125	60	291,24 $	Recue
ACH-70191	2025-07-05	2025-07-15	2025-07-15	FRN-006	BD-1106	24	340,08 $	Recue
ACH-70191	2025-07-05	2025-07-15	2025-07-15	FRN-006	BD-1125	60	291,24 $	Recue
ACH-70191	2025-07-05	2025-07-15	2025-07-15	FRN-006	BD-1125	24	291,24 $	Recue
ACH-70192	2025-07-22	2025-08-01	2025-08-01	FRN-006	BD-1117	96	100,34 $	Recue
ACH-70192	2025-07-22	2025-08-01	2025-08-01	FRN-006	BD-1125	36	291,24 $	Recue
ACH-70192	2025-07-22	2025-08-01	2025-08-01	FRN-006	BD-1106	120	340,08 $	Recue
ACH-70192	2025-07-22	2025-08-01	2025-08-01	FRN-006	BD-1125	240	291,24 $	Recue
ACH-70192	2025-07-22	2025-08-01	2025-08-01	FRN-006	BD-1117	36	100,34 $	Recue
ACH-70193	2025-08-09	2025-08-19	2025-08-19	FRN-006	BD-1106	36	340,08 $	Recue
ACH-70193	2025-08-09	2025-08-19	2025-08-19	FRN-006	BD-1125	36	291,24 $	Recue
ACH-70194	2025-08-27	2025-09-06	2025-09-06	FRN-006	BD-1117	240	100,34 $	Recue
ACH-70194	2025-08-27	2025-09-06	2025-09-06	FRN-006	BD-1125	60	291,24 $	Recue
ACH-70194	2025-08-27	2025-09-06	2025-09-06	FRN-006	BD-1117	24	100,34 $	Recue
ACH-70194	2025-08-27	2025-09-06	2025-09-06	FRN-006	BD-1106	120	340,08 $	Recue
ACH-70194	2025-08-27	2025-09-06	2025-09-06	FRN-006	BD-1125	240	291,24 $	Recue
ACH-70195	2025-09-07	2025-09-17	2025-09-17	FRN-006	BD-1106	48	340,08 $	Recue
ACH-70195	2025-09-07	2025-09-17	2025-09-17	FRN-006	BD-1117	96	100,34 $	Recue
ACH-70196	2025-09-27	2025-10-07	2025-10-07	FRN-006	BD-1106	48	340,08 $	Recue
ACH-70196	2025-09-27	2025-10-07	2025-10-07	FRN-006	BD-1125	96	291,24 $	Recue
ACH-70196	2025-09-27	2025-10-07	2025-10-07	FRN-006	BD-1117	36	100,34 $	Recue
ACH-70196	2025-09-27	2025-10-07	2025-10-07	FRN-006	BD-1125	240	291,24 $	Recue
ACH-70196	2025-09-27	2025-10-07	2025-10-07	FRN-006	BD-1125	120	291,24 $	Recue
ACH-70197	2025-10-06	2025-10-16	2025-10-16	FRN-006	BD-1125	96	291,24 $	Recue
ACH-70197	2025-10-06	2025-10-16	2025-10-16	FRN-006	BD-1125	60	291,24 $	Recue
ACH-70197	2025-10-06	2025-10-16	2025-10-16	FRN-006	BD-1106	12	340,08 $	Recue
ACH-70198	2025-10-26	2025-11-05	2025-11-05	FRN-006	BD-1117	96	100,34 $	Recue
ACH-70198	2025-10-26	2025-11-05	2025-11-05	FRN-006	BD-1125	120	291,24 $	Recue
ACH-70199	2025-11-13	2025-11-23	2025-11-23	FRN-006	BD-1106	120	340,08 $	Recue
ACH-70199	2025-11-13	2025-11-23	2025-11-23	FRN-006	BD-1106	48	340,08 $	Recue
ACH-70200	2025-11-25	2025-12-05	2025-12-05	FRN-006	BD-1106	240	340,08 $	Recue
ACH-70200	2025-11-25	2025-12-05	2025-12-05	FRN-006	BD-1106	24	340,08 $	Recue
ACH-70201	2025-12-09	2025-12-19	2025-12-19	FRN-006	BD-1117	48	100,34 $	Recue
ACH-70201	2025-12-09	2025-12-19	2025-12-19	FRN-006	BD-1106	12	340,08 $	Recue
ACH-70201	2025-12-09	2025-12-19	2025-12-19	FRN-006	BD-1106	96	340,08 $	Recue
ACH-70201	2025-12-09	2025-12-19	2025-12-19	FRN-006	BD-1125	-30	291,24 $	Recue
ACH-70202	2025-12-24	2026-01-03		FRN-006	BD-1106	60	340,08 $	En transit
ACH-70202	2025-12-24	2026-01-03		FRN-006	BD-1106	120	340,08 $	En transit
ACH-70202	2025-12-24	2026-01-03		FRN-006	BD-1106	48	340,08 $	En transit
ACH-70203	2024-01-21	2024-01-28	2024-01-31	FRN-012	BD-1018	120	242,09 $	Recue
ACH-70203	2024-01-21	2024-01-28	2024-01-31	FRN-012	BD-1005	24	204,06 $	Recue
ACH-70203	2024-01-21	2024-01-28	2024-01-31	FRN-012	BD-1002	96	292,58 $	Recue
ACH-70203	2024-01-21	2024-01-28	2024-01-31	FRN-012	BD-9667	24	318,69 $	Recue
ACH-70204	2024-02-01	2024-02-08	2024-02-08	FRN-012	BD-1002	240	292,58 $	Recue
ACH-70204	2024-02-01	2024-02-08	2024-02-08	FRN-012	BD-1014	120	26,62 $	Recue
ACH-70205	2024-02-13	2024-02-20	2024-03-03	FRN-012	BD-1005	240	204,06 $	Recue
ACH-70205	2024-02-13	2024-02-20	2024-03-03	FRN-012	BD-1020	36	32,44 $	Recue
ACH-70205	2024-02-13	2024-02-20	2024-03-03	FRN-012	BD-1014	36	26,62 $	Recue
ACH-70205	2024-02-13	2024-02-20	2024-03-03	FRN-012	BD-1007	36	55,96 $	Recue
ACH-70205	2024-02-13	2024-02-20	2024-03-03	FRN-012	BD-1015	12	318,69 $	Recue
ACH-70206	2024-02-24	2024-03-02	2024-03-02	FRN-012	BD-1007	36	55,96 $	Recue
ACH-70206	2024-02-24	2024-03-02	2024-03-02	FRN-012	BD-1014	120	26,62 $	Recue
ACH-70206	2024-02-24	2024-03-02	2024-03-02	FRN-012	BD-1014	60	26,62 $	Recue
ACH-70207	2024-03-07	2024-03-14	2024-03-14	FRN-012	BD-1015	240	318,69 $	Recue
ACH-70207	2024-03-07	2024-03-14	2024-03-14	FRN-012	BD-1020	48	32,44 $	Recue
ACH-70208	2024-03-27	2024-04-03	2024-04-05	FRN-012	BD-1005	60	204,06 $	Recue
ACH-70208	2024-03-27	2024-04-03	2024-04-05	FRN-012	BD-1015	12	318,69 $	Recue
ACH-70208	2024-03-27	2024-04-03	2024-04-05	FRN-012	BD-1014	48	26,62 $	Recue
ACH-70208	2024-03-27	2024-04-03	2024-04-05	FRN-012	BD-1012	12	68,19 $	Recue
ACH-70209	2024-04-05	2024-04-12	2024-04-12	FRN-012	BD-1005	24	204,06 $	Recue
ACH-70210	2024-04-19	2024-04-26	2024-05-10	FRN-012	BD-1020	48	32,44 $	Recue
ACH-70210	2024-04-19	2024-04-26	2024-05-10	FRN-012	BD-1020	60	32,44 $	Recue
ACH-70210	2024-04-19	2024-04-26	2024-05-10	FRN-012	BD-1012	96	68,19 $	Recue
ACH-70211	2024-05-01	2024-05-08	2024-05-08	FRN-012	BD-1015	12	318,69 $	Recue
ACH-70211	2024-05-01	2024-05-08	2024-05-08	FRN-012	BD-1002	36	292,58 $	Recue
ACH-70212	2024-05-10	2024-05-17	2024-05-17	FRN-012	BD-1015	240	318,69 $	Recue
ACH-70212	2024-05-10	2024-05-17	2024-05-17	FRN-012	BD-1014	60	26,62 $	Recue
ACH-70212	2024-05-10	2024-05-17	2024-05-17	FRN-012	BD-1020	96	32,44 $	Recue
ACH-70212	2024-05-10	2024-05-17	2024-05-17	FRN-012	BD-1014	48	26,62 $	Recue
ACH-70213	2024-05-30	2024-06-06	2024-06-06	FRN-012	BD-1002	24	292,58 $	Recue
ACH-70213	2024-05-30	2024-06-06	2024-06-06	FRN-012	BD-1018	60	242,09 $	Recue
ACH-70213	2024-05-30	2024-06-06	2024-06-06	FRN-012	BD-9703	48	26,62 $	Recue
ACH-70213	2024-05-30	2024-06-06	2024-06-06	FRN-012	BD-1012	48	68,19 $	Recue
ACH-70214	2024-06-13	2024-06-20	2024-07-11	FRN-012	BD-1014	96	26,62 $	Recue
ACH-70214	2024-06-13	2024-06-20	2024-07-11	FRN-012	BD-1014	48	26,62 $	Recue
ACH-70214	2024-06-13	2024-06-20	2024-07-11	FRN-012	BD-1005	24	204,06 $	Recue
ACH-70214	2024-06-13	2024-06-20	2024-07-11	FRN-012	BD-1005	240	204,06 $	Recue
ACH-70215	2024-06-28	2024-07-05	2024-07-05	FRN-012	BD-1020	60	32,44 $	Recue
ACH-70216	2024-07-17	2024-07-24	2024-07-24	FRN-012	BD-1002	36	292,58 $	Recue
ACH-70216	2024-07-17	2024-07-24	2024-07-24	FRN-012	BD-1005	240	204,06 $	Recue
ACH-70216	2024-07-17	2024-07-24	2024-07-24	FRN-012	BD-1018	96	242,09 $	Recue
ACH-70217	2024-08-01	2024-08-08	2024-08-08	FRN-012	BD-1015	60	318,69 $	Recue
ACH-70217	2024-08-01	2024-08-08	2024-08-08	FRN-012	BD-1018	120	242,09 $	Recue
ACH-70217	2024-08-01	2024-08-08	2024-08-08	FRN-012	BD-1020	240	32,44 $	Recue
ACH-70218	2024-08-19	2024-08-26	2024-08-26	FRN-012	BD-1014	240	26,62 $	Recue
ACH-70218	2024-08-19	2024-08-26	2024-08-26	FRN-012	BD-1018	240	242,09 $	Recue
ACH-70219	2024-09-05	2024-09-12	2024-09-12	FRN-012	BD-1012	120	68,19 $	Recue
ACH-70219	2024-09-05	2024-09-12	2024-09-12	FRN-012	BD-1007	12	55,96 $	Recue
ACH-70219	2024-09-05	2024-09-12	2024-09-12	FRN-012	BD-1018	24	242,09 $	Recue
ACH-70219	2024-09-05	2024-09-12	2024-09-12	FRN-012	BD-1002	120	292,58 $	Recue
ACH-70220	2024-09-22	2024-09-29	2024-10-04	FRN-012	BD-1005	12	204,06 $	Recue
ACH-70220	2024-09-22	2024-09-29	2024-10-04	FRN-012	BD-1020	12	32,44 $	Recue
ACH-70220	2024-09-22	2024-09-29	2024-10-04	FRN-012	BD-1007	24	55,96 $	Recue
ACH-70221	2024-10-06	2024-10-13	2024-10-13	FRN-012	BD-1002	120	292,58 $	Recue
ACH-70221	2024-10-06	2024-10-13	2024-10-13	FRN-012	BD-1014	120	26,62 $	Recue
ACH-70221	2024-10-06	2024-10-13	2024-10-13	FRN-012	BD-1005	36	204,06 $	Recue
ACH-70221	2024-10-06	2024-10-13	2024-10-13	FRN-012	BD-1020	96	32,44 $	Recue
ACH-70221	2024-10-06	2024-10-13	2024-10-13	FRN-012	BD-1018	36	242,09 $	Recue
ACH-70222	2024-10-15	2024-10-22	2024-10-22	FRN-012	BD-1002	12	292,58 $	Recue
ACH-70222	2024-10-15	2024-10-22	2024-10-22	FRN-012	BD-1005	240	204,06 $	Recue
ACH-70222	2024-10-15	2024-10-22	2024-10-22	FRN-012	BD-1014	36	26,62 $	Recue
ACH-70223	2024-10-28	2024-11-04	2024-11-07	FRN-012	BD-1012	120	68,19 $	Recue
ACH-70223	2024-10-28	2024-11-04	2024-11-07	FRN-012	BD-1005	12	204,06 $	Recue
ACH-70223	2024-10-28	2024-11-04	2024-11-07	FRN-012	BD-1012	36	68,19 $	Recue
ACH-70224	2024-11-10	2024-11-17	2024-11-17	FRN-012	BD-1014	24	26,62 $	Recue
ACH-70224	2024-11-10	2024-11-17	2024-11-17	FRN-012	BD-1005	96	204,06 $	Recue
ACH-70225	2024-11-19	2024-11-26	2024-11-26	FRN-012	BD-1012	48	68,19 $	Recue
ACH-70225	2024-11-19	2024-11-26	2024-11-26	FRN-012	BD-1015	48	318,69 $	Recue
ACH-70225	2024-11-19	2024-11-26	2024-11-26	FRN-012	BD-1015	48	318,69 $	Recue
ACH-70225	2024-11-19	2024-11-26	2024-11-26	FRN-012	BD-1005	36	204,06 $	Recue
ACH-70225	2024-11-19	2024-11-26	2024-11-26	FRN-012	BD-1005	12	204,06 $	Recue
ACH-70226	2024-12-08	2024-12-15	2024-12-15	FRN-012	BD-1014	240	26,62 $	Recue
ACH-70226	2024-12-08	2024-12-15	2024-12-15	FRN-012	BD-1015	60	318,69 $	Recue
ACH-70226	2024-12-08	2024-12-15	2024-12-15	FRN-012	BD-1002	12	292,58 $	Recue
ACH-70226	2024-12-08	2024-12-15	2024-12-15	FRN-012	BD-1020	36	32,44 $	Recue
ACH-70226	2024-12-08	2024-12-15	2024-12-15	FRN-012	BD-1020	120	32,44 $	Recue
ACH-70227	2024-12-27	2025-01-03	2025-01-03	FRN-012	BD-1020	48	32,44 $	Recue
ACH-70227	2024-12-27	2025-01-03	2025-01-03	FRN-012	BD-1012	60	68,19 $	Recue
ACH-70228	2025-01-15	2025-01-22	2025-01-29	FRN-012	BD-1014	12	27,18 $	Recue
ACH-70228	2025-01-15	2025-01-22	2025-01-29	FRN-012	BD-1018	60	247,17 $	Recue
ACH-70228	2025-01-15	2025-01-22	2025-01-29	FRN-012	BD-1005	24	208,35 $	Recue
ACH-70228	2025-01-15	2025-01-22	2025-01-29	FRN-012	BD-1020	48	33,12 $	Recue
ACH-70229	2025-01-25	2025-02-01	2025-02-20	FRN-012	BD-1007	96	57,14 $	Recue
ACH-70229	2025-01-25	2025-02-01	2025-02-20	FRN-012	BD-1002	240	298,72 $	Recue
ACH-70229	2025-01-25	2025-02-01	2025-02-20	FRN-012	BD-1005	12	208,35 $	Recue
ACH-70230	2025-02-08	2025-02-15	2025-02-15	FRN-012	BD-1018	96	247,17 $	Recue
ACH-70230	2025-02-08	2025-02-15	2025-02-15	FRN-012	BD-1014	36	27,18 $	Recue
ACH-70230	2025-02-08	2025-02-15	2025-02-15	FRN-012	BD-1020	96	33,12 $	Recue
ACH-70231	2025-02-28	2025-03-07	2025-03-07	FRN-012	BD-1018	48	247,17 $	Recue
ACH-70231	2025-02-28	2025-03-07	2025-03-07	FRN-012	BD-1012	36	69,62 $	Recue
ACH-70232	2025-03-11	2025-03-18	2025-03-18	FRN-012	BD-1020	120	33,12 $	Recue
ACH-70232	2025-03-11	2025-03-18	2025-03-18	FRN-012	BD-1005	240	208,35 $	Recue
ACH-70232	2025-03-11	2025-03-18	2025-03-18	FRN-012	BD-1020	12	33,12 $	Recue
ACH-70232	2025-03-11	2025-03-18	2025-03-18	FRN-012	BD-1020	60	33,12 $	Recue
ACH-70232	2025-03-11	2025-03-18	2025-03-18	FRN-012	BD-1014	48	27,18 $	Recue
ACH-70233	2025-03-27	2025-04-03	2025-04-03	FRN-012	BD-1007	96	57,14 $	Recue
ACH-70233	2025-03-27	2025-04-03	2025-04-03	FRN-012	BD-1014	60	27,18 $	Recue
ACH-70234	2025-04-14	2025-04-21	2025-04-21	FRN-012	BD-1002	96	298,72 $	Recue
ACH-70234	2025-04-14	2025-04-21	2025-04-21	FRN-012	BD-1012	96	69,62 $	Recue
ACH-70234	2025-04-14	2025-04-21	2025-04-21	FRN-012	BD-1018	60	247,17 $	Recue
ACH-70235	2025-05-04	2025-05-11	2025-05-11	FRN-012	BD-1014	12	27,18 $	Recue
ACH-70235	2025-05-04	2025-05-11	2025-05-11	FRN-012	BD-1018	36	247,17 $	Recue
ACH-70235	2025-05-04	2025-05-11	2025-05-11	FRN-012	BD-1007	48	57,14 $	Recue
ACH-70235	2025-05-04	2025-05-11	2025-05-11	FRN-012	BD-1018	24	247,17 $	Recue
ACH-70235	2025-05-04	2025-05-11	2025-05-11	FRN-012	BD-1020	60	33,12 $	Recue
ACH-70236	2025-05-14	2025-05-21	2025-05-21	FRN-012	BD-1018	48	247,17 $	Recue
ACH-70236	2025-05-14	2025-05-21	2025-05-21	FRN-012	BD-1007	12	57,14 $	Recue
ACH-70236	2025-05-14	2025-05-21	2025-05-21	FRN-012	BD-1018	36	247,17 $	Recue
ACH-70237	2025-05-27	2025-06-03	2025-06-03	FRN-012	BD-1012	240	69,62 $	Recue
ACH-70237	2025-05-27	2025-06-03	2025-06-03	FRN-012	BD-9005	120	33,12 $	Recue
ACH-70237	2025-05-27	2025-06-03	2025-06-03	FRN-012	BD-1020	36	33,12 $	Recue
ACH-70237	2025-05-27	2025-06-03	2025-06-03	FRN-012	BD-1020	96	33,12 $	Recue
ACH-70238	2025-06-11	2025-06-18	2025-06-22	FRN-012	BD-1015	120	325,38 $	Recue
ACH-70238	2025-06-11	2025-06-18	2025-06-22	FRN-012	BD-1007	96	57,14 $	Recue
ACH-70238	2025-06-11	2025-06-18	2025-06-22	FRN-012	BD-1007	36	57,14 $	Recue
ACH-70238	2025-06-11	2025-06-18	2025-06-22	FRN-012	BD-1002	120	298,72 $	Recue
ACH-70239	2025-06-30	2025-07-07	2025-07-07	FRN-012	BD-1020	240	33,12 $	Recue
ACH-70240	2025-07-20	2025-07-27	2025-08-01	FRN-012	BD-1014	12	27,18 $	Recue
ACH-70240	2025-07-20	2025-07-27	2025-08-01	FRN-012	BD-1012	36	69,62 $	Recue
ACH-70240	2025-07-20	2025-07-27	2025-08-01	FRN-012	BD-1015	240	325,38 $	Recue
ACH-70240	2025-07-20	2025-07-27	2025-08-01	FRN-012	BD-1007	24	57,14 $	Recue
ACH-70240	2025-07-20	2025-07-27	2025-08-01	FRN-012	BD-1020	96	33,12 $	Recue
ACH-70241	2025-08-09	2025-08-16	2025-08-16	FRN-012	BD-1002	36	298,72 $	Recue
ACH-70241	2025-08-09	2025-08-16	2025-08-16	FRN-012	BD-1015	36	325,38 $	Recue
ACH-70241	2025-08-09	2025-08-16	2025-08-16	FRN-012	BD-1020	12	33,12 $	Recue
ACH-70242	2025-08-22	2025-08-29	2025-08-31	FRN-012	BD-1018	12	247,17 $	Recue
ACH-70242	2025-08-22	2025-08-29	2025-08-31	FRN-012	BD-1012	60	69,62 $	Recue
ACH-70242	2025-08-22	2025-08-29	2025-08-31	FRN-012	BD-1007	12	57,14 $	Recue
ACH-70242	2025-08-22	2025-08-29	2025-08-31	FRN-012	BD-1018	96	247,17 $	Recue
ACH-70243	2025-09-03	2025-09-10	2025-09-10	FRN-012	BD-1020	24	33,12 $	Recue
ACH-70243	2025-09-03	2025-09-10	2025-09-10	FRN-012	BD-1005	120	208,35 $	Recue
ACH-70243	2025-09-03	2025-09-10	2025-09-10	FRN-012	BD-1007	36	57,14 $	Recue
ACH-70243	2025-09-03	2025-09-10	2025-09-10	FRN-012	BD-1020	48	33,12 $	Recue
ACH-70244	2025-09-23	2025-09-30	2025-09-30	FRN-012	BD-1018	48	247,17 $	Recue
ACH-70244	2025-09-23	2025-09-30	2025-09-30	FRN-012	BD-1002	120	298,72 $	Recue
ACH-70244	2025-09-23	2025-09-30	2025-09-30	FRN-012	BD-1015	120	325,38 $	Recue
ACH-70244	2025-09-23	2025-09-30	2025-09-30	FRN-012	BD-9715	48	298,72 $	Recue
ACH-70244	2025-09-23	2025-09-30	2025-09-30	FRN-012	BD-1007	24	57,14 $	Recue
ACH-70245	2025-10-10	2025-10-17	2025-10-17	FRN-012	BD-1012	12	69,62 $	Recue
ACH-70245	2025-10-10	2025-10-17	2025-10-17	FRN-012	BD-1015	240	325,38 $	Recue
ACH-70246	2025-10-30	2025-11-06	2025-11-06	FRN-012	BD-1005	48	208,35 $	Recue
ACH-70247	2025-11-10	2025-11-17	2025-11-17	FRN-012	BD-1020	48	33,12 $	Recue
ACH-70248	2025-11-19	2025-11-26	2025-11-26	FRN-012	BD-1002	24	298,72 $	Recue
ACH-70249	2025-12-05	2025-12-12	2025-12-12	FRN-012	BD-1015	36	325,38 $	Recue
ACH-70249	2025-12-05	2025-12-12	2025-12-12	FRN-012	BD-1018	12	247,17 $	Recue
ACH-70249	2025-12-05	2025-12-12	2025-12-12	FRN-012	BD-1020	120	33,12 $	Recue
ACH-70249	2025-12-05	2025-12-12	2025-12-12	FRN-012	BD-1005	60	208,35 $	Recue
ACH-70249	2025-12-05	2025-12-12	2025-12-12	FRN-012	BD-1002	24	298,72 $	Recue
ACH-70250	2025-12-20	2025-12-27		FRN-012	BD-1014	60	27,18 $	En transit
ACH-70250	2025-12-20	2025-12-27		FRN-012	BD-1007	24	57,14 $	En transit
ACH-70251	2024-01-07	2024-01-14	2024-02-08	FRN-013	BD-1126	60	130,29 $	Recue
ACH-70251	2024-01-07	2024-01-14	2024-02-08	FRN-013	BD-1126	240	130,29 $	Recue
ACH-70251	2024-01-07	2024-01-14	2024-02-08	FRN-013	BD-1121	96	43,73 $	Recue
ACH-70251	2024-01-07	2024-01-14	2024-02-08	FRN-013	BD-1112	96	65,64 $	Recue
ACH-70251	2024-01-07	2024-01-14	2024-02-08	FRN-013	BD-1126	12	130,29 $	Recue
ACH-70252	2024-01-24	2024-01-31	2024-01-31	FRN-013	BD-1114	60	149,59 $	Recue
ACH-70252	2024-01-24	2024-01-31	2024-01-31	FRN-013	BD-1114	36	149,59 $	Recue
ACH-70253	2024-02-04	2024-02-11	2024-02-11	FRN-013	BD-1126	36	130,29 $	Recue
ACH-70253	2024-02-04	2024-02-11	2024-02-11	FRN-013	BD-1121	48	43,73 $	Recue
ACH-70253	2024-02-04	2024-02-11	2024-02-11	FRN-013	BD-1112	24	65,64 $	Recue
ACH-70253	2024-02-04	2024-02-11	2024-02-11	FRN-013	BD-1111	36	145,84 $	Recue
ACH-70253	2024-02-04	2024-02-11	2024-02-11	FRN-013	BD-1121	60	43,73 $	Recue
ACH-70254	2024-02-24	2024-03-02	2024-03-05	FRN-013	BD-1126	12	130,29 $	Recue
ACH-70254	2024-02-24	2024-03-02	2024-03-05	FRN-013	BD-1121	96	43,73 $	Recue
ACH-70255	2024-03-14	2024-03-21	2024-03-22	FRN-013	BD-1108	24	166,46 $	Recue
ACH-70255	2024-03-14	2024-03-21	2024-03-22	FRN-013	BD-1112	96	65,64 $	Recue
ACH-70256	2024-03-30	2024-04-06	2024-04-09	FRN-013	BD-1112	240	65,64 $	Recue
ACH-70257	2024-04-14	2024-04-21	2024-04-21	FRN-013	BD-1126	36	130,29 $	Recue
ACH-70257	2024-04-14	2024-04-21	2024-04-21	FRN-013	BD-1121	240	43,73 $	Recue
ACH-70257	2024-04-14	2024-04-21	2024-04-21	FRN-013	BD-1111	96	145,84 $	Recue
ACH-70258	2024-05-01	2024-05-08	2024-05-08	FRN-013	BD-1112	36	65,64 $	Recue
ACH-70258	2024-05-01	2024-05-08	2024-05-08	FRN-013	BD-1108	12	166,46 $	Recue
ACH-70258	2024-05-01	2024-05-08	2024-05-08	FRN-013	BD-1126	12	130,29 $	Recue
ACH-70259	2024-05-18	2024-05-25	2024-05-25	FRN-013	BD-1126	12	130,29 $	Recue
ACH-70259	2024-05-18	2024-05-25	2024-05-25	FRN-013	BD-1108	60	166,46 $	Recue
ACH-70259	2024-05-18	2024-05-25	2024-05-25	FRN-013	BD-1114	36	149,59 $	Recue
ACH-70260	2024-06-01	2024-06-08	2024-06-08	FRN-013	BD-1114	12	149,59 $	Recue
ACH-70260	2024-06-01	2024-06-08	2024-06-08	FRN-013	BD-1114	60	149,59 $	Recue
ACH-70260	2024-06-01	2024-06-08	2024-06-08	FRN-013	BD-1111	60	145,84 $	Recue
ACH-70260	2024-06-01	2024-06-08	2024-06-08	FRN-013	BD-1114	60	149,59 $	Recue
ACH-70260	2024-06-01	2024-06-08	2024-06-08	FRN-013	BD-1121	240	43,73 $	Recue
ACH-70261	2024-06-20	2024-06-27	2024-06-27	FRN-013	BD-1108	36	166,46 $	Recue
ACH-70261	2024-06-20	2024-06-27	2024-06-27	FRN-013	BD-1111	240	145,84 $	Recue
ACH-70261	2024-06-20	2024-06-27	2024-06-27	FRN-013	BD-1121	120	43,73 $	Recue
ACH-70261	2024-06-20	2024-06-27	2024-06-27	FRN-013	BD-1112	24	65,64 $	Recue
ACH-70261	2024-06-20	2024-06-27	2024-06-27	FRN-013	BD-1126	12	130,29 $	Recue
ACH-70262	2024-07-02	2024-07-09	2024-07-09	FRN-013	BD-1108	24	166,46 $	Recue
ACH-70262	2024-07-02	2024-07-09	2024-07-09	FRN-013	BD-1108	120	166,46 $	Recue
ACH-70262	2024-07-02	2024-07-09	2024-07-09	FRN-013	BD-1121	120	43,73 $	Recue
ACH-70262	2024-07-02	2024-07-09	2024-07-09	FRN-013	BD-1121	120	43,73 $	Recue
ACH-70262	2024-07-02	2024-07-09	2024-07-09	FRN-013	BD-1112	36	65,64 $	Recue
ACH-70263	2024-07-22	2024-07-29	2024-07-29	FRN-013	BD-1121	24	43,73 $	Recue
ACH-70263	2024-07-22	2024-07-29	2024-07-29	FRN-013	BD-1108	24	166,46 $	Recue
ACH-70263	2024-07-22	2024-07-29	2024-07-29	FRN-013	BD-1111	36	145,84 $	Recue
ACH-70264	2024-08-04	2024-08-11	2024-08-11	FRN-013	BD-1111	240	145,84 $	Recue
ACH-70264	2024-08-04	2024-08-11	2024-08-11	FRN-013	BD-1126	240	130,29 $	Recue
ACH-70264	2024-08-04	2024-08-11	2024-08-11	FRN-013	BD-1114	36	149,59 $	Recue
ACH-70265	2024-08-14	2024-08-21	2024-08-21	FRN-013	BD-1112	60	65,64 $	Recue
ACH-70266	2024-09-01	2024-09-08	2024-09-08	FRN-013	BD-1126	24	130,29 $	Recue
ACH-70266	2024-09-01	2024-09-08	2024-09-08	FRN-013	BD-1108	240	166,46 $	Recue
ACH-70266	2024-09-01	2024-09-08	2024-09-08	FRN-013	BD-1112	36	65,64 $	Recue
ACH-70266	2024-09-01	2024-09-08	2024-09-08	FRN-013	BD-1112	48	65,64 $	Recue
ACH-70267	2024-09-15	2024-09-22	2024-09-29	FRN-013	BD-1111	12	145,84 $	Recue
ACH-70267	2024-09-15	2024-09-22	2024-09-29	FRN-013	BD-1121	60	43,73 $	Recue
ACH-70267	2024-09-15	2024-09-22	2024-09-29	FRN-013	BD-1121	36	43,73 $	Recue
ACH-70267	2024-09-15	2024-09-22	2024-09-29	FRN-013	BD-1112	240	65,64 $	Recue
ACH-70267	2024-09-15	2024-09-22	2024-09-29	FRN-013	BD-1126	96	130,29 $	Recue
ACH-70268	2024-10-03	2024-10-10	2024-10-10	FRN-013	BD-1126	36	130,29 $	Recue
ACH-70269	2024-10-19	2024-10-26	2024-10-28	FRN-013	BD-1108	48	166,46 $	Recue
ACH-70269	2024-10-19	2024-10-26	2024-10-28	FRN-013	BD-1111	12	145,84 $	Recue
ACH-70269	2024-10-19	2024-10-26	2024-10-28	FRN-013	BD-1111	120	145,84 $	Recue
ACH-70270	2024-11-04	2024-11-11	2024-11-15	FRN-013	BD-1108	48	166,46 $	Recue
ACH-70270	2024-11-04	2024-11-11	2024-11-15	FRN-013	BD-1121	96	43,73 $	Recue
ACH-70270	2024-11-04	2024-11-11	2024-11-15	FRN-013	BD-1111	96	145,84 $	Recue
ACH-70271	2024-11-18	2024-11-25	2024-11-25	FRN-013	BD-1126	-6	130,29 $	Recue
ACH-70272	2024-12-01	2024-12-08	2024-12-08	FRN-013	BD-1126	-24	130,29 $	Recue
ACH-70273	2024-12-18	2024-12-25	2024-12-25	FRN-013	BD-1112	96	65,64 $	Recue
ACH-70273	2024-12-18	2024-12-25	2024-12-25	FRN-013	BD-1108	12	166,46 $	Recue
ACH-70273	2024-12-18	2024-12-25	2024-12-25	FRN-013	BD-1121	48	43,73 $	Recue
ACH-70274	2024-12-27	2025-01-03	2025-01-03	FRN-013	BD-1126	120	130,29 $	Recue
ACH-70274	2024-12-27	2025-01-03	2025-01-03	FRN-013	BD-1111	120	145,84 $	Recue
ACH-70274	2024-12-27	2025-01-03	2025-01-03	FRN-013	BD-1108	24	166,46 $	Recue
ACH-70274	2024-12-27	2025-01-03	2025-01-03	FRN-013	BD-1108	96	166,46 $	Recue
ACH-70275	2025-01-13	2025-01-20	2025-01-20	FRN-013	BD-1108	48	169,96 $	Recue
ACH-70276	2025-01-27	2025-02-03	2025-02-03	FRN-013	BD-1121	48	44,65 $	Recue
ACH-70276	2025-01-27	2025-02-03	2025-02-03	FRN-013	BD-1121	36	44,65 $	Recue
ACH-70276	2025-01-27	2025-02-03	2025-02-03	FRN-013	BD-1108	120	169,96 $	Recue
ACH-70277	2025-02-08	2025-02-15	2025-02-15	FRN-013	BD-1112	48	67,02 $	Recue
ACH-70277	2025-02-08	2025-02-15	2025-02-15	FRN-013	BD-1112	240	67,02 $	Recue
ACH-70277	2025-02-08	2025-02-15	2025-02-15	FRN-013	BD-1114	12	152,73 $	Recue
ACH-70278	2025-02-27	2025-03-06	2025-03-06	FRN-013	BD-1114	120	152,73 $	Recue
ACH-70278	2025-02-27	2025-03-06	2025-03-06	FRN-013	BD-1112	120	67,02 $	Recue
ACH-70278	2025-02-27	2025-03-06	2025-03-06	FRN-013	BD-1126	12	133,03 $	Recue
ACH-70278	2025-02-27	2025-03-06	2025-03-06	FRN-013	BD-1108	36	169,96 $	Recue
ACH-70279	2025-03-18	2025-03-25	2025-03-25	FRN-013	BD-1108	48	169,96 $	Recue
ACH-70279	2025-03-18	2025-03-25	2025-03-25	FRN-013	BD-1108	240	169,96 $	Recue
ACH-70279	2025-03-18	2025-03-25	2025-03-25	FRN-013	BD-1121	-6	44,65 $	Recue
ACH-70279	2025-03-18	2025-03-25	2025-03-25	FRN-013	BD-1126	36	133,03 $	Recue
ACH-70279	2025-03-18	2025-03-25	2025-03-25	FRN-013	BD-1108	48	169,96 $	Recue
ACH-70280	2025-03-28	2025-04-04	2025-04-04	FRN-013	BD-1121	96	44,65 $	Recue
ACH-70280	2025-03-28	2025-04-04	2025-04-04	FRN-013	BD-1126	60	133,03 $	Recue
ACH-70281	2025-04-09	2025-04-16	2025-04-16	FRN-013	BD-1108	120	169,96 $	Recue
ACH-70281	2025-04-09	2025-04-16	2025-04-16	FRN-013	BD-9483	36	67,02 $	Recue
ACH-70281	2025-04-09	2025-04-16	2025-04-16	FRN-013	BD-1114	60	152,73 $	Recue
ACH-70282	2025-04-28	2025-05-05	2025-05-14	FRN-013	BD-1108	48	169,96 $	Recue
ACH-70282	2025-04-28	2025-05-05	2025-05-14	FRN-013	BD-1112	24	67,02 $	Recue
ACH-70283	2025-05-07	2025-05-14	2025-05-14	FRN-013	BD-1108	12	169,96 $	Recue
ACH-70283	2025-05-07	2025-05-14	2025-05-14	FRN-013	BD-1111	12	148,90 $	Recue
ACH-70283	2025-05-07	2025-05-14	2025-05-14	FRN-013	BD-1108	48	169,96 $	Recue
ACH-70284	2025-05-25	2025-06-01	2025-06-01	FRN-013	BD-1121	60	44,65 $	Recue
ACH-70284	2025-05-25	2025-06-01	2025-06-01	FRN-013	BD-1126	12	133,03 $	Recue
ACH-70284	2025-05-25	2025-06-01	2025-06-01	FRN-013	BD-1121	240	44,65 $	Recue
ACH-70284	2025-05-25	2025-06-01	2025-06-01	FRN-013	BD-1111	12	148,90 $	Recue
ACH-70285	2025-06-08	2025-06-15	2025-06-18	FRN-013	BD-1108	60	169,96 $	Recue
ACH-70285	2025-06-08	2025-06-15	2025-06-18	FRN-013	BD-1111	240	148,90 $	Recue
ACH-70285	2025-06-08	2025-06-15	2025-06-18	FRN-013	BD-1108	36	169,96 $	Recue
ACH-70285	2025-06-08	2025-06-15	2025-06-18	FRN-013	BD-1112	120	67,02 $	Recue
ACH-70286	2025-06-19	2025-06-26	2025-06-26	FRN-013	BD-1111	240	148,90 $	Recue
ACH-70286	2025-06-19	2025-06-26	2025-06-26	FRN-013	BD-1126	48	133,03 $	Recue
ACH-70286	2025-06-19	2025-06-26	2025-06-26	FRN-013	BD-1108	12	169,96 $	Recue
ACH-70286	2025-06-19	2025-06-26	2025-06-26	FRN-013	BD-1126	60	133,03 $	Recue
ACH-70287	2025-07-01	2025-07-08	2025-07-08	FRN-013	BD-1121	60	44,65 $	Recue
ACH-70287	2025-07-01	2025-07-08	2025-07-08	FRN-013	BD-1108	48	169,96 $	Recue
ACH-70287	2025-07-01	2025-07-08	2025-07-08	FRN-013	BD-1126	120	133,03 $	Recue
ACH-70287	2025-07-01	2025-07-08	2025-07-08	FRN-013	BD-1121	96	44,65 $	Recue
ACH-70287	2025-07-01	2025-07-08	2025-07-08	FRN-013	BD-1111	96	148,90 $	Recue
ACH-70288	2025-07-14	2025-07-21	2025-07-21	FRN-013	BD-1111	240	148,90 $	Recue
ACH-70288	2025-07-14	2025-07-21	2025-07-21	FRN-013	BD-1108	240	169,96 $	Recue
ACH-70289	2025-08-02	2025-08-09	2025-08-09	FRN-013	BD-1112	48	67,02 $	Recue
ACH-70289	2025-08-02	2025-08-09	2025-08-09	FRN-013	BD-1112	24	67,02 $	Recue
ACH-70290	2025-08-17	2025-08-24	2025-08-26	FRN-013	BD-1114	120	152,73 $	Recue
ACH-70290	2025-08-17	2025-08-24	2025-08-26	FRN-013	BD-1121	96	44,65 $	Recue
ACH-70290	2025-08-17	2025-08-24	2025-08-26	FRN-013	BD-1108	36	169,96 $	Recue
ACH-70290	2025-08-17	2025-08-24	2025-08-26	FRN-013	BD-1112	48	67,02 $	Recue
ACH-70291	2025-08-27	2025-09-03	2025-09-03	FRN-013	BD-1126	36	133,03 $	Recue
ACH-70291	2025-08-27	2025-09-03	2025-09-03	FRN-013	BD-1121	96	44,65 $	Recue
ACH-70291	2025-08-27	2025-09-03	2025-09-03	FRN-013	BD-1111	60	148,90 $	Recue
ACH-70292	2025-09-08	2025-09-15	2025-09-15	FRN-013	BD-1114	12	152,73 $	Recue
ACH-70292	2025-09-08	2025-09-15	2025-09-15	FRN-013	BD-1114	48	152,73 $	Recue
ACH-70293	2025-09-18	2025-09-25	2025-09-25	FRN-013	BD-1121	96	44,65 $	Recue
ACH-70293	2025-09-18	2025-09-25	2025-09-25	FRN-013	BD-1121	24	44,65 $	Recue
ACH-70293	2025-09-18	2025-09-25	2025-09-25	FRN-013	BD-1126	96	133,03 $	Recue
ACH-70293	2025-09-18	2025-09-25	2025-09-25	FRN-013	BD-1111	12	148,90 $	Recue
ACH-70294	2025-10-04	2025-10-11	2025-10-11	FRN-013	BD-1126	36	133,03 $	Recue
ACH-70294	2025-10-04	2025-10-11	2025-10-11	FRN-013	BD-1111	240	148,90 $	Recue
ACH-70294	2025-10-04	2025-10-11	2025-10-11	FRN-013	BD-1126	120	133,03 $	Recue
ACH-70294	2025-10-04	2025-10-11	2025-10-11	FRN-013	BD-1121	24	44,65 $	Recue
ACH-70294	2025-10-04	2025-10-11	2025-10-11	FRN-013	BD-1114	48	152,73 $	Recue
ACH-70295	2025-10-20	2025-10-27	2025-10-27	FRN-013	BD-1108	120	169,96 $	Recue
ACH-70295	2025-10-20	2025-10-27	2025-10-27	FRN-013	BD-1126	60	133,03 $	Recue
ACH-70295	2025-10-20	2025-10-27	2025-10-27	FRN-013	BD-1111	48	148,90 $	Recue
ACH-70296	2025-11-02	2025-11-09	2025-11-09	FRN-013	BD-1112	240	67,02 $	Recue
ACH-70296	2025-11-02	2025-11-09	2025-11-09	FRN-013	BD-1112	96	67,02 $	Recue
ACH-70297	2025-11-14	2025-11-21	2025-11-21	FRN-013	BD-1114	240	152,73 $	Recue
ACH-70297	2025-11-14	2025-11-21	2025-11-21	FRN-013	BD-1121	48	44,65 $	Recue
ACH-70297	2025-11-14	2025-11-21	2025-11-21	FRN-013	BD-1111	12	148,90 $	Recue
ACH-70297	2025-11-14	2025-11-21	2025-11-21	FRN-013	BD-9052	96	133,03 $	Recue
ACH-70298	2025-12-03	2025-12-10	2025-12-10	FRN-013	BD-1111	120	148,90 $	Recue
ACH-70298	2025-12-03	2025-12-10	2025-12-10	FRN-013	BD-1126	12	133,03 $	Recue
ACH-70299	2025-12-22	2025-12-29	2025-12-29	FRN-013	BD-1126	36	133,03 $	Recue
ACH-70300	2024-01-01	2024-01-15	2024-01-15	FRN-014	BD-1127	48	170,72 $	Recue
ACH-70301	2024-01-10	2024-01-24	2024-01-24	FRN-014	BD-1038	120	313,36 $	Recue
ACH-70301	2024-01-10	2024-01-24	2024-01-24	FRN-014	BD-1129	96	45,49 $	Recue
ACH-70301	2024-01-10	2024-01-24	2024-01-24	FRN-014	BD-1160	60	40,71 $	Recue
ACH-70301	2024-01-10	2024-01-24	2024-01-24	FRN-014	BD-1160	36	40,71 $	Recue
ACH-70302	2024-01-25	2024-02-08	2024-02-08	FRN-014	BD-1129	96	45,49 $	Recue
ACH-70302	2024-01-25	2024-02-08	2024-02-08	FRN-014	BD-1139	120	198,93 $	Recue
ACH-70303	2024-02-07	2024-02-21	2024-02-21	FRN-014	BD-1138	96	86,38 $	Recue
ACH-70303	2024-02-07	2024-02-21	2024-02-21	FRN-014	BD-1138	24	86,38 $	Recue
ACH-70303	2024-02-07	2024-02-21	2024-02-21	FRN-014	BD-1049	96	30,58 $	Recue
ACH-70303	2024-02-07	2024-02-21	2024-02-21	FRN-014	BD-1182	12	56,87 $	Recue
ACH-70303	2024-02-07	2024-02-21	2024-02-21	FRN-014	BD-1172	36	216,67 $	Recue
ACH-70304	2024-02-20	2024-03-05	2024-03-05	FRN-014	BD-1172	96	216,67 $	Recue
ACH-70304	2024-02-20	2024-03-05	2024-03-05	FRN-014	BD-1139	120	198,93 $	Recue
ACH-70304	2024-02-20	2024-03-05	2024-03-05	FRN-014	BD-1182	96	56,87 $	Recue
ACH-70305	2024-03-09	2024-03-23	2024-03-23	FRN-014	BD-1038	60	313,36 $	Recue
ACH-70305	2024-03-09	2024-03-23	2024-03-23	FRN-014	BD-1169	12	276,47 $	Recue
ACH-70305	2024-03-09	2024-03-23	2024-03-23	FRN-014	BD-1139	60	198,93 $	Recue
ACH-70306	2024-03-29	2024-04-12	2024-04-12	FRN-014	BD-1181	12	305,97 $	Recue
ACH-70306	2024-03-29	2024-04-12	2024-04-12	FRN-014	BD-1038	12	313,36 $	Recue
ACH-70306	2024-03-29	2024-04-12	2024-04-12	FRN-014	BD-1039	24	119,66 $	Recue
ACH-70307	2024-04-12	2024-04-26	2024-04-26	FRN-014	BD-1037	96	16,31 $	Recue
ACH-70307	2024-04-12	2024-04-26	2024-04-26	FRN-014	BD-1160	36	40,71 $	Recue
ACH-70307	2024-04-12	2024-04-26	2024-04-26	FRN-014	BD-1178	24	116,97 $	Recue
ACH-70307	2024-04-12	2024-04-26	2024-04-26	FRN-014	BD-1182	36	56,87 $	Recue
ACH-70307	2024-04-12	2024-04-26	2024-04-26	FRN-014	BD-1155	24	322,38 $	Recue
ACH-70308	2024-04-26	2024-05-10	2024-05-10	FRN-014	BD-1041	36	159,88 $	Recue
ACH-70308	2024-04-26	2024-05-10	2024-05-10	FRN-014	BD-1049	36	30,58 $	Recue
ACH-70308	2024-04-26	2024-05-10	2024-05-10	FRN-014	BD-1175	60	94,86 $	Recue
ACH-70308	2024-04-26	2024-05-10	2024-05-10	FRN-014	BD-1039	96	119,66 $	Recue
ACH-70309	2024-05-15	2024-05-29	2024-05-29	FRN-014	BD-1045	120	76,76 $	Recue
ACH-70310	2024-05-26	2024-06-09	2024-06-09	FRN-014	BD-1041	240	159,88 $	Recue
ACH-70310	2024-05-26	2024-06-09	2024-06-09	FRN-014	BD-1139	96	198,93 $	Recue
ACH-70310	2024-05-26	2024-06-09	2024-06-09	FRN-014	BD-1039	120	119,66 $	Recue
ACH-70310	2024-05-26	2024-06-09	2024-06-09	FRN-014	BD-1138	60	86,38 $	Recue
ACH-70310	2024-05-26	2024-06-09	2024-06-09	FRN-014	BD-1063	120	242,15 $	Recue
ACH-70311	2024-06-14	2024-06-28	2024-06-28	FRN-014	BD-1039	48	119,66 $	Recue
ACH-70311	2024-06-14	2024-06-28	2024-06-28	FRN-014	BD-1139	36	198,93 $	Recue
ACH-70311	2024-06-14	2024-06-28	2024-06-28	FRN-014	BD-1155	96	322,38 $	Recue
ACH-70311	2024-06-14	2024-06-28	2024-06-28	FRN-014	BD-1160	12	40,71 $	Recue
ACH-70312	2024-06-24	2024-07-08	2024-07-14	FRN-014	BD-1161	60	62,84 $	Recue
ACH-70312	2024-06-24	2024-07-08	2024-07-14	FRN-014	BD-1182	96	56,87 $	Recue
ACH-70312	2024-06-24	2024-07-08	2024-07-14	FRN-014	BD-1155	12	322,38 $	Recue
ACH-70313	2024-07-09	2024-07-23	2024-07-23	FRN-014	BD-1130	60	317,23 $	Recue
ACH-70314	2024-07-22	2024-08-05	2024-08-11	FRN-014	BD-1049	12	30,58 $	Recue
ACH-70314	2024-07-22	2024-08-05	2024-08-11	FRN-014	BD-1171	60	83,70 $	Recue
ACH-70314	2024-07-22	2024-08-05	2024-08-11	FRN-014	BD-9620	24	119,66 $	Recue
ACH-70315	2024-08-09	2024-08-23	2024-08-23	FRN-014	BD-1138	96	86,38 $	Recue
ACH-70315	2024-08-09	2024-08-23	2024-08-23	FRN-014	BD-1181	36	305,97 $	Recue
ACH-70315	2024-08-09	2024-08-23	2024-08-23	FRN-014	BD-1155	24	322,38 $	Recue
ACH-70315	2024-08-09	2024-08-23	2024-08-23	FRN-014	BD-1178	-6	116,97 $	Recue
ACH-70315	2024-08-09	2024-08-23	2024-08-23	FRN-014	BD-1049	36	30,58 $	Recue
ACH-70316	2024-08-20	2024-09-03	2024-09-03	FRN-014	BD-1038	120	313,36 $	Recue
ACH-70316	2024-08-20	2024-09-03	2024-09-03	FRN-014	BD-1127	12	170,72 $	Recue
ACH-70316	2024-08-20	2024-09-03	2024-09-03	FRN-014	BD-1139	120	198,93 $	Recue
ACH-70316	2024-08-20	2024-09-03	2024-09-03	FRN-014	BD-1169	24	276,47 $	Recue
ACH-70317	2024-09-07	2024-09-21	2024-09-23	FRN-014	BD-1181	96	305,97 $	Recue
ACH-70317	2024-09-07	2024-09-21	2024-09-23	FRN-014	BD-1175	12	94,86 $	Recue
ACH-70317	2024-09-07	2024-09-21	2024-09-23	FRN-014	BD-1129	48	45,49 $	Recue
ACH-70317	2024-09-07	2024-09-21	2024-09-23	FRN-014	BD-1182	48	56,87 $	Recue
ACH-70318	2024-09-23	2024-10-07	2024-10-07	FRN-014	BD-1139	12	198,93 $	Recue
ACH-70318	2024-09-23	2024-10-07	2024-10-07	FRN-014	BD-1159	12	166,16 $	Recue
ACH-70319	2024-10-03	2024-10-17	2024-10-17	FRN-014	BD-1178	36	116,97 $	Recue
ACH-70319	2024-10-03	2024-10-17	2024-10-17	FRN-014	BD-1039	12	119,66 $	Recue
ACH-70320	2024-10-21	2024-11-04	2024-11-04	FRN-014	BD-1049	60	30,58 $	Recue
ACH-70320	2024-10-21	2024-11-04	2024-11-04	FRN-014	BD-1172	48	216,67 $	Recue
ACH-70320	2024-10-21	2024-11-04	2024-11-04	FRN-014	BD-1127	36	170,72 $	Recue
ACH-70320	2024-10-21	2024-11-04	2024-11-04	FRN-014	BD-1129	60	45,49 $	Recue
ACH-70321	2024-11-01	2024-11-15	2024-11-17	FRN-014	BD-1037	12	16,31 $	Recue
ACH-70322	2024-11-10	2024-11-24	2024-11-24	FRN-014	BD-1159	12	166,16 $	Recue
ACH-70322	2024-11-10	2024-11-24	2024-11-24	FRN-014	BD-1172	36	216,67 $	Recue
ACH-70322	2024-11-10	2024-11-24	2024-11-24	FRN-014	BD-1039	60	119,66 $	Recue
ACH-70323	2024-11-28	2024-12-12	2024-12-12	FRN-014	BD-1039	36	119,66 $	Recue
ACH-70323	2024-11-28	2024-12-12	2024-12-12	FRN-014	BD-1037	60	16,31 $	Recue
ACH-70324	2024-12-17	2024-12-31	2025-01-07	FRN-014	BD-1049	12	30,58 $	Recue
ACH-70324	2024-12-17	2024-12-31	2025-01-07	FRN-014	BD-1171	36	83,70 $	Recue
ACH-70324	2024-12-17	2024-12-31	2025-01-07	FRN-014	BD-1161	12	62,84 $	Recue
ACH-70324	2024-12-17	2024-12-31	2025-01-07	FRN-014	BD-1138	120	86,38 $	Recue
ACH-70325	2024-12-26	2025-01-09	2025-01-14	FRN-014	BD-1063	60	242,15 $	Recue
ACH-70325	2024-12-26	2025-01-09	2025-01-14	FRN-014	BD-1139	96	198,93 $	Recue
ACH-70325	2024-12-26	2025-01-09	2025-01-14	FRN-014	BD-1171	36	83,70 $	Recue
ACH-70326	2025-01-08	2025-01-22	2025-01-22	FRN-014	BD-1037	96	16,65 $	Recue
ACH-70327	2025-01-20	2025-02-03	2025-02-03	FRN-014	BD-1172	240	221,22 $	Recue
ACH-70327	2025-01-20	2025-02-03	2025-02-03	FRN-014	BD-1037	48	16,65 $	Recue
ACH-70327	2025-01-20	2025-02-03	2025-02-03	FRN-014	BD-1038	120	319,94 $	Recue
ACH-70327	2025-01-20	2025-02-03	2025-02-03	FRN-014	BD-1129	240	46,45 $	Recue
ACH-70328	2025-02-04	2025-02-18	2025-02-18	FRN-014	BD-1175	96	96,85 $	Recue
ACH-70328	2025-02-04	2025-02-18	2025-02-18	FRN-014	BD-1063	240	247,24 $	Recue
ACH-70328	2025-02-04	2025-02-18	2025-02-18	FRN-014	BD-1138	36	88,19 $	Recue
ACH-70328	2025-02-04	2025-02-18	2025-02-18	FRN-014	BD-1171	12	85,46 $	Recue
ACH-70329	2025-02-17	2025-03-03	2025-03-03	FRN-014	BD-1139	120	203,11 $	Recue
ACH-70329	2025-02-17	2025-03-03	2025-03-03	FRN-014	BD-1175	96	96,85 $	Recue
ACH-70330	2025-03-03	2025-03-17	2025-03-17	FRN-014	BD-1178	24	119,43 $	Recue
ACH-70330	2025-03-03	2025-03-17	2025-03-17	FRN-014	BD-1138	12	88,19 $	Recue
ACH-70330	2025-03-03	2025-03-17	2025-03-17	FRN-014	BD-1037	24	16,65 $	Recue
ACH-70331	2025-03-16	2025-03-30	2025-03-30	FRN-014	BD-1161	36	64,16 $	Recue
ACH-70331	2025-03-16	2025-03-30	2025-03-30	FRN-014	BD-1053	36	180,55 $	Recue
ACH-70332	2025-03-25	2025-04-08	2025-04-08	FRN-014	BD-1171	120	85,46 $	Recue
ACH-70332	2025-03-25	2025-04-08	2025-04-08	FRN-014	BD-1039	60	122,17 $	Recue
ACH-70332	2025-03-25	2025-04-08	2025-04-08	FRN-014	BD-1182	240	58,06 $	Recue
ACH-70332	2025-03-25	2025-04-08	2025-04-08	FRN-014	BD-1039	120	122,17 $	Recue
ACH-70332	2025-03-25	2025-04-08	2025-04-08	FRN-014	BD-1169	240	282,28 $	Recue
ACH-70333	2025-04-09	2025-04-23	2025-04-23	FRN-014	BD-1175	60	96,85 $	Recue
ACH-70333	2025-04-09	2025-04-23	2025-04-23	FRN-014	BD-1063	120	247,24 $	Recue
ACH-70333	2025-04-09	2025-04-23	2025-04-23	FRN-014	BD-1038	24	319,94 $	Recue
ACH-70333	2025-04-09	2025-04-23	2025-04-23	FRN-014	BD-1129	240	46,45 $	Recue
ACH-70333	2025-04-09	2025-04-23	2025-04-23	FRN-014	BD-1182	36	58,06 $	Recue
ACH-70334	2025-04-26	2025-05-10	2025-05-10	FRN-014	BD-1038	96	319,94 $	Recue
ACH-70335	2025-05-11	2025-05-25	2025-05-25	FRN-014	BD-1160	48	41,56 $	Recue
ACH-70335	2025-05-11	2025-05-25	2025-05-25	FRN-014	BD-1053	96	180,55 $	Recue
ACH-70336	2025-05-21	2025-06-04	2025-06-09	FRN-014	BD-1181	36	312,40 $	Recue
ACH-70336	2025-05-21	2025-06-04	2025-06-09	FRN-014	BD-1159	12	169,65 $	Recue
ACH-70336	2025-05-21	2025-06-04	2025-06-09	FRN-014	BD-1181	60	312,40 $	Recue
ACH-70336	2025-05-21	2025-06-04	2025-06-09	FRN-014	BD-1037	60	16,65 $	Recue
ACH-70337	2025-05-31	2025-06-14	2025-06-14	FRN-014	BD-1038	-12	319,94 $	Recue
ACH-70337	2025-05-31	2025-06-14	2025-06-14	FRN-014	BD-1127	120	174,31 $	Recue
ACH-70337	2025-05-31	2025-06-14	2025-06-14	FRN-014	BD-1171	24	85,46 $	Recue
ACH-70338	2025-06-12	2025-06-26	2025-06-26	FRN-014	BD-1181	48	312,40 $	Recue
ACH-70339	2025-06-28	2025-07-12	2025-07-18	FRN-014	BD-1037	240	16,65 $	Recue
ACH-70340	2025-07-07	2025-07-21	2025-08-07	FRN-014	BD-1129	120	46,45 $	Recue
ACH-70340	2025-07-07	2025-07-21	2025-08-07	FRN-014	BD-1130	24	323,89 $	Recue
ACH-70340	2025-07-07	2025-07-21	2025-08-07	FRN-014	BD-1053	12	180,55 $	Recue
ACH-70341	2025-07-25	2025-08-08	2025-08-08	FRN-014	BD-1063	120	247,24 $	Recue
ACH-70341	2025-07-25	2025-08-08	2025-08-08	FRN-014	BD-1182	120	58,06 $	Recue
ACH-70341	2025-07-25	2025-08-08	2025-08-08	FRN-014	BD-1049	-15	31,22 $	Recue
ACH-70342	2025-08-12	2025-08-26	2025-08-26	FRN-014	BD-1171	120	85,46 $	Recue
ACH-70342	2025-08-12	2025-08-26	2025-08-26	FRN-014	BD-1127	96	174,31 $	Recue
ACH-70343	2025-08-24	2025-09-07	2025-09-07	FRN-014	BD-1037	36	16,65 $	Recue
ACH-70343	2025-08-24	2025-09-07	2025-09-07	FRN-014	BD-1130	36	323,89 $	Recue
ACH-70343	2025-08-24	2025-09-07	2025-09-07	FRN-014	BD-1038	24	319,94 $	Recue
ACH-70344	2025-09-07	2025-09-21	2025-09-26	FRN-014	BD-1053	24	180,55 $	Recue
ACH-70345	2025-09-19	2025-10-03	2025-10-06	FRN-014	BD-1172	24	221,22 $	Recue
ACH-70345	2025-09-19	2025-10-03	2025-10-06	FRN-014	BD-1039	120	122,17 $	Recue
ACH-70346	2025-10-08	2025-10-22	2025-10-22	FRN-014	BD-1171	240	85,46 $	Recue
ACH-70347	2025-10-23	2025-11-06	2025-11-06	FRN-014	BD-1182	24	58,06 $	Recue
ACH-70347	2025-10-23	2025-11-06	2025-11-06	FRN-014	BD-1045	240	78,37 $	Recue
ACH-70348	2025-11-01	2025-11-15	2025-11-15	FRN-014	BD-1139	240	203,11 $	Recue
ACH-70349	2025-11-18	2025-12-02	2025-12-02	FRN-014	BD-1181	60	312,40 $	Recue
ACH-70350	2025-12-06	2025-12-20	2025-12-20	FRN-014	BD-1045	96	78,37 $	Recue
ACH-70350	2025-12-06	2025-12-20	2025-12-20	FRN-014	BD-1129	96	46,45 $	Recue
ACH-70350	2025-12-06	2025-12-20	2025-12-20	FRN-014	BD-1178	48	119,43 $	Recue
ACH-70350	2025-12-06	2025-12-20	2025-12-20	FRN-014	BD-1178	120	119,43 $	Recue
ACH-70351	2025-12-20	2026-01-03		FRN-014	BD-1172	240	221,22 $	En transit
ACH-70351	2025-12-20	2026-01-03		FRN-014	BD-1171	36	85,46 $	En transit
ACH-70351	2025-12-20	2026-01-03		FRN-014	BD-1053	48	180,55 $	En transit
ACH-70351	2025-12-20	2026-01-03		FRN-014	BD-1182	60	58,06 $	En transit
ACH-70352	2025-12-30	2026-01-13		FRN-014	BD-1181	12	312,40 $	En transit
ACH-70352	2025-12-30	2026-01-13		FRN-014	BD-1138	120	88,19 $	En transit
ACH-70353	2024-01-20	2024-03-05	2024-03-05	FRN-015	BD-1028	240	140,77 $	Recue
ACH-70353	2024-01-20	2024-03-05	2024-03-05	FRN-015	BD-1152	24	265,82 $	Recue
ACH-70353	2024-01-20	2024-03-05	2024-03-05	FRN-015	BD-1153	36	113,61 $	Recue
ACH-70354	2024-02-01	2024-03-17	2024-03-17	FRN-015	BD-1136	120	110,14 $	Recue
ACH-70354	2024-02-01	2024-03-17	2024-03-17	FRN-015	BD-1149	24	108,85 $	Recue
ACH-70354	2024-02-01	2024-03-17	2024-03-17	FRN-015	BD-1131	120	36,32 $	Recue
ACH-70354	2024-02-01	2024-03-17	2024-03-17	FRN-015	BD-1141	240	307,78 $	Recue
ACH-70355	2024-02-13	2024-03-29	2024-03-29	FRN-015	BD-1141	96	307,78 $	Recue
ACH-70355	2024-02-13	2024-03-29	2024-03-29	FRN-015	BD-1143	60	215,92 $	Recue
ACH-70355	2024-02-13	2024-03-29	2024-03-29	FRN-015	BD-9433	120	296,06 $	Recue
ACH-70355	2024-02-13	2024-03-29	2024-03-29	FRN-015	BD-1150	48	339,92 $	Recue
ACH-70355	2024-02-13	2024-03-29	2024-03-29	FRN-015	BD-1153	12	113,61 $	Recue
ACH-70356	2024-03-03	2024-04-17	2024-04-17	FRN-015	BD-1148	24	296,06 $	Recue
ACH-70356	2024-03-03	2024-04-17	2024-04-17	FRN-015	BD-1142	-60	98,85 $	Recue
ACH-70356	2024-03-03	2024-04-17	2024-04-17	FRN-015	BD-1141	96	307,78 $	Recue
ACH-70356	2024-03-03	2024-04-17	2024-04-17	FRN-015	BD-1141	12	307,78 $	Recue
ACH-70357	2024-03-23	2024-05-07	2024-05-07	FRN-015	BD-1133	48	61,66 $	Recue
ACH-70357	2024-03-23	2024-05-07	2024-05-07	FRN-015	BD-1131	240	36,32 $	Recue
ACH-70357	2024-03-23	2024-05-07	2024-05-07	FRN-015	BD-1150	240	339,92 $	Recue
ACH-70357	2024-03-23	2024-05-07	2024-05-07	FRN-015	BD-1010	12	87,08 $	Recue
ACH-70358	2024-04-06	2024-05-21	2024-05-21	FRN-015	BD-1154	240	323,13 $	Recue
ACH-70358	2024-04-06	2024-05-21	2024-05-21	FRN-015	BD-1141	120	307,78 $	Recue
ACH-70358	2024-04-06	2024-05-21	2024-05-21	FRN-015	BD-1136	48	110,14 $	Recue
ACH-70358	2024-04-06	2024-05-21	2024-05-21	FRN-015	BD-1017	36	307,26 $	Recue
ACH-70359	2024-04-21	2024-06-05	2024-06-05	FRN-015	BD-1149	60	108,85 $	Recue
ACH-70359	2024-04-21	2024-06-05	2024-06-05	FRN-015	BD-1148	48	296,06 $	Recue
ACH-70359	2024-04-21	2024-06-05	2024-06-05	FRN-015	BD-1142	48	98,85 $	Recue
ACH-70360	2024-05-05	2024-06-19	2024-07-09	FRN-015	BD-1150	12	339,92 $	Recue
ACH-70361	2024-05-24	2024-07-08	2024-07-08	FRN-015	BD-1141	240	307,78 $	Recue
ACH-70361	2024-05-24	2024-07-08	2024-07-08	FRN-015	BD-1017	240	307,26 $	Recue
ACH-70361	2024-05-24	2024-07-08	2024-07-08	FRN-015	BD-1148	240	296,06 $	Recue
ACH-70361	2024-05-24	2024-07-08	2024-07-08	FRN-015	BD-1149	60	108,85 $	Recue
ACH-70362	2024-06-09	2024-07-24	2024-07-24	FRN-015	BD-1136	96	110,14 $	Recue
ACH-70362	2024-06-09	2024-07-24	2024-07-24	FRN-015	BD-1152	48	265,82 $	Recue
ACH-70362	2024-06-09	2024-07-24	2024-07-24	FRN-015	BD-1153	96	113,61 $	Recue
ACH-70362	2024-06-09	2024-07-24	2024-07-24	FRN-015	BD-1148	96	296,06 $	Recue
ACH-70363	2024-06-29	2024-08-13	2024-08-13	FRN-015	BD-1148	60	296,06 $	Recue
ACH-70363	2024-06-29	2024-08-13	2024-08-13	FRN-015	BD-1148	48	296,06 $	Recue
ACH-70363	2024-06-29	2024-08-13	2024-08-13	FRN-015	BD-1017	24	307,26 $	Recue
ACH-70363	2024-06-29	2024-08-13	2024-08-13	FRN-015	BD-1136	60	110,14 $	Recue
ACH-70363	2024-06-29	2024-08-13	2024-08-13	FRN-015	BD-1152	240	265,82 $	Recue
ACH-70364	2024-07-17	2024-08-31	2024-08-31	FRN-015	BD-1133	12	61,66 $	Recue
ACH-70364	2024-07-17	2024-08-31	2024-08-31	FRN-015	BD-1143	36	215,92 $	Recue
ACH-70364	2024-07-17	2024-08-31	2024-08-31	FRN-015	BD-1152	96	265,82 $	Recue
ACH-70365	2024-08-06	2024-09-20	2024-09-20	FRN-015	BD-1148	48	296,06 $	Recue
ACH-70365	2024-08-06	2024-09-20	2024-09-20	FRN-015	BD-1149	36	108,85 $	Recue
ACH-70365	2024-08-06	2024-09-20	2024-09-20	FRN-015	BD-1153	60	113,61 $	Recue
ACH-70366	2024-08-16	2024-09-30	2024-09-30	FRN-015	BD-1010	24	87,08 $	Recue
ACH-70366	2024-08-16	2024-09-30	2024-09-30	FRN-015	BD-1153	24	113,61 $	Recue
ACH-70366	2024-08-16	2024-09-30	2024-09-30	FRN-015	BD-1024	120	185,46 $	Recue
ACH-70366	2024-08-16	2024-09-30	2024-09-30	FRN-015	BD-1152	48	265,82 $	Recue
ACH-70366	2024-08-16	2024-09-30	2024-09-30	FRN-015	BD-1017	12	307,26 $	Recue
ACH-70367	2024-08-25	2024-10-09	2024-10-09	FRN-015	BD-1133	60	61,66 $	Recue
ACH-70367	2024-08-25	2024-10-09	2024-10-09	FRN-015	BD-1017	60	307,26 $	Recue
ACH-70367	2024-08-25	2024-10-09	2024-10-09	FRN-015	BD-1136	96	110,14 $	Recue
ACH-70367	2024-08-25	2024-10-09	2024-10-09	FRN-015	BD-1142	24	98,85 $	Recue
ACH-70368	2024-09-12	2024-10-27	2024-10-27	FRN-015	BD-1136	24	110,14 $	Recue
ACH-70368	2024-09-12	2024-10-27	2024-10-27	FRN-015	BD-1141	240	307,78 $	Recue
ACH-70369	2024-09-25	2024-11-09	2024-11-09	FRN-015	BD-9172	240	66,28 $	Recue
ACH-70370	2024-10-13	2024-11-27	2024-11-27	FRN-015	BD-1136	240	110,14 $	Recue
ACH-70370	2024-10-13	2024-11-27	2024-11-27	FRN-015	BD-1154	60	323,13 $	Recue
ACH-70370	2024-10-13	2024-11-27	2024-11-27	FRN-015	BD-1131	96	36,32 $	Recue
ACH-70371	2024-10-22	2024-12-06	2024-12-06	FRN-015	BD-1028	36	140,77 $	Recue
ACH-70371	2024-10-22	2024-12-06	2024-12-06	FRN-015	BD-1150	96	339,92 $	Recue
ACH-70371	2024-10-22	2024-12-06	2024-12-06	FRN-015	BD-1024	96	185,46 $	Recue
ACH-70372	2024-11-04	2024-12-19	2024-12-19	FRN-015	BD-1024	60	185,46 $	Recue
ACH-70372	2024-11-04	2024-12-19	2024-12-19	FRN-015	BD-1131	24	36,32 $	Recue
ACH-70372	2024-11-04	2024-12-19	2024-12-19	FRN-015	BD-1017	24	307,26 $	Recue
ACH-70372	2024-11-04	2024-12-19	2024-12-19	FRN-015	BD-1150	36	339,92 $	Recue
ACH-70372	2024-11-04	2024-12-19	2024-12-19	FRN-015	BD-1143	120	215,92 $	Recue
ACH-70373	2024-11-14	2024-12-29	2024-12-29	FRN-015	BD-1149	48	108,85 $	Recue
ACH-70374	2024-11-30	2025-01-14	2025-01-14	FRN-015	BD-1136	36	110,14 $	Recue
ACH-70374	2024-11-30	2025-01-14	2025-01-14	FRN-015	BD-1154	96	323,13 $	Recue
ACH-70375	2024-12-11	2025-01-25	2025-01-25	FRN-015	BD-1154	120	323,13 $	Recue
ACH-70375	2024-12-11	2025-01-25	2025-01-25	FRN-015	BD-1149	36	108,85 $	Recue
ACH-70376	2024-12-22	2025-02-05	2025-02-07	FRN-015	BD-1148	120	296,06 $	Recue
ACH-70376	2024-12-22	2025-02-05	2025-02-07	FRN-015	BD-1152	60	265,82 $	Recue
ACH-70377	2025-01-01	2025-02-15	2025-02-15	FRN-015	BD-1141	36	314,24 $	Recue
ACH-70377	2025-01-01	2025-02-15	2025-02-15	FRN-015	BD-1148	48	302,28 $	Recue
ACH-70377	2025-01-01	2025-02-15	2025-02-15	FRN-015	BD-1133	60	62,95 $	Recue
ACH-70377	2025-01-01	2025-02-15	2025-02-15	FRN-015	BD-1154	48	329,92 $	Recue
ACH-70377	2025-01-01	2025-02-15	2025-02-15	FRN-015	BD-1141	60	314,24 $	Recue
ACH-70378	2025-01-10	2025-02-24	2025-02-24	FRN-015	BD-1150	36	347,06 $	Recue
ACH-70378	2025-01-10	2025-02-24	2025-02-24	FRN-015	BD-1133	120	62,95 $	Recue
ACH-70378	2025-01-10	2025-02-24	2025-02-24	FRN-015	BD-1010	36	88,91 $	Recue
ACH-70378	2025-01-10	2025-02-24	2025-02-24	FRN-015	BD-1131	24	37,08 $	Recue
ACH-70378	2025-01-10	2025-02-24	2025-02-24	FRN-015	BD-1153	120	116,00 $	Recue
ACH-70379	2025-01-23	2025-03-09	2025-03-09	FRN-015	BD-1149	96	111,14 $	Recue
ACH-70380	2025-02-09	2025-03-26	2025-03-26	FRN-015	BD-1009	48	67,67 $	Recue
ACH-70381	2025-02-20	2025-04-06	2025-04-18	FRN-015	BD-1143	60	220,45 $	Recue
ACH-70382	2025-03-01	2025-04-15	2025-04-15	FRN-015	BD-1143	96	220,45 $	Recue
ACH-70382	2025-03-01	2025-04-15	2025-04-15	FRN-015	BD-1136	-24	112,45 $	Recue
ACH-70382	2025-03-01	2025-04-15	2025-04-15	FRN-015	BD-1009	120	67,67 $	Recue
ACH-70382	2025-03-01	2025-04-15	2025-04-15	FRN-015	BD-1017	60	313,71 $	Recue
ACH-70382	2025-03-01	2025-04-15	2025-04-15	FRN-015	BD-1148	240	302,28 $	Recue
ACH-70383	2025-03-21	2025-05-05	2025-05-05	FRN-015	BD-1142	120	100,93 $	Recue
ACH-70383	2025-03-21	2025-05-05	2025-05-05	FRN-015	BD-1150	48	347,06 $	Recue
ACH-70384	2025-04-09	2025-05-24	2025-05-24	FRN-015	BD-1141	96	314,24 $	Recue
ACH-70384	2025-04-09	2025-05-24	2025-05-24	FRN-015	BD-1010	36	88,91 $	Recue
ACH-70385	2025-04-24	2025-06-08	2025-06-08	FRN-015	BD-1154	24	329,92 $	Recue
ACH-70386	2025-05-07	2025-06-21	2025-06-21	FRN-015	BD-1028	60	143,73 $	Recue
ACH-70386	2025-05-07	2025-06-21	2025-06-21	FRN-015	BD-1148	36	302,28 $	Recue
ACH-70386	2025-05-07	2025-06-21	2025-06-21	FRN-015	BD-1028	12	143,73 $	Recue
ACH-70386	2025-05-07	2025-06-21	2025-06-21	FRN-015	BD-1152	36	271,40 $	Recue
ACH-70386	2025-05-07	2025-06-21	2025-06-21	FRN-015	BD-1141	96	314,24 $	Recue
ACH-70387	2025-05-19	2025-07-03	2025-07-03	FRN-015	BD-1131	24	37,08 $	Recue
ACH-70388	2025-06-08	2025-07-23	2025-07-23	FRN-015	BD-1010	240	88,91 $	Recue
ACH-70388	2025-06-08	2025-07-23	2025-07-23	FRN-015	BD-1148	96	302,28 $	Recue
ACH-70389	2025-06-17	2025-08-01	2025-08-01	FRN-015	BD-1133	24	62,95 $	Recue
ACH-70389	2025-06-17	2025-08-01	2025-08-01	FRN-015	BD-1133	120	62,95 $	Recue
ACH-70389	2025-06-17	2025-08-01	2025-08-01	FRN-015	BD-1133	36	62,95 $	Recue
ACH-70389	2025-06-17	2025-08-01	2025-08-01	FRN-015	BD-1150	120	347,06 $	Recue
ACH-70389	2025-06-17	2025-08-01	2025-08-01	FRN-015	BD-1017	96	313,71 $	Recue
ACH-70390	2025-07-06	2025-08-20	2025-08-20	FRN-015	BD-1142	120	100,93 $	Recue
ACH-70390	2025-07-06	2025-08-20	2025-08-20	FRN-015	BD-1133	12	62,95 $	Recue
ACH-70391	2025-07-26	2025-09-09	2025-09-09	FRN-015	BD-1131	24	37,08 $	Recue
ACH-70391	2025-07-26	2025-09-09	2025-09-09	FRN-015	BD-1009	60	67,67 $	Recue
ACH-70392	2025-08-13	2025-09-27	2025-09-27	FRN-015	BD-1009	12	67,67 $	Recue
ACH-70392	2025-08-13	2025-09-27	2025-09-27	FRN-015	BD-1153	60	116,00 $	Recue
ACH-70392	2025-08-13	2025-09-27	2025-09-27	FRN-015	BD-1136	24	112,45 $	Recue
ACH-70393	2025-08-23	2025-10-07	2025-10-07	FRN-015	BD-1024	12	189,35 $	Recue
ACH-70393	2025-08-23	2025-10-07	2025-10-07	FRN-015	BD-1028	60	143,73 $	Recue
ACH-70394	2025-09-05	2025-10-20	2025-10-20	FRN-015	BD-1009	24	67,67 $	Recue
ACH-70394	2025-09-05	2025-10-20	2025-10-20	FRN-015	BD-1142	120	100,93 $	Recue
ACH-70394	2025-09-05	2025-10-20	2025-10-20	FRN-015	BD-1136	36	112,45 $	Recue
ACH-70394	2025-09-05	2025-10-20	2025-10-20	FRN-015	BD-1153	36	116,00 $	Recue
ACH-70395	2025-09-19	2025-11-03	2025-11-03	FRN-015	BD-1136	36	112,45 $	Recue
ACH-70395	2025-09-19	2025-11-03	2025-11-03	FRN-015	BD-1010	12	88,91 $	Recue
ACH-70395	2025-09-19	2025-11-03	2025-11-03	FRN-015	BD-1133	48	62,95 $	Recue
ACH-70395	2025-09-19	2025-11-03	2025-11-03	FRN-015	BD-1028	12	143,73 $	Recue
ACH-70395	2025-09-19	2025-11-03	2025-11-03	FRN-015	BD-1010	60	88,91 $	Recue
ACH-70396	2025-10-02	2025-11-16	2025-11-21	FRN-015	BD-1154	120	329,92 $	Recue
ACH-70396	2025-10-02	2025-11-16	2025-11-21	FRN-015	BD-1153	12	116,00 $	Recue
ACH-70397	2025-10-12	2025-11-26	2025-11-26	FRN-015	BD-1142	60	100,93 $	Recue
ACH-70398	2025-10-23	2025-12-07	2025-12-07	FRN-015	BD-1154	36	329,92 $	Recue
ACH-70399	2025-11-12	2025-12-27	2025-12-27	FRN-015	BD-1136	48	112,45 $	Recue
ACH-70399	2025-11-12	2025-12-27	2025-12-27	FRN-015	BD-1153	96	116,00 $	Recue
ACH-70399	2025-11-12	2025-12-27	2025-12-27	FRN-015	BD-1141	36	314,24 $	Recue
ACH-70400	2025-12-01	2026-01-15		FRN-015	BD-1028	96	143,73 $	En transit
ACH-70400	2025-12-01	2026-01-15		FRN-015	BD-1141	60	314,24 $	En transit
ACH-70401	2025-12-10	2026-01-24		FRN-015	BD-1009	12	67,67 $	En transit
ACH-70401	2025-12-10	2026-01-24		FRN-015	BD-1017	12	313,71 $	En transit
ACH-70401	2025-12-10	2026-01-24		FRN-015	BD-1133	240	62,95 $	En transit
ACH-70401	2025-12-10	2026-01-24		FRN-015	BD-1009	240	67,67 $	En transit
ACH-70402	2025-12-24	2026-02-07		FRN-015	BD-1153	240	116,00 $	En transit
ACH-70402	2025-12-24	2026-02-07		FRN-015	BD-1149	120	111,14 $	En transit
ACH-70403	2024-01-17	2024-01-27	2024-01-27	FRN-016	BD-1128	-24	77,25 $	Recue
ACH-70403	2024-01-17	2024-01-27	2024-01-27	FRN-016	BD-1151	96	90,35 $	Recue
ACH-70403	2024-01-17	2024-01-27	2024-01-27	FRN-016	BD-1144	60	96,31 $	Recue
ACH-70403	2024-01-17	2024-01-27	2024-01-27	FRN-016	BD-1132	24	125,81 $	Recue
ACH-70404	2024-02-06	2024-02-16	2024-02-16	FRN-016	BD-1132	36	125,81 $	Recue
ACH-70404	2024-02-06	2024-02-16	2024-02-16	FRN-016	BD-1156	96	161,25 $	Recue
ACH-70404	2024-02-06	2024-02-16	2024-02-16	FRN-016	BD-1151	48	90,35 $	Recue
ACH-70404	2024-02-06	2024-02-16	2024-02-16	FRN-016	BD-1147	24	339,78 $	Recue
ACH-70404	2024-02-06	2024-02-16	2024-02-16	FRN-016	BD-1156	96	161,25 $	Recue
ACH-70405	2024-02-23	2024-03-04	2024-03-10	FRN-016	BD-1128	120	77,25 $	Recue
ACH-70405	2024-02-23	2024-03-04	2024-03-10	FRN-016	BD-1146	48	220,88 $	Recue
ACH-70405	2024-02-23	2024-03-04	2024-03-10	FRN-016	BD-1146	24	220,88 $	Recue
ACH-70406	2024-03-10	2024-03-20	2024-03-20	FRN-016	BD-1134	48	60,50 $	Recue
ACH-70406	2024-03-10	2024-03-20	2024-03-20	FRN-016	BD-1147	96	339,78 $	Recue
ACH-70407	2024-03-19	2024-03-29	2024-03-29	FRN-016	BD-1140	240	40,41 $	Recue
ACH-70408	2024-03-28	2024-04-07	2024-04-07	FRN-016	BD-1144	24	96,31 $	Recue
ACH-70408	2024-03-28	2024-04-07	2024-04-07	FRN-016	BD-1140	12	40,41 $	Recue
ACH-70408	2024-03-28	2024-04-07	2024-04-07	FRN-016	BD-1134	120	60,50 $	Recue
ACH-70408	2024-03-28	2024-04-07	2024-04-07	FRN-016	BD-1128	24	77,25 $	Recue
ACH-70409	2024-04-08	2024-04-18	2024-04-23	FRN-016	BD-1151	12	90,35 $	Recue
ACH-70409	2024-04-08	2024-04-18	2024-04-23	FRN-016	BD-1146	36	220,88 $	Recue
ACH-70410	2024-04-22	2024-05-02	2024-05-02	FRN-016	BD-1137	-24	25,06 $	Recue
ACH-70410	2024-04-22	2024-05-02	2024-05-02	FRN-016	BD-1137	120	25,06 $	Recue
ACH-70410	2024-04-22	2024-05-02	2024-05-02	FRN-016	BD-1137	96	25,06 $	Recue
ACH-70411	2024-05-09	2024-05-19	2024-05-19	FRN-016	BD-1132	48	125,81 $	Recue
ACH-70411	2024-05-09	2024-05-19	2024-05-19	FRN-016	BD-1134	60	60,50 $	Recue
ACH-70412	2024-05-18	2024-05-28	2024-05-28	FRN-016	BD-1134	96	60,50 $	Recue
ACH-70412	2024-05-18	2024-05-28	2024-05-28	FRN-016	BD-1135	96	39,89 $	Recue
ACH-70413	2024-06-03	2024-06-13	2024-06-17	FRN-016	BD-1144	96	96,31 $	Recue
ACH-70414	2024-06-20	2024-06-30	2024-07-02	FRN-016	BD-1140	48	40,41 $	Recue
ACH-70414	2024-06-20	2024-06-30	2024-07-02	FRN-016	BD-1135	36	39,89 $	Recue
ACH-70414	2024-06-20	2024-06-30	2024-07-02	FRN-016	BD-1137	36	25,06 $	Recue
ACH-70414	2024-06-20	2024-06-30	2024-07-02	FRN-016	BD-1145	12	108,83 $	Recue
ACH-70414	2024-06-20	2024-06-30	2024-07-02	FRN-016	BD-1147	60	339,78 $	Recue
ACH-70415	2024-07-03	2024-07-13	2024-07-13	FRN-016	BD-1132	60	125,81 $	Recue
ACH-70415	2024-07-03	2024-07-13	2024-07-13	FRN-016	BD-1132	36	125,81 $	Recue
ACH-70415	2024-07-03	2024-07-13	2024-07-13	FRN-016	BD-1134	240	60,50 $	Recue
ACH-70416	2024-07-22	2024-08-01	2024-08-01	FRN-016	BD-1156	24	161,25 $	Recue
ACH-70416	2024-07-22	2024-08-01	2024-08-01	FRN-016	BD-1146	96	220,88 $	Recue
ACH-70416	2024-07-22	2024-08-01	2024-08-01	FRN-016	BD-1145	24	108,83 $	Recue
ACH-70416	2024-07-22	2024-08-01	2024-08-01	FRN-016	BD-1128	24	77,25 $	Recue
ACH-70416	2024-07-22	2024-08-01	2024-08-01	FRN-016	BD-1151	48	90,35 $	Recue
ACH-70417	2024-07-31	2024-08-10	2024-08-10	FRN-016	BD-1156	48	161,25 $	Recue
ACH-70417	2024-07-31	2024-08-10	2024-08-10	FRN-016	BD-1137	24	25,06 $	Recue
ACH-70418	2024-08-09	2024-08-19	2024-08-20	FRN-016	BD-1140	48	40,41 $	Recue
ACH-70418	2024-08-09	2024-08-19	2024-08-20	FRN-016	BD-1132	24	125,81 $	Recue
ACH-70418	2024-08-09	2024-08-19	2024-08-20	FRN-016	BD-1156	96	161,25 $	Recue
ACH-70418	2024-08-09	2024-08-19	2024-08-20	FRN-016	BD-1147	240	339,78 $	Recue
ACH-70419	2024-08-29	2024-09-08	2024-09-08	FRN-016	BD-1156	240	161,25 $	Recue
ACH-70419	2024-08-29	2024-09-08	2024-09-08	FRN-016	BD-1140	48	40,41 $	Recue
ACH-70420	2024-09-07	2024-09-17	2024-09-17	FRN-016	BD-1144	12	96,31 $	Recue
ACH-70420	2024-09-07	2024-09-17	2024-09-17	FRN-016	BD-1146	12	220,88 $	Recue
ACH-70420	2024-09-07	2024-09-17	2024-09-17	FRN-016	BD-1137	120	25,06 $	Recue
ACH-70421	2024-09-19	2024-09-29	2024-10-17	FRN-016	BD-1137	24	25,06 $	Recue
ACH-70421	2024-09-19	2024-09-29	2024-10-17	FRN-016	BD-1147	36	339,78 $	Recue
ACH-70421	2024-09-19	2024-09-29	2024-10-17	FRN-016	BD-1134	240	60,50 $	Recue
ACH-70421	2024-09-19	2024-09-29	2024-10-17	FRN-016	BD-1144	12	96,31 $	Recue
ACH-70421	2024-09-19	2024-09-29	2024-10-17	FRN-016	BD-1128	48	77,25 $	Recue
ACH-70422	2024-09-30	2024-10-10	2024-10-10	FRN-016	BD-1128	240	77,25 $	Recue
ACH-70422	2024-09-30	2024-10-10	2024-10-10	FRN-016	BD-1140	96	40,41 $	Recue
ACH-70422	2024-09-30	2024-10-10	2024-10-10	FRN-016	BD-1147	60	339,78 $	Recue
ACH-70422	2024-09-30	2024-10-10	2024-10-10	FRN-016	BD-1128	120	77,25 $	Recue
ACH-70422	2024-09-30	2024-10-10	2024-10-10	FRN-016	BD-1151	120	90,35 $	Recue
ACH-70423	2024-10-11	2024-10-21	2024-10-21	FRN-016	BD-1144	240	96,31 $	Recue
ACH-70423	2024-10-11	2024-10-21	2024-10-21	FRN-016	BD-1134	96	60,50 $	Recue
ACH-70423	2024-10-11	2024-10-21	2024-10-21	FRN-016	BD-1147	36	339,78 $	Recue
ACH-70423	2024-10-11	2024-10-21	2024-10-21	FRN-016	BD-1140	240	40,41 $	Recue
ACH-70423	2024-10-11	2024-10-21	2024-10-21	FRN-016	BD-1128	-24	77,25 $	Recue
ACH-70424	2024-10-31	2024-11-10	2024-11-10	FRN-016	BD-1145	24	108,83 $	Recue
ACH-70424	2024-10-31	2024-11-10	2024-11-10	FRN-016	BD-1128	24	77,25 $	Recue
ACH-70424	2024-10-31	2024-11-10	2024-11-10	FRN-016	BD-1132	120	125,81 $	Recue
ACH-70424	2024-10-31	2024-11-10	2024-11-10	FRN-016	BD-1145	48	108,83 $	Recue
ACH-70424	2024-10-31	2024-11-10	2024-11-10	FRN-016	BD-1128	240	77,25 $	Recue
ACH-70425	2024-11-10	2024-11-20	2024-11-23	FRN-016	BD-1132	240	125,81 $	Recue
ACH-70425	2024-11-10	2024-11-20	2024-11-23	FRN-016	BD-1132	96	125,81 $	Recue
ACH-70425	2024-11-10	2024-11-20	2024-11-23	FRN-016	BD-1151	240	90,35 $	Recue
ACH-70426	2024-11-22	2024-12-02	2024-12-02	FRN-016	BD-1128	60	77,25 $	Recue
ACH-70426	2024-11-22	2024-12-02	2024-12-02	FRN-016	BD-1137	-15	25,06 $	Recue
ACH-70427	2024-12-06	2024-12-16	2024-12-16	FRN-016	BD-1144	60	96,31 $	Recue
ACH-70428	2024-12-16	2024-12-26	2024-12-26	FRN-016	BD-1134	120	60,50 $	Recue
ACH-70428	2024-12-16	2024-12-26	2024-12-26	FRN-016	BD-1135	48	39,89 $	Recue
ACH-70428	2024-12-16	2024-12-26	2024-12-26	FRN-016	BD-1151	120	90,35 $	Recue
ACH-70428	2024-12-16	2024-12-26	2024-12-26	FRN-016	BD-1132	12	125,81 $	Recue
ACH-70428	2024-12-16	2024-12-26	2024-12-26	FRN-016	BD-1134	60	60,50 $	Recue
ACH-70429	2024-12-25	2025-01-04	2025-01-24	FRN-016	BD-1137	12	25,06 $	Recue
ACH-70429	2024-12-25	2025-01-04	2025-01-24	FRN-016	BD-1156	240	161,25 $	Recue
ACH-70429	2024-12-25	2025-01-04	2025-01-24	FRN-016	BD-1147	120	339,78 $	Recue
ACH-70429	2024-12-25	2025-01-04	2025-01-24	FRN-016	BD-1134	60	60,50 $	Recue
ACH-70430	2025-01-06	2025-01-16	2025-01-16	FRN-016	BD-1128	60	78,87 $	Recue
ACH-70431	2025-01-16	2025-01-26	2025-01-26	FRN-016	BD-1147	12	346,92 $	Recue
ACH-70431	2025-01-16	2025-01-26	2025-01-26	FRN-016	BD-1156	60	164,64 $	Recue
ACH-70431	2025-01-16	2025-01-26	2025-01-26	FRN-016	BD-1145	48	111,12 $	Recue
ACH-70432	2025-01-27	2025-02-06	2025-02-06	FRN-016	BD-1135	96	40,73 $	Recue
ACH-70432	2025-01-27	2025-02-06	2025-02-06	FRN-016	BD-1144	60	98,33 $	Recue
ACH-70433	2025-02-11	2025-02-21	2025-02-21	FRN-016	BD-1137	60	25,59 $	Recue
ACH-70433	2025-02-11	2025-02-21	2025-02-21	FRN-016	BD-1156	96	164,64 $	Recue
ACH-70433	2025-02-11	2025-02-21	2025-02-21	FRN-016	BD-1137	96	25,59 $	Recue
ACH-70434	2025-02-23	2025-03-05	2025-03-05	FRN-016	BD-1156	24	164,64 $	Recue
ACH-70434	2025-02-23	2025-03-05	2025-03-05	FRN-016	BD-1134	48	61,77 $	Recue
ACH-70435	2025-03-14	2025-03-24	2025-03-24	FRN-016	BD-1151	48	92,25 $	Recue
ACH-70435	2025-03-14	2025-03-24	2025-03-24	FRN-016	BD-1144	240	98,33 $	Recue
ACH-70436	2025-03-23	2025-04-02	2025-04-02	FRN-016	BD-1145	48	111,12 $	Recue
ACH-70437	2025-04-09	2025-04-19	2025-04-19	FRN-016	BD-1134	36	61,77 $	Recue
ACH-70437	2025-04-09	2025-04-19	2025-04-19	FRN-016	BD-9721	24	128,45 $	Recue
ACH-70437	2025-04-09	2025-04-19	2025-04-19	FRN-016	BD-1144	120	98,33 $	Recue
ACH-70437	2025-04-09	2025-04-19	2025-04-19	FRN-016	BD-1146	36	225,52 $	Recue
ACH-70437	2025-04-09	2025-04-19	2025-04-19	FRN-016	BD-1137	12	25,59 $	Recue
ACH-70438	2025-04-21	2025-05-01	2025-05-01	FRN-016	BD-1156	120	164,64 $	Recue
ACH-70438	2025-04-21	2025-05-01	2025-05-01	FRN-016	BD-1146	48	225,52 $	Recue
ACH-70438	2025-04-21	2025-05-01	2025-05-01	FRN-016	BD-1146	48	225,52 $	Recue
ACH-70439	2025-05-01	2025-05-11	2025-05-13	FRN-016	BD-1146	36	225,52 $	Recue
ACH-70439	2025-05-01	2025-05-11	2025-05-13	FRN-016	BD-1147	60	346,92 $	Recue
ACH-70440	2025-05-21	2025-05-31	2025-05-31	FRN-016	BD-1132	24	128,45 $	Recue
ACH-70440	2025-05-21	2025-05-31	2025-05-31	FRN-016	BD-1128	240	78,87 $	Recue
ACH-70441	2025-06-08	2025-06-18	2025-06-18	FRN-016	BD-1144	96	98,33 $	Recue
ACH-70441	2025-06-08	2025-06-18	2025-06-18	FRN-016	BD-1137	36	25,59 $	Recue
ACH-70441	2025-06-08	2025-06-18	2025-06-18	FRN-016	BD-1146	60	225,52 $	Recue
ACH-70441	2025-06-08	2025-06-18	2025-06-18	FRN-016	BD-1135	12	40,73 $	Recue
ACH-70442	2025-06-28	2025-07-08	2025-07-14	FRN-016	BD-1134	60	61,77 $	Recue
ACH-70442	2025-06-28	2025-07-08	2025-07-14	FRN-016	BD-1147	36	346,92 $	Recue
ACH-70442	2025-06-28	2025-07-08	2025-07-14	FRN-016	BD-1137	36	25,59 $	Recue
ACH-70443	2025-07-09	2025-07-19	2025-07-19	FRN-016	BD-1135	48	40,73 $	Recue
ACH-70443	2025-07-09	2025-07-19	2025-07-19	FRN-016	BD-1145	12	111,12 $	Recue
ACH-70444	2025-07-29	2025-08-08	2025-08-08	FRN-016	BD-1146	60	225,52 $	Recue
ACH-70444	2025-07-29	2025-08-08	2025-08-08	FRN-016	BD-1146	240	225,52 $	Recue
ACH-70444	2025-07-29	2025-08-08	2025-08-08	FRN-016	BD-1156	12	164,64 $	Recue
ACH-70444	2025-07-29	2025-08-08	2025-08-08	FRN-016	BD-1147	240	346,92 $	Recue
ACH-70444	2025-07-29	2025-08-08	2025-08-08	FRN-016	BD-1147	60	346,92 $	Recue
ACH-70445	2025-08-12	2025-08-22	2025-08-22	FRN-016	BD-1135	12	40,73 $	Recue
ACH-70445	2025-08-12	2025-08-22	2025-08-22	FRN-016	BD-1147	60	346,92 $	Recue
ACH-70446	2025-08-21	2025-08-31	2025-08-31	FRN-016	BD-1144	48	98,33 $	Recue
ACH-70446	2025-08-21	2025-08-31	2025-08-31	FRN-016	BD-1145	24	111,12 $	Recue
ACH-70446	2025-08-21	2025-08-31	2025-08-31	FRN-016	BD-1151	120	92,25 $	Recue
ACH-70446	2025-08-21	2025-08-31	2025-08-31	FRN-016	BD-1147	120	346,92 $	Recue
ACH-70446	2025-08-21	2025-08-31	2025-08-31	FRN-016	BD-1144	24	98,33 $	Recue
ACH-70447	2025-09-10	2025-09-20	2025-09-25	FRN-016	BD-1156	240	164,64 $	Recue
ACH-70447	2025-09-10	2025-09-20	2025-09-25	FRN-016	BD-9984	60	111,12 $	Recue
ACH-70447	2025-09-10	2025-09-20	2025-09-25	FRN-016	BD-1144	24	98,33 $	Recue
ACH-70448	2025-09-27	2025-10-07	2025-10-07	FRN-016	BD-1147	96	346,92 $	Recue
ACH-70448	2025-09-27	2025-10-07	2025-10-07	FRN-016	BD-1151	120	92,25 $	Recue
ACH-70448	2025-09-27	2025-10-07	2025-10-07	FRN-016	BD-1145	24	111,12 $	Recue
ACH-70449	2025-10-15	2025-10-25	2025-10-25	FRN-016	BD-1145	48	111,12 $	Recue
ACH-70449	2025-10-15	2025-10-25	2025-10-25	FRN-016	BD-1156	96	164,64 $	Recue
ACH-70449	2025-10-15	2025-10-25	2025-10-25	FRN-016	BD-1132	240	128,45 $	Recue
ACH-70449	2025-10-15	2025-10-25	2025-10-25	FRN-016	BD-1135	96	40,73 $	Recue
ACH-70449	2025-10-15	2025-10-25	2025-10-25	FRN-016	BD-1137	96	25,59 $	Recue
ACH-70450	2025-10-31	2025-11-10	2025-11-10	FRN-016	BD-1140	60	41,26 $	Recue
ACH-70450	2025-10-31	2025-11-10	2025-11-10	FRN-016	BD-1144	240	98,33 $	Recue
ACH-70450	2025-10-31	2025-11-10	2025-11-10	FRN-016	BD-1134	12	61,77 $	Recue
ACH-70450	2025-10-31	2025-11-10	2025-11-10	FRN-016	BD-1132	48	128,45 $	Recue
ACH-70450	2025-10-31	2025-11-10	2025-11-10	FRN-016	BD-1135	24	40,73 $	Recue
ACH-70451	2025-11-16	2025-11-26	2025-11-26	FRN-016	BD-1147	36	346,92 $	Recue
ACH-70451	2025-11-16	2025-11-26	2025-11-26	FRN-016	BD-1151	12	92,25 $	Recue
ACH-70451	2025-11-16	2025-11-26	2025-11-26	FRN-016	BD-1145	24	111,12 $	Recue
ACH-70452	2025-11-28	2025-12-08	2025-12-08	FRN-016	BD-1156	12	164,64 $	Recue
ACH-70453	2025-12-07	2025-12-17	2025-12-17	FRN-016	BD-1137	36	25,59 $	Recue
ACH-70454	2025-12-26	2026-01-05		FRN-016	BD-1151	96	92,25 $	En transit
ACH-70454	2025-12-26	2026-01-05		FRN-016	BD-1147	240	346,92 $	En transit
ACH-70454	2025-12-26	2026-01-05		FRN-016	BD-1134	-15	61,77 $	En transit
ACH-70455	2024-01-11	2024-02-25	2024-02-25	FRN-017	BD-1120	120	182,88 $	Recue
ACH-70455	2024-01-11	2024-02-25	2024-02-25	FRN-017	BD-1118	24	336,11 $	Recue
ACH-70455	2024-01-11	2024-02-25	2024-02-25	FRN-017	BD-1118	48	336,11 $	Recue
ACH-70455	2024-01-11	2024-02-25	2024-02-25	FRN-017	BD-1120	12	182,88 $	Recue
ACH-70455	2024-01-11	2024-02-25	2024-02-25	FRN-017	BD-1103	96	151,66 $	Recue
ACH-70456	2024-01-30	2024-03-15	2024-03-15	FRN-017	BD-1109	36	303,82 $	Recue
ACH-70457	2024-02-13	2024-03-29	2024-03-29	FRN-017	BD-1118	240	336,11 $	Recue
ACH-70457	2024-02-13	2024-03-29	2024-03-29	FRN-017	BD-1109	36	303,82 $	Recue
ACH-70458	2024-02-24	2024-04-09	2024-04-10	FRN-017	BD-1109	60	303,82 $	Recue
ACH-70458	2024-02-24	2024-04-09	2024-04-10	FRN-017	BD-1103	240	151,66 $	Recue
ACH-70458	2024-02-24	2024-04-09	2024-04-10	FRN-017	BD-1109	120	303,82 $	Recue
ACH-70458	2024-02-24	2024-04-09	2024-04-10	FRN-017	BD-1118	48	336,11 $	Recue
ACH-70459	2024-03-10	2024-04-24	2024-04-24	FRN-017	BD-1118	120	336,11 $	Recue
ACH-70459	2024-03-10	2024-04-24	2024-04-24	FRN-017	BD-1103	120	151,66 $	Recue
ACH-70459	2024-03-10	2024-04-24	2024-04-24	FRN-017	BD-1120	60	182,88 $	Recue
ACH-70460	2024-03-29	2024-05-13	2024-05-13	FRN-017	BD-1109	96	303,82 $	Recue
ACH-70460	2024-03-29	2024-05-13	2024-05-13	FRN-017	BD-1120	60	182,88 $	Recue
ACH-70460	2024-03-29	2024-05-13	2024-05-13	FRN-017	BD-1109	48	303,82 $	Recue
ACH-70461	2024-04-08	2024-05-23	2024-05-23	FRN-017	BD-1120	24	182,88 $	Recue
ACH-70461	2024-04-08	2024-05-23	2024-05-23	FRN-017	BD-1109	60	303,82 $	Recue
ACH-70462	2024-04-20	2024-06-04	2024-06-04	FRN-017	BD-1120	36	182,88 $	Recue
ACH-70463	2024-05-06	2024-06-20	2024-06-20	FRN-017	BD-1103	96	151,66 $	Recue
ACH-70463	2024-05-06	2024-06-20	2024-06-20	FRN-017	BD-1118	48	336,11 $	Recue
ACH-70463	2024-05-06	2024-06-20	2024-06-20	FRN-017	BD-1118	240	336,11 $	Recue
ACH-70463	2024-05-06	2024-06-20	2024-06-20	FRN-017	BD-1103	24	151,66 $	Recue
ACH-70464	2024-05-17	2024-07-01	2024-07-01	FRN-017	BD-1103	24	151,66 $	Recue
ACH-70464	2024-05-17	2024-07-01	2024-07-01	FRN-017	BD-1109	120	303,82 $	Recue
ACH-70464	2024-05-17	2024-07-01	2024-07-01	FRN-017	BD-1118	60	336,11 $	Recue
ACH-70464	2024-05-17	2024-07-01	2024-07-01	FRN-017	BD-1120	36	182,88 $	Recue
ACH-70464	2024-05-17	2024-07-01	2024-07-01	FRN-017	BD-1118	24	336,11 $	Recue
ACH-70465	2024-05-26	2024-07-10	2024-07-10	FRN-017	BD-1118	12	336,11 $	Recue
ACH-70465	2024-05-26	2024-07-10	2024-07-10	FRN-017	BD-1103	24	151,66 $	Recue
ACH-70465	2024-05-26	2024-07-10	2024-07-10	FRN-017	BD-1120	12	182,88 $	Recue
ACH-70465	2024-05-26	2024-07-10	2024-07-10	FRN-017	BD-1120	48	182,88 $	Recue
ACH-70465	2024-05-26	2024-07-10	2024-07-10	FRN-017	BD-1103	48	151,66 $	Recue
ACH-70466	2024-06-04	2024-07-19	2024-07-19	FRN-017	BD-1109	240	303,82 $	Recue
ACH-70466	2024-06-04	2024-07-19	2024-07-19	FRN-017	BD-1109	120	303,82 $	Recue
ACH-70467	2024-06-19	2024-08-03	2024-08-03	FRN-017	BD-1120	96	182,88 $	Recue
ACH-70468	2024-06-30	2024-08-14	2024-08-14	FRN-017	BD-1103	240	151,66 $	Recue
ACH-70468	2024-06-30	2024-08-14	2024-08-14	FRN-017	BD-1120	24	182,88 $	Recue
ACH-70468	2024-06-30	2024-08-14	2024-08-14	FRN-017	BD-1109	24	303,82 $	Recue
ACH-70468	2024-06-30	2024-08-14	2024-08-14	FRN-017	BD-1120	240	182,88 $	Recue
ACH-70469	2024-07-17	2024-08-31	2024-08-31	FRN-017	BD-1120	96	182,88 $	Recue
ACH-70469	2024-07-17	2024-08-31	2024-08-31	FRN-017	BD-1109	24	303,82 $	Recue
ACH-70469	2024-07-17	2024-08-31	2024-08-31	FRN-017	BD-1118	96	336,11 $	Recue
ACH-70470	2024-07-28	2024-09-11	2024-09-11	FRN-017	BD-1120	24	182,88 $	Recue
ACH-70470	2024-07-28	2024-09-11	2024-09-11	FRN-017	BD-1103	96	151,66 $	Recue
ACH-70470	2024-07-28	2024-09-11	2024-09-11	FRN-017	BD-1118	240	336,11 $	Recue
ACH-70470	2024-07-28	2024-09-11	2024-09-11	FRN-017	BD-1118	120	336,11 $	Recue
ACH-70471	2024-08-11	2024-09-25	2024-09-28	FRN-017	BD-1103	48	151,66 $	Recue
ACH-70471	2024-08-11	2024-09-25	2024-09-28	FRN-017	BD-1109	120	303,82 $	Recue
ACH-70471	2024-08-11	2024-09-25	2024-09-28	FRN-017	BD-1103	36	151,66 $	Recue
ACH-70471	2024-08-11	2024-09-25	2024-09-28	FRN-017	BD-1120	12	182,88 $	Recue
ACH-70472	2024-08-22	2024-10-06	2024-10-14	FRN-017	BD-1109	12	303,82 $	Recue
ACH-70472	2024-08-22	2024-10-06	2024-10-14	FRN-017	BD-1103	36	151,66 $	Recue
ACH-70472	2024-08-22	2024-10-06	2024-10-14	FRN-017	BD-1103	60	151,66 $	Recue
ACH-70472	2024-08-22	2024-10-06	2024-10-14	FRN-017	BD-1103	12	151,66 $	Recue
ACH-70472	2024-08-22	2024-10-06	2024-10-14	FRN-017	BD-1120	96	182,88 $	Recue
ACH-70473	2024-09-05	2024-10-20	2024-10-24	FRN-017	BD-1103	120	151,66 $	Recue
ACH-70473	2024-09-05	2024-10-20	2024-10-24	FRN-017	BD-1109	48	303,82 $	Recue
ACH-70473	2024-09-05	2024-10-20	2024-10-24	FRN-017	BD-1118	48	336,11 $	Recue
ACH-70473	2024-09-05	2024-10-20	2024-10-24	FRN-017	BD-1103	120	151,66 $	Recue
ACH-70474	2024-09-16	2024-10-31	2024-10-31	FRN-017	BD-1103	36	151,66 $	Recue
ACH-70474	2024-09-16	2024-10-31	2024-10-31	FRN-017	BD-1118	48	336,11 $	Recue
ACH-70474	2024-09-16	2024-10-31	2024-10-31	FRN-017	BD-1109	24	303,82 $	Recue
ACH-70474	2024-09-16	2024-10-31	2024-10-31	FRN-017	BD-1120	36	182,88 $	Recue
ACH-70474	2024-09-16	2024-10-31	2024-10-31	FRN-017	BD-1120	60	182,88 $	Recue
ACH-70475	2024-09-30	2024-11-14	2024-11-14	FRN-017	BD-1103	24	151,66 $	Recue
ACH-70475	2024-09-30	2024-11-14	2024-11-14	FRN-017	BD-1109	96	303,82 $	Recue
ACH-70476	2024-10-19	2024-12-03	2024-12-03	FRN-017	BD-1120	36	182,88 $	Recue
ACH-70476	2024-10-19	2024-12-03	2024-12-03	FRN-017	BD-1109	12	303,82 $	Recue
ACH-70476	2024-10-19	2024-12-03	2024-12-03	FRN-017	BD-1103	-12	151,66 $	Recue
ACH-70476	2024-10-19	2024-12-03	2024-12-03	FRN-017	BD-1118	24	336,11 $	Recue
ACH-70476	2024-10-19	2024-12-03	2024-12-03	FRN-017	BD-1120	36	182,88 $	Recue
ACH-70477	2024-10-29	2024-12-13	2024-12-13	FRN-017	BD-1118	48	336,11 $	Recue
ACH-70477	2024-10-29	2024-12-13	2024-12-13	FRN-017	BD-1118	24	336,11 $	Recue
ACH-70477	2024-10-29	2024-12-13	2024-12-13	FRN-017	BD-1120	24	182,88 $	Recue
ACH-70478	2024-11-14	2024-12-29	2024-12-29	FRN-017	BD-1118	240	336,11 $	Recue
ACH-70478	2024-11-14	2024-12-29	2024-12-29	FRN-017	BD-1109	120	303,82 $	Recue
ACH-70478	2024-11-14	2024-12-29	2024-12-29	FRN-017	BD-1120	240	182,88 $	Recue
ACH-70478	2024-11-14	2024-12-29	2024-12-29	FRN-017	BD-1109	48	303,82 $	Recue
ACH-70479	2024-11-30	2025-01-14	2025-01-14	FRN-017	BD-1118	96	336,11 $	Recue
ACH-70479	2024-11-30	2025-01-14	2025-01-14	FRN-017	BD-1103	48	151,66 $	Recue
ACH-70479	2024-11-30	2025-01-14	2025-01-14	FRN-017	BD-1120	48	182,88 $	Recue
ACH-70479	2024-11-30	2025-01-14	2025-01-14	FRN-017	BD-1109	24	303,82 $	Recue
ACH-70479	2024-11-30	2025-01-14	2025-01-14	FRN-017	BD-1103	240	151,66 $	Recue
ACH-70480	2024-12-18	2025-02-01	2025-02-01	FRN-017	BD-1118	36	336,11 $	Recue
ACH-70480	2024-12-18	2025-02-01	2025-02-01	FRN-017	BD-1109	240	303,82 $	Recue
ACH-70480	2024-12-18	2025-02-01	2025-02-01	FRN-017	BD-1118	60	336,11 $	Recue
ACH-70480	2024-12-18	2025-02-01	2025-02-01	FRN-017	BD-1118	120	336,11 $	Recue
ACH-70481	2025-01-04	2025-02-18	2025-02-18	FRN-017	BD-1118	96	343,17 $	Recue
ACH-70481	2025-01-04	2025-02-18	2025-02-18	FRN-017	BD-1103	12	154,84 $	Recue
ACH-70481	2025-01-04	2025-02-18	2025-02-18	FRN-017	BD-1118	96	343,17 $	Recue
ACH-70481	2025-01-04	2025-02-18	2025-02-18	FRN-017	BD-1109	12	310,20 $	Recue
ACH-70482	2025-01-21	2025-03-07	2025-03-07	FRN-017	BD-1109	60	310,20 $	Recue
ACH-70482	2025-01-21	2025-03-07	2025-03-07	FRN-017	BD-1103	48	154,84 $	Recue
ACH-70482	2025-01-21	2025-03-07	2025-03-07	FRN-017	BD-1118	36	343,17 $	Recue
ACH-70483	2025-02-03	2025-03-20	2025-03-20	FRN-017	BD-1120	120	186,72 $	Recue
ACH-70483	2025-02-03	2025-03-20	2025-03-20	FRN-017	BD-1120	240	186,72 $	Recue
ACH-70483	2025-02-03	2025-03-20	2025-03-20	FRN-017	BD-1118	240	343,17 $	Recue
ACH-70484	2025-02-12	2025-03-29	2025-03-29	FRN-017	BD-1103	96	154,84 $	Recue
ACH-70484	2025-02-12	2025-03-29	2025-03-29	FRN-017	BD-1103	240	154,84 $	Recue
ACH-70484	2025-02-12	2025-03-29	2025-03-29	FRN-017	BD-1118	12	343,17 $	Recue
ACH-70484	2025-02-12	2025-03-29	2025-03-29	FRN-017	BD-1109	240	310,20 $	Recue
ACH-70484	2025-02-12	2025-03-29	2025-03-29	FRN-017	BD-1120	48	186,72 $	Recue
ACH-70485	2025-03-01	2025-04-15	2025-04-15	FRN-017	BD-1109	36	310,20 $	Recue
ACH-70485	2025-03-01	2025-04-15	2025-04-15	FRN-017	BD-1118	48	343,17 $	Recue
ACH-70486	2025-03-15	2025-04-29	2025-05-03	FRN-017	BD-1109	12	310,20 $	Recue
ACH-70486	2025-03-15	2025-04-29	2025-05-03	FRN-017	BD-1109	36	310,20 $	Recue
ACH-70487	2025-04-01	2025-05-16	2025-05-17	FRN-017	BD-1109	60	310,20 $	Recue
ACH-70487	2025-04-01	2025-05-16	2025-05-17	FRN-017	BD-1103	12	154,84 $	Recue
ACH-70487	2025-04-01	2025-05-16	2025-05-17	FRN-017	BD-1118	36	343,17 $	Recue
ACH-70488	2025-04-18	2025-06-02	2025-06-02	FRN-017	BD-1103	36	154,84 $	Recue
ACH-70488	2025-04-18	2025-06-02	2025-06-02	FRN-017	BD-1109	24	310,20 $	Recue
ACH-70488	2025-04-18	2025-06-02	2025-06-02	FRN-017	BD-1103	96	154,84 $	Recue
ACH-70488	2025-04-18	2025-06-02	2025-06-02	FRN-017	BD-1120	12	186,72 $	Recue
ACH-70488	2025-04-18	2025-06-02	2025-06-02	FRN-017	BD-1109	60	310,20 $	Recue
ACH-70489	2025-05-05	2025-06-19	2025-06-23	FRN-017	BD-1103	12	154,84 $	Recue
ACH-70489	2025-05-05	2025-06-19	2025-06-23	FRN-017	BD-1103	24	154,84 $	Recue
ACH-70489	2025-05-05	2025-06-19	2025-06-23	FRN-017	BD-1109	36	310,20 $	Recue
ACH-70489	2025-05-05	2025-06-19	2025-06-23	FRN-017	BD-1120	120	186,72 $	Recue
ACH-70489	2025-05-05	2025-06-19	2025-06-23	FRN-017	BD-1120	48	186,72 $	Recue
ACH-70490	2025-05-16	2025-06-30	2025-06-30	FRN-017	BD-1103	120	154,84 $	Recue
ACH-70490	2025-05-16	2025-06-30	2025-06-30	FRN-017	BD-1109	96	310,20 $	Recue
ACH-70490	2025-05-16	2025-06-30	2025-06-30	FRN-017	BD-1118	60	343,17 $	Recue
ACH-70490	2025-05-16	2025-06-30	2025-06-30	FRN-017	BD-1103	96	154,84 $	Recue
ACH-70490	2025-05-16	2025-06-30	2025-06-30	FRN-017	BD-1118	12	343,17 $	Recue
ACH-70491	2025-05-31	2025-07-15	2025-07-15	FRN-017	BD-1109	240	310,20 $	Recue
ACH-70492	2025-06-16	2025-07-31	2025-07-31	FRN-017	BD-1118	240	343,17 $	Recue
ACH-70492	2025-06-16	2025-07-31	2025-07-31	FRN-017	BD-1103	96	154,84 $	Recue
ACH-70493	2025-07-06	2025-08-20	2025-08-20	FRN-017	BD-1120	36	186,72 $	Recue
ACH-70493	2025-07-06	2025-08-20	2025-08-20	FRN-017	BD-1120	12	186,72 $	Recue
ACH-70493	2025-07-06	2025-08-20	2025-08-20	FRN-017	BD-1120	240	186,72 $	Recue
ACH-70493	2025-07-06	2025-08-20	2025-08-20	FRN-017	BD-1120	240	186,72 $	Recue
ACH-70493	2025-07-06	2025-08-20	2025-08-20	FRN-017	BD-1109	36	310,20 $	Recue
ACH-70494	2025-07-21	2025-09-04	2025-09-04	FRN-017	BD-1118	48	343,17 $	Recue
ACH-70495	2025-08-04	2025-09-18	2025-09-18	FRN-017	BD-1118	240	343,17 $	Recue
ACH-70495	2025-08-04	2025-09-18	2025-09-18	FRN-017	BD-1103	-24	154,84 $	Recue
ACH-70496	2025-08-13	2025-09-27	2025-09-27	FRN-017	BD-1118	48	343,17 $	Recue
ACH-70496	2025-08-13	2025-09-27	2025-09-27	FRN-017	BD-1103	60	154,84 $	Recue
ACH-70496	2025-08-13	2025-09-27	2025-09-27	FRN-017	BD-1103	48	154,84 $	Recue
ACH-70496	2025-08-13	2025-09-27	2025-09-27	FRN-017	BD-1103	36	154,84 $	Recue
ACH-70496	2025-08-13	2025-09-27	2025-09-27	FRN-017	BD-1120	48	186,72 $	Recue
ACH-70497	2025-08-25	2025-10-09	2025-10-09	FRN-017	BD-1118	48	343,17 $	Recue
ACH-70497	2025-08-25	2025-10-09	2025-10-09	FRN-017	BD-1120	24	186,72 $	Recue
ACH-70497	2025-08-25	2025-10-09	2025-10-09	FRN-017	BD-9518	24	310,20 $	Recue
ACH-70497	2025-08-25	2025-10-09	2025-10-09	FRN-017	BD-1109	60	310,20 $	Recue
ACH-70498	2025-09-04	2025-10-19	2025-10-19	FRN-017	BD-1109	240	310,20 $	Recue
ACH-70498	2025-09-04	2025-10-19	2025-10-19	FRN-017	BD-1103	12	154,84 $	Recue
ACH-70498	2025-09-04	2025-10-19	2025-10-19	FRN-017	BD-1120	120	186,72 $	Recue
ACH-70498	2025-09-04	2025-10-19	2025-10-19	FRN-017	BD-1120	48	186,72 $	Recue
ACH-70498	2025-09-04	2025-10-19	2025-10-19	FRN-017	BD-1120	48	186,72 $	Recue
ACH-70499	2025-09-15	2025-10-30	2025-10-30	FRN-017	BD-1118	60	343,17 $	Recue
ACH-70499	2025-09-15	2025-10-30	2025-10-30	FRN-017	BD-1120	60	186,72 $	Recue
ACH-70499	2025-09-15	2025-10-30	2025-10-30	FRN-017	BD-1103	60	154,84 $	Recue
ACH-70499	2025-09-15	2025-10-30	2025-10-30	FRN-017	BD-1120	120	186,72 $	Recue
ACH-70500	2025-10-01	2025-11-15	2025-11-15	FRN-017	BD-1118	48	343,17 $	Recue
ACH-70500	2025-10-01	2025-11-15	2025-11-15	FRN-017	BD-1109	-60	310,20 $	Recue
ACH-70500	2025-10-01	2025-11-15	2025-11-15	FRN-017	BD-1103	120	154,84 $	Recue
ACH-70501	2025-10-18	2025-12-02	2025-12-02	FRN-017	BD-1118	36	343,17 $	Recue
ACH-70501	2025-10-18	2025-12-02	2025-12-02	FRN-017	BD-1118	36	343,17 $	Recue
ACH-70501	2025-10-18	2025-12-02	2025-12-02	FRN-017	BD-1120	240	186,72 $	Recue
ACH-70502	2025-11-03	2025-12-18	2025-12-18	FRN-017	BD-1118	60	343,17 $	Recue
ACH-70502	2025-11-03	2025-12-18	2025-12-18	FRN-017	BD-1120	48	186,72 $	Recue
ACH-70502	2025-11-03	2025-12-18	2025-12-18	FRN-017	BD-1120	24	186,72 $	Recue
ACH-70503	2025-11-21	2026-01-05		FRN-017	BD-1103	60	154,84 $	En transit
ACH-70503	2025-11-21	2026-01-05		FRN-017	BD-1120	96	186,72 $	En transit
ACH-70503	2025-11-21	2026-01-05		FRN-017	BD-1118	96	343,17 $	En transit
ACH-70503	2025-11-21	2026-01-05		FRN-017	BD-1120	24	186,72 $	En transit
ACH-70503	2025-11-21	2026-01-05		FRN-017	BD-1118	36	343,17 $	En transit
ACH-70504	2025-12-04	2026-01-18		FRN-017	BD-1103	96	154,84 $	En transit
ACH-70504	2025-12-04	2026-01-18		FRN-017	BD-1109	24	310,20 $	En transit
ACH-70504	2025-12-04	2026-01-18		FRN-017	BD-1118	12	343,17 $	En transit
ACH-70504	2025-12-04	2026-01-18		FRN-017	BD-1109	12	310,20 $	En transit
ACH-70504	2025-12-04	2026-01-18		FRN-017	BD-1118	240	343,17 $	En transit
ACH-70505	2025-12-24	2026-02-07		FRN-017	BD-1103	60	154,84 $	En transit
ACH-70505	2025-12-24	2026-02-07		FRN-017	BD-1109	240	310,20 $	En transit
ACH-70505	2025-12-24	2026-02-07		FRN-017	BD-1103	36	154,84 $	En transit
ACH-70506	2024-01-09	2024-01-16	2024-01-20	FRN-018	BD-1077	240	167,57 $	Recue
ACH-70506	2024-01-09	2024-01-16	2024-01-20	FRN-018	BD-1102	96	255,33 $	Recue
ACH-70506	2024-01-09	2024-01-16	2024-01-20	FRN-018	BD-1087	24	211,22 $	Recue
ACH-70507	2024-01-27	2024-02-03	2024-02-03	FRN-018	BD-1079	12	144,83 $	Recue
ACH-70507	2024-01-27	2024-02-03	2024-02-03	FRN-018	BD-1102	120	255,33 $	Recue
ACH-70507	2024-01-27	2024-02-03	2024-02-03	FRN-018	BD-1077	36	167,57 $	Recue
ACH-70507	2024-01-27	2024-02-03	2024-02-03	FRN-018	BD-1077	24	167,57 $	Recue
ACH-70508	2024-02-08	2024-02-15	2024-02-15	FRN-018	BD-1102	240	255,33 $	Recue
ACH-70508	2024-02-08	2024-02-15	2024-02-15	FRN-018	BD-1077	96	167,57 $	Recue
ACH-70508	2024-02-08	2024-02-15	2024-02-15	FRN-018	BD-1079	240	144,83 $	Recue
ACH-70508	2024-02-08	2024-02-15	2024-02-15	FRN-018	BD-1102	24	255,33 $	Recue
ACH-70508	2024-02-08	2024-02-15	2024-02-15	FRN-018	BD-1079	96	144,83 $	Recue
ACH-70509	2024-02-20	2024-02-27	2024-02-27	FRN-018	BD-1087	60	211,22 $	Recue
ACH-70509	2024-02-20	2024-02-27	2024-02-27	FRN-018	BD-1077	48	167,57 $	Recue
ACH-70509	2024-02-20	2024-02-27	2024-02-27	FRN-018	BD-1077	240	167,57 $	Recue
ACH-70510	2024-03-07	2024-03-14	2024-03-14	FRN-018	BD-1079	120	144,83 $	Recue
ACH-70510	2024-03-07	2024-03-14	2024-03-14	FRN-018	BD-1079	36	144,83 $	Recue
ACH-70511	2024-03-16	2024-03-23	2024-03-24	FRN-018	BD-1077	240	167,57 $	Recue
ACH-70512	2024-04-05	2024-04-12	2024-04-14	FRN-018	BD-1087	120	211,22 $	Recue
ACH-70512	2024-04-05	2024-04-12	2024-04-14	FRN-018	BD-1077	60	167,57 $	Recue
ACH-70513	2024-04-17	2024-04-24	2024-04-24	FRN-018	BD-1102	60	255,33 $	Recue
ACH-70513	2024-04-17	2024-04-24	2024-04-24	FRN-018	BD-1102	240	255,33 $	Recue
ACH-70513	2024-04-17	2024-04-24	2024-04-24	FRN-018	BD-1079	36	144,83 $	Recue
ACH-70513	2024-04-17	2024-04-24	2024-04-24	FRN-018	BD-1079	96	144,83 $	Recue
ACH-70514	2024-05-02	2024-05-09	2024-05-09	FRN-018	BD-1077	60	167,57 $	Recue
ACH-70514	2024-05-02	2024-05-09	2024-05-09	FRN-018	BD-1079	48	144,83 $	Recue
ACH-70515	2024-05-11	2024-05-18	2024-05-18	FRN-018	BD-1087	36	211,22 $	Recue
ACH-70515	2024-05-11	2024-05-18	2024-05-18	FRN-018	BD-1079	240	144,83 $	Recue
ACH-70515	2024-05-11	2024-05-18	2024-05-18	FRN-018	BD-1077	24	167,57 $	Recue
ACH-70516	2024-05-28	2024-06-04	2024-06-08	FRN-018	BD-1102	96	255,33 $	Recue
ACH-70516	2024-05-28	2024-06-04	2024-06-08	FRN-018	BD-1077	24	167,57 $	Recue
ACH-70516	2024-05-28	2024-06-04	2024-06-08	FRN-018	BD-1077	120	167,57 $	Recue
ACH-70516	2024-05-28	2024-06-04	2024-06-08	FRN-018	BD-1077	36	167,57 $	Recue
ACH-70516	2024-05-28	2024-06-04	2024-06-08	FRN-018	BD-1087	12	211,22 $	Recue
ACH-70517	2024-06-08	2024-06-15	2024-06-15	FRN-018	BD-1077	96	167,57 $	Recue
ACH-70517	2024-06-08	2024-06-15	2024-06-15	FRN-018	BD-1079	120	144,83 $	Recue
ACH-70517	2024-06-08	2024-06-15	2024-06-15	FRN-018	BD-1079	-3	144,83 $	Recue
ACH-70518	2024-06-28	2024-07-05	2024-07-05	FRN-018	BD-1102	12	255,33 $	Recue
ACH-70518	2024-06-28	2024-07-05	2024-07-05	FRN-018	BD-1087	96	211,22 $	Recue
ACH-70518	2024-06-28	2024-07-05	2024-07-05	FRN-018	BD-1077	48	167,57 $	Recue
ACH-70519	2024-07-15	2024-07-22	2024-07-25	FRN-018	BD-1079	120	144,83 $	Recue
ACH-70519	2024-07-15	2024-07-22	2024-07-25	FRN-018	BD-1077	60	167,57 $	Recue
ACH-70520	2024-08-02	2024-08-09	2024-08-09	FRN-018	BD-1102	12	255,33 $	Recue
ACH-70521	2024-08-19	2024-08-26	2024-08-26	FRN-018	BD-1079	48	144,83 $	Recue
ACH-70521	2024-08-19	2024-08-26	2024-08-26	FRN-018	BD-1102	48	255,33 $	Recue
ACH-70521	2024-08-19	2024-08-26	2024-08-26	FRN-018	BD-1077	36	167,57 $	Recue
ACH-70521	2024-08-19	2024-08-26	2024-08-26	FRN-018	BD-1079	120	144,83 $	Recue
ACH-70521	2024-08-19	2024-08-26	2024-08-26	FRN-018	BD-1077	24	167,57 $	Recue
ACH-70522	2024-09-02	2024-09-09	2024-09-09	FRN-018	BD-1087	96	211,22 $	Recue
ACH-70522	2024-09-02	2024-09-09	2024-09-09	FRN-018	BD-1087	36	211,22 $	Recue
ACH-70522	2024-09-02	2024-09-09	2024-09-09	FRN-018	BD-1079	60	144,83 $	Recue
ACH-70523	2024-09-12	2024-09-19	2024-09-19	FRN-018	BD-1077	36	167,57 $	Recue
ACH-70523	2024-09-12	2024-09-19	2024-09-19	FRN-018	BD-1079	36	144,83 $	Recue
ACH-70523	2024-09-12	2024-09-19	2024-09-19	FRN-018	BD-1077	24	167,57 $	Recue
ACH-70523	2024-09-12	2024-09-19	2024-09-19	FRN-018	BD-1087	48	211,22 $	Recue
ACH-70523	2024-09-12	2024-09-19	2024-09-19	FRN-018	BD-1079	48	144,83 $	Recue
ACH-70524	2024-09-22	2024-09-29	2024-09-29	FRN-018	BD-1087	96	211,22 $	Recue
ACH-70525	2024-10-10	2024-10-17	2024-10-21	FRN-018	BD-1079	48	144,83 $	Recue
ACH-70526	2024-10-28	2024-11-04	2024-11-08	FRN-018	BD-1087	36	211,22 $	Recue
ACH-70526	2024-10-28	2024-11-04	2024-11-08	FRN-018	BD-1102	120	255,33 $	Recue
ACH-70526	2024-10-28	2024-11-04	2024-11-08	FRN-018	BD-1087	120	211,22 $	Recue
ACH-70527	2024-11-15	2024-11-22	2024-11-22	FRN-018	BD-1087	12	211,22 $	Recue
ACH-70527	2024-11-15	2024-11-22	2024-11-22	FRN-018	BD-1102	36	255,33 $	Recue
ACH-70528	2024-12-04	2024-12-11	2024-12-11	FRN-018	BD-1079	240	144,83 $	Recue
ACH-70528	2024-12-04	2024-12-11	2024-12-11	FRN-018	BD-1087	240	211,22 $	Recue
ACH-70529	2024-12-15	2024-12-22	2024-12-22	FRN-018	BD-1077	24	167,57 $	Recue
ACH-70529	2024-12-15	2024-12-22	2024-12-22	FRN-018	BD-1077	24	167,57 $	Recue
ACH-70530	2024-12-26	2025-01-02	2025-01-05	FRN-018	BD-1079	240	144,83 $	Recue
ACH-70530	2024-12-26	2025-01-02	2025-01-05	FRN-018	BD-1077	240	167,57 $	Recue
ACH-70530	2024-12-26	2025-01-02	2025-01-05	FRN-018	BD-1077	48	167,57 $	Recue
ACH-70530	2024-12-26	2025-01-02	2025-01-05	FRN-018	BD-1087	48	211,22 $	Recue
ACH-70531	2025-01-12	2025-01-19	2025-01-19	FRN-018	BD-1077	24	171,09 $	Recue
ACH-70531	2025-01-12	2025-01-19	2025-01-19	FRN-018	BD-1079	60	147,87 $	Recue
ACH-70531	2025-01-12	2025-01-19	2025-01-19	FRN-018	BD-1079	36	147,87 $	Recue
ACH-70531	2025-01-12	2025-01-19	2025-01-19	FRN-018	BD-1077	120	171,09 $	Recue
ACH-70532	2025-01-28	2025-02-04	2025-02-04	FRN-018	BD-1079	12	147,87 $	Recue
ACH-70533	2025-02-11	2025-02-18	2025-02-22	FRN-018	BD-1087	60	215,66 $	Recue
ACH-70533	2025-02-11	2025-02-18	2025-02-22	FRN-018	BD-1079	60	147,87 $	Recue
ACH-70533	2025-02-11	2025-02-18	2025-02-22	FRN-018	BD-1077	120	171,09 $	Recue
ACH-70533	2025-02-11	2025-02-18	2025-02-22	FRN-018	BD-1077	96	171,09 $	Recue
ACH-70533	2025-02-11	2025-02-18	2025-02-22	FRN-018	BD-1102	36	260,69 $	Recue
ACH-70534	2025-02-20	2025-02-27	2025-02-27	FRN-018	BD-1087	120	215,66 $	Recue
ACH-70534	2025-02-20	2025-02-27	2025-02-27	FRN-018	BD-1077	96	171,09 $	Recue
ACH-70535	2025-03-10	2025-03-17	2025-03-17	FRN-018	BD-1079	60	147,87 $	Recue
ACH-70535	2025-03-10	2025-03-17	2025-03-17	FRN-018	BD-1077	24	171,09 $	Recue
ACH-70536	2025-03-29	2025-04-05	2025-04-09	FRN-018	BD-1087	24	215,66 $	Recue
ACH-70536	2025-03-29	2025-04-05	2025-04-09	FRN-018	BD-1077	60	171,09 $	Recue
ACH-70537	2025-04-16	2025-04-23	2025-04-24	FRN-018	BD-1077	60	171,09 $	Recue
ACH-70538	2025-04-25	2025-05-02	2025-05-02	FRN-018	BD-1079	48	147,87 $	Recue
ACH-70538	2025-04-25	2025-05-02	2025-05-02	FRN-018	BD-1087	60	215,66 $	Recue
ACH-70538	2025-04-25	2025-05-02	2025-05-02	FRN-018	BD-1102	12	260,69 $	Recue
ACH-70539	2025-05-05	2025-05-12	2025-05-12	FRN-018	BD-1102	120	260,69 $	Recue
ACH-70539	2025-05-05	2025-05-12	2025-05-12	FRN-018	BD-1077	12	171,09 $	Recue
ACH-70540	2025-05-24	2025-05-31	2025-05-31	FRN-018	BD-1087	96	215,66 $	Recue
ACH-70540	2025-05-24	2025-05-31	2025-05-31	FRN-018	BD-1079	24	147,87 $	Recue
ACH-70540	2025-05-24	2025-05-31	2025-05-31	FRN-018	BD-1087	240	215,66 $	Recue
ACH-70540	2025-05-24	2025-05-31	2025-05-31	FRN-018	BD-1077	60	171,09 $	Recue
ACH-70540	2025-05-24	2025-05-31	2025-05-31	FRN-018	BD-1102	36	260,69 $	Recue
ACH-70541	2025-06-10	2025-06-17	2025-06-17	FRN-018	BD-1079	24	147,87 $	Recue
ACH-70541	2025-06-10	2025-06-17	2025-06-17	FRN-018	BD-1077	24	171,09 $	Recue
ACH-70541	2025-06-10	2025-06-17	2025-06-17	FRN-018	BD-1087	12	215,66 $	Recue
ACH-70541	2025-06-10	2025-06-17	2025-06-17	FRN-018	BD-1079	12	147,87 $	Recue
ACH-70542	2025-06-19	2025-06-26	2025-06-26	FRN-018	BD-1102	120	260,69 $	Recue
ACH-70543	2025-07-01	2025-07-08	2025-07-08	FRN-018	BD-1102	24	260,69 $	Recue
ACH-70544	2025-07-17	2025-07-24	2025-07-24	FRN-018	BD-1087	60	215,66 $	Recue
ACH-70544	2025-07-17	2025-07-24	2025-07-24	FRN-018	BD-1079	48	147,87 $	Recue
ACH-70544	2025-07-17	2025-07-24	2025-07-24	FRN-018	BD-1077	12	171,09 $	Recue
ACH-70544	2025-07-17	2025-07-24	2025-07-24	FRN-018	BD-1102	60	260,69 $	Recue
ACH-70544	2025-07-17	2025-07-24	2025-07-24	FRN-018	BD-1102	24	260,69 $	Recue
ACH-70545	2025-07-31	2025-08-07	2025-08-07	FRN-018	BD-1079	12	147,87 $	Recue
ACH-70545	2025-07-31	2025-08-07	2025-08-07	FRN-018	BD-1079	96	147,87 $	Recue
ACH-70546	2025-08-20	2025-08-27	2025-08-27	FRN-018	BD-1102	24	260,69 $	Recue
ACH-70547	2025-09-06	2025-09-13	2025-09-13	FRN-018	BD-1077	96	171,09 $	Recue
ACH-70547	2025-09-06	2025-09-13	2025-09-13	FRN-018	BD-1087	36	215,66 $	Recue
ACH-70547	2025-09-06	2025-09-13	2025-09-13	FRN-018	BD-1102	60	260,69 $	Recue
ACH-70547	2025-09-06	2025-09-13	2025-09-13	FRN-018	BD-1087	48	215,66 $	Recue
ACH-70548	2025-09-26	2025-10-03	2025-10-03	FRN-018	BD-1079	48	147,87 $	Recue
ACH-70549	2025-10-06	2025-10-13	2025-10-13	FRN-018	BD-1102	240	260,69 $	Recue
ACH-70549	2025-10-06	2025-10-13	2025-10-13	FRN-018	BD-1077	240	171,09 $	Recue
ACH-70549	2025-10-06	2025-10-13	2025-10-13	FRN-018	BD-1077	36	171,09 $	Recue
ACH-70550	2025-10-24	2025-10-31	2025-10-31	FRN-018	BD-1087	-30	215,66 $	Recue
ACH-70550	2025-10-24	2025-10-31	2025-10-31	FRN-018	BD-1102	120	260,69 $	Recue
ACH-70550	2025-10-24	2025-10-31	2025-10-31	FRN-018	BD-1077	48	171,09 $	Recue
ACH-70550	2025-10-24	2025-10-31	2025-10-31	FRN-018	BD-1077	36	171,09 $	Recue
ACH-70551	2025-11-08	2025-11-15	2025-11-15	FRN-018	BD-1079	240	147,87 $	Recue
ACH-70551	2025-11-08	2025-11-15	2025-11-15	FRN-018	BD-1087	36	215,66 $	Recue
ACH-70551	2025-11-08	2025-11-15	2025-11-15	FRN-018	BD-1077	48	171,09 $	Recue
ACH-70551	2025-11-08	2025-11-15	2025-11-15	FRN-018	BD-1079	12	147,87 $	Recue
ACH-70551	2025-11-08	2025-11-15	2025-11-15	FRN-018	BD-1087	48	215,66 $	Recue
ACH-70552	2025-11-19	2025-11-26	2025-11-26	FRN-018	BD-1077	120	171,09 $	Recue
ACH-70553	2025-12-02	2025-12-09	2025-12-09	FRN-018	BD-1077	120	171,09 $	Recue
ACH-70553	2025-12-02	2025-12-09	2025-12-09	FRN-018	BD-1087	96	215,66 $	Recue
ACH-70554	2025-12-20	2025-12-27	2025-12-27	FRN-018	BD-1077	24	171,09 $	Recue
ACH-70554	2025-12-20	2025-12-27	2025-12-27	FRN-018	BD-1102	96	260,69 $	Recue
ACH-70555	2025-12-31	2026-01-07		FRN-018	BD-1077	60	171,09 $	En transit
ACH-70556	2024-01-02	2024-01-30	2024-01-30	FRN-019	BD-1040	12	268,77 $	Recue
ACH-70556	2024-01-02	2024-01-30	2024-01-30	FRN-019	BD-1051	96	78,12 $	Recue
ACH-70557	2024-01-11	2024-02-08	2024-02-08	FRN-019	BD-1051	12	78,12 $	Recue
ACH-70558	2024-01-25	2024-02-22	2024-02-22	FRN-019	BD-1047	120	70,06 $	Recue
ACH-70558	2024-01-25	2024-02-22	2024-02-22	FRN-019	BD-1047	12	70,06 $	Recue
ACH-70558	2024-01-25	2024-02-22	2024-02-22	FRN-019	BD-1048	12	32,82 $	Recue
ACH-70558	2024-01-25	2024-02-22	2024-02-22	FRN-019	BD-1056	48	287,11 $	Recue
ACH-70559	2024-02-09	2024-03-08	2024-03-08	FRN-019	BD-1061	60	75,23 $	Recue
ACH-70559	2024-02-09	2024-03-08	2024-03-08	FRN-019	BD-1047	120	70,06 $	Recue
ACH-70559	2024-02-09	2024-03-08	2024-03-08	FRN-019	BD-1056	24	287,11 $	Recue
ACH-70559	2024-02-09	2024-03-08	2024-03-08	FRN-019	BD-1051	12	78,12 $	Recue
ACH-70560	2024-02-18	2024-03-17	2024-04-01	FRN-019	BD-1048	240	32,82 $	Recue
ACH-70560	2024-02-18	2024-03-17	2024-04-01	FRN-019	BD-9141	48	78,12 $	Recue
ACH-70561	2024-03-08	2024-04-05	2024-04-28	FRN-019	BD-1061	24	75,23 $	Recue
ACH-70561	2024-03-08	2024-04-05	2024-04-28	FRN-019	BD-1047	120	70,06 $	Recue
ACH-70561	2024-03-08	2024-04-05	2024-04-28	FRN-019	BD-1061	48	75,23 $	Recue
ACH-70561	2024-03-08	2024-04-05	2024-04-28	FRN-019	BD-1035	240	30,00 $	Recue
ACH-70561	2024-03-08	2024-04-05	2024-04-28	FRN-019	BD-1056	24	287,11 $	Recue
ACH-70562	2024-03-18	2024-04-15	2024-04-16	FRN-019	BD-1058	240	146,46 $	Recue
ACH-70562	2024-03-18	2024-04-15	2024-04-16	FRN-019	BD-1058	240	146,46 $	Recue
ACH-70562	2024-03-18	2024-04-15	2024-04-16	FRN-019	BD-1048	60	32,82 $	Recue
ACH-70562	2024-03-18	2024-04-15	2024-04-16	FRN-019	BD-9180	24	78,12 $	Recue
ACH-70563	2024-04-01	2024-04-29	2024-04-29	FRN-019	BD-1061	96	75,23 $	Recue
ACH-70563	2024-04-01	2024-04-29	2024-04-29	FRN-019	BD-1061	48	75,23 $	Recue
ACH-70563	2024-04-01	2024-04-29	2024-04-29	FRN-019	BD-1043	96	294,10 $	Recue
ACH-70563	2024-04-01	2024-04-29	2024-04-29	FRN-019	BD-1035	48	30,00 $	Recue
ACH-70564	2024-04-15	2024-05-13	2024-05-13	FRN-019	BD-1061	240	75,23 $	Recue
ACH-70564	2024-04-15	2024-05-13	2024-05-13	FRN-019	BD-1058	240	146,46 $	Recue
ACH-70564	2024-04-15	2024-05-13	2024-05-13	FRN-019	BD-1047	48	70,06 $	Recue
ACH-70564	2024-04-15	2024-05-13	2024-05-13	FRN-019	BD-1043	-12	294,10 $	Recue
ACH-70565	2024-04-29	2024-05-27	2024-05-27	FRN-019	BD-1056	240	287,11 $	Recue
ACH-70565	2024-04-29	2024-05-27	2024-05-27	FRN-019	BD-1035	96	30,00 $	Recue
ACH-70565	2024-04-29	2024-05-27	2024-05-27	FRN-019	BD-1056	36	287,11 $	Recue
ACH-70566	2024-05-19	2024-06-16	2024-06-16	FRN-019	BD-1056	240	287,11 $	Recue
ACH-70566	2024-05-19	2024-06-16	2024-06-16	FRN-019	BD-1048	96	32,82 $	Recue
ACH-70567	2024-06-06	2024-07-04	2024-07-18	FRN-019	BD-1048	120	32,82 $	Recue
ACH-70567	2024-06-06	2024-07-04	2024-07-18	FRN-019	BD-1058	96	146,46 $	Recue
ACH-70568	2024-06-26	2024-07-24	2024-07-24	FRN-019	BD-1048	24	32,82 $	Recue
ACH-70568	2024-06-26	2024-07-24	2024-07-24	FRN-019	BD-1043	24	294,10 $	Recue
ACH-70568	2024-06-26	2024-07-24	2024-07-24	FRN-019	BD-1047	96	70,06 $	Recue
ACH-70569	2024-07-11	2024-08-08	2024-08-08	FRN-019	BD-1058	240	146,46 $	Recue
ACH-70569	2024-07-11	2024-08-08	2024-08-08	FRN-019	BD-1035	36	30,00 $	Recue
ACH-70569	2024-07-11	2024-08-08	2024-08-08	FRN-019	BD-1061	120	75,23 $	Recue
ACH-70569	2024-07-11	2024-08-08	2024-08-08	FRN-019	BD-1056	240	287,11 $	Recue
ACH-70569	2024-07-11	2024-08-08	2024-08-08	FRN-019	BD-1047	12	70,06 $	Recue
ACH-70570	2024-07-26	2024-08-23	2024-08-23	FRN-019	BD-1035	60	30,00 $	Recue
ACH-70570	2024-07-26	2024-08-23	2024-08-23	FRN-019	BD-1051	12	78,12 $	Recue
ACH-70570	2024-07-26	2024-08-23	2024-08-23	FRN-019	BD-1051	96	78,12 $	Recue
ACH-70570	2024-07-26	2024-08-23	2024-08-23	FRN-019	BD-1048	36	32,82 $	Recue
ACH-70571	2024-08-05	2024-09-02	2024-09-02	FRN-019	BD-1051	36	78,12 $	Recue
ACH-70571	2024-08-05	2024-09-02	2024-09-02	FRN-019	BD-1048	48	32,82 $	Recue
ACH-70572	2024-08-25	2024-09-22	2024-09-22	FRN-019	BD-1056	240	287,11 $	Recue
ACH-70572	2024-08-25	2024-09-22	2024-09-22	FRN-019	BD-1051	240	78,12 $	Recue
ACH-70572	2024-08-25	2024-09-22	2024-09-22	FRN-019	BD-1043	-30	294,10 $	Recue
ACH-70573	2024-09-03	2024-10-01	2024-10-01	FRN-019	BD-1043	12	294,10 $	Recue
ACH-70573	2024-09-03	2024-10-01	2024-10-01	FRN-019	BD-1048	36	32,82 $	Recue
ACH-70573	2024-09-03	2024-10-01	2024-10-01	FRN-019	BD-1061	240	75,23 $	Recue
ACH-70573	2024-09-03	2024-10-01	2024-10-01	FRN-019	BD-1040	24	268,77 $	Recue
ACH-70574	2024-09-13	2024-10-11	2024-10-11	FRN-019	BD-1040	24	268,77 $	Recue
ACH-70574	2024-09-13	2024-10-11	2024-10-11	FRN-019	BD-1048	240	32,82 $	Recue
ACH-70574	2024-09-13	2024-10-11	2024-10-11	FRN-019	BD-1047	96	70,06 $	Recue
ACH-70574	2024-09-13	2024-10-11	2024-10-11	FRN-019	BD-1047	240	70,06 $	Recue
ACH-70575	2024-09-23	2024-10-21	2024-10-21	FRN-019	BD-1056	24	287,11 $	Recue
ACH-70576	2024-10-13	2024-11-10	2024-11-10	FRN-019	BD-1035	240	30,00 $	Recue
ACH-70576	2024-10-13	2024-11-10	2024-11-10	FRN-019	BD-1048	96	32,82 $	Recue
ACH-70576	2024-10-13	2024-11-10	2024-11-10	FRN-019	BD-1061	48	75,23 $	Recue
ACH-70577	2024-10-28	2024-11-25	2024-11-25	FRN-019	BD-1047	12	70,06 $	Recue
ACH-70577	2024-10-28	2024-11-25	2024-11-25	FRN-019	BD-1048	240	32,82 $	Recue
ACH-70578	2024-11-08	2024-12-06	2024-12-06	FRN-019	BD-1058	60	146,46 $	Recue
ACH-70578	2024-11-08	2024-12-06	2024-12-06	FRN-019	BD-1040	96	268,77 $	Recue
ACH-70578	2024-11-08	2024-12-06	2024-12-06	FRN-019	BD-1051	240	78,12 $	Recue
ACH-70578	2024-11-08	2024-12-06	2024-12-06	FRN-019	BD-1040	12	268,77 $	Recue
ACH-70579	2024-11-17	2024-12-15	2024-12-16	FRN-019	BD-1048	60	32,82 $	Recue
ACH-70580	2024-11-28	2024-12-26	2024-12-26	FRN-019	BD-1056	12	287,11 $	Recue
ACH-70580	2024-11-28	2024-12-26	2024-12-26	FRN-019	BD-1061	96	75,23 $	Recue
ACH-70580	2024-11-28	2024-12-26	2024-12-26	FRN-019	BD-1058	120	146,46 $	Recue
ACH-70580	2024-11-28	2024-12-26	2024-12-26	FRN-019	BD-1056	36	287,11 $	Recue
ACH-70580	2024-11-28	2024-12-26	2024-12-26	FRN-019	BD-1040	36	268,77 $	Recue
ACH-70581	2024-12-09	2025-01-06	2025-01-06	FRN-019	BD-1051	36	78,12 $	Recue
ACH-70582	2024-12-22	2025-01-19	2025-01-19	FRN-019	BD-1051	60	78,12 $	Recue
ACH-70582	2024-12-22	2025-01-19	2025-01-19	FRN-019	BD-1058	96	146,46 $	Recue
ACH-70582	2024-12-22	2025-01-19	2025-01-19	FRN-019	BD-1051	12	78,12 $	Recue
ACH-70582	2024-12-22	2025-01-19	2025-01-19	FRN-019	BD-1047	36	70,06 $	Recue
ACH-70583	2025-01-07	2025-02-04	2025-02-04	FRN-019	BD-1051	24	79,76 $	Recue
ACH-70583	2025-01-07	2025-02-04	2025-02-04	FRN-019	BD-1048	240	33,51 $	Recue
ACH-70583	2025-01-07	2025-02-04	2025-02-04	FRN-019	BD-1058	36	149,54 $	Recue
ACH-70584	2025-01-20	2025-02-17	2025-02-17	FRN-019	BD-1040	120	274,41 $	Recue
ACH-70584	2025-01-20	2025-02-17	2025-02-17	FRN-019	BD-1043	24	300,28 $	Recue
ACH-70584	2025-01-20	2025-02-17	2025-02-17	FRN-019	BD-1048	96	33,51 $	Recue
ACH-70584	2025-01-20	2025-02-17	2025-02-17	FRN-019	BD-1048	12	33,51 $	Recue
ACH-70584	2025-01-20	2025-02-17	2025-02-17	FRN-019	BD-1043	48	300,28 $	Recue
ACH-70585	2025-01-31	2025-02-28	2025-02-28	FRN-019	BD-1061	60	76,81 $	Recue
ACH-70585	2025-01-31	2025-02-28	2025-02-28	FRN-019	BD-1061	120	76,81 $	Recue
ACH-70585	2025-01-31	2025-02-28	2025-02-28	FRN-019	BD-1047	240	71,53 $	Recue
ACH-70586	2025-02-20	2025-03-20	2025-03-20	FRN-019	BD-1035	36	30,63 $	Recue
ACH-70586	2025-02-20	2025-03-20	2025-03-20	FRN-019	BD-1056	48	293,14 $	Recue
ACH-70586	2025-02-20	2025-03-20	2025-03-20	FRN-019	BD-1048	120	33,51 $	Recue
ACH-70586	2025-02-20	2025-03-20	2025-03-20	FRN-019	BD-1051	240	79,76 $	Recue
ACH-70586	2025-02-20	2025-03-20	2025-03-20	FRN-019	BD-1056	60	293,14 $	Recue
ACH-70587	2025-03-02	2025-03-30	2025-03-30	FRN-019	BD-1048	240	33,51 $	Recue
ACH-70587	2025-03-02	2025-03-30	2025-03-30	FRN-019	BD-1035	240	30,63 $	Recue
ACH-70588	2025-03-12	2025-04-09	2025-04-09	FRN-019	BD-1047	36	71,53 $	Recue
ACH-70588	2025-03-12	2025-04-09	2025-04-09	FRN-019	BD-1035	96	30,63 $	Recue
ACH-70589	2025-03-27	2025-04-24	2025-04-24	FRN-019	BD-1058	36	149,54 $	Recue
ACH-70589	2025-03-27	2025-04-24	2025-04-24	FRN-019	BD-1051	12	79,76 $	Recue
ACH-70589	2025-03-27	2025-04-24	2025-04-24	FRN-019	BD-1047	-24	71,53 $	Recue
ACH-70589	2025-03-27	2025-04-24	2025-04-24	FRN-019	BD-1043	12	300,28 $	Recue
ACH-70590	2025-04-15	2025-05-13	2025-05-13	FRN-019	BD-1058	12	149,54 $	Recue
ACH-70590	2025-04-15	2025-05-13	2025-05-13	FRN-019	BD-1040	120	274,41 $	Recue
ACH-70590	2025-04-15	2025-05-13	2025-05-13	FRN-019	BD-1056	96	293,14 $	Recue
ACH-70590	2025-04-15	2025-05-13	2025-05-13	FRN-019	BD-1061	12	76,81 $	Recue
ACH-70590	2025-04-15	2025-05-13	2025-05-13	FRN-019	BD-1061	240	76,81 $	Recue
ACH-70591	2025-05-02	2025-05-30	2025-05-30	FRN-019	BD-1056	60	293,14 $	Recue
ACH-70592	2025-05-21	2025-06-18	2025-06-18	FRN-019	BD-1047	120	71,53 $	Recue
ACH-70592	2025-05-21	2025-06-18	2025-06-18	FRN-019	BD-1040	48	274,41 $	Recue
ACH-70592	2025-05-21	2025-06-18	2025-06-18	FRN-019	BD-1035	96	30,63 $	Recue
ACH-70592	2025-05-21	2025-06-18	2025-06-18	FRN-019	BD-1058	96	149,54 $	Recue
ACH-70593	2025-06-05	2025-07-03	2025-07-03	FRN-019	BD-9161	36	33,51 $	Recue
ACH-70594	2025-06-22	2025-07-20	2025-07-30	FRN-019	BD-1051	48	79,76 $	Recue
ACH-70594	2025-06-22	2025-07-20	2025-07-30	FRN-019	BD-1047	48	71,53 $	Recue
ACH-70594	2025-06-22	2025-07-20	2025-07-30	FRN-019	BD-1058	36	149,54 $	Recue
ACH-70594	2025-06-22	2025-07-20	2025-07-30	FRN-019	BD-1043	96	300,28 $	Recue
ACH-70594	2025-06-22	2025-07-20	2025-07-30	FRN-019	BD-1061	60	76,81 $	Recue
ACH-70595	2025-07-05	2025-08-02	2025-08-02	FRN-019	BD-1040	240	274,41 $	Recue
ACH-70595	2025-07-05	2025-08-02	2025-08-02	FRN-019	BD-1051	24	79,76 $	Recue
ACH-70595	2025-07-05	2025-08-02	2025-08-02	FRN-019	BD-1040	120	274,41 $	Recue
ACH-70595	2025-07-05	2025-08-02	2025-08-02	FRN-019	BD-1058	120	149,54 $	Recue
ACH-70595	2025-07-05	2025-08-02	2025-08-02	FRN-019	BD-1056	240	293,14 $	Recue
ACH-70596	2025-07-15	2025-08-12	2025-08-18	FRN-019	BD-1061	120	76,81 $	Recue
ACH-70597	2025-07-31	2025-08-28	2025-08-29	FRN-019	BD-1058	36	149,54 $	Recue
ACH-70597	2025-07-31	2025-08-28	2025-08-29	FRN-019	BD-1051	24	79,76 $	Recue
ACH-70597	2025-07-31	2025-08-28	2025-08-29	FRN-019	BD-1043	36	300,28 $	Recue
ACH-70597	2025-07-31	2025-08-28	2025-08-29	FRN-019	BD-1047	96	71,53 $	Recue
ACH-70598	2025-08-11	2025-09-08	2025-09-08	FRN-019	BD-1043	60	300,28 $	Recue
ACH-70598	2025-08-11	2025-09-08	2025-09-08	FRN-019	BD-1051	240	79,76 $	Recue
ACH-70598	2025-08-11	2025-09-08	2025-09-08	FRN-019	BD-1056	12	293,14 $	Recue
ACH-70598	2025-08-11	2025-09-08	2025-09-08	FRN-019	BD-1056	96	293,14 $	Recue
ACH-70599	2025-08-29	2025-09-26	2025-09-26	FRN-019	BD-1047	120	71,53 $	Recue
ACH-70599	2025-08-29	2025-09-26	2025-09-26	FRN-019	BD-1056	36	293,14 $	Recue
ACH-70599	2025-08-29	2025-09-26	2025-09-26	FRN-019	BD-1035	60	30,63 $	Recue
ACH-70600	2025-09-17	2025-10-15	2025-10-15	FRN-019	BD-1051	24	79,76 $	Recue
ACH-70600	2025-09-17	2025-10-15	2025-10-15	FRN-019	BD-1061	48	76,81 $	Recue
ACH-70600	2025-09-17	2025-10-15	2025-10-15	FRN-019	BD-1058	24	149,54 $	Recue
ACH-70600	2025-09-17	2025-10-15	2025-10-15	FRN-019	BD-1056	240	293,14 $	Recue
ACH-70600	2025-09-17	2025-10-15	2025-10-15	FRN-019	BD-1051	60	79,76 $	Recue
ACH-70601	2025-10-02	2025-10-30	2025-10-30	FRN-019	BD-1048	120	33,51 $	Recue
ACH-70602	2025-10-19	2025-11-16	2025-11-16	FRN-019	BD-1048	24	33,51 $	Recue
ACH-70602	2025-10-19	2025-11-16	2025-11-16	FRN-019	BD-1061	120	76,81 $	Recue
ACH-70602	2025-10-19	2025-11-16	2025-11-16	FRN-019	BD-1051	-9	79,76 $	Recue
ACH-70602	2025-10-19	2025-11-16	2025-11-16	FRN-019	BD-1040	96	274,41 $	Recue
ACH-70603	2025-11-05	2025-12-03	2025-12-03	FRN-019	BD-1040	120	274,41 $	Recue
ACH-70603	2025-11-05	2025-12-03	2025-12-03	FRN-019	BD-1058	36	149,54 $	Recue
ACH-70604	2025-11-25	2025-12-23	2025-12-27	FRN-019	BD-1058	48	149,54 $	Recue
ACH-70604	2025-11-25	2025-12-23	2025-12-27	FRN-019	BD-1061	24	76,81 $	Recue
ACH-70604	2025-11-25	2025-12-23	2025-12-27	FRN-019	BD-1035	36	30,63 $	Recue
ACH-70605	2025-12-04	2026-01-01		FRN-019	BD-1048	-24	33,51 $	En transit
ACH-70606	2025-12-16	2026-01-13		FRN-019	BD-1061	120	76,81 $	En transit
ACH-70606	2025-12-16	2026-01-13		FRN-019	BD-1048	24	33,51 $	En transit
ACH-70606	2025-12-16	2026-01-13		FRN-019	BD-1040	60	274,41 $	En transit
ACH-70606	2025-12-16	2026-01-13		FRN-019	BD-1043	240	300,28 $	En transit
ACH-70606	2025-12-16	2026-01-13		FRN-019	BD-1061	96	76,81 $	En transit
ACH-70607	2025-12-27	2026-01-24		FRN-019	BD-1058	120	149,54 $	En transit
ACH-70607	2025-12-27	2026-01-24		FRN-019	BD-1058	48	149,54 $	En transit
ACH-70607	2025-12-27	2026-01-24		FRN-019	BD-1040	24	274,41 $	En transit
ACH-70608	2024-01-19	2024-02-16	2024-02-16	FRN-020	BD-1094	240	121,74 $	Recue
ACH-70608	2024-01-19	2024-02-16	2024-02-16	FRN-020	BD-9273	120	322,02 $	Recue
ACH-70608	2024-01-19	2024-02-16	2024-02-16	FRN-020	BD-1094	60	121,74 $	Recue
ACH-70608	2024-01-19	2024-02-16	2024-02-16	FRN-020	BD-1165	96	105,70 $	Recue
ACH-70608	2024-01-19	2024-02-16	2024-02-16	FRN-020	BD-1165	48	105,70 $	Recue
ACH-70609	2024-02-06	2024-03-05	2024-03-05	FRN-020	BD-1179	12	226,59 $	Recue
ACH-70609	2024-02-06	2024-03-05	2024-03-05	FRN-020	BD-1165	24	105,70 $	Recue
ACH-70609	2024-02-06	2024-03-05	2024-03-05	FRN-020	BD-1179	96	226,59 $	Recue
ACH-70609	2024-02-06	2024-03-05	2024-03-05	FRN-020	BD-1168	24	224,71 $	Recue
ACH-70609	2024-02-06	2024-03-05	2024-03-05	FRN-020	BD-1173	96	207,98 $	Recue
ACH-70610	2024-02-22	2024-03-21	2024-03-21	FRN-020	BD-1168	36	224,71 $	Recue
ACH-70611	2024-03-07	2024-04-04	2024-04-04	FRN-020	BD-1094	60	121,74 $	Recue
ACH-70612	2024-03-21	2024-04-18	2024-04-18	FRN-020	BD-1174	48	165,53 $	Recue
ACH-70613	2024-03-30	2024-04-27	2024-04-27	FRN-020	BD-1173	96	207,98 $	Recue
ACH-70613	2024-03-30	2024-04-27	2024-04-27	FRN-020	BD-1173	120	207,98 $	Recue
ACH-70613	2024-03-30	2024-04-27	2024-04-27	FRN-020	BD-1179	24	226,59 $	Recue
ACH-70613	2024-03-30	2024-04-27	2024-04-27	FRN-020	BD-1173	240	207,98 $	Recue
ACH-70614	2024-04-14	2024-05-12	2024-05-12	FRN-020	BD-1179	96	226,59 $	Recue
ACH-70614	2024-04-14	2024-05-12	2024-05-12	FRN-020	BD-1173	60	207,98 $	Recue
ACH-70614	2024-04-14	2024-05-12	2024-05-12	FRN-020	BD-1165	12	105,70 $	Recue
ACH-70614	2024-04-14	2024-05-12	2024-05-12	FRN-020	BD-1165	24	105,70 $	Recue
ACH-70615	2024-04-24	2024-05-22	2024-05-22	FRN-020	BD-1174	60	165,53 $	Recue
ACH-70615	2024-04-24	2024-05-22	2024-05-22	FRN-020	BD-1094	36	121,74 $	Recue
ACH-70615	2024-04-24	2024-05-22	2024-05-22	FRN-020	BD-1165	36	105,70 $	Recue
ACH-70615	2024-04-24	2024-05-22	2024-05-22	FRN-020	BD-1168	36	224,71 $	Recue
ACH-70616	2024-05-10	2024-06-07	2024-06-07	FRN-020	BD-1176	120	322,02 $	Recue
ACH-70616	2024-05-10	2024-06-07	2024-06-07	FRN-020	BD-1094	120	121,74 $	Recue
ACH-70616	2024-05-10	2024-06-07	2024-06-07	FRN-020	BD-1094	36	121,74 $	Recue
ACH-70616	2024-05-10	2024-06-07	2024-06-07	FRN-020	BD-1176	-60	322,02 $	Recue
ACH-70616	2024-05-10	2024-06-07	2024-06-07	FRN-020	BD-1168	48	224,71 $	Recue
ACH-70617	2024-05-29	2024-06-26	2024-06-26	FRN-020	BD-1179	48	226,59 $	Recue
ACH-70617	2024-05-29	2024-06-26	2024-06-26	FRN-020	BD-1094	48	121,74 $	Recue
ACH-70617	2024-05-29	2024-06-26	2024-06-26	FRN-020	BD-1176	60	322,02 $	Recue
ACH-70618	2024-06-10	2024-07-08	2024-07-08	FRN-020	BD-1165	24	105,70 $	Recue
ACH-70618	2024-06-10	2024-07-08	2024-07-08	FRN-020	BD-1179	240	226,59 $	Recue
ACH-70618	2024-06-10	2024-07-08	2024-07-08	FRN-020	BD-1176	36	322,02 $	Recue
ACH-70619	2024-06-25	2024-07-23	2024-08-08	FRN-020	BD-1174	48	165,53 $	Recue
ACH-70619	2024-06-25	2024-07-23	2024-08-08	FRN-020	BD-1179	24	226,59 $	Recue
ACH-70619	2024-06-25	2024-07-23	2024-08-08	FRN-020	BD-1179	48	226,59 $	Recue
ACH-70619	2024-06-25	2024-07-23	2024-08-08	FRN-020	BD-1168	48	224,71 $	Recue
ACH-70619	2024-06-25	2024-07-23	2024-08-08	FRN-020	BD-1176	96	322,02 $	Recue
ACH-70620	2024-07-14	2024-08-11	2024-08-11	FRN-020	BD-1168	36	224,71 $	Recue
ACH-70620	2024-07-14	2024-08-11	2024-08-11	FRN-020	BD-1176	12	322,02 $	Recue
ACH-70620	2024-07-14	2024-08-11	2024-08-11	FRN-020	BD-1176	60	322,02 $	Recue
ACH-70620	2024-07-14	2024-08-11	2024-08-11	FRN-020	BD-1173	60	207,98 $	Recue
ACH-70620	2024-07-14	2024-08-11	2024-08-11	FRN-020	BD-1173	48	207,98 $	Recue
ACH-70621	2024-07-31	2024-08-28	2024-08-28	FRN-020	BD-1176	120	322,02 $	Recue
ACH-70621	2024-07-31	2024-08-28	2024-08-28	FRN-020	BD-1173	36	207,98 $	Recue
ACH-70621	2024-07-31	2024-08-28	2024-08-28	FRN-020	BD-1174	36	165,53 $	Recue
ACH-70621	2024-07-31	2024-08-28	2024-08-28	FRN-020	BD-1165	60	105,70 $	Recue
ACH-70622	2024-08-14	2024-09-11	2024-09-11	FRN-020	BD-1165	60	105,70 $	Recue
ACH-70623	2024-09-02	2024-09-30	2024-09-30	FRN-020	BD-1173	60	207,98 $	Recue
ACH-70623	2024-09-02	2024-09-30	2024-09-30	FRN-020	BD-1176	48	322,02 $	Recue
ACH-70623	2024-09-02	2024-09-30	2024-09-30	FRN-020	BD-1173	24	207,98 $	Recue
ACH-70623	2024-09-02	2024-09-30	2024-09-30	FRN-020	BD-1176	120	322,02 $	Recue
ACH-70623	2024-09-02	2024-09-30	2024-09-30	FRN-020	BD-1179	120	226,59 $	Recue
ACH-70624	2024-09-18	2024-10-16	2024-10-16	FRN-020	BD-1094	96	121,74 $	Recue
ACH-70624	2024-09-18	2024-10-16	2024-10-16	FRN-020	BD-1168	36	224,71 $	Recue
ACH-70624	2024-09-18	2024-10-16	2024-10-16	FRN-020	BD-1094	24	121,74 $	Recue
ACH-70625	2024-10-01	2024-10-29	2024-10-31	FRN-020	BD-1094	60	121,74 $	Recue
ACH-70626	2024-10-14	2024-11-11	2024-11-15	FRN-020	BD-1179	96	226,59 $	Recue
ACH-70626	2024-10-14	2024-11-11	2024-11-15	FRN-020	BD-1168	120	224,71 $	Recue
ACH-70626	2024-10-14	2024-11-11	2024-11-15	FRN-020	BD-1176	240	322,02 $	Recue
ACH-70627	2024-11-01	2024-11-29	2024-12-13	FRN-020	BD-1094	48	121,74 $	Recue
ACH-70627	2024-11-01	2024-11-29	2024-12-13	FRN-020	BD-1173	24	207,98 $	Recue
ACH-70627	2024-11-01	2024-11-29	2024-12-13	FRN-020	BD-1179	48	226,59 $	Recue
ACH-70628	2024-11-10	2024-12-08	2024-12-08	FRN-020	BD-1168	240	224,71 $	Recue
ACH-70628	2024-11-10	2024-12-08	2024-12-08	FRN-020	BD-1094	96	121,74 $	Recue
ACH-70628	2024-11-10	2024-12-08	2024-12-08	FRN-020	BD-1173	48	207,98 $	Recue
ACH-70628	2024-11-10	2024-12-08	2024-12-08	FRN-020	BD-1179	240	226,59 $	Recue
ACH-70629	2024-11-22	2024-12-20	2024-12-21	FRN-020	BD-1094	60	121,74 $	Recue
ACH-70629	2024-11-22	2024-12-20	2024-12-21	FRN-020	BD-1174	60	165,53 $	Recue
ACH-70629	2024-11-22	2024-12-20	2024-12-21	FRN-020	BD-1174	240	165,53 $	Recue
ACH-70630	2024-12-09	2025-01-06	2025-01-06	FRN-020	BD-1179	12	226,59 $	Recue
ACH-70631	2024-12-26	2025-01-23	2025-02-12	FRN-020	BD-1174	240	165,53 $	Recue
ACH-70631	2024-12-26	2025-01-23	2025-02-12	FRN-020	BD-1168	48	224,71 $	Recue
ACH-70632	2025-01-07	2025-02-04	2025-02-09	FRN-020	BD-1174	240	169,01 $	Recue
ACH-70633	2025-01-19	2025-02-16	2025-02-16	FRN-020	BD-1165	48	107,92 $	Recue
ACH-70633	2025-01-19	2025-02-16	2025-02-16	FRN-020	BD-1179	36	231,35 $	Recue
ACH-70633	2025-01-19	2025-02-16	2025-02-16	FRN-020	BD-1174	48	169,01 $	Recue
ACH-70633	2025-01-19	2025-02-16	2025-02-16	FRN-020	BD-1174	12	169,01 $	Recue
ACH-70634	2025-02-05	2025-03-05	2025-03-05	FRN-020	BD-1174	240	169,01 $	Recue
ACH-70634	2025-02-05	2025-03-05	2025-03-05	FRN-020	BD-1176	240	328,78 $	Recue
ACH-70635	2025-02-17	2025-03-17	2025-03-17	FRN-020	BD-1176	36	328,78 $	Recue
ACH-70635	2025-02-17	2025-03-17	2025-03-17	FRN-020	BD-1165	-60	107,92 $	Recue
ACH-70635	2025-02-17	2025-03-17	2025-03-17	FRN-020	BD-1173	120	212,35 $	Recue
ACH-70635	2025-02-17	2025-03-17	2025-03-17	FRN-020	BD-1174	120	169,01 $	Recue
ACH-70636	2025-03-08	2025-04-05	2025-04-05	FRN-020	BD-1168	36	229,43 $	Recue
ACH-70636	2025-03-08	2025-04-05	2025-04-05	FRN-020	BD-1176	12	328,78 $	Recue
ACH-70636	2025-03-08	2025-04-05	2025-04-05	FRN-020	BD-1168	24	229,43 $	Recue
ACH-70637	2025-03-18	2025-04-15	2025-04-15	FRN-020	BD-1168	60	229,43 $	Recue
ACH-70638	2025-03-31	2025-04-28	2025-04-28	FRN-020	BD-1168	12	229,43 $	Recue
ACH-70638	2025-03-31	2025-04-28	2025-04-28	FRN-020	BD-1173	24	212,35 $	Recue
ACH-70639	2025-04-20	2025-05-18	2025-05-18	FRN-020	BD-1174	120	169,01 $	Recue
ACH-70640	2025-04-29	2025-05-27	2025-05-27	FRN-020	BD-1165	24	107,92 $	Recue
ACH-70640	2025-04-29	2025-05-27	2025-05-27	FRN-020	BD-1176	48	328,78 $	Recue
ACH-70640	2025-04-29	2025-05-27	2025-05-27	FRN-020	BD-1174	48	169,01 $	Recue
ACH-70641	2025-05-15	2025-06-12	2025-06-13	FRN-020	BD-1179	60	231,35 $	Recue
ACH-70641	2025-05-15	2025-06-12	2025-06-13	FRN-020	BD-1174	60	169,01 $	Recue
ACH-70641	2025-05-15	2025-06-12	2025-06-13	FRN-020	BD-1173	12	212,35 $	Recue
ACH-70641	2025-05-15	2025-06-12	2025-06-13	FRN-020	BD-1173	12	212,35 $	Recue
ACH-70642	2025-05-31	2025-06-28	2025-07-01	FRN-020	BD-1174	240	169,01 $	Recue
ACH-70642	2025-05-31	2025-06-28	2025-07-01	FRN-020	BD-1094	12	124,30 $	Recue
ACH-70642	2025-05-31	2025-06-28	2025-07-01	FRN-020	BD-1168	48	229,43 $	Recue
ACH-70642	2025-05-31	2025-06-28	2025-07-01	FRN-020	BD-1094	96	124,30 $	Recue
ACH-70643	2025-06-18	2025-07-16	2025-08-07	FRN-020	BD-1179	12	231,35 $	Recue
ACH-70643	2025-06-18	2025-07-16	2025-08-07	FRN-020	BD-1174	120	169,01 $	Recue
ACH-70643	2025-06-18	2025-07-16	2025-08-07	FRN-020	BD-1176	36	328,78 $	Recue
ACH-70644	2025-07-04	2025-08-01	2025-08-01	FRN-020	BD-1094	24	124,30 $	Recue
ACH-70645	2025-07-13	2025-08-10	2025-08-10	FRN-020	BD-1173	36	212,35 $	Recue
ACH-70646	2025-07-25	2025-08-22	2025-08-22	FRN-020	BD-1179	240	231,35 $	Recue
ACH-70646	2025-07-25	2025-08-22	2025-08-22	FRN-020	BD-1173	60	212,35 $	Recue
ACH-70647	2025-08-06	2025-09-03	2025-09-03	FRN-020	BD-1174	240	169,01 $	Recue
ACH-70648	2025-08-20	2025-09-17	2025-09-17	FRN-020	BD-1179	240	231,35 $	Recue
ACH-70648	2025-08-20	2025-09-17	2025-09-17	FRN-020	BD-1176	48	328,78 $	Recue
ACH-70648	2025-08-20	2025-09-17	2025-09-17	FRN-020	BD-1173	120	212,35 $	Recue
ACH-70648	2025-08-20	2025-09-17	2025-09-17	FRN-020	BD-1176	96	328,78 $	Recue
ACH-70648	2025-08-20	2025-09-17	2025-09-17	FRN-020	BD-1094	24	124,30 $	Recue
ACH-70649	2025-08-31	2025-09-28	2025-10-04	FRN-020	BD-1173	96	212,35 $	Recue
ACH-70649	2025-08-31	2025-09-28	2025-10-04	FRN-020	BD-1094	96	124,30 $	Recue
ACH-70650	2025-09-18	2025-10-16	2025-10-16	FRN-020	BD-1165	240	107,92 $	Recue
ACH-70651	2025-10-07	2025-11-04	2025-11-04	FRN-020	BD-1179	240	231,35 $	Recue
ACH-70651	2025-10-07	2025-11-04	2025-11-04	FRN-020	BD-1165	60	107,92 $	Recue
ACH-70651	2025-10-07	2025-11-04	2025-11-04	FRN-020	BD-1176	12	328,78 $	Recue
ACH-70651	2025-10-07	2025-11-04	2025-11-04	FRN-020	BD-1165	-9	107,92 $	Recue
ACH-70651	2025-10-07	2025-11-04	2025-11-04	FRN-020	BD-1179	12	231,35 $	Recue
ACH-70652	2025-10-27	2025-11-24	2025-11-28	FRN-020	BD-1094	12	124,30 $	Recue
ACH-70652	2025-10-27	2025-11-24	2025-11-28	FRN-020	BD-1174	96	169,01 $	Recue
ACH-70653	2025-11-14	2025-12-12	2025-12-12	FRN-020	BD-1176	120	328,78 $	Recue
ACH-70653	2025-11-14	2025-12-12	2025-12-12	FRN-020	BD-9838	240	124,30 $	Recue
ACH-70653	2025-11-14	2025-12-12	2025-12-12	FRN-020	BD-1094	240	124,30 $	Recue
ACH-70654	2025-11-27	2025-12-25	2025-12-25	FRN-020	BD-1168	96	229,43 $	Recue
ACH-70654	2025-11-27	2025-12-25	2025-12-25	FRN-020	BD-1176	12	328,78 $	Recue
ACH-70654	2025-11-27	2025-12-25	2025-12-25	FRN-020	BD-1179	96	231,35 $	Recue
ACH-70655	2025-12-10	2026-01-07		FRN-020	BD-1165	60	107,92 $	En transit
ACH-70655	2025-12-10	2026-01-07		FRN-020	BD-1173	240	212,35 $	En transit
ACH-70655	2025-12-10	2026-01-07		FRN-020	BD-1094	60	124,30 $	En transit
ACH-70656	2025-12-23	2026-01-20		FRN-020	BD-1173	96	212,35 $	En transit
ACH-70656	2025-12-23	2026-01-20		FRN-020	BD-1094	60	124,30 $	En transit
ACH-70656	2025-12-23	2026-01-20		FRN-020	BD-1173	60	212,35 $	En transit
ACH-70656	2025-12-23	2026-01-20		FRN-020	BD-1168	240	229,43 $	En transit
ACH-70657	2024-01-17	2024-01-31	2024-01-31	FRN-021	BD-1116	24	58,93 $	Recue
ACH-70657	2024-01-17	2024-01-31	2024-01-31	FRN-021	BD-1104	240	75,12 $	Recue
ACH-70658	2024-01-26	2024-02-09	2024-02-09	FRN-021	BD-1107	36	147,44 $	Recue
ACH-70659	2024-02-07	2024-02-21	2024-02-21	FRN-021	BD-1115	24	46,26 $	Recue
ACH-70659	2024-02-07	2024-02-21	2024-02-21	FRN-021	BD-1016	48	219,41 $	Recue
ACH-70659	2024-02-07	2024-02-21	2024-02-21	FRN-021	BD-1124	36	150,61 $	Recue
ACH-70659	2024-02-07	2024-02-21	2024-02-21	FRN-021	BD-1107	48	147,44 $	Recue
ACH-70659	2024-02-07	2024-02-21	2024-02-21	FRN-021	BD-1107	36	147,44 $	Recue
ACH-70660	2024-02-18	2024-03-03	2024-03-03	FRN-021	BD-1104	60	75,12 $	Recue
ACH-70661	2024-03-05	2024-03-19	2024-04-06	FRN-021	BD-1104	96	75,12 $	Recue
ACH-70661	2024-03-05	2024-03-19	2024-04-06	FRN-021	BD-1113	36	276,01 $	Recue
ACH-70661	2024-03-05	2024-03-19	2024-04-06	FRN-021	BD-1033	60	110,89 $	Recue
ACH-70662	2024-03-24	2024-04-07	2024-04-22	FRN-021	BD-1107	120	147,44 $	Recue
ACH-70662	2024-03-24	2024-04-07	2024-04-22	FRN-021	BD-1113	12	276,01 $	Recue
ACH-70662	2024-03-24	2024-04-07	2024-04-22	FRN-021	BD-1124	12	150,61 $	Recue
ACH-70662	2024-03-24	2024-04-07	2024-04-22	FRN-021	BD-1115	12	46,26 $	Recue
ACH-70662	2024-03-24	2024-04-07	2024-04-22	FRN-021	BD-1004	36	155,56 $	Recue
ACH-70663	2024-04-07	2024-04-21	2024-04-21	FRN-021	BD-1004	96	155,56 $	Recue
ACH-70663	2024-04-07	2024-04-21	2024-04-21	FRN-021	BD-1107	240	147,44 $	Recue
ACH-70663	2024-04-07	2024-04-21	2024-04-21	FRN-021	BD-1023	60	239,29 $	Recue
ACH-70663	2024-04-07	2024-04-21	2024-04-21	FRN-021	BD-1124	60	150,61 $	Recue
ACH-70664	2024-04-25	2024-05-09	2024-05-26	FRN-021	BD-1110	36	178,91 $	Recue
ACH-70664	2024-04-25	2024-05-09	2024-05-26	FRN-021	BD-1026	60	241,74 $	Recue
ACH-70664	2024-04-25	2024-05-09	2024-05-26	FRN-021	BD-1033	36	110,89 $	Recue
ACH-70665	2024-05-11	2024-05-25	2024-05-25	FRN-021	BD-1110	48	178,91 $	Recue
ACH-70666	2024-05-25	2024-06-08	2024-06-08	FRN-021	BD-1033	240	110,89 $	Recue
ACH-70666	2024-05-25	2024-06-08	2024-06-08	FRN-021	BD-1113	12	276,01 $	Recue
ACH-70666	2024-05-25	2024-06-08	2024-06-08	FRN-021	BD-1016	60	219,41 $	Recue
ACH-70667	2024-06-12	2024-06-26	2024-07-17	FRN-021	BD-1113	96	276,01 $	Recue
ACH-70667	2024-06-12	2024-06-26	2024-07-17	FRN-021	BD-1026	36	241,74 $	Recue
ACH-70667	2024-06-12	2024-06-26	2024-07-17	FRN-021	BD-1033	12	110,89 $	Recue
ACH-70667	2024-06-12	2024-06-26	2024-07-17	FRN-021	BD-1016	36	219,41 $	Recue
ACH-70667	2024-06-12	2024-06-26	2024-07-17	FRN-021	BD-1110	60	178,91 $	Recue
ACH-70668	2024-06-29	2024-07-13	2024-07-13	FRN-021	BD-1124	-30	150,61 $	Recue
ACH-70668	2024-06-29	2024-07-13	2024-07-13	FRN-021	BD-1116	60	58,93 $	Recue
ACH-70668	2024-06-29	2024-07-13	2024-07-13	FRN-021	BD-1107	48	147,44 $	Recue
ACH-70668	2024-06-29	2024-07-13	2024-07-13	FRN-021	BD-1026	120	241,74 $	Recue
ACH-70669	2024-07-13	2024-07-27	2024-07-27	FRN-021	BD-1115	12	46,26 $	Recue
ACH-70669	2024-07-13	2024-07-27	2024-07-27	FRN-021	BD-1107	240	147,44 $	Recue
ACH-70669	2024-07-13	2024-07-27	2024-07-27	FRN-021	BD-1115	120	46,26 $	Recue
ACH-70669	2024-07-13	2024-07-27	2024-07-27	FRN-021	BD-1016	96	219,41 $	Recue
ACH-70669	2024-07-13	2024-07-27	2024-07-27	FRN-021	BD-1116	24	58,93 $	Recue
ACH-70670	2024-07-26	2024-08-09	2024-08-13	FRN-021	BD-1016	96	219,41 $	Recue
ACH-70670	2024-07-26	2024-08-09	2024-08-13	FRN-021	BD-1004	12	155,56 $	Recue
ACH-70670	2024-07-26	2024-08-09	2024-08-13	FRN-021	BD-1033	-3	110,89 $	Recue
ACH-70670	2024-07-26	2024-08-09	2024-08-13	FRN-021	BD-1107	120	147,44 $	Recue
ACH-70671	2024-08-13	2024-08-27	2024-08-27	FRN-021	BD-1026	36	241,74 $	Recue
ACH-70671	2024-08-13	2024-08-27	2024-08-27	FRN-021	BD-1124	60	150,61 $	Recue
ACH-70672	2024-08-29	2024-09-12	2024-09-12	FRN-021	BD-1026	120	241,74 $	Recue
ACH-70672	2024-08-29	2024-09-12	2024-09-12	FRN-021	BD-1124	24	150,61 $	Recue
ACH-70672	2024-08-29	2024-09-12	2024-09-12	FRN-021	BD-1113	36	276,01 $	Recue
ACH-70672	2024-08-29	2024-09-12	2024-09-12	FRN-021	BD-1033	24	110,89 $	Recue
ACH-70673	2024-09-14	2024-09-28	2024-09-28	FRN-021	BD-1026	120	241,74 $	Recue
ACH-70673	2024-09-14	2024-09-28	2024-09-28	FRN-021	BD-1026	48	241,74 $	Recue
ACH-70673	2024-09-14	2024-09-28	2024-09-28	FRN-021	BD-1116	-15	58,93 $	Recue
ACH-70673	2024-09-14	2024-09-28	2024-09-28	FRN-021	BD-1115	12	46,26 $	Recue
ACH-70674	2024-10-01	2024-10-15	2024-10-15	FRN-021	BD-1113	96	276,01 $	Recue
ACH-70674	2024-10-01	2024-10-15	2024-10-15	FRN-021	BD-1104	24	75,12 $	Recue
ACH-70675	2024-10-13	2024-10-27	2024-10-27	FRN-021	BD-1110	-6	178,91 $	Recue
ACH-70675	2024-10-13	2024-10-27	2024-10-27	FRN-021	BD-1004	48	155,56 $	Recue
ACH-70676	2024-10-23	2024-11-06	2024-11-08	FRN-021	BD-1115	48	46,26 $	Recue
ACH-70676	2024-10-23	2024-11-06	2024-11-08	FRN-021	BD-1110	24	178,91 $	Recue
ACH-70677	2024-11-06	2024-11-20	2024-11-26	FRN-021	BD-1124	96	150,61 $	Recue
ACH-70677	2024-11-06	2024-11-20	2024-11-26	FRN-021	BD-1110	12	178,91 $	Recue
ACH-70677	2024-11-06	2024-11-20	2024-11-26	FRN-021	BD-1124	60	150,61 $	Recue
ACH-70677	2024-11-06	2024-11-20	2024-11-26	FRN-021	BD-1113	48	276,01 $	Recue
ACH-70677	2024-11-06	2024-11-20	2024-11-26	FRN-021	BD-1026	36	241,74 $	Recue
ACH-70678	2024-11-25	2024-12-09	2024-12-09	FRN-021	BD-1115	240	46,26 $	Recue
ACH-70678	2024-11-25	2024-12-09	2024-12-09	FRN-021	BD-1026	24	241,74 $	Recue
ACH-70678	2024-11-25	2024-12-09	2024-12-09	FRN-021	BD-1110	48	178,91 $	Recue
ACH-70678	2024-11-25	2024-12-09	2024-12-09	FRN-021	BD-1124	-15	150,61 $	Recue
ACH-70678	2024-11-25	2024-12-09	2024-12-09	FRN-021	BD-1026	24	241,74 $	Recue
ACH-70679	2024-12-10	2024-12-24	2024-12-24	FRN-021	BD-1104	96	75,12 $	Recue
ACH-70679	2024-12-10	2024-12-24	2024-12-24	FRN-021	BD-1033	240	110,89 $	Recue
ACH-70679	2024-12-10	2024-12-24	2024-12-24	FRN-021	BD-1110	96	178,91 $	Recue
ACH-70680	2024-12-19	2025-01-02	2025-01-02	FRN-021	BD-1104	240	75,12 $	Recue
ACH-70680	2024-12-19	2025-01-02	2025-01-02	FRN-021	BD-1113	12	276,01 $	Recue
ACH-70680	2024-12-19	2025-01-02	2025-01-02	FRN-021	BD-1026	12	241,74 $	Recue
ACH-70680	2024-12-19	2025-01-02	2025-01-02	FRN-021	BD-1004	24	155,56 $	Recue
ACH-70681	2025-01-03	2025-01-17	2025-01-17	FRN-021	BD-1110	24	182,67 $	Recue
ACH-70681	2025-01-03	2025-01-17	2025-01-17	FRN-021	BD-1023	120	244,32 $	Recue
ACH-70681	2025-01-03	2025-01-17	2025-01-17	FRN-021	BD-1113	240	281,81 $	Recue
ACH-70681	2025-01-03	2025-01-17	2025-01-17	FRN-021	BD-1115	48	47,23 $	Recue
ACH-70682	2025-01-23	2025-02-06	2025-02-06	FRN-021	BD-1023	48	244,32 $	Recue
ACH-70682	2025-01-23	2025-02-06	2025-02-06	FRN-021	BD-1104	120	76,70 $	Recue
ACH-70682	2025-01-23	2025-02-06	2025-02-06	FRN-021	BD-1107	120	150,54 $	Recue
ACH-70682	2025-01-23	2025-02-06	2025-02-06	FRN-021	BD-1004	120	158,83 $	Recue
ACH-70683	2025-02-04	2025-02-18	2025-02-18	FRN-021	BD-1124	36	153,77 $	Recue
ACH-70684	2025-02-14	2025-02-28	2025-02-28	FRN-021	BD-1026	48	246,82 $	Recue
ACH-70685	2025-03-05	2025-03-19	2025-03-19	FRN-021	BD-1026	36	246,82 $	Recue
ACH-70685	2025-03-05	2025-03-19	2025-03-19	FRN-021	BD-1004	120	158,83 $	Recue
ACH-70685	2025-03-05	2025-03-19	2025-03-19	FRN-021	BD-1113	60	281,81 $	Recue
ACH-70686	2025-03-15	2025-03-29	2025-04-01	FRN-021	BD-1115	96	47,23 $	Recue
ACH-70687	2025-03-24	2025-04-07	2025-04-07	FRN-021	BD-1113	36	281,81 $	Recue
ACH-70687	2025-03-24	2025-04-07	2025-04-07	FRN-021	BD-1115	12	47,23 $	Recue
ACH-70687	2025-03-24	2025-04-07	2025-04-07	FRN-021	BD-1115	120	47,23 $	Recue
ACH-70688	2025-04-09	2025-04-23	2025-04-23	FRN-021	BD-1110	240	182,67 $	Recue
ACH-70688	2025-04-09	2025-04-23	2025-04-23	FRN-021	BD-1124	96	153,77 $	Recue
ACH-70688	2025-04-09	2025-04-23	2025-04-23	FRN-021	BD-1107	24	150,54 $	Recue
ACH-70689	2025-04-28	2025-05-12	2025-05-12	FRN-021	BD-9322	48	150,54 $	Recue
ACH-70690	2025-05-13	2025-05-27	2025-05-27	FRN-021	BD-1124	120	153,77 $	Recue
ACH-70691	2025-05-25	2025-06-08	2025-06-08	FRN-021	BD-1026	240	246,82 $	Recue
ACH-70691	2025-05-25	2025-06-08	2025-06-08	FRN-021	BD-1115	36	47,23 $	Recue
ACH-70692	2025-06-09	2025-06-23	2025-06-23	FRN-021	BD-1116	240	60,17 $	Recue
ACH-70692	2025-06-09	2025-06-23	2025-06-23	FRN-021	BD-1104	48	76,70 $	Recue
ACH-70692	2025-06-09	2025-06-23	2025-06-23	FRN-021	BD-1026	48	246,82 $	Recue
ACH-70692	2025-06-09	2025-06-23	2025-06-23	FRN-021	BD-1110	120	182,67 $	Recue
ACH-70692	2025-06-09	2025-06-23	2025-06-23	FRN-021	BD-1116	120	60,17 $	Recue
ACH-70693	2025-06-29	2025-07-13	2025-07-13	FRN-021	BD-1016	60	224,02 $	Recue
ACH-70693	2025-06-29	2025-07-13	2025-07-13	FRN-021	BD-1110	24	182,67 $	Recue
ACH-70693	2025-06-29	2025-07-13	2025-07-13	FRN-021	BD-1116	120	60,17 $	Recue
ACH-70693	2025-06-29	2025-07-13	2025-07-13	FRN-021	BD-1016	12	224,02 $	Recue
ACH-70693	2025-06-29	2025-07-13	2025-07-13	FRN-021	BD-1107	48	150,54 $	Recue
ACH-70694	2025-07-14	2025-07-28	2025-07-28	FRN-021	BD-1033	60	113,22 $	Recue
ACH-70694	2025-07-14	2025-07-28	2025-07-28	FRN-021	BD-1004	240	158,83 $	Recue
ACH-70694	2025-07-14	2025-07-28	2025-07-28	FRN-021	BD-1124	120	153,77 $	Recue
ACH-70695	2025-07-24	2025-08-07	2025-08-07	FRN-021	BD-1023	240	244,32 $	Recue
ACH-70695	2025-07-24	2025-08-07	2025-08-07	FRN-021	BD-1107	96	150,54 $	Recue
ACH-70695	2025-07-24	2025-08-07	2025-08-07	FRN-021	BD-1116	60	60,17 $	Recue
ACH-70695	2025-07-24	2025-08-07	2025-08-07	FRN-021	BD-1107	24	150,54 $	Recue
ACH-70696	2025-08-06	2025-08-20	2025-08-20	FRN-021	BD-1124	240	153,77 $	Recue
ACH-70697	2025-08-21	2025-09-04	2025-09-04	FRN-021	BD-1104	96	76,70 $	Recue
ACH-70698	2025-09-06	2025-09-20	2025-09-20	FRN-021	BD-1033	240	113,22 $	Recue
ACH-70698	2025-09-06	2025-09-20	2025-09-20	FRN-021	BD-1113	48	281,81 $	Recue
ACH-70698	2025-09-06	2025-09-20	2025-09-20	FRN-021	BD-1016	60	224,02 $	Recue
ACH-70699	2025-09-15	2025-09-29	2025-09-29	FRN-021	BD-1113	12	281,81 $	Recue
ACH-70699	2025-09-15	2025-09-29	2025-09-29	FRN-021	BD-1004	36	158,83 $	Recue
ACH-70699	2025-09-15	2025-09-29	2025-09-29	FRN-021	BD-1124	60	153,77 $	Recue
ACH-70699	2025-09-15	2025-09-29	2025-09-29	FRN-021	BD-1104	12	76,70 $	Recue
ACH-70700	2025-09-26	2025-10-10	2025-10-10	FRN-021	BD-1124	240	153,77 $	Recue
ACH-70700	2025-09-26	2025-10-10	2025-10-10	FRN-021	BD-1026	24	246,82 $	Recue
ACH-70700	2025-09-26	2025-10-10	2025-10-10	FRN-021	BD-1033	60	113,22 $	Recue
ACH-70701	2025-10-06	2025-10-20	2025-10-20	FRN-021	BD-1110	36	182,67 $	Recue
ACH-70701	2025-10-06	2025-10-20	2025-10-20	FRN-021	BD-1110	12	182,67 $	Recue
ACH-70701	2025-10-06	2025-10-20	2025-10-20	FRN-021	BD-1110	36	182,67 $	Recue
ACH-70701	2025-10-06	2025-10-20	2025-10-20	FRN-021	BD-1023	36	244,32 $	Recue
ACH-70702	2025-10-17	2025-10-31	2025-11-04	FRN-021	BD-1023	60	244,32 $	Recue
ACH-70702	2025-10-17	2025-10-31	2025-11-04	FRN-021	BD-1107	12	150,54 $	Recue
ACH-70702	2025-10-17	2025-10-31	2025-11-04	FRN-021	BD-1113	12	281,81 $	Recue
ACH-70702	2025-10-17	2025-10-31	2025-11-04	FRN-021	BD-1110	48	182,67 $	Recue
ACH-70703	2025-11-06	2025-11-20	2025-11-20	FRN-021	BD-1124	36	153,77 $	Recue
ACH-70703	2025-11-06	2025-11-20	2025-11-20	FRN-021	BD-1124	12	153,77 $	Recue
ACH-70703	2025-11-06	2025-11-20	2025-11-20	FRN-021	BD-1113	36	281,81 $	Recue
ACH-70703	2025-11-06	2025-11-20	2025-11-20	FRN-021	BD-1004	48	158,83 $	Recue
ACH-70704	2025-11-20	2025-12-04	2025-12-11	FRN-021	BD-1124	12	153,77 $	Recue
ACH-70704	2025-11-20	2025-12-04	2025-12-11	FRN-021	BD-1116	36	60,17 $	Recue
ACH-70705	2025-12-06	2025-12-20	2025-12-20	FRN-021	BD-1026	12	246,82 $	Recue
ACH-70705	2025-12-06	2025-12-20	2025-12-20	FRN-021	BD-1113	12	281,81 $	Recue
ACH-70706	2025-12-24	2026-01-07		FRN-021	BD-1107	36	150,54 $	En transit
ACH-70706	2025-12-24	2026-01-07		FRN-021	BD-1004	48	158,83 $	En transit
