NO COMMANDE;DATE COMMANDE;DATE LIVRAISON;DATE PAIEMENT;CODE CLIENT;REPRESENTANT;ENTREPOT;CODE ARTICLE;QTE;PRIX UNITAIRE;REMISE %;COUT UNITAIRE;CANAL DE VENTE
CMD-101480;2024-09-04;11/09/2024;14/10/2024;CLI-0012;EMP-501;ENT-QC;BD-1070;14;57,68;24,30;39,88;Représentant
CMD-100175;21/02/2024;23/02/2024;2024-03-25;CLI-0034;EMP-507;ENT-QC;BD-1066;4;306,85;10,90;199,26;Portail web
CMD-102084;12-nov-24;15/11/2024;13/12/2024;CLI-0185;EMP-508;ENT-QC;BD-1139;6;288,49;19,60;198,93;Représentant
CMD-100660;08/05/2024;12/05/2024;2024-07-03;CLI-0076;EMP-507;ENT-SAG;BD-1098;3;330,66;25,00;257,11;Courriel
CMD-100144;12/02/2024;2024-02-18;;CLI-0084;EMP-503;ENT-SAG;BD-1170;3;31,43;10,60;16,60;Courriel
CMD-102320;2024-12-30;03/01/2025;06/02/2025;CLI-0011;EMP-507;ENT-QC;BD-1080;3;319,79;3,30;173,12;Représentant
CMD-101552;2024-09-11;20/09/2024;24/10/2024;CLI-0094;EMP-502;ENT-MTL;BD-1100;6;501,65;6,50;306,44;Téléphone
CMD-102281;17/12/2024;19/12/2024;2025-02-01;CLI-0062;EMP-507;ENT-MTL;BD-1067;6;35,76;14,00;23,77;Représentant
CMD-100747;20-mai-24;28/05/2024;;CLI-0127;EMP-503;ENT-MTL;BD-1030;3;162,58;11,20;98,88;Téléphone
CMD-101179;30/07/2024;07/08/2024;03/09/2024;CLI-0212;EMP-507;ENT-QC;BD-1062;12;140,91;21,60;112,54;Représentant
CMD-100114;02/02/2024;05/02/2024;2024-03-02;CLI-0090;EMP-505;ENT-MTL;BD-1046;6;420,44;11,90;308,91;Téléphone
CMD-100384;29/03/2024;2024-04-04;15/05/2024;CLI-0141;EMP-502;ENT-SAG;BD-1122;3;303,29;11,10;208,30;Téléphone
CMD-102167;23/11/2024;2024-11-28;22/12/2024;CLI-0164;EMP-509;ENT-QC;BD-1128;3;131,95;8,90;77,25;Représentant
CMD-100693;13/05/2024;21/05/2024;;CLI-0170;EMP-504;ENT-SAG;BD-1016;8;397,55;3,80;219,41;Représentant
CMD-102019;01/11/2024;2024-11-08;04/01/2025;CLI-0076;EMP-507;ENT-SAG;BD-1078;10;291,13;24,10;197,64;Portail web
CMD-101528;10/09/2024;17-sept-24;31/10/2024;cli-0047;EMP-508;ENT-QC;BD-1083;12;268,46;12,60;157,14;Téléphone
CMD-101419;29/08/2024;2024-09-02;12/09/2024;CLI-0063;EMP-503;ENT-MTL;BD-1035;1;40,19;16,90;30,00;Téléphone
CMD-101934;23-oct-24;27/10/2024;05/12/2024;CLI-0217;EMP-506;ENT-QC;BD-1130;34;420,07;25,60;317,23;Portail web
CMD-101632;19/09/2024;2024-09-21;29/11/2024;CLI-0128;EMP-502;ENT-SAG;BD-1092;24;243,34;13,80;140,04;Téléphone
CMD-102066;08/11/2024;15/11/2024;18/12/2024;CLI-0143;EMP-503;ENT-SAG;BD-1150;6;527,96;15,60;339,92;Portail web
CMD-100502;15/04/2024;24-avr-24;23/04/2024;CLI-0078;EMP-504;ENT-SAG;BD-1037;4;28,34;5,30;16,31;Représentant
CMD-101097;2024-07-11;19/07/2024;12/09/2024;CLI-0067;EMP-502;ENT-SAG;BD-1155;1;472,92;12,70;322,38;Représentant
CMD-101637;19-sept-24;23/09/2024;19/10/2024;CLI-0192;EMP-505;ENT-MTL;BD-1090;4;89,38;6,70;57,58;Téléphone
CMD-100956;18/06/2024;23/06/2024;2024-07-16;CLI-0074;EMP-507;ENT-MTL;BD-1059;19;398,36;24,50;324,94;Courriel
CMD-101688;26/09/2024;02/10/2024;07/10/2024;CLI-0217;EMP-506;ENT-MTL;BD-1052;13;236,27;23,10;179,27;Téléphone
CMD-100046;15/01/2024;20/01/2024;2024-02-08;CLI-0037;EMP-504;ENT-MTL;BD-1131;6;53,71;19,90;36,32;Courriel
CMD-100023;2024-01-08;15/01/2024;25/02/2024;CLI-0089;EMP-502;ENT-MTL;BD-1053;3;266,10;18,70;176,84;Représentant
CMD-102159;22-nov-24;26/11/2024;17/01/2025;CLI-0083;EMP-507;ENT-MTL;BD-1123;3;210,88;3,00;129,56;Représentant
CMD-100893;10/06/2024;17/06/2024;13-juil-24;CLI-0056;EMP-502;ENT-QC;BD-1121;10;61,49;21,00;43,73;Représentant
CMD-101203;01/08/2024;2024-08-03;19/09/2024;CLI-0121;EMP-508;ENT-QC;BD-1170;1;31,58;10,20;16,60;Représentant
CMD-101503;06/09/2024;12/09/2024;23-oct-24;CLI-0218;EMP-503;ENT-QC;BD-1085;6;62,82;6,50;40,90;Portail web
CMD-102010;31/10/2024;2024-11-08;25/11/2024;CLI-0206;EMP-503;ENT-SAG;BD-1179;6;379,69;12,00;226,59;Représentant
CMD-100816;29/05/2024;2024-05-31;10/07/2024;CLI-0164;EMP-509;ENT-QC;BD-1152;2;445,67;7,30;265,82;Représentant
CMD-101704;2024-09-27;01/10/2024;23/11/2024;CLI-0124;EMP-509;ENT-QC;BD-1115;4;69,89;6,40;46,26;Portail web
CMD-100801;27/05/2024;30/05/2024;07-juil-24;CLI-0187;EMP-507;ENT-MTL;BD-1090;8;81,94;14,50;57,58;Portail web
CMD-101037;29/06/2024;04-juil-24;19/08/2024;CLI-0090;EMP-505;ENT-MTL;BD-1023;24;337,86;10,50;239,29;Représentant
CMD-102125;18/11/2024;27/11/2024;22/12/2024;CLI-0175;EMP-505;ENT-MTL;BD-1056;4;448,17;8,90;287,11;Portail web
CMD-100377;29-mars-24;04/04/2024;20/04/2024;CLI-0177;EMP-505;ENT-QC;BD-1084;12;534,56;7,90;312,00;Représentant
CMD-100264;2024-03-09;14/03/2024;;CLI-0129;EMP-508;ENT-QC;BD-1157;4;47,88;8,50;24,69;Courriel
CMD-101246;07/08/2024;12/08/2024;05/10/2024;CLI-0137;EMP-503;ENT-QC;BD-1017;5;445,92;20,90;307,26;Portail web
CMD-100851;03/06/2024;08/06/2024;19/07/2024;CLI-0204;EMP-506;ENT-QC;BD-1122;8;325,65;4,60;208,30;Représentant
CMD-101826;10/10/2024;14/10/2024;2024-12-01;CLI-0212;EMP-507;ENT-QC;BD-1176;17;496,78;21,20;322,02;Portail web
CMD-100503;15-avr-24;24/04/2024;26/05/2024;CLI-0099;EMP-505;ENT-SAG;BD-1046;7;358,50;24,90;308,91;Représentant
CMD-100802;2024-05-27;30/05/2024;14/07/2024;CLI-0093;EMP-508;ENT-SAG;BD-1052;12;267,03;13,00;179,27;Portail web
CMD-101465;03/09/2024;08/09/2024;06-nov-24;CLI-0031;EMP-509;ENT-SAG;BD-1085;12;57,16;14,90;40,90;Portail web
CMD-100208;2024-02-29;06/03/2024;03/05/2024;CLI-0094;EMP-502;ENT-QC;BD-1053;3;298,48;8,80;176,84;Portail web
CMD-100215;01/03/2024;06/03/2024;04/04/2024;CLI-0018;EMP-503;ENT-QC;BD-1014;4;42,49;4,90;26,62;Courriel
CMD-100613;01/05/2024;08/05/2024;2024-06-25;CLI-0106;EMP-501;ENT-QC;BD-1123;8;182,80;16,00;129,56;Courriel
CMD-101375;23/08/2024;31/08/2024;2024-10-11;CLI-0045;EMP-502;ENT-QC;BD-1028;8;206,23;12,80;140,77;Représentant
CMD-100886;2024-06-07;09/06/2024;02/07/2024;CLI-0130;EMP-508;ENT-QC;BD-1059;32;398,16;24,50;324,94;Représentant
CMD-100472;11/04/2024;18-avr-24;15/06/2024;CLI-0203;EMP-503;ENT-QC;BD-1041;1;232,44;8,30;159,88;Représentant
CMD-101930;23/10/2024;28-oct-24;06/12/2024;CLI-0063;EMP-503;ENT-MTL;BD-1145;4;157,15;14,70;108,83;Représentant
CMD-102090;13/11/2024;20/11/2024;2025-01-01;CLI-0007;EMP-508;ENT-QC;BD-1143;4;364,39;2,90;215,92;Représentant
CMD-101571;13-sept-24;22/09/2024;28/10/2024;CLI-0075;EMP-506;ENT-MTL;BD-1070;4;70,65;7,30;39,88;Représentant
CMD-101278;n/d;17/08/2024;2024-09-16;CLI-0062;EMP-507;ENT-MTL;BD-1113;12;367,59;13,90;276,01;Représentant
CMD-101891;18-oct-24;22/10/2024;26/11/2024;CLI-0052;EMP-504;ENT-MTL;BD-1085;2;59,67;11,20;40,90;Représentant
CMD-101218;03/08/2024;2024-08-06;28/09/2024;CLI-0091;EMP-504;ENT-SAG;BD-1055;2;301,70;8,10;209,35;Salon
CMD-101883;17-oct-24;22/10/2024;10/12/2024;CLI-0166;EMP-503;ENT-MTL;BD-1068;24;469,20;16,80;284,28;Portail web
CMD-100895;2024-06-10;17/06/2024;27/07/2024;CLI-0133;EMP-508;ENT-SAG;BD-1180;24;162,46;14,20;93,34;Représentant
CMD-100514;17-avr-24;22/04/2024;13/06/2024;CLI-0089;EMP-502;ENT-QC;BD-1120;7;235,50;20,70;182,88;Représentant
CMD-101194;2024-08-01;04/08/2024;04/09/2024;CLI-0059;EMP-504;ENT-MTL;BD-1025;5;174,34;25,40;146,28;Téléphone
CMD-101600;16/09/2024;21/09/2024;23/10/2024;CLI-0146;EMP-503;ENT-QC;BD-1148;12;382,24;16,90;296,06;Représentant
CMD-101357;21/08/2024;2024-08-30;03/10/2024;CLI-0017;EMP-507;ENT-SAG;BD-1003;6;258,10;13,40;188,61;Téléphone
CMD-100841;31/05/2024;07/06/2024;2024-07-09;CLI-0020;EMP-508;ENT-QC;BD-1104;2;104,73;5,40;75,12;Portail web
CMD-101367;22/08/2024;2024-08-25;;CLI-0099;EMP-505;ENT-SAG;BD-1023;6;280,75;25,60;239,29;Téléphone
CMD-101469;04/09/2024;08/09/2024;10-oct-24;CLI-0012;EMP-501;ENT-SAG;BD-1079;8;211,36;19,80;144,83;Courriel
CMD-100807;28/05/2024;02/06/2024;02-juil-24;CLI-0196;EMP-506;ENT-MTL;BD-1159;8;263,01;9,00;166,16;Représentant
CMD-102039;2024-11-06;10/11/2024;05/12/2024;CLI-0033;EMP-504;ENT-QC;BD-1153;6;180,10;10,20;113,61;Représentant
CMD-101630;19/09/2024;21/09/2024;2024-10-10;CLI-0114;EMP-502;ENT-QC;BD-1005;8;300,95;8,00;204,06;Représentant
CMD-100060;18/01/2024;2024-01-20;28/02/2024;CLI-0199;EMP-504;ENT-MTL;BD-1135;24;62,56;14,70;39,89;Téléphone
CMD-100127;07/02/2024;2024-02-12;26/03/2024;CLI-0031;EMP-509;ENT-MTL;BD-1114;2;215,14;14,80;149,59;Téléphone
CMD-101506;07/09/2024;12/09/2024;31/10/2024;CLI-0130;EMP-508;ENT-SAG;BD-1045;10;98,43;24,90;76,76;Représentant
CMD-100332;21/03/2024;2024-03-26;13/04/2024;CLI-0209;EMP-508;ENT-MTL;BD-1182;34;85,01;21,90;56,87;Courriel
CMD-101572;13/09/2024;18/09/2024;12/10/2024;CLI-0084;EMP-503;ENT-QC;BD-1070;12;64,69;15,10;39,88;Portail web
CMD-100212;29/02/2024;2024-03-06;10/04/2024;CLI-0209;EMP-508;ENT-MTL;BD-1176;10;476,22;24,50;322,02;Portail web
CMD-101166;26/07/2024;29/07/2024;05-sept-24;CLI-0189;EMP-501;ENT-SAG;BD-1044;6;298,70;7,50;195,45;Représentant
CMD-100663;08/05/2024;11/05/2024;2024-06-18;CLI-0007;EMP-508;ENT-SAG;BD-1024;1;310,51;7,10;185,46;Représentant
CMD-100467;2024-04-10;17/04/2024;28/05/2024;CLI-0181;EMP-504;ENT-MTL;BD-1062;2;168,56;6,20;112,54;Représentant
CMD-100884;07/06/2024;2024-06-15;16/07/2024;CLI-0063;EMP-503;ENT-QC;BD-1126;8;181,95;10,10;130,29;Téléphone
CMD-101162;26-juil-24;30/07/2024;20/09/2024;CLI-0132;EMP-507;ENT-MTL;BD-1035;6;40,96;15,30;30,00;Courriel
CMD-101312;2024-08-15;24/08/2024;24/09/2024;CLI-0191;EMP-504;ENT-MTL;BD-1078;8;342,83;10,60;197,64;Courriel
CMD-100088;26/01/2024;02/02/2024;10-mars-24;CLI-0139;EMP-506;ENT-QC;BD-1061;6;101,98;13,70;75,23;Représentant
CMD-100560;24/04/2024;27-avr-24;10/06/2024;CLI-0143;EMP-503;ENT-QC;BD-1172;3;355,87;15,00;216,67;Portail web
CMD-100041;11/01/2024;2024-01-18;09/02/2024;CLI-0169;EMP-507;ENT-QC;BD-1076;12;468,01;16,60;281,11;Portail web
CMD-101156;24/07/2024;29-juil-24;29/08/2024;CLI-0112;EMP-505;ENT-MTL;BD-1063;4;321,59;12,70;242,15;Représentant
CMD-100116;03/02/2024;2024-02-08;26/02/2024;CLI-0050;EMP-502;ENT-MTL;BD-1022;12;406,10;10,60;247,74;Représentant
CMD-101587;14/09/2024;2024-09-17;30/10/2024;CLI-0037 ;EMP-504;ENT-SAG;BD-1087;7;310,35;19,50;211,22;Téléphone
CMD-101397;27/08/2024;2024-09-01;27/10/2024;CLI-0154;EMP-507;ENT-MTL;BD-1005;3;277,66;15,10;204,06;Portail web
CMD-100165;17/02/2024;22/02/2024;2024-03-29;CLI-0031;EMP-509;ENT-MTL;BD-1072;4;336,88;14,90;196,62;Téléphone
CMD-100542;2024-04-22;01/05/2024;02/06/2024;CLI-0220;EMP-506;ENT-QC;BD-1159;3;239,95;17,00;166,16;Représentant
CMD-100290;2024-03-14;22/03/2024;17/04/2024;CLI-0220;EMP-506;ENT-SAG;BD-1037;3;25,95;13,30;16,31;Représentant
CMD-101533;10/09/2024;12/09/2024;2024-10-31;CLI-0161;EMP-508;ENT-MTL;BD-1083;3;284,15;7,50;157,14;Téléphone
CMD-100068;20/01/2024;2024-01-25;05/03/2024;CLI-0009;EMP-502;ENT-SAG;BD-1057;5;24,14;19,10;19,26;Représentant
CMD-101089;08/07/2024;2024-07-17;19/09/2024;CLI-0149;EMP-501;ENT-MTL;BD-1040;2;428,34;2,80;268,77;Représentant
CMD-100476;2024-04-11;15/04/2024;23/05/2024;CLI-0118;EMP-504;ENT-QC;BD-1038;3;475,60;13,80;313,36;Représentant
CMD-100272;11/03/2024;20/03/2024;2024-04-24;CLI-0099;EMP-505;ENT-SAG;BD-1148;11;354,71;22,90;296,06;Représentant
CMD-100258;08/03/2024;12/03/2024;18/04/2024;CLI-0116;EMP-509;ENT-SAG;BD-1095;6;89,74;13,40;53,64;Portail web
CMD-101383;24/08/2024;31/08/2024;2024-10-02;CLI-0060;EMP-508;ENT-QC;BD-1024;8;310,29;7,10;185,46;Portail web
CMD-102192;28-nov-24;06/12/2024;01/02/2025;CLI-0099;EMP-505;ENT-MTL;BD-1101;11;81,05;25,30;62,94;Portail web
CMD-102109;15/11/2024;2024-11-24;11/12/2024;CLI-0029;EMP-506;ENT-MTL;BD-1161;31;104,61;22,50;62,84;Représentant
CMD-100741;2024-05-20;27/05/2024;20/07/2024;CLI-0076;EMP-507;ENT-QC;BD-1044;15;263,02;18,60;195,45;Représentant
CMD-100752;2024-05-21;28/05/2024;20/06/2024;CLI-0210;EMP-503;ENT-MTL;BD-1105;3;241,04;7,00;166,12;Téléphone
CMD-100311;2024-03-18;23/03/2024;02/05/2024;CLI-0076;EMP-507;ENT-MTL;BD-1088;16;516,02;18,10;335,85;Téléphone
CMD-100590;2024-04-30;09/05/2024;20/06/2024;CLI-0030;EMP-501;ENT-MTL;BD-1172;4;405,52;3,10;216,67;Représentant
CMD-102234;04/12/2024;13/12/2024;17-janv-25;CLI-0079;EMP-509;ENT-QC;BD-1105;24;251,38;3,00;166,12;Portail web
CMD-102068;09/11/2024;15/11/2024;12-déc-24;CLI-0089;EMP-502;ENT-MTL;BD-1073;6;342,82;23,80;255,00;Portail web
CMD-100329;2024-03-20;25/03/2024;16/05/2024;CLI-0214;EMP-508;ENT-QC;BD-1074;6;189,20;2,60;108,27;N/A
CMD-100704;14/05/2024;19-mai-24;08/07/2024;CLI-0212;EMP-507;ENT-QC;BD-1041;11;188,52;25,60;159,88;Représentant
CMD-101146;23/07/2024;01/08/2024;17-août-24;CLI-0042;EMP-505;ENT-QC;BD-1080;8;283,08;14,40;173,12;Portail web
CMD-100656;08/05/2024;2024-05-12;14/06/2024;CLI-0029;EMP-506;ENT-MTL;BD-1107;80;170,13;22,80;147,44;Portail web
CMD-100674;10/05/2024;18/05/2024;30/06/2024;cli-0083;EMP-507;ENT-QC;BD-1024;1;306,59;8,30;185,46;Représentant
CMD-100447;2024-04-08;15/04/2024;18/05/2024;CLI-0017;EMP-507;ENT-MTL;BD-1037;1;24,85;16,90;16,31;Représentant
CMD-100153;14/02/2024;17/02/2024;31/03/2024;CLI-0128;EMP-502;ENT-SAG;BD-1062;12;152,50;15,10;112,54;Téléphone
CMD-100255;08-mars-24;10/03/2024;12/04/2024;CLI-0013;EMP-507;ENT-MTL;BD-1021;1;346,21;4,80;201,55;Courriel
CMD-102031;04/11/2024;12/11/2024;2024-12-22;CLI-0009;EMP-502;ENT-QC;BD-1137;-2;32,14;24,90;25,06;Portail web
CMD-101151;23/07/2024;30/07/2024;23-août-24;CLI-0003;EMP-508;ENT-QC;BD-1053;6;299,26;8,50;176,84;Téléphone
CMD-100254;08/03/2024;2024-03-14;25/04/2024;CLI-0158;EMP-507;ENT-QC;BD-1169;12;538,77;6,60;276,47;Portail web
CMD-101087;08/07/2024;17-juil-24;17/08/2024;CLI-0012;EMP-501;ENT-QC;BD-1146;6;278,05;26,00;220,88;Portail web
CMD-101735;01/10/2024;2024-10-05;06/11/2024;CLI-0081;EMP-502;ENT-MTL;BD-1064;12;105,57;15,70;69,43;Portail web
CMD-100334;21/03/2024;29/03/2024;03-mai-24;CLI-0193;EMP-509;ENT-QC;BD-1052;3;270,50;11,90;179,27;Portail web
CMD-100001;01/01/2024;08/01/2024;10/01/2024;CLI-0173;EMP-508;ENT-QC;BD-1127;3;260,79;13,40;170,72;Téléphone
CMD-100641;07/05/2024;13/05/2024;2024-06-26;CLI-0090;EMP-505;ENT-QC;BD-1178;1;173,95;15,30;116,97;Portail web
CMD-100721;16/05/2024;2024-05-24;03/07/2024;CLI-0135;EMP-506;ENT-SAG;BD-1033;4;167,96;10,40;110,89;Portail web
CMD-101304;14/08/2024;21-août-24;29/09/2024;cli-0012;EMP-501;ENT-MTL;BD-1002;11;378,61;19,20;292,58;Représentant
CMD-100538;20/04/2024;23/04/2024;2024-06-18;CLI-0109;EMP-501;ENT-MTL;BD-1002;4;441,46;5,80;292,58;Courriel
CMD-102160;22/11/2024;28/11/2024;25/12/2024;CLI-0215;EMP-503;ENT-QC;BD-1094;1;187,93;7,80;121,74;Téléphone
CMD-101103;12/07/2024;18/07/2024;2024-08-20;CLI-0139;EMP-506;ENT-QC;BD-1081;12;527,19;11,10;302,82;Téléphone
CMD-100756;2024-05-21;25/05/2024;04/07/2024;CLI-0088;EMP-504;ENT-MTL;BD-1018;6;418,26;10,00;242,09;Représentant
CMD-100351;26/03/2024;04/04/2024;2024-05-19;CLI-0157;EMP-502;ENT-QC;BD-1170;4;31,41;10,70;16,60;Salon
CMD-100310;18/03/2024;27/03/2024;;CLI-0035;EMP-503;ENT-MTL;BD-1108;3;244,14;10,60;166,46;Représentant
CMD-101223;2024-08-05;09/08/2024;18/09/2024;CLI-0195;EMP-506;ENT-SAG;BD-1015;1;451,80;14,90;318,69;Portail web
CMD-100466;10/04/2024;13/04/2024;2024-05-18;CLI-0217;EMP-506;ENT-SAG;BD-1048;6;40,11;21,70;32,82;Représentant
CMD-102211;29/11/2024;01/12/2024;2025-02-07;CLI-0121;EMP-508;ENT-MTL;BD-1127;1;254,60;15,50;170,72;Représentant
CMD-100844;2024-05-31;02/06/2024;01/08/2024;CLI-0042;EMP-505;ENT-QC;BD-1060;6;330,96;16,40;241,90;Portail web
CMD-100325;20/03/2024;22/03/2024;09-mai-24;CLI-0036;EMP-505;ENT-QC;BD-1104;6;96,69;12,60;75,12;Courriel
CMD-101836;11/10/2024;2024-10-18;25/11/2024;CLI-0214;EMP-508;ENT-MTL;BD-1001;1;305,59;8,80;182,30;Représentant
CMD-101196;01-août-24;05/08/2024;02/09/2024;CLI-0043;EMP-506;ENT-QC;BD-1104;4;93,99;15,10;75,12;Représentant
CMD-100002;01/01/2024;09/01/2024;02-mars-24;CLI-0073;EMP-501;ENT-QC;BD-1133;12;86,65;14,50;61,66;Représentant
CMD-102062;2024-11-08;11/11/2024;16/12/2024;CLI-0029;EMP-506;ENT-QC;BD-1076;21;435,69;22,30;281,11;Portail web
CMD-100914;12/06/2024;2024-06-15;12/07/2024;CLI-0079;EMP-509;ENT-MTL;BD-1039;12;186,79;5,60;119,66;Téléphone
CMD-100321;20/03/2024;2024-03-23;15/05/2024;CLI-0037;EMP-504;ENT-SAG;BD-1097;31;290,24;21,10;210,05;Représentant
CMD-100508;2024-04-16;18/04/2024;29/05/2024;CLI-0206;EMP-503;ENT-MTL;BD-1035;6;42,61;11,90;30,00;Représentant
CMD-102144;20-nov-24;28/11/2024;02/01/2025;CLI-0012;EMP-501;ENT-QC;BD-1073;3;358,64;20,30;255,00;Portail web
CMD-100759;21/05/2024;27/05/2024;2024-06-29;CLI-0210;EMP-503;ENT-QC;BD-1047;4;103,10;3,30;70,06;Représentant
CMD-101058;2024-07-03;12/07/2024;26/07/2024;CLI-0119;EMP-503;ENT-MTL;BD-1124;2;242,69;4,80;150,61;Représentant
CMD-100054;17/01/2024;20-janv-24;11/03/2024;CLI-0163;EMP-505;ENT-QC;BD-1021;2;337,61;7,20;201,55;Représentant
CMD-100370;28/03/2024;05-avr-24;14/05/2024;CLI-0099;EMP-505;ENT-SAG;BD-1050;34;411,80;18,30;291,69;Représentant
CMD-100255;08/03/2024;10/03/2024;12/04/2024;CLI-0013;EMP-507;ENT-MTL;BD-1045;12;124,77;4,80;76,76;Représentant
CMD-101479;04/09/2024;08/09/2024;2024-10-25;CLI-0029;EMP-506;ENT-SAG;BD-1046;15;379,63;20,50;308,91;Représentant
CMD-100499;15/04/2024;2024-04-22;12/05/2024;CLI-0061;EMP-503;ENT-MTL;BD-1059;8;453,91;13,90;324,94;Téléphone
CMD-100859;03/06/2024;10/06/2024;2024-07-23;CLI-0043;EMP-506;ENT-MTL;BD-1010;1;140,92;13,60;87,08;Représentant
CMD-101473;04/09/2024;13/09/2024;14-oct-24;CLI-0073;EMP-501;ENT-MTL;BD-1059;4;454,44;13,80;324,94;Téléphone
CMD-102247;09/12/2024;16/12/2024;04/01/2025;CLI-0082;EMP-504;ENT-MTL;BD-1155;4;525,69;3,00;322,38;Téléphone
CMD-100081;25-janv-24;30/01/2024;20/03/2024;cli-0207;EMP-501;ENT-QC;BD-1102;2;447,90;7,60;255,33;Téléphone
CMD-100694;13/05/2024;2024-05-20;20/06/2024;cli-0062;EMP-507;ENT-QC;BD-1170;4;31,09;11,60;16,60;Téléphone
CMD-101052;2024-07-02;04/07/2024;17/08/2024;CLI-0007;EMP-508;ENT-QC;BD-1061;6;114,17;3,30;75,23;Téléphone
CMD-100113;02/02/2024;08/02/2024;22-mars-24;CLI-0034;EMP-507;ENT-QC;BD-1138;24;126,65;14,00;86,38;Portail web
CMD-100847;2024-05-31;06/06/2024;31/07/2024;CLI-0188;EMP-506;ENT-MTL;BD-1122;4;304,06;10,90;208,30;Représentant
CMD-101139;22/07/2024;27/07/2024;2024-09-03;CLI-0099;EMP-505;ENT-MTL;BD-1062;5;135,28;24,70;112,54;Téléphone
CMD-102101;14/11/2024;17/11/2024;2025-01-06;CLI-0142;EMP-508;ENT-MTL;BD-1090;8;89,27;6,90;57,58;Portail web
CMD-100009;02/01/2024;11/01/2024;2024-02-07;CLI-0141;EMP-502;ENT-QC;BD-1131;1;58,51;12,70;36,32;Représentant
CMD-101024;28/06/2024;01-juil-24;27/08/2024;cli-0055;EMP-506;ENT-MTL;BD-1104;2;108,09;2,30;75,12;Portail web
CMD-100063;19/01/2024;21/01/2024;2024-02-19;CLI-0011 ;EMP-507;ENT-MTL;BD-1111;8;213,14;3,80;145,84;Portail web
CMD-101280;2024-08-12;17/08/2024;20/08/2024;CLI-0029;EMP-506;ENT-QC;BD-1172;22;341,18;18,50;216,67;Représentant
CMD-101340;19/08/2024;26-août-24;18/09/2024;CLI-0109;EMP-501;ENT-QC;BD-1047;12;100,75;5,50;70,06;Portail web
CMD-101644;20/09/2024;29/09/2024;2024-11-18;CLI-0125;EMP-509;ENT-QC;BD-1101;8;99,23;8,50;62,94;Téléphone
CMD-100256;08/03/2024;2024-03-11;20/04/2024;CLI-0035;EMP-503;ENT-MTL;BD-1181;3;533,62;14,60;305,97;Portail web
CMD-100912;2024-06-12;18/06/2024;26/07/2024;CLI-0103;EMP-502;ENT-MTL;BD-1057;4;28,23;5,40;19,26;Représentant
CMD-101996;30-oct-24;01/11/2024;23/11/2024;CLI-0080;EMP-506;ENT-SAG;BD-1151;4;134,86;15,20;90,35;Courriel
CMD-101729;30/09/2024;2024-10-09;04/11/2024;CLI-0146;EMP-503;ENT-MTL;BD-1106;2;459,50;13,40;333,09;Représentant
CMD-100556;24/04/2024;01/05/2024;21-mai-24;CLI-0112;EMP-505;ENT-QC;BD-1121;3;69,32;11,00;43,73;Portail web
CMD-100051;16-janv-24;18/01/2024;07/03/2024;CLI-0208;EMP-507;ENT-SAG;BD-1148;8;391,76;14,80;296,06;Portail web
CMD-102206;29-nov-24;04/12/2024;25/12/2024;cli-0088;EMP-504;ENT-QC;BD-1007;2;85,99;16,80;55,96;Courriel
CMD-101987;30/10/2024;02-nov-24;06/12/2024;CLI-0056;EMP-502;ENT-MTL;BD-1168;13;317,38;20,70;224,71;Salon
CMD-100193;26/02/2024;2024-03-01;28/03/2024;CLI-0026;EMP-506;ENT-QC;BD-1161;4;114,53;15,20;62,84;Courriel
CMD-101613;2024-09-17;22/09/2024;08/10/2024;CLI-0080;EMP-506;ENT-MTL;BD-1093;1;187,42;16,30;132,18;Portail web
CMD-100039;11/01/2024;16/01/2024;2024-02-02;CLI-0053;EMP-509;ENT-QC;BD-1153;8;171,71;14,40;113,61;Téléphone
CMD-100952;17-juin-24;25/06/2024;23/07/2024;CLI-0130;EMP-508;ENT-QC;BD-1162;7;111,85;18,40;66,97;Portail web
CMD-100854;03/06/2024;08-juin-24;11/07/2024;CLI-0117;EMP-504;ENT-MTL;BD-1120;3;276,59;6,80;182,88;Portail web
CMD-100535;2024-04-19;26/04/2024;09/06/2024;CLI-0052;EMP-504;ENT-QC;BD-1166;1;349,16;16,00;212,88;Téléphone
CMD-100458;09/04/2024;14/04/2024;2024-06-10;CLI-0049;EMP-508;ENT-QC;BD-1117;24;130,94;11,60;98,28;Représentant
CMD-101082;08/07/2024;12-juil-24;15/08/2024;CLI-0137;EMP-503;ENT-MTL;BD-1117;4;121,40;18,10;98,28;Téléphone
CMD-100992;24/06/2024;03/07/2024;2024-07-22;CLI-0171;EMP-507;ENT-SAG;BD-1073;2;416,92;7,30;255,00;Salon
CMD-101583;13/09/2024;17/09/2024;07-nov-24;CLI-0151;EMP-504;ENT-QC;BD-1050;24;487,51;3,30;291,69;Salon
CMD-100375;28/03/2024;01/04/2024;2024-06-08;CLI-0109;EMP-501;ENT-MTL;BD-1165;4;169,06;8,10;105,70;Salon
CMD-102171;25/11/2024;02/12/2024;10/01/2025;CLI-0216;EMP-503;ENT-SAG;BD-1073;2;415,50;7,60;255,00;Représentant
CMD-100823;2024-05-29;02/06/2024;02/07/2024;CLI-0209;EMP-508;ENT-QC;BD-1171;0;119,11;24,80;83,70;Représentant
CMD-100366;27/03/2024;2024-04-02;02/05/2024;CLI-0099;EMP-505;ENT-MTL;BD-1001;8;251,83;24,90;182,30;Téléphone
CMD-100674;10/05/2024;18/05/2024;30-juin-24;CLI-0083;EMP-507;ENT-QC;BD-1007;3;94,80;8,30;55,96;Représentant
CMD-100832;30-mai-24;03/06/2024;12/07/2024;CLI-0080;EMP-506;ENT-SAG;BD-1179;6;384,53;10,90;226,59;Portail web
CMD-102322;30/12/2024;08/01/2025;2025-02-07;CLI-0071;EMP-503;ENT-QC;BD-1091;1;547,83;3,60;279,07;Courriel
CMD-100228;2024-03-04;11/03/2024;20/04/2024;CLI-0153;EMP-507;ENT-SAG;BD-1161;2;112,82;16,50;62,84;Représentant
CMD-101164;26/07/2024;2024-07-28;18/09/2024;CLI-0026;EMP-506;ENT-SAG;BD-1005;4;291,40;10,90;204,06;Portail web
CMD-101165;26/07/2024;31/07/2024;2024-09-18;CLI-0040;EMP-509;ENT-MTL;BD-1026;6;378,47;13,70;241,74;
CMD-100800;27/05/2024;29/05/2024;2024-07-12;CLI-0211;EMP-504;ENT-MTL;BD-1009;6;91,31;13,20;66,28;Portail web
CMD-100649;07/05/2024;11/05/2024;2024-06-21;CLI-0137;EMP-503;ENT-SAG;BD-1015;9;418,71;21,20;318,69;Portail web
CMD-101803;2024-10-08;17/10/2024;23/11/2024;CLI-0100;EMP-505;ENT-QC;BD-1136;3;200,48;3,40;110,14;Téléphone
CMD-100098;31-janv-24;02/02/2024;28/02/2024;CLI-0089;EMP-502;ENT-MTL;BD-1147;7;475,09;20,60;339,78;Courriel
CMD-101105;12/07/2024;2024-07-20;25/08/2024;CLI-0136;EMP-507;ENT-QC;BD-1114;8;212,22;16,00;149,59;Portail web
CMD-100288;14/03/2024;2024-03-20;25/04/2024;CLI-0156;EMP-502;ENT-QC;BD-1165;12;178,40;3,10;105,70;Téléphone
CMD-101630;19/09/2024;21/09/2024;10/10/2024;CLI-0114;EMP-502;ENT-QC;BD-1036;8;236,35;8,00;159,06;Représentant
CMD-102056;07/11/2024;09/11/2024;04-déc-24;CLI-0133;EMP-508;ENT-MTL;BD-1076;12;496,33;11,50;281,11;Représentant
CMD-100855;03/06/2024;07/06/2024;2024-07-03;CLI-0069;EMP-508;ENT-QC;BD-1027;12;446,51;2,50;249,72;Téléphone
CMD-102049;06/11/2024;14-nov-24;19/12/2024;CLI-0123;EMP-501;ENT-MTL;BD-1092;1;240,70;14,70;140,04;Courriel
CMD-100200;27-févr-24;06/03/2024;04/04/2024;CLI-0128;EMP-502;ENT-MTL;BD-1103;2;201,37;11,60;151,66;Représentant
CMD-101547;11/09/2024;15-sept-24;27/10/2024;CLI-0053;EMP-509;ENT-QC;BD-1053;1;279,50;14,60;176,84;Portail web
CMD-100211;29/02/2024;06/03/2024;2024-04-26;CLI-0207;EMP-501;ENT-QC;BD-1181;2;597,88;4,30;305,97;Représentant
CMD-101425;29/08/2024;07/09/2024;29-sept-24;CLI-0038;EMP-507;ENT-MTL;BD-1041;4;213,30;15,90;159,88;Représentant
CMD-101103;2024-07-12;18/07/2024;20/08/2024;CLI-0139;EMP-506;ENT-QC;BD-1115;12;66,38;11,10;46,26;Téléphone
CMD-101487;2024-09-06;09/09/2024;09/10/2024;CLI-0009;EMP-502;ENT-QC;BD-1072;22;309,08;21,90;196,62;Représentant
CMD-101439;30/08/2024;08/09/2024;10/10/2024;CLI-0118;EMP-504;ENT-QC;BD-1002;2;399,77;14,70;292,58;Représentant
CMD-100990;24/06/2024;03-juil-24;20/08/2024;CLI-0042;EMP-505;ENT-MTL;BD-1125;6;367,80;16,40;285,25;Portail web
CMD-102317;28/12/2024;2025-01-02;08/02/2025;CLI-0067;EMP-502;ENT-QC;BD-1136;6;183,36;11,70;110,14;Portail web
CMD-100576;26/04/2024;02-mai-24;07/06/2024;CLI-0185;EMP-508;ENT-MTL;BD-1168;24;304,81;23,80;224,71;Représentant
CMD-101981;29/10/2024;01/11/2024;2024-12-05;CLI-0217;EMP-506;ENT-QC;BD-1006;17;250,69;25,10;178,72;Téléphone
CMD-102201;28/11/2024;01/12/2024;2025-01-03;CLI-0129;EMP-508;ENT-SAG;BD-1089;6;290,79;8,10;157,64;Téléphone
CMD-102129;19/11/2024;2024-11-23;20/12/2024;CLI-0182;EMP-503;ENT-QC;BD-1081;3;497,29;16,20;302,82;Représentant
CMD-101628;19/09/2024;21-sept-24;27/10/2024;CLI-0019;EMP-502;ENT-MTL;BD-1172;6;388,12;7,30;216,67;Téléphone
CMD-100012;03/01/2024;06/01/2024;2024-01-30;CLI-0011;EMP-507;ENT-QC;BD-1098;6;430,95;2,30;257,11;Représentant
CMD-100624;2024-05-03;10/05/2024;14/06/2024;CLI-0102;EMP-506;ENT-SAG;BD-1002;2;453,44;3,20;292,58;Représentant
CMD-101524;2024-09-10;18/09/2024;23/10/2024;CLI-0089;EMP-502;ENT-MTL;BD-1062;4;144,84;19,40;112,54;Portail web
CMD-101507;09/09/2024;14/09/2024;03-nov-24;CLI-0217;EMP-506;ENT-MTL;BD-1102;8;393,56;18,80;255,33;Téléphone
CMD-101450;02/09/2024;06/09/2024;2024-10-23;CLI-0209;EMP-508;ENT-MTL;BD-1150;11;467,04;25,40;339,92;Téléphone
CMD-100999;25/06/2024;28/06/2024;2024-07-15;CLI-0212;EMP-507;ENT-QC;BD-1108;5;219,86;19,50;166,46;Représentant
CMD-100420;04/04/2024;13/04/2024;24-mai-24;CLI-0034;EMP-507;ENT-MTL;BD-1027;3;404,16;11,80;249,72;Portail web
CMD-100008;2024-01-02;05/01/2024;04/02/2024;CLI-0141;EMP-502;ENT-QC;BD-1135;3;65,95;10,00;39,89;Portail web
CMD-101497;2024-09-06;14/09/2024;13/10/2024;CLI-0086;EMP-502;ENT-QC;BD-1087;2;365,68;5,20;211,22;Représentant
CMD-101048;02/07/2024;10/07/2024;2024-08-17;CLI-0212;EMP-507;ENT-SAG;BD-1126;7;163,84;19,10;130,29;Portail web
CMD-100427;05/04/2024;11/04/2024;2024-05-21;CLI-0209;EMP-508;ENT-MTL;BD-1174;10;233,38;20,90;165,53;Portail web
CMD-101148;2024-07-23;28/07/2024;10/09/2024;CLI-0115;EMP-509;ENT-QC;BD-1119;3;80,23;12,60;58,44;Courriel
CMD-100480;11/04/2024;2024-04-14;05/06/2024;CLI-0195;EMP-506;ENT-SAG;BD-1041;4;227,42;10,30;159,88;Téléphone
CMD-101554;11/09/2024;2024-09-20;13/10/2024;CLI-0209;EMP-508;ENT-MTL;BD-1116;8;72,28;18,50;58,93;Portail web
CMD-100839;2024-05-31;02/06/2024;05/07/2024;CLI-0001;EMP-508;ENT-QC;BD-1040;4;416,58;5,50;268,77;Portail web
CMD-101732;01/10/2024;2024-10-08;27/10/2024;CLI-0128;EMP-502;ENT-MTL;BD-1050;4;419,68;16,80;291,69;Portail web
CMD-101462;03/09/2024;07-sept-24;17/10/2024;CLI-0094;EMP-502;ENT-SAG;BD-1113;2;398,46;6,70;276,01;Téléphone
CMD-100413;03/04/2024;12/04/2024;2024-04-30;CLI-0011;EMP-507;ENT-QC;BD-1161;4;128,69;4,70;62,84;Représentant
CMD-102164;22/11/2024;30/11/2024;20/01/2025;CLI-0209;EMP-508;ENT-QC;BD-1057;11;22,49;24,60;19,26;Représentant
CMD-100671;10/05/2024;19/05/2024;2024-07-03;CLI-0037;EMP-504;ENT-MTL;BD-9165;14;72,31;18,50;58,93;Représentant
CMD-101299;14/08/2024;18/08/2024;2024-10-10;CLI-0154;EMP-507;ENT-QC;BD-1059;2;441,48;16,30;324,94;Courriel
CMD-102003;2024-10-31;03/11/2024;02/01/2025;CLI-0041;EMP-508;ENT-MTL;BD-1156;4;258,61;14,40;161,25;Courriel
CMD-100913;12/06/2024;21/06/2024;2024-07-26;CLI-0080;EMP-506;ENT-MTL;BD-1057;2;26,64;10,70;19,26;Courriel
CMD-100176;21/02/2024;2024-02-24;08/04/2024;CLI-0079;EMP-509;ENT-MTL;BD-1081;2;552,15;6,90;302,82;Salon
CMD-102022;01/11/2024;2024-11-04;15/12/2024;CLI-0212;EMP-507;ENT-MTL;BD-1182;17;83,54;23,30;56,87;Représentant
CMD-100679;2024-05-10;16/05/2024;04/07/2024;CLI-0002;EMP-509;ENT-MTL;BD-1058;2;233,64;4,60;146,46;Téléphone
CMD-100118;05/02/2024;09/02/2024;25-mars-24;CLI-0088;EMP-504;ENT-QC;BD-1002;3;389,05;17,00;292,58;Représentant
CMD-100540;22/04/2024;28/04/2024;2024-06-03;CLI-0211;EMP-504;ENT-MTL;BD-1075;8;85,32;15,30;59,74;Représentant
CMD-100735;17/05/2024;19/05/2024;20/06/2024;CLI-0140;EMP-502;ENT-QC;BD-1030;3;175,22;4,30;98,88;Portail web
CMD-101971;28/10/2024;01-nov-24;;CLI-0149;EMP-501;ENT-MTL;BD-1094;1;199,13;2,30;121,74;Téléphone
CMD-101027;2024-06-28;07/07/2024;24/07/2024;CLI-0012;EMP-501;ENT-SAG;BD-1114;17;204,38;19,10;149,59;Représentant
CMD-100615;02/05/2024;04/05/2024;24/05/2024;CLI-0009;EMP-502;ENT-MTL;BD-1064;6;96,53;22,90;69,43;Téléphone
CMD-101601;16/09/2024;21/09/2024;27-oct-24;CLI-0031;EMP-509;ENT-QC;BD-1164;8;165,41;15,20;98,38;Représentant
CMD-100154;2024-02-14;17/02/2024;20/03/2024;CLI-0162;EMP-508;ENT-SAG;BD-1168;3;339,71;15,10;224,71;Téléphone
CMD-100647;07/05/2024;13-mai-24;23/06/2024;CLI-0121;EMP-508;ENT-MTL;BD-1136;3;180,41;13,10;110,14;Portail web
CMD-100905;2024-06-11;16/06/2024;22/06/2024;CLI-0163;EMP-505;ENT-SAG;BD-1088;4;606,85;3,60;335,85;Représentant
CMD-102021;01/11/2024;07/11/2024;30-nov-24;CLI-0216;EMP-503;ENT-MTL;BD-1069;2;381,44;4,30;198,50;Téléphone
CMD-100652;07/05/2024;2024-05-16;13/06/2024;CLI-0009;EMP-502;ENT-QC;BD-1126;8;150,54;25,60;130,29;
CMD-101084;2024-07-08;12/07/2024;11/08/2024;CLI-0139;EMP-506;ENT-QC;BD-1121;6;68,52;12,00;43,73;Représentant
CMD-101450;2024-09-02;06/09/2024;23/10/2024;cli-0209;EMP-508;ENT-MTL;BD-1039;10;147,73;25,40;119,66;Portail web
CMD-100879;07/06/2024;15/06/2024;12/07/2024;CLI-0001;EMP-508;ENT-QC;BD-1048;4;47,03;8,10;32,82;Représentant
CMD-100783;24/05/2024;2024-05-26;08/07/2024;CLI-0017;EMP-507;ENT-MTL;BD-1045;12;110,39;15,80;76,76;Courriel
CMD-101078;06/07/2024;2024-07-12;19/07/2024;CLI-0162;EMP-508;ENT-MTL;BD-1034;24;208,62;12,20;151,89;Représentant
CMD-102128;19-nov-24;27/11/2024;13/12/2024;CLI-0182;EMP-503;ENT-SAG;BD-1160;4;65,96;16,20;40,71;Courriel
CMD-102204;29/11/2024;2024-12-04;07/01/2025;CLI-0133;EMP-508;ENT-QC;BD-1113;1;356,88;16,40;276,01;Représentant
CMD-100392;01/04/2024;09-avr-24;22/04/2024;  CLI-0004;EMP-505;ENT-QC;BD-1058;6;237,44;3,00;146,46;Représentant
CMD-101288;13/08/2024;2024-08-18;14/09/2024;CLI-0158;EMP-507;ENT-MTL;BD-1106;24;516,33;2,70;333,09;Représentant
CMD-100642;07/05/2024;13/05/2024;2024-06-14;cli-0089;EMP-502;ENT-SAG;BD-1120;8;220,32;25,80;182,88;Portail web
CMD-100124;06/02/2024;12-févr-24;26/03/2024;CLI-0037;EMP-504;ENT-MTL;BD-1176;11;496,87;21,20;322,02;Courriel
CMD-100137;09/02/2024;18-févr-24;05/03/2024;CLI-0178;EMP-501;ENT-MTL;BD-1116;2;83,98;5,30;58,93;Représentant
CMD-101746;02/10/2024;2024-10-05;04/12/2024;CLI-0160;EMP-508;ENT-MTL;BD-1087;8;366,96;4,90;211,22;Téléphone
CMD-100171;20/02/2024;25/02/2024;07/04/2024;CLI-0153;EMP-507;ENT-MTL;BD-1043;1;439,16;16,80;294,10;Portail web
CMD-101265;09/08/2024;2024-08-12;03/09/2024;CLI-0027;EMP-502;ENT-MTL;BD-1044;2;302,05;6,50;195,45;Portail web
CMD-100576;26/04/2024;2024-05-02;07/06/2024;CLI-0185;EMP-508;ENT-MTL;BD-1171;9;120,64;23,80;83,70;Représentant
CMD-102080;12/11/2024;14/11/2024;2024-12-13;CLI-0047;EMP-508;ENT-QC;BD-1146;2;314,59;16,20;220,88;Représentant
CMD-102161;22/11/2024;27/11/2024;19-janv-25;CLI-0016;EMP-505;ENT-SAG;BD-1093;2;210,97;5,70;132,18;Représentant
CMD-102013;31/10/2024;05/11/2024;04-déc-24;CLI-0094;EMP-502;ENT-MTL;BD-1078;12;350,49;8,60;197,64;Portail web
CMD-100183;2024-02-23;26/02/2024;26/03/2024;CLI-0033;EMP-504;ENT-SAG;BD-1043;3;453,60;14,10;294,10;Portail web
CMD-101366;22/08/2024;26/08/2024;;CLI-0139;EMP-506;ENT-QC;BD-1008;1;196,05;16,20;128,94;Représentant
CMD-100348;25/03/2024;29/03/2024;2024-05-08;CLI-0187;EMP-507;ENT-MTL;BD-1038;24;482,14;12,60;313,36;Représentant
CMD-102282;18/12/2024;2024-12-24;12/01/2025;CLI-0123;EMP-501;ENT-SAG;BD-1085;6;58,06;13,60;40,90;Portail web
CMD-100328;20/03/2024;28/03/2024;11-avr-24;CLI-0044;EMP-505;ENT-MTL;BD-1081;12;529,85;10,70;302,82;Représentant
CMD-100191;26-févr-24;28/02/2024;28/04/2024;CLI-0012;EMP-501;ENT-MTL;BD-1096;20;231,80;21,70;170,74;Portail web
CMD-101207;02/08/2024;06/08/2024;2024-08-25;CLI-0130;EMP-508;ENT-MTL;BD-1004;10;220,42;19,60;155,56;Portail web
CMD-101008;2024-06-26;02/07/2024;16/08/2024;CLI-0074;EMP-507;ENT-MTL;BD-1171;9;117,93;25,50;83,70;Représentant
CMD-100996;25/06/2024;03/07/2024;05/09/2024;CLI-0173;EMP-508;ENT-QC;BD-1111;6;196,91;11,10;145,84;Représentant
CMD-101088;2024-07-08;15/07/2024;27/07/2024;CLI-0044;EMP-505;ENT-QC;BD-1048;12;45,57;11,00;32,82;
CMD-100747;20/05/2024;28/05/2024;;CLI-0127;EMP-503;ENT-MTL;BD-1109;1;408,60;11,20;303,82;Portail web
CMD-101132;19/07/2024;2024-07-28;06/08/2024;CLI-0076;EMP-507;ENT-MTL;BD-1016;2;305,95;26,00;219,41;Représentant
CMD-101708;27/09/2024;30/09/2024;2024-10-29;CLI-0056;EMP-502;ENT-MTL;BD-9283;18;38,15;25,50;32,82;Salon
CMD-101998;2024-10-30;02/11/2024;15/12/2024;CLI-0029;EMP-506;ENT-MTL;BD-1078;16;292,92;23,60;197,64;Salon
CMD-100905;11/06/2024;16-juin-24;22/06/2024;CLI-0163;EMP-505;ENT-SAG;BD-1039;4;190,75;3,60;119,66;Portail web
CMD-100977;2024-06-20;27/06/2024;18/08/2024;  CLI-0009;EMP-502;ENT-QC;BD-1059;2;411,72;21,90;324,94;Représentant
CMD-101166;26/07/2024;2024-07-29;05/09/2024;CLI-0189;EMP-501;ENT-SAG;BD-1121;24;71,99;7,50;43,73;Représentant
CMD-101275;12/08/2024;21-août-24;21/09/2024;CLI-0213;EMP-508;ENT-MTL;BD-1166;3;402,34;3,20;212,88;Portail web
CMD-100161;16/02/2024;2024-02-24;02/04/2024;CLI-0161;EMP-508;ENT-SAG;BD-1127;1;287,57;4,50;170,72;Représentant
CMD-100361;2024-03-27;03/04/2024;16/05/2024;CLI-0137;EMP-503;ENT-SAG;BD-1064;8;100,01;20,20;69,43;Représentant
CMD-101297;14/08/2024;23/08/2024;26-sept-24;CLI-0062;EMP-507;ENT-MTL;BD-1053;2;283,66;13,30;176,84;Portail web
CMD-100779;2024-05-24;27/05/2024;05/07/2024;CLI-0037;EMP-504;ENT-MTL;BD-1107;22;177,81;19,30;147,44;Portail web
CMD-102155;21/11/2024;28-nov-24;31/12/2024;CLI-0062;EMP-507;ENT-QC;BD-1125;1;370,02;15,90;285,25;Représentant
CMD-100013;04/01/2024;12/01/2024;2024-02-11;CLI-0142;EMP-508;ENT-MTL;BD-1176;2;593,58;5,90;322,02;Représentant
CMD-101597;16/09/2024;2024-09-23;21/10/2024;CLI-0099;EMP-505;ENT-QC;BD-1096;7;240,77;18,70;170,74;Téléphone
CMD-100272;11/03/2024;20/03/2024;24-avr-24;CLI-0099;EMP-505;ENT-SAG;BD-1038;10;425,60;22,90;313,36;Portail web
CMD-101845;11/10/2024;16/10/2024;18-nov-24;CLI-0074;EMP-507;ENT-QC;BD-1147;4;447,92;25,10;339,78;Courriel
CMD-100869;05/06/2024;2024-06-14;20/06/2024;CLI-0195;EMP-506;ENT-QC;BD-1019;1;259,57;13,80;170,21;Représentant
CMD-100489;12/04/2024;15-avr-24;11/05/2024;CLI-0209;EMP-508;ENT-MTL;BD-1120;24;220,78;25,60;182,88;Représentant
CMD-101815;09/10/2024;15/10/2024;2024-10-17;CLI-0002;EMP-509;ENT-MTL;BD-1078;3;374,81;2,20;197,64;Portail web
CMD-101420;2024-08-29;31/08/2024;17/10/2024;CLI-0007;EMP-508;ENT-MTL;BD-1180;2;182,00;3,90;93,34;Portail web
CMD-100680;10/05/2024;17/05/2024;2024-06-16;CLI-0055;EMP-506;ENT-MTL;BD-1062;2;169,54;5,60;112,54;Courriel
CMD-101418;29/08/2024;07/09/2024;13/10/2024;CLI-0208;EMP-507;ENT-MTL;BD-1013;2;439,60;14,80;308,85;
CMD-101171;27/07/2024;03/08/2024;26/08/2024;CLI-0029;EMP-506;ENT-MTL;BD-1147;5;475,18;20,60;339,78;Portail web
CMD-100079;24/01/2024;2024-02-01;03/03/2024;CLI-0154;EMP-507;ENT-MTL;BD-1110;3;254,54;10,30;178,91;Portail web
CMD-100539;20/04/2024;26-avr-24;12/06/2024;CLI-0056;EMP-502;ENT-QC;BD-1053;5;246,21;24,70;176,84;Représentant
CMD-101767;2024-10-03;12/10/2024;24/10/2024;CLI-0041;EMP-508;ENT-SAG;BD-1086;3;118,28;14,10;80,72;Représentant
CMD-100558;2024-04-24;02/05/2024;23/05/2024;CLI-0056;EMP-502;ENT-SAG;BD-1120;14;231,14;22,10;182,88;Portail web
CMD-101733;2024-10-01;04/10/2024;05/11/2024;CLI-0152;EMP-503;ENT-MTL;BD-1091;4;550,18;3,10;279,07;Portail web
CMD-100191;26/02/2024;28/02/2024;2024-04-28;CLI-0012;EMP-501;ENT-MTL;BD-1162;8;107,28;21,70;66,97;Courriel
CMD-101205;01/08/2024;2024-08-08;18/09/2024;CLI-0047;EMP-508;ENT-MTL;BD-1027;6;392,17;14,40;249,72;Portail web
CMD-100909;11/06/2024;17/06/2024;31/07/2024;CLI-0128;EMP-502;ENT-MTL;BD-1139;24;308,39;14,00;198,93;Portail web
CMD-101801;2024-10-08;16/10/2024;21/11/2024;CLI-0144;EMP-502;ENT-MTL;BD-1065;3;221,95;11,00;128,81;Représentant
CMD-100235;05/03/2024;12-mars-24;16/04/2024;CLI-0152;EMP-503;ENT-MTL;BD-1174;3;273,68;7,30;165,53;Représentant
CMD-100489;2024-04-12;15/04/2024;11/05/2024;CLI-0209;EMP-508;ENT-MTL;BD-1145;25;136,96;25,60;108,83;Représentant
CMD-100179;2024-02-21;28/02/2024;31/03/2024;CLI-0041;EMP-508;ENT-SAG;BD-1060;3;338,40;14,50;241,90;Représentant
CMD-101822;10/10/2024;16/10/2024;2024-11-24;CLI-0133;EMP-508;ENT-SAG;BD-1087;3;328,77;14,80;211,22;Téléphone
CMD-100209;29-févr-24;09/03/2024;04/04/2024;CLI-0031;EMP-509;ENT-QC;BD-1022;3;403,75;11,20;247,74;Représentant
CMD-100769;22/05/2024;25-mai-24;10/07/2024;CLI-0031;EMP-509;ENT-MTL;BD-1123;1;191,30;12,10;129,56;Représentant
CMD-100508;2024-04-16;18/04/2024;29/05/2024;CLI-0206;EMP-503;ENT-MTL;BD-1170;3;30,97;11,90;16,60;Représentant
CMD-100574;26/04/2024;2024-05-01;27/06/2024;CLI-0137;EMP-503;ENT-MTL;BD-1143;13;298,38;20,50;215,92;Représentant
CMD-101643;2024-09-20;23/09/2024;25/10/2024;CLI-0062;EMP-507;ENT-SAG;BD-1110;4;248,63;12,40;178,91;Représentant
CMD-102094;2024-11-13;16/11/2024;26/12/2024;CLI-0089;EMP-502;ENT-QC;BD-1167;11;299,11;19,40;205,42;Représentant
CMD-101141;22/07/2024;2024-07-30;07/09/2024;CLI-0074;EMP-507;ENT-MTL;BD-1048;6;41,10;19,70;32,82;Téléphone
CMD-101493;06/09/2024;11/09/2024;2024-10-09;  CLI-0137;EMP-503;ENT-MTL;BD-1035;6;39,46;18,40;30,00;Téléphone
CMD-101386;26/08/2024;04/09/2024;2024-10-05;CLI-0137;EMP-503;ENT-QC;BD-1061;9;88,65;25,00;75,23;Portail web
CMD-100374;28-mars-24;05/04/2024;10/04/2024;CLI-0217;EMP-506;ENT-QC;BD-1053;35;244,50;25,30;176,84;Représentant
CMD-101970;28/10/2024;02/11/2024;12-déc-24;CLI-0120;EMP-509;ENT-MTL;BD-1137;2;41,35;3,40;25,06;Représentant
CMD-100998;2024-06-25;03/07/2024;04/08/2024;CLI-0212;EMP-507;ENT-MTL;BD-1028;26;177,24;25,00;140,77;Téléphone
CMD-100379;29/03/2024;31/03/2024;24/05/2024;CLI-0048;EMP-508;ENT-MTL;BD-1119;4;77,72;15,40;58,44;Portail web
CMD-102099;14/11/2024;2024-11-20;12/12/2024;CLI-0075;EMP-506;ENT-QC;BD-1153;12;183,24;8,70;113,61;Portail web
CMD-101384;24/08/2024;2024-09-01;04/10/2024;CLI-0009;EMP-502;ENT-QC;BD-1169;15;446,25;22,60;276,47;Téléphone
CMD-100478;11/04/2024;13/04/2024;2024-05-28;CLI-0165;EMP-507;ENT-SAG;BD-1028;12;227,46;3,80;140,77;Portail web
CMD-101363;21/08/2024;27-août-24;26/10/2024;CLI-0021;EMP-501;ENT-MTL;BD-1021;24;348,73;4,10;201,55;Téléphone
CMD-100937;14/06/2024;22/06/2024;2024-08-07;CLI-0063;EMP-503;ENT-QC;BD-1141;4;424,16;15,00;307,78;Téléphone
CMD-100784;24/05/2024;28-mai-24;02/07/2024;CLI-0154;EMP-507;ENT-MTL;BD-1049;24;48,70;10,90;30,58;Téléphone
CMD-101434;30/08/2024;05/09/2024;08/10/2024;CLI-0083;EMP-507;ENT-QC;BD-1007;2;98,33;4,80;55,96;Portail web
CMD-101355;20/08/2024;29/08/2024;2024-10-15;CLI-0074;EMP-507;ENT-MTL;BD-1026;3;349,02;20,40;241,74;Représentant
CMD-100368;28/03/2024;05-avr-24;09/05/2024;CLI-0085;EMP-503;ENT-QC;BD-1003;3;279,82;6,20;188,61;Représentant
CMD-101493;2024-09-06;11/09/2024;09/10/2024;CLI-0137;EMP-503;ENT-MTL;BD-1140;30;51,81;18,40;40,41;Courriel
CMD-100725;2024-05-16;24/05/2024;25/06/2024;CLI-0076;EMP-507;ENT-SAG;BD-1107;19;168,45;23,50;147,44;Portail web
CMD-101472;04/09/2024;10/09/2024;18/11/2024;CLI-0183;EMP-506;ENT-MTL;BD-1074;2;188,52;2,90;108,27;Représentant
CMD-100611;01/05/2024;2024-05-03;05/06/2024;CLI-0130;EMP-508;ENT-QC;BD-1007;36;79,44;23,10;55,96;Portail web
CMD-102232;2024-12-04;10/12/2024;15/01/2025;CLI-0112;EMP-505;ENT-MTL;BD-1158;4;304,81;12,80;180,81;Portail web
CMD-100956;18/06/2024;2024-06-23;16/07/2024;CLI-0074;EMP-507;ENT-MTL;BD-1009;2;79,45;24,50;66,28;Portail web
CMD-102299;23/12/2024;2025-01-01;21/01/2025;CLI-0029;EMP-506;ENT-QC;BD-1096;17;232,23;21,60;170,74;Portail web
CMD-102266;13/12/2024;16-déc-24;21/01/2025;CLI-0042;EMP-505;ENT-QC;BD-1078;24;331,39;13,60;197,64;Représentant
CMD-100979;20/06/2024;25/06/2024;2024-07-25;CLI-0056;EMP-502;ENT-QC;BD-1133;2;82,89;18,20;61,66;Représentant
CMD-102217;2024-11-30;07/12/2024;01/01/2025;CLI-0083;EMP-507;ENT-QC;BD-1175;6;166,05;2,20;94,86;Représentant
CMD-100878;07/06/2024;10-juin-24;;CLI-0179;EMP-509;ENT-QC;BD-1119;8;87,13;5,10;58,44;Téléphone
CMD-102323;31/12/2024;06/01/2025;05-févr-25;CLI-0059;EMP-504;ENT-QC;BD-1074;6;148,35;23,60;108,27;Téléphone
CMD-101874;16/10/2024;25-oct-24;27/11/2024;CLI-0040;EMP-509;ENT-QC;BD-1144;12;155,89;12,70;96,31;Téléphone
CMD-101856;14-oct-24;21/10/2024;18/11/2024;CLI-0009;EMP-502;ENT-SAG;BD-1115;2;58,07;22,20;46,26;Représentant
CMD-102326;31/12/2024;06/01/2025;20-févr-25;CLI-0081;EMP-502;ENT-QC;BD-1154;12;457,25;14,50;323,13;Représentant
CMD-102156;21/11/2024;25/11/2024;19/12/2024;CLI-0054;EMP-507;ENT-QC;BD-1129;2;61,35;14,70;45,49;Portail web
CMD-100433;06-avr-24;14/04/2024;22/05/2024;CLI-0111;EMP-507;ENT-MTL;BD-1084;12;553,55;4,70;312,00;Représentant
CMD-100317;19/03/2024;28/03/2024;2024-05-16;CLI-0035;EMP-503;ENT-MTL;BD-1082;4;427,45;10,10;278,39;Représentant
CMD-101084;08/07/2024;2024-07-12;11/08/2024;CLI-0139;EMP-506;ENT-QC;BD-1157;4;46,08;12,00;24,69;Portail web
CMD-101439;2024-08-30;08/09/2024;10/10/2024;CLI-0118;EMP-504;ENT-QC;BD-1049;2;46,63;14,70;30,58;Représentant
CMD-102190;27/11/2024;01/12/2024;16-déc-24;CLI-0037;EMP-504;ENT-SAG;BD-1130;8;459,00;18,70;317,23;Représentant
CMD-101803;08/10/2024;17/10/2024;23-nov-24;CLI-0100;EMP-505;ENT-QC;BD-1176;4;608,78;3,40;322,02;Représentant
CMD-100137;2024-02-09;18/02/2024;05/03/2024;CLI-0178;EMP-501;ENT-MTL;BD-1180;6;179,33;5,30;93,34;Représentant
CMD-101167;2024-07-26;02/08/2024;21/09/2024;CLI-0029;EMP-506;ENT-QC;BD-1175;21;131,64;22,50;94,86;Portail web
CMD-101991;30-oct-24;02/11/2024;23/12/2024;CLI-0063;EMP-503;ENT-SAG;BD-1182;1;91,10;16,30;56,87;Représentant
CMD-101413;28/08/2024;04/09/2024;06-oct-24;CLI-0209;EMP-508;ENT-MTL;BD-1173;7;317,68;20,30;207,98;Portail web
CMD-100365;2024-03-27;31/03/2024;;CLI-0198;EMP-504;ENT-QC;BD-1163;3;578,30;5,70;294,58;Représentant
CMD-101957;25/10/2024;02-nov-24;03/12/2024;CLI-0145;EMP-504;ENT-SAG;BD-1120;24;271,97;8,40;182,88;Portail web
CMD-101400;27/08/2024;29/08/2024;13-oct-24;CLI-0110;EMP-507;ENT-SAG;BD-1013;4;482,15;6,60;308,85;Téléphone
CMD-101938;23/10/2024;25/10/2024;2024-12-04;CLI-0171;EMP-507;ENT-QC;BD-1058;4;236,47;3,40;146,46;Représentant
CMD-100911;2024-06-11;15/06/2024;07/08/2024;CLI-0220;EMP-506;ENT-MTL;BD-1179;1;381,43;11,60;226,59;Portail web
CMD-102058;08/11/2024;14/11/2024;20-déc-24;CLI-0091;EMP-504;ENT-MTL;BD-1092;3;272,18;3,60;140,04;Salon
CMD-102098;14-nov-24;23/11/2024;04/12/2024;CLI-0196;EMP-506;ENT-MTL;BD-1101;3;104,95;3,30;62,94;Courriel
CMD-102056;07/11/2024;2024-11-09;04/12/2024;CLI-0133;EMP-508;ENT-MTL;BD-1144;4;157,94;11,50;96,31;Représentant
CMD-101044;01/07/2024;2024-07-06;02/08/2024;CLI-0037;EMP-504;ENT-QC;BD-1107;30;172,29;21,80;147,44;Représentant
CMD-101499;06/09/2024;2024-09-13;10/10/2024;CLI-0002;EMP-509;ENT-MTL;BD-1041;6;232,22;8,40;159,88;Représentant
CMD-100635;06/05/2024;2024-05-14;;CLI-0006;EMP-505;ENT-SAG;BD-1147;2;526,53;12,00;339,78;Courriel
CMD-101270;10/08/2024;14-août-24;05/09/2024;CLI-0067;EMP-502;ENT-QC;BD-1050;1;446,68;11,40;291,69;Représentant
CMD-102279;17-déc-24;25/12/2024;17/01/2025;CLI-0094;EMP-502;ENT-MTL;BD-1180;3;181,82;4,00;93,34;Portail web
CMD-101112;15/07/2024;2024-07-24;19/08/2024;CLI-0003;EMP-508;ENT-MTL;BD-1064;4;121,55;3,00;69,43;Portail web
CMD-100370;2024-03-28;05/04/2024;14/05/2024;CLI-0099;EMP-505;ENT-SAG;BD-1005;12;267,08;18,30;204,06;Téléphone
CMD-102020;2024-11-01;06/11/2024;19/12/2024;CLI-0031;EMP-509;ENT-QC;BD-1041;3;210,74;16,90;159,88;Courriel
CMD-100719;16-mai-24;25/05/2024;28/06/2024;CLI-0185;EMP-508;ENT-MTL;BD-1179;4;341,15;21,00;226,59;Représentant
CMD-101505;2024-09-07;15/09/2024;20/10/2024;CLI-0208;EMP-507;ENT-QC;BD-1116;2;77,12;13,00;58,93;Courriel
CMD-100872;06/06/2024;15/06/2024;2024-07-09;CLI-0100;EMP-505;ENT-MTL;BD-1005;6;316,08;3,30;204,06;Représentant
CMD-101212;02/08/2024;04-août-24;20/08/2024;CLI-0076;EMP-507;ENT-MTL;BD-1022;13;348,07;23,40;247,74;Représentant
CMD-102270;14-déc-24;17/12/2024;13/01/2025;CLI-0185;EMP-508;ENT-QC;BD-1144;18;137,40;23,00;96,31;Téléphone
CMD-101641;2024-09-20;23/09/2024;26/10/2024;CLI-0019;EMP-502;ENT-MTL;BD-1037;4;29,32;2,00;16,31;Représentant
CMD-101396;27/08/2024;03/09/2024;20-oct-24;CLI-0087 ;EMP-502;ENT-MTL;BD-1073;8;402,35;10,50;255,00;Portail web
CMD-101993;2024-10-30;08/11/2024;25/12/2024;CLI-0061;EMP-503;ENT-MTL;BD-1060;8;343,16;13,30;241,90;Téléphone
CMD-101034;28/06/2024;30-juin-24;11/08/2024;CLI-0015;EMP-509;ENT-MTL;BD-1035;4;45,65;5,60;30,00;Courriel
CMD-102284;18/12/2024;21/12/2024;2025-01-15;CLI-0041;EMP-508;ENT-QC;BD-1093;4;191,70;14,30;132,18;Représentant
CMD-102271;14/12/2024;18/12/2024;29/01/2025;CLI-0189;EMP-501;ENT-QC;BD-1163;6;590,34;3,70;294,58;Courriel
CMD-101024;28-juin-24;01/07/2024;27/08/2024;CLI-0055;EMP-506;ENT-MTL;BD-1104;8;108,09;2,30;75,12;Représentant
CMD-102187;27/11/2024;06/12/2024;2025-01-18;CLI-0043;EMP-506;ENT-QC;BD-1097;8;316,69;13,90;210,05;Représentant
CMD-101944;24/10/2024;31/10/2024;13-nov-24;CLI-0076;EMP-507;ENT-QC;BD-1152;6;388,62;19,20;265,82;Représentant
CMD-101423;29/08/2024;2024-09-07;04/10/2024;CLI-0158;EMP-507;ENT-QC;BD-1115;2;73,08;2,10;46,26;Téléphone
CMD-101454;02/09/2024;05/09/2024;2024-10-31;CLI-0047;EMP-508;ENT-MTL;BD-1143;12;312,00;16,80;215,92;Représentant
CMD-100632;2024-05-04;13/05/2024;05/06/2024;CLI-0026;EMP-506;ENT-MTL;BD-1025;6;198,09;15,30;146,28;Portail web
CMD-100573;26/04/2024;02/05/2024;2024-06-12;CLI-0168;EMP-509;ENT-SAG;BD-1168;4;373,11;6,70;224,71;Représentant
CMD-101309;15/08/2024;24/08/2024;28/09/2024;CLI-0103;EMP-502;ENT-QC;BD-1037;12;27,63;7,60;16,31;Représentant
CMD-100020;05/01/2024;12/01/2024;2024-02-16;CLI-0143;EMP-503;ENT-SAG;BD-1077;4;304,64;10,90;167,57;Courriel
CMD-100229;04-mars-24;09/03/2024;17/04/2024;CLI-0153;EMP-507;ENT-MTL;BD-1016;6;363,25;12,10;219,41;Téléphone
CMD-102154;21/11/2024;30/11/2024;2024-12-24;CLI-0059;EMP-504;ENT-QC;BD-1100;18;435,20;18,90;306,44;Courriel
CMD-101137;22/07/2024;27/07/2024;2024-09-01;CLI-0099;EMP-505;ENT-MTL;BD-1118;16;401,12;19,30;336,11;Représentant
CMD-100122;06-févr-24;13/02/2024;30/03/2024;CLI-0088;EMP-504;ENT-SAG;BD-1162;4;114,51;16,50;66,97;Représentant
CMD-102176;26/11/2024;29/11/2024;2025-01-25;CLI-0125;EMP-509;ENT-QC;BD-1067;12;39,07;6,10;23,77;Représentant
CMD-100527;18/04/2024;2024-04-26;;CLI-0076;EMP-507;ENT-SAG;BD-1057;6;23,27;22,00;19,26;Représentant
CMD-101736;01/10/2024;05-oct-24;;CLI-0037;EMP-504;ENT-SAG;BD-1155;9;405,25;25,20;322,38;Représentant
CMD-101578;13/09/2024;17/09/2024;28-oct-24;CLI-0034;EMP-507;ENT-MTL;BD-1053;2;286,78;12,30;176,84;Téléphone
CMD-100468;11-avr-24;17/04/2024;14/05/2024;CLI-0029;EMP-506;ENT-MTL;BD-1166;5;339,45;18,30;212,88;Représentant
CMD-102305;25/12/2024;27/12/2024;2025-01-18;CLI-0061;EMP-503;ENT-MTL;BD-1129;1;61,82;14,00;45,49;Salon
CMD-101085;08/07/2024;14/07/2024;2024-08-22;CLI-0130;EMP-508;ENT-QC;BD-1111;23;164,38;25,80;145,84;Représentant
CMD-100416;04/04/2024;13/04/2024;2024-05-22;CLI-0029;EMP-506;ENT-MTL;BD-1143;15;286,14;23,70;215,92;Portail web
CMD-100047;15/01/2024;2024-01-18;28/02/2024;CLI-0037;EMP-504;ENT-QC;BD-1049;5;43,35;20,70;30,58;Représentant
CMD-102201;28/11/2024;01/12/2024;03-janv-25;CLI-0129;EMP-508;ENT-SAG;BD-1085;6;61,72;8,10;40,90;Représentant
CMD-101474;04/09/2024;2024-09-12;03/10/2024;CLI-0085;EMP-503;ENT-QC;BD-1050;1;486,33;3,50;291,69;Portail web
CMD-101836;11/10/2024;18/10/2024;25-nov-24;CLI-0214;EMP-508;ENT-MTL;BD-1075;8;91,85;8,80;59,74;Représentant
CMD-100632;04-mai-24;13/05/2024;05/06/2024;CLI-0026;EMP-506;ENT-MTL;BD-1072;1;335,29;15,30;196,62;Courriel
CMD-101160;24-juil-24;27/07/2024;02/08/2024;CLI-0130;EMP-508;ENT-SAG;BD-1035;7;39,60;18,20;30,00;Représentant
CMD-101712;27/09/2024;2024-10-01;13/11/2024;CLI-0034;EMP-507;ENT-SAG;BD-1080;3;293,95;11,10;173,12;Représentant
CMD-101208;2024-08-02;11/08/2024;17/10/2024;CLI-0121;EMP-508;ENT-QC;BD-1104;3;98,29;11,20;75,12;Téléphone
CMD-102176;2024-11-26;29/11/2024;25/01/2025;CLI-0125;EMP-509;ENT-QC;BD-1140;12;59,66;6,10;40,41;Téléphone
CMD-101838;11/10/2024;17/10/2024;07-déc-24;CLI-0217;EMP-506;ENT-MTL;BD-1099;60;397,30;20,00;287,66;Téléphone
CMD-101167;26-juil-24;02/08/2024;21/09/2024;CLI-0029;EMP-506;ENT-QC;BD-1119;11;71,20;22,50;58,44;Salon
CMD-100558;24/04/2024;02/05/2024;2024-05-23;CLI-0056;EMP-502;ENT-SAG;BD-1178;24;159,87;22,10;116,97;Portail web
CMD-101921;2024-10-22;28/10/2024;11/12/2024;CLI-0170;EMP-504;ENT-QC;BD-1103;6;220,59;3,20;151,66;
CMD-101748;2024-10-02;11/10/2024;04/11/2024;CLI-0188;EMP-506;ENT-QC;BD-1140;24;55,52;12,60;40,41;Représentant
CMD-101309;15/08/2024;24/08/2024;28-sept-24;CLI-0103;EMP-502;ENT-QC;BD-1029;2;361,89;7,60;238,44;Téléphone
CMD-100682;11/05/2024;2024-05-14;13/06/2024;CLI-0151;EMP-504;ENT-QC;BD-1056;4;475,16;3,40;287,11;Salon
CMD-100615;02/05/2024;04/05/2024;24-mai-24;CLI-0009;EMP-502;ENT-MTL;BD-1117;8;114,17;22,90;98,28;Représentant
CMD-101799;08/10/2024;10/10/2024;2024-11-14;CLI-0067;EMP-502;ENT-MTL;BD-1133;24;91,04;10,20;61,66;Représentant
CMD-100924;13/06/2024;21/06/2024;2024-06-30;CLI-0074;EMP-507;ENT-QC;BD-1029;11;309,85;20,90;238,44;Représentant
CMD-101813;2024-10-09;17/10/2024;08/11/2024;CLI-0153;EMP-507;ENT-QC;BD-1119;2;78,87;14,10;58,44;Portail web
CMD-100012;03/01/2024;2024-01-06;30/01/2024;CLI-0011;EMP-507;ENT-QC;BD-1112;3;112,28;2,30;65,64;Téléphone
CMD-102098;14/11/2024;23/11/2024;2024-12-04;CLI-0196;EMP-506;ENT-MTL;BD-1152;4;465,28;3,30;265,82;Représentant
CMD-101680;25-sept-24;03/10/2024;15/11/2024;CLI-0050;EMP-502;ENT-QC;BD-1078;4;330,24;13,90;197,64;Représentant
CMD-101913;21/10/2024;2024-10-23;29/11/2024;CLI-0156;EMP-502;ENT-QC;BD-1023;6;351,91;6,80;239,29;Représentant
CMD-100837;31/05/2024;07/06/2024;2024-07-22;CLI-0146;EMP-503;ENT-MTL;BD-1049;3;46,15;15,50;30,58;Portail web
CMD-100233;05/03/2024;12/03/2024;27-avr-24;CLI-0103;EMP-502;ENT-MTL;BD-1159;4;272,20;5,80;166,16;Portail web
CMD-100608;2024-05-01;09/05/2024;05/06/2024;CLI-0083;EMP-507;ENT-SAG;BD-1106;12;516,73;2,60;333,09;Représentant
CMD-101825;10/10/2024;17/10/2024;11/12/2024;CLI-0125;EMP-509;ENT-MTL;BD-1172;4;393,11;6,10;216,67;Représentant
CMD-102249;2024-12-09;11/12/2024;04/01/2025;CLI-0144;EMP-502;ENT-MTL;BD-1156;4;254,67;15,70;161,25;Représentant
CMD-100941;2024-06-14;19/06/2024;31/07/2024;CLI-0138;EMP-506;ENT-SAG;BD-1129;24;68,22;5,10;45,49;Téléphone
CMD-102088;2024-11-12;14/11/2024;07/12/2024;CLI-0059;EMP-504;ENT-QC;BD-1172;16;334,63;20,10;216,67;Représentant
CMD-101955;2024-10-25;27/10/2024;09/12/2024;CLI-0020;EMP-508;ENT-QC;BD-1138;4;134,12;8,90;86,38;Téléphone
CMD-100029;2024-01-09;15/01/2024;08/02/2024;CLI-0089;EMP-502;ENT-MTL;BD-1128;9;110,16;24,00;77,25;Courriel
CMD-100657;08/05/2024;15-mai-24;30/06/2024;CLI-0108;EMP-503;ENT-SAG;BD-1040;3;379,65;13,90;268,77;Portail web
CMD-100129;07/02/2024;16/02/2024;13/03/2024;CLI-0157;EMP-502;ENT-MTL;BD-1036;4;227,48;11,40;159,06;Représentant
CMD-100202;27/02/2024;2024-03-07;20/04/2024;CLI-0130;EMP-508;ENT-QC;BD-1032;26;436,50;20,30;339,97;Représentant
CMD-101825;10-oct-24;17/10/2024;11/12/2024;CLI-0125;EMP-509;ENT-MTL;BD-1146;6;352,71;6,10;220,88;Téléphone
CMD-101481;04-sept-24;11/09/2024;08/11/2024;CLI-0148;EMP-501;ENT-MTL;BD-1036;12;227,80;11,30;159,06;Téléphone
CMD-101383;24/08/2024;31/08/2024;02-oct-24;CLI-0060;EMP-508;ENT-QC;BD-1055;8;304,97;7,10;209,35;Représentant
CMD-101245;07/08/2024;11-août-24;29/09/2024;CLI-0087;EMP-502;ENT-MTL;BD-1039;1;165,83;16,20;119,66;Représentant
CMD-100771;23/05/2024;26/05/2024;2024-07-04;CLI-0209;EMP-508;ENT-QC;BD-1042;10;334,14;24,30;261,53;Téléphone
CMD-101824;10/10/2024;17-oct-24;14/11/2024;CLI-0059;EMP-504;ENT-QC;BD-1181;58;504,67;19,20;305,97;Portail web
CMD-100941;14/06/2024;19/06/2024;2024-07-31;CLI-0138;EMP-506;ENT-SAG;BD-1122;24;323,81;5,10;208,30;Courriel
CMD-100916;12/06/2024;17/06/2024;2024-07-16;CLI-0139;EMP-506;ENT-QC;BD-1122;2;285,81;16,20;208,30;Représentant
CMD-101400;27/08/2024;2024-08-29;13/10/2024;CLI-0110;EMP-507;ENT-SAG;BD-1029;3;366,00;6,60;238,44;Salon
CMD-101393;2024-08-27;01/09/2024;17/09/2024;CLI-0014;EMP-502;ENT-MTL;BD-1056;6;450,87;8,30;287,11;Salon
CMD-100824;30/05/2024;04/06/2024;11-juin-24;CLI-0137;EMP-503;ENT-QC;BD-1149;67;149,00;18,60;108,85;Téléphone
CMD-100654;08-mai-24;15/05/2024;18/06/2024;CLI-0217;EMP-506;ENT-MTL;BD-1068;7;454,12;19,50;284,28;Représentant
CMD-100328;20/03/2024;28/03/2024;11/04/2024;CLI-0044;EMP-505;ENT-MTL;BD-1020;3;51,34;10,70;32,44;Téléphone
CMD-101331;17/08/2024;22-août-24;30/09/2024;CLI-0206;EMP-503;ENT-QC;BD-1131;12;57,52;14,20;36,32;Représentant
CMD-101508;09/09/2024;2024-09-17;02/11/2024;CLI-0040;EMP-509;ENT-MTL;BD-1179;2;361,75;16,20;226,59;Téléphone
CMD-100692;13/05/2024;16/05/2024;2024-07-10;CLI-0208;EMP-507;ENT-MTL;BD-1101;12;95,29;12,20;62,94;Représentant
CMD-101736;01-oct-24;05/10/2024;;CLI-0037;EMP-504;ENT-SAG;BD-1123;23;162,67;25,20;129,56;Téléphone
CMD-101883;2024-10-17;22/10/2024;10/12/2024;CLI-0166;EMP-503;ENT-MTL;BD-1093;12;186,20;16,80;132,18;Téléphone
CMD-101899;18/10/2024;27/10/2024;28-nov-24;CLI-0174;EMP-502;ENT-QC;BD-1080;1;315,07;4,70;173,12;Représentant
CMD-100791;27/05/2024;02/06/2024;15/07/2024;CLI-0076;EMP-507;ENT-MTL;BD-1150;11;488,50;22,00;339,92;Portail web
CMD-100345;25/03/2024;2024-04-02;04/05/2024;CLI-0112;EMP-505;ENT-QC;BD-1104;3;98,93;10,60;75,12;Portail web
CMD-100394;01/04/2024;2024-04-10;02/05/2024;CLI-0093;EMP-508;ENT-QC;BD-1047;3;89,38;16,20;70,06;Représentant
CMD-101857;15/10/2024;19/10/2024;2024-11-10;CLI-0207;EMP-501;ENT-QC;BD-1091;1;537,11;5,40;279,07;Représentant
CMD-100647;2024-05-07;13/05/2024;23/06/2024;CLI-0121;EMP-508;ENT-MTL;BD-1140;4;55,20;13,10;40,41;Courriel
CMD-100564;25-avr-24;30/04/2024;16/05/2024;CLI-0076;EMP-507;ENT-SAG;BD-1035;9;37,35;22,80;30,00;Portail web
CMD-100785;24-mai-24;27/05/2024;02/07/2024;CLI-0209;EMP-508;ENT-MTL;BD-1057;9;22,28;25,30;19,26;Représentant
CMD-101563;2024-09-12;19/09/2024;02/11/2024;CLI-0025;EMP-509;ENT-SAG;BD-1082;3;418,94;11,80;278,39;Salon
CMD-102269;13/12/2024;17/12/2024;2025-02-08;CLI-0002;EMP-509;ENT-QC;BD-1124;6;245,29;3,80;150,61;Portail web
CMD-101175;2024-07-29;01/08/2024;24/09/2024;CLI-0185;EMP-508;ENT-SAG;BD-1047;7;86,26;19,10;70,06;Téléphone
CMD-102081;12-nov-24;14/11/2024;16/12/2024;CLI-0006;EMP-505;ENT-SAG;BD-1039;2;174,02;12,10;119,66;Portail web
CMD-101610;17/09/2024;20/09/2024;2024-11-15;CLI-0053;EMP-509;ENT-SAG;BD-1068;2;484,14;14,10;284,28;Représentant
CMD-101119;17/07/2024;2024-07-22;31/08/2024;CLI-0209;EMP-508;ENT-QC;BD-1054;8;347,00;25,50;257,53;Représentant
CMD-101470;04/09/2024;2024-09-10;22/09/2024;CLI-0179;EMP-509;ENT-MTL;BD-1157;8;47,71;8,90;24,69;Téléphone
CMD-100264;2024-03-09;14/03/2024;;CLI-0129;EMP-508;ENT-QC;BD-1176;1;576,65;8,50;322,02;Représentant
CMD-100235;2024-03-05;12/03/2024;16/04/2024;CLI-0152;EMP-503;ENT-MTL;BD-1179;2;400,22;7,30;226,59;Représentant
CMD-100082;25/01/2024;02/02/2024;2024-03-20;CLI-0093;EMP-508;ENT-QC;BD-1141;1;446,14;10,60;307,78;Représentant
CMD-101335;19/08/2024;2024-08-28;12/09/2024;CLI-0113;EMP-505;ENT-MTL;BD-1027;4;421,90;7,90;249,72;Courriel
CMD-102265;13/12/2024;17/12/2024;;CLI-0074;EMP-507;ENT-MTL;BD-1139;47;292,08;18,60;198,93;Représentant
CMD-102035;2024-11-05;11/11/2024;13/12/2024;CLI-0074;EMP-507;ENT-QC;BD-1071;3;398,30;25,40;301,72;Représentant
CMD-101645;21/09/2024;2024-09-24;03/11/2024;CLI-0217;EMP-506;ENT-SAG;BD-1064;3;93,19;25,60;69,43;Portail web
CMD-102223;02/12/2024;08/12/2024;2025-01-08;CLI-0212;EMP-507;ENT-SAG;BD-1064;2;98,13;21,70;69,43;Portail web
CMD-100531;19/04/2024;25-avr-24;24/05/2024;CLI-0032;EMP-504;ENT-QC;BD-1068;8;541,10;4,00;284,28;Représentant
CMD-102219;2024-12-02;05/12/2024;15/01/2025;CLI-0071;EMP-503;ENT-SAG;BD-1142;4;153,27;6,00;98,85;Représentant
CMD-101274;12/08/2024;19/08/2024;2024-10-14;CLI-0148;EMP-501;ENT-QC;BD-1045;1;116,22;11,30;76,76;Représentant
CMD-101397;27/08/2024;01-sept-24;27/10/2024;CLI-0154;EMP-507;ENT-MTL;BD-1110;12;241,11;15,10;178,91;Représentant
CMD-101816;09/10/2024;2024-10-12;17/11/2024;CLI-0209;EMP-508;ENT-SAG;BD-1165;2;136,64;25,70;105,70;Portail web
CMD-101339;19/08/2024;26/08/2024;30/09/2024;CLI-0162;EMP-508;ENT-MTL;BD-1035;6;42,49;12,20;30,00;Courriel
CMD-101133;19-juil-24;23/07/2024;23/08/2024;CLI-0061;EMP-503;ENT-MTL;BD-1152;6;411,66;14,40;265,82;Représentant
CMD-102145;20/11/2024;22/11/2024;2025-01-22;CLI-0037;EMP-504;ENT-MTL;BD-1132;80;162,31;18,30;125,81;Portail web
CMD-101251;08/08/2024;15/08/2024;16-sept-24;CLI-0182;EMP-503;ENT-QC;BD-1031;4;438,76;15,50;294,44;Téléphone
CMD-100454;09/04/2024;13/04/2024;29/05/2024;CLI-0042;EMP-505;ENT-QC;BD-1146;3;315,40;16,00;220,88;Téléphone
CMD-101542;11/09/2024;13/09/2024;13/11/2024;CLI-0149;EMP-501;ENT-MTL;BD-1136;8;194,10;6,50;110,14;Représentant
CMD-101435;30/08/2024;02-sept-24;13/10/2024;CLI-0119;EMP-503;ENT-MTL;BD-1001;3;311,99;6,90;182,30;Portail web
CMD-102011;;05/11/2024;13/12/2024;CLI-0062;EMP-507;ENT-MTL;BD-1079;12;233,47;11,50;144,83;Portail web
CMD-102059;08/11/2024;13-nov-24;28/12/2024;CLI-0044;EMP-505;ENT-QC;BD-1091;8;506,43;10,80;279,07;Téléphone
CMD-100764;22-mai-24;27/05/2024;28/07/2024;CLI-0150;EMP-502;ENT-MTL;BD-1143;1;345,10;8,00;215,92;Portail web
CMD-101773;03/10/2024;12/10/2024;2024-11-16;CLI-0132;EMP-507;ENT-QC;BD-1159;2;241,37;16,50;166,16;Portail web
CMD-100441;08/04/2024;12-avr-24;25/04/2024;CLI-0099;EMP-505;ENT-QC;BD-1180;5;154,23;18,50;93,34;Téléphone
CMD-102140;19/11/2024;26/11/2024;12/01/2025;CLI-0031;EMP-509;ENT-MTL;BD-1129;2;62,07;13,70;45,49;Représentant
CMD-100547;22/04/2024;2024-04-24;19/06/2024;CLI-0173;EMP-508;ENT-QC;BD-1055;4;290,22;11,60;209,35;Portail web
CMD-101454;02/09/2024;05/09/2024;31/10/2024;CLI-0047;EMP-508;ENT-MTL;BD-1139;2;298,33;16,80;198,93;Téléphone
CMD-100469;11/04/2024;17/04/2024;2024-05-22;CLI-0186;EMP-507;ENT-MTL;BD-1053;3;304,95;6,80;176,84;Représentant
CMD-102326;31/12/2024;06/01/2025;2025-02-20;CLI-0081;EMP-502;ENT-QC;BD-1081;4;507,34;14,50;302,82;Représentant
CMD-101004;2024-06-26;03/07/2024;27/07/2024;CLI-0070;EMP-503;ENT-MTL;BD-1119;1;87,42;4,80;58,44;Courriel
CMD-101133;19/07/2024;23/07/2024;23/08/2024;CLI-0061;EMP-503;ENT-MTL;BD-1086;12;117,90;14,40;80,72;Portail web
CMD-100197;26/02/2024;28/02/2024;2024-03-30;CLI-0065;EMP-504;ENT-SAG;BD-1171;3;146,95;7,20;83,70;Téléphone
CMD-100179;2024-02-21;28/02/2024;31/03/2024;CLI-0041;EMP-508;ENT-SAG;BD-1043;8;451,27;14,50;294,10;Représentant
CMD-101716;30/09/2024;2024-10-02;13/11/2024;CLI-0212;EMP-507;ENT-SAG;BD-1158;72;266,02;23,90;180,81;Portail web
CMD-100318;19/03/2024;24/03/2024;16-mai-24;CLI-0153;EMP-507;ENT-MTL;BD-1011;4;442,33;15,80;288,46;Portail web
CMD-100744;2024-05-20;27/05/2024;18/06/2024;CLI-0034;EMP-507;ENT-QC;BD-1123;4;184,04;15,40;129,56;Salon
CMD-100336;22/03/2024;28/03/2024;26/04/2024;CLI-0054;EMP-507;ENT-SAG;BD-1175;3;150,70;11,20;94,86;Téléphone
CMD-100548;22/04/2024;30/04/2024;01-juin-24;CLI-0007;EMP-508;ENT-MTL;BD-1037;24;28,14;5,90;16,31;Téléphone
CMD-100627;03/05/2024;2024-05-06;03/06/2024;CLI-0131;EMP-502;ENT-QC;BD-1023;6;323,91;14,20;239,29;Salon
CMD-100170;2024-02-19;27/02/2024;22/03/2024;CLI-0169;EMP-507;ENT-SAG;BD-1166;4;373,30;10,20;212,88;Représentant
CMD-101851;2024-10-14;17/10/2024;18/11/2024;CLI-0118;EMP-504;ENT-SAG;BD-1007;4;92,84;10,20;55,96;Téléphone
CMD-101026;28/06/2024;2024-07-04;11/08/2024;CLI-0056;EMP-502;ENT-QC;BD-1031;12;405,18;22,00;294,44;Représentant
CMD-100466;10/04/2024;2024-04-13;18/05/2024;CLI-0217;EMP-506;ENT-SAG;BD-1035;14;37,90;21,70;30,00;Représentant
CMD-101969;28/10/2024;02/11/2024;01/12/2024;CLI-0127;EMP-503;ENT-QC;BD-1136;24;174,73;15,80;110,14;Représentant
CMD-101952;25-oct-24;01/11/2024;10/12/2024;CLI-0137;EMP-503;ENT-QC;BD-1139;10;285,48;20,40;198,93;Téléphone
CMD-101144;22-juil-24;27/07/2024;04/09/2024;CLI-0040;EMP-509;ENT-QC;BD-1040;3;391,75;11,10;268,77;Portail web
CMD-100578;2024-04-27;29/04/2024;17/05/2024;CLI-0072;EMP-501;ENT-MTL;BD-1057;8;26,84;10,10;19,26;Représentant
CMD-101287;13/08/2024;22/08/2024;28/09/2024;CLI-0158;EMP-507;ENT-QC;BD-1037;6;28,37;5,20;16,31;Représentant
CMD-100229;04/03/2024;09/03/2024;2024-04-17;CLI-0153;EMP-507;ENT-MTL;BD-1180;4;166,42;12,10;93,34;Téléphone
CMD-102260;11/12/2024;19/12/2024;2025-01-04;CLI-0199;EMP-504;ENT-QC;BD-1103;6;196,33;13,80;151,66;Téléphone
CMD-100431;05/04/2024;2024-04-07;17/05/2024;CLI-0002;EMP-509;ENT-QC;BD-1053;12;312,82;4,40;176,84;Téléphone
CMD-100988;22/06/2024;2024-06-24;09/08/2024;CLI-0076;EMP-507;ENT-MTL;BD-1001;18;266,81;20,40;182,30;Représentant
CMD-101513;09/09/2024;12/09/2024;2024-10-14;CLI-0099;EMP-505;ENT-SAG;BD-1053;9;267,79;18,20;176,84;Représentant
CMD-100171;;25/02/2024;07-avr-24;CLI-0153;EMP-507;ENT-MTL;BD-1143;2;312,16;16,80;215,92;Représentant
CMD-100111;2024-02-02;05/02/2024;14/03/2024;CLI-0182;EMP-503;ENT-QC;BD-1031;4;454,76;12,50;294,44;Téléphone
CMD-100343;23-mars-24;30/03/2024;25/04/2024;CLI-0091;EMP-504;ENT-QC;BD-1108;3;248,98;8,90;166,46;Portail web
CMD-100177;21/02/2024;27/02/2024;2024-03-24;CLI-0130;EMP-508;ENT-QC;BD-1030;19;147,23;19,60;98,88;Représentant
CMD-101475;04/09/2024;06/09/2024;2024-09-27;CLI-0212;EMP-507;ENT-MTL;BD-1159;5;216,06;25,20;166,16;Courriel
CMD-101093;10/07/2024;2024-07-16;22/08/2024;CLI-0080;EMP-506;ENT-QC;BD-1115;1;64,41;13,80;46,26;Téléphone
CMD-100023;2024-01-08;15/01/2024;25/02/2024;CLI-0089;EMP-502;ENT-MTL;BD-1149;12;148,95;18,70;108,85;Téléphone
CMD-100742;20/05/2024;27/05/2024;2024-06-29;CLI-0084;EMP-503;ENT-MTL;BD-1165;6;154,60;16,00;105,70;Représentant
CMD-100341;22/03/2024;2024-03-26;30/04/2024;CLI-0200;EMP-509;ENT-QC;BD-1124;2;221,12;13,30;150,61;Téléphone
CMD-101746;02-oct-24;05/10/2024;04/12/2024;CLI-0160;EMP-508;ENT-MTL;BD-1121;8;74,06;4,90;43,73;Portail web
CMD-100175;21/02/2024;23/02/2024;25-mars-24;CLI-0034;EMP-507;ENT-QC;BD-1076;4;499,73;10,90;281,11;Représentant
CMD-101349;20/08/2024;24/08/2024;2024-09-19;CLI-0100;EMP-505;ENT-SAG;BD-1175;3;155,18;8,60;94,86;Représentant
CMD-101214;02/08/2024;11/08/2024;2024-09-15;CLI-0130;EMP-508;ENT-MTL;BD-1049;14;43,72;20,00;30,58;Représentant
CMD-100846;31/05/2024;2024-06-05;08/07/2024;CLI-0068;EMP-505;ENT-MTL;BD-1062;8;169,95;5,40;112,54;Représentant
CMD-101448;02/09/2024;05/09/2024;2024-10-28;CLI-0178;EMP-501;ENT-SAG;BD-1168;4;366,77;8,30;224,71;Portail web
CMD-100919;12/06/2024;17/06/2024;2024-07-07;CLI-0032;EMP-504;ENT-MTL;BD-1125;8;414,07;5,90;285,25;Portail web
CMD-102072;11/11/2024;16-nov-24;20/12/2024;CLI-0136;EMP-507;ENT-QC;BD-1040;24;390,59;11,40;268,77;Téléphone
CMD-101673;2024-09-25;28/09/2024;11/11/2024;CLI-0130;EMP-508;ENT-MTL;BD-1065;8;196,11;21,40;128,81;Représentant
CMD-100056;17/01/2024;23/01/2024;14-févr-24;CLI-0012;EMP-501;ENT-QC;BD-1147;6;485,07;18,90;339,78;Représentant
CMD-100683;2024-05-11;20/05/2024;24/06/2024;CLI-0209;EMP-508;ENT-MTL;BD-1057;6;24,30;18,60;19,26;Téléphone
CMD-101389;26/08/2024;2024-09-01;13/10/2024;CLI-0207;EMP-501;ENT-SAG;BD-1017;2;515,26;8,60;307,26;Représentant
CMD-101119;2024-07-17;22/07/2024;31/08/2024;CLI-0209;EMP-508;ENT-QC;BD-1154;71;398,14;25,50;323,13;Portail web
CMD-100759;21/05/2024;27/05/2024;29-juin-24;CLI-0210;EMP-503;ENT-QC;BD-1004;6;265,13;3,30;155,56;Courriel
CMD-102003;31-oct-24;03/11/2024;02/01/2025;CLI-0041;EMP-508;ENT-MTL;BD-1098;2;377,40;14,40;257,11;Représentant
CMD-102319;30/12/2024;04/01/2025;2025-02-13;CLI-0209;EMP-508;ENT-QC;BD-1180;3;143,08;24,40;93,34;Représentant
CMD-101441;2024-08-31;09/09/2024;10/10/2024;CLI-0056;EMP-502;ENT-QC;BD-1037;30;22,62;24,40;16,31;Représentant
CMD-100892;10/06/2024;13/06/2024;18/07/2024;CLI-0198;EMP-504;ENT-QC;BD-1052;1;287,02;6,50;179,27;Portail web
CMD-102196;2024-11-28;07/12/2024;21/01/2025;CLI-0200;EMP-509;ENT-QC;BD-1141;24;440,02;11,90;307,78;Portail web
CMD-101552;11/09/2024;20/09/2024;24/10/2024;CLI-0094;EMP-502;ENT-MTL;BD-1054;8;435,60;6,50;257,53;Téléphone
CMD-100232;05/03/2024;13/03/2024;2024-04-03;CLI-0203;EMP-503;ENT-QC;BD-1037;2;27,56;7,90;16,31;Portail web
CMD-100698;13/05/2024;21-mai-24;11/06/2024;CLI-0219;EMP-505;ENT-MTL;BD-1121;12;72,87;6,40;43,73;Représentant
CMD-101006;26/06/2024;30/06/2024;10-août-24;CLI-0050;EMP-502;ENT-QC;BD-1015;3;476,16;10,30;318,69;Représentant
CMD-101916;21/10/2024;24/10/2024;26-nov-24;CLI-0118;EMP-504;ENT-QC;BD-1135;4;65,01;11,30;39,89;Téléphone
CMD-100089;2024-01-27;04/02/2024;04/03/2024;CLI-0053;EMP-509;ENT-SAG;BD-1144;2;151,79;15,00;96,31;Représentant
CMD-102065;2024-11-08;14/11/2024;18/12/2024;CLI-0212;EMP-507;ENT-MTL;BD-1119;4;70,62;23,10;58,44;Téléphone
CMD-101275;12/08/2024;21/08/2024;21-sept-24;CLI-0213;EMP-508;ENT-MTL;BD-1052;1;297,35;3,20;179,27;Représentant
CMD-101891;18/10/2024;22-oct-24;26/11/2024;CLI-0052;EMP-504;ENT-MTL;BD-1152;3;427,05;11,20;265,82;Représentant
CMD-100806;28-mai-24;02/06/2024;26/06/2024;CLI-0210;EMP-503;ENT-QC;BD-1180;1;181,39;4,20;93,34;Portail web
CMD-101174;29/07/2024;07/08/2024;2024-09-15;CLI-0209;EMP-508;ENT-QC;BD-1011;6;421,82;19,70;288,46;Téléphone
CMD-100914;12/06/2024;15/06/2024;2024-07-12;CLI-0079;EMP-509;ENT-MTL;BD-1042;8;416,39;5,60;261,53;Représentant
CMD-100182;22/02/2024;01-mars-24;31/03/2024;CLI-0043;EMP-506;ENT-QC;BD-1157;1;46,20;11,70;24,69;Courriel
CMD-101997;30/10/2024;2024-11-07;24/11/2024;CLI-0097;EMP-504;ENT-MTL;BD-1133;6;97,81;3,50;61,66;Représentant
CMD-100976;20-juin-24;27/06/2024;30/07/2024;CLI-0074;EMP-507;ENT-SAG;BD-1048;8;39,43;23,00;32,82;Représentant
CMD-101241;07/08/2024;14-août-24;21/09/2024;CLI-0014;EMP-502;ENT-QC;BD-1042;2;411,87;6,70;261,53;Représentant
CMD-100923;13/06/2024;20/06/2024;18/08/2024;CLI-0154;EMP-507;ENT-MTL;BD-1110;1;247,70;12,80;178,91;Téléphone
CMD-100075;23/01/2024;01/02/2024;16-mars-24;CLI-0014;EMP-502;ENT-QC;BD-1096;8;272,05;8,10;170,74;Courriel
CMD-101265;09/08/2024;12-août-24;03/09/2024;CLI-0027;EMP-502;ENT-MTL;BD-1008;8;218,68;6,50;128,94;Téléphone
CMD-101809;09/10/2024;2024-10-13;30/10/2024;CLI-0076;EMP-507;ENT-MTL;BD-1152;5;361,23;24,90;265,82;Portail web
CMD-100168;19/02/2024;28/02/2024;04-avr-24;CLI-0082;EMP-504;ENT-QC;BD-1016;2;391,55;5,30;219,41;Courriel
CMD-102100;14/11/2024;17/11/2024;05/12/2024;CLI-0161;EMP-508;ENT-MTL;BD-1145;6;168,51;8,50;108,83;Téléphone
CMD-101081;08/07/2024;2024-07-12;16/08/2024;CLI-0089;EMP-502;ENT-MTL;BD-1060;49;296,90;25,00;241,90;Représentant
CMD-100856;03/06/2024;05-juin-24;18/07/2024;CLI-0012;EMP-501;ENT-SAG;BD-1181;9;505,33;19,10;305,97;Portail web
CMD-100946;15/06/2024;17/06/2024;;CLI-0178;EMP-501;ENT-MTL;BD-1152;3;450,31;6,40;265,82;Représentant
CMD-100037;10/01/2024;13/01/2024;;CLI-0130;EMP-508;ENT-MTL;BD-1137;10;32,27;24,60;25,06;Téléphone
CMD-100436;06/04/2024;2024-04-09;24/05/2024;CLI-0115;EMP-509;ENT-MTL;BD-1007;2;87,29;15,50;55,96;Courriel
CMD-100359;27/03/2024;02/04/2024;2024-05-09;CLI-0097;EMP-504;ENT-QC;BD-1123;24;210,54;3,20;129,56;Représentant
CMD-102228;03/12/2024;07/12/2024;07-janv-25;CLI-0039;EMP-503;ENT-QC;BD-1158;2;342,47;2,00;180,81;Portail web
CMD-101337;2024-08-19;22/08/2024;11/09/2024;CLI-0076;EMP-507;ENT-MTL;BD-9877;2;421,27;18,40;308,85;Représentant
CMD-100308;2024-03-18;21/03/2024;28/04/2024;CLI-0217;EMP-506;ENT-QC;BD-1093;2;171,06;23,60;132,18;Représentant
CMD-101028;28/06/2024;06/07/2024;18-août-24;CLI-0185;EMP-508;ENT-SAG;BD-1028;35;180,97;23,50;140,77;Représentant
CMD-100192;26/02/2024;01/03/2024;29-mars-24;CLI-0059;EMP-504;ENT-SAG;BD-1110;25;231,55;18,40;178,91;Représentant
CMD-100185;23/02/2024;2024-03-01;18/04/2024;CLI-0029;EMP-506;ENT-MTL;BD-1017;7;437,19;22,50;307,26;Représentant
CMD-100232;2024-03-05;13/03/2024;03/04/2024;CLI-0203;EMP-503;ENT-QC;BD-1154;1;492,35;7,90;323,13;Téléphone
CMD-100629;03/05/2024;12/05/2024;07/06/2024;CLI-0099;EMP-505;ENT-MTL;BD-1161;4;104,33;22,70;62,84;Portail web
CMD-101708;27/09/2024;30/09/2024;29/10/2024;CLI-0056;EMP-502;ENT-MTL;BD-1046;10;355,67;25,50;308,91;Courriel
CMD-100616;02/05/2024;2024-05-10;05/06/2024;CLI-0127;EMP-503;ENT-QC;BD-1173;1;349,75;12,30;207,98;Portail web
CMD-101621;2024-09-18;27/09/2024;08/10/2024;CLI-0014 ;EMP-502;ENT-QC;BD-1054;24;434,06;6,80;257,53;Représentant
CMD-100828;30/05/2024;2024-06-08;07/07/2024;CLI-0171;EMP-507;ENT-QC;BD-1116;4;83,08;6,30;58,93;Portail web
CMD-102094;13/11/2024;16/11/2024;2024-12-26;CLI-0089;EMP-502;ENT-QC;BD-1154;49;430,72;19,40;323,13;Téléphone
CMD-102203;29/11/2024;08/12/2024;2025-01-21;CLI-0163;EMP-505;ENT-MTL;BD-1131;4;61,52;8,20;36,32;Représentant
CMD-102138;19/11/2024;24/11/2024;29/12/2024;CLI-0173;EMP-508;ENT-MTL;BD-1096;6;258,65;12,70;170,74;Représentant
CMD-100324;20/03/2024;23/03/2024;01/05/2024;CLI-0217;EMP-506;ENT-MTL;BD-1056;8;370,88;24,60;287,11;Téléphone
CMD-101718;30/09/2024;05/10/2024;28/10/2024;CLI-0200;EMP-509;ENT-QC;BD-1077;6;296,06;13,40;167,57;Portail web
CMD-102157;21/11/2024;2024-11-30;14/01/2025;CLI-0182;EMP-503;ENT-QC;BD-1084;3;486,88;16,10;312,00;Représentant
CMD-102079;12-nov-24;20/11/2024;12/01/2025;CLI-0097;EMP-504;ENT-MTL;BD-1109;8;424,84;7,70;303,82;Salon
CMD-101970;28/10/2024;2024-11-02;12/12/2024;CLI-0120;EMP-509;ENT-MTL;BD-1084;2;560,87;3,40;312,00;Téléphone
CMD-102227;03/12/2024;05/12/2024;2025-01-16;CLI-0108;EMP-503;ENT-MTL;BD-1130;3;491,27;13,00;317,23;Représentant
CMD-102074;2024-11-11;16/11/2024;03/01/2025;CLI-0003;EMP-508;ENT-QC;BD-1140;8;57,95;8,80;40,41;Représentant
CMD-100551;23/04/2024;26/04/2024;2024-05-26;CLI-0002;EMP-509;ENT-MTL;BD-1064;6;119,58;4,50;69,43;Portail web
CMD-101418;29-août-24;07/09/2024;13/10/2024;CLI-0208;EMP-507;ENT-MTL;BD-1019;3;256,35;14,80;170,21;Représentant
CMD-101230;05/08/2024;2024-08-12;14/09/2024;CLI-0211;EMP-504;ENT-QC;BD-1038;1;491,62;10,90;313,36;Téléphone
CMD-101210;2024-08-02;11/08/2024;16/09/2024;cli-0004;EMP-505;ENT-QC;BD-1113;12;418,03;2,10;276,01;Téléphone
CMD-100379;2024-03-29;31/03/2024;24/05/2024;CLI-0048;EMP-508;ENT-MTL;BD-1092;2;238,88;15,40;140,04;Représentant
CMD-102018;n/d;04/11/2024;2024-11-28;CLI-0115;EMP-509;ENT-MTL;BD-1077;6;283,80;17,00;167,57;Représentant
CMD-101877;2024-10-16;22/10/2024;17/12/2024;CLI-0158;EMP-507;ENT-QC;BD-1127;2;282,22;6,30;170,72;Représentant
CMD-101731;01-oct-24;09/10/2024;13/11/2024;CLI-0215;EMP-503;ENT-QC;BD-1069;3;376,78;5,50;198,50;Portail web
CMD-101707;27/09/2024;2024-10-02;21/12/2024;CLI-0028;EMP-509;ENT-SAG;BD-1070;1;74,07;2,80;39,88;Représentant
CMD-100057;17/01/2024;2024-01-21;07/03/2024;CLI-0076;EMP-507;ENT-QC;BD-1182;74;87,86;19,30;56,87;Portail web
CMD-102218;30/11/2024;02/12/2024;2025-01-07;CLI-0080;EMP-506;ENT-MTL;BD-1039;8;173,41;12,40;119,66;Portail web
CMD-101227;05/08/2024;13/08/2024;08-sept-24;CLI-0131;EMP-502;ENT-QC;BD-1011;24;436,35;16,90;288,46;Représentant
CMD-100317;2024-03-19;28/03/2024;16/05/2024;CLI-0035;EMP-503;ENT-MTL;BD-1024;1;300,54;10,10;185,46;Portail web
CMD-100857;03-juin-24;08/06/2024;26/07/2024;CLI-0188;EMP-506;ENT-MTL;BD-1101;6;93,01;14,30;62,94;Portail web
CMD-100785;24/05/2024;27/05/2024;02-juil-24;CLI-0209;EMP-508;ENT-MTL;BD-1176;5;470,85;25,30;322,02;Téléphone
CMD-101232;05-août-24;09/08/2024;15/09/2024;CLI-0045;EMP-502;ENT-MTL;BD-1051;3;114,32;11,80;78,12;Représentant
CMD-101323;16-août-24;20/08/2024;12/09/2024;CLI-0054;EMP-507;ENT-QC;BD-1047;24;92,21;13,50;70,06;Représentant
CMD-100859;2024-06-03;10/06/2024;23/07/2024;CLI-0043;EMP-506;ENT-MTL;BD-1140;2;54,92;13,60;40,41;Représentant
CMD-100117;2024-02-05;14/02/2024;07/03/2024;CLI-0032;EMP-504;ENT-MTL;BD-1044;12;313,98;2,80;195,45;Représentant
CMD-102222;2024-12-02;10/12/2024;24/01/2025;CLI-0036;EMP-505;ENT-MTL;BD-1093;3;188820,00;15,60;132,18;Représentant
CMD-100027;08/01/2024;17/01/2024;20-févr-24;CLI-0063;EMP-503;ENT-QC;BD-1027;2;394,17;14,00;249,72;Téléphone
CMD-102095;2024-11-13;19/11/2024;04/01/2025;CLI-0129;EMP-508;ENT-QC;BD-1149;3;168,21;8,10;108,85;Représentant
CMD-100335;21/03/2024;2024-03-26;29/05/2024;CLI-0037;EMP-504;ENT-SAG;BD-1180;59;153,31;19,00;93,34;Courriel
CMD-101994;30/10/2024;2024-11-03;26/11/2024;CLI-0097;EMP-504;ENT-MTL;BD-1033;6;173,31;7,50;110,89;Représentant
CMD-100128;2024-02-07;11/02/2024;15/03/2024;CLI-0209;EMP-508;ENT-QC;BD-1176;5;515,18;18,30;322,02;Portail web
CMD-101044;01/07/2024;06-juil-24;02/08/2024;CLI-0037;EMP-504;ENT-QC;BD-1054;70;364,42;21,80;257,53;Représentant
CMD-101053;02/07/2024;09/07/2024;24-juil-24;CLI-0137;EMP-503;ENT-QC;BD-1057;23;22,95;23,10;19,26;Téléphone
CMD-101301;2024-08-14;18/08/2024;23/10/2024;CLI-0137;EMP-503;ENT-QC;BD-1173;3;319,51;19,90;207,98;Représentant
CMD-101187;31/07/2024;2024-08-02;29/08/2024;CLI-0030;EMP-501;ENT-QC;BD-1116;3;82,46;7,00;58,93;Représentant
CMD-100222;02/03/2024;2024-03-10;11/04/2024;CLI-0073;EMP-501;ENT-MTL;BD-1107;2;185,60;15,70;147,44;Représentant
CMD-102017;01/11/2024;04-nov-24;13/12/2024;CLI-0015;EMP-509;ENT-QC;BD-1082;12;452,77;4,70;278,39;Téléphone
CMD-100950;17/06/2024;20/06/2024;2024-07-21;CLI-0197;EMP-507;ENT-MTL;BD-1054;3;426,60;8,40;257,53;Courriel
CMD-100072;22/01/2024;2024-01-25;03/02/2024;CLI-0220;EMP-506;ENT-QC;BD-1149;2;158,16;13,60;108,85;Représentant
CMD-100758;2024-05-21;25/05/2024;03/07/2024;CLI-0124;EMP-509;ENT-MTL;BD-1015;3;495,89;6,60;318,69;Portail web
CMD-101201;01-août-24;07/08/2024;09/08/2024;CLI-0130;EMP-508;ENT-MTL;BD-1161;27;101,05;25,20;62,84;Représentant
CMD-101603;2024-09-16;20/09/2024;29/10/2024;CLI-0040;EMP-509;ENT-QC;BD-1120;3;263,52;11,20;182,88;Représentant
CMD-101759;03/10/2024;10/10/2024;2024-12-04;CLI-0112;EMP-505;ENT-QC;BD-1086;4;115,81;15,90;80,72;Téléphone
CMD-101227;05-août-24;13/08/2024;08/09/2024;CLI-0131;EMP-502;ENT-QC;BD-1014;12;37,13;16,90;26,62;Représentant
CMD-102283;18/12/2024;27-déc-24;14/02/2025;CLI-0076;EMP-507;ENT-SAG;BD-1093;3;171,47;23,40;132,18;Téléphone
CMD-101197;01/08/2024;10/08/2024;22-sept-24;CLI-0040;EMP-509;ENT-QC;BD-1122;4;290,64;14,80;208,30;Courriel
CMD-100311;18-mars-24;23/03/2024;02/05/2024;CLI-0076;EMP-507;ENT-MTL;BD-1181;9;511,93;18,10;305,97;Représentant
CMD-100112;02-févr-24;07/02/2024;27/02/2024;CLI-0116;EMP-509;ENT-MTL;BD-1032;3;476,84;12,90;339,97;Portail web
CMD-101027;28/06/2024;07-juil-24;24/07/2024;CLI-0012;EMP-501;ENT-SAG;BD-1037;27;24,21;19,10;16,31;Représentant
CMD-101489;06/09/2024;15-sept-24;03/11/2024;CLI-0141;EMP-502;ENT-QC;BD-1147;1;520,96;12,90;339,78;Représentant
CMD-100673;2024-05-10;19/05/2024;17/06/2024;CLI-0101;EMP-509;ENT-SAG;BD-1110;2;277,69;2,20;178,91;Représentant
CMD-101983;2024-10-29;04/11/2024;06/12/2024;CLI-0077;EMP-501;ENT-QC;BD-1082;4;460,93;3,00;278,39;Représentant
CMD-100930;13/06/2024;22/06/2024;28/07/2024;CLI-0166;EMP-503;ENT-QC;BD-1053;8;279,62;14,50;176,84;Téléphone
CMD-101993;30-oct-24;08/11/2024;25/12/2024;CLI-0061;EMP-503;ENT-MTL;BD-1148;3;398,76;13,30;296,06;Représentant
CMD-100103;01/02/2024;07/02/2024;29-févr-24;CLI-0049;EMP-508;ENT-QC;BD-1145;2;160,08;13,10;108,83;Représentant
CMD-101961;26/10/2024;03/11/2024;2024-12-11;  CLI-0118;EMP-504;ENT-SAG;BD-1134;24;93,94;14,60;60,50;Représentant
CMD-101240;06/08/2024;09/08/2024;;  CLI-0150;EMP-502;ENT-QC;BD-1047;3;97,62;8,40;70,06;Portail web
CMD-101753;03/10/2024;12/10/2024;2024-11-07;CLI-0137;EMP-503;ENT-SAG;BD-1020;20;44,00;23,40;32,44;Représentant
CMD-100215;01/03/2024;06/03/2024;2024-04-04;CLI-0018;EMP-503;ENT-QC;BD-1133;8;96,39;4,90;61,66;Portail web
CMD-100187;24/02/2024;04/03/2024;23/04/2024;CLI-0134;EMP-509;ENT-MTL;BD-1139;2;331,30;7,60;198,93;Portail web
CMD-101361;21-août-24;30/08/2024;10/10/2024;CLI-0056;EMP-502;ENT-SAG;BD-1048;22;39,19;23,50;32,82;Représentant
CMD-101979;29/10/2024;04/11/2024;17/12/2024;CLI-0029;EMP-506;ENT-MTL;BD-1089;13;253,64;19,90;157,64;Courriel
CMD-100064;19/01/2024;28-janv-24;02/03/2024;CLI-0012;EMP-501;ENT-MTL;BD-1129;76;56,14;21,90;45,49;Représentant
CMD-102096;14/11/2024;20/11/2024;2025-01-21;CLI-0199;EMP-504;ENT-MTL;BD-1101;2;90,87;16,20;62,94;Téléphone
CMD-100955;18-juin-24;20/06/2024;17/08/2024;CLI-0056;EMP-502;ENT-MTL;BD-1046;4;389,39;18,40;308,91;Portail web
CMD-100074;23/01/2024;26/01/2024;2024-02-19;CLI-0042;EMP-505;ENT-MTL;BD-1145;4;159,34;13,50;108,83;Représentant
CMD-101334;17/08/2024;2024-08-26;28/09/2024;CLI-0113;EMP-505;ENT-QC;BD-1050;8;488,56;3,10;291,69;Portail web
CMD-100219;01/03/2024;05-mars-24;30/03/2024;CLI-0181;EMP-504;ENT-QC;BD-1017;6;546,86;3,00;307,26;Téléphone
CMD-102011;2024-10-31;05/11/2024;13/12/2024;CLI-0062;EMP-507;ENT-MTL;BD-1144;8;158,05;11,50;96,31;Téléphone
CMD-102036;05/11/2024;11/11/2024;2024-11-24;CLI-0050;EMP-502;ENT-MTL;BD-1147;3;508,97;14,90;339,78;Représentant
CMD-101546;11/09/2024;15/09/2024;2024-10-25;cli-0188;EMP-506;ENT-SAG;BD-1102;6;413,38;14,70;255,33;Représentant
CMD-101233;06/08/2024;09/08/2024;2024-09-30;CLI-0120;EMP-509;ENT-MTL;BD-1042;3;423,47;4,00;261,53;Représentant
CMD-102122;18/11/2024;20/11/2024;2024-12-27;CLI-0056;EMP-502;ENT-QC;BD-1153;7;162,61;19,00;113,61;Représentant
CMD-100882;07/06/2024;13/06/2024;12/07/2024;CLI-0121;EMP-508;ENT-SAG;BD-1124;2;222,92;12,60;150,61;Représentant
CMD-100142;12/02/2024;2024-02-18;04/04/2024;CLI-0137;EMP-503;ENT-QC;BD-1174;11;237,15;19,60;165,53;Représentant
CMD-100260;08/03/2024;16/03/2024;10/05/2024;CLI-0143;EMP-503;ENT-QC;BD-1002;2;393,48;16,00;292,58;Portail web
CMD-100641;07/05/2024;13/05/2024;26/06/2024;CLI-0090;EMP-505;ENT-QC;BD-1029;2;332,02;15,30;238,44;Portail web
CMD-100438;08-avr-24;17/04/2024;03/06/2024;CLI-0121;EMP-508;ENT-MTL;BD-1140;2;57,07;10,20;40,41;Représentant
CMD-100811;29/05/2024;2024-06-07;19/07/2024;CLI-0205;EMP-505;ENT-MTL;BD-1106;12;483,73;8,80;333,09;Représentant
CMD-101666;24/09/2024;30/09/2024;2024-10-26;CLI-0162;EMP-508;ENT-QC;BD-1049;8;47,84;12,50;30,58;Courriel
CMD-101034;28/06/2024;2024-06-30;11/08/2024;CLI-0015;EMP-509;ENT-MTL;BD-1002;4;442,04;5,60;292,58;Portail web
CMD-102103;14/11/2024;16/11/2024;2024-12-20;CLI-0048;EMP-508;ENT-SAG;BD-1142;8;136,96;16,00;98,85;Portail web
CMD-101052;02/07/2024;04-juil-24;17/08/2024;CLI-0007;EMP-508;ENT-QC;BD-1035;1;46,76;3,30;30,00;Représentant
CMD-101685;25/09/2024;01/10/2024;11-nov-24;CLI-0089;EMP-502;ENT-MTL;BD-1037;15;24,49;18,10;16,31;Portail web
CMD-101401;2024-08-27;05/09/2024;;CLI-0012;EMP-501;ENT-QC;BD-1059;7;413,60;21,60;324,94;Téléphone
CMD-100588;30/04/2024;05/05/2024;17/06/2024;CLI-0108;EMP-503;ENT-QC;BD-1043;8;453,14;14,10;294,10;Représentant
CMD-100114;02/02/2024;05/02/2024;02/03/2024;CLI-0090;EMP-505;ENT-MTL;BD-1179;1;380,17;11,90;226,59;Représentant
CMD-101363;21/08/2024;2024-08-27;26/10/2024;CLI-0021;EMP-501;ENT-MTL;BD-1062;8;172,29;4,10;112,54;Représentant
CMD-101603;16-sept-24;20/09/2024;29/10/2024;CLI-0040;EMP-509;ENT-QC;BD-1046;2;423,75;11,20;308,91;Représentant
CMD-100776;2024-05-23;28/05/2024;26/07/2024;CLI-0089;EMP-502;ENT-MTL;BD-1178;16;157,52;23,30;116,97;Représentant
CMD-101268;10/08/2024;13/08/2024;2024-09-24;CLI-0196;EMP-506;ENT-SAG;BD-1017;6;547,96;2,80;307,26;Représentant
CMD-101157;2024-07-24;02/08/2024;03/10/2024;CLI-0133;EMP-508;ENT-QC;BD-1024;6;289,77;13,30;185,46;Salon
CMD-100718;16/05/2024;24/05/2024;21-juin-24;CLI-0149;EMP-501;ENT-QC;BD-1053;12;307,29;6,10;176,84;Portail web
CMD-100071;22/01/2024;31/01/2024;23/02/2024;CLI-0089;EMP-502;ENT-QC;BD-9825;5;334,01;23,80;241,74;Téléphone
CMD-100810;28/05/2024;01/06/2024;2024-06-26;CLI-0029;EMP-506;ENT-MTL;BD-1161;62;108,05;20,00;62,84;Représentant
CMD-102277;16/12/2024;22-déc-24;11/02/2025;CLI-0217;EMP-506;ENT-QC;BD-1076;26;442,91;21,00;281,11;Représentant
CMD-101297;14/08/2024;2024-08-23;26/09/2024;CLI-0062;EMP-507;ENT-MTL;BD-1029;1;339,76;13,30;238,44;Représentant
CMD-101245;07/08/2024;2024-08-11;29/09/2024;CLI-0087;EMP-502;ENT-MTL;BD-1016;3;346,20;16,20;219,41;Portail web
CMD-101722;30/09/2024;03/10/2024;2024-11-10;CLI-0141;EMP-502;ENT-QC;BD-1088;6;555,77;11,80;335,85;Représentant
CMD-100592;30/04/2024;2024-05-06;28/06/2024;CLI-0137;EMP-503;ENT-QC;BD-1145;10;136,76;25,70;108,83;Représentant
CMD-101753;03/10/2024;12/10/2024;07/11/2024;CLI-0137;EMP-503;ENT-SAG;BD-1135;9;56,12;23,40;39,89;Représentant
CMD-100782;24/05/2024;31/05/2024;30-juin-24;CLI-0098;EMP-509;ENT-QC;BD-1111;2;203,04;8,40;145,84;Courriel
CMD-101903;19/10/2024;28-oct-24;13/11/2024;CLI-0043;EMP-506;ENT-SAG;BD-1099;4;437,72;11,80;287,66;Représentant
CMD-101298;14/08/2024;2024-08-19;01/10/2024;CLI-0199;EMP-504;ENT-QC;BD-1049;8;46,26;15,30;30,58;Portail web
CMD-100394;01/04/2024;10/04/2024;02-mai-24;CLI-0093;EMP-508;ENT-QC;BD-1138;6;123,51;16,20;86,38;Représentant
CMD-100953;17/06/2024;20/06/2024;13-juil-24;CLI-0149;EMP-501;ENT-MTL;BD-1173;4;373,96;6,20;207,98;Portail web
CMD-102259;11/12/2024;18-déc-24;17/01/2025;CLI-0165;EMP-507;ENT-SAG;BD-1069;12;379,00;5,00;198,50;Représentant
CMD-101442;31/08/2024;02/09/2024;30/09/2024;CLI-0212;EMP-507;ENT-MTL;BD-1039;26;154,47;22,00;119,66;Portail web
CMD-101789;05/10/2024;09/10/2024;2024-11-18;CLI-0158;EMP-507;ENT-QC;BD-1090;3;88,97;7,20;57,58;Téléphone
CMD-101878;16-oct-24;21/10/2024;13/11/2024;CLI-0056;EMP-502;ENT-MTL;BD-1182;11;84,94;22,00;56,87;Salon
CMD-101634;19/09/2024;22/09/2024;2024-10-31;CLI-0144;EMP-502;ENT-MTL;BD-1165;3;153,74;16,50;105,70;Téléphone
CMD-101616;18/09/2024;20/09/2024;25-oct-24;CLI-0216;EMP-503;ENT-MTL;BD-1045;12;125,03;4,60;76,76;Représentant
CMD-100177;2024-02-21;27/02/2024;24/03/2024;CLI-0130;EMP-508;ENT-QC;BD-1051;34;104,31;19,60;78,12;Portail web
CMD-100191;26/02/2024;28/02/2024;28/04/2024;CLI-0012;EMP-501;ENT-MTL;BD-1163;12;480,05;21,70;294,58;Courriel
CMD-100050;2024-01-16;25/01/2024;;CLI-0044;EMP-505;ENT-QC;BD-1176;2;564,72;10,40;322,02;Téléphone
CMD-100932;14/06/2024;18/06/2024;2024-07-08;CLI-0073;EMP-501;ENT-QC;BD-1016;6;343,34;16,90;219,41;Représentant
CMD-101134;20/07/2024;27/07/2024;2024-09-22;CLI-0029;EMP-506;ENT-QC;BD-1175;13;129,82;23,50;94,86;Représentant
CMD-101798;2024-10-08;13/10/2024;20/11/2024;CLI-0084;EMP-503;ENT-QC;BD-1155;12;485,17;10,50;322,38;Courriel
CMD-101375;23/08/2024;31/08/2024;11/10/2024;CLI-0045;EMP-502;ENT-QC;BD-1003;8;260,09;12,80;188,61;Représentant
CMD-101176;29/07/2024;07/08/2024;;CLI-0185;EMP-508;ENT-QC;BD-1004;2;209,37;23,60;155,56;Portail web
CMD-101863;15/10/2024;24/10/2024;02/12/2024;CLI-0072;EMP-501;ENT-QC;BD-1182;6;91,83;15,60;56,87;Téléphone
CMD-101275;12/08/2024;2024-08-21;21/09/2024;CLI-0213;EMP-508;ENT-MTL;BD-1057;3;28,90;3,20;19,26;Représentant
CMD-100502;2024-04-15;24/04/2024;23/04/2024;CLI-0078;EMP-504;ENT-SAG;BD-1129;3;68,10;5,30;45,49;Représentant
CMD-100785;24/05/2024;27/05/2024;2024-07-02;CLI-0209;EMP-508;ENT-MTL;BD-1012;14;90,90;25,30;68,19;Représentant
CMD-101310;2024-08-15;18/08/2024;17/09/2024;CLI-0040;EMP-509;ENT-MTL;BD-1105;1;224,73;13,30;166,12;Téléphone
CMD-101523;10/09/2024;18/09/2024;09-oct-24;CLI-0209;EMP-508;ENT-SAG;BD-1072;10;299,42;24,30;196,62;Portail web
CMD-101255;08-août-24;16/08/2024;12/09/2024;CLI-0057;EMP-507;ENT-QC;BD-1071;6;470,93;11,80;301,72;Représentant
CMD-100701;14/05/2024;2024-05-20;15/06/2024;CLI-0206;EMP-503;ENT-QC;BD-1029;3;344,53;12,10;238,44;Représentant
CMD-100873;06/06/2024;2024-06-14;27/06/2024;CLI-0006;EMP-505;ENT-QC;BD-1038;3;473,07;14,30;313,36;Représentant
CMD-100767;22/05/2024;25/05/2024;2024-07-18;CLI-0191;EMP-504;ENT-QC;BD-1175;3;147,55;13,10;94,86;Portail web
CMD-100578;27-avr-24;29/04/2024;17/05/2024;CLI-0072;EMP-501;ENT-MTL;BD-1054;3;419,00;10,10;257,53;Téléphone
CMD-101748;02-oct-24;11/10/2024;04/11/2024;CLI-0188;EMP-506;ENT-QC;BD-1140;6;55,52;12,60;40,41;Courriel
CMD-101896;18/10/2024;2024-10-23;21/12/2024;CLI-0143;EMP-503;ENT-MTL;BD-1112;4;100,30;12,70;65,64;Représentant
CMD-102222;02-déc-24;10/12/2024;24/01/2025;CLI-0036;EMP-505;ENT-MTL;BD-1093;6;188,82;15,60;132,18;Portail web
CMD-100169;19/02/2024;2024-02-24;03/04/2024;CLI-0191 ;EMP-504;ENT-QC;BD-1116;3;74,64;15,80;58,93;Téléphone
CMD-100488;12/04/2024;21/04/2024;2024-05-15;CLI-0199;EMP-504;ENT-SAG;BD-1179;8;362,86;15,90;226,59;Portail web
CMD-100144;12/02/2024;18/02/2024;;CLI-0084;EMP-503;ENT-SAG;BD-1160;24;70,41;10,60;40,71;Portail web
CMD-101225;2024-08-05;08/08/2024;;CLI-0067;EMP-502;ENT-QC;BD-1163;1;524,11;14,50;294,58;Représentant
CMD-100064;19/01/2024;2024-01-28;02/03/2024;CLI-0012;EMP-501;ENT-MTL;BD-1160;46;61,51;21,90;40,71;Téléphone
CMD-102054;07/11/2024;2024-11-11;01/01/2025;CLI-0028;EMP-509;ENT-QC;BD-1143;3;360,27;4,00;215,92;Représentant
CMD-100551;23-avr-24;26/04/2024;26/05/2024;CLI-0002;EMP-509;ENT-MTL;BD-1142;2;155,68;4,50;98,85;Courriel
CMD-100227;04/03/2024;09/03/2024;13/04/2024;CLI-0195;EMP-506;ENT-SAG;BD-1144;6;153,70;13,90;96,31;Représentant
CMD-101494;06/09/2024;10/09/2024;2024-10-05;CLI-0105;EMP-502;ENT-SAG;BD-1171;2;144,44;8,80;83,70;Courriel
CMD-102148;20-nov-24;22/11/2024;22/12/2024;CLI-0063;EMP-503;ENT-QC;BD-1088;8;543,93;13,60;335,85;Téléphone
CMD-101624;2024-09-19;21/09/2024;19/11/2024;CLI-0089;EMP-502;ENT-MTL;BD-1109;11;376,65;18,10;303,82;Courriel
CMD-101531;10/09/2024;2024-09-13;11/11/2024;CLI-0184;EMP-503;ENT-MTL;BD-1163;1;574,61;6,30;294,58;Représentant
CMD-101527;10/09/2024;2024-09-14;19/10/2024;CLI-0160;EMP-508;ENT-QC;BD-1075;4;93,93;6,80;59,74;Représentant
CMD-101659;23/09/2024;25-sept-24;01/10/2024;CLI-0064;EMP-504;ENT-QC;BD-1072;3;383,78;3,00;196,62;Représentant
CMD-101793;07/10/2024;2024-10-13;17/11/2024;  CLI-0087;EMP-502;ENT-QC;BD-1099;4;415,95;16,20;287,66;Portail web
CMD-102103;14/11/2024;16/11/2024;20/12/2024;CLI-0048;EMP-508;ENT-SAG;BD-1064;3;105,21;16,00;69,43;Portail web
CMD-100897;10/06/2024;2024-06-17;21/07/2024;CLI-0066;EMP-507;ENT-QC;BD-1040;2;370,23;16,00;268,77;Représentant
CMD-101628;2024-09-19;21/09/2024;27/10/2024;CLI-0019;EMP-502;ENT-MTL;BD-1056;3;456,03;7,30;287,11;Téléphone
CMD-100108;02/02/2024;11/02/2024;19-mars-24;CLI-0073;EMP-501;ENT-MTL;BD-1103;24;190,14;16,50;151,66;Téléphone
CMD-101530;10/09/2024;2024-09-19;21/10/2024;CLI-0216;EMP-503;ENT-QC;BD-1119;24;84,23;8,30;58,44;Courriel
CMD-101285;12/08/2024;16-août-24;18/09/2024;CLI-0049;EMP-508;ENT-SAG;BD-1033;12;165,12;11,90;110,89;Téléphone
CMD-101300;14/08/2024;2024-08-17;03/09/2024;CLI-0041;EMP-508;ENT-QC;BD-1040;6;389,85;11,50;268,77;Représentant
CMD-101666;24/09/2024;30/09/2024;2024-10-26;CLI-0162;EMP-508;ENT-QC;BD-1062;8;157,31;12,50;112,54;Courriel
CMD-101668;24/09/2024;29/09/2024;03/11/2024;CLI-0102;EMP-506;ENT-SAG;BD-1094;3;189,91;6,80;121,74;Représentant
CMD-101288;13/08/2024;18-août-24;14/09/2024;CLI-0158;EMP-507;ENT-MTL;BD-1158;6;340,12;2,70;180,81;Représentant
CMD-100877;06/06/2024;09/06/2024;2024-06-30;CLI-0173;EMP-508;ENT-QC;BD-1032;2;480,30;12,30;339,97;Représentant
CMD-100625;03/05/2024;07/05/2024;2024-06-27;CLI-0130;EMP-508;ENT-QC;BD-1032;4;435,24;20,50;339,97;Représentant
CMD-102148;2024-11-20;22/11/2024;22/12/2024;CLI-0063;EMP-503;ENT-QC;BD-1140;2;54,87;13,60;40,41;Portail web
CMD-102068;09/11/2024;2024-11-15;12/12/2024;CLI-0089;EMP-502;ENT-MTL;BD-1088;18;480,06;23,80;335,85;Représentant
CMD-102028;04/11/2024;2024-11-08;18/12/2024;CLI-0089;EMP-502;ENT-QC;BD-1072;3;313,78;20,70;196,62;Représentant
CMD-100828;30-mai-24;08/06/2024;07/07/2024;CLI-0171;EMP-507;ENT-QC;BD-1015;4;497,58;6,30;318,69;Portail web
CMD-102206;2024-11-29;04/12/2024;25/12/2024;CLI-0088;EMP-504;ENT-QC;BD-1156;8;251,40;16,80;161,25;N/A
CMD-100134;2024-02-09;18/02/2024;25/02/2024;CLI-0049;EMP-508;ENT-MTL;BD-1090;4;82,76;13,70;57,58;Représentant
CMD-101886;17/10/2024;19/10/2024;2024-12-05;CLI-0144;EMP-502;ENT-QC;BD-1006;8;297,22;11,20;178,72;Courriel
CMD-100833;30/05/2024;2024-06-02;25/06/2024;CLI-0212;EMP-507;ENT-QC;BD-1056;21;395,51;19,60;287,11;Téléphone
CMD-101887;17/10/2024;25-oct-24;29/11/2024;CLI-0199;EMP-504;ENT-SAG;BD-1130;4;475,12;15,80;317,23;Représentant
CMD-101659;23/09/2024;2024-09-25;01/10/2024;CLI-0064;EMP-504;ENT-QC;BD-1062;1;174,25;3,00;112,54;Téléphone
CMD-101138;22/07/2024;25-juil-24;26/08/2024;CLI-0155;EMP-506;ENT-QC;BD-1037;6;25,09;16,20;16,31;Représentant
CMD-100486;12/04/2024;2024-04-15;27/05/2024;CLI-0134;EMP-509;ENT-SAG;BD-1113;4;418,14;2,10;276,01;Portail web
CMD-100936;2024-06-14;19/06/2024;25/07/2024;CLI-0089;EMP-502;ENT-SAG;BD-1061;35;93,08;21,20;75,23;Téléphone
CMD-100879;07-juin-24;15/06/2024;12/07/2024;CLI-0001;EMP-508;ENT-QC;BD-1047;2;97,92;8,10;70,06;Représentant
CMD-101079;2024-07-06;14/07/2024;14/08/2024;CLI-0166;EMP-503;ENT-MTL;BD-1119;4;81,57;11,20;58,44;Portail web
CMD-100280;13/03/2024;18/03/2024;2024-04-21;CLI-0217;EMP-506;ENT-SAG;BD-1142;9;125,17;23,20;98,85;Portail web
CMD-100513;17/04/2024;21/04/2024;2024-06-19;CLI-0209;EMP-508;ENT-MTL;BD-1037;5;22,15;26,00;16,31; 
CMD-102281;17-déc-24;19/12/2024;01/02/2025;CLI-0062;EMP-507;ENT-MTL;BD-1123;4;187,00;14,00;129,56;Téléphone
CMD-101222;05/08/2024;2024-08-11;11/09/2024;CLI-0168;EMP-509;ENT-QC;BD-1111;2;204,92;7,50;145,84;Téléphone
CMD-102219;2024-12-02;05/12/2024;15/01/2025;CLI-0071;EMP-503;ENT-SAG;BD-1117;3;139,25;6,00;98,28;Portail web
CMD-100969;19/06/2024;26/06/2024;2024-07-18;CLI-0059;EMP-504;ENT-QC;BD-1121;1;57,89;25,60;43,73;Représentant
CMD-100491;12/04/2024;2024-04-18;20/05/2024;CLI-0137;EMP-503;ENT-QC;BD-1053;68;252,78;22,70;176,84;Portail web
CMD-100050;16/01/2024;25-janv-24;;CLI-0044;EMP-505;ENT-QC;BD-1140;8;56,90;10,40;40,41;Téléphone
CMD-101678;25/09/2024;2024-10-04;19/10/2024;CLI-0018;EMP-503;ENT-MTL;BD-1135;4;68,82;6,10;39,89;Représentant
CMD-101636;19/09/2024;25-sept-24;22/10/2024;CLI-0021;EMP-501;ENT-MTL;BD-1027;3;429,66;6,20;249,72;Téléphone
CMD-100510;16/04/2024;20/04/2024;2024-07-03;CLI-0044;EMP-505;ENT-MTL;BD-1036;8;223,67;12,90;159,06;Téléphone
CMD-100050;16/01/2024;25/01/2024;;CLI-0044;EMP-505;ENT-QC;BD-1029;3;350,99;10,40;238,44;Représentant
CMD-101992;30/10/2024;07/11/2024;2024-12-15;CLI-0156;EMP-502;ENT-SAG;BD-1134;2;103,13;6,20;60,50;Portail web
CMD-101102;12/07/2024;2024-07-16;19/08/2024;CLI-0043;EMP-506;ENT-QC;BD-1035;12;40,87;15,50;30,00;Téléphone
CMD-101958;26/10/2024;02/11/2024;30/11/2024;CLI-0044;EMP-505;ENT-SAG;BD-1118;3;417,10;16,10;336,11;Représentant
CMD-100032;09-janv-24;17/01/2024;15/02/2024;CLI-0196;EMP-506;ENT-SAG;BD-1132;8;181,07;8,80;125,81;Téléphone
CMD-101771;03/10/2024;2024-10-06;22/11/2024;CLI-0035;EMP-503;ENT-MTL;BD-1089;1;278,15;12,10;157,64;Salon
CMD-100252;07-mars-24;11/03/2024;19/04/2024;CLI-0066;EMP-507;ENT-MTL;BD-1157;8;45,56;13,00;24,69;Représentant
CMD-100486;12/04/2024;15/04/2024;2024-05-27;CLI-0134;EMP-509;ENT-SAG;BD-1108;8;267,50;2,10;166,46;Portail web
CMD-100278;12/03/2024;17/03/2024;2024-04-20;CLI-0131;EMP-502;ENT-QC;BD-1105;3;223,52;13,70;166,12;Téléphone
CMD-101819;09/10/2024;13/10/2024;2024-11-08;CLI-0084;EMP-503;ENT-MTL;BD-1057;3;26,78;10,30;19,26;Portail web
CMD-100248;07/03/2024;2024-03-14;03/05/2024;CLI-0013;EMP-507;ENT-QC;BD-1083;1;280,71;8,60;157,14;Représentant
CMD-101276;12-août-24;21/08/2024;15/09/2024;CLI-0062;EMP-507;ENT-MTL;BD-1065;4;209,48;16,00;128,81;Téléphone
CMD-102045;2024-11-06;13/11/2024;26/12/2024;CLI-0032;EMP-504;ENT-MTL;BD-1079;2;256,45;2,70;144,83;Représentant
CMD-102048;06/11/2024;10/11/2024;06/12/2024;CLI-0185;EMP-508;ENT-MTL;BD-1161;11;104,67;22,50;62,84;Représentant
CMD-100945;15-juin-24;18/06/2024;02/08/2024;CLI-0038;EMP-507;ENT-SAG;BD-1157;3;45,79;12,50;24,69;Représentant
CMD-100173;20-févr-24;24/02/2024;05/04/2024;CLI-0128;EMP-502;ENT-SAG;BD-1089;8;274,58;13,30;157,64;Portail web
CMD-100991;24-juin-24;28/06/2024;19/08/2024;CLI-0028;EMP-509;ENT-QC;BD-1020;3;53,68;6,60;32,44;Représentant
CMD-101084;08/07/2024;2024-07-12;11/08/2024;CLI-0139;EMP-506;ENT-QC;BD-1125;6;387,21;12,00;285,25;Représentant
CMD-100945;15/06/2024;18-juin-24;02/08/2024;CLI-0038;EMP-507;ENT-SAG;BD-1067;24;36,39;12,50;23,77;Représentant
CMD-100013;04/01/2024;2024-01-12;11/02/2024;CLI-0142;EMP-508;ENT-MTL;BD-1133;2;95,44;5,90;61,66;Représentant
CMD-100771;23/05/2024;26/05/2024;04-juil-24;CLI-0209;EMP-508;ENT-QC;BD-1111;53;167,77;24,30;145,84;Téléphone
CMD-101597;16/09/2024;2024-09-23;21/10/2024;CLI-0099;EMP-505;ENT-QC;BD-1087;2;313,62;18,70;211,22;Représentant
CMD-101163;26/07/2024;02/08/2024;2024-08-27;CLI-0193;EMP-509;ENT-QC;BD-1008;12;203,24;13,10;128,94;Représentant
CMD-102031;04/11/2024;2024-11-12;22/12/2024;CLI-0009;EMP-502;ENT-QC;BD-1067;3;31,23;24,90;23,77;Représentant
CMD-100490;12/04/2024;21/04/2024;07-mai-24;CLI-0160;EMP-508;ENT-QC;BD-1061;6;108,28;8,30;75,23;Téléphone
CMD-101405;27/08/2024;02/09/2024;2024-09-18;CLI-0209;EMP-508;ENT-QC;BD-1016;5;327,43;20,80;219,41;Représentant
CMD-100007;02/01/2024;2024-01-05;18/02/2024;CLI-0095;EMP-505;ENT-QC;BD-1176;2;612,26;2,90;322,02;Courriel
CMD-100373;28/03/2024;02-avr-24;25/04/2024;CLI-0088;EMP-504;ENT-QC;BD-1174;8;255,74;13,30;165,53;Représentant
CMD-102003;31/10/2024;03/11/2024;02-janv-25;CLI-0041;EMP-508;ENT-MTL;BD-1145;8;157,63;14,40;108,83;Portail web
CMD-101592;2024-09-16;24/09/2024;01/11/2024;CLI-0199;EMP-504;ENT-QC;BD-1169;8;492,58;14,60;276,47;Représentant
CMD-100072;22/01/2024;25/01/2024;03-févr-24;CLI-0220;EMP-506;ENT-QC;BD-1067;3;35,93;13,60;23,77;Représentant
CMD-101376;23/08/2024;27/08/2024;26-oct-24;CLI-0001;EMP-508;ENT-QC;BD-1105;3;248,83;4,00;166,12;Représentant
CMD-100715;2024-05-15;21/05/2024;17/06/2024;CLI-0068;EMP-505;ENT-QC;BD-1039;2;192,58;2,70;119,66;Portail web
CMD-101892;18/10/2024;21/10/2024;16/12/2024;CLI-0004;EMP-505;ENT-QC;BD-1132;4;192,04;3,30;125,81;Représentant
CMD-101084;08/07/2024;12/07/2024;11-août-24;CLI-0139;EMP-506;ENT-QC;BD-1036;6;226,02;12,00;159,06;Salon
CMD-100202;27/02/2024;2024-03-07;20/04/2024;CLI-0130;EMP-508;ENT-QC;BD-1058;39;195,23;20,30;146,46;Portail web
CMD-101862;15/10/2024;2024-10-19;11/12/2024;CLI-0179;EMP-509;ENT-SAG;BD-1104;8;103,74;6,30;75,12;Représentant
CMD-101806;08/10/2024;2024-10-10;10/11/2024;CLI-0035;EMP-503;ENT-QC;BD-1150;2;560,22;10,50;339,92;Représentant
CMD-100378;29/03/2024;2024-04-05;28/04/2024;CLI-0066;EMP-507;ENT-MTL;BD-1176;3;527,73;16,30;322,02;Représentant
CMD-100666;08/05/2024;12/05/2024;2024-05-26;  CLI-0203;EMP-503;ENT-MTL;BD-1050;8;480,74;4,60;291,69;Téléphone
CMD-101348;2024-08-20;22/08/2024;06/09/2024;CLI-0176;EMP-503;ENT-MTL;BD-1063;24;344,61;6,40;242,15;Représentant
CMD-100012;03/01/2024;2024-01-06;30/01/2024;CLI-0011;EMP-507;ENT-QC;BD-1081;3;579,75;2,30;302,82;Représentant
CMD-100561;24-avr-24;26/04/2024;10/06/2024;CLI-0056;EMP-502;ENT-SAG;BD-1048;6;41,10;19,70;32,82;Téléphone
CMD-100881;07/06/2024;2024-06-09;25/07/2024;CLI-0031;EMP-509;ENT-QC;BD-1144;12;152,15;14,80;96,31;Représentant
CMD-101609;2024-09-17;22/09/2024;23/10/2024;CLI-0164;EMP-509;ENT-QC;BD-1077;4;320,88;6,10;167,57;Représentant
CMD-101620;18/09/2024;23-sept-24;26/10/2024;CLI-0019;EMP-502;ENT-MTL;BD-1028;8;229,51;2,90;140,77;Téléphone
CMD-101964;28/10/2024;30-oct-24;27/12/2024;cli-0212;EMP-507;ENT-MTL;BD-1003;11;234,71;21,30;188,61;Téléphone
CMD-100418;04/04/2024;10-avr-24;14/05/2024;CLI-0049;EMP-508;ENT-QC;BD-1172;4;365,19;12,80;216,67;Représentant
CMD-101371;22/08/2024;31-août-24;06/10/2024;CLI-0135;EMP-506;ENT-SAG;BD-1124;4;219,49;13,90;150,61;Portail web
CMD-101133;2024-07-19;23/07/2024;23/08/2024;CLI-0061;EMP-503;ENT-MTL;BD-1050;6;431,49;14,40;291,69;Portail web
CMD-100131;08/02/2024;2024-02-12;10/03/2024;CLI-0166;EMP-503;ENT-MTL;BD-1164;12;164,95;15,40;98,38;Représentant
CMD-100963;18/06/2024;23/06/2024;2024-07-12;CLI-0150;EMP-502;ENT-QC;BD-1042;24;406,37;7,90;261,53;Téléphone
CMD-101511;09/09/2024;2024-09-13;02/11/2024;CLI-0040;EMP-509;ENT-SAG;BD-1098;2;376,31;14,60;257,11;Portail web
CMD-102102;2024-11-14;17/11/2024;01/12/2024;CLI-0037;EMP-504;ENT-MTL;BD-1095;4;81,65;21,20;53,64;Téléphone
CMD-100264;09-mars-24;14/03/2024;;CLI-0129;EMP-508;ENT-QC;BD-1065;4;228,08;8,50;128,81;Représentant
CMD-101533;2024-09-10;12/09/2024;31/10/2024;CLI-0161;EMP-508;ENT-MTL;BD-1062;8;166,21;7,50;112,54;Portail web
CMD-100700;14/05/2024;17/05/2024;2024-06-08;CLI-0135;EMP-506;ENT-QC;BD-1043;1;451,80;14,40;294,10;Représentant
CMD-100897;2024-06-10;17/06/2024;21/07/2024;CLI-0066;EMP-507;ENT-QC;BD-1001;2;281,58;16,00;182,30;Portail web
CMD-100710;15-mai-24;24/05/2024;24/06/2024;CLI-0067;EMP-502;ENT-MTL;BD-1007;3;86,28;16,50;55,96;Représentant
CMD-101176;29/07/2024;2024-08-07;;CLI-0185;EMP-508;ENT-QC;BD-1050;10;385,07;23,60;291,69;Portail web
CMD-101095;11-juil-24;20/07/2024;13/08/2024;CLI-0076;EMP-507;ENT-MTL;BD-1034;55;179,37;24,50;151,89;Représentant
CMD-100706;14-mai-24;20/05/2024;07/06/2024;CLI-0037;EMP-504;ENT-MTL;BD-1015;11;422,30;20,50;318,69;Représentant
CMD-101787;05/10/2024;2024-10-14;17/11/2024;CLI-0121;EMP-508;ENT-QC;BD-1142;1;145,91;10,50;98,85;Portail web
CMD-101597;16/09/2024;23/09/2024;2024-10-21;CLI-0099;EMP-505;ENT-QC;BD-1077;38;277,96;18,70;167,57;Téléphone
CMD-100038;11/01/2024;20-janv-24;29/02/2024;CLI-0022;EMP-506;ENT-QC;BD-1119;3;86,39;5,90;58,44;Représentant
CMD-100686;13/05/2024;15-mai-24;02/07/2024;CLI-0089;EMP-502;ENT-MTL;BD-1017;31;446,23;20,80;307,26;Courriel
CMD-101865;15/10/2024;20-oct-24;22/11/2024;CLI-0183;EMP-506;ENT-QC;BD-1076;4;510,52;9,00;281,11;Représentant
CMD-100935;14/06/2024;2024-06-17;04/08/2024;CLI-0009;EMP-502;ENT-SAG;BD-1021;6;272,37;25,10;201,55;Portail web
CMD-102221;2024-12-02;04/12/2024;10/12/2024;CLI-0093;EMP-508;ENT-MTL;BD-1131;24;57,77;13,80;36,32;Téléphone
CMD-100798;2024-05-27;03/06/2024;03/07/2024;CLI-0055;EMP-506;ENT-MTL;BD-1123;3;198,32;8,80;129,56;Courriel
CMD-101016;27/06/2024;2024-07-04;17/08/2024;CLI-0040;EMP-509;ENT-MTL;BD-1111;6;188,41;15,00;145,84;Représentant
CMD-101803;08/10/2024;17-oct-24;23/11/2024;CLI-0100;EMP-505;ENT-QC;BD-1090;6;92,55;3,40;57,58;Téléphone
CMD-101254;08/08/2024;10/08/2024;2024-08-28;CLI-0031;EMP-509;ENT-SAG;BD-1076;12;474,00;15,50;281,11;Représentant
CMD-101795;07/10/2024;16/10/2024;13/11/2024;CLI-0169;EMP-507;ENT-MTL;BD-1128;2;123,69;14,60;77,25;Courriel
CMD-100238;05-mars-24;12/03/2024;14/04/2024;CLI-0089;EMP-502;ENT-QC;BD-1130;15;453,56;19,60;317,23;Téléphone
CMD-100196;2024-02-26;04/03/2024;21/03/2024;CLI-0147;EMP-506;ENT-MTL;BD-1172;3;387,11;7,50;216,67;Portail web
CMD-101885;17/10/2024;25-oct-24;28/11/2024;CLI-0074;EMP-507;ENT-SAG;BD-1148;1;357,42;22,30;296,06;Représentant
CMD-102078;2024-11-11;13/11/2024;01/01/2025;CLI-0084;EMP-503;ENT-MTL;BD-1121;1;67,02;13,90;43,73;Représentant
CMD-101898;18-oct-24;21/10/2024;10/12/2024;CLI-0137;EMP-503;ENT-SAG;BD-1176;5;501,96;20,40;322,02;Portail web
CMD-100255;08/03/2024;10/03/2024;2024-04-12;CLI-0013;EMP-507;ENT-MTL;BD-1085;24;63,97;4,80;40,90;Courriel
CMD-101028;28/06/2024;06/07/2024;2024-08-18;CLI-0185;EMP-508;ENT-SAG;BD-1138;9;112,75;23,50;86,38;Téléphone
CMD-101255;2024-08-08;16/08/2024;12/09/2024;CLI-0057;EMP-507;ENT-QC;BD-1038;12;486,87;11,80;313,36;Représentant
CMD-101841;11/10/2024;18/10/2024;2024-10-27;CLI-0065;EMP-504;ENT-MTL;BD-1066;2;334,77;2,80;199,26;Portail web
CMD-102197;28-nov-24;07/12/2024;28/12/2024;CLI-0037;EMP-504;ENT-SAG;BD-1067;6;33,68;19,00;23,77;Représentant
CMD-101799;08/10/2024;10/10/2024;2024-11-14;CLI-0067;EMP-502;ENT-MTL;BD-1094;1;183,07;10,20;121,74;Représentant
CMD-100599;01/05/2024;07/05/2024;2024-06-18;CLI-0157;EMP-502;ENT-QC;BD-1010;2;135,45;16,90;87,08;Représentant
CMD-100952;2024-06-17;25/06/2024;23/07/2024;CLI-0130;EMP-508;ENT-QC;BD-1103;6;185,90;18,40;151,66;Représentant
CMD-101209;02/08/2024;2024-08-10;12/09/2024;CLI-0149;EMP-501;ENT-QC;BD-1104;3;103,11;6,80;75,12;Représentant
CMD-100837;31/05/2024;07/06/2024;2024-07-22;CLI-0146;EMP-503;ENT-MTL;BD-1113;3;360,67;15,50;276,01;Représentant
CMD-102075;11/11/2024;20/11/2024;2024-12-20;CLI-0108;EMP-503;ENT-QC;BD-1087;6;333,66;13,50;211,22;Représentant
CMD-101714;28/09/2024;02/10/2024;2024-11-09;CLI-0212;EMP-507;ENT-MTL;BD-1067;3;32,28;22,40;23,77;Représentant
CMD-101164;2024-07-26;28/07/2024;18/09/2024;CLI-0026;EMP-506;ENT-SAG;BD-1061;3;105,28;10,90;75,23;Représentant
CMD-101808;08/10/2024;10/10/2024;05-nov-24;CLI-0132;EMP-507;ENT-SAG;BD-1053;2;282,12;13,80;176,84;Salon
CMD-102191;27/11/2024;2024-11-30;24/12/2024;CLI-0130;EMP-508;ENT-QC;BD-1065;36;196,41;21,20;128,81;Représentant
CMD-101757;03/10/2024;2024-10-09;03/12/2024;CLI-0074;EMP-507;ENT-SAG;BD-1149;2;149,07;18,60;108,85;Représentant
CMD-101485;05/09/2024;12/09/2024;2024-10-10;CLI-0009;EMP-502;ENT-QC;BD-1035;22;37,68;22,10;30,00;Téléphone
CMD-101053;2024-07-02;09/07/2024;24/07/2024;CLI-0137;EMP-503;ENT-QC;BD-1161;11;103,85;23,10;62,84;Téléphone
CMD-100652;07/05/2024;16/05/2024;13/06/2024;CLI-0009;EMP-502;ENT-QC;BD-1057;23;22,19;25,60;19,26;Représentant
CMD-101512;09-sept-24;13/09/2024;11/10/2024;CLI-0042;EMP-505;ENT-MTL;BD-1065;2;212,05;15,00;128,81;Représentant
CMD-101813;31/02/2024;17/10/2024;08/11/2024;CLI-0153;EMP-507;ENT-QC;BD-1155;6;465,46;14,10;322,38;Représentant
CMD-101112;15/07/2024;24/07/2024;2024-08-19;CLI-0003;EMP-508;ENT-MTL;BD-1018;6;451,03;3,00;242,09;Représentant
CMD-100773;23/05/2024;27-mai-24;22/06/2024;CLI-0074;EMP-507;ENT-SAG;BD-1045;11;101,63;22,50;76,76;Téléphone
CMD-101401;2024-08-27;05/09/2024;;CLI-0012;EMP-501;ENT-QC;BD-1024;12;262,09;21,60;185,46;Représentant
CMD-101788;2024-10-05;10/10/2024;07/12/2024;CLI-0173;EMP-508;ENT-SAG;BD-1123;24;189,47;12,90;129,56;Téléphone
CMD-102049;06/11/2024;2024-11-14;19/12/2024;CLI-0123;EMP-501;ENT-MTL;BD-1140;2;54,18;14,70;40,41;Représentant
CMD-101596;16-sept-24;19/09/2024;02/11/2024;CLI-0033;EMP-504;ENT-MTL;BD-1093;6;187,14;16,40;132,18;Portail web
CMD-101599;16/09/2024;19/09/2024;2024-11-01;CLI-0157;EMP-502;ENT-MTL;BD-1041;1;213,43;15,80;159,88;Représentant
CMD-101355;20/08/2024;2024-08-29;15/10/2024;CLI-0074;EMP-507;ENT-MTL;BD-1070;4;60,66;20,40;39,88;Représentant
CMD-101237;06/08/2024;11-août-24;07/10/2024;CLI-0217;EMP-506;ENT-QC;BD-1032;36;416,32;23,90;339,97;Représentant
CMD-100399;2024-04-02;05/04/2024;10/04/2024;CLI-0195;EMP-506;ENT-QC;BD-1025;4;204,86;12,40;146,28;Représentant
CMD-100569;25-avr-24;30/04/2024;19/05/2024;CLI-0192;EMP-505;ENT-MTL;BD-1039;8;188,90;4,60;119,66;Représentant
CMD-100434;06/04/2024;13/04/2024;17/05/2024;CLI-0025;EMP-509;ENT-SAG;BD-1037;12;25,61;14,40;16,31;Téléphone
CMD-101372;2024-08-23;29/08/2024;06/10/2024;CLI-0209;EMP-508;ENT-MTL;BD-1139;7;276,36;23,00;198,93;Courriel
CMD-100302;15/03/2024;24-mars-24;06/05/2024;  CLI-0220;EMP-506;ENT-QC;BD-1063;6;311,39;15,50;242,15;Portail web
CMD-100843;31/05/2024;05/06/2024;24-juin-24;CLI-0038;EMP-507;ENT-MTL;BD-1155;6;467,15;13,80;322,38;Représentant
CMD-101940;23/10/2024;28/10/2024;2024-12-18;CLI-0059;EMP-504;ENT-SAG;BD-1100;3;438,97;18,20;306,44;Téléphone
CMD-101907;19/10/2024;27/10/2024;29-nov-24;CLI-0057;EMP-507;ENT-MTL;BD-1070;24;68,49;10,10;39,88;Portail web
CMD-101793;07/10/2024;2024-10-13;17/11/2024;CLI-0087;EMP-502;ENT-QC;BD-1097;2;308,28;16,20;210,05;Représentant
CMD-101777;04/10/2024;11/10/2024;2024-11-02;CLI-0180;EMP-509;ENT-MTL;BD-1156;24;294,30;2,60;161,25;Représentant
CMD-101228;05/08/2024;2024-08-13;03/09/2024;CLI-0045;EMP-502;ENT-SAG;BD-1012;6;107,84;11,40;68,19;Portail web
CMD-101924;22/10/2024;2024-10-30;25/11/2024;CLI-0012;EMP-501;ENT-SAG;BD-1076;19;428,00;23,70;281,11;Représentant
CMD-100012;03/01/2024;06-janv-24;30/01/2024;CLI-0011;EMP-507;ENT-QC;BD-1169;6;563,69;2,30;276,47;Salon
CMD-100010;03/01/2024;2024-01-12;06/02/2024;CLI-0209;EMP-508;ENT-QC;BD-1035;6;36,31;24,90;30,00;N/A
CMD-100703;14/05/2024;20/05/2024;16-juin-24;CLI-0076;EMP-507;ENT-QC;BD-1106;7;393,33;25,90;333,09;Représentant
CMD-102293;20/12/2024;2024-12-23;29/01/2025;CLI-0003;EMP-508;ENT-SAG;BD-1173;8;390,03;2,20;207,98;Représentant
CMD-100591;30/04/2024;06/05/2024;15/06/2024;CLI-0059;EMP-504;ENT-SAG;BD-1110;3;221,42;22,00;178,91;Courriel
CMD-102003;31/10/2024;2024-11-03;02/01/2025;CLI-0041;EMP-508;ENT-MTL;BD-1038;6;472,35;14,40;313,36;Représentant
CMD-101045;2024-07-01;05/07/2024;21/07/2024;CLI-0015;EMP-509;ENT-SAG;BD-1114;6;247,18;2,10;149,59;Représentant
CMD-100134;09/02/2024;2024-02-18;25/02/2024;CLI-0049;EMP-508;ENT-MTL;BD-1158;8;301,76;13,70;180,81;Courriel
CMD-100505;16/04/2024;20/04/2024;08-juin-24;CLI-0155;EMP-506;ENT-QC;BD-1110;12;244,14;14,00;178,91;Représentant
CMD-102313;26/12/2024;29/12/2024;2025-01-21;CLI-0139;EMP-506;ENT-MTL;BD-1138;4;124,92;15,20;86,38;Téléphone
CMD-100292;14/03/2024;2024-03-20;17/04/2024;CLI-0033;EMP-504;ENT-MTL;BD-1181;8;548,36;12,20;305,97;Portail web
CMD-100165;17/02/2024;22/02/2024;2024-03-29;CLI-0031;EMP-509;ENT-MTL;BD-1164;3;165,96;14,90;98,38;Portail web
CMD-100993;2024-06-24;27/06/2024;17/08/2024;CLI-0037;EMP-504;ENT-MTL;BD-1027;5;370,66;19,10;249,72;Représentant
CMD-101726;2024-09-30;09/10/2024;05/11/2024;CLI-0029;EMP-506;ENT-MTL;BD-1044;13;240,34;25,60;195,45;Courriel
CMD-102291;2024-12-19;21/12/2024;23/01/2025;CLI-0165;EMP-507;ENT-MTL;BD-1138;4;139,90;5,00;86,38;Téléphone
CMD-100784;2024-05-24;28/05/2024;02/07/2024;CLI-0154;EMP-507;ENT-MTL;BD-1111;1;197,48;10,90;145,84;Téléphone
CMD-101710;27/09/2024;2024-10-04;29/10/2024;CLI-0026;EMP-506;ENT-QC;BD-1017;6;487,41;13,50;307,26;Représentant
CMD-100038;11/01/2024;20/01/2024;29-févr-24;CLI-0022;EMP-506;ENT-QC;BD-1097;6;346,20;5,90;210,05;Courriel
CMD-102311;2024-12-26;29/12/2024;22/01/2025;CLI-0103;EMP-502;ENT-SAG;BD-1068;1;545,88;3,20;284,28;Téléphone
CMD-101656;23/09/2024;27-sept-24;14/11/2024;CLI-0078;EMP-504;ENT-SAG;BD-1097;8;351,20;4,60;210,05;Représentant
CMD-101726;2024-09-30;09/10/2024;05/11/2024;CLI-0029;EMP-506;ENT-MTL;BD-1057;2;22,20;25,60;19,26;Portail web
CMD-100616;02/05/2024;10-mai-24;05/06/2024;CLI-0127;EMP-503;ENT-QC;BD-1113;8;374,62;12,30;276,01;Représentant
CMD-102080;12/11/2024;2024-11-14;13/12/2024;CLI-0047;EMP-508;ENT-QC;BD-1140;6;53,22;16,20;40,41;Portail web
CMD-101073;2024-07-05;09/07/2024;07/08/2024;CLI-0185;EMP-508;ENT-QC;BD-1039;6;162,08;18,10;119,66;Représentant
CMD-100639;06-mai-24;13/05/2024;14/06/2024;CLI-0042;EMP-505;ENT-MTL;BD-1118;4;417,16;16,10;336,11;Représentant
CMD-100972;19/06/2024;26/06/2024;;CLI-0087;EMP-502;ENT-QC;BD-1123;8;194,57;10,50;129,56;Représentant
CMD-102031;04/11/2024;12-nov-24;22/12/2024;CLI-0009;EMP-502;ENT-QC;BD-1094;9;153,05;24,90;121,74;Courriel
CMD-101262;2024-08-09;13/08/2024;31/08/2024;CLI-0182;EMP-503;ENT-SAG;BD-1070;3;67,90;10,90;39,88;Représentant
CMD-100217;01/03/2024;2024-03-06;16/04/2024;CLI-0071;EMP-503;ENT-MTL;BD-1169;2;544,20;5,60;276,47;Représentant
CMD-100856;2024-06-03;05/06/2024;18/07/2024;CLI-0012;EMP-501;ENT-SAG;BD-1035;23;39,13;19,10;30,00;Courriel
CMD-100730;17/05/2024;25/05/2024;26-juin-24;CLI-0055 ;EMP-506;ENT-QC;BD-1052;1;288,51;6,00;179,27;Téléphone
CMD-100234;05/03/2024;2024-03-08;24/04/2024;CLI-0009;EMP-502;ENT-QC;BD-1107;68;175,95;20,10;147,44;Téléphone
CMD-102080;12/11/2024;14-nov-24;13/12/2024;CLI-0047;EMP-508;ENT-QC;BD-1067;4;34,85;16,20;23,77;Portail web
CMD-102274;16/12/2024;25-déc-24;07/01/2025;CLI-0102;EMP-506;ENT-SAG;BD-1065;2;236,03;5,40;128,81;Représentant
CMD-101538;31/02/2024;15/09/2024;24/10/2024;CLI-0112;EMP-505;ENT-MTL;BD-1075;1;87,31;13,40;59,74;Portail web
CMD-101551;2024-09-11;19/09/2024;22/10/2024;CLI-0059;EMP-504;ENT-MTL;BD-1077;3;275,60;19,40;167,57;Représentant
CMD-101710;27/09/2024;04-oct-24;29/10/2024;CLI-0026;EMP-506;ENT-QC;BD-1062;3;155,35;13,50;112,54;Téléphone
CMD-101977;29/10/2024;2024-11-07;31/12/2024;CLI-0076;EMP-507;ENT-MTL;BD-1073;62;352,75;21,60;255,00;Représentant
CMD-101656;2024-09-23;27/09/2024;14/11/2024;CLI-0078;EMP-504;ENT-SAG;BD-1052;8;293,06;4,60;179,27;Portail web
CMD-102000;31/10/2024;06/11/2024;2024-12-22;CLI-0046;EMP-508;ENT-QC;BD-1144;8;168,47;5,60;96,31;Représentant
CMD-100026;08/01/2024;16/01/2024;2024-02-25;CLI-0060;EMP-508;ENT-MTL;BD-1076;3;548,86;2,20;281,11;Portail web
CMD-101360;2024-08-21;28/08/2024;27/09/2024;CLI-0074;EMP-507;ENT-SAG;BD-1082;6;383,92;19,20;278,39;Représentant
CMD-102139;19/11/2024;2024-11-28;14/01/2025;CLI-0080;EMP-506;ENT-SAG;BD-1179;2;370,78;14,10;226,59;Représentant
CMD-101367;22-août-24;25/08/2024;;CLI-0099;EMP-505;ENT-SAG;BD-1054;5;346,52;25,60;257,53; 
CMD-101467;04/09/2024;07/09/2024;29/09/2024;CLI-0214;EMP-508;ENT-QC;BD-1050;8;478,29;5,10;291,69;Téléphone
CMD-101649;23/09/2024;28/09/2024;11-nov-24;CLI-0209;EMP-508;ENT-SAG;BD-1086;4;106,35;22,80;80,72;Courriel
CMD-100680;2024-05-10;17/05/2024;16/06/2024;CLI-0055;EMP-506;ENT-MTL;BD-1025;24;220,62;5,60;146,28;Représentant
CMD-100992;24/06/2024;2024-07-03;22/07/2024;CLI-0171;EMP-507;ENT-SAG;BD-1123;6;201,63;7,30;129,56;Portail web
CMD-101768;03/10/2024;10/10/2024;2024-11-18;CLI-0003;EMP-508;ENT-QC;BD-1139;3;338,83;5,50;198,93;Téléphone
CMD-101067;2024-07-04;09/07/2024;13/08/2024;CLI-0178;EMP-501;ENT-MTL;BD-1136;4;188,94;9,00;110,14;Portail web
CMD-100572;2024-04-26;04/05/2024;25/05/2024;CLI-0199;EMP-504;ENT-MTL;BD-1064;2;110,57;11,70;69,43;Représentant
CMD-100370;28/03/2024;2024-04-05;14/05/2024;CLI-0099;EMP-505;ENT-SAG;BD-1038;12;450,74;18,30;313,36;Téléphone
CMD-100490;12/04/2024;21/04/2024;2024-05-07;CLI-0160;EMP-508;ENT-QC;BD-1021;2;333,39;8,30;201,55;Représentant
CMD-101542;11-sept-24;13/09/2024;13/11/2024;CLI-0149;EMP-501;ENT-MTL;BD-1037;3;27,97;6,50;16,31;N/A
CMD-101951;24/10/2024;26-oct-24;21/11/2024;CLI-0212;EMP-507;ENT-QC;BD-1133;17;76,45;24,60;61,66;Portail web
CMD-101501;06/09/2024;2024-09-11;29/10/2024;CLI-0041;EMP-508;ENT-MTL;BD-1160;4;70,10;11,00;40,71;Portail web
CMD-101361;21/08/2024;30/08/2024;10/10/2024;CLI-0056;EMP-502;ENT-SAG;BD-1062;10;137,54;23,50;112,54;Courriel
CMD-101779;04/10/2024;2024-10-08;12/11/2024;CLI-0136;EMP-507;ENT-QC;BD-1046;1;428,65;10,20;308,91;Représentant
CMD-100730;2024-05-17;25/05/2024;26/06/2024;CLI-0055;EMP-506;ENT-QC;BD-1056;4;462,13;6,00;287,11;Téléphone
CMD-101597;16/09/2024;23/09/2024;2024-10-21;CLI-0099;EMP-505;ENT-QC;BD-1061;1;96,04;18,70;75,23;Représentant
CMD-101377;23/08/2024;2024-08-29;10/10/2024;CLI-0012;EMP-501;ENT-SAG;BD-1174;27;232,59;21,20;165,53;Portail web
CMD-100204;2024-02-28;08/03/2024;08/03/2024;CLI-0040;EMP-509;ENT-MTL;BD-1143;6;311,91;16,90;215,92;Téléphone
CMD-100197;26/02/2024;28/02/2024;2024-03-30;CLI-0065;EMP-504;ENT-SAG;BD-1052;-1;285,03;7,20;179,27;Téléphone
CMD-101432;2024-08-30;01/09/2024;;CLI-0082;EMP-504;ENT-MTL;BD-1054;8;438,13;6,00;257,53;Représentant
CMD-101915;21/10/2024;26/10/2024;14/12/2024;CLI-0074;EMP-507;ENT-QC;BD-1080;19;267,10;19,20;173,12;Portail web
CMD-101479;04/09/2024;08/09/2024;25-oct-24;CLI-0029;EMP-506;ENT-SAG;BD-1149;37;145,66;20,50;108,85;Portail web
CMD-101226;05/08/2024;13-août-24;07/10/2024;CLI-0029;EMP-506;ENT-QC;BD-1115;30;55,34;25,90;46,26;Portail web
CMD-101129;2024-07-19;24/07/2024;30/08/2024;CLI-0197;EMP-507;ENT-SAG;BD-1045;3;127,27;2,90;76,76;Représentant
CMD-100217;2024-03-01;06/03/2024;16/04/2024;CLI-0071;EMP-503;ENT-MTL;BD-1010;8;153,83;5,60;87,08;Portail web
CMD-101126;19/07/2024;24/07/2024;2024-10-01;CLI-0016;EMP-505;ENT-MTL;BD-1001;8;319,10;4,80;182,30;Téléphone
CMD-101611;17/09/2024;2024-09-26;15/11/2024;CLI-0039;EMP-503;ENT-SAG;BD-1035;4;45,38;6,20;30,00;Portail web
CMD-101340;19/08/2024;2024-08-26;18/09/2024;CLI-0109;EMP-501;ENT-QC;BD-1001;2;316,85;5,50;182,30;Représentant
CMD-101970;28/10/2024;02/11/2024;2024-12-12;CLI-0120;EMP-509;ENT-MTL;BD-1169;2;557,07;3,40;276,47;Représentant
CMD-101443;02/09/2024;2024-09-09;13/11/2024;CLI-0099;EMP-505;ENT-SAG;BD-1056;10;377,91;23,20;287,11;Téléphone
CMD-101926;2024-10-22;25/10/2024;23/11/2024;CLI-0088;EMP-504;ENT-MTL;BD-1134;8;91,98;16,30;60,50;Téléphone
CMD-100758;2024-05-21;25/05/2024;03/07/2024;CLI-0124;EMP-509;ENT-MTL;BD-1020;1;53,67;6,60;32,44;Représentant
CMD-101956;25/10/2024;29/10/2024;07-déc-24;CLI-0045;EMP-502;ENT-QC;BD-1163;4;549,36;10,40;294,58;Téléphone
CMD-100977;20/06/2024;27-juin-24;18/08/2024;CLI-0009;EMP-502;ENT-QC;BD-1006;81;261,38;21,90;178,72;Courriel
CMD-102215;30/11/2024;05/12/2024;2025-01-12;CLI-0007;EMP-508;ENT-QC;BD-1112;12;110,77;3,60;65,64;Représentant
CMD-101428;30-août-24;08/09/2024;28/09/2024;CLI-0166;EMP-503;ENT-SAG;BD-1047;4;90,95;14,70;70,06;Courriel
CMD-100133;08/02/2024;17/02/2024;2024-03-10;CLI-0006;EMP-505;ENT-MTL;BD-1163;2;526,73;14,10;294,58;Représentant
CMD-101060;03/07/2024;11/07/2024;2024-08-01;CLI-0185;EMP-508;ENT-QC;BD-1116;22;67,76;23,60;58,93;Téléphone
CMD-101191;31/07/2024;08/08/2024;2024-09-17;CLI-0118;EMP-504;ENT-MTL;BD-1017;8;489,36;13,20;307,26;Portail web
CMD-100847;2024-05-31;06/06/2024;31/07/2024;CLI-0188;EMP-506;ENT-MTL;BD-1159;1;257,51;10,90;166,16;Téléphone
CMD-101829;11/10/2024;16/10/2024;11-déc-24;CLI-0173;EMP-508;ENT-MTL;BD-1093;4;193,70;13,40;132,18;Portail web
CMD-101369;22/08/2024;24-août-24;27/09/2024;CLI-0072;EMP-501;ENT-MTL;BD-1004;12;229,38;16,30;155,56;Représentant
CMD-102307;2024-12-25;31/12/2024;19/02/2025;CLI-0026;EMP-506;ENT-QC;BD-1182;3;90,60;16,80;56,87;Portail web
CMD-101755;2024-10-03;05/10/2024;14/11/2024;CLI-0011;EMP-507;ENT-MTL;BD-1181;4;572,57;8,40;305,97;Courriel
CMD-101391;2024-08-26;28/08/2024;25/10/2024;CLI-0197;EMP-507;ENT-QC;BD-1019;8;286,67;4,80;170,21;Téléphone
CMD-100671;10/05/2024;19/05/2024;03/07/2024;CLI-0037;EMP-504;ENT-MTL;BD-1037;14;24,40;18,50;16,31;Téléphone
CMD-101853;2024-10-14;23/10/2024;11/11/2024;CLI-0127;EMP-503;ENT-MTL;BD-1089;6;279,11;11,80;157,64;Représentant
CMD-100748;20/05/2024;2024-05-24;13/07/2024;CLI-0017;EMP-507;ENT-QC;BD-1113;1;379,25;11,20;276,01;Représentant
CMD-101556;12/09/2024;20/09/2024;21/10/2024;CLI-0045;EMP-502;ENT-MTL;BD-1137;8;36,59;14,50;25,06;Portail web
CMD-101446;02/09/2024;05/09/2024;07/10/2024;CLI-0067;EMP-502;ENT-QC;BD-1080;8;283,14;14,40;173,12;Représentant
CMD-100406;02-avr-24;08/04/2024;19/04/2024;CLI-0219;EMP-505;ENT-SAG;BD-1152;6;450,66;6,30;265,82;Salon
CMD-100287;14/03/2024;20/03/2024;15-avr-24;CLI-0153;EMP-507;ENT-QC;BD-1179;12;367,90;14,80;226,59;Portail web
CMD-100006;01/01/2024;08/01/2024;06-févr-24;CLI-0152;EMP-503;ENT-QC;BD-1133;3;98,03;3,30;61,66;Représentant
CMD-101562;12/09/2024;17/09/2024;2024-10-31;CLI-0206;EMP-503;ENT-SAG;BD-1041;12;216,35;14,70;159,88;Portail web
CMD-100123;06/02/2024;09/02/2024;2024-03-28;CLI-0158;EMP-507;ENT-MTL;BD-1119;4;83,80;8,70;58,44;Téléphone
CMD-102315;27/12/2024;31/12/2024;06/02/2025;CLI-0214;EMP-508;ENT-MTL;BD-1077;3;329,71;3,60;167,57;Portail web
CMD-102078;11/11/2024;13-nov-24;01/01/2025;CLI-0084;EMP-503;ENT-MTL;BD-1176;3;542,78;13,90;322,02;Courriel
CMD-100030;09/01/2024;14/01/2024;2024-02-04;CLI-0166;EMP-503;ENT-QC;BD-1122;8;289,53;15,10;208,30;Salon
CMD-101948;24/10/2024;2024-10-26;13/12/2024;CLI-0041;EMP-508;ENT-QC;BD-1045;8;113,83;13,20;76,76;Représentant
CMD-101635;19/09/2024;2024-09-28;11/10/2024;CLI-0217;EMP-506;ENT-SAG;BD-1175;7;130,11;23,40;94,86;Téléphone
CMD-101182;2024-07-30;07/08/2024;25/08/2024;CLI-0099;EMP-505;ENT-QC;BD-1182;25;85,39;21,60;56,87;
CMD-101288;2024-08-13;18/08/2024;14/09/2024;CLI-0158;EMP-507;ENT-MTL;BD-1037;6;29,12;2,70;16,31;Représentant
CMD-100133;08/02/2024;17/02/2024;10-mars-24;CLI-0006;EMP-505;ENT-MTL;BD-1029;4;336,57;14,10;238,44;Courriel
CMD-101765;03-oct-24;12/10/2024;01/11/2024;CLI-0012;EMP-501;ENT-MTL;BD-1077;10;266,46;22,10;167,57;Portail web
CMD-100744;2024-05-20;27/05/2024;18/06/2024;CLI-0034;EMP-507;ENT-QC;BD-1004;12;231,92;15,40;155,56;Portail web
CMD-100840;2024-05-31;06/06/2024;29/07/2024;CLI-0131;EMP-502;ENT-QC;BD-1107;12;194,61;11,60;147,44;Représentant
CMD-100588;30/04/2024;05/05/2024;2024-06-17;CLI-0108;EMP-503;ENT-QC;BD-1055;12;281,99;14,10;209,35;Représentant
CMD-100551;2024-04-23;26/04/2024;26/05/2024;CLI-0002;EMP-509;ENT-MTL;BD-1002;2;447,21;4,50;292,58;Courriel
CMD-100858;2024-06-03;09/06/2024;23/07/2024;CLI-0169;EMP-507;ENT-QC;BD-1118;2;422,83;14,90;336,11;Téléphone
CMD-101077;05-juil-24;12/07/2024;18/08/2024;CLI-0012;EMP-501;ENT-SAG;BD-1057;6;23,07;22,70;19,26;Portail web
CMD-102039;2024-11-06;10/11/2024;05/12/2024;CLI-0033;EMP-504;ENT-QC;BD-1046;4;428,44;10,20;308,91;Portail web
CMD-101972;28/10/2024;06/11/2024;29/12/2024;CLI-0112;EMP-505;ENT-QC;BD-1181;4;522,96;16,30;305,97;Représentant
CMD-100295;15/03/2024;23/03/2024;2024-04-24;CLI-0029;EMP-506;ENT-MTL;BD-1009;53;85,88;18,30;66,28;Courriel
CMD-101085;08/07/2024;14/07/2024;2024-08-22;CLI-0130;EMP-508;ENT-QC;BD-1103;18;168,99;25,80;151,66;Représentant
CMD-100689;2024-05-13;20/05/2024;08/06/2024;CLI-0053;EMP-509;ENT-MTL;BD-1175;4;147,64;13,00;94,86;Représentant
CMD-102238;06/12/2024;14/12/2024;2025-01-14;CLI-0185;EMP-508;ENT-QC;BD-1155;14;405,23;25,20;322,38;Représentant
CMD-101370;22-août-24;25/08/2024;30/09/2024;CLI-0095;EMP-505;ENT-QC;BD-1118;4;461,33;7,20;336,11;Représentant
CMD-101064;04/07/2024;08-juil-24;17/08/2024;CLI-0153;EMP-507;ENT-MTL;BD-1125;8;379,56;13,70;285,25;Représentant
CMD-100566;25/04/2024;2024-04-30;15/06/2024;CLI-0116;EMP-509;ENT-SAG;BD-1047;1;94,99;10,90;70,06;Représentant
CMD-100354;2024-03-26;03/04/2024;17/05/2024;CLI-0188;EMP-506;ENT-MTL;BD-1162;1;114,98;16,10;66,97;Représentant
CMD-101647;21/09/2024;28/09/2024;2024-11-13;CLI-0056;EMP-502;ENT-MTL;BD-1019;60;226,59;24,70;170,21;Téléphone
CMD-101304;14/08/2024;21/08/2024;29/09/2024;CLI-0012;EMP-501;ENT-MTL;BD-1053;16;264,40;19,20;176,84;Représentant
CMD-101737;01/10/2024;08/10/2024;27/10/2024;CLI-0104;EMP-501;ENT-MTL;BD-1078;3;365,75;4,60;197,64;Représentant
CMD-100029;09/01/2024;15/01/2024;08/02/2024;CLI-0089;EMP-502;ENT-MTL;BD-1173;2;303,16;24,00;207,98;Portail web
CMD-102059;2024-11-08;13/11/2024;28/12/2024;CLI-0044;EMP-505;ENT-QC;BD-1077;8;304,81;10,80;167,57;Téléphone
CMD-101319;2024-08-15;22/08/2024;19/09/2024;CLI-0185;EMP-508;ENT-SAG;BD-1082;6;369,42;22,30;278,39;Salon
CMD-102020;01/11/2024;06/11/2024;19/12/2024;CLI-0031;EMP-509;ENT-QC;BD-1066;8;286,35;16,90;199,26;Représentant
CMD-101982;29/10/2024;01/11/2024;10-déc-24;CLI-0137;EMP-503;ENT-QC;BD-1138;9;114,08;22,60;86,38;Téléphone
CMD-101448;02/09/2024;05/09/2024;28/10/2024;CLI-0178;EMP-501;ENT-SAG;BD-1102;24;444,50;8,30;255,33;Représentant
CMD-102174;25/11/2024;03/12/2024;23-janv-25;CLI-0099;EMP-505;ENT-SAG;BD-1038;6;430,22;22,00;313,36;Téléphone
CMD-102295;20/12/2024;2024-12-22;12/02/2025;CLI-0101;EMP-509;ENT-MTL;BD-1079;6;244,23;7,40;144,83;Représentant
CMD-101141;2024-07-22;30/07/2024;07/09/2024;CLI-0074;EMP-507;ENT-MTL;BD-1029;6;314,60;19,70;238,44;Représentant
CMD-101251;2024-08-08;15/08/2024;16/09/2024;CLI-0182;EMP-503;ENT-QC;BD-1044;4;272,86;15,50;195,45;Courriel
CMD-101737;01/10/2024;08/10/2024;2024-10-27;CLI-0104;EMP-501;ENT-MTL;BD-1156;6;288,20;4,60;161,25;Représentant
CMD-101216;02-août-24;09/08/2024;28/08/2024;CLI-0185;EMP-508;ENT-QC;BD-1057;7;22,53;24,50;19,26;Téléphone
CMD-100713;15/05/2024;18/05/2024;;CLI-0115;EMP-509;ENT-MTL;BD-1112;8;97,91;14,80;65,64;Portail web
CMD-101178;2024-07-29;05/08/2024;17/08/2024;CLI-0131;EMP-502;ENT-QC;BD-1058;3;217,83;11,00;146,46;Représentant
CMD-100623;03/05/2024;11/05/2024;13-juin-24;CLI-0195;EMP-506;ENT-QC;BD-1106;12;456,73;13,90;333,09;Portail web
CMD-100790;2024-05-25;01/06/2024;14/07/2024;CLI-0037;EMP-504;ENT-MTL;BD-1170;6;26,04;26,00;16,60;Représentant
CMD-101982;29/10/2024;2024-11-01;10/12/2024;CLI-0137;EMP-503;ENT-QC;BD-1088;7;487,77;22,60;335,85;Courriel
CMD-100907;11/06/2024;20-juin-24;06/07/2024;CLI-0096;EMP-504;ENT-QC;BD-1103;1;216,10;5,10;151,66;Représentant
CMD-100834;30/05/2024;02/06/2024;2024-06-19;CLI-0132;EMP-507;ENT-SAG;BD-1036;24;230,20;10,40;159,06;Représentant
CMD-100538;20/04/2024;2024-04-23;18/06/2024;CLI-0109;EMP-501;ENT-MTL;BD-1160;12;74,22;5,80;40,71;Représentant
CMD-101894;18/10/2024;22-oct-24;17/11/2024;CLI-0089;EMP-502;ENT-QC;BD-1159;13;223,91;22,50;166,16;Téléphone
CMD-100721;16/05/2024;24/05/2024;03-juil-24;CLI-0135;EMP-506;ENT-SAG;BD-1145;6;165,06;10,40;108,83;Représentant
CMD-102096;14/11/2024;20/11/2024;21-janv-25;CLI-0199;EMP-504;ENT-MTL;BD-1120;1;248,60;16,20;182,88;Téléphone
CMD-101147;23/07/2024;2024-07-28;17/09/2024;CLI-0059;EMP-504;ENT-QC;BD-1161;12;106,07;21,50;62,84;Téléphone
CMD-100909;11/06/2024;17/06/2024;2024-07-31;CLI-0128;EMP-502;ENT-MTL;BD-1122;6;293,35;14,00;208,30;Représentant
CMD-101078;06/07/2024;12/07/2024;2024-07-19;CLI-0162;EMP-508;ENT-MTL;BD-1054;6;409,17;12,20;257,53;Représentant
CMD-101189;31/07/2024;07/08/2024;2024-09-16;CLI-0089;EMP-502;ENT-QC;BD-1118;13;369,40;25,70;336,11;Portail web
CMD-100067;19/01/2024;25/01/2024;2024-03-15;CLI-0144;EMP-502;ENT-MTL;BD-1128;1;126,10;13,00;77,25;Représentant
CMD-100945;2024-06-15;18/06/2024;02/08/2024;CLI-0038;EMP-507;ENT-SAG;BD-1120;4;259,62;12,50;182,88;Téléphone
CMD-100851;03/06/2024;08/06/2024;2024-07-19;CLI-0204;EMP-506;ENT-QC;BD-1062;8;171,49;4,60;112,54;Courriel
CMD-100380;29/03/2024;2024-04-02;10/05/2024;CLI-0162;EMP-508;ENT-QC;BD-1172;1;363,44;13,20;216,67;Courriel
CMD-100545;2024-04-22;30/04/2024;13/07/2024;CLI-0144;EMP-502;ENT-QC;BD-1042;6;367,75;16,70;261,53;Courriel
CMD-100740;18/05/2024;20/05/2024;2024-06-24;CLI-0084;EMP-503;ENT-SAG;BD-1060;6;350,94;11,30;241,90;Représentant
CMD-101358;2024-08-21;29/08/2024;12/09/2024;CLI-0166;EMP-503;ENT-MTL;BD-1120;2;266,52;10,20;182,88;Représentant
CMD-100626;03/05/2024;06/05/2024;03-juin-24;CLI-0081;EMP-502;ENT-SAG;BD-1013;4;432,53;16,20;308,85;Représentant
CMD-100664;08/05/2024;2024-05-14;10/06/2024;CLI-0148;EMP-501;ENT-QC;BD-1008;3;208,64;10,80;128,94;Courriel
CMD-101641;2024-09-20;23/09/2024;26/10/2024;CLI-0019;EMP-502;ENT-MTL;BD-1045;1;128,44;2,00;76,76;Représentant
CMD-102191;27/11/2024;30-nov-24;24/12/2024;CLI-0130;EMP-508;ENT-QC;BD-1168;10;315,04;21,20;224,71;Représentant
CMD-101778;04-oct-24;13/10/2024;14/11/2024;CLI-0056;EMP-502;ENT-QC;BD-1115;10;60,71;18,70;46,26;Salon
CMD-100439;08/04/2024;13/04/2024;2024-05-15;CLI-0074;EMP-507;ENT-MTL;BD-1039;6;159,68;19,30;119,66;Téléphone
CMD-101391;26/08/2024;28/08/2024;2024-10-25;CLI-0197;EMP-507;ENT-QC;BD-1058;4;233,15;4,80;146,46;Portail web
CMD-102280;17/12/2024;2024-12-24;24/01/2025;CLI-0148;EMP-501;ENT-MTL;BD-1165;3;163,12;11,40;105,70;Représentant
CMD-100538;20/04/2024;23/04/2024;18-juin-24;CLI-0109;EMP-501;ENT-MTL;BD-1044;12;304,41;5,80;195,45;Portail web
CMD-100992;24/06/2024;03/07/2024;22-juil-24;CLI-0171;EMP-507;ENT-SAG;BD-1173;8;369,55;7,30;207,98;Représentant
CMD-101160;24/07/2024;27-juil-24;02/08/2024;CLI-0130;EMP-508;ENT-SAG;BD-1166;15;340,04;18,20;212,88;Téléphone
CMD-101099;11/07/2024;2024-07-20;18/08/2024;CLI-0184;EMP-503;ENT-QC;BD-1125;1;405,73;7,80;285,25;Téléphone
CMD-100531;19/04/2024;2024-04-25;24/05/2024;CLI-0032;EMP-504;ENT-QC;BD-1037;4;28,71;4,00;16,31;Représentant
CMD-101840;2024-10-11;16/10/2024;09/11/2024;CLI-0056;EMP-502;ENT-MTL;BD-1034;8;184,44;22,40;151,89;Téléphone
CMD-100694;13/05/2024;20/05/2024;20-juin-24;CLI-0062;EMP-507;ENT-QC;BD-1014;1;39,51;11,60;26,62;Représentant
CMD-102235;05/12/2024;2024-12-11;19/01/2025;CLI-0116;EMP-509;ENT-QC;BD-1092;12;241,12;14,60;140,04;Portail web
CMD-101144;2024-07-22;27/07/2024;04/09/2024;CLI-0040;EMP-509;ENT-QC;BD-1111;6;196,95;11,10;145,84;Représentant
CMD-101172;29/07/2024;2024-08-07;17/09/2024;CLI-0209;EMP-508;ENT-SAG;BD-1163;8;465,47;24,10;294,58;Représentant
CMD-101696;27/09/2024;06/10/2024;30/10/2024;CLI-0139;EMP-506;ENT-MTL;BD-1169;12;484,93;15,90;276,47;Représentant
CMD-102053;07/11/2024;11/11/2024;2025-01-08;CLI-0217;EMP-506;ENT-QC;BD-1004;4;203,80;25,60;155,56;Portail web
CMD-100484;2024-04-12;15/04/2024;24/05/2024;CLI-0082;EMP-504;ENT-QC;BD-1063;4;360,54;2,10;242,15;Représentant
CMD-102050;2024-11-07;10/11/2024;18/12/2024;CLI-0040;EMP-509;ENT-SAG;BD-1071;12;461,85;13,50;301,72;Représentant
CMD-102216;30/11/2024;04/12/2024;2025-01-09;CLI-0106;EMP-501;ENT-MTL;BD-1118;3;436,52;12,20;336,11;Téléphone
CMD-102158;2024-11-21;24/11/2024;23/12/2024;CLI-0074;EMP-507;ENT-QC;BD-1028;24;191,53;19,00;140,77;Courriel
CMD-101648;2024-09-21;25/09/2024;02/11/2024;CLI-0038;EMP-507;ENT-SAG;BD-1003;1;263,00;11,80;188,61;Téléphone
CMD-101562;12/09/2024;17/09/2024;31-oct-24;CLI-0206;EMP-503;ENT-SAG;BD-1045;8;111,86;14,70;76,76;Courriel
CMD-101693;26/09/2024;29/09/2024;23/11/2024;CLI-0022;EMP-506;ENT-MTL;BD-1041;2;247,46;2,40;159,88;Représentant
CMD-102148;20/11/2024;22/11/2024;22/12/2024;CLI-0063;EMP-503;ENT-QC;BD-1107;2;190,23;13,60;147,44;Représentant
CMD-101175;29/07/2024;2024-08-01;24/09/2024;CLI-0185;EMP-508;ENT-SAG;BD-1113;11;345,58;19,10;276,01;Représentant
CMD-100452;09/04/2024;2024-04-12;10/05/2024;CLI-0150;EMP-502;ENT-QC;BD-1138;8;141,03;4,30;86,38;Portail web
CMD-101368;22/08/2024;31/08/2024;;CLI-0085;EMP-503;ENT-MTL;BD-1024;3;311,20;6,90;185,46;Représentant
CMD-100356;26/03/2024;02/04/2024;2024-05-28;CLI-0174;EMP-502;ENT-QC;BD-1182;4;99,66;8,50;56,87;Téléphone
CMD-100172;2024-02-20;29/02/2024;13/03/2024;CLI-0130;EMP-508;ENT-QC;BD-1167;9;283,87;23,50;205,42;Téléphone
CMD-100369;28/03/2024;30/03/2024;17-avr-24;CLI-0150;EMP-502;ENT-QC;BD-1135;1;70,36;4,00;39,89; 
CMD-101017;27/06/2024;2024-07-04;02/08/2024;CLI-0211;EMP-504;ENT-MTL;BD-1033;8;165,06;11,90;110,89;Téléphone
CMD-100572;26/04/2024;04/05/2024;25/05/2024;CLI-0199;EMP-504;ENT-MTL;BD-1041;4;223,76;11,70;159,88;Représentant
CMD-100103;01/02/2024;07/02/2024;2024-02-29;CLI-0049;EMP-508;ENT-QC;BD-1138;3;128,05;13,10;86,38;Téléphone
CMD-102179;26/11/2024;2024-12-04;19/01/2025;CLI-0147;EMP-506;ENT-QC;BD-1144;3;169,05;5,30;96,31;Portail web
CMD-100734;2024-05-17;21/05/2024;29/06/2024;CLI-0157;EMP-502;ENT-QC;BD-1086;4;120,58;12,50;80,72;Portail web
CMD-100105;01/02/2024;09-févr-24;01/03/2024;CLI-0135;EMP-506;ENT-MTL;BD-1142;1;137,61;15,60;98,85;Représentant
CMD-102190;27/11/2024;01/12/2024;2024-12-16;CLI-0037;EMP-504;ENT-SAG;BD-1068;5;458,62;18,70;284,28;Portail web
CMD-100612;01/05/2024;06/05/2024;2024-06-01;CLI-0044;EMP-505;ENT-MTL;BD-1034;12;213,75;10,00;151,89;Téléphone
CMD-101061;03/07/2024;09-juil-24;;CLI-0141;EMP-502;ENT-MTL;BD-1126;3;172,80;14,60;130,29;Téléphone
CMD-100595;2024-04-30;02/05/2024;19/06/2024;CLI-0175;EMP-505;ENT-MTL;BD-1047;6;100,00;6,20;70,06;Représentant
CMD-101650;2024-09-23;28/09/2024;09/11/2024;CLI-0130;EMP-508;ENT-MTL;BD-1037;12;24,53;18,00;16,31;Salon
CMD-101098;11/07/2024;18/07/2024;01/09/2024;CLI-0217;EMP-506;ENT-QC;BD-1109;24;359,52;21,90;303,82;Téléphone
CMD-102095;13/11/2024;2024-11-19;04/01/2025;CLI-0129;EMP-508;ENT-QC;BD-1140;4;58,35;8,10;40,41;Portail web
CMD-100897;2024-06-10;17/06/2024;21/07/2024;CLI-0066;EMP-507;ENT-QC;BD-1023;4;317,07;16,00;239,29;Téléphone
CMD-101835;11/10/2024;19/10/2024;2024-11-30;CLI-0012;EMP-501;ENT-SAG;BD-1083;6;235,98;23,20;157,14;Portail web
CMD-101388;26/08/2024;28-août-24;17/10/2024;CLI-0163;EMP-505;ENT-QC;BD-1124;3;248,38;2,60;150,61;Représentant
CMD-101010;27/06/2024;30/06/2024;2024-07-28;CLI-0181;EMP-504;ENT-MTL;BD-1013;2;501,86;2,80;308,85;Représentant
CMD-101027;28-juin-24;07/07/2024;24/07/2024;CLI-0012;EMP-501;ENT-SAG;BD-1108;38;221,04;19,10;166,46;Courriel
CMD-101936;23/10/2024;2024-10-31;;CLI-0153;EMP-507;ENT-SAG;BD-1099;6;420,51;15,30;287,66;Représentant
CMD-101642;20-sept-24;28/09/2024;14/10/2024;CLI-0130;EMP-508;ENT-MTL;BD-1075;32;75,33;25,20;59,74;Représentant
CMD-100073;2024-01-22;26/01/2024;06/03/2024;CLI-0036;EMP-505;ENT-QC;BD-1127;1;258,66;14,10;170,72;Représentant
CMD-100749;2024-05-20;28/05/2024;31/07/2024;CLI-0076;EMP-507;ENT-QC;BD-1050;12;408,17;19,00;291,69;Portail web
CMD-101453;02-sept-24;10/09/2024;06/10/2024;CLI-0037;EMP-504;ENT-QC;BD-1055;8;264,47;19,50;209,35;Téléphone
CMD-100541;22/04/2024;2024-04-25;12/06/2024;CLI-0211;EMP-504;ENT-QC;BD-1147;12;518,99;13,20;339,78;Représentant
CMD-101380;23/08/2024;2024-08-28;29/09/2024;CLI-0068;EMP-505;ENT-QC;BD-1001;3;327,09;2,40;182,30;Courriel
CMD-100874;06/06/2024;13-juin-24;12/08/2024;CLI-0196;EMP-506;ENT-SAG;BD-1120;6;290,38;2,20;182,88;Portail web
CMD-100858;03/06/2024;2024-06-09;23/07/2024;CLI-0169;EMP-507;ENT-QC;BD-1125;8;374,20;14,90;285,25;Portail web
CMD-102046;06/11/2024;14/11/2024;02-janv-25;CLI-0204;EMP-506;ENT-QC;BD-1182;4;104,94;3,60;56,87;Portail web
CMD-100603;2024-05-01;05/05/2024;10/06/2024;CLI-0212;EMP-507;ENT-MTL;BD-1004;6;216,78;20,90;155,56;Téléphone
CMD-100541;22/04/2024;25-avr-24;12/06/2024;CLI-0211;EMP-504;ENT-QC;BD-1041;6;219,96;13,20;159,88;Portail web
CMD-101680;25/09/2024;03/10/2024;2024-11-15;cli-0050;EMP-502;ENT-QC;BD-1062;6;154,78;13,90;112,54;Représentant
CMD-100843;31/05/2024;05-juin-24;24/06/2024;CLI-0038;EMP-507;ENT-MTL;BD-1041;4;218,55;13,80;159,88;Portail web
CMD-100686;13/05/2024;2024-05-15;02/07/2024;CLI-0089;EMP-502;ENT-MTL;BD-1159;6;228,72;20,80;166,16;Téléphone
CMD-100676;10-mai-24;14/05/2024;29/06/2024;CLI-0118;EMP-504;ENT-QC;BD-1105;4;216,53;16,40;166,12;Portail web
CMD-100763;31/02/2024;31/05/2024;2024-07-14;CLI-0193;EMP-509;ENT-MTL;BD-1035;2;41,69;13,80;30,00;Courriel
CMD-101862;15/10/2024;19/10/2024;11-déc-24;CLI-0179;EMP-509;ENT-SAG;BD-1136;2;194,63;6,30;110,14;Téléphone
CMD-101862;15/10/2024;19-oct-24;11/12/2024;CLI-0179;EMP-509;ENT-SAG;BD-1093;3;209,77;6,30;132,18;Portail web
CMD-102138;19/11/2024;24/11/2024;2024-12-29;CLI-0173;EMP-508;ENT-MTL;BD-1130;2;492,93;12,70;317,23;Portail web
CMD-100023;08-janv-24;15/01/2024;25/02/2024;CLI-0089;EMP-502;ENT-MTL;BD-1161;31;109,84;18,70;62,84;Représentant
CMD-101491;06/09/2024;13/09/2024;;CLI-0053;EMP-509;ENT-MTL;BD-9698;4;392,55;11,00;257,11;Téléphone
CMD-100957;2024-06-18;23/06/2024;04/08/2024;CLI-0095;EMP-505;ENT-QC;BD-1048;12;47,68;6,90;32,82;Téléphone
CMD-100524;2024-04-18;24/04/2024;21/05/2024;CLI-0057;EMP-507;ENT-QC;BD-1159;6;245,24;15,10;166,16;Représentant
CMD-101040;01/07/2024;04/07/2024;29-juil-24;CLI-0002;EMP-509;ENT-QC;BD-1033;3;172,13;8,10;110,89;Courriel
CMD-100631;04/05/2024;2024-05-09;18/06/2024;CLI-0076;EMP-507;ENT-QC;BD-1121;8;61,90;20,50;43,73;Représentant
CMD-101293;14/08/2024;23-août-24;10/10/2024;CLI-0195;EMP-506;ENT-QC;BD-1026;2;382,97;12,60;241,74;Téléphone
CMD-101372;23/08/2024;29/08/2024;2024-10-06;CLI-0209;EMP-508;ENT-MTL;BD-1020;57;44,28;23,00;32,44;Portail web
CMD-101577;13/09/2024;17/09/2024;2024-10-27;CLI-0012;EMP-501;ENT-QC;BD-1053;18;243,47;25,60;176,84;Représentant
CMD-100719;16/05/2024;25/05/2024;28/06/2024;CLI-0185;EMP-508;ENT-MTL;BD-1017;8;445,65;21,00;307,26;Représentant
CMD-100180;22/02/2024;29/02/2024;2024-04-15;CLI-0099;EMP-505;ENT-SAG;BD-1153;27;149,09;25,70;113,61;Représentant
CMD-100763;22/05/2024;31-mai-24;14/07/2024;CLI-0193;EMP-509;ENT-MTL;BD-1120;6;255,79;13,80;182,88;Représentant
CMD-100361;27/03/2024;2024-04-03;16/05/2024;CLI-0137;EMP-503;ENT-SAG;BD-1179;33;344,55;20,20;226,59;Portail web
CMD-100855;03/06/2024;2024-06-07;03/07/2024;CLI-0069;EMP-508;ENT-QC;BD-1021;1;354,49;2,50;201,55;Représentant
CMD-102050;07/11/2024;10/11/2024;2024-12-18;CLI-0040;EMP-509;ENT-SAG;BD-1173;1;344,98;13,50;207,98;Représentant
CMD-101025;28/06/2024;30/06/2024;2024-07-27;CLI-0093;EMP-508;ENT-SAG;BD-1001;8;279,63;16,60;182,30;Téléphone
CMD-101388;2024-08-26;28/08/2024;17/10/2024;CLI-0163;EMP-505;ENT-QC;BD-1013;4;502,90;2,60;308,85;Portail web
CMD-100791;27/05/2024;02/06/2024;2024-07-15;CLI-0076;EMP-507;ENT-MTL;BD-1054;9;363,63;22,00;257,53;Représentant
CMD-100862;04-juin-24;13/06/2024;27/07/2024;CLI-0194;EMP-506;ENT-QC;BD-1027;1;445,64;2,70;249,72;Représentant
CMD-101172;29/07/2024;07/08/2024;17-sept-24;CLI-0209;EMP-508;ENT-SAG;BD-1113;6;324,10;24,10;276,01;Représentant
CMD-101862;15/10/2024;19/10/2024;2024-12-11;CLI-0179;EMP-509;ENT-SAG;BD-1049;3;51,22;6,30;30,58;Téléphone
CMD-100403;2024-04-02;05/04/2024;19/05/2024;CLI-0067;EMP-502;ENT-MTL;BD-1033;1;158,12;15,60;110,89;Téléphone
CMD-101466;03/09/2024;12-sept-24;28/09/2024;CLI-0213;EMP-508;ENT-MTL;BD-1181;6;569,90;8,80;305,97;Téléphone
CMD-100363;2024-03-27;05/04/2024;09/05/2024;CLI-0168;EMP-509;ENT-SAG;BD-1022;3;441,66;2,80;247,74;Représentant
CMD-100225;04/03/2024;11/03/2024;;CLI-0206;EMP-503;ENT-SAG;BD-1108;2;237,96;12,90;166,46;Portail web
CMD-100923;13/06/2024;20/06/2024;2024-08-18;CLI-0154;EMP-507;ENT-MTL;BD-1172;4;365,20;12,80;216,67;Téléphone
CMD-100035;10/01/2024;16-janv-24;06/03/2024;CLI-0009;EMP-502;ENT-MTL;BD-1137;5;33,34;22,10;25,06;Salon
CMD-102191;2024-11-27;30/11/2024;24/12/2024;CLI-0130;EMP-508;ENT-QC;BD-1044;8;254,43;21,20;195,45;Portail web
CMD-102175;26/11/2024;01-déc-24;08/01/2025;CLI-0146;EMP-503;ENT-QC;BD-1076;2;470,67;16,10;281,11;Téléphone
CMD-100681;10/05/2024;18/05/2024;2024-07-03;CLI-0200;EMP-509;ENT-QC;BD-1066;3;299,62;13,00;199,26;Représentant
CMD-100143;2024-02-12;16/02/2024;26/03/2024;CLI-0124;EMP-509;ENT-MTL;BD-1037;6;27,96;6,50;16,31;Représentant
CMD-101853;14/10/2024;2024-10-23;11/11/2024;CLI-0127;EMP-503;ENT-MTL;BD-1142;2;143,77;11,80;98,85;Représentant
CMD-101779;04/10/2024;08/10/2024;12-nov-24;CLI-0136;EMP-507;ENT-QC;BD-1004;8;246,17;10,20;155,56;Représentant
CMD-102010;31/10/2024;08/11/2024;25-nov-24;CLI-0206;EMP-503;ENT-SAG;BD-1099;8;436,81;12,00;287,66;Représentant
CMD-100161;16/02/2024;24-févr-24;02/04/2024;CLI-0161;EMP-508;ENT-SAG;BD-1165;3;175,67;4,50;105,70;Téléphone
CMD-100278;12/03/2024;17/03/2024;20/04/2024;CLI-0131;EMP-502;ENT-QC;BD-1026;3;378,19;13,70;241,74;Représentant
CMD-100739;31/02/2024;23/05/2024;2024-06-25;CLI-0125;EMP-509;ENT-MTL;BD-1053;12;313,83;4,10;176,84;Représentant
CMD-100652;07/05/2024;2024-05-16;13/06/2024;CLI-0009;EMP-502;ENT-QC;BD-1142;6;121,28;25,60;98,85;Téléphone
CMD-100238;05/03/2024;2024-03-12;14/04/2024;CLI-0089;EMP-502;ENT-QC;BD-1077;8;274,74;19,60;167,57;Téléphone
CMD-101793;07/10/2024;13-oct-24;17/11/2024;CLI-0087;EMP-502;ENT-QC;BD-1078;4;321,20;16,20;197,64;Représentant
CMD-101501;06/09/2024;11/09/2024;2024-10-29;CLI-0041;EMP-508;ENT-MTL;BD-1145;8;163,89;11,00;108,83;Téléphone
CMD-101803;08/10/2024;2024-10-17;23/11/2024;CLI-0100;EMP-505;ENT-QC;BD-1149;3;176,82;3,40;108,85;Portail web
CMD-102166;23/11/2024;29/11/2024;10-janv-25;CLI-0009;EMP-502;ENT-MTL;BD-1098;22;350,65;20,50;257,11;Représentant
CMD-101076;05/07/2024;08/07/2024;2024-08-05;CLI-0062;EMP-507;ENT-MTL;BD-1110;2;236,20;16,80;178,91;Représentant
CMD-100402;02/04/2024;07-avr-24;17/05/2024;CLI-0029;EMP-506;ENT-QC;BD-1006;6;248,40;25,80;178,72; 
CMD-101945;2024-10-24;02/11/2024;08/12/2024;CLI-0012;EMP-501;ENT-QC;BD-1167;6;288,78;22,20;205,42;Portail web
CMD-101841;11/10/2024;18/10/2024;27-oct-24;CLI-0065;EMP-504;ENT-MTL;BD-1128;8;140,78;2,80;77,25;Portail web
CMD-101763;03/10/2024;2024-10-09;20/10/2024;CLI-0090;EMP-505;ENT-QC;BD-1151;8;133,68;15,90;90,35;Courriel
CMD-100312;18/03/2024;25/03/2024;2024-05-02;CLI-0078;EMP-504;ENT-QC;BD-1169;2;537,87;6,70;276,47;Téléphone
CMD-100018;05/01/2024;10-janv-24;;CLI-0177;EMP-505;ENT-SAG;BD-1056;12;457,86;6,90;287,11;Représentant
CMD-102146;20/11/2024;2024-11-29;31/12/2024;CLI-0062;EMP-507;ENT-SAG;BD-1088;2;565,67;10,20;335,85;Téléphone
CMD-101238;06-août-24;12/08/2024;30/08/2024;CLI-0191;EMP-504;ENT-MTL;BD-1048;4;45,96;10,20;32,82;Représentant
CMD-100558;24-avr-24;02/05/2024;23/05/2024;CLI-0056;EMP-502;ENT-SAG;BD-1119;33;71,50;22,10;58,44;Représentant
CMD-101120;17-juil-24;23/07/2024;28/08/2024;CLI-0185;EMP-508;ENT-SAG;BD-1124;7;207,82;18,50;150,61;Représentant
CMD-101539;11-sept-24;18/09/2024;21/10/2024;CLI-0208;EMP-507;ENT-QC;BD-1102;8;433,46;10,60;255,33;Téléphone
CMD-100132;08-févr-24;10/02/2024;29/03/2024;CLI-0067;EMP-502;ENT-QC;BD-1159;6;246,41;14,70;166,16;Représentant
CMD-101220;03/08/2024;07/08/2024;2024-09-11;CLI-0193;EMP-509;ENT-QC;BD-1170;3;30,25;14,00;16,60;Représentant
CMD-101030;28-juin-24;01/07/2024;05/08/2024;CLI-0141;EMP-502;ENT-QC;BD-1038;3;467,04;15,40;313,36;Représentant
CMD-101271;12/08/2024;21/08/2024;23/09/2024;CLI-0064;EMP-504;ENT-QC;BD-1048;1;47,26;7,70;32,82;Courriel
CMD-101918;21-oct-24;26/10/2024;11/11/2024;CLI-0137;EMP-503;ENT-QC;BD-1080;4;262,38;20,60;173,12;Représentant
CMD-100491;12/04/2024;2024-04-18;20/05/2024;CLI-0137;EMP-503;ENT-QC;BD-1169;12;445,56;22,70;276,47;Représentant
CMD-100953;17/06/2024;20-juin-24;13/07/2024;CLI-0149;EMP-501;ENT-MTL;BD-1001;1;314,44;6,20;182,30;Représentant
CMD-101346;19/08/2024;2024-08-25;04/10/2024;CLI-0111;EMP-507;ENT-MTL;BD-1026;3;408,34;6,80;241,74;Téléphone
CMD-101027;28/06/2024;2024-07-07;24/07/2024;CLI-0012;EMP-501;ENT-SAG;BD-1148;8;372,11;19,10;296,06;Courriel
CMD-101351;2024-08-20;23/08/2024;05/10/2024;CLI-0040;EMP-509;ENT-MTL;BD-1147;3;501,17;16,20;339,78;Représentant
CMD-101884;17/10/2024;2024-10-19;13/11/2024;CLI-0037;EMP-504;ENT-QC;BD-1152;7;390,75;18,80;265,82;Courriel
CMD-100054;2024-01-17;20/01/2024;11/03/2024;CLI-0163;EMP-505;ENT-QC;BD-1129;24;66,73;7,20;45,49;Courriel
CMD-100525;18-avr-24;22/04/2024;22/06/2024;CLI-0135;EMP-506;ENT-SAG;BD-1037;1;25,24;15,60;16,31;Portail web
CMD-101655;23/09/2024;01/10/2024;29-oct-24;CLI-0017;EMP-507;ENT-MTL;BD-1120;6;255,07;14,10;182,88;Représentant
CMD-101523;10/09/2024;18/09/2024;2024-10-09;CLI-0209;EMP-508;ENT-SAG;BD-1067;4;31,47;24,30;23,77;Représentant
CMD-101076;05/07/2024;2024-07-08;05/08/2024;CLI-0062 ;EMP-507;ENT-MTL;BD-1045;3;109,04;16,80;76,76;Représentant
CMD-102203;29/11/2024;08/12/2024;2025-01-21;CLI-0163;EMP-505;ENT-MTL;BD-1131;4;61,52;8,20;36,32;Représentant
CMD-100838;31/05/2024;08-juin-24;26/06/2024;CLI-0130;EMP-508;ENT-MTL;BD-1031;2;406,12;21,80;294,44;Téléphone
CMD-100520;18/04/2024;2024-04-20;15/05/2024;CLI-0128;EMP-502;ENT-SAG;BD-1139;24;311,30;13,20;198,93;Représentant
CMD-102026;04/11/2024;2024-11-10;24/12/2024;CLI-0053;EMP-509;ENT-MTL;BD-1180;1;165,25;12,70;93,34;Représentant
CMD-101373;23/08/2024;29/08/2024;29-sept-24;CLI-0038;EMP-507;ENT-MTL;BD-1043;4;463,93;12,10;294,10;Portail web
CMD-100849;03/06/2024;2024-06-05;04/08/2024;CLI-0053;EMP-509;ENT-QC;BD-1124;6;226,36;11,20;150,61;Salon
CMD-100286;14/03/2024;16/03/2024;2024-04-30;CLI-0120;EMP-509;ENT-QC;BD-1170;3;32,33;8,00;16,60;Portail web
CMD-101165;26-juil-24;31/07/2024;18/09/2024;CLI-0040;EMP-509;ENT-MTL;BD-1120;12;256,28;13,70;182,88;Représentant
CMD-100873;06/06/2024;2024-06-14;27/06/2024;CLI-0006;EMP-505;ENT-QC;BD-1021;3;311,81;14,30;201,55;Représentant
CMD-101387;26/08/2024;31/08/2024;2024-10-18;CLI-0059;EMP-504;ENT-MTL;BD-1027;2;339,27;25,90;249,72;Représentant
CMD-100996;2024-06-25;03/07/2024;05/09/2024;CLI-0173;EMP-508;ENT-QC;BD-1056;3;437,07;11,10;287,11;Salon
CMD-101070;04/07/2024;07/07/2024;22-août-24;CLI-0045;EMP-502;ENT-QC;BD-1104;4;98,45;11,00;75,12;Portail web
CMD-100745;20/05/2024;26/05/2024;2024-07-09;CLI-0059;EMP-504;ENT-QC;BD-1028;6;176,77;25,20;140,77;Représentant
CMD-101796;2024-10-07;11/10/2024;12/11/2024;CLI-0036;EMP-505;ENT-MTL;BD-1148;1;399,39;13,20;296,06;Téléphone
CMD-100469;11/04/2024;17/04/2024;22-mai-24;CLI-0186;EMP-507;ENT-MTL;BD-1091;4;529,45;6,80;279,07;Représentant
CMD-101463;03-sept-24;12/09/2024;06/10/2024;CLI-0086;EMP-502;ENT-QC;BD-1091;3;525,32;7,50;279,07;Représentant
CMD-100474;11/04/2024;17/04/2024;;CLI-0147;EMP-506;ENT-QC;BD-1175;4;158,69;6,50;94,86;Représentant
CMD-100677;10/05/2024;13/05/2024;2024-06-19;CLI-0074;EMP-507;ENT-MTL;BD-1114;5;196,62;22,20;149,59;Téléphone
CMD-102058;08/11/2024;2024-11-14;20/12/2024;CLI-0091;EMP-504;ENT-MTL;BD-1081;4;572,00;3,60;302,82;Représentant
CMD-100470;11/04/2024;2024-04-20;04/05/2024;CLI-0099;EMP-505;ENT-QC;BD-1063;4;281,37;23,60;242,15;Portail web
CMD-101535;10/09/2024;12/09/2024;2024-10-23;CLI-0026;EMP-506;ENT-MTL;BD-1078;3;322,03;16,00;197,64;Portail web
CMD-100232;05/03/2024;13/03/2024;03/04/2024;CLI-0203;EMP-503;ENT-QC;BD-1127;8;277,48;7,90;170,72;Représentant
CMD-102118;18/11/2024;22/11/2024;2024-12-26;CLI-0190;EMP-504;ENT-SAG;BD-1137;2;38,98;8,90;25,06;Représentant
CMD-100500;2024-04-15;21/04/2024;03/05/2024;CLI-0035;EMP-503;ENT-QC;BD-1073;4;394,43;12,30;255,00;Portail web
CMD-101414;28/08/2024;31-août-24;07/10/2024;CLI-0012;EMP-501;ENT-QC;BD-1017;12;457,05;18,90;307,26;Représentant
CMD-101046;01/07/2024;2024-07-10;29/07/2024;CLI-0148;EMP-501;ENT-QC;BD-1114;2;222,09;12,10;149,59;Téléphone
CMD-101627;19/09/2024;25/09/2024;04/11/2024;CLI-0201;EMP-504;ENT-QC;BD-1077;4;314,02;8,10;167,57;Portail web
CMD-100960;18/06/2024;24/06/2024;07/07/2024;CLI-0204;EMP-506;ENT-MTL;BD-1168;6;380,60;4,90;224,71;Représentant
CMD-100572;2024-04-26;04/05/2024;25/05/2024;CLI-0199;EMP-504;ENT-MTL;BD-1050;4;444,98;11,70;291,69;Portail web
CMD-102076;11/11/2024;2024-11-16;06/01/2025;CLI-0208;EMP-507;ENT-QC;BD-1081;8;527,54;11,10;302,82;Téléphone
CMD-100352;26/03/2024;2024-04-01;12/05/2024;CLI-0056;EMP-502;ENT-MTL;BD-1020;26;46,64;18,80;32,44;Portail web
CMD-100915;12/06/2024;14/06/2024;09/08/2024;CLI-0009;EMP-502;ENT-MTL;BD-1063;13;284,43;22,80;242,15;Représentant
CMD-100355;26/03/2024;29/03/2024;08/05/2024;CLI-0004;EMP-505;ENT-QC;BD-1055;6;299,71;8,70;209,35;Représentant
CMD-100063;19/01/2024;21/01/2024;19-févr-24;CLI-0011;EMP-507;ENT-MTL;BD-1178;8;197,48;3,80;116,97;Salon
CMD-100057;17/01/2024;2024-01-21;07/03/2024;CLI-0076;EMP-507;ENT-QC;BD-1170;10;28,37;19,30;16,60;Représentant
CMD-100409;2024-04-03;09/04/2024;10/05/2024;CLI-0112;EMP-505;ENT-SAG;BD-1160;24;70,11;11,00;40,71;Courriel
CMD-102229;03/12/2024;2024-12-10;24/01/2025;CLI-0056;EMP-502;ENT-QC;BD-1031;52;413,45;20,40;294,44;Représentant
CMD-101190;2024-07-31;05/08/2024;17/09/2024;CLI-0056;EMP-502;ENT-MTL;BD-1013;7;411,77;20,20;308,85;Représentant
CMD-101489;2024-09-06;15/09/2024;03/11/2024;CLI-0141;EMP-502;ENT-QC;BD-1037;3;26,06;12,90;16,31;Portail web
CMD-100793;27/05/2024;2024-06-01;29/06/2024;CLI-0099;EMP-505;ENT-SAG;BD-1013;13;406,68;21,20;308,85;Portail web
CMD-101047;01/07/2024;09/07/2024;05/08/2024;CLI-0196;EMP-506;ENT-MTL;BD-1116;2;83,49;5,80;58,93;Portail web
CMD-102263;12/12/2024;15-déc-24;19/01/2025;CLI-0088;EMP-504;ENT-MTL;BD-1131;3;56,69;15,40;36,32;Portail web
CMD-101515;2024-09-10;19/09/2024;24/10/2024;CLI-0219;EMP-505;ENT-QC;BD-1043;4;506,82;4,00;294,10;Téléphone
CMD-102216;30/11/2024;2024-12-04;09/01/2025;CLI-0106;EMP-501;ENT-MTL;BD-1127;8;264,56;12,20;170,72;Représentant
CMD-100033;09/01/2024;18/01/2024;2024-02-22;CLI-0063;EMP-503;ENT-SAG;BD-1037;1;26,63;11,00;16,31;Représentant
CMD-101811;09/10/2024;18/10/2024;2024-11-20;CLI-0063;EMP-503;ENT-MTL;BD-1180;6;164,41;13,20;93,34;Courriel
CMD-101005;26/06/2024;03/07/2024;2024-07-16;CLI-0009;EMP-502;ENT-SAG;BD-1174;19;235,19;20,30;165,53;Téléphone
CMD-102041;06/11/2024;10/11/2024;2024-12-24;CLI-0156;EMP-502;ENT-QC;BD-1174;1;278,08;5,80;165,53;Représentant
CMD-100598;30/04/2024;03/05/2024;2024-06-13;CLI-0043;EMP-506;ENT-QC;BD-1149;1;153,29;16,30;108,85;Courriel
CMD-100809;2024-05-28;03/06/2024;18/06/2024;CLI-0035;EMP-503;ENT-QC;BD-1133;2;87,81;13,40;61,66;Portail web
CMD-100114;2024-02-02;05/02/2024;02/03/2024;CLI-0090;EMP-505;ENT-MTL;BD-1070;3;67,12;11,90;39,88;Portail web
CMD-101447;2024-09-02;04/09/2024;11/10/2024;CLI-0127;EMP-503;ENT-QC;BD-1159;2;242,37;16,10;166,16;Courriel
CMD-101615;17/09/2024;24/09/2024;2024-11-21;CLI-0199;EMP-504;ENT-MTL;BD-1101;4;95,33;12,10;62,94;Représentant
CMD-100724;16/05/2024;2024-05-20;01/07/2024;CLI-0040;EMP-509;ENT-SAG;BD-1104;4;92,41;16,50;75,12;Portail web
CMD-101064;04/07/2024;2024-07-08;17/08/2024;CLI-0153;EMP-507;ENT-MTL;BD-1104;8;95,49;13,70;75,12; 
CMD-101185;31/07/2024;04/08/2024;17/08/2024;CLI-0206;EMP-503;ENT-MTL;BD-1053;4;288,92;11,70;176,84;Courriel
CMD-101154;24/07/2024;26/07/2024;22-août-24;CLI-0119;EMP-503;ENT-QC;BD-1046;6;463,39;2,90;308,91;Représentant
CMD-101472;2024-09-04;10/09/2024;18/11/2024;CLI-0183;EMP-506;ENT-MTL;BD-1045;3;127,26;2,90;76,76;Représentant
CMD-101103;2024-07-12;18/07/2024;20/08/2024;CLI-0139;EMP-506;ENT-QC;BD-1130;4;501,67;11,10;317,23;Représentant
CMD-100779;2024-05-24;27/05/2024;05/07/2024;CLI-0037;EMP-504;ENT-MTL;BD-1072;12;319,47;19,30;196,62;Représentant
CMD-101309;15-août-24;24/08/2024;28/09/2024;CLI-0103;EMP-502;ENT-QC;BD-1038;1;509,59;7,60;313,36;Téléphone
CMD-101114;16/07/2024;2024-07-24;14/09/2024;CLI-0028;EMP-509;ENT-QC;BD-1049;4;49,86;8,80;30,58;Portail web
CMD-100947;15/06/2024;2024-06-24;25/07/2024;CLI-0139;EMP-506;ENT-QC;BD-1016;3;363,63;12,00;219,41;Salon
CMD-100419;04/04/2024;06/04/2024;18/05/2024;CLI-0072;EMP-501;ENT-QC;BD-1037;3;25,76;13,90;16,31;Courriel
CMD-100638;2024-05-06;08/05/2024;16/06/2024;CLI-0095;EMP-505;ENT-MTL;BD-1167;4;353,44;4,80;205,42;Courriel
CMD-102240;06/12/2024;2024-12-09;10/01/2025;CLI-0216;EMP-503;ENT-SAG;BD-1137;3;39,08;8,70;25,06;Téléphone
CMD-101782;04/10/2024;07/10/2024;23-nov-24;CLI-0027;EMP-502;ENT-MTL;BD-1023;8;350,94;7,00;239,29;Représentant
CMD-100613;01/05/2024;2024-05-08;25/06/2024;CLI-0106;EMP-501;ENT-QC;BD-1004;4;230,36;16,00;155,56;Portail web
CMD-100292;14/03/2024;2024-03-20;17/04/2024;CLI-0033;EMP-504;ENT-MTL;BD-1091;3;498,51;12,20;279,07;Téléphone
CMD-101312;15/08/2024;2024-08-24;24/09/2024;CLI-0191;EMP-504;ENT-MTL;BD-1073;4;402,18;10,60;255,00;Représentant
CMD-100516;17/04/2024;24/04/2024;18-mai-24;CLI-0014;EMP-502;ENT-MTL;BD-1165;1;168,51;8,40;105,70;Représentant
CMD-101331;2024-08-17;22/08/2024;30/09/2024;CLI-0206;EMP-503;ENT-QC;BD-1047;3;91,46;14,20;70,06;Représentant
CMD-101391;2024-08-26;28/08/2024;25/10/2024;CLI-0197;EMP-507;ENT-QC;BD-1059;1;502,18;4,80;324,94;Représentant
CMD-100086;26/01/2024;28-janv-24;18/03/2024;CLI-0190;EMP-504;ENT-MTL;BD-1140;1;59,36;6,60;40,41;Représentant
CMD-100280;13-mars-24;18/03/2024;21/04/2024;CLI-0217;EMP-506;ENT-SAG;BD-1044;11;247,94;23,20;195,45;Représentant
CMD-101539;11/09/2024;18/09/2024;2024-10-21;CLI-0208;EMP-507;ENT-QC;BD-1085;2;60,09;10,60;40,90;Portail web
CMD-101979;2024-10-29;04/11/2024;17/12/2024;CLI-0029;EMP-506;ENT-MTL;BD-1004;8;219,60;19,90;155,56;Salon
CMD-100308;18/03/2024;2024-03-21;28/04/2024;CLI-0217;EMP-506;ENT-QC;BD-1071;22;407,99;23,60;301,72;Représentant
CMD-101712;27/09/2024;01/10/2024;13-nov-24;CLI-0034;EMP-507;ENT-SAG;BD-1037;4;26,60;11,10;16,31;Représentant
CMD-101939;23/10/2024;31-oct-24;03/12/2024;CLI-0211;EMP-504;ENT-MTL;BD-1081;6;498,95;15,90;302,82;N/A
CMD-101722;30-sept-24;03/10/2024;10/11/2024;CLI-0141;EMP-502;ENT-QC;BD-1089;12;279,37;11,80;157,64;Téléphone
CMD-101984;29/10/2024;02/11/2024;2024-12-17;CLI-0041;EMP-508;ENT-QC;BD-1129;2;62,26;13,40;45,49;Représentant
CMD-100668;2024-05-09;15/05/2024;;CLI-0206;EMP-503;ENT-QC;BD-1049;3;45,85;16,10;30,58;Téléphone
CMD-100752;21/05/2024;2024-05-28;20/06/2024;CLI-0210;EMP-503;ENT-MTL;BD-1010;4;151,67;7,00;87,08;Représentant
CMD-100718;2024-05-16;24/05/2024;21/06/2024;CLI-0149;EMP-501;ENT-QC;BD-1039;2;185,94;6,10;119,66;Représentant
CMD-100641;2024-05-07;13/05/2024;26/06/2024;CLI-0090;EMP-505;ENT-QC;BD-1022;6;385,05;15,30;247,74;Représentant
CMD-100369;28/03/2024;2024-03-30;17/04/2024;CLI-0150;EMP-502;ENT-QC;BD-1158;2;335,43;4,00;180,81;Représentant
CMD-101324;16/08/2024;2024-08-24;16/09/2024;CLI-0031;EMP-509;ENT-QC;BD-1060;2;340,12;14,10;241,90;Portail web
CMD-101738;00/00/0000;10/10/2024;2024-11-10;CLI-0185;EMP-508;ENT-SAG;BD-1175;13;132,81;21,80;94,86;Représentant
CMD-101142;22-juil-24;31/07/2024;10/08/2024;CLI-0009;EMP-502;ENT-MTL;BD-1005;9;263,62;19,40;204,06;Représentant
CMD-101863;15/10/2024;24/10/2024;2024-12-02;CLI-0072;EMP-501;ENT-QC;BD-1170;6;29,66;15,60;16,60;Portail web
CMD-101536;11/09/2024;2024-09-16;15/10/2024;CLI-0056;EMP-502;ENT-QC;BD-1037;7;23,12;22,70;16,31;Téléphone
CMD-100143;12-févr-24;16/02/2024;26/03/2024;CLI-0124;EMP-509;ENT-MTL;BD-1038;4;515,72;6,50;313,36;Représentant
CMD-101100;2024-07-12;18/07/2024;02/08/2024;CLI-0053;EMP-509;ENT-MTL;BD-1031;1;436,84;15,90;294,44;Portail web
CMD-101116;17/07/2024;2024-07-22;23/08/2024;CLI-0173;EMP-508;ENT-SAG;BD-1044;3;284,93;11,80;195,45;Courriel
CMD-101755;03/10/2024;2024-10-05;14/11/2024;CLI-0011;EMP-507;ENT-MTL;BD-1153;2;183,85;8,40;113,61;Représentant
CMD-101969;28-oct-24;02/11/2024;01/12/2024;CLI-0127;EMP-503;ENT-QC;BD-1150;3;526,71;15,80;339,92;Portail web
CMD-101961;26/10/2024;03/11/2024;2024-12-11;CLI-0118;EMP-504;ENT-SAG;BD-1083;1;262,46;14,60;157,14;Représentant
CMD-100620;02/05/2024;2024-05-05;05/06/2024;CLI-0182;EMP-503;ENT-MTL;BD-1179;3;382,63;11,30;226,59;Téléphone
CMD-102088;12/11/2024;14-nov-24;07/12/2024;CLI-0059 ;EMP-504;ENT-QC;BD-1149;3;146,40;20,10;108,85;Représentant
CMD-100340;22/03/2024;31/03/2024;2024-04-25;CLI-0077;EMP-501;ENT-QC;BD-1100;3;492,40;8,20;306,44;Téléphone
CMD-100269;11-mars-24;18/03/2024;24/04/2024;CLI-0037;EMP-504;ENT-QC;BD-1116;18;67,40;24,00;58,93;Représentant
CMD-100233;05/03/2024;12/03/2024;2024-04-27;CLI-0103;EMP-502;ENT-MTL;BD-1164;2;183,65;5,80;98,38;Représentant
CMD-101710;27-sept-24;04/10/2024;29/10/2024;CLI-0026;EMP-506;ENT-QC;BD-1013;1;446,31;13,50;308,85;Portail web
CMD-101330;17/08/2024;2024-08-19;08/10/2024;cli-0218;EMP-503;ENT-QC;BD-1162;2;127,19;7,20;66,97;Représentant
CMD-101332;2024-08-17;19/08/2024;03/10/2024;CLI-0166;EMP-503;ENT-QC;BD-1036;4;216,81;15,60;159,06;Courriel
CMD-100135;09/02/2024;18/02/2024;30/03/2024;CLI-0025;EMP-509;ENT-SAG;BD-1102;2;411,43;15,10;255,33;Représentant
CMD-101415;28/08/2024;02/09/2024;2024-10-17;CLI-0185;EMP-508;ENT-MTL;BD-1036;5;199,52;22,30;159,06;Représentant
CMD-100723;16-mai-24;24/05/2024;16/06/2024;CLI-0056;EMP-502;ENT-MTL;BD-1055;13;247,58;24,60;209,35;Portail web
CMD-100860;04/06/2024;06/06/2024;08-juil-24;CLI-0118;EMP-504;ENT-QC;BD-1114;8;211,56;16,20;149,59;Salon
CMD-100456;09/04/2024;2024-04-13;23/05/2024;CLI-0115;EMP-509;ENT-SAG;BD-1057;2;26,83;10,10;19,26;Téléphone
CMD-100419;2024-04-04;06/04/2024;18/05/2024;CLI-0072;EMP-501;ENT-QC;BD-1118;8;427,90;13,90;336,11;Téléphone
CMD-100226;04/03/2024;2024-03-12;15/04/2024;CLI-0038;EMP-507;ENT-QC;BD-1170;1;31,09;11,60;16,60;Téléphone
CMD-101519;10/09/2024;18/09/2024;2024-10-02;CLI-0032;EMP-504;ENT-MTL;BD-1044;4;307,10;4,90;195,45;Téléphone
CMD-101797;07/10/2024;09/10/2024;2024-10-29;CLI-0034;EMP-507;ENT-QC;BD-1058;6;213,90;12,60;146,46;Représentant
CMD-100456;09/04/2024;13-avr-24;23/05/2024;CLI-0115;EMP-509;ENT-SAG;BD-1037;8;26,90;10,10;16,31;Représentant
CMD-101532;10/09/2024;17/09/2024;26/09/2024;CLI-0182;EMP-503;ENT-QC;BD-1059;2;465,83;11,70;324,94;Courriel
CMD-101936;23/10/2024;31/10/2024;;CLI-0153;EMP-507;ENT-SAG;BD-1145;3;155,96;15,30;108,83;Courriel
CMD-101888;17/10/2024;21-oct-24;11/12/2024;CLI-0158;EMP-507;ENT-SAG;BD-1078;4;361,88;5,60;197,64;Portail web
CMD-101481;04/09/2024;11/09/2024;08/11/2024;CLI-0148;EMP-501;ENT-MTL;BD-1002;8;415,61;11,30;292,58;Représentant
CMD-100958;18/06/2024;23/06/2024;13/07/2024;CLI-0133;EMP-508;ENT-SAG;BD-1174;4;249,75;15,40;165,53;Téléphone
CMD-100813;29/05/2024;2024-06-05;13/07/2024;CLI-0052;EMP-504;ENT-QC;BD-1043;8;456,76;13,50;294,10;Téléphone
CMD-102145;20/11/2024;22/11/2024;22-janv-25;CLI-0037;EMP-504;ENT-MTL;BD-1041;18;207,18;18,30;159,88;Représentant
CMD-102046;06/11/2024;14-nov-24;02/01/2025;CLI-0204;EMP-506;ENT-QC;BD-1072;8;381,46;3,60;196,62;Courriel
CMD-101696;27-sept-24;06/10/2024;30/10/2024;CLI-0139;EMP-506;ENT-MTL;BD-1057;3;25,09;15,90;19,26;Représentant
CMD-102009;31-oct-24;07/11/2024;07/12/2024;CLI-0053;EMP-509;ENT-SAG;BD-1132;6;172,92;12,90;125,81;Représentant
CMD-100126;07-févr-24;09/02/2024;07/04/2024;CLI-0157;EMP-502;ENT-MTL;BD-1178;6;183,73;10,50;116,97;Portail web
CMD-100746;20/05/2024;2024-05-28;26/06/2024;CLI-0093;EMP-508;ENT-SAG;BD-1007;2;92,17;10,80;55,96;Représentant
CMD-101402;27/08/2024;01/09/2024;2024-10-23;CLI-0139;EMP-506;ENT-MTL;BD-1025;3;198,67;15,00;146,28;Portail web
CMD-101917;21/10/2024;2024-10-30;08/12/2024;CLI-0158;EMP-507;ENT-QC;BD-1089;6;291,04;8,10;157,64;Courriel
CMD-101660;24-sept-24;02/10/2024;25/10/2024;CLI-0024 ;EMP-504;ENT-MTL;BD-1002;6;448,23;4,30;292,58;Représentant
CMD-101707;2024-09-27;02/10/2024;21/12/2024;CLI-0028;EMP-509;ENT-SAG;BD-1096;4;287,89;2,80;170,74;Représentant
CMD-100638;2024-05-06;08/05/2024;16/06/2024;CLI-0095;EMP-505;ENT-MTL;BD-1104;6;105,37;4,80;75,12;Représentant
CMD-101581;2024-09-13;22/09/2024;08/11/2024;CLI-0112;EMP-505;ENT-QC;BD-1069;24;342,76;14,00;198,50;Portail web
CMD-101118;17/07/2024;19/07/2024;2024-09-15;CLI-0212;EMP-507;ENT-SAG;BD-1108;11;219,61;19,60;166,46;Représentant
CMD-101379;2024-08-23;30/08/2024;19/09/2024;CLI-0009;EMP-502;ENT-MTL;BD-1083;9;251,67;18,10;157,14;Représentant
CMD-101458;03/09/2024;08-sept-24;;CLI-0139;EMP-506;ENT-MTL;BD-1164;2;172,51;11,50;98,38;Représentant
CMD-102065;08/11/2024;14-nov-24;18/12/2024;CLI-0212;EMP-507;ENT-MTL;BD-1023;2;290,30;23,10;239,29;Représentant
CMD-102172;25/11/2024;04/12/2024;2025-01-04;CLI-0009;EMP-502;ENT-SAG;BD-1155;7;442,98;18,20;322,38;Portail web
CMD-100199;27/02/2024;04-mars-24;21/04/2024;CLI-0212;EMP-507;ENT-SAG;BD-1175;6;130,09;23,40;94,86;Portail web
CMD-100666;08/05/2024;12/05/2024;2024-05-26;CLI-0203;EMP-503;ENT-MTL;BD-1036;8;244,87;4,60;159,06;Téléphone
CMD-101128;19/07/2024;2024-07-21;26/08/2024;CLI-0141;EMP-502;ENT-SAG;BD-1110;2;252,78;11,00;178,91;Courriel
CMD-102128;19/11/2024;27/11/2024;2024-12-13;CLI-0182;EMP-503;ENT-SAG;BD-1133;8;84,91;16,20;61,66;Portail web
CMD-100609;01/05/2024;03/05/2024;2024-06-08;CLI-0163;EMP-505;ENT-QC;BD-9892;3;275,20;4,80;166,16;Portail web
CMD-100201;27/02/2024;02/03/2024;2024-04-01;CLI-0064;EMP-504;ENT-QC;BD-1169;2;544,29;5,60;276,47;Portail web
CMD-101414;2024-08-28;31/08/2024;07/10/2024;CLI-0012;EMP-501;ENT-QC;BD-1044;3;261,89;18,90;195,45;Portail web
CMD-102101;14/11/2024;17/11/2024;06-janv-25;CLI-0142;EMP-508;ENT-MTL;BD-1024;4;311,24;6,90;185,46;Courriel
CMD-102198;28/11/2024;06/12/2024;2025-01-13;CLI-0089;EMP-502;ENT-QC;BD-1081;9;453,68;23,50;302,82;Portail web
CMD-100793;31/02/2024;01-juin-24;29/06/2024;CLI-0099;EMP-505;ENT-SAG;BD-1024;16;263,25;21,20;185,46;Représentant
CMD-100559;24/04/2024;2024-04-27;17/05/2024;CLI-0182;EMP-503;ENT-MTL;BD-1040;6;394,72;10,40;268,77;Représentant
CMD-101077;05/07/2024;12-juil-24;18/08/2024;CLI-0012;EMP-501;ENT-SAG;BD-1021;8;281,24;22,70;201,55;Représentant
CMD-100682;11/05/2024;2024-05-14;13/06/2024;CLI-0151;EMP-504;ENT-QC;BD-1114;4;244,03;3,40;149,59;Courriel
CMD-101882;17/10/2024;21/10/2024;;CLI-0146;EMP-503;ENT-SAG;BD-1128;1;124,09;14,30;77,25;Représentant
CMD-100241;06-mars-24;12/03/2024;12/04/2024;CLI-0007;EMP-508;ENT-QC;BD-1123;1;203,60;6,40;129,56;Portail web
CMD-101200;2024-08-01;04/08/2024;08/09/2024;CLI-0162;EMP-508;ENT-MTL;BD-1043;6;474,82;10,00;294,10;Représentant
CMD-100751;21/05/2024;27/05/2024;12-juin-24;CLI-0220;EMP-506;ENT-MTL;BD-1051;4;110,52;14,80;78,12;Représentant
CMD-101404;2024-08-27;29/08/2024;18/09/2024;CLI-0029;EMP-506;ENT-MTL;BD-1012;43;91,33;25,00;68,19;Salon
CMD-102080;12/11/2024;14/11/2024;2024-12-13;CLI-0047;EMP-508;ENT-QC;BD-1127;6;252,35;16,20;170,72;Représentant
CMD-100665;08/05/2024;12/05/2024;09/06/2024;CLI-0059;EMP-504;ENT-SAG;BD-1109;4;361,12;21,50;303,82;Téléphone
CMD-101307;15/08/2024;20/08/2024;2024-10-02;CLI-0194;EMP-506;ENT-QC;BD-1042;6;401,91;8,90;261,53;Représentant
CMD-100960;18-juin-24;24/06/2024;07/07/2024;CLI-0204;EMP-506;ENT-MTL;BD-1012;4;115,82;4,90;68,19;Représentant
CMD-100743;20/05/2024;2024-05-27;02/08/2024;CLI-0029;EMP-506;ENT-MTL;BD-1111;8;171,41;22,60;145,84;Salon
CMD-101348;2024-08-20;22/08/2024;06/09/2024;CLI-0176;EMP-503;ENT-MTL;BD-1173;3;372,98;6,40;207,98;Courriel
CMD-101374;2024-08-23;27/08/2024;23/09/2024;CLI-0190;EMP-504;ENT-QC;BD-1113;4;396,44;7,20;276,01;Représentant
CMD-101316;15/08/2024;19/08/2024;2024-10-02;CLI-0146;EMP-503;ENT-QC;BD-1162;6;116,05;15,30;66,97;Portail web
CMD-100803;27/05/2024;01/06/2024;2024-06-28;CLI-0185;EMP-508;ENT-MTL;BD-1104;3;83,63;24,40;75,12;Portail web
CMD-100371;28-mars-24;03/04/2024;09/05/2024;CLI-0014;EMP-502;ENT-SAG;BD-1025;4;222,26;4,90;146,28;Portail web
CMD-100256;08/03/2024;11-mars-24;20/04/2024;CLI-0035;EMP-503;ENT-MTL;BD-1119;4;78,42;14,60;58,44;Portail web
CMD-102303;24/12/2024;29-déc-24;14/02/2025;CLI-0209;EMP-508;ENT-QC;BD-1065;19;199,35;20,10;128,81;Représentant
CMD-101529;10/09/2024;17/09/2024;23/10/2024;CLI-0195;EMP-506;ENT-SAG;BD-1165;3;165,47;10,10;105,70;Représentant
CMD-101655;23/09/2024;01/10/2024;2024-10-29;CLI-0017;EMP-507;ENT-MTL;BD-1067;3;35,75;14,10;23,77;Portail web
CMD-101778;;13/10/2024;14/11/2024;CLI-0056;EMP-502;ENT-QC;BD-1080;5;268,76;18,70;173,12;Courriel
CMD-101495;06/09/2024;2024-09-15;19/10/2024;CLI-0059;EMP-504;ENT-MTL;BD-1031;8;396,07;23,80;294,44;Représentant
CMD-101780;04/10/2024;2024-10-09;30/10/2024;CLI-0006;EMP-505;ENT-SAG;BD-1121;6;69,63;10,60;43,73;Représentant
CMD-101449;02/09/2024;07-sept-24;08/10/2024;CLI-0076;EMP-507;ENT-MTL;BD-1088;14;471,88;25,10;335,85;Représentant
CMD-101552;11/09/2024;20/09/2024;2024-10-24;CLI-0094;EMP-502;ENT-MTL;BD-1060;12;370,04;6,50;241,90;Représentant
CMD-101317;15/08/2024;24/08/2024;27-sept-24;CLI-0026;EMP-506;ENT-MTL;BD-1046;2;396,58;16,90;308,91;Portail web
CMD-100189;24/02/2024;29/02/2024;31-mars-24;CLI-0012;EMP-501;ENT-MTL;BD-1166;31;333,34;19,80;212,88;Portail web
CMD-101137;22/07/2024;2024-07-27;01/09/2024;CLI-0099;EMP-505;ENT-MTL;BD-1053;5;264,01;19,30;176,84;Courriel
CMD-101621;18-sept-24;27/09/2024;08/10/2024;CLI-0014;EMP-502;ENT-QC;BD-1083;6;286,20;6,80;157,14;Représentant
CMD-101009;2024-06-26;05/07/2024;06/08/2024;CLI-0063;EMP-503;ENT-QC;BD-1028;8;197,92;16,30;140,77;Courriel
CMD-100644;07/05/2024;13/05/2024;22/06/2024;CLI-0021;EMP-501;ENT-SAG;BD-1157;3;48,94;6,50;24,69;Représentant
CMD-101546;11/09/2024;15/09/2024;2024-10-25;CLI-0188;EMP-506;ENT-SAG;BD-1094;8;173,84;14,70;121,74;Portail web
CMD-100245;07/03/2024;10/03/2024;02-avr-24;CLI-0209;EMP-508;ENT-SAG;BD-1057;5;24,22;18,80;19,26;Représentant
CMD-101630;19/09/2024;21/09/2024;10-oct-24;CLI-0114;EMP-502;ENT-QC;BD-1066;4;317,06;8,00;199,26;Portail web
CMD-101544;11/09/2024;2024-09-16;25/09/2024;CLI-0209;EMP-508;ENT-SAG;BD-1108;6;220,04;19,50;166,46;Portail web
CMD-100829;2024-05-30;08/06/2024;01/08/2024;CLI-0198;EMP-504;ENT-QC;BD-1103;2;213,54;6,30;151,66;Portail web
CMD-100563;2024-04-25;01/05/2024;;CLI-0210;EMP-503;ENT-QC;BD-1006;3;320,30;4,30;178,72;Représentant
CMD-100220;02-mars-24;09/03/2024;10/04/2024;CLI-0185;EMP-508;ENT-QC;BD-1034;76;194,69;18,00;151,89;Salon
CMD-101020;2024-06-27;03/07/2024;20/08/2024;CLI-0082;EMP-504;ENT-QC;BD-1028;1;217,10;8,20;140,77;Représentant
CMD-101107;15/07/2024;23/07/2024;28/08/2024;CLI-0110;EMP-507;ENT-QC;BD-1025;6;229,10;2,00;146,28;Téléphone
CMD-102146;20/11/2024;2024-11-29;31/12/2024;CLI-0062;EMP-507;ENT-SAG;BD-1148;1;413,05;10,20;296,06;Représentant
CMD-100594;30/04/2024;2024-05-05;22/05/2024;CLI-0166;EMP-503;ENT-QC;BD-1077;4;296,82;13,20;167,57;Téléphone
CMD-102136;19/11/2024;24/11/2024;2024-12-21;CLI-0089;EMP-502;ENT-QC;BD-1130;6;421,59;25,30;317,23;Représentant
CMD-100488;12/04/2024;21/04/2024;2024-05-15;CLI-0199;EMP-504;ENT-SAG;BD-1040;12;370,57;15,90;268,77;Représentant
CMD-100939;2024-06-14;21/06/2024;23/07/2024;CLI-0089;EMP-502;ENT-MTL;BD-1070;5;62,35;18,20;39,88;Téléphone
CMD-100817;29/05/2024;01/06/2024;20/07/2024;CLI-0172;EMP-502;ENT-MTL;BD-1125;8;418,48;4,90;285,25;Téléphone
CMD-101695;26/09/2024;2024-10-03;13/11/2024;CLI-0211;EMP-504;ENT-SAG;BD-1100;1;478,07;10,90;306,44;Représentant
CMD-101576;13/09/2024;19/09/2024;11/10/2024;CLI-0146;EMP-503;ENT-SAG;BD-1037;4;25,72;14,00;16,31;Portail web
CMD-100950;17/06/2024;20/06/2024;21/07/2024;CLI-0197;EMP-507;ENT-MTL;BD-1036;3;235,12;8,40;159,06;Portail web
CMD-101931;23/10/2024;31/10/2024;19/12/2024;CLI-0076;EMP-507;ENT-SAG;BD-1097;2;284,83;22,60;210,05;Représentant
CMD-102120;18/11/2024;2024-11-24;27/12/2024;CLI-0037;EMP-504;ENT-SAG;BD-1141;6;372,41;25,40;307,78;Téléphone
CMD-101196;01/08/2024;05/08/2024;2024-09-02;CLI-0043;EMP-506;ENT-QC;BD-1054;8;395,69;15,10;257,53;Représentant
CMD-100537;2024-04-20;24/04/2024;28/05/2024;CLI-0120;EMP-509;ENT-MTL;BD-1177;2;386,54;5,20;211,22;Portail web
CMD-101113;2024-07-16;23/07/2024;09/09/2024;CLI-0038;EMP-507;ENT-QC;BD-1062;4;151,96;15,40;112,54;Portail web
CMD-100396;01/04/2024;09/04/2024;23/05/2024;CLI-0006;EMP-505;ENT-MTL;BD-1165;1;159,47;13,30;105,70;Téléphone
CMD-101156;2024-07-24;29/07/2024;29/08/2024;CLI-0112;EMP-505;ENT-MTL;BD-1081;3;517,84;12,70;302,82;Représentant
CMD-100098;2024-01-31;02/02/2024;28/02/2024;CLI-0089;EMP-502;ENT-MTL;BD-1153;6;159,35;20,60;113,61; 
CMD-100673;10/05/2024;2024-05-19;17/06/2024;CLI-0101;EMP-509;ENT-SAG;BD-1027;2;448,07;2,20;249,72;Téléphone
CMD-100978;20-juin-24;28/06/2024;05/08/2024;CLI-0123;EMP-501;ENT-MTL;BD-1012;3;105,40;13,40;68,19;Téléphone
CMD-102191;27/11/2024;2024-11-30;24/12/2024;CLI-0130;EMP-508;ENT-QC;BD-1131;9;52,80;21,20;36,32;Représentant
CMD-102137;2024-11-19;26/11/2024;19/12/2024;CLI-0099;EMP-505;ENT-SAG;BD-1080;2;269,31;18,50;173,12;
CMD-100361;2024-03-27;03/04/2024;16/05/2024;CLI-0137;EMP-503;ENT-SAG;BD-1040;4;351,88;20,20;268,77;Représentant
CMD-100834;30/05/2024;2024-06-02;19/06/2024;CLI-0132;EMP-507;ENT-SAG;BD-1021;24;326,05;10,40;201,55;Représentant
CMD-101218;03/08/2024;06/08/2024;28-sept-24;CLI-0091;EMP-504;ENT-SAG;BD-1019;4;276,53;8,10;170,21;Portail web
CMD-101643;20-sept-24;23/09/2024;25/10/2024;CLI-0062;EMP-507;ENT-SAG;BD-1023;12;330,55;12,40;239,29;Portail web
CMD-101360;21/08/2024;28-août-24;27/09/2024;CLI-0074;EMP-507;ENT-SAG;BD-1011;32;424,27;19,20;288,46;Représentant
CMD-100041;11/01/2024;18-janv-24;09/02/2024;CLI-0169;EMP-507;ENT-QC;BD-1040;8;367,70;16,60;268,77;
CMD-100177;21/02/2024;27/02/2024;2024-03-24;CLI-0130;EMP-508;ENT-QC;BD-1080;7;265,93;19,60;173,12;Portail web
CMD-101996;30/10/2024;01/11/2024;23/11/2024;CLI-0080;EMP-506;ENT-SAG;BD-1135;4;62,18;15,20;39,89;Représentant
CMD-102121;18-nov-24;26/11/2024;15/12/2024;CLI-0150;EMP-502;ENT-MTL;BD-1015;6;503,73;5,10;318,69;Représentant
CMD-101099;11/07/2024;20/07/2024;18-août-24;CLI-0184;EMP-503;ENT-QC;BD-1010;4;150,35;7,80;87,08;Portail web
CMD-101854;14/10/2024;18/10/2024;13/11/2024;CLI-0200;EMP-509;ENT-QC;BD-1050;3;452,82;10,20;291,69;Téléphone
CMD-100622;03/05/2024;10/05/2024;2024-05-31;CLI-0090;EMP-505;ENT-SAG;BD-1106;6;476,65;10,20;333,09;Représentant
CMD-100652;07/05/2024;16/05/2024;2024-06-13;CLI-0009;EMP-502;ENT-QC;BD-1053;6;243,31;25,60;176,84;Courriel
CMD-101423;29/08/2024;2024-09-07;04/10/2024;CLI-0158;EMP-507;ENT-QC;BD-1013;12;505,14;2,10;308,85;Téléphone
CMD-100099;31/01/2024;2024-02-09;05/03/2024;cli-0206;EMP-503;ENT-QC;BD-1162;2;113,88;16,90;66,97;Représentant
CMD-101746;02/10/2024;05/10/2024;04-déc-24;CLI-0160;EMP-508;ENT-MTL;BD-1087;2;366,96;4,90;211,22;Téléphone
CMD-100941;14/06/2024;2024-06-19;31/07/2024;CLI-0138;EMP-506;ENT-SAG;BD-1033;2;177,83;5,10;110,89;Courriel
CMD-100009;02/01/2024;11/01/2024;07-févr-24;CLI-0141;EMP-502;ENT-QC;BD-1140;12;55,45;12,70;40,41;Portail web
CMD-101099;11/07/2024;2024-07-20;18/08/2024;CLI-0184;EMP-503;ENT-QC;BD-1010;4;150,35;7,80;87,08;Téléphone
CMD-102242;06/12/2024;10/12/2024;16-janv-25;CLI-0113;EMP-505;ENT-MTL;BD-1080;3;311,85;5,70;173,12;Représentant
CMD-101135;2024-07-20;24/07/2024;08/09/2024;CLI-0139;EMP-506;ENT-SAG;BD-1022;8;386,43;15,00;247,74;Téléphone
CMD-101204;01/08/2024;05/08/2024;21-août-24;CLI-0029;EMP-506;ENT-QC;BD-1017;37;435,99;22,70;307,26;Représentant
CMD-102101;14/11/2024;2024-11-17;06/01/2025;CLI-0142;EMP-508;ENT-MTL;BD-1154;2;497,88;6,90;323,13;Portail web
CMD-100356;26/03/2024;2024-04-02;28/05/2024;CLI-0174;EMP-502;ENT-QC;BD-1098;3;403,58;8,50;257,11;Représentant
CMD-101274;12/08/2024;19/08/2024;14/10/2024;CLI-0148;EMP-501;ENT-QC;BD-1031;2;460,58;11,30;294,44;Téléphone
CMD-101300;2024-08-14;17/08/2024;03/09/2024;CLI-0041;EMP-508;ENT-QC;BD-1005;2;289,20;11,50;204,06;Portail web
CMD-101087;2024-07-08;17/07/2024;17/08/2024;CLI-0012;EMP-501;ENT-QC;BD-1119;9;67,98;26,00;58,44;Représentant
CMD-101468;04/09/2024;08/09/2024;2024-10-15;CLI-0089;EMP-502;ENT-QC;BD-1057;12;24,39;18,30;19,26;Représentant
CMD-100954;2024-06-17;21/06/2024;26/07/2024;CLI-0098;EMP-509;ENT-SAG;BD-1110;8;267,20;5,90;178,91;Représentant
CMD-102314;27/12/2024;2025-01-03;26/02/2025;CLI-0056;EMP-502;ENT-QC;BD-1178;6;165,97;19,20;116,97;Représentant
CMD-101661;24/09/2024;03/10/2024;2024-10-27;CLI-0137;EMP-503;ENT-QC;BD-1121;9;61,60;20,90;43,73;Portail web
CMD-101443;02/09/2024;09/09/2024;13-nov-24;CLI-0099;EMP-505;ENT-SAG;BD-1095;5;79,66;23,20;53,64;Portail web
CMD-100584;29/04/2024;06/05/2024;2024-06-13;CLI-0153;EMP-507;ENT-MTL;BD-1043;4;470,70;10,80;294,10;Représentant
CMD-101616;18/09/2024;20-sept-24;25/10/2024;CLI-0216;EMP-503;ENT-MTL;BD-1094;3;194,47;4,60;121,74;Représentant
CMD-102229;03/12/2024;2024-12-10;24/01/2025;CLI-0056;EMP-502;ENT-QC;BD-1054;8;370,83;20,40;257,53;Téléphone
CMD-101560;12/09/2024;17/09/2024;2024-11-18;CLI-0055;EMP-506;ENT-SAG;BD-1157;2;48,35;7,60;24,69;Représentant
CMD-100655;08/05/2024;10/05/2024;07/07/2024;CLI-0017;EMP-507;ENT-SAG;BD-1021;3;327,30;10,00;201,55;Représentant
CMD-101251;08-août-24;15/08/2024;16/09/2024;CLI-0182;EMP-503;ENT-QC;BD-1006;2;282,77;15,50;178,72;Téléphone
CMD-101942;23-oct-24;01/11/2024;14/12/2024;CLI-0154;EMP-507;ENT-QC;BD-1075;3;84,69;16,00;59,74;Portail web
CMD-102115;16/11/2024;18/11/2024;2024-12-06;CLI-0218;EMP-503;ENT-SAG;BD-1076;8;535,23;4,60;281,11;Représentant
CMD-102276;16/12/2024;25/12/2024;02/02/2025;CLI-0022;EMP-506;ENT-MTL;BD-1159;3;283,16;2,00;166,16;Courriel
CMD-102094;13/11/2024;16/11/2024;26-déc-24;CLI-0089;EMP-502;ENT-QC;BD-1108;7;220,12;19,40;166,46;Courriel
CMD-101447;02/09/2024;04-sept-24;11/10/2024;CLI-0127;EMP-503;ENT-QC;BD-1077;12;286,75;16,10;167,57;Représentant
CMD-100990;24/06/2024;03/07/2024;2024-08-20;CLI-0042;EMP-505;ENT-MTL;BD-1017;3;471,36;16,40;307,26;Représentant
CMD-100873;2024-06-06;14/06/2024;27/06/2024;CLI-0006;EMP-505;ENT-QC;BD-1138;24;126,28;14,30;86,38;Représentant
CMD-100935;14/06/2024;2024-06-17;04/08/2024;CLI-0009;EMP-502;ENT-SAG;BD-1039;2;148,26;25,10;119,66;Portail web
CMD-100343;2024-03-23;30/03/2024;25/04/2024;CLI-0091;EMP-504;ENT-QC;BD-1139;8;326,93;8,90;198,93;Représentant
CMD-100096;2024-01-30;02/02/2024;13/03/2024;CLI-0153;EMP-507;ENT-MTL;BD-1154;3;464,57;13,10;323,13;Portail web
CMD-100730;17/05/2024;2024-05-25;26/06/2024;CLI-0055;EMP-506;ENT-QC;BD-1104;12;103,99;6,00;75,12;Représentant
CMD-101339;19/08/2024;26/08/2024;30-sept-24;CLI-0162;EMP-508;ENT-MTL;BD-1064;6;110,01;12,20;69,43;Représentant
CMD-100477;2024-04-11;18/04/2024;03/06/2024;CLI-0146;EMP-503;ENT-QC;BD-1053;2;274,37;16,10;176,84;Représentant
CMD-100817;29-mai-24;01/06/2024;20/07/2024;CLI-0172;EMP-502;ENT-MTL;BD-1003;4;283,65;4,90;188,61;Représentant
CMD-101595;2024-09-16;18/09/2024;11/10/2024;CLI-0056;EMP-502;ENT-MTL;BD-1054;7;356,49;23,50;257,53;Représentant
CMD-101066;04/07/2024;2024-07-07;24/08/2024;CLI-0218;EMP-503;ENT-SAG;BD-1052;6;298,83;2,70;179,27;Représentant
CMD-100575;26-avr-24;03/05/2024;13/06/2024;CLI-0009;EMP-502;ENT-QC;BD-1098;8;329,14;25,30;257,11;Portail web
CMD-102053;07/11/2024;11/11/2024;2025-01-08;CLI-0217;EMP-506;ENT-QC;BD-1127;10;223,99;25,60;170,72;Téléphone
CMD-101940;2024-10-23;28/10/2024;18/12/2024;CLI-0059;EMP-504;ENT-SAG;BD-1077;50;279,71;18,20;167,57;Portail web
CMD-100638;06/05/2024;08-mai-24;16/06/2024;CLI-0095;EMP-505;ENT-MTL;BD-1176;12;600,32;4,80;322,02;Portail web
CMD-100414;04/04/2024;12-avr-24;25/05/2024;CLI-0061;EMP-503;ENT-MTL;BD-1038;2;460,28;16,60;313,36;Téléphone
CMD-101720;30/09/2024;06-oct-24;27/10/2024;CLI-0017;EMP-507;ENT-QC;BD-1094;4;176,80;13,30;121,74;Courriel
CMD-101299;14/08/2024;18/08/2024;10/10/2024;cli-0154;EMP-507;ENT-QC;BD-1014;2;37,41;16,30;26,62;Représentant
CMD-101017;27/06/2024;04-juil-24;02/08/2024;CLI-0211;EMP-504;ENT-MTL;BD-1023;2;332,51;11,90;239,29;Portail web
CMD-100916;12/06/2024;17/06/2024;16-juil-24;CLI-0139;EMP-506;ENT-QC;BD-1055;8;275,10;16,20;209,35;Portail web
CMD-101990;30/10/2024;04-nov-24;28/11/2024;CLI-0029;EMP-506;ENT-MTL;BD-1078;7;298,73;22,10;197,64;Portail web
CMD-100376;28/03/2024;04/04/2024;15-mai-24;CLI-0217;EMP-506;ENT-MTL;BD-1150;19;494,12;21,10;339,92;Représentant
CMD-101980;29/10/2024;04/11/2024;2024-11-20;CLI-0081;EMP-502;ENT-MTL;BD-1076;3;495,61;11,70;281,11;Courriel
CMD-100018;05/01/2024;2024-01-10;;CLI-0177;EMP-505;ENT-SAG;BD-1149;2;170,48;6,90;108,85;Téléphone
CMD-100715;15/05/2024;2024-05-21;17/06/2024;CLI-0068;EMP-505;ENT-QC;BD-1106;2;516,12;2,70;333,09;Téléphone
CMD-100901;2024-06-10;17/06/2024;07/08/2024;CLI-0188;EMP-506;ENT-QC;BD-1024;8;277,67;16,90;185,46;Salon
CMD-102276;16/12/2024;25/12/2024;02-févr-25;CLI-0022;EMP-506;ENT-MTL;BD-1101;4;106,31;2,00;62,94;Portail web
CMD-101978;29/10/2024;03-nov-24;13/12/2024;CLI-0134;EMP-509;ENT-MTL;BD-1134;12;106,65;3,00;60,50;Téléphone
CMD-101625;2024-09-19;22/09/2024;12/11/2024;CLI-0096;EMP-504;ENT-MTL;BD-1036;2;240,92;6,20;159,06;Représentant
CMD-101940;23/10/2024;28/10/2024;18-déc-24;CLI-0059;EMP-504;ENT-SAG;BD-1089;26;259,02;18,20;157,64;Portail web
CMD-101476;04/09/2024;09/09/2024;2024-11-08;CLI-0130;EMP-508;ENT-QC;BD-1063;33;282,66;23,30;242,15;Portail web
CMD-100236;2024-03-05;12/03/2024;26/03/2024;CLI-0076;EMP-507;ENT-MTL;BD-1090;10;77,76;18,90;57,58;Téléphone
CMD-101454;02/09/2024;2024-09-05;31/10/2024;CLI-0047;EMP-508;ENT-MTL;BD-1021;2;302,49;16,80;201,55;Représentant
CMD-100890;08/06/2024;17-juin-24;31/07/2024;CLI-0056;EMP-502;ENT-MTL;BD-1037;77;23,46;21,60;16,31;Portail web
CMD-102070;11/11/2024;16/11/2024;09/01/2025;CLI-0053;EMP-509;ENT-MTL;BD-1090;1;83,63;12,70;57,58;Téléphone
CMD-101032;28/06/2024;06-juil-24;03/08/2024;CLI-0085;EMP-503;ENT-MTL;BD-1031;6;477,89;8,00;294,44;Représentant
CMD-100989;24-juin-24;26/06/2024;27/07/2024;CLI-0041;EMP-508;ENT-QC;BD-1114;6;217,73;13,80;149,59;Téléphone
CMD-100362;27/03/2024;2024-04-02;30/04/2024;CLI-0037;EMP-504;ENT-QC;BD-1109;2;355,64;22,70;303,82;Représentant
CMD-101398;2024-08-27;05/09/2024;18/09/2024;CLI-0087;EMP-502;ENT-QC;BD-1124;6;227,78;10,70;150,61;Représentant
CMD-100888;2024-06-07;11/06/2024;18/07/2024;CLI-0194;EMP-506;ENT-MTL;BD-1017;12;523,52;7,10;307,26;Représentant
CMD-100224;04/03/2024;12/03/2024;16/04/2024;CLI-0120;EMP-509;ENT-SAG;BD-1023;12;352,67;6,60;239,29;Portail web
CMD-100218;01-mars-24;06/03/2024;29/03/2024;CLI-0135;EMP-506;ENT-MTL;BD-1127;2;266,73;11,50;170,72;Représentant
CMD-101762;03/10/2024;07/10/2024;2024-12-03;CLI-0038;EMP-507;ENT-SAG;BD-1100;4;482,82;10,00;306,44;Représentant
CMD-101353;2024-08-20;29/08/2024;05/10/2024;CLI-0035;EMP-503;ENT-QC;BD-1021;6;322,05;11,50;201,55;Téléphone
CMD-100385;29-mars-24;07/04/2024;12/05/2024;CLI-0083;EMP-507;ENT-MTL;BD-1034;2;221,61;6,70;151,89;Téléphone
CMD-100046;15/01/2024;20/01/2024;08/02/2024;CLI-0037;EMP-504;ENT-MTL;BD-1144;39;143,01;19,90;96,31;Courriel
CMD-100440;08/04/2024;17/04/2024;17-mai-24;CLI-0102;EMP-506;ENT-QC;BD-1060;1;383,21;3,20;241,90;Courriel
CMD-100651;07/05/2024;2024-05-12;12/07/2024;CLI-0090;EMP-505;ENT-QC;BD-1135;3;64,53;12,00;39,89;Téléphone
CMD-100855;03/06/2024;07/06/2024;03-juil-24;CLI-0069;EMP-508;ENT-QC;BD-1017;2;549,50;2,50;307,26;Téléphone
CMD-102301;2024-12-24;29/12/2024;30/01/2025;CLI-0146;EMP-503;ENT-QC;BD-1074;1;163,25;15,90;108,27;Courriel
CMD-101550;11/09/2024;13/09/2024;01/11/2024;CLI-0027;EMP-502;ENT-MTL;BD-1020;6;55,00;4,30;32,44;Téléphone
CMD-101120;17/07/2024;23/07/2024;2024-08-28;CLI-0185;EMP-508;ENT-SAG;BD-1118;6;405,16;18,50;336,11;Portail web
CMD-101407;2024-08-27;29/08/2024;16/09/2024;CLI-0135;EMP-506;ENT-SAG;BD-1030;2;152,69;16,60;98,88;Courriel
CMD-102214;2024-11-29;08/12/2024;05/01/2025;CLI-0054;EMP-507;ENT-QC;BD-1146;2;317,92;15,40;220,88;Téléphone
CMD-101959;2024-10-26;29/10/2024;01/12/2024;CLI-0109;EMP-501;ENT-SAG;BD-1175;1;165,50;2,50;94,86;Représentant
CMD-101223;05-août-24;09/08/2024;18/09/2024;CLI-0195;EMP-506;ENT-SAG;BD-1050;6;428,91;14,90;291,69;Portail web
CMD-100938;14/06/2024;2024-06-18;18/07/2024;CLI-0056;EMP-502;ENT-MTL;BD-1116;9;66,98;24,50;58,93;Représentant
CMD-100530;19/04/2024;28/04/2024;2024-06-02;CLI-0099;EMP-505;ENT-SAG;BD-1164;5;146,10;25,10;98,38;Représentant
CMD-100803;;01/06/2024;28/06/2024;CLI-0185;EMP-508;ENT-MTL;BD-1169;7;435,75;24,40;276,47;Courriel
CMD-101069;04/07/2024;07/07/2024;04/09/2024;CLI-0181;EMP-504;ENT-QC;BD-1013;6;471,80;8,60;308,85;Téléphone
CMD-100778;23/05/2024;26/05/2024;21-juin-24;CLI-0102;EMP-506;ENT-MTL;BD-1114;4;241,74;4,30;149,59;Représentant
CMD-101800;08/10/2024;2024-10-15;;CLI-0034;EMP-507;ENT-MTL;BD-1103;6;201,63;11,50;151,66;Représentant
CMD-102195;28/11/2024;02-déc-24;04/01/2025;CLI-0168;EMP-509;ENT-SAG;BD-1166;3;404,59;2,60;212,88;Téléphone
CMD-101135;20/07/2024;24-juil-24;08/09/2024;CLI-0139;EMP-506;ENT-SAG;BD-1010;6;138,61;15,00;87,08;Représentant
CMD-101846;12-oct-24;19/10/2024;05/12/2024;CLI-0191;EMP-504;ENT-QC;BD-1163;3;539,85;12,00;294,58;Représentant
CMD-100025;2024-01-08;15/01/2024;04/02/2024;CLI-0179;EMP-509;ENT-QC;BD-1123;4;206,55;5,00;129,56;Portail web
CMD-100439;08/04/2024;13/04/2024;15/05/2024;CLI-0074;EMP-507;ENT-MTL;BD-1054;17;375,79;19,30;257,53;Représentant
CMD-101748;2024-10-02;11/10/2024;04/11/2024;CLI-0188;EMP-506;ENT-QC;BD-1166;12;363,09;12,60;212,88;Représentant
CMD-101430;30-août-24;03/09/2024;09/10/2024;CLI-0025;EMP-509;ENT-QC;BD-1060;24;340,14;14,10;241,90;Représentant
CMD-100587;2024-04-29;03/05/2024;04/06/2024;CLI-0099;EMP-505;ENT-MTL;BD-1063;28;286,52;22,20;242,15;Représentant
CMD-100389;01/04/2024;10/04/2024;24/05/2024;CLI-0099;EMP-505;ENT-SAG;BD-1053;6;252,85;22,70;176,84;Représentant
CMD-100709;2024-05-15;21/05/2024;08/06/2024;CLI-0105;EMP-502;ENT-QC;BD-1015;3;502,79;5,30;318,69;Portail web
CMD-100061;2024-01-18;25/01/2024;01/03/2024;CLI-0146;EMP-503;ENT-QC;BD-1137;6;37,38;12,70;25,06;Représentant
CMD-101154;24/07/2024;26/07/2024;2024-08-22;CLI-0119;EMP-503;ENT-QC;BD-1033;3;181,92;2,90;110,89;Représentant
CMD-102321;30-déc-24;04/01/2025;;CLI-0061;EMP-503;ENT-MTL;BD-1088;2;526,82;16,40;335,85;Téléphone
CMD-100042;12/01/2024;21/01/2024;21/02/2024;CLI-0108;EMP-503;ENT-QC;BD-1136;3;177,63;14,40;110,14;Représentant
CMD-100017;05/01/2024;09/01/2024;2024-02-20;CLI-0035;EMP-503;ENT-MTL;BD-1135;2;61,68;15,90;39,89;Portail web
CMD-100674;10-mai-24;18/05/2024;30/06/2024;CLI-0083;EMP-507;ENT-QC;BD-1015;1;487,21;8,30;318,69;Représentant
CMD-100092;29-janv-24;31/01/2024;01/03/2024;CLI-0137;EMP-503;ENT-QC;BD-1129;19;58,05;19,30;45,49;Représentant
CMD-101443;02/09/2024;09-sept-24;13/11/2024;CLI-0099;EMP-505;ENT-SAG;BD-1073;10;345,58;23,20;255,00;Portail web
CMD-101364;21-août-24;30/08/2024;30/09/2024;CLI-0076;EMP-507;ENT-QC;BD-1012;10;95,17;21,80;68,19;Portail web
CMD-101974;28/10/2024;2024-11-05;15/11/2024;CLI-0043;EMP-506;ENT-SAG;BD-1147;2;534,50;10,60;339,78;Représentant
CMD-101683;25-sept-24;28/09/2024;20/10/2024;CLI-0088;EMP-504;ENT-MTL;BD-1045;2;114,10;13,00;76,76;Portail web
CMD-100229;04/03/2024;09/03/2024;2024-04-17;CLI-0153;EMP-507;ENT-MTL;BD-1172;2;367,91;12,10;216,67;Portail web
CMD-101524;10/09/2024;2024-09-18;23/10/2024;CLI-0089;EMP-502;ENT-MTL;BD-1115;12;60,20;19,40;46,26;Portail web
CMD-100191;26/02/2024;28/02/2024;2024-04-28;CLI-0012;EMP-501;ENT-MTL;BD-1011;11;411,11;21,70;288,46;Téléphone
CMD-101891;18/10/2024;2024-10-22;26/11/2024;CLI-0052;EMP-504;ENT-MTL;BD-1131;24;59,52;11,20;36,32;Représentant
CMD-102307;2024-12-25;31/12/2024;19/02/2025;CLI-0026;EMP-506;ENT-QC;BD-1065;12;207,54;16,80;128,81;Téléphone
CMD-101426;29/08/2024;31-août-24;04/10/2024;CLI-0161;EMP-508;ENT-MTL;BD-1160;1;75,28;4,40;40,71;Téléphone
CMD-100210;29-févr-24;09/03/2024;16/04/2024;CLI-0053;EMP-509;ENT-QC;BD-1040;2;376,19;14,60;268,77;Portail web
CMD-100081;25/01/2024;30/01/2024;20/03/2024;CLI-0207;EMP-501;ENT-QC;BD-1145;1;170,14;7,60;108,83;Salon
CMD-101313;2024-08-15;20/08/2024;15/09/2024;CLI-0197;EMP-507;ENT-QC;BD-1070;6;71,34;6,40;39,88;Représentant
CMD-102181;26/11/2024;01/12/2024;05/01/2025;CLI-0059;EMP-504;ENT-SAG;BD-1135;11;55,29;24,60;39,89;Représentant
CMD-102137;19/11/2024;26-nov-24;19/12/2024;CLI-0099;EMP-505;ENT-SAG;BD-1021;6;296,25;18,50;201,55;Représentant
CMD-102270;2024-12-14;17/12/2024;13/01/2025;CLI-0185;EMP-508;ENT-QC;BD-1145;27;141,73;23,00;108,83;Représentant
CMD-101531;2024-09-10;13/09/2024;11/11/2024;CLI-0184;EMP-503;ENT-MTL;BD-1093;1;209,68;6,30;132,18;Représentant
CMD-100873;06-juin-24;14/06/2024;27/06/2024;CLI-0006;EMP-505;ENT-QC;BD-1033;1;160,65;14,30;110,89;Représentant
CMD-100373;28/03/2024;2024-04-02;25/04/2024;CLI-0088;EMP-504;ENT-QC;BD-1160;8;68,25;13,30;40,71;Représentant
CMD-101561;2024-09-12;20/09/2024;18/10/2024;CLI-0037;EMP-504;ENT-SAG;BD-1059;2;391,82;25,70;324,94;Portail web
CMD-101278;12/08/2024;17/08/2024;16-sept-24;CLI-0062;EMP-507;ENT-MTL;BD-1166;12;357,66;13,90;212,88;Portail web
CMD-100097;30/01/2024;02/02/2024;16-mars-24;CLI-0033;EMP-504;ENT-MTL;BD-1156;8;251,51;16,70;161,25;Portail web
CMD-101879;16/10/2024;23/10/2024;15-nov-24;CLI-0128;EMP-502;ENT-QC;BD-1095;2;88,78;14,40;53,64;Téléphone
CMD-101520;10/09/2024;13/09/2024;;CLI-0005;EMP-503;ENT-QC;BD-1061;24;112,79;4,50;75,23;Représentant
CMD-101305;14/08/2024;2024-08-23;15/09/2024;CLI-0057;EMP-507;ENT-SAG;BD-1017;4;501,59;11,00;307,26;Téléphone
CMD-101777;04/10/2024;2024-10-11;02/11/2024;CLI-0180;EMP-509;ENT-MTL;BD-1136;24;202,26;2,60;110,14;Représentant
CMD-100911;2024-06-11;15/06/2024;07/08/2024;CLI-0220;EMP-506;ENT-MTL;BD-1114;12;223,25;11,60;149,59;Représentant
CMD-100446;08/04/2024;14-avr-24;23/04/2024;CLI-0062;EMP-507;ENT-MTL;BD-1103;8;194,01;14,80;151,66;Représentant
CMD-100058;2024-01-17;26/01/2024;21/02/2024;CLI-0053;EMP-509;ENT-QC;BD-1142;4;136,89;16,10;98,85;Représentant
CMD-100815;29/05/2024;02/06/2024;2024-06-18;CLI-0215;EMP-503;ENT-QC;BD-1173;6;379,31;4,90;207,98;Représentant
CMD-101860;15/10/2024;2024-10-23;16/11/2024;CLI-0196;EMP-506;ENT-MTL;BD-1132;12;182,58;8,10;125,81;Représentant
CMD-100959;18/06/2024;2024-06-22;03/08/2024;CLI-0131;EMP-502;ENT-MTL;BD-1061;3;101,71;13,90;75,23;Courriel
CMD-101683;2024-09-25;28/09/2024;20/10/2024;CLI-0088;EMP-504;ENT-MTL;BD-1089;4;275,59;13,00;157,64;Portail web
CMD-100484;2024-04-12;15/04/2024;24/05/2024;CLI-0082;EMP-504;ENT-QC;BD-1110;8;277,91;2,10;178,91;Représentant
CMD-100254;08/03/2024;2024-03-14;25/04/2024;CLI-0158;EMP-507;ENT-QC;BD-1081;24;554,12;6,60;302,82;Représentant
CMD-101266;2024-08-09;13/08/2024;21/09/2024;CLI-0074;EMP-507;ENT-QC;BD-1159;23;214,59;25,70;166,16;Téléphone
CMD-101439;30-août-24;08/09/2024;10/10/2024;CLI-0118;EMP-504;ENT-QC;BD-1056;3;419,71;14,70;287,11;Représentant
CMD-100518;2024-04-18;27/04/2024;02/06/2024;cli-0008;EMP-506;ENT-QC;BD-1050;1;486,98;3,40;291,69;Représentant
CMD-101704;27/09/2024;2024-10-01;23/11/2024;CLI-0124;EMP-509;ENT-QC;BD-1092;2;264,12;6,40;140,04;Représentant
CMD-101987;30/10/2024;2024-11-02;06/12/2024;CLI-0056;EMP-502;ENT-MTL;BD-1131;12;53,19;20,70;36,32;Représentant
CMD-101151;23/07/2024;2024-07-30;23/08/2024;CLI-0003;EMP-508;ENT-QC;BD-1104;1;101,23;8,50;75,12;Portail web
CMD-100265;09/03/2024;11/03/2024;2024-04-11;CLI-0209;EMP-508;ENT-QC;BD-1172;15;337,26;19,40;216,67;Téléphone
CMD-100211;29/02/2024;06/03/2024;26-avr-24;CLI-0207;EMP-501;ENT-QC;BD-1169;6;551,82;4,30;276,47;Représentant
CMD-100865;04/06/2024;09-juin-24;21/07/2024;CLI-0193;EMP-509;ENT-QC;BD-1032;1;485,26;11,40;339,97;Représentant
CMD-100928;2024-06-13;22/06/2024;07/07/2024;CLI-0091;EMP-504;ENT-QC;BD-1124;8;235,64;7,60;150,61;Portail web
CMD-102046;06/11/2024;14/11/2024;2025-01-02;CLI-0204;EMP-506;ENT-QC;BD-1156;2;291,20;3,60;161,25;Portail web
CMD-101045;01-juil-24;05/07/2024;21/07/2024;CLI-0015;EMP-509;ENT-SAG;BD-1112;2;112,41;2,10;65,64;Courriel
CMD-101962;26/10/2024;2024-10-31;12/12/2024;CLI-0216;EMP-503;ENT-MTL;BD-1096;4;282,19;4,70;170,74;Salon
CMD-102284;18/12/2024;21/12/2024;15-janv-25;CLI-0041;EMP-508;ENT-QC;BD-1149;1;156,87;14,30;108,85;Portail web
CMD-100379;29/03/2024;31/03/2024;2024-05-24;CLI-0048;EMP-508;ENT-MTL;BD-1172;8;354,31;15,40;216,67;Téléphone
CMD-101746;02/10/2024;2024-10-05;04/12/2024;CLI-0160;EMP-508;ENT-MTL;BD-1070;4;72,48;4,90;39,88;Courriel
CMD-100907;11/06/2024;20/06/2024;06-juil-24;CLI-0096;EMP-504;ENT-QC;BD-1067;8;39,47;5,10;23,77;Représentant
CMD-100639;06/05/2024;13/05/2024;2024-06-14;CLI-0042;EMP-505;ENT-MTL;BD-1141;6;418,95;16,10;307,78;Portail web
CMD-101251;08/08/2024;15/08/2024;2024-09-16;CLI-0182;EMP-503;ENT-QC;BD-1020;6;48,54;15,50;32,44;Courriel
CMD-101273;12/08/2024;16-août-24;09/09/2024;CLI-0147;EMP-506;ENT-QC;BD-1075;1;97,90;2,80;59,74;Téléphone
CMD-102183;2024-11-27;02/12/2024;18/01/2025;CLI-0086;EMP-502;ENT-MTL;BD-1153;6;186,66;7,00;113,61;Portail web
CMD-101484;2024-09-05;09/09/2024;09/11/2024;CLI-0118;EMP-504;ENT-MTL;BD-1043;6;454,59;13,90;294,10;Représentant
CMD-101318;15/08/2024;2024-08-22;19/09/2024;CLI-0143;EMP-503;ENT-MTL;BD-1137;3;37,07;13,40;25,06;Représentant
CMD-100570;25/04/2024;30/04/2024;07-juin-24;CLI-0031;EMP-509;ENT-MTL;BD-1038;2;489,90;11,20;313,36;Représentant
CMD-102212;29/11/2024;02/12/2024;09-janv-25;CLI-0002;EMP-509;ENT-QC;BD-1100;12;505,49;5,80;306,44;Représentant
CMD-101429;2024-08-30;08/09/2024;09/10/2024;CLI-0089;EMP-502;ENT-QC;BD-1026;11;358,25;18,30;241,74;Portail web
CMD-101991;2024-10-30;02/11/2024;23/12/2024;CLI-0063;EMP-503;ENT-SAG;BD-1173;6;333,61;16,30;207,98;Représentant
CMD-101696;2024-09-27;06/10/2024;30/10/2024;CLI-0139;EMP-506;ENT-MTL;BD-1070;4;64,07;15,90;39,88;Portail web
CMD-100767;22/05/2024;25/05/2024;18-juil-24;CLI-0191;EMP-504;ENT-QC;BD-1164;4;169,48;13,10;98,38;Salon
CMD-101589;14/09/2024;16/09/2024;2024-10-24;CLI-0210;EMP-503;ENT-MTL;BD-1177;12;385,98;5,30;211,22;Représentant
CMD-101781;2024-10-04;08/10/2024;04/12/2024;CLI-0051;EMP-509;ENT-MTL;BD-1151;2;154,63;2,70;90,35;Représentant
CMD-102001;31/10/2024;03/11/2024;2024-11-24;cli-0021;EMP-501;ENT-MTL;BD-1104;4;107,37;3,00;75,12;Représentant
CMD-100799;27/05/2024;01/06/2024;2024-07-24;CLI-0152;EMP-503;ENT-QC;BD-1112;6;107,68;6,30;65,64;Représentant
CMD-100160;16/02/2024;23/02/2024;2024-03-19;CLI-0029;EMP-506;ENT-QC;BD-1004;34;224,00;18,30;155,56;Portail web
CMD-100284;13-mars-24;19/03/2024;21/04/2024;CLI-0212;EMP-507;ENT-MTL;BD-1020;10;44,33;22,90;32,44;Portail web
CMD-101413;28/08/2024;2024-09-04;06/10/2024;CLI-0209;EMP-508;ENT-MTL;BD-1031;73;413,93;20,30;294,44;Représentant
CMD-100459;09/04/2024;16-avr-24;01/06/2024;CLI-0067;EMP-502;ENT-MTL;BD-1044;8;279,06;13,60;195,45;Courriel
CMD-100613;01/05/2024;2024-05-08;25/06/2024;CLI-0106;EMP-501;ENT-QC;BD-1046;12;401,12;16,00;308,91;Portail web
CMD-100115;03/02/2024;12/02/2024;2024-02-23;CLI-0029;EMP-506;ENT-QC;BD-1155;8;444,06;18,00;322,38;Représentant
CMD-100009;02/01/2024;11/01/2024;07/02/2024;CLI-0141;EMP-502;ENT-QC;BD-1181;8;545,35;12,70;305,97;Représentant
CMD-100622;03/05/2024;10/05/2024;2024-05-31;CLI-0090;EMP-505;ENT-SAG;BD-1161;3;121,33;10,20;62,84;Représentant
CMD-100254;08/03/2024;14-mars-24;25/04/2024;CLI-0158;EMP-507;ENT-QC;BD-1111;1;207,02;6,60;145,84;Représentant
CMD-101802;08/10/2024;11/10/2024;2024-11-09;CLI-0212;EMP-507;ENT-SAG;BD-1036;16;196,51;23,50;159,06;Portail web
CMD-100995;24/06/2024;2024-06-30;24/07/2024;CLI-0061;EMP-503;ENT-SAG;BD-1049;2;46,15;15,50;30,58;Représentant
CMD-100552;23/04/2024;27/04/2024;06-juin-24;cli-0148;EMP-501;ENT-SAG;BD-1141;6;443,63;11,10;307,78;Portail web
CMD-102242;06-déc-24;10/12/2024;16/01/2025;CLI-0113;EMP-505;ENT-MTL;BD-1151;3;149,96;5,70;90,35;Téléphone
CMD-101635;19/09/2024;28/09/2024;11-oct-24;CLI-0217;EMP-506;ENT-SAG;BD-1089;17;242,66;23,40;157,64;Représentant
CMD-101605;17/09/2024;20-sept-24;14/11/2024;CLI-0130;EMP-508;ENT-SAG;BD-1066;26;267,28;22,40;199,26;Représentant
CMD-101298;2024-08-14;19/08/2024;01/10/2024;CLI-0199;EMP-504;ENT-QC;BD-1162;8;116,03;15,30;66,97;Représentant
CMD-101094;10/07/2024;14-juil-24;16/08/2024;CLI-0111;EMP-507;ENT-QC;BD-1042;8;417,31;5,40;261,53;Téléphone
CMD-100313;n/d;24/03/2024;22-avr-24;CLI-0146;EMP-503;ENT-MTL;BD-1168;3;340,03;15,00;224,71;Représentant
CMD-100430;05/04/2024;12/04/2024;03-mai-24;CLI-0033;EMP-504;ENT-SAG;BD-1106;2;445,01;16,10;333,09;Téléphone
CMD-100328;20/03/2024;28/03/2024;2024-04-11;CLI-0044;EMP-505;ENT-MTL;BD-1005;2;292,09;10,70;204,06;Portail web
CMD-101126;19/07/2024;24/07/2024;2024-10-01;CLI-0016;EMP-505;ENT-MTL;BD-1050;8;479,89;4,80;291,69;Représentant
CMD-100758;;25/05/2024;03/07/2024;CLI-0124;EMP-509;ENT-MTL;BD-1176;2;588,78;6,60;322,02;Représentant
CMD-100097;30/01/2024;02/02/2024;2024-03-16;CLI-0033;EMP-504;ENT-MTL;BD-1133;6;84,40;16,70;61,66;Portail web
CMD-100638;06/05/2024;2024-05-08;16/06/2024;CLI-0095;EMP-505;ENT-MTL;BD-1149;8;174,36;4,80;108,85;Portail web
CMD-100976;2024-06-20;27/06/2024;30/07/2024;CLI-0074;EMP-507;ENT-SAG;BD-1171;2;121,93;23,00;83,70;Représentant
CMD-101861;2024-10-15;23/10/2024;06/11/2024;CLI-0182;EMP-503;ENT-MTL;BD-1072;1;352,16;11,00;196,62;Téléphone
CMD-100748;20/05/2024;24-mai-24;13/07/2024;CLI-0017;EMP-507;ENT-QC;BD-1110;6;252,16;11,20;178,91;Représentant
CMD-102125;18/11/2024;27/11/2024;2024-12-22;CLI-0175;EMP-505;ENT-MTL;BD-1146;8;342,22;8,90;220,88;Représentant
CMD-102275;16-déc-24;22/12/2024;18/01/2025;CLI-0099;EMP-505;ENT-QC;BD-1172;7;320,97;23,30;216,67;Représentant
CMD-101418;29/08/2024;07/09/2024;2024-10-13;CLI-0208;EMP-507;ENT-MTL;BD-1121;3;66,29;14,80;43,73;Courriel
CMD-101871;00/00/0000;25-oct-24;29/11/2024;CLI-0095;EMP-505;ENT-MTL;BD-1092;1;274,98;2,60;140,04;Téléphone
CMD-101990;30/10/2024;04/11/2024;2024-11-28;CLI-0029;EMP-506;ENT-MTL;BD-1070;9;59,36;22,10;39,88;Représentant
CMD-100222;02/03/2024;2024-03-10;11/04/2024;CLI-0073;EMP-501;ENT-MTL;BD-1027;2;386,00;15,70;249,72;Représentant
CMD-100349;25/03/2024;2024-04-01;11/05/2024;CLI-0173;EMP-508;ENT-SAG;BD-1150;6;533,14;14,80;339,92;Téléphone
CMD-100048;15/01/2024;22/01/2024;15/02/2024;CLI-0092;EMP-508;ENT-MTL;BD-1152;8;454,62;5,50;265,82;Salon
CMD-101412;28-août-24;30/08/2024;16/10/2024;CLI-0074;EMP-507;ENT-SAG;BD-1139;19;275,67;23,20;198,93;Représentant
CMD-101291;2024-08-13;17/08/2024;17/09/2024;CLI-0148;EMP-501;ENT-QC;BD-1179;-6;380,72;11,80;226,59;Représentant
CMD-101752;2024-10-03;07/10/2024;28/10/2024;CLI-0179;EMP-509;ENT-SAG;BD-1002;2;431,94;7,80;292,58;Représentant
CMD-100363;27/03/2024;05-avr-24;09/05/2024;  CLI-0168;EMP-509;ENT-SAG;BD-1172;4;406,80;2,80;216,67;Portail web
CMD-100633;06/05/2024;09/05/2024;2024-06-18;CLI-0099;EMP-505;ENT-QC;BD-1078;2;283,95;25,90;197,64;Représentant
CMD-101222;05/08/2024;11-août-24;11/09/2024;CLI-0168;EMP-509;ENT-QC;BD-1165;8;170,19;7,50;105,70;Représentant
CMD-100572;26/04/2024;04-mai-24;25/05/2024;CLI-0199;EMP-504;ENT-MTL;BD-1061;3;104,27;11,70;75,23;Téléphone
CMD-100966;18-juin-24;26/06/2024;13/08/2024;CLI-0140;EMP-502;ENT-MTL;BD-1105;4;252,72;2,50;166,12;Représentant
CMD-102098;2024-11-14;23/11/2024;04/12/2024;CLI-0196;EMP-506;ENT-MTL;BD-1021;6;351,84;3,30;201,55;Représentant
CMD-100990;24/06/2024;2024-07-03;20/08/2024;CLI-0042;EMP-505;ENT-MTL;BD-1014;3;37,36;16,40;26,62;Représentant
CMD-100495;15/04/2024;18-avr-24;10/06/2024;CLI-0143;EMP-503;ENT-MTL;BD-1134;6;96,49;12,20;60,50;Représentant
CMD-101142;22/07/2024;31/07/2024;2024-08-10;CLI-0009;EMP-502;ENT-MTL;BD-1048;40;41,28;19,40;32,82;Courriel
CMD-101061;03/07/2024;2024-07-09;;CLI-0141;EMP-502;ENT-MTL;BD-1044;6;275,77;14,60;195,45;Portail web
CMD-100874;06/06/2024;2024-06-13;12/08/2024;CLI-0196;EMP-506;ENT-SAG;BD-1120;2;290,38;2,20;182,88;Téléphone
CMD-101967;2024-10-28;02/11/2024;29/11/2024;CLI-0059;EMP-504;ENT-MTL;BD-1142;4;121,54;25,50;98,85;Téléphone
CMD-102310;26/12/2024;2024-12-28;05/01/2025;CLI-0212;EMP-507;ENT-MTL;BD-1172;2;317,50;24,20;216,67;Représentant
CMD-100597;30-avr-24;02/05/2024;06/06/2024;CLI-0212;EMP-507;ENT-MTL;BD-1050;4;395,14;21,60;291,69;Portail web
CMD-100718;2024-05-16;24/05/2024;21/06/2024;CLI-0149;EMP-501;ENT-QC;BD-1021;4;341,60;6,10;201,55;Portail web
CMD-100413;03/04/2024;2024-04-12;30/04/2024;CLI-0011;EMP-507;ENT-QC;BD-1014;8;42,59;4,70;26,62;Téléphone
CMD-101746;2024-10-02;05/10/2024;04/12/2024;CLI-0160;EMP-508;ENT-MTL;BD-1091;6;540,35;4,90;279,07;Représentant
CMD-101403;27/08/2024;2024-09-03;29/10/2024;CLI-0007;EMP-508;ENT-MTL;BD-1050;6;473,89;6,00;291,69;Représentant
CMD-100766;22-mai-24;26/05/2024;20/06/2024;CLI-0185;EMP-508;ENT-SAG;BD-1048;33;41,23;19,50;32,82;Portail web
CMD-100112;02/02/2024;07/02/2024;2024-02-27;CLI-0116;EMP-509;ENT-MTL;BD-1024;3;291,09;12,90;185,46;Portail web
CMD-101903;19/10/2024;2024-10-28;13/11/2024;CLI-0043;EMP-506;ENT-SAG;BD-1095;6;91,41;11,80;53,64;Représentant
CMD-102064;08/11/2024;2024-11-14;07/12/2024;CLI-0083;EMP-507;ENT-QC;BD-1146;4;346,61;7,70;220,88;Représentant
CMD-101388;26/08/2024;2024-08-28;17/10/2024;CLI-0163;EMP-505;ENT-QC;BD-1038;8;537,55;2,60;313,36;Téléphone
CMD-102092;13/11/2024;2024-11-15;26/12/2024;CLI-0037;EMP-504;ENT-QC;BD-1149;8;143,21;21,80;108,85;Portail web
CMD-101846;12/10/2024;19-oct-24;05/12/2024;CLI-0191;EMP-504;ENT-QC;BD-1003;8;262,48;12,00;188,61;Représentant
CMD-100582;29-avr-24;05/05/2024;20/06/2024;CLI-0195;EMP-506;ENT-MTL;BD-1048;3;45,16;11,80;32,82;Représentant
CMD-100006;01/01/2024;08/01/2024;2024-02-06;CLI-0152;EMP-503;ENT-QC;BD-1135;3;70,89;3,30;39,89;Portail web
CMD-100832;30/05/2024;03/06/2024;12-juil-24;CLI-0080;EMP-506;ENT-SAG;BD-1049;2;48,68;10,90;30,58;Représentant
CMD-102001;31-oct-24;03/11/2024;24/11/2024;CLI-0021;EMP-501;ENT-MTL;BD-1089;3;307,16;3,00;157,64;Représentant
CMD-100642;07/05/2024;2024-05-13;14/06/2024;CLI-0089;EMP-502;ENT-SAG;BD-1024;37;248,03;25,80;185,46;Téléphone
CMD-101290;13/08/2024;19/08/2024;20-sept-24;CLI-0044;EMP-505;ENT-QC;BD-1040;2;386,04;12,40;268,77;Portail web
CMD-100624;03-mai-24;10/05/2024;14/06/2024;CLI-0102;EMP-506;ENT-SAG;BD-1158;2;338,28;3,20;180,81;Portail web
CMD-100732;17/05/2024;20/05/2024;2024-06-20;CLI-0174;EMP-502;ENT-QC;BD-1119;2;87,59;4,60;58,44;Téléphone
CMD-100881;07/06/2024;09-juin-24;25/07/2024;CLI-0031;EMP-509;ENT-QC;BD-1021;3;309,97;14,80;201,55;Téléphone
CMD-100711;2024-05-15;20/05/2024;23/06/2024;CLI-0171;EMP-507;ENT-SAG;BD-1089;8;294,30;7,00;157,64;Représentant
CMD-102252;10-déc-24;16/12/2024;22/01/2025;CLI-0066;EMP-507;ENT-QC;BD-1145;6;157,03;14,70;108,83;Salon
CMD-100546;22/04/2024;25/04/2024;2024-06-03;CLI-0009;EMP-502;ENT-MTL;BD-1169;12;459,16;20,40;276,47;Représentant
CMD-101890;17/10/2024;22/10/2024;2024-11-20;CLI-0212;EMP-507;ENT-MTL;BD-1096;12;229,25;22,60;170,74;Représentant
CMD-101501;06/09/2024;11/09/2024;29-oct-24;CLI-0041;EMP-508;ENT-MTL;BD-1051;3;115,42;11,00;78,12;Représentant
CMD-102023;2024-11-01;05/11/2024;11/12/2024;CLI-0059;EMP-504;ENT-SAG;BD-1118;15;382,59;23,00;336,11;Portail web
CMD-101759;03/10/2024;10/10/2024;04-déc-24;CLI-0112;EMP-505;ENT-QC;BD-1094;4;171,39;15,90;121,74;Représentant
CMD-101207;02/08/2024;2024-08-06;25/08/2024;CLI-0130;EMP-508;ENT-MTL;BD-1167;17;298,52;19,60;205,42;Portail web
CMD-100377;2024-03-29;04/04/2024;20/04/2024;CLI-0177;EMP-505;ENT-QC;BD-1168;4;368,27;7,90;224,71;Représentant
CMD-101357;21/08/2024;30-août-24;03/10/2024;CLI-0017;EMP-507;ENT-SAG;BD-1063;12;318,83;13,40;242,15;Salon
CMD-101123;2024-07-18;21/07/2024;10/09/2024;CLI-0059;EMP-504;ENT-QC;BD-1107;39;177,54;19,40;147,44;Représentant
CMD-101277;12/08/2024;14/08/2024;14/09/2024;CLI-0083;EMP-507;ENT-QC;BD-1061;6;112,65;4,60;75,23;Représentant
CMD-102088;2024-11-12;14/11/2024;07/12/2024;CLI-0059;EMP-504;ENT-QC;BD-1082;12;379,93;20,10;278,39;Représentant
CMD-101887;17-oct-24;25/10/2024;29/11/2024;CLI-0199;EMP-504;ENT-SAG;BD-1080;3;278,33;15,80;173,12;Courriel
CMD-102272;14/12/2024;19/12/2024;2025-01-17;CLI-0062;EMP-507;ENT-SAG;BD-1150;4;520,97;16,80;339,92;Représentant
CMD-100613;01/05/2024;08/05/2024;25-juin-24;CLI-0106;EMP-501;ENT-QC;BD-1062;12;151,01;16,00;112,54;Portail web
CMD-101724;30/09/2024;06/10/2024;2024-11-06;CLI-0181;EMP-504;ENT-QC;BD-1072;2;366,91;7,30;196,62;Représentant
CMD-100948;2024-06-17;25/06/2024;15/08/2024;CLI-0053;EMP-509;ENT-MTL;BD-1119;2;76,80;16,40;58,44;Téléphone
CMD-101425;29/08/2024;07/09/2024;29/09/2024;CLI-0038;EMP-507;ENT-MTL;BD-1041;4;213,30;15,90;159,88;Représentant
CMD-101303;14/08/2024;2024-08-19;19/10/2024;CLI-0057;EMP-507;ENT-MTL;BD-1158;4;311,69;10,80;180,81;Courriel
CMD-101767;03/10/2024;2024-10-12;24/10/2024;CLI-0041;EMP-508;ENT-SAG;BD-1179;3;370,57;14,10;226,59;Salon
CMD-101914;2024-10-21;26/10/2024;01/12/2024;CLI-0137;EMP-503;ENT-MTL;BD-1160;13;63,16;19,80;40,71;Représentant
CMD-100562;24/04/2024;02-mai-24;21/05/2024;CLI-0125;EMP-509;ENT-MTL;BD-1049;12;53,26;2,50;30,58;Représentant
CMD-100149;14/02/2024;17/02/2024;10/03/2024;CLI-0125;EMP-509;ENT-SAG;BD-1071;6;515,35;3,40;301,72;Représentant
CMD-101620;18/09/2024;2024-09-23;26/10/2024;CLI-0019;EMP-502;ENT-MTL;BD-1069;2;387,10;2,90;198,50;Portail web
CMD-100694;13/05/2024;20/05/2024;2024-06-20;CLI-0062;EMP-507;ENT-QC;BD-1037;1;26,45;11,60;16,31;Courriel
CMD-102176;26-nov-24;29/11/2024;25/01/2025;CLI-0125;EMP-509;ENT-QC;BD-1112;3;107,87;6,10;65,64;Portail web
CMD-100537;20/04/2024;2024-04-24;28/05/2024;CLI-0120;EMP-509;ENT-MTL;BD-1036;8;243,50;5,20;159,06;Portail web
CMD-100678;10/05/2024;2024-05-17;30/06/2024;CLI-0185;EMP-508;ENT-SAG;BD-1120;5;242,31;18,40;182,88;Téléphone
CMD-100115;03/02/2024;12/02/2024;23-févr-24;CLI-0029;EMP-506;ENT-QC;BD-1094;22;167,06;18,00;121,74;Portail web
CMD-101190;2024-07-31;05/08/2024;17/09/2024;CLI-0056;EMP-502;ENT-MTL;BD-1059;24;420,63;20,20;324,94;Téléphone
CMD-100241;2024-03-06;12/03/2024;12/04/2024;CLI-0007;EMP-508;ENT-QC;BD-1099;6;464,75;6,40;287,66;Portail web
CMD-100923;13-juin-24;20/06/2024;18/08/2024;CLI-0154;EMP-507;ENT-MTL;BD-1056;3;429,10;12,80;287,11;Téléphone
CMD-101380;23/08/2024;28/08/2024;29/09/2024;CLI-0068;EMP-505;ENT-QC;BD-1006;12;326,65;2,40;178,72;Portail web
CMD-101900;18/10/2024;2024-10-23;01/12/2024;CLI-0043;EMP-506;ENT-QC;BD-1177;8;366,69;10,00;211,22;Portail web
CMD-100139;12/02/2024;18/02/2024;2024-03-15;CLI-0130;EMP-508;ENT-QC;BD-1161;1;110,46;18,20;62,84;Portail web
CMD-101153;24/07/2024;30/07/2024;24/08/2024;CLI-0013;EMP-507;ENT-QC;BD-1015;24;499,66;5,90;318,69;Portail web
CMD-100463;10/04/2024;13-avr-24;10/05/2024;CLI-0130;EMP-508;ENT-MTL;BD-1059;7;418,29;20,70;324,94;Portail web
CMD-100888;07/06/2024;11-juin-24;18/07/2024;CLI-0194;EMP-506;ENT-MTL;BD-1178;8;190,64;7,10;116,97;Portail web
CMD-100210;29/02/2024;2024-03-09;16/04/2024;CLI-0053;EMP-509;ENT-QC;BD-1182;2;92,92;14,60;56,87;Portail web
CMD-101162;2024-07-26;30/07/2024;20/09/2024;CLI-0132;EMP-507;ENT-MTL;BD-1052;3;259,97;15,30;179,27;Téléphone
CMD-101518;2024-09-10;12/09/2024;30/10/2024;CLI-0029;EMP-506;ENT-SAG;BD-1167;15;289,92;21,90;205,42;Portail web
CMD-100590;2024-04-30;09/05/2024;20/06/2024;CLI-0030;EMP-501;ENT-MTL;BD-1099;8;480,99;3,10;287,66;Portail web
CMD-100160;16-févr-24;23/02/2024;19/03/2024;CLI-0029;EMP-506;ENT-QC;BD-1098;0;360,30;18,30;257,11;Téléphone
CMD-100613;01/05/2024;08-mai-24;25/06/2024;CLI-0106;EMP-501;ENT-QC;BD-1040;8;370,41;16,00;268,77;Représentant
CMD-100809;28/05/2024;03-juin-24;18/06/2024;CLI-0035;EMP-503;ENT-QC;BD-1037;8;25,91;13,40;16,31;Représentant
CMD-100080;24/01/2024;2024-01-28;14/02/2024;CLI-0167;EMP-506;ENT-SAG;BD-1131;8;61,21;8,70;36,32;Portail web
CMD-100674;10/05/2024;2024-05-18;30/06/2024;CLI-0083;EMP-507;ENT-QC;BD-1155;6;497,15;8,30;322,38;
CMD-101837;11/10/2024;19/10/2024;2024-10-30;CLI-0173;EMP-508;ENT-QC;BD-1077;8;287,54;15,90;167,57;Téléphone
CMD-100817;29/05/2024;01/06/2024;2024-07-20;CLI-0172;EMP-502;ENT-MTL;BD-1103;12;216,69;4,90;151,66;Représentant
CMD-100804;28/05/2024;2024-06-02;23/07/2024;CLI-0135;EMP-506;ENT-MTL;BD-1126;1;171,90;15,10;130,29;Téléphone
CMD-101167;26/07/2024;02/08/2024;21/09/2024;CLI-0029;EMP-506;ENT-QC;BD-1039;5;153,52;22,50;119,66;Portail web
CMD-101791;2024-10-07;12/10/2024;27/10/2024;CLI-0204;EMP-506;ENT-SAG;BD-1175;4;164,64;3,00;94,86;Représentant
CMD-100085;26/01/2024;2024-02-04;21/03/2024;CLI-0148;EMP-501;ENT-QC;BD-1174;1;247,62;16,10;165,53;Téléphone
CMD-101978;29/10/2024;03/11/2024;2024-12-13;CLI-0134;EMP-509;ENT-MTL;BD-1181;4;606,02;3,00;305,97;Portail web
CMD-102200;2024-11-28;30/11/2024;20/01/2025;CLI-0076;EMP-507;ENT-SAG;BD-1061;9;91,88;22,20;75,23;Représentant
CMD-101764;03/10/2024;07-oct-24;10/11/2024;CLI-0135;EMP-506;ENT-MTL;BD-1045;4;117,83;10,10;76,76;Représentant
CMD-100484;12/04/2024;2024-04-15;24/05/2024;  CLI-0082;EMP-504;ENT-QC;BD-1035;3;47,36;2,10;30,00;Portail web
CMD-101434;30/08/2024;05/09/2024;2024-10-08;CLI-0083;EMP-507;ENT-QC;BD-1041;3;241,24;4,80;159,88;Portail web
CMD-101025;28/06/2024;30/06/2024;2024-07-27;CLI-0093;EMP-508;ENT-SAG;BD-1050;8;420,52;16,60;291,69;Portail web
CMD-100977;20/06/2024;2024-06-27;18/08/2024;CLI-0009;EMP-502;ENT-QC;BD-1121;17;60,78;21,90;43,73;Téléphone
CMD-101573;13/09/2024;21-sept-24;17/10/2024;CLI-0127;EMP-503;ENT-SAG;BD-1045;6;113,30;13,60;76,76;Courriel
CMD-100984;2024-06-21;24/06/2024;22/07/2024;CLI-0133;EMP-508;ENT-QC;BD-1115;6;66,72;10,70;46,26;Représentant
CMD-102038;05/11/2024;2024-11-14;03/01/2025;CLI-0056;EMP-502;ENT-QC;BD-1098;16;359,54;18,40;257,11;Représentant
CMD-100644;07-mai-24;13/05/2024;22/06/2024;CLI-0021;EMP-501;ENT-SAG;BD-1056;12;459,76;6,50;287,11;Représentant
CMD-100738;17/05/2024;2024-05-20;21/06/2024;CLI-0143;EMP-503;ENT-QC;BD-1174;24;261,61;11,40;165,53;Représentant
CMD-100081;2024-01-25;30/01/2024;20/03/2024;CLI-0207;EMP-501;ENT-QC;BD-1151;4;146,90;7,60;90,35;Portail web
CMD-101123;18/07/2024;21/07/2024;10/09/2024;CLI-0059;EMP-504;ENT-QC;BD-1051;19;104,52;19,40;78,12;Portail web
CMD-100887;07/06/2024;10/06/2024;2024-07-14;CLI-0157;EMP-502;ENT-MTL;BD-1048;3;42,98;16,10;32,82;Portail web
CMD-100928;13/06/2024;2024-06-22;07/07/2024;CLI-0091;EMP-504;ENT-QC;BD-1051;2;119,85;7,60;78,12;Représentant
CMD-101164;26/07/2024;28-juil-24;18/09/2024;CLI-0026;EMP-506;ENT-SAG;BD-1002;3;417,53;10,90;292,58;Représentant
CMD-100567;25/04/2024;02/05/2024;;CLI-0205;EMP-505;ENT-QC;BD-1022;6;443,26;2,50;247,74;Portail web
CMD-100580;27/04/2024;01-mai-24;30/05/2024;CLI-0130;EMP-508;ENT-MTL;BD-1056;5;387,37;21,20;287,11;Représentant
CMD-100972;19/06/2024;26/06/2024;;CLI-0087;EMP-502;ENT-QC;BD-1168;4;357,81;10,50;224,71;Représentant
CMD-102210;2024-11-29;04/12/2024;;CLI-0195;EMP-506;ENT-QC;BD-1171;12;131,78;16,80;83,70;Représentant
CMD-102257;11/12/2024;15/12/2024;2025-02-17;CLI-0187;EMP-507;ENT-MTL;BD-1154;1;476,61;10,80;323,13;Téléphone
CMD-100196;26/02/2024;2024-03-04;21/03/2024;CLI-0147;EMP-506;ENT-MTL;BD-1136;6;192,01;7,50;110,14;Représentant
CMD-101959;2024-10-26;29/10/2024;01/12/2024;CLI-0109;EMP-501;ENT-SAG;BD-1073;3;438,52;2,50;255,00;Portail web
CMD-101996;30/10/2024;01/11/2024;2024-11-23;CLI-0080;EMP-506;ENT-SAG;BD-1035;1;41,04;15,20;30,00;Courriel
CMD-102050;2024-11-07;10/11/2024;18/12/2024;CLI-0040;EMP-509;ENT-SAG;BD-1070;8;65,93;13,50;39,88;Représentant
CMD-100246;07/03/2024;2024-03-16;27/03/2024;CLI-0127;EMP-503;ENT-MTL;BD-1158;24;313,60;10,30;180,81;Téléphone
CMD-102153;21-nov-24;28/11/2024;;CLI-0041;EMP-508;ENT-MTL;BD-1124;2;225,87;11,40;150,61;Téléphone
CMD-101941;23/10/2024;29-oct-24;30/11/2024;  CLI-0121;EMP-508;ENT-QC;BD-1011;6;452,10;13,90;288,46;Portail web
CMD-102033;05/11/2024;07/11/2024;2024-11-25;CLI-0123;EMP-501;ENT-QC;BD-1145;4;162,58;11,70;108,83;Portail web
CMD-100296;2024-03-15;24/03/2024;19/04/2024;CLI-0117;EMP-504;ENT-MTL;BD-1128;8;134,60;7,10;77,25;Représentant
CMD-101896;18/10/2024;2024-10-23;21/12/2024;CLI-0143;EMP-503;ENT-MTL;BD-1163;8;535,49;12,70;294,58;Portail web
CMD-100960;2024-06-18;24/06/2024;07/07/2024;CLI-0204;EMP-506;ENT-MTL;BD-1023;4;359,16;4,90;239,29;Portail web
CMD-101724;30/09/2024;06/10/2024;2024-11-06;CLI-0181;EMP-504;ENT-QC;BD-1062;12;166,59;7,30;112,54;Courriel
CMD-101860;15/10/2024;23/10/2024;2024-11-16;CLI-0196;EMP-506;ENT-MTL;BD-1156;1;277,72;8,10;161,25;Représentant
CMD-100131;2024-02-08;12/02/2024;10/03/2024;CLI-0166;EMP-503;ENT-MTL;BD-1133;12;85,77;15,40;61,66;Représentant
CMD-101249;08/08/2024;2024-08-16;18/09/2024;CLI-0006;EMP-505;ENT-QC;BD-1140;4;54,44;14,30;40,41;Courriel
CMD-100044;12/01/2024;2024-01-19;18/02/2024;CLI-0038;EMP-507;ENT-QC;BD-1066;8;298,95;13,20;199,26;Courriel
CMD-100316;19/03/2024;21-mars-24;21/04/2024;CLI-0185;EMP-508;ENT-QC;BD-1174;8;237,80;19,40;165,53;Représentant
CMD-102095;13-nov-24;19/11/2024;04/01/2025;CLI-0129;EMP-508;ENT-QC;BD-1073;2;413,12;8,10;255,00;Représentant
CMD-102304;2024-12-25;30/12/2024;11/02/2025;CLI-0035;EMP-503;ENT-MTL;BD-1179;8;382,68;11,30;226,59;Représentant
CMD-100659;08/05/2024;15/05/2024;24/06/2024;CLI-0033;EMP-504;ENT-MTL;BD-1063;3;324,09;12,00;242,15;Représentant
CMD-101525;10-sept-24;19/09/2024;24/10/2024;CLI-0029;EMP-506;ENT-MTL;BD-1172;7;320,71;23,40;216,67;Représentant
CMD-100467;10/04/2024;17-avr-24;28/05/2024;CLI-0181;EMP-504;ENT-MTL;BD-1096;2;277,80;6,20;170,74;Portail web
CMD-100855;03/06/2024;07/06/2024;2024-07-03;CLI-0069;EMP-508;ENT-QC;BD-1039;2;192,96;2,50;119,66;Représentant
CMD-100980;2024-06-20;27/06/2024;13/07/2024;CLI-0048;EMP-508;ENT-MTL;BD-1007;2;92,30;10,70;55,96;Représentant
CMD-101263;09/08/2024;17/08/2024;2024-09-25;CLI-0029;EMP-506;ENT-QC;BD-1169;6;434,71;24,60;276,47;Portail web
CMD-100131;2024-02-08;12/02/2024;10/03/2024;CLI-0166;EMP-503;ENT-MTL;BD-1104;3;93,63;15,40;75,12;Portail web
CMD-100090;29/01/2024;05/02/2024;2024-02-15;CLI-0099;EMP-505;ENT-MTL;BD-1130;11;421,65;25,30;317,23;Représentant
CMD-100887;07/06/2024;10/06/2024;14-juil-24;CLI-0157;EMP-502;ENT-MTL;BD-1160;3;66,11;16,10;40,71;Représentant
CMD-101609;17-sept-24;22/09/2024;23/10/2024;CLI-0164;EMP-509;ENT-QC;BD-1146;3;352,50;6,10;220,88;Représentant
CMD-100726;16/05/2024;21/05/2024;04/07/2024;CLI-0135;EMP-506;ENT-QC;BD-1022;3;379,50;16,50;247,74;Portail web
CMD-101093;10/07/2024;16/07/2024;22-août-24;CLI-0080;EMP-506;ENT-QC;BD-1178;12;177,07;13,80;116,97;Portail web
CMD-101525;10/09/2024;19/09/2024;24/10/2024;CLI-0029;EMP-506;ENT-MTL;BD-1075;6;77,20;23,40;59,74;Salon
CMD-101600;16-sept-24;21/09/2024;23/10/2024;CLI-0146;EMP-503;ENT-QC;BD-1058;8;203,49;16,90;146,46;Représentant
CMD-100279;2024-03-13;20/03/2024;05/04/2024;CLI-0093;EMP-508;ENT-MTL;BD-1135;12;65,32;10,90;39,89;Portail web
CMD-101268;10/08/2024;13/08/2024;2024-09-24;CLI-0196;EMP-506;ENT-SAG;BD-1012;3;118,31;2,80;68,19;Représentant
CMD-101391;26-août-24;28/08/2024;25/10/2024;CLI-0197;EMP-507;ENT-QC;BD-1110;2;270,38;4,80;178,91;Téléphone
CMD-101209;02/08/2024;10/08/2024;12-sept-24;CLI-0149;EMP-501;ENT-QC;BD-1061;12;110,06;6,80;75,23;Portail web
CMD-102100;2024-11-14;17/11/2024;05/12/2024;CLI-0161;EMP-508;ENT-MTL;BD-1053;3;299,41;8,50;176,84;Portail web
CMD-101758;2024-10-03;07/10/2024;14/11/2024;CLI-0143;EMP-503;ENT-QC;BD-1142;2;141,69;13,10;98,85;Portail web
CMD-100855;03/06/2024;07/06/2024;03/07/2024;CLI-0069;EMP-508;ENT-QC;BD-1118;8;484,49;2,50;336,11;Représentant
CMD-100089;27-janv-24;04/02/2024;04/03/2024;CLI-0053;EMP-509;ENT-SAG;BD-1167;8;315,63;15,00;205,42;Téléphone
CMD-100971;2024-06-19;22/06/2024;01/08/2024;CLI-0097;EMP-504;ENT-SAG;BD-1031;4;485,23;6,60;294,44;Téléphone
CMD-102301;24/12/2024;29/12/2024;30/01/2025;CLI-0146;EMP-503;ENT-QC;BD-1154;2;449,43;15,90;323,13;Portail web
CMD-101123;18-juil-24;21/07/2024;10/09/2024;CLI-0059;EMP-504;ENT-QC;BD-1118;3;400,65;19,40;336,11;Représentant
CMD-101718;30-sept-24;05/10/2024;28/10/2024;CLI-0200;EMP-509;ENT-QC;BD-1089;1;274,16;13,40;157,64;Représentant
CMD-102184;27/11/2024;03/12/2024;17-janv-25;CLI-0026;EMP-506;ENT-SAG;BD-1169;2;494,00;14,30;276,47;Téléphone
CMD-101352;20-août-24;25/08/2024;17/09/2024;CLI-0059;EMP-504;ENT-QC;BD-1182;37;81,00;25,60;56,87;Représentant
CMD-101895;2024-10-18;27/10/2024;08/11/2024;CLI-0077;EMP-501;ENT-QC;BD-1098;6;421,52;4,40;257,11;Portail web
CMD-100506;16/04/2024;2024-04-24;;CLI-0203;EMP-503;ENT-MTL;BD-1135;6;68,12;7,10;39,89;Courriel
CMD-101060;03/07/2024;11/07/2024;2024-08-01;CLI-0185;EMP-508;ENT-QC;BD-1058;5;187,09;23,60;146,46;Portail web
CMD-100956;18/06/2024;23/06/2024;16/07/2024;CLI-0074;EMP-507;ENT-MTL;BD-1041;8;191,51;24,50;159,88;Représentant
CMD-100502;2024-04-15;24/04/2024;23/04/2024;CLI-0078;EMP-504;ENT-SAG;BD-1036;12;243,24;5,30;159,06;Représentant
CMD-100888;07/06/2024;11/06/2024;18/07/2024;CLI-0194;EMP-506;ENT-MTL;BD-1059;12;489,69;7,10;324,94;Représentant
CMD-100467;10/04/2024;2024-04-17;28/05/2024;CLI-0181;EMP-504;ENT-MTL;BD-1059;3;494,67;6,20;324,94;Portail web
CMD-100036;10-janv-24;13/01/2024;28/02/2024;CLI-0199;EMP-504;ENT-QC;BD-1182;3;97,17;10,70;56,87;Représentant
CMD-101628;19/09/2024;21/09/2024;27-oct-24;CLI-0019;EMP-502;ENT-MTL;BD-1151;12;147,42;7,30;90,35;Courriel
CMD-100270;11/03/2024;13/03/2024;2024-05-03;CLI-0119;EMP-503;ENT-QC;BD-1120;8;277,33;6,60;182,88;Courriel
CMD-101510;09-sept-24;17/09/2024;14/10/2024;CLI-0060;EMP-508;ENT-SAG;BD-1090;1;87,40;8,80;57,58;Portail web
CMD-101484;05/09/2024;09/09/2024;09/11/2024;CLI-0118;EMP-504;ENT-MTL;BD-1089;6;272,69;13,90;157,64;Représentant
CMD-101584;2024-09-13;20/09/2024;19/10/2024;CLI-0128;EMP-502;ENT-QC;BD-1097;8;317,18;13,80;210,05;Portail web
CMD-100270;11/03/2024;2024-03-13;03/05/2024;CLI-0119;EMP-503;ENT-QC;BD-1171;1;147,91;6,60;83,70;Courriel
CMD-100549;22/04/2024;2024-04-29;30/05/2024;CLI-0136;EMP-507;ENT-QC;BD-1117;2;128,79;13,10;98,28;Téléphone
CMD-100733;17/05/2024;2024-05-24;13/06/2024;CLI-0073;EMP-501;ENT-MTL;BD-1144;2;152,68;14,50;96,31;Représentant
CMD-102103;14/11/2024;16/11/2024;2024-12-20;CLI-0048;EMP-508;ENT-SAG;BD-1016;4;347,10;16,00;219,41;Portail web
CMD-101994;30/10/2024;03-nov-24;26/11/2024;CLI-0097;EMP-504;ENT-MTL;BD-1080;2;305,81;7,50;173,12;Courriel
CMD-101215;02/08/2024;06-août-24;26/09/2024;CLI-0059;EMP-504;ENT-QC;BD-1012;17;98,44;19,10;68,19;Portail web
CMD-102314;27/12/2024;2025-01-03;26/02/2025;CLI-0056;EMP-502;ENT-QC;BD-1100;8;433,74;19,20;306,44;Courriel
CMD-101065;04/07/2024;09/07/2024;12/08/2024;CLI-0114;EMP-502;ENT-MTL;BD-1012;6;113,03;7,10;68,19;Représentant
CMD-101066;04/07/2024;07/07/2024;2024-08-24;CLI-0218;EMP-503;ENT-SAG;BD-1140;2;61,83;2,70;40,41;Téléphone
CMD-102160;22/11/2024;28/11/2024;2024-12-25;CLI-0215;EMP-503;ENT-QC;BD-1132;2;183,09;7,80;125,81;Téléphone
CMD-100210;29/02/2024;09-mars-24;16/04/2024;CLI-0053;EMP-509;ENT-QC;BD-1169;2;492,20;14,60;276,47;Représentant
CMD-100176;21/02/2024;2024-02-24;08/04/2024;CLI-0079;EMP-509;ENT-MTL;BD-1066;3;320,68;6,90;199,26;Représentant
CMD-100055;17/01/2024;22/01/2024;2024-02-21;CLI-0155;EMP-506;ENT-SAG;BD-1147;8;499,16;16,50;339,78;Représentant
CMD-101102;12/07/2024;2024-07-16;19/08/2024;CLI-0043;EMP-506;ENT-QC;BD-1039;3;167,23;15,50;119,66;Représentant
CMD-101941;23/10/2024;2024-10-29;30/11/2024;CLI-0121;EMP-508;ENT-QC;BD-1146;1;323,29;13,90;220,88;Téléphone
CMD-102077;11/11/2024;17/11/2024;21/12/2024;CLI-0099;EMP-505;ENT-MTL;BD-1073;6;354,32;21,20;255,00;Représentant
CMD-100961;18/06/2024;22/06/2024;2024-08-02;CLI-0191;EMP-504;ENT-QC;BD-1007;1;91,99;11,00;55,96;Représentant
CMD-101353;20/08/2024;29/08/2024;2024-10-05;CLI-0035;EMP-503;ENT-QC;BD-1121;3;68,93;11,50;43,73;Représentant
CMD-102174;25/11/2024;03/12/2024;2025-01-23;CLI-0099;EMP-505;ENT-SAG;BD-1079;14;205,60;22,00;144,83;Téléphone
CMD-102138;19/11/2024;24/11/2024;2024-12-29;CLI-0173;EMP-508;ENT-MTL;BD-1083;1;268,30;12,70;157,14;Portail web
CMD-100933;2024-06-14;19/06/2024;24/07/2024;CLI-0012;EMP-501;ENT-MTL;BD-9317;10;303,71;23,30;241,90;Représentant
CMD-102295;20/12/2024;22/12/2024;12-févr-25;CLI-0101;EMP-509;ENT-MTL;BD-1032;6;506,97;7,40;339,97;Représentant
CMD-100984;21/06/2024;24-juin-24;22/07/2024;CLI-0133;EMP-508;ENT-QC;BD-1168;12;357,37;10,70;224,71;Représentant
CMD-100970;19/06/2024;2024-06-28;06/07/2024;CLI-0155;EMP-506;ENT-MTL;BD-1121;4;69,99;10,10;43,73;Portail web
CMD-102111;15/11/2024;23/11/2024;2024-12-27;CLI-0126;EMP-502;ENT-QC;BD-1139;6;312,09;13,00;198,93;Représentant
CMD-100343;23/03/2024;30/03/2024;2024-04-25;CLI-0091;EMP-504;ENT-QC;BD-1167;24;338,32;8,90;205,42;Portail web
CMD-101534;10-sept-24;19/09/2024;02/11/2024;CLI-0072;EMP-501;ENT-QC;BD-1078;3;329,06;14,20;197,64;Téléphone
CMD-101260;09/08/2024;18/08/2024;2024-09-12;CLI-0025;EMP-509;ENT-QC;BD-1163;24;532,39;13,20;294,58;Téléphone
CMD-100255;08/03/2024;2024-03-10;12/04/2024;CLI-0013;EMP-507;ENT-MTL;BD-1162;-6;130,47;4,80;66,97;Téléphone
CMD-102019;01/11/2024;2024-11-08;04/01/2025;CLI-0076;EMP-507;ENT-SAG;BD-1155;65;411,45;24,10;322,38;N/A
CMD-101224;05/08/2024;14-août-24;30/09/2024;CLI-0074;EMP-507;ENT-MTL;BD-1065;6;203,68;18,30;128,81; 
CMD-102269;13/12/2024;17/12/2024;2025-02-08;CLI-0002;EMP-509;ENT-QC;BD-1153;3;193,01;3,80;113,61;Représentant
CMD-101022;2024-06-27;02/07/2024;19/07/2024;CLI-0188;EMP-506;ENT-SAG;BD-1181;1;521,25;16,60;305,97;Représentant
CMD-100796;27/05/2024;2024-06-02;11/06/2024;CLI-0185;EMP-508;ENT-MTL;BD-1046;9;356,62;25,30;308,91;Représentant
CMD-100088;26/01/2024;02/02/2024;2024-03-10;CLI-0139;EMP-506;ENT-QC;BD-1160;4;67,99;13,70;40,71;Portail web
CMD-101855;14/10/2024;19-oct-24;06/11/2024;CLI-0097;EMP-504;ENT-MTL;BD-1156;8;286,12;5,30;161,25;Salon
CMD-100712;15-mai-24;19/05/2024;24/07/2024;CLI-0052;EMP-504;ENT-MTL;BD-1161;2;118,46;12,30;62,84;Courriel
CMD-100119;05/02/2024;13/02/2024;21/02/2024;CLI-0175;EMP-505;ENT-MTL;BD-1177;6;396,44;2,70;211,22;Portail web
CMD-100540;22-avr-24;28/04/2024;03/06/2024;CLI-0211;EMP-504;ENT-MTL;BD-1040;6;373,21;15,30;268,77;Représentant
CMD-101878;16/10/2024;21/10/2024;2024-11-13;CLI-0056;EMP-502;ENT-MTL;BD-1036;12;200,33;22,00;159,06;Représentant
CMD-102125;18/11/2024;27/11/2024;2024-12-22;CLI-0175;EMP-505;ENT-MTL;BD-1173;4;363,27;8,90;207,98;Courriel
CMD-101649;23/09/2024;28-sept-24;11/11/2024;CLI-0209;EMP-508;ENT-SAG;BD-1086;6;106,35;22,80;80,72;Portail web
CMD-101117;17/07/2024;19-juil-24;05/09/2024;CLI-0106;EMP-501;ENT-SAG;BD-1050;24;450,74;10,60;291,69;Salon
CMD-100293;14/03/2024;16/03/2024;;CLI-0187;EMP-507;ENT-MTL;BD-1168;1;351,58;12,10;224,71;Courriel
CMD-101248;07/08/2024;10/08/2024;21-sept-24;CLI-0156;EMP-502;ENT-SAG;BD-1182;1;106,53;2,10;56,87;Représentant
CMD-101844;11-oct-24;19/10/2024;19/10/2024;CLI-0136;EMP-507;ENT-MTL;BD-1144;3;148,70;16,70;96,31;Représentant
CMD-100435;06/04/2024;13/04/2024;2024-05-22;CLI-0178;EMP-501;ENT-MTL;BD-1052;3;294,71;4,00;179,27;Représentant
CMD-101921;22-oct-24;28/10/2024;11/12/2024;CLI-0170;EMP-504;ENT-QC;BD-1130;1;546,55;3,20;317,23;Représentant
CMD-101806;08/10/2024;2024-10-10;10/11/2024;CLI-0035;EMP-503;ENT-QC;BD-1088;12;563,75;10,50;335,85;Portail web
CMD-101343;19/08/2024;23/08/2024;14-oct-24;CLI-0052;EMP-504;ENT-SAG;BD-1169;4;514,52;10,80;276,47;Représentant
CMD-100854;2024-06-03;08/06/2024;11/07/2024;CLI-0117;EMP-504;ENT-MTL;BD-1001;1;312,37;6,80;182,30;Courriel
CMD-101465;03/09/2024;08/09/2024;2024-11-06;CLI-0031;EMP-509;ENT-SAG;BD-1095;3;88,19;14,90;53,64;Représentant
CMD-101928;23/10/2024;01/11/2024;2024-12-10;CLI-0218;EMP-503;ENT-MTL;BD-1096;24;280,05;5,40;170,74;Portail web
CMD-101282;2024-08-12;16/08/2024;18/09/2024;CLI-0218;EMP-503;ENT-MTL;BD-1054;6;443,67;4,80;257,53;Représentant
CMD-100970;19/06/2024;2024-06-28;06/07/2024;CLI-0155;EMP-506;ENT-MTL;BD-1058;6;220,10;10,10;146,46;Représentant
CMD-101796;2024-10-07;11/10/2024;12/11/2024;CLI-0036;EMP-505;ENT-MTL;BD-1106;6;460,77;13,20;333,09;Représentant
CMD-100837;31/05/2024;07/06/2024;22/07/2024;CLI-0146;EMP-503;ENT-MTL;BD-1108;4;230,73;15,50;166,46;Représentant
CMD-101209;02/08/2024;10/08/2024;12/09/2024;CLI-0149;EMP-501;ENT-QC;BD-1047;8;99,31;6,80;70,06;Représentant
CMD-101874;16/10/2024;25/10/2024;2024-11-27;CLI-0040;EMP-509;ENT-QC;BD-1081;3;517,93;12,70;302,82;Téléphone
CMD-100382;29/03/2024;04/04/2024;17/05/2024;CLI-0212;EMP-507;ENT-SAG;BD-1180;14;140,46;25,80;93,34;Représentant
CMD-100962;2024-06-18;25/06/2024;02/08/2024;CLI-0146;EMP-503;ENT-MTL;BD-1160;4;65,43;16,90;40,71;Portail web
CMD-101203;2024-08-01;03/08/2024;19/09/2024;CLI-0121;EMP-508;ENT-QC;BD-1075;8;90,49;10,20;59,74;Téléphone
CMD-100403;02/04/2024;05/04/2024;19/05/2024;CLI-0067;EMP-502;ENT-MTL;BD-1044;4;272,59;15,60;195,45;Représentant
CMD-100290;14/03/2024;22/03/2024;2024-04-17;CLI-0220;EMP-506;ENT-SAG;BD-1172;4;363,11;13,30;216,67;Représentant
CMD-100429;2024-04-05;08/04/2024;08/05/2024;CLI-0178;EMP-501;ENT-QC;BD-1060;24;382,52;3,30;241,90;Téléphone
CMD-102188;27/11/2024;2024-12-05;26/12/2024;  CLI-0195;EMP-506;ENT-QC;BD-1128;4;126,22;12,90;77,25;Portail web
CMD-100013;04/01/2024;12/01/2024;2024-02-11;CLI-0142;EMP-508;ENT-MTL;BD-1138;3;138,67;5,90;86,38;Portail web
CMD-100131;08/02/2024;2024-02-12;10/03/2024;  CLI-0166;EMP-503;ENT-MTL;BD-1165;3;155,70;15,40;105,70;Représentant
CMD-100873;2024-06-06;14/06/2024;27/06/2024;CLI-0006;EMP-505;ENT-QC;BD-1097;3;315,48;14,30;210,05;Représentant
CMD-100045;2024-01-13;21/01/2024;22/01/2024;CLI-0159;EMP-502;ENT-QC;BD-1031;3;507,93;2,20;294,44;Représentant
CMD-102306;25/12/2024;2025-01-03;11/02/2025;CLI-0057;EMP-507;ENT-QC;BD-1147;6;506,20;15,40;339,78;Représentant
CMD-101118;17/07/2024;19/07/2024;15/09/2024;CLI-0212;EMP-507;ENT-SAG;BD-1051;48;104,25;19,60;78,12;Portail web
CMD-101673;25-sept-24;28/09/2024;11/11/2024;CLI-0130;EMP-508;ENT-MTL;BD-1062;25;141,31;21,40;112,54;Courriel
CMD-100801;27/05/2024;2024-05-30;07/07/2024;CLI-0187;EMP-507;ENT-MTL;BD-1012;8;104,06;14,50;68,19;Téléphone
CMD-100179;21/02/2024;28-févr-24;31/03/2024;CLI-0041;EMP-508;ENT-SAG;BD-1069;24;340,97;14,50;198,50;Représentant
CMD-100933;14-juin-24;19/06/2024;24/07/2024;CLI-0012;EMP-501;ENT-MTL;BD-1047;3;81,79;23,30;70,06;Téléphone
CMD-101488;06/09/2024;2024-09-08;16/11/2024;CLI-0217;EMP-506;ENT-QC;BD-1052;6;229,01;25,40;179,27;Portail web
CMD-100823;29/05/2024;02-juin-24;02/07/2024;CLI-0209;EMP-508;ENT-QC;BD-1018;8;349,73;24,80;242,09;Représentant
CMD-100212;29/02/2024;2024-03-06;10/04/2024;CLI-0209;EMP-508;ENT-MTL;BD-1083;5;232,03;24,50;157,14;Représentant
CMD-101412;28/08/2024;30/08/2024;2024-10-16;CLI-0074;EMP-507;ENT-SAG;BD-1041;19;194,82;23,20;159,88;Téléphone
CMD-101742;01/10/2024;05/10/2024;2024-11-11;CLI-0149;EMP-501;ENT-SAG;BD-1095;4;97,48;6,00;53,64;Portail web
CMD-102293;20/12/2024;23/12/2024;29-janv-25;CLI-0003;EMP-508;ENT-SAG;BD-1022;3;444,61;2,20;247,74;Portail web
CMD-101653;23-sept-24;30/09/2024;24/11/2024;CLI-0076;EMP-507;ENT-QC;BD-1098;26;338,45;23,20;257,11;Téléphone
CMD-101225;05-août-24;08/08/2024;;CLI-0067;EMP-502;ENT-QC;BD-1040;3;376,66;14,50;268,77;Représentant
CMD-101956;25/10/2024;29/10/2024;2024-12-07;CLI-0045;EMP-502;ENT-QC;BD-1030;8;163,97;10,40;98,88;Portail web
CMD-100969;19/06/2024;26/06/2024;18-juil-24;CLI-0059;EMP-504;ENT-QC;BD-1029;25;291,40;25,60;238,44;Salon
CMD-100984;2024-06-21;24/06/2024;22/07/2024;CLI-0133;EMP-508;ENT-QC;BD-1056;3;439,43;10,70;287,11;Représentant
CMD-101828;2024-10-11;20/10/2024;20/11/2024;CLI-0017;EMP-507;ENT-MTL;BD-1100;6;457,62;14,70;306,44;Portail web
CMD-101966;28-oct-24;04/11/2024;03/12/2024;CLI-0037;EMP-504;ENT-QC;BD-1146;39;279,40;25,60;220,88;Représentant
CMD-100789;25/05/2024;2024-06-02;09/07/2024;CLI-0179;EMP-509;ENT-QC;BD-1103;6;217,49;4,50;151,66;Représentant
CMD-101470;04/09/2024;2024-09-10;22/09/2024;CLI-0179;EMP-509;ENT-MTL;BD-1071;4;486,48;8,90;301,72;Téléphone
CMD-101557;12/09/2024;2024-09-16;19/10/2024;CLI-0042;EMP-505;ENT-SAG;BD-1041;8;213,47;15,80;159,88;Téléphone
CMD-101225;05/08/2024;08/08/2024;;CLI-0067;EMP-502;ENT-QC;BD-1036;8;219,44;14,50;159,06;Salon
CMD-101219;03-août-24;07/08/2024;23/09/2024;CLI-0162;EMP-508;ENT-SAG;BD-1041;8;216,06;14,80;159,88;Portail web
CMD-100282;13-mars-24;18/03/2024;18/04/2024;CLI-0076;EMP-507;ENT-MTL;BD-1117;4;120,11;18,90;98,28;Représentant
CMD-100026;08/01/2024;16/01/2024;25/02/2024;CLI-0060;EMP-508;ENT-MTL;BD-1151;3;155,55;2,20;90,35;Représentant
CMD-100142;12/02/2024;18/02/2024;04-avr-24;CLI-0137;EMP-503;ENT-QC;BD-1122;6;274,18;19,60;208,30;Représentant
CMD-100710;15/05/2024;24/05/2024;2024-06-24;CLI-0067;EMP-502;ENT-MTL;BD-1159;6;241,29;16,50;166,16;Portail web
CMD-101600;16/09/2024;2024-09-21;23/10/2024;CLI-0146;EMP-503;ENT-QC;BD-1181;6;519,32;16,90;305,97;Représentant
CMD-101707;2024-09-27;02/10/2024;21/12/2024;CLI-0028;EMP-509;ENT-SAG;BD-1030;8;177,95;2,80;98,88;Portail web
CMD-101752;03/10/2024;2024-10-07;28/10/2024;CLI-0179;EMP-509;ENT-SAG;BD-1085;3;61,96;7,80;40,90;Portail web
CMD-101053;02/07/2024;09/07/2024;2024-07-24;CLI-0137;EMP-503;ENT-QC;BD-1014;4;34,36;23,10;26,62;Représentant
CMD-100474;11/04/2024;17/04/2024;;CLI-0147;EMP-506;ENT-QC;BD-1037;2;27,97;6,50;16,31;Portail web
CMD-101430;30/08/2024;03/09/2024;2024-10-09;CLI-0025;EMP-509;ENT-QC;BD-1179;4;370,91;14,10;226,59;Représentant
CMD-101975;2024-10-28;30/10/2024;12/11/2024;CLI-0099;EMP-505;ENT-MTL;BD-1066;14;255,30;25,90;199,26;Salon
CMD-101499;06/09/2024;2024-09-13;10/10/2024;CLI-0002;EMP-509;ENT-MTL;BD-1056;2;450,53;8,40;287,11;Représentant
CMD-101236;06/08/2024;13/08/2024;30-sept-24;CLI-0211;EMP-504;ENT-MTL;BD-1008;6;197,87;15,40;128,94;Portail web
CMD-100148;2024-02-13;22/02/2024;16/03/2024;CLI-0059;EMP-504;ENT-QC;BD-1169;13;429,77;25,50;276,47;Représentant
CMD-100296;2024-03-15;24/03/2024;19/04/2024;CLI-0117;EMP-504;ENT-MTL;BD-1154;3;496,68;7,10;323,13;Téléphone
CMD-101848;12/10/2024;19/10/2024;2024-11-21;CLI-0045;EMP-502;ENT-MTL;BD-1102;8;432,27;10,80;255,33;Courriel
CMD-101906;19/10/2024;27/10/2024;2024-12-18;CLI-0006;EMP-505;ENT-MTL;BD-1085;4;57,17;14,90;40,90;Salon
CMD-100420;04/04/2024;2024-04-13;24/05/2024;CLI-0034;EMP-507;ENT-MTL;BD-1046;24;421,08;11,80;308,91;Représentant
CMD-101625;19/09/2024;22/09/2024;2024-11-12;CLI-0096;EMP-504;ENT-MTL;BD-1045;1;122,97;6,20;76,76;Salon
CMD-100159;2024-02-16;21/02/2024;31/03/2024;CLI-0009;EMP-502;ENT-MTL;BD-1163;20;480,89;21,60;294,58;Portail web
CMD-101695;26/09/2024;03/10/2024;13-nov-24;CLI-0211;EMP-504;ENT-SAG;BD-1068;6;502,47;10,90;284,28;Téléphone
CMD-100241;06/03/2024;12/03/2024;12/04/2024;CLI-0007;EMP-508;ENT-QC;BD-1119;6;85,95;6,40;58,44;Téléphone
CMD-101931;23-oct-24;31/10/2024;19/12/2024;CLI-0076;EMP-507;ENT-SAG;BD-1081;7;459,09;22,60;302,82;Portail web
CMD-101172;29/07/2024;2024-08-07;17/09/2024;CLI-0209;EMP-508;ENT-SAG;BD-1075;18;76,47;24,10;59,74;Portail web
CMD-101770;03/10/2024;2024-10-07;27/11/2024;CLI-0085;EMP-503;ENT-SAG;BD-1081;8;561,34;5,40;302,82;Téléphone
CMD-101406;27/08/2024;2024-09-02;20/09/2024;CLI-0090;EMP-505;ENT-QC;BD-1042;4;371,93;15,70;261,53;Représentant
CMD-101304;2024-08-14;21/08/2024;29/09/2024;CLI-0012;EMP-501;ENT-MTL;BD-1133;10;81,93;19,20;61,66;Téléphone
CMD-101946;24/10/2024;30/10/2024;2024-11-24;CLI-0213;EMP-508;ENT-MTL;BD-1153;3;196,18;2,20;113,61;Représentant
CMD-100277;12-mars-24;17/03/2024;19/04/2024;CLI-0047;EMP-508;ENT-MTL;BD-1136;3;180,82;12,90;110,14;Portail web
CMD-101853;14/10/2024;23-oct-24;11/11/2024;CLI-0127;EMP-503;ENT-MTL;BD-1088;2;555,25;11,80;335,85;Téléphone
CMD-102141;19/11/2024;24/11/2024;10-déc-24;CLI-0109;EMP-501;ENT-QC;BD-1088;12;578,91;8,10;335,85;Portail web
CMD-101240;06/08/2024;09/08/2024;;CLI-0150;EMP-502;ENT-QC;BD-1021;3;333,08;8,40;201,55;Portail web
CMD-101665;24/09/2024;27/09/2024;04/11/2024;CLI-0036;EMP-505;ENT-MTL;BD-1047;24;92,49;13,20;70,06;Représentant
CMD-102202;28-nov-24;05/12/2024;01/01/2025;CLI-0173;EMP-508;ENT-QC;BD-1141;3;432,38;13,40;307,78;Représentant
CMD-100012;03/01/2024;06/01/2024;2024-01-30;CLI-0011;EMP-507;ENT-QC;BD-1125;1;430,00;2,30;285,25;Représentant
CMD-101365;22/08/2024;26/08/2024;2024-10-04;CLI-0013;EMP-507;ENT-MTL;BD-1058;2;235,19;3,90;146,46;Représentant
CMD-100658;08-mai-24;13/05/2024;08/06/2024;CLI-0212;EMP-507;ENT-MTL;BD-1120;8;234,43;21,00;182,88;Représentant
CMD-101950;24-oct-24;30/10/2024;06/12/2024;CLI-0162;EMP-508;ENT-SAG;BD-1046;6;398,51;16,50;308,91;Portail web
CMD-101509;2024-09-09;17/09/2024;18/10/2024;CLI-0130;EMP-508;ENT-QC;BD-1078;7;293,31;23,50;197,64;Portail web
CMD-100428;05/04/2024;2024-04-09;18/05/2024;CLI-0118;EMP-504;ENT-MTL;BD-1041;1;224,20;11,60;159,88;Représentant
CMD-101555;2024-09-11;14/09/2024;30/10/2024;CLI-0037;EMP-504;ENT-MTL;BD-1077;7;258,82;24,30;167,57;Portail web
CMD-102040;06-nov-24;12/11/2024;07/12/2024;CLI-0080;EMP-506;ENT-MTL;BD-1139;3;298,54;16,80;198,93;Représentant
CMD-101175;29/07/2024;2024-08-01;24/09/2024;CLI-0185;EMP-508;ENT-SAG;BD-1041;7;205,16;19,10;159,88;Portail web
CMD-100313;2024-03-19;24/03/2024;22/04/2024;CLI-0146;EMP-503;ENT-MTL;BD-1064;8;106,49;15,00;69,43;Portail web
CMD-100727;16/05/2024;2024-05-21;27/05/2024;CLI-0187;EMP-507;ENT-MTL;BD-1055;2;288,41;12,20;209,35;Représentant
CMD-101033;28/06/2024;03/07/2024;21/08/2024;CLI-0099;EMP-505;ENT-QC;BD-1112;11;86,33;24,80;65,64;Téléphone
CMD-101396;27/08/2024;03/09/2024;2024-10-20;CLI-0087;EMP-502;ENT-MTL;BD-1044;8;288,98;10,50;195,45;Courriel
CMD-102139;2024-11-19;28/11/2024;14/01/2025;CLI-0080;EMP-506;ENT-SAG;BD-1128;6;124,46;14,10;77,25;Portail web
CMD-100514;17/04/2024;2024-04-22;13/06/2024;CLI-0089;EMP-502;ENT-QC;BD-1063;12;292,24;20,70;242,15;Téléphone
CMD-102051;07/11/2024;2024-11-09;05/12/2024;CLI-0219;EMP-505;ENT-MTL;BD-1100;4;508,67;5,20;306,44;Représentant
CMD-100769;2024-05-22;25/05/2024;10/07/2024;CLI-0031;EMP-509;ENT-MTL;BD-1051;6;114,05;12,10;78,12;Représentant
CMD-100832;2024-05-30;03/06/2024;12/07/2024;CLI-0080;EMP-506;ENT-SAG;BD-1119;12;81,81;10,90;58,44;Représentant
CMD-100896;10/06/2024;19/06/2024;2024-07-31;CLI-0166;EMP-503;ENT-QC;BD-1014;3;39,06;12,60;26,62;Portail web
CMD-101139;22-juil-24;27/07/2024;03/09/2024;CLI-0099;EMP-505;ENT-MTL;BD-1038;11;415,44;24,70;313,36;Représentant
CMD-101425;29/08/2024;07/09/2024;2024-09-29;CLI-0038;EMP-507;ENT-MTL;BD-1026;6;368,81;15,90;241,74;Représentant
CMD-101025;28/06/2024;30/06/2024;27/07/2024;CLI-0093;EMP-508;ENT-SAG;BD-1042;1;368,13;16,60;261,53;Portail web
CMD-100899;10/06/2024;14/06/2024;2024-07-06;CLI-0006;EMP-505;ENT-MTL;BD-1015;2;477,88;10,00;318,69;Représentant
CMD-100812;29/05/2024;31/05/2024;2024-06-28;CLI-0001;EMP-508;ENT-QC;BD-1047;3;99,60;6,60;70,06;Courriel
CMD-100702;14/05/2024;23/05/2024;2024-06-25;CLI-0082;EMP-504;ENT-QC;BD-1102;12;446,60;7,90;255,33;Téléphone
CMD-100502;15/04/2024;2024-04-24;23/04/2024;CLI-0078;EMP-504;ENT-SAG;BD-1051;2;122,84;5,30;78,12;Portail web
CMD-100562;24/04/2024;02/05/2024;21/05/2024;CLI-0125;EMP-509;ENT-MTL;BD-1051;2;126,41;2,50;78,12;Téléphone
CMD-102158;21/11/2024;24-nov-24;23/12/2024;CLI-0074;EMP-507;ENT-QC;BD-1067;8;33,70;19,00;23,77;Représentant
CMD-100556;24/04/2024;01/05/2024;2024-05-21;CLI-0112;EMP-505;ENT-QC;BD-1058;12;218,01;11,00;146,46;Représentant
CMD-101478;2024-09-04;13/09/2024;17/10/2024;CLI-0009;EMP-502;ENT-QC;BD-1072;7;299,13;24,40;196,62;Téléphone
CMD-101863;2024-10-15;24/10/2024;02/12/2024;CLI-0072;EMP-501;ENT-QC;BD-1081;3;500,29;15,60;302,82;Téléphone
CMD-101878;16/10/2024;21/10/2024;2024-11-13;CLI-0056;EMP-502;ENT-MTL;BD-1102;3;378,20;22,00;255,33;Courriel
CMD-102267;13-déc-24;15/12/2024;08/01/2025;CLI-0184;EMP-503;ENT-MTL;BD-1141;2;459,13;8,00;307,78;Courriel
CMD-101612;17/09/2024;19-sept-24;03/11/2024;CLI-0195;EMP-506;ENT-MTL;BD-1177;3;340,36;16,50;211,22;Représentant
CMD-101522;10-sept-24;13/09/2024;02/10/2024;CLI-0128;EMP-502;ENT-SAG;BD-1067;6;36,66;11,90;23,77;Représentant
CMD-100762;21-mai-24;27/05/2024;27/06/2024;CLI-0130;EMP-508;ENT-QC;BD-1119;8;71,60;22,00;58,44;Portail web
CMD-101703;27/09/2024;02/10/2024;;CLI-0038 ;EMP-507;ENT-QC;BD-1064;3;107,47;14,20;69,43;Représentant
CMD-101196;2024-08-01;05/08/2024;02/09/2024;CLI-0043;EMP-506;ENT-QC;BD-1045;2;111,32;15,10;76,76;Téléphone
CMD-101167;26/07/2024;02/08/2024;2024-09-21;CLI-0029;EMP-506;ENT-QC;BD-1012;2;94,39;22,50;68,19;Portail web
CMD-100924;13/06/2024;2024-06-21;30/06/2024;CLI-0074;EMP-507;ENT-QC;BD-1024;10;264,22;20,90;185,46;Portail web
CMD-100369;28/03/2024;30/03/2024;17/04/2024;CLI-0150;EMP-502;ENT-QC;BD-1117;12;142,20;4,00;98,28;Représentant
CMD-101447;02/09/2024;2024-09-04;11/10/2024;CLI-0127;EMP-503;ENT-QC;BD-1046;6;400,33;16,10;308,91;Représentant
CMD-102221;02/12/2024;2024-12-04;10/12/2024;CLI-0093;EMP-508;ENT-MTL;BD-1160;6;67,87;13,80;40,71;Représentant
CMD-100020;05/01/2024;12/01/2024;16/02/2024;CLI-0143;EMP-503;ENT-SAG;BD-1060;3;352,66;10,90;241,90;Représentant
CMD-101579;13/09/2024;2024-09-17;15/10/2024;CLI-0012;EMP-501;ENT-MTL;BD-1080;45;270,28;18,30;173,12;Représentant
CMD-100949;2024-06-17;24/06/2024;19/08/2024;CLI-0085;EMP-503;ENT-MTL;BD-1092;24;267,96;5,10;140,04;Représentant
CMD-102131;19/11/2024;28-nov-24;31/12/2024;CLI-0162;EMP-508;ENT-SAG;BD-1133;1;88,26;12,90;61,66;Portail web
CMD-101952;2024-10-25;01/11/2024;10/12/2024;CLI-0137;EMP-503;ENT-QC;BD-1140;11;50,56;20,40;40,41;Portail web
CMD-102156;21/11/2024;25/11/2024;2024-12-19;CLI-0054;EMP-507;ENT-QC;BD-1049;1;46,63;14,70;30,58;Téléphone
CMD-100838;31/05/2024;2024-06-08;26/06/2024;CLI-0130;EMP-508;ENT-MTL;BD-1060;3;309,42;21,80;241,90;Téléphone
CMD-100978;2024-06-20;28/06/2024;05/08/2024;CLI-0123;EMP-501;ENT-MTL;BD-1063;6;318,95;13,40;242,15;Représentant
CMD-100196;2024-02-26;04/03/2024;21/03/2024;CLI-0147;EMP-506;ENT-MTL;BD-1140;2;58,75;7,50;40,41;Représentant
CMD-101738;01/10/2024;2024-10-10;10/11/2024;CLI-0185;EMP-508;ENT-SAG;BD-1155;6;423,94;21,80;322,38;Portail web
CMD-100402;2024-04-02;07/04/2024;17/05/2024;CLI-0029;EMP-506;ENT-QC;BD-1174;5;218,98;25,80;165,53;Portail web
CMD-100415;2024-04-04;10/04/2024;02/05/2024;CLI-0005;EMP-503;ENT-MTL;BD-1125;1;427,47;2,80;285,25;Représentant
CMD-101283;12-août-24;15/08/2024;07/09/2024;CLI-0188;EMP-506;ENT-SAG;BD-1024;6;288,08;13,80;185,46;Représentant
CMD-102190;27/11/2024;01/12/2024;16-déc-24;CLI-0037;EMP-504;ENT-SAG;BD-1130;8;459,00;18,70;317,23;Représentant
CMD-101042;01/07/2024;05/07/2024;26/07/2024;CLI-0033;EMP-504;ENT-MTL;BD-1168;3;336,74;15,80;224,71;Téléphone
CMD-100386;30/03/2024;04-avr-24;21/04/2024;CLI-0212;EMP-507;ENT-MTL;BD-1055;2;243,69;25,80;209,35;Téléphone
CMD-101811;2024-10-09;18/10/2024;20/11/2024;CLI-0063;EMP-503;ENT-MTL;BD-1096;3;257,16;13,20;170,74;Représentant
CMD-102186;2024-11-27;01/12/2024;18/12/2024;CLI-0121;EMP-508;ENT-QC;BD-1092;8;248,12;12,10;140,04;Représentant
CMD-102135;2024-11-19;22/11/2024;15/01/2025;CLI-0214;EMP-508;ENT-MTL;BD-1139;12;329,07;8,30;198,93;Téléphone
CMD-101667;24/09/2024;2024-09-28;19/11/2024;CLI-0139;EMP-506;ENT-QC;BD-1094;8;173,59;14,80;121,74;Téléphone
CMD-100381;29/03/2024;05-avr-24;02/05/2024;CLI-0099;EMP-505;ENT-SAG;BD-1178;65;157,14;23,50;116,97;Représentant
CMD-101933;23/10/2024;30/10/2024;01-déc-24;CLI-0099;EMP-505;ENT-MTL;BD-1014;17;35,49;20,60;26,62;Courriel
CMD-100359;27/03/2024;02/04/2024;09/05/2024;CLI-0097;EMP-504;ENT-QC;BD-1150;12;605,82;3,20;339,92;Téléphone
CMD-101992;30/10/2024;2024-11-07;15/12/2024;CLI-0156;EMP-502;ENT-SAG;BD-1115;12;70,04;6,20;46,26;Représentant
CMD-100828;30/05/2024;08/06/2024;07-juil-24;CLI-0171;EMP-507;ENT-QC;BD-1006;2;313,68;6,30;178,72;Représentant
CMD-102014;01/11/2024;2024-11-05;23/11/2024;CLI-0078;EMP-504;ENT-MTL;BD-1004;24;268,42;2,10;155,56;Représentant
CMD-102266;2024-12-13;16/12/2024;21/01/2025;CLI-0042;EMP-505;ENT-QC;BD-1016;8;357,23;13,60;219,41;Représentant
CMD-101689;26/09/2024;2024-09-29;31/10/2024;CLI-0130;EMP-508;ENT-MTL;BD-1091;11;431,25;24,10;279,07;Représentant
CMD-101032;2024-06-28;06/07/2024;03/08/2024;CLI-0085;EMP-503;ENT-MTL;BD-1133;6;93,27;8,00;61,66;Représentant
CMD-100635;06/05/2024;2024-05-14;;CLI-0006;EMP-505;ENT-SAG;BD-1154;1;470,54;12,00;323,13;Portail web
CMD-101343;2024-08-19;23/08/2024;14/10/2024;CLI-0052;EMP-504;ENT-SAG;BD-1028;4;210,95;10,80;140,77;Courriel
CMD-102153;21/11/2024;28/11/2024;;CLI-0041;EMP-508;ENT-MTL;BD-1077;3;302,86;11,40;167,57;Représentant
CMD-101883;17/10/2024;22/10/2024;2024-12-10;  CLI-0166;EMP-503;ENT-MTL;BD-1156;6;251,37;16,80;161,25;Représentant
CMD-100669;09/05/2024;2024-05-18;;CLI-0045;EMP-502;ENT-MTL;BD-1145;4;158,98;13,70;108,83;Représentant
CMD-100161;16/02/2024;24/02/2024;02-avr-24;CLI-0161;EMP-508;ENT-SAG;BD-1165;3;175,67;4,50;105,70;Salon
CMD-100521;18/04/2024;22/04/2024;16-mai-24;CLI-0061;EMP-503;ENT-QC;BD-1091;3;500,09;12,00;279,07;Représentant
CMD-101648;21-sept-24;25/09/2024;02/11/2024;CLI-0038;EMP-507;ENT-SAG;BD-1182;2;96,03;11,80;56,87;Représentant
CMD-102076;11/11/2024;2024-11-16;06/01/2025;CLI-0208;EMP-507;ENT-QC;BD-1142;3;145,05;11,10;98,85;Courriel
CMD-100670;09/05/2024;14-mai-24;20/06/2024;CLI-0071;EMP-503;ENT-QC;BD-1123;2;201,01;7,60;129,56;Téléphone
CMD-101569;12/09/2024;19/09/2024;2024-10-21;CLI-0012;EMP-501;ENT-SAG;BD-1054;6;380,25;18,40;257,53;Représentant
CMD-101836;11/10/2024;18-oct-24;25/11/2024;CLI-0214;EMP-508;ENT-MTL;BD-1098;24;401,91;8,80;257,11;Représentant
CMD-102279;17/12/2024;25/12/2024;2025-01-17;CLI-0094;EMP-502;ENT-MTL;BD-1076;6;538,72;4,00;281,11;Portail web
CMD-101782;04/10/2024;2024-10-07;23/11/2024;CLI-0027;EMP-502;ENT-MTL;BD-1008;1;217,43;7,00;128,94;Représentant
CMD-100566;25/04/2024;30/04/2024;15-juin-24;CLI-0116;EMP-509;ENT-SAG;BD-1053;3;291570,00;10,90;176,84;Représentant
CMD-100401;02/04/2024;11/04/2024;;CLI-0050;EMP-502;ENT-QC;BD-1104;3;98,99;10,60;75,12;Téléphone
CMD-101149;23/07/2024;25/07/2024;01/09/2024;CLI-0038;EMP-507;ENT-MTL;BD-1125;1;383,34;12,90;285,25;Portail web
CMD-100858;03/06/2024;09-juin-24;23/07/2024;CLI-0169;EMP-507;ENT-QC;BD-1053;8;278,30;14,90;176,84;Représentant
CMD-101992;30/10/2024;07/11/2024;15/12/2024;CLI-0156;EMP-502;ENT-SAG;BD-1098;6;413,51;6,20;257,11;N/A
CMD-102140;19-nov-24;26/11/2024;12/01/2025;CLI-0031;EMP-509;ENT-MTL;BD-1067;2;35,92;13,70;23,77;Représentant
CMD-100927;13/06/2024;17/06/2024;2024-07-16;CLI-0086;EMP-502;ENT-MTL;BD-1118;3;471,76;5,10;336,11;Courriel
CMD-101103;12-juil-24;18/07/2024;20/08/2024;CLI-0139;EMP-506;ENT-QC;BD-1123;4;193,34;11,10;129,56;Représentant
CMD-101054;02/07/2024;2024-07-08;17/08/2024;CLI-0206;EMP-503;ENT-MTL;BD-1174;8;256,20;13,20;165,53;Portail web
CMD-101379;23-août-24;30/08/2024;19/09/2024;CLI-0009;EMP-502;ENT-MTL;BD-1023;77;309,24;18,10;239,29;Représentant
CMD-100624;2024-05-03;10/05/2024;14/06/2024;CLI-0102;EMP-506;ENT-SAG;BD-1011;4;508,35;3,20;288,46;Téléphone
CMD-100327;20-mars-24;22/03/2024;06/05/2024;CLI-0050;EMP-502;ENT-SAG;BD-1038;4;472,77;14,30;313,36;Téléphone
CMD-100811;29-mai-24;07/06/2024;19/07/2024;CLI-0205;EMP-505;ENT-MTL;BD-1125;2;401,08;8,80;285,25;Portail web
CMD-102204;29/11/2024;04/12/2024;07-janv-25;CLI-0133;EMP-508;ENT-QC;BD-1129;12;60,08;16,40;45,49;Téléphone
CMD-102236;2024-12-05;13/12/2024;23/01/2025;CLI-0212;EMP-507;ENT-MTL;BD-1085;1;50,15;25,40;40,90;Représentant
CMD-101904;2024-10-19;25/10/2024;21/11/2024;CLI-0072;EMP-501;ENT-MTL;BD-1092;4;238,59;15,50;140,04;Téléphone
CMD-101777;04/10/2024;11/10/2024;02-nov-24;CLI-0180;EMP-509;ENT-MTL;BD-1162;1;133,52;2,60;66,97;Représentant
CMD-101859;15/10/2024;19-oct-24;24/11/2024;CLI-0019;EMP-502;ENT-QC;BD-1138;6;136,94;7,00;86,38;Portail web
CMD-100848;01/06/2024;06/06/2024;30/06/2024;CLI-0157;EMP-502;ENT-QC;BD-1061;3;102,92;12,90;75,23;Représentant
CMD-100801;27/05/2024;2024-05-30;07/07/2024;CLI-0187;EMP-507;ENT-MTL;BD-1051;1;110,87;14,50;78,12;Courriel
CMD-101353;20/08/2024;29/08/2024;05-oct-24;CLI-0035;EMP-503;ENT-QC;BD-1003;6;264,03;11,50;188,61;Représentant
CMD-101511;09/09/2024;13/09/2024;02-nov-24;CLI-0040;EMP-509;ENT-SAG;BD-1142;8;139,20;14,60;98,85;Portail web
CMD-100600;01/05/2024;2024-05-09;17/06/2024;CLI-0045;EMP-502;ENT-SAG;BD-1159;2;242,47;16,10;166,16;Portail web
CMD-100174;21/02/2024;01/03/2024;20/04/2024;CLI-0212;EMP-507;ENT-MTL;BD-1159;19;229,51;20,60;166,16;Portail web
CMD-100944;15/06/2024;2024-06-20;12/07/2024;CLI-0113;EMP-505;ENT-MTL;BD-1171;6;147,60;6,80;83,70;Représentant
CMD-102026;04/11/2024;10/11/2024;24/12/2024;CLI-0053;EMP-509;ENT-MTL;BD-1131;3;58,51;12,70;36,32;Représentant
CMD-100198;26/02/2024;2024-03-04;08/04/2024;CLI-0074;EMP-507;ENT-QC;BD-1116;20;67,73;23,60;58,93;Téléphone
CMD-100166;17/02/2024;2024-02-25;13/03/2024;CLI-0137;EMP-503;ENT-QC;BD-1098;4;353,76;19,80;257,11;Portail web
CMD-100532;2024-04-19;27/04/2024;13/05/2024;CLI-0123;EMP-501;ENT-MTL;BD-1050;4;443,32;12,10;291,69;Représentant
CMD-102227;03/12/2024;05/12/2024;2025-01-16;CLI-0108;EMP-503;ENT-MTL;BD-1136;12;180,73;13,00;110,14;Téléphone
CMD-101076;05/07/2024;2024-07-08;05/08/2024;CLI-0062;EMP-507;ENT-MTL;BD-9071;1;215,53;16,80;166,12;Représentant
CMD-100538;20-avr-24;23/04/2024;18/06/2024;CLI-0109;EMP-501;ENT-MTL;BD-1052;3;289,35;5,80;179,27;Téléphone
CMD-101159;24/07/2024;01/08/2024;2024-09-14;CLI-0137;EMP-503;ENT-MTL;BD-1103;6;183,33;19,50;151,66;Salon
CMD-101313;15/08/2024;20/08/2024;2024-09-15;CLI-0197;EMP-507;ENT-QC;BD-1133;2;94,93;6,40;61,66;Téléphone
CMD-100980;20/06/2024;2024-06-27;13/07/2024;CLI-0048;EMP-508;ENT-MTL;BD-1044;1;288,56;10,70;195,45;Portail web
CMD-101182;30-juil-24;07/08/2024;25/08/2024;CLI-0099;EMP-505;ENT-QC;BD-1058;3;192,02;21,60;146,46;Portail web
CMD-100338;22/03/2024;2024-03-29;14/04/2024;CLI-0220;EMP-506;ENT-SAG;BD-1019;12;260,20;13,60;170,21;Représentant
CMD-102097;14/11/2024;2024-11-23;19/12/2024;CLI-0037;EMP-504;ENT-SAG;BD-1146;24;297,96;20,70;220,88;Représentant
CMD-102115;16-nov-24;18/11/2024;06/12/2024;CLI-0218;EMP-503;ENT-SAG;BD-1065;2;237,93;4,60;128,81;Représentant
CMD-101899;18/10/2024;27/10/2024;2024-11-28;CLI-0174;EMP-502;ENT-QC;BD-1083;3;292,75;4,70;157,14;Représentant
CMD-101511;09/09/2024;13-sept-24;02/11/2024;CLI-0040;EMP-509;ENT-SAG;BD-1074;8;165,73;14,60;108,27;Représentant
CMD-101551;11/09/2024;2024-09-19;22/10/2024;CLI-0059;EMP-504;ENT-MTL;BD-1069;35;321,46;19,40;198,50;Représentant
CMD-100288;14/03/2024;2024-03-20;25/04/2024;CLI-0156;EMP-502;ENT-QC;BD-1150;8;606,72;3,10;339,92;Représentant
CMD-101522;10/09/2024;2024-09-13;02/10/2024;CLI-0128;EMP-502;ENT-SAG;BD-1158;1;308,01;11,90;180,81;Représentant
CMD-101202;01/08/2024;05/08/2024;2024-08-28;CLI-0127;EMP-503;ENT-MTL;BD-1038;4;482,09;12,60;313,36;Représentant
CMD-101851;14/10/2024;2024-10-17;18/11/2024;CLI-0118;EMP-504;ENT-SAG;BD-1079;4;236,93;10,20;144,83;Portail web
CMD-101586;14/09/2024;23/09/2024;2024-10-23;CLI-0099;EMP-505;ENT-QC;BD-1122;70;268,90;21,20;208,30;Portail web
CMD-100144;12/02/2024;18/02/2024;;CLI-0084;EMP-503;ENT-SAG;BD-1144;2;159,60;10,60;96,31;Salon
CMD-101539;11/09/2024;18/09/2024;21-oct-24;CLI-0208;EMP-507;ENT-QC;BD-1171;8;141,55;10,60;83,70;Courriel
CMD-100580;27/04/2024;2024-05-01;30/05/2024;CLI-0130;EMP-508;ENT-MTL;BD-1043;33;415,67;21,20;294,10;Représentant
CMD-101431;30/08/2024;07/09/2024;13-oct-24;CLI-0099;EMP-505;ENT-MTL;BD-1034;18;176,11;25,90;151,89;Portail web
CMD-102253;10/12/2024;15/12/2024;2025-01-12;CLI-0029;EMP-506;ENT-QC;BD-1140;9;48,38;23,80;40,41;Représentant
CMD-101511;09/09/2024;2024-09-13;02/11/2024;CLI-0040;EMP-509;ENT-SAG;BD-1069;6;340,37;14,60;198,50;Salon
CMD-101292;13/08/2024;21/08/2024;2024-10-03;CLI-0042;EMP-505;ENT-QC;BD-1053;8;280,07;14,40;176,84;Téléphone
CMD-100778;23/05/2024;26/05/2024;2024-06-21;CLI-0102;EMP-506;ENT-MTL;BD-1038;12;528,08;4,30;313,36;
CMD-100003;01/01/2024;2024-01-06;07/02/2024;CLI-0077;EMP-501;ENT-SAG;BD-1044;8;309,26;4,30;195,45;Téléphone
CMD-101994;30/10/2024;03/11/2024;2024-11-26;CLI-0097;EMP-504;ENT-MTL;BD-1072;4;366,05;7,50;196,62;Représentant
CMD-102247;09-déc-24;16/12/2024;04/01/2025;CLI-0082;EMP-504;ENT-MTL;BD-1131;24;65,04;3,00;36,32;Portail web
CMD-101871;2024-10-16;25/10/2024;29/11/2024;CLI-0095;EMP-505;ENT-MTL;BD-1083;4;299,32;2,60;157,14;Représentant
CMD-101896;18/10/2024;23-oct-24;21/12/2024;CLI-0143;EMP-503;ENT-MTL;BD-1174;2;257,69;12,70;165,53;Courriel
CMD-102249;09/12/2024;11/12/2024;04-janv-25;CLI-0144;EMP-502;ENT-MTL;BD-1091;3;478,83;15,70;279,07;Représentant
CMD-101162;26/07/2024;30/07/2024;20/09/2024;CLI-0132;EMP-507;ENT-MTL;BD-1131;3;56,76;15,30;36,32;Téléphone
CMD-101312;15/08/2024;24/08/2024;24-sept-24;CLI-0191;EMP-504;ENT-MTL;BD-1038;2;493,42;10,60;313,36;Représentant
CMD-100703;14/05/2024;2024-05-20;16/06/2024;CLI-0076;EMP-507;ENT-QC;BD-1026;16;324,96;25,90;241,74;Courriel
CMD-101482;04/09/2024;06/09/2024;2024-10-31;CLI-0056;EMP-502;ENT-QC;BD-1131;18;52,47;21,70;36,32;Représentant
CMD-102094;13/11/2024;2024-11-16;26/12/2024;CLI-0089;EMP-502;ENT-QC;BD-1032;5;441,07;19,40;339,97;Représentant
CMD-100813;29/05/2024;2024-06-05;13/07/2024;CLI-0052;EMP-504;ENT-QC;BD-1017;2;487,91;13,50;307,26;Représentant
CMD-101585;13/09/2024;21/09/2024;10/10/2024;CLI-0130;EMP-508;ENT-QC;BD-1075;25;80,98;19,60;59,74;Représentant
CMD-101782;04/10/2024;2024-10-07;23/11/2024;CLI-0027;EMP-502;ENT-MTL;BD-1130;6;524,73;7,00;317,23;Téléphone
CMD-101955;25-oct-24;27/10/2024;09/12/2024;CLI-0020;EMP-508;ENT-QC;BD-1144;1;162,55;8,90;96,31;Représentant
CMD-102197;2024-11-28;07/12/2024;28/12/2024;CLI-0037;EMP-504;ENT-SAG;BD-1067;9;33,68;19,00;23,77;Représentant
CMD-101126;19/07/2024;24/07/2024;01-oct-24;CLI-0016;EMP-505;ENT-MTL;BD-1045;6;124,77;4,80;76,76;Téléphone
CMD-101348;20/08/2024;22/08/2024;2024-09-06;CLI-0176;EMP-503;ENT-MTL;BD-1001;12;313,62;6,40;182,30;Représentant
CMD-102000;31/10/2024;06/11/2024;2024-12-22;CLI-0046;EMP-508;ENT-QC;BD-1153;12;189,34;5,60;113,61;Représentant
CMD-101918;2024-10-21;26/10/2024;11/11/2024;CLI-0137;EMP-503;ENT-QC;BD-1153;8;159,21;20,60;113,61;Portail web
CMD-101218;03/08/2024;06-août-24;28/09/2024;CLI-0091;EMP-504;ENT-SAG;BD-1001;1;307,93;8,10;182,30;Courriel
CMD-100929;13-juin-24;21/06/2024;04/07/2024;CLI-0185;EMP-508;ENT-MTL;BD-1116;10;66,11;25,40;58,93;Portail web
CMD-101348;20/08/2024;22/08/2024;06/09/2024;CLI-0176;EMP-503;ENT-MTL;BD-1036;2;240,23;6,40;159,06;Représentant
CMD-101797;07/10/2024;09/10/2024;29-oct-24;CLI-0034;EMP-507;ENT-QC;BD-1012;12;106,34;12,60;68,19;Représentant
CMD-100106;2024-02-01;03/02/2024;21/02/2024;CLI-0118;EMP-504;ENT-SAG;BD-1160;4;66,74;15,30;40,71;Représentant
CMD-101649;23/09/2024;28/09/2024;2024-11-11;CLI-0209;EMP-508;ENT-SAG;BD-1098;3;340,37;22,80;257,11;Représentant
CMD-100892;10/06/2024;13/06/2024;2024-07-18;CLI-0198;EMP-504;ENT-QC;BD-1037;8;27,97;6,50;16,31;Téléphone
CMD-100274;12/03/2024;16-mars-24;09/05/2024;CLI-0110;EMP-507;ENT-SAG;BD-1008;2;219,81;6,00;128,94;Salon
CMD-101765;03/10/2024;12/10/2024;2024-11-01;CLI-0012;EMP-501;ENT-MTL;BD-1008;4;182,28;22,10;128,94;Portail web
CMD-102069;09/11/2024;17-nov-24;27/12/2024;CLI-0009;EMP-502;ENT-QC;BD-1088;7;492,13;21,90;335,85;Représentant
CMD-100177;21-févr-24;27/02/2024;24/03/2024;CLI-0130;EMP-508;ENT-QC;BD-1095;4;83,39;19,60;53,64;Téléphone
CMD-100996;25/06/2024;03-juil-24;05/09/2024;CLI-0173;EMP-508;ENT-QC;BD-1017;2;501,00;11,10;307,26;Courriel
CMD-100119;05/02/2024;13/02/2024;2024-02-21;CLI-0175;EMP-505;ENT-MTL;BD-1118;12;483,45;2,70;336,11;Représentant
CMD-101166;26/07/2024;29-juil-24;05/09/2024;CLI-0189;EMP-501;ENT-SAG;BD-1119;4;84,90;7,50;58,44;Représentant
CMD-100684;13/05/2024;19/05/2024;2024-06-29;CLI-0139;EMP-506;ENT-SAG;BD-1057;8;24,86;16,70;19,26;Représentant
CMD-100956;18/06/2024;23/06/2024;2024-07-16;CLI-0074;EMP-507;ENT-MTL;BD-1130;6;426,35;24,50;317,23;Téléphone
CMD-100124;2024-02-06;12/02/2024;26/03/2024;CLI-0037;EMP-504;ENT-MTL;BD-1039;11;156,01;21,20;119,66;Représentant
CMD-101732;01/10/2024;2024-10-08;27/10/2024;CLI-0128;EMP-502;ENT-MTL;BD-1066;6;286,77;16,80;199,26;Téléphone
CMD-102280;2024-12-17;24/12/2024;24/01/2025;CLI-0148;EMP-501;ENT-MTL;BD-1177;12;361,31;11,40;211,22;Représentant
CMD-101283;12/08/2024;15/08/2024;07/09/2024;CLI-0188;EMP-506;ENT-SAG;BD-1078;12;330,53;13,80;197,64;Portail web
CMD-100283;13/03/2024;16/03/2024;2024-05-10;CLI-0017;EMP-507;ENT-SAG;BD-1123;2;187,44;13,80;129,56;Téléphone
CMD-102060;08/11/2024;14/11/2024;2025-01-07;CLI-0185;EMP-508;ENT-MTL;BD-1069;21;318,39;20,20;198,50;Représentant
CMD-101857;15/10/2024;19/10/2024;2024-11-10;CLI-0207;EMP-501;ENT-QC;BD-1011;3;496,63;5,40;288,46;Téléphone
CMD-101910;21/10/2024;30/10/2024;13-nov-24;CLI-0169;EMP-507;ENT-MTL;BD-1168;1;337,93;15,50;224,71;Téléphone
CMD-100298;15/03/2024;2024-03-23;06/04/2024;CLI-0082;EMP-504;ENT-MTL;BD-1129;2;66,21;7,90;45,49;Représentant
CMD-101719;30/09/2024;2024-10-04;11/11/2024;CLI-0012;EMP-501;ENT-MTL;BD-1006;6;273,75;18,20;178,72;Représentant
CMD-101977;29/10/2024;2024-11-07;31/12/2024;CLI-0076;EMP-507;ENT-MTL;BD-1100;40;420,80;21,60;306,44;Représentant
CMD-100253;08/03/2024;17/03/2024;30-avr-24;CLI-0029;EMP-506;ENT-SAG;BD-1021;2;291,59;19,80;201,55;Téléphone
CMD-100669;09/05/2024;18/05/2024;;CLI-0045;EMP-502;ENT-MTL;BD-1113;24;368,68;13,70;276,01;Représentant
CMD-101079;06/07/2024;14-juil-24;14/08/2024;CLI-0166;EMP-503;ENT-MTL;BD-1107;1;195,67;11,20;147,44;Portail web
CMD-102276;16/12/2024;25/12/2024;2025-02-02;CLI-0022;EMP-506;ENT-MTL;BD-1098;4;432,01;2,00;257,11;Courriel
CMD-101586;14/09/2024;23/09/2024;2024-10-23;CLI-0099;EMP-505;ENT-QC;BD-1036;8;202,36;21,20;159,06;Téléphone
CMD-100253;08/03/2024;17/03/2024;2024-04-30;CLI-0029;EMP-506;ENT-SAG;BD-1167;20;297,61;19,80;205,42;Portail web
CMD-101647;21/09/2024;28-sept-24;13/11/2024;CLI-0056;EMP-502;ENT-MTL;BD-1115;10;56,21;24,70;46,26;Représentant
CMD-101388;26-août-24;28/08/2024;17/10/2024;CLI-0163;EMP-505;ENT-QC;BD-1049;4;53,23;2,60;30,58;Représentant
CMD-102280;17/12/2024;24-déc-24;24/01/2025;CLI-0148;EMP-501;ENT-MTL;BD-1164;2;172,82;11,40;98,38;Représentant
CMD-100761;2024-05-21;25/05/2024;30/06/2024;CLI-0012;EMP-501;ENT-QC;BD-1125;6;346,71;21,20;285,25;Représentant
CMD-101094;2024-07-10;14/07/2024;16/08/2024;CLI-0111;EMP-507;ENT-QC;BD-1010;2;154,14;5,40;87,08;Représentant
CMD-101267;09/08/2024;18/08/2024;24/09/2024;CLI-0199;EMP-504;ENT-QC;BD-1024;6;288,96;13,50;185,46;Représentant
CMD-101077;05/07/2024;12/07/2024;2024-08-18;CLI-0012;EMP-501;ENT-SAG;BD-1101;64;83,89;22,70;62,94;Portail web
CMD-100687;2024-05-13;19/05/2024;19/06/2024;CLI-0157;EMP-502;ENT-SAG;BD-1026;1;388,83;11,30;241,74;Téléphone
CMD-101475;04/09/2024;06/09/2024;27/09/2024;CLI-0212;EMP-507;ENT-MTL;BD-1065;20;186,46;25,20;128,81;Représentant
CMD-100732;17/05/2024;20/05/2024;2024-06-20;CLI-0174;EMP-502;ENT-QC;BD-1145;4;175,66;4,60;108,83;Téléphone
CMD-100879;2024-06-07;15/06/2024;12/07/2024;CLI-0001;EMP-508;ENT-QC;BD-1054;4;428,00;8,10;257,53;Téléphone
CMD-100914;12/06/2024;15-juin-24;12/07/2024;CLI-0079;EMP-509;ENT-MTL;BD-1026;1;413,58;5,60;241,74;Représentant
CMD-100013;2024-01-04;12/01/2024;11/02/2024;CLI-0142;EMP-508;ENT-MTL;BD-1070;8;71,73;5,90;39,88;Représentant
CMD-100522;18/04/2024;2024-04-25;26/05/2024;CLI-0176;EMP-503;ENT-MTL;BD-1032;4;515,17;5,90;339,97;Représentant
CMD-101688;26/09/2024;02/10/2024;2024-10-07;CLI-0217;EMP-506;ENT-MTL;BD-1066;71;265,06;23,10;199,26;Courriel
CMD-101526;10/09/2024;16/09/2024;2024-10-22;CLI-0029;EMP-506;ENT-QC;BD-1171;9;118,31;25,30;83,70;Représentant
CMD-100497;15-avr-24;20/04/2024;10/06/2024;CLI-0009;EMP-502;ENT-SAG;BD-1045;3;99,73;23,90;76,76;Téléphone
CMD-100548;22/04/2024;30/04/2024;01/06/2024;CLI-0007;EMP-508;ENT-MTL;BD-1042;6;415,12;5,90;261,53;Téléphone
CMD-100886;07-juin-24;09/06/2024;02/07/2024;CLI-0130;EMP-508;ENT-QC;BD-1061;12;89,19;24,50;75,23;Portail web
CMD-100702;2024-05-14;23/05/2024;25/06/2024;CLI-0082;EMP-504;ENT-QC;BD-1172;3;385,63;7,90;216,67;Courriel
CMD-101724;30-sept-24;06/10/2024;06/11/2024;CLI-0181;EMP-504;ENT-QC;BD-1037;2;27,74;7,30;16,31;Téléphone
CMD-102121;2024-11-18;26/11/2024;15/12/2024;CLI-0150;EMP-502;ENT-MTL;BD-1069;8;378,27;5,10;198,50;Portail web
CMD-101732;01/10/2024;08-oct-24;27/10/2024;CLI-0128;EMP-502;ENT-MTL;BD-1127;4;250,80;16,80;170,72;Téléphone
CMD-101304;2024-08-14;21/08/2024;29/09/2024;CLI-0012;EMP-501;ENT-MTL;BD-1165;29;148,73;19,20;105,70;Portail web
CMD-101482;04/09/2024;2024-09-06;31/10/2024;CLI-0056;EMP-502;ENT-QC;BD-1077;17;267,59;21,70;167,57;Portail web
CMD-102082;12/11/2024;2024-11-16;18/01/2025;CLI-0121;EMP-508;ENT-QC;BD-1129;2;60,66;15,60;45,49;Représentant
CMD-102108;15/11/2024;23/11/2024;2024-12-19;CLI-0152;EMP-503;ENT-QC;BD-1131;4;61,51;8,20;36,32;Représentant
CMD-100911;11-juin-24;15/06/2024;07/08/2024;CLI-0220;EMP-506;ENT-MTL;BD-1031;2;459,10;11,60;294,44;Portail web
CMD-100365;2024-03-27;31/03/2024;;CLI-0198;EMP-504;ENT-QC;BD-1129;4;67,79;5,70;45,49;Téléphone
CMD-100002;01/01/2024;09/01/2024;2024-03-02;CLI-0073;EMP-501;ENT-QC;BD-1105;4;221,44;14,50;166,12;Téléphone
CMD-101357;21/08/2024;30/08/2024;2024-10-03;CLI-0017;EMP-507;ENT-SAG;BD-1029;12;339,19;13,40;238,44;Représentant
CMD-100296;15/03/2024;24/03/2024;19/04/2024;CLI-0117;EMP-504;ENT-MTL;BD-1149;1;170,16;7,10;108,85;Représentant
CMD-101179;30-juil-24;07/08/2024;03/09/2024;CLI-0212;EMP-507;ENT-QC;BD-1027;10;359,23;21,60;249,72;Portail web
CMD-102070;2024-11-11;16/11/2024;09/01/2025;CLI-0053;EMP-509;ENT-MTL;BD-1148;2;401,26;12,70;296,06;Téléphone
CMD-100207;28/02/2024;2024-03-02;11/04/2024;CLI-0211;EMP-504;ENT-SAG;BD-1058;4;217,63;11,10;146,46;Représentant
CMD-100019;05-janv-24;11/01/2024;08/03/2024;CLI-0037;EMP-504;ENT-QC;BD-1121;12;58,25;25,20;43,73;Représentant
CMD-100932;14/06/2024;2024-06-18;08/07/2024;CLI-0073;EMP-501;ENT-QC;BD-1099;4;412,46;16,90;287,66;Courriel
CMD-100099;31/01/2024;09/02/2024;2024-03-05;CLI-0206;EMP-503;ENT-QC;BD-1153;6;166,70;16,90;113,61;Portail web
CMD-100143;2024-02-12;16/02/2024;26/03/2024;CLI-0124;EMP-509;ENT-MTL;BD-1171;12;147,96;6,50;83,70;Représentant
CMD-100788;24-mai-24;01/06/2024;13/07/2024;CLI-0089;EMP-502;ENT-QC;BD-1128;7;109,18;24,60;77,25;Téléphone
CMD-101480;04/09/2024;11-sept-24;14/10/2024;CLI-0012;EMP-501;ENT-QC;BD-1133;16;76,75;24,30;61,66;Représentant
CMD-101310;15/08/2024;18-août-24;17/09/2024;CLI-0040;EMP-509;ENT-MTL;BD-1158;2;303,17;13,30;180,81;Portail web
CMD-101707;27/09/2024;02-oct-24;21/12/2024;CLI-0028;EMP-509;ENT-SAG;BD-1095;3;100,79;2,80;53,64;Représentant
CMD-100691;13/05/2024;16/05/2024;09/06/2024;CLI-0148;EMP-501;ENT-SAG;BD-1176;6;533,10;15,40;322,02;Représentant
CMD-102117;2024-11-16;25/11/2024;19/12/2024;CLI-0137;EMP-503;ENT-SAG;BD-1146;7;289,18;23,00;220,88;Représentant
CMD-102245;09/12/2024;17/12/2024;04-janv-25;CLI-0099;EMP-505;ENT-QC;BD-1085;14;52,47;21,90;40,90;Représentant
CMD-102288;18/12/2024;20/12/2024;2025-02-14;CLI-0132;EMP-507;ENT-SAG;BD-1128;2;123,50;14,70;77,25;Représentant
CMD-100130;08/02/2024;11/02/2024;19-mars-24;CLI-0093;EMP-508;ENT-QC;BD-1167;12;315,95;14,90;205,42;Portail web
CMD-101600;2024-09-16;21/09/2024;23/10/2024;CLI-0146;EMP-503;ENT-QC;BD-1074;12;161,38;16,90;108,27;Courriel
CMD-102219;02/12/2024;05-déc-24;15/01/2025;CLI-0071;EMP-503;ENT-SAG;BD-1089;24;297,55;6,00;157,64;Représentant
CMD-100355;26/03/2024;29/03/2024;2024-05-08;CLI-0004;EMP-505;ENT-QC;BD-1091;2;518,35;8,70;279,07;Téléphone
CMD-101038;2024-06-29;06/07/2024;16/08/2024;CLI-0072;EMP-501;ENT-QC;BD-1120;12;260,55;12,20;182,88;Portail web
CMD-102083;12/11/2024;2024-11-17;09/12/2024;CLI-0099;EMP-505;ENT-MTL;BD-1153;6;157,88;21,30;113,61;Représentant
CMD-101017;2024-06-27;04/07/2024;02/08/2024;CLI-0211;EMP-504;ENT-MTL;BD-1110;4;250,10;11,90;178,91;Représentant
CMD-100281;2024-03-13;18/03/2024;29/03/2024;CLI-0162;EMP-508;ENT-QC;BD-1172;6;361,36;13,70;216,67;Téléphone
CMD-101647;21/09/2024;2024-09-28;13/11/2024;CLI-0056;EMP-502;ENT-MTL;BD-1064;35;94,29;24,70;69,43;Portail web
CMD-100777;23/05/2024;31/05/2024;06/07/2024;CLI-0176 ;EMP-503;ENT-QC;BD-1050;1;483,99;4,00;291,69;Courriel
CMD-100190;26/02/2024;29-févr-24;28/04/2024;CLI-0009;EMP-502;ENT-MTL;BD-1168;2;317,86;20,50;224,71;Portail web
CMD-101504;07/09/2024;16-sept-24;04/10/2024;CLI-0130;EMP-508;ENT-QC;BD-1041;7;204,96;19,10;159,88;Courriel
CMD-101494;06/09/2024;10/09/2024;05-oct-24;CLI-0105;EMP-502;ENT-SAG;BD-1091;1;518,26;8,80;279,07;Courriel
CMD-101069;04/07/2024;07/07/2024;2024-09-04;CLI-0181;EMP-504;ENT-QC;BD-1141;3;456,26;8,60;307,78;Représentant
CMD-100328;20/03/2024;2024-03-28;11/04/2024;  CLI-0044;EMP-505;ENT-MTL;BD-1140;2;56,75;10,70;40,41;Courriel
CMD-101429;30/08/2024;08-sept-24;09/10/2024;CLI-0089;EMP-502;ENT-QC;BD-1033;8;153,14;18,30;110,89;Téléphone
CMD-100709;2024-05-15;21/05/2024;08/06/2024;CLI-0105;EMP-502;ENT-QC;BD-1019;6;285,02;5,30;170,21;Téléphone
CMD-101107;15-juil-24;23/07/2024;28/08/2024;CLI-0110;EMP-507;ENT-QC;BD-1006;-2;328,01;2,00;178,72;Courriel
CMD-100862;04/06/2024;13/06/2024;27/07/2024;CLI-0194;EMP-506;ENT-QC;BD-1064;8;121,86;2,70;69,43;Représentant
CMD-101740;2024-10-01;05/10/2024;31/10/2024;CLI-0143;EMP-503;ENT-QC;BD-1090;6;83,53;12,90;57,58;Téléphone
CMD-100745;20/05/2024;26/05/2024;09/07/2024;CLI-0059;EMP-504;ENT-QC;BD-1019;17;225,07;25,20;170,21;Salon
CMD-101850;2024-10-14;19/10/2024;06/11/2024;CLI-0070;EMP-503;ENT-MTL;BD-1149;8;176,42;3,70;108,85;Portail web
CMD-101352;20/08/2024;25/08/2024;17/09/2024;CLI-0059;EMP-504;ENT-QC;BD-1135;39;54,54;25,60;39,89;Représentant
CMD-101144;22/07/2024;27-juil-24;04/09/2024;CLI-0040;EMP-509;ENT-QC;BD-1131;2;59,59;11,10;36,32;Représentant
CMD-100591;30/04/2024;06/05/2024;2024-06-15;  CLI-0059;EMP-504;ENT-SAG;BD-1058;6;190,94;22,00;146,46;Téléphone
CMD-100273;12/03/2024;2024-03-20;10/05/2024;CLI-0073;EMP-501;ENT-MTL;BD-1181;24;555,36;11,10;305,97;Représentant
CMD-101427;2024-08-29;06/09/2024;19/10/2024;CLI-0116;EMP-509;ENT-MTL;BD-1162;4;121,06;11,70;66,97;Représentant
CMD-100540;22/04/2024;28/04/2024;03-juin-24;CLI-0211;EMP-504;ENT-MTL;BD-1027;3;387,91;15,30;249,72;Téléphone
CMD-102188;2024-11-27;05/12/2024;26/12/2024;CLI-0195;EMP-506;ENT-QC;BD-1099;12;432,61;12,90;287,66;Représentant
CMD-100031;09/01/2024;13/01/2024;2024-02-22;CLI-0106;EMP-501;ENT-MTL;BD-1005;1;287,54;12,10;204,06;Représentant
CMD-101864;15/10/2024;17/10/2024;18-nov-24;CLI-0066;EMP-507;ENT-MTL;BD-1135;3;64,60;11,90;39,89;Représentant
CMD-100449;08/04/2024;10/04/2024;;CLI-0077;EMP-501;ENT-QC;BD-1047;24;103,75;2,70;70,06;Portail web
CMD-102052;2024-11-07;11/11/2024;07/01/2025;CLI-0197;EMP-507;ENT-MTL;BD-1171;1;153,05;3,30;83,70;Portail web
CMD-101721;2024-09-30;03/10/2024;17/11/2024;CLI-0059;EMP-504;ENT-SAG;BD-1076;6;441,10;21,40;281,11;Représentant
CMD-100529;2024-04-19;25/04/2024;03/06/2024;CLI-0037;EMP-504;ENT-MTL;BD-1042;5;342,80;22,30;261,53;Représentant
CMD-100551;23/04/2024;26/04/2024;26/05/2024;CLI-0002;EMP-509;ENT-MTL;BD-1045;3;125,12;4,50;76,76;Portail web
CMD-101568;2024-09-12;17/09/2024;31/10/2024;CLI-0006;EMP-505;ENT-QC;BD-1172;8;375,41;10,30;216,67;Représentant
CMD-100249;07/03/2024;13-mars-24;01/04/2024;CLI-0217;EMP-506;ENT-SAG;BD-1170;10;28,60;18,70;16,60;Téléphone
CMD-100052;17/01/2024;22/01/2024;2024-03-09;CLI-0086;EMP-502;ENT-MTL;BD-1065;3;238,29;4,40;128,81;Représentant
CMD-100120;06/02/2024;10-févr-24;15/03/2024;CLI-0137;EMP-503;ENT-QC;BD-1065;16;185,66;25,60;128,81;Représentant
CMD-101005;26-juin-24;03/07/2024;16/07/2024;CLI-0009;EMP-502;ENT-SAG;BD-1141;8;397,85;20,30;307,78;Représentant
CMD-102220;02/12/2024;04/12/2024;2025-01-21;CLI-0209;EMP-508;ENT-QC;BD-1138;12;113,43;23,00;86,38;Portail web
CMD-101249;08/08/2024;2024-08-16;18/09/2024;CLI-0006;EMP-505;ENT-QC;BD-1028;4;202,59;14,30;140,77;Représentant
CMD-100610;01/05/2024;2024-05-10;08/06/2024;CLI-0210;EMP-503;ENT-MTL;BD-1176;4;576,15;8,60;322,02;Courriel
CMD-100454;09/04/2024;13/04/2024;2024-05-29;CLI-0042;EMP-505;ENT-QC;BD-1064;1;105,20;16,00;69,43;Représentant
CMD-101811;09/10/2024;18/10/2024;20/11/2024;CLI-0063;EMP-503;ENT-MTL;BD-1075;1;87,50;13,20;59,74;Représentant
CMD-100545;2024-04-22;30/04/2024;13/07/2024;CLI-0144;EMP-502;ENT-QC;BD-1056;4;409,85;16,70;287,11;Représentant
CMD-101112;15/07/2024;2024-07-24;19/08/2024;CLI-0003;EMP-508;ENT-MTL;BD-1055;2;318,68;3,00;209,35;Salon
CMD-100984;21/06/2024;2024-06-24;22/07/2024;CLI-0133;EMP-508;ENT-QC;BD-1064;12;111,92;10,70;69,43;Portail web
CMD-100383;29/03/2024;2024-04-03;21/04/2024;CLI-0118;EMP-504;ENT-QC;BD-1029;2;341,53;12,80;238,44;Représentant
CMD-102180;26-nov-24;04/12/2024;02/01/2025;CLI-0029;EMP-506;ENT-QC;BD-1094;36;157,27;22,90;121,74;Téléphone
CMD-101912;21/10/2024;23/10/2024;2024-11-17;CLI-0132 ;EMP-507;ENT-MTL;BD-1081;6;523,86;11,70;302,82;Courriel
CMD-101649;23/09/2024;2024-09-28;11/11/2024;CLI-0209;EMP-508;ENT-SAG;BD-1057;17;23,04;22,80;19,26;Représentant
CMD-101499;2024-09-06;13/09/2024;10/10/2024;CLI-0002;EMP-509;ENT-MTL;BD-1110;4;260,08;8,40;178,91;Représentant
CMD-100925;2024-06-13;18/06/2024;25/07/2024;CLI-0076;EMP-507;ENT-QC;BD-1117;4;113,50;23,40;98,28;Portail web
CMD-101638;19/09/2024;21/09/2024;15/11/2024;CLI-0093;EMP-508;ENT-MTL;BD-1045;4;113,02;13,80;76,76;Portail web
CMD-101591;16/09/2024;2024-09-21;15/10/2024;CLI-0217;EMP-506;ENT-MTL;BD-1065;12;198,80;20,30;128,81;Représentant
CMD-100674;10/05/2024;18/05/2024;2024-06-30;CLI-0083;EMP-507;ENT-QC;BD-1137;3;39,28;8,30;25,06;Représentant
CMD-100278;12/03/2024;17/03/2024;2024-04-20;CLI-0131;EMP-502;ENT-QC;BD-1125;3;379,54;13,70;285,25;Représentant
CMD-101424;29-août-24;31/08/2024;07/09/2024;CLI-0011;EMP-507;ENT-SAG;BD-1099;2;463,72;6,60;287,66;Représentant
CMD-102248;09/12/2024;18/12/2024;2025-01-14;CLI-0050;EMP-502;ENT-SAG;BD-1097;8;318,21;13,50;210,05;Courriel
CMD-101663;24/09/2024;2024-09-30;30/10/2024;CLI-0128;EMP-502;ENT-QC;BD-1110;4;240,14;15,40;178,91;Portail web
CMD-100043;12/01/2024;16/01/2024;2024-02-17;CLI-0130;EMP-508;ENT-MTL;BD-1163;4;463,95;24,40;294,58;Représentant
CMD-102028;2024-11-04;08/11/2024;18/12/2024;CLI-0089;EMP-502;ENT-QC;BD-1087;2;305,84;20,70;211,22;Portail web
CMD-100545;22-avr-24;30/04/2024;13/07/2024;CLI-0144;EMP-502;ENT-QC;BD-1051;1;108,06;16,70;78,12;Portail web
CMD-100711;15/05/2024;20-mai-24;23/06/2024;CLI-0171;EMP-507;ENT-SAG;BD-1121;8;72,37;7,00;43,73;Représentant
CMD-100069;22/01/2024;30-janv-24;04/03/2024;CLI-0173;EMP-508;ENT-QC;BD-1140;1;53,07;16,50;40,41;Représentant
CMD-100283;13/03/2024;16-mars-24;10/05/2024;CLI-0017;EMP-507;ENT-SAG;BD-1013;12;444,86;13,80;308,85;Représentant
CMD-100602;01/05/2024;07/05/2024;2024-06-10;CLI-0187;EMP-507;ENT-QC;BD-1123;6;193,21;11,20;129,56;Représentant
CMD-101011;27/06/2024;04/07/2024;2024-08-11;CLI-0043;EMP-506;ENT-MTL;BD-1030;12;161,04;12,00;98,88;Courriel
CMD-101840;11/10/2024;16/10/2024;09/11/2024;CLI-0056;EMP-502;ENT-MTL;BD-1144;17;138,62;22,40;96,31;Portail web
CMD-100870;05-juin-24;07/06/2024;07/08/2024;CLI-0209 ;EMP-508;ENT-MTL;BD-1058;20;196,95;19,60;146,46;Téléphone
CMD-100517;2024-04-17;23/04/2024;16/05/2024;CLI-0089;EMP-502;ENT-MTL;BD-1052;12;248,98;18,90;179,27;Représentant
CMD-101102;12/07/2024;16/07/2024;2024-08-19;CLI-0043;EMP-506;ENT-QC;BD-1103;1;192,42;15,50;151,66;Représentant
CMD-101658;23/09/2024;30/09/2024;2024-10-25;CLI-0019;EMP-502;ENT-QC;BD-1164;12;178,16;8,60;98,38;Courriel
CMD-101972;2024-10-28;06/11/2024;29/12/2024;CLI-0112;EMP-505;ENT-QC;BD-1125;4;368,19;16,30;285,25;Portail web
CMD-100240;06/03/2024;10/03/2024;14-avr-24;CLI-0074;EMP-507;ENT-SAG;BD-1096;6;240,78;18,70;170,74;Téléphone
CMD-102091;13/11/2024;20/11/2024;28-déc-24;CLI-0127;EMP-503;ENT-QC;BD-1153;3;174,36;13,10;113,61;Portail web
CMD-101456;02/09/2024;11/09/2024;;CLI-0076;EMP-507;ENT-MTL;BD-1056;9;394,56;19,80;287,11;Représentant
CMD-102120;2024-11-18;24/11/2024;27/12/2024;CLI-0037;EMP-504;ENT-SAG;BD-1080;7;246,65;25,40;173,12;Représentant
CMD-102055;07/11/2024;12-nov-24;21/12/2024;CLI-0130;EMP-508;ENT-MTL;BD-1066;4;272,08;21,00;199,26;Représentant
CMD-100600;2024-05-01;09/05/2024;17/06/2024;CLI-0045;EMP-502;ENT-SAG;BD-1117;2;124,32;16,10;98,28;Courriel
CMD-102258;11/12/2024;16/12/2024;18-janv-25;CLI-0017;EMP-507;ENT-QC;BD-1122;1;290,47;14,90;208,30;Représentant
CMD-101597;16/09/2024;23/09/2024;21-oct-24;CLI-0099;EMP-505;ENT-QC;BD-1095;4;84,29;18,70;53,64;Représentant
CMD-101357;21/08/2024;30/08/2024;03-oct-24;CLI-0017;EMP-507;ENT-SAG;BD-1180;1;163,89;13,40;93,34;Représentant
CMD-102255;10/12/2024;15-déc-24;26/01/2025;CLI-0009;EMP-502;ENT-QC;BD-1159;30;218,29;24,50;166,16;Courriel
CMD-101261;09/08/2024;2024-08-14;06/10/2024;CLI-0099;EMP-505;ENT-QC;BD-1120;13;240,38;19,00;182,88;Portail web
CMD-100540;22/04/2024;28/04/2024;2024-06-03;CLI-0211;EMP-504;ENT-MTL;BD-1063;6;311,90;15,30;242,15;Portail web
CMD-101992;30/10/2024;2024-11-07;15/12/2024;CLI-0156;EMP-502;ENT-SAG;BD-1172;3;392,61;6,20;216,67;Représentant
CMD-101307;15-août-24;20/08/2024;02/10/2024;CLI-0194;EMP-506;ENT-QC;BD-1062;12;163,64;8,90;112,54;Portail web
CMD-101752;2024-10-03;07/10/2024;28/10/2024;CLI-0179;EMP-509;ENT-SAG;BD-1070;4;70,25;7,80;39,88;Représentant
CMD-102243;07/12/2024;2024-12-09;17/01/2025;CLI-0111;EMP-507;ENT-MTL;BD-1176;6;612,26;2,90;322,02;Représentant
CMD-100314;2024-03-19;23/03/2024;02/05/2024;CLI-0042;EMP-505;ENT-MTL;BD-1108;2;238,68;12,60;166,46;Représentant
CMD-101019;27/06/2024;2024-07-06;21/07/2024;CLI-0220;EMP-506;ENT-QC;BD-1038;1;466,72;15,40;313,36;Représentant
CMD-100281;13/03/2024;2024-03-18;29/03/2024;CLI-0162;EMP-508;ENT-QC;BD-1061;1;101,98;13,70;75,23;Représentant
CMD-101798;08-oct-24;13/10/2024;20/11/2024;CLI-0084;EMP-503;ENT-QC;BD-1168;2;358,15;10,50;224,71;Représentant
CMD-100140;12/02/2024;2024-02-19;01/04/2024;CLI-0219;EMP-505;ENT-MTL;BD-1172;3;385,27;8,00;216,67;Téléphone
CMD-101957;2024-10-25;02/11/2024;03/12/2024;CLI-0145;EMP-504;ENT-SAG;BD-1132;4;181,98;8,40;125,81;Représentant
CMD-102160;22/11/2024;28/11/2024;2024-12-25;CLI-0215;EMP-503;ENT-QC;BD-1071;8;492,04;7,80;301,72;Courriel
CMD-101647;21/09/2024;28/09/2024;13-nov-24;CLI-0056;EMP-502;ENT-MTL;BD-1076;25;422,26;24,70;281,11;Représentant
CMD-100076;23/01/2024;2024-01-25;06/02/2024;CLI-0042;EMP-505;ENT-QC;BD-1127;8;256,28;14,90;170,72;Portail web
CMD-100284;2024-03-13;19/03/2024;21/04/2024;CLI-0212;EMP-507;ENT-MTL;BD-1164;15;150,40;22,90;98,38;Représentant
CMD-100912;12/06/2024;18-juin-24;26/07/2024;CLI-0103;EMP-502;ENT-MTL;BD-1130;4;533,87;5,40;317,23;Portail web
CMD-100691;13-mai-24;16/05/2024;09/06/2024;CLI-0148;EMP-501;ENT-SAG;BD-1028;2;199,90;15,40;140,77;Courriel
CMD-100962;18/06/2024;2024-06-25;02/08/2024;CLI-0146;EMP-503;ENT-MTL;BD-1104;2;91,93;16,90;75,12;Courriel
CMD-101467;2024-09-04;07/09/2024;29/09/2024;CLI-0214;EMP-508;ENT-QC;BD-1164;1;184,98;5,10;98,38;Représentant
CMD-100422;04-avr-24;08/04/2024;17/06/2024;CLI-0083;EMP-507;ENT-MTL;BD-1018;8;436,29;6,10;242,09;Représentant
CMD-102095;2024-11-13;19/11/2024;04/01/2025;CLI-0129;EMP-508;ENT-QC;BD-1130;8;518,40;8,10;317,23;Portail web
CMD-101522;2024-09-10;13/09/2024;02/10/2024;CLI-0128;EMP-502;ENT-SAG;BD-1113;4;376,32;11,90;276,01;Représentant
CMD-102238;06/12/2024;14/12/2024;2025-01-14;CLI-0185;EMP-508;ENT-QC;BD-1149;9;136,95;25,20;108,85;Représentant
CMD-101411;27/08/2024;31-août-24;22/10/2024;CLI-0031;EMP-509;ENT-MTL;BD-1035;24;43,05;11,00;30,00;Représentant
CMD-100690;2024-05-13;22/05/2024;10/07/2024;CLI-0204;EMP-506;ENT-QC;BD-1120;12;284,12;4,30;182,88;Courriel
CMD-100451;09/04/2024;2024-04-17;09/05/2024;CLI-0130;EMP-508;ENT-MTL;BD-1055;16;256,15;22,00;209,35;Portail web
CMD-101779;04/10/2024;08/10/2024;2024-11-12;CLI-0136;EMP-507;ENT-QC;BD-1128;4;130,10;10,20;77,25;Téléphone
CMD-101195;01/08/2024;2024-08-09;16/09/2024;CLI-0073;EMP-501;ENT-SAG;BD-1059;12;455,29;13,70;324,94;Représentant
CMD-101324;16/08/2024;2024-08-24;16/09/2024;CLI-0031;EMP-509;ENT-QC;BD-1161;24;116,06;14,10;62,84;Représentant
CMD-101830;11/10/2024;14-oct-24;05/11/2024;CLI-0027;EMP-502;ENT-QC;BD-1115;8;71,55;4,20;46,26;Portail web
CMD-101898;2024-10-18;21/10/2024;10/12/2024;CLI-0137;EMP-503;ENT-SAG;BD-1102;7;385,94;20,40;255,33;Portail web
CMD-100209;29/02/2024;09/03/2024;2024-04-04;CLI-0031;EMP-509;ENT-QC;BD-1157;2;46,51;11,20;24,69;Représentant
CMD-100336;22/03/2024;28/03/2024;2024-04-26;CLI-0054;EMP-507;ENT-SAG;BD-1034;6;210,89;11,20;151,89;Représentant
CMD-100716;15-mai-24;21/05/2024;28/06/2024;CLI-0053;EMP-509;ENT-MTL;BD-1118;6;441,93;11,10;336,11;Représentant
CMD-100921;2024-06-12;15/06/2024;04/07/2024;CLI-0009;EMP-502;ENT-QC;BD-1008;7;178,21;23,80;128,94;Représentant
CMD-101164;2024-07-26;28/07/2024;18/09/2024;CLI-0026;EMP-506;ENT-SAG;BD-1050;8;449,30;10,90;291,69;Portail web
CMD-100427;05/04/2024;11/04/2024;21/05/2024;CLI-0209;EMP-508;ENT-MTL;BD-1064;18;99,06;20,90;69,43;Représentant
CMD-100815;29/05/2024;02/06/2024;2024-06-18;CLI-0215;EMP-503;ENT-QC;BD-1038;6;525,00;4,90;313,36;Représentant
CMD-101125;19-juil-24;27/07/2024;;CLI-0137;EMP-503;ENT-MTL;BD-1032;27;447,02;18,30;339,97;Téléphone
CMD-101108;15/07/2024;24/07/2024;;CLI-0211;EMP-504;ENT-SAG;BD-1124;8;228,91;10,20;150,61;Portail web
CMD-101035;2024-06-28;02/07/2024;09/08/2024;CLI-0037;EMP-504;ENT-QC;BD-1109;23;348,44;24,30;303,82;Téléphone
CMD-100117;05/02/2024;14/02/2024;2024-03-07;CLI-0032;EMP-504;ENT-MTL;BD-1149;6;177,99;2,80;108,85;Téléphone
CMD-100865;04-juin-24;09/06/2024;21/07/2024;CLI-0193;EMP-509;ENT-QC;BD-1059;1;467,47;11,40;324,94;Téléphone
CMD-100912;2024-06-12;18/06/2024;26/07/2024;CLI-0103;EMP-502;ENT-MTL;BD-1057;4;28,23;5,40;19,26;Représentant
CMD-100775;23/05/2024;01/06/2024;;CLI-0042;EMP-505;ENT-QC;BD-1169;3;506,03;12,30;276,47;Courriel
CMD-100640;06/05/2024;2024-05-08;08/07/2024;CLI-0080;EMP-506;ENT-QC;BD-1139;12;322,80;10,00;198,93;Portail web
CMD-102116;16/11/2024;2024-11-18;23/12/2024;CLI-0130;EMP-508;ENT-QC;BD-1008;3;179,73;23,20;128,94;Portail web
CMD-101309;15/08/2024;2024-08-24;28/09/2024;CLI-0103;EMP-502;ENT-QC;BD-1028;2;218,34;7,60;140,77;Représentant
CMD-100490;12/04/2024;21/04/2024;2024-05-07;CLI-0160;EMP-508;ENT-QC;BD-1116;4;81,28;8,30;58,93;Téléphone
CMD-100416;04-avr-24;13/04/2024;22/05/2024;CLI-0029;EMP-506;ENT-MTL;BD-1163;19;467,79;23,70;294,58;Représentant
CMD-100901;2024-06-10;17/06/2024;07/08/2024;CLI-0188;EMP-506;ENT-QC;BD-1040;24;366,24;16,90;268,77;Téléphone
CMD-100875;2024-06-06;14/06/2024;29/07/2024;CLI-0137;EMP-503;ENT-QC;BD-1029;4;314,82;19,70;238,44;Représentant
CMD-101108;15/07/2024;2024-07-24;;CLI-0211;EMP-504;ENT-SAG;BD-1142;12;146,41;10,20;98,85;Salon
CMD-100488;12/04/2024;21/04/2024;15-mai-24;CLI-0199;EMP-504;ENT-SAG;BD-1085;6;56,50;15,90;40,90;Représentant
CMD-100270;11/03/2024;13/03/2024;03/05/2024;CLI-0119;EMP-503;ENT-QC;BD-1176;4;589,09;6,60;322,02;Représentant
CMD-101214;02/08/2024;11/08/2024;15-sept-24;CLI-0130;EMP-508;ENT-MTL;BD-1150;28;500,81;20,00;339,92;Téléphone
CMD-100112;02/02/2024;07/02/2024;27/02/2024;CLI-0116;EMP-509;ENT-MTL;BD-1159;3;251,73;12,90;166,16;Salon
CMD-101272;12/08/2024;17/08/2024;2024-09-22;CLI-0123;EMP-501;ENT-MTL;BD-1027;1;384730,00;16,00;249,72;Représentant
CMD-100641;07-mai-24;13/05/2024;26/06/2024;CLI-0090;EMP-505;ENT-QC;BD-1032;24;463,79;15,30;339,97;Téléphone
CMD-100940;14/06/2024;21/06/2024;09/07/2024;CLI-0013;EMP-507;ENT-MTL;BD-1054;6;452,15;3,00;257,53;Représentant
CMD-101399;27/08/2024;04/09/2024;14/10/2024;CLI-0012;EMP-501;ENT-SAG;BD-1030;3;149,76;18,20;98,88;Représentant
CMD-100405;2024-04-02;06/04/2024;10/05/2024;CLI-0109;EMP-501;ENT-QC;BD-1021;3;349,04;4,00;201,55;Représentant
CMD-100958;18/06/2024;23/06/2024;2024-07-13;CLI-0133;EMP-508;ENT-SAG;BD-1121;8;65,88;15,40;43,73;Représentant
CMD-100592;30/04/2024;06-mai-24;28/06/2024;CLI-0137;EMP-503;ENT-QC;BD-1046;16;354,49;25,70;308,91;Courriel
CMD-101006;26/06/2024;2024-06-30;10/08/2024;CLI-0050;EMP-502;ENT-QC;BD-1177;24;365,50;10,30;211,22;Représentant
CMD-101033;28/06/2024;03/07/2024;2024-08-21;CLI-0099;EMP-505;ENT-QC;BD-1064;4;94,15;24,80;69,43;Courriel
CMD-102240;06/12/2024;09-déc-24;10/01/2025;CLI-0216;EMP-503;ENT-SAG;BD-1079;3;240,71;8,70;144,83;Portail web
CMD-100357;2024-03-26;03/04/2024;09/05/2024;CLI-0053;EMP-509;ENT-SAG;BD-1022;3;407,12;10,40;247,74;Représentant
CMD-100271;11/03/2024;14-mars-24;22/04/2024;CLI-0217;EMP-506;ENT-MTL;BD-1073;15;336,02;25,30;255,00;Téléphone
CMD-100945;2024-06-15;18/06/2024;02/08/2024;CLI-0038;EMP-507;ENT-SAG;BD-1046;12;417,47;12,50;308,91;Représentant
CMD-101339;19/08/2024;26/08/2024;2024-09-30;CLI-0162;EMP-508;ENT-MTL;BD-1037;3;26,28;12,20;16,31;Salon
CMD-101929;23/10/2024;25/10/2024;2024-11-15;CLI-0215;EMP-503;ENT-MTL;BD-1077;3;332,75;2,70;167,57;Représentant
CMD-100636;06/05/2024;12/05/2024;27/06/2024;CLI-0217;EMP-506;ENT-MTL;BD-1171;15;127,06;19,70;83,70;Portail web
CMD-101961;26/10/2024;03/11/2024;11-déc-24;CLI-0118;EMP-504;ENT-SAG;BD-1083;8;262,46;14,60;157,14;Représentant
CMD-100066;19/01/2024;24/01/2024;01/03/2024;CLI-0074;EMP-507;ENT-MTL;BD-1140;7;47,81;24,70;40,41;Téléphone
CMD-100978;20/06/2024;28/06/2024;05/08/2024;CLI-0123;EMP-501;ENT-MTL;BD-1177;4;352,96;13,40;211,22;Représentant
CMD-100656;08/05/2024;2024-05-12;14/06/2024;CLI-0029;EMP-506;ENT-MTL;BD-1030;9;141,38;22,80;98,88;Représentant
CMD-101788;2024-10-05;10/10/2024;07/12/2024;CLI-0173;EMP-508;ENT-SAG;BD-1176;2;549,21;12,90;322,02;Portail web
CMD-102083;12/11/2024;17-nov-24;09/12/2024;CLI-0099;EMP-505;ENT-MTL;BD-1099;7;390,71;21,30;287,66;Représentant
CMD-100898;10/06/2024;19/06/2024;25/07/2024;CLI-0041;EMP-508;ENT-QC;BD-1029;4;351,10;10,40;238,44;Représentant
CMD-101324;16/08/2024;24/08/2024;2024-09-16;CLI-0031;EMP-509;ENT-QC;BD-1083;6;264,01;14,10;157,14;Représentant
CMD-100309;18/03/2024;21/03/2024;28/04/2024;CLI-0081;EMP-502;ENT-MTL;BD-1071;3;463,64;13,10;301,72;Représentant
CMD-100152;2024-02-14;18/02/2024;18/03/2024;CLI-0101;EMP-509;ENT-QC;BD-1131;6;64,07;4,40;36,32;Représentant
CMD-100816;29/05/2024;2024-05-31;10/07/2024;CLI-0164;EMP-509;ENT-QC;BD-1129;2;66,61;7,30;45,49;Portail web
CMD-102221;02/12/2024;2024-12-04;10/12/2024;CLI-0093;EMP-508;ENT-MTL;BD-1138;12;126,93;13,80;86,38;Portail web
CMD-101479;04/09/2024;2024-09-08;25/10/2024;CLI-0029;EMP-506;ENT-SAG;BD-1063;25;292,97;20,50;242,15;Salon
CMD-101900;18/10/2024;23-oct-24;01/12/2024;CLI-0043;EMP-506;ENT-QC;BD-1133;2;91,20;10,00;61,66;Téléphone
CMD-100584;29/04/2024;2024-05-06;13/06/2024;CLI-0153;EMP-507;ENT-MTL;BD-1062;6;160,26;10,80;112,54;Courriel
CMD-101813;09/10/2024;17/10/2024;08/11/2024;CLI-0153;EMP-507;ENT-QC;BD-1114;1;216,99;14,10;149,59;Représentant
CMD-100109;02/02/2024;05-févr-24;15/03/2024;CLI-0206;EMP-503;ENT-QC;BD-1012;4;102,34;15,90;68,19;Portail web
CMD-101160;24/07/2024;2024-07-27;02/08/2024;cli-0130;EMP-508;ENT-SAG;BD-1034;40;194,41;18,20;151,89;Représentant
CMD-100835;30/05/2024;2024-06-01;15/07/2024;CLI-0099;EMP-505;ENT-QC;BD-1001;5;260,70;22,20;182,30;Représentant
CMD-100415;2024-04-04;10/04/2024;02/05/2024;CLI-0005;EMP-503;ENT-MTL;BD-1093;2;217,46;2,80;132,18;Représentant
CMD-101642;20/09/2024;2024-09-28;14/10/2024;CLI-0130;EMP-508;ENT-MTL;BD-1093;9;167,30;25,20;132,18;Courriel
CMD-101911;2024-10-21;28/10/2024;29/10/2024;CLI-0090;EMP-505;ENT-SAG;BD-1142;12;142,41;12,70;98,85;Représentant
CMD-100120;2024-02-06;10/02/2024;15/03/2024;CLI-0137;EMP-503;ENT-QC;BD-1092;19;210,11;25,60;140,04;Portail web
CMD-100037;10/01/2024;13/01/2024;;CLI-0130;EMP-508;ENT-MTL;BD-1146;10;283,08;24,60;220,88;Représentant
CMD-100143;12/02/2024;16-févr-24;26/03/2024;CLI-0124;EMP-509;ENT-MTL;BD-1116;2;82,87;6,50;58,93;Portail web
CMD-102319;30/12/2024;2025-01-04;13/02/2025;CLI-0209;EMP-508;ENT-QC;BD-1127;6;227,65;24,40;170,72;Représentant
CMD-102082;12/11/2024;16/11/2024;18/01/2025;CLI-0121;EMP-508;ENT-QC;BD-1086;12;116,24;15,60;80,72;Courriel
CMD-101089;08/07/2024;17/07/2024;2024-09-19;CLI-0149;EMP-501;ENT-MTL;BD-1118;3;483,08;2,80;336,11;Représentant
CMD-102052;07-nov-24;11/11/2024;07/01/2025;CLI-0197;EMP-507;ENT-MTL;BD-1064;1;121,11;3,30;69,43;Représentant
CMD-100535;19/04/2024;2024-04-26;09/06/2024;CLI-0052;EMP-504;ENT-QC;BD-1090;2;80,55;16,00;57,58;Portail web
CMD-100315;19/03/2024;25/03/2024;2024-04-06;CLI-0039;EMP-503;ENT-MTL;BD-1155;4;510,74;5,70;322,38;Représentant
CMD-100187;24-févr-24;04/03/2024;23/04/2024;cli-0134;EMP-509;ENT-MTL;BD-1106;4;490,03;7,60;333,09;Portail web
CMD-101463;2024-09-03;12/09/2024;06/10/2024;CLI-0086;EMP-502;ENT-QC;BD-1084;3;536,97;7,50;312,00;Portail web
CMD-100455;09/04/2024;2024-04-13;03/06/2024;CLI-0137;EMP-503;ENT-QC;BD-1038;2;414,37;24,90;313,36;Représentant
CMD-102003;31/10/2024;2024-11-03;02/01/2025;CLI-0041;EMP-508;ENT-MTL;BD-1102;4;414,97;14,40;255,33;Courriel
CMD-101687;26/09/2024;02-oct-24;24/11/2024;CLI-0006;EMP-505;ENT-QC;BD-1087;8;323,93;16,00;211,22;Portail web
CMD-101355;20/08/2024;2024-08-29;15/10/2024;CLI-0074;EMP-507;ENT-MTL;BD-1123;5;173,19;20,40;129,56;Portail web
CMD-101321;16/08/2024;2024-08-25;17/09/2024;CLI-0137;EMP-503;ENT-MTL;BD-1075;9;76,96;23,60;59,74;Représentant
CMD-101561;12/09/2024;20/09/2024;18/10/2024;CLI-0037;EMP-504;ENT-SAG;BD-1069;4;296,30;25,70;198,50;Représentant
CMD-100959;18/06/2024;2024-06-22;03/08/2024;CLI-0131;EMP-502;ENT-MTL;BD-1117;8;127,56;13,90;98,28;Représentant
CMD-100419;04/04/2024;06/04/2024;2024-05-18;CLI-0072;EMP-501;ENT-QC;BD-1171;8;136,28;13,90;83,70;Représentant
CMD-100518;18/04/2024;27/04/2024;2024-06-02;CLI-0008;EMP-506;ENT-QC;BD-1174;24;285,08;3,40;165,53;Représentant
CMD-101745;2024-10-02;10/10/2024;26/10/2024;CLI-0029;EMP-506;ENT-SAG;BD-1132;6;162,63;18,10;125,81;Portail web
CMD-100911;11/06/2024;15/06/2024;2024-08-07;CLI-0220;EMP-506;ENT-MTL;BD-1157;12;46,27;11,60;24,69;Téléphone
CMD-101474;04/09/2024;12-sept-24;03/10/2024;CLI-0085;EMP-503;ENT-QC;BD-1046;3;460,44;3,50;308,91;Représentant
CMD-101534;2024-09-10;19/09/2024;02/11/2024;CLI-0072;EMP-501;ENT-QC;BD-1083;8;263,66;14,20;157,14;Courriel
CMD-100536;2024-04-19;27/04/2024;25/05/2024;CLI-0123;EMP-501;ENT-MTL;BD-1046;6;415,19;13,00;308,91;Représentant
CMD-100164;16-févr-24;18/02/2024;03/04/2024;CLI-0212;EMP-507;ENT-MTL;BD-1159;4;221,25;23,40;166,16;Salon
CMD-100953;17/06/2024;20/06/2024;2024-07-13;CLI-0149;EMP-501;ENT-MTL;BD-1010;4;152,91;6,20;87,08;Portail web
CMD-100673;2024-05-10;19/05/2024;17/06/2024;CLI-0101;EMP-509;ENT-SAG;BD-1059;4;515,77;2,20;324,94;Représentant
CMD-100777;23-mai-24;31/05/2024;06/07/2024;CLI-0176;EMP-503;ENT-QC;BD-1062;2;172,51;4,00;112,54;Représentant
CMD-101651;23/09/2024;01/10/2024;2024-10-27;CLI-0174;EMP-502;ENT-SAG;BD-1087;12;366,07;5,10;211,22;Portail web
CMD-102248;09/12/2024;18/12/2024;2025-01-14;CLI-0050;EMP-502;ENT-SAG;BD-1068;4;487,65;13,50;284,28;Portail web
CMD-100291;14/03/2024;21/03/2024;2024-05-06;CLI-0029;EMP-506;ENT-SAG;BD-1061;10;92,01;22,10;75,23;Représentant
CMD-100518;18/04/2024;27/04/2024;02/06/2024;CLI-0008;EMP-506;ENT-QC;BD-1048;3;49,46;3,40;32,82;Représentant
CMD-100210;2024-02-29;09/03/2024;16/04/2024;CLI-0053;EMP-509;ENT-QC;BD-1177;2;347,91;14,60;211,22;Courriel
CMD-102019;01/11/2024;08-nov-24;04/01/2025;CLI-0076;EMP-507;ENT-SAG;BD-1010;6;123,78;24,10;87,08;Représentant
CMD-100663;08/05/2024;11/05/2024;18-juin-24;CLI-0007;EMP-508;ENT-SAG;BD-1042;3;410,09;7,10;261,53;Représentant
CMD-100718;16/05/2024;2024-05-24;21/06/2024;CLI-0149;EMP-501;ENT-QC;BD-1179;6;405,35;6,10;226,59;Représentant
CMD-102290;19/12/2024;21-déc-24;12/01/2025;CLI-0063;EMP-503;ENT-MTL;BD-1140;3;54,23;14,60;40,41;Salon
CMD-101357;21/08/2024;30/08/2024;2024-10-03;CLI-0017;EMP-507;ENT-SAG;BD-1061;2;102,25;13,40;75,23;Représentant
CMD-100549;22/04/2024;2024-04-29;30/05/2024;CLI-0136;EMP-507;ENT-QC;BD-1035;24;42,06;13,10;30,00;Portail web
CMD-102063;08/11/2024;12/11/2024;10-déc-24;CLI-0211;EMP-504;ENT-MTL;BD-1115;1;65,77;11,90;46,26;Portail web
CMD-100277;12/03/2024;17-mars-24;19/04/2024;CLI-0047;EMP-508;ENT-MTL;BD-1040;3;383,83;12,90;268,77;Courriel
CMD-101169;26/07/2024;29-juil-24;05/09/2024;CLI-0056;EMP-502;ENT-SAG;BD-1107;18;167,17;24,10;147,44;Représentant
CMD-100670;09/05/2024;2024-05-14;20/06/2024;CLI-0071;EMP-503;ENT-QC;BD-1006;1;309,38;7,60;178,72;Portail web
CMD-101450;2024-09-02;06/09/2024;23/10/2024;CLI-0209;EMP-508;ENT-MTL;BD-1098;11;328,99;25,40;257,11;Représentant
CMD-102235;05/12/2024;2024-12-11;19/01/2025;CLI-0116;EMP-509;ENT-QC;BD-1148;2;392,92;14,60;296,06;Téléphone
CMD-100821;29/05/2024;02/06/2024;;CLI-0087;EMP-502;ENT-QC;BD-1112;3;98,59;14,20;65,64;Représentant
CMD-100694;13/05/2024;20/05/2024;2024-06-20;CLI-0062;EMP-507;ENT-QC;BD-1104;6;97,84;11,60;75,12;Représentant
CMD-100525;2024-04-18;22/04/2024;22/06/2024;CLI-0135;EMP-506;ENT-SAG;BD-1042;4;372,30;15,60;261,53;Portail web
CMD-101531;2024-09-10;13/09/2024;11/11/2024;CLI-0184;EMP-503;ENT-MTL;BD-1048;1;47,97;6,30;32,82;Téléphone
CMD-101936;23/10/2024;31/10/2024;;CLI-0153;EMP-507;ENT-SAG;BD-1150;3;530,08;15,30;339,92;Représentant
CMD-102122;18/11/2024;2024-11-20;27/12/2024;CLI-0056;EMP-502;ENT-QC;BD-1099;3;402,40;19,00;287,66;Représentant
CMD-100301;15/03/2024;2024-03-19;07/05/2024;CLI-0173;EMP-508;ENT-MTL;BD-1080;3;274,50;17,00;173,12;Téléphone
CMD-101699;27/09/2024;29/09/2024;10-nov-24;CLI-0146;EMP-503;ENT-MTL;BD-1036;2;213,41;16,90;159,06;Portail web
CMD-100356;26/03/2024;02-avr-24;28/05/2024;CLI-0174;EMP-502;ENT-QC;BD-1084;4;531,50;8,50;312,00;Courriel
CMD-100298;2024-03-15;23/03/2024;06/04/2024;CLI-0082;EMP-504;ENT-MTL;BD-1067;2;38,31;7,90;23,77;Représentant
CMD-100795;27/05/2024;29/05/2024;15/07/2024;CLI-0089;EMP-502;ENT-SAG;BD-1126;21;159,08;21,40;130,29;Représentant
CMD-101000;25/06/2024;03/07/2024;2024-08-14;CLI-0085;EMP-503;ENT-QC;BD-1039;2;193,66;2,20;119,66;Portail web
CMD-100358;27-mars-24;03/04/2024;12/05/2024;CLI-0123;EMP-501;ENT-MTL;BD-1008;2;198,04;15,30;128,94;Courriel
CMD-100320;19/03/2024;22/03/2024;26/04/2024;CLI-0123;EMP-501;ENT-QC;BD-1167;8;308,20;17,00;205,42;Représentant
CMD-101940;23-oct-24;28/10/2024;18/12/2024;CLI-0059;EMP-504;ENT-SAG;BD-1098;9;360,71;18,20;257,11;Représentant
CMD-101217;02/08/2024;09/08/2024;2024-08-29;CLI-0031;EMP-509;ENT-SAG;BD-1044;3;290,63;10,00;195,45;Représentant
CMD-101622;18/09/2024;2024-09-27;25/10/2024;CLI-0074;EMP-507;ENT-MTL;BD-1054;8;0,00;19,10;257,53;Représentant
CMD-100098;31/01/2024;02/02/2024;28/02/2024;CLI-0089;EMP-502;ENT-MTL;BD-1125;8;349,40;20,60;285,25;Portail web
CMD-100718;16/05/2024;24-mai-24;21/06/2024;CLI-0149;EMP-501;ENT-QC;BD-1105;4;243,33;6,10;166,12;Portail web
CMD-100400;02/04/2024;05/04/2024;29/05/2024;CLI-0001;EMP-508;ENT-QC;BD-1044;2;310,40;3,90;195,45;Représentant
CMD-100821;29/05/2024;02/06/2024;;CLI-0087;EMP-502;ENT-QC;BD-1181;2;536,28;14,20;305,97;Représentant
CMD-100612;2024-05-01;06/05/2024;01/06/2024;CLI-0044;EMP-505;ENT-MTL;BD-1015;8;477,84;10,00;318,69;Représentant
CMD-101314;15/08/2024;2024-08-22;29/09/2024;CLI-0162;EMP-508;ENT-QC;BD-1012;6;108,72;10,70;68,19;Portail web
CMD-100407;03/04/2024;12/04/2024;2024-05-14;CLI-0148;EMP-501;ENT-QC;BD-1063;4;314,00;14,80;242,15;Représentant
CMD-101203;01/08/2024;2024-08-03;19/09/2024;CLI-0121;EMP-508;ENT-QC;BD-1171;2;142,18;10,20;83,70;Portail web
CMD-100335;21/03/2024;2024-03-26;29/05/2024;CLI-0037;EMP-504;ENT-SAG;BD-1050;4;408,19;19,00;291,69;Téléphone
CMD-100610;01/05/2024;10/05/2024;08-juin-24;CLI-0210;EMP-503;ENT-MTL;BD-1113;8;390,21;8,60;276,01;Représentant
CMD-100688;13/05/2024;20/05/2024;28-juin-24;CLI-0116;EMP-509;ENT-QC;BD-1167;3;320,69;13,60;205,42;Représentant
CMD-100279;13/03/2024;2024-03-20;05/04/2024;CLI-0093;EMP-508;ENT-MTL;BD-1177;3;363,21;10,90;211,22;Représentant
CMD-100568;25/04/2024;29/04/2024;12-mai-24;CLI-0029;EMP-506;ENT-QC;BD-1053;11;249,85;23,60;176,84;Représentant
CMD-102279;17/12/2024;25/12/2024;17-janv-25;CLI-0094;EMP-502;ENT-MTL;BD-1065;6;239,47;4,00;128,81;Portail web
CMD-100869;05/06/2024;14-juin-24;20/06/2024;CLI-0195;EMP-506;ENT-QC;BD-1038;2;475,80;13,80;313,36;Représentant
CMD-102023;01-nov-24;05/11/2024;11/12/2024;CLI-0059;EMP-504;ENT-SAG;BD-1126;4;155,80;23,00;130,29;Représentant
CMD-101917;21/10/2024;2024-10-30;08/12/2024;CLI-0158;EMP-507;ENT-QC;BD-1068;1;518,40;8,10;284,28;Représentant
CMD-101057;03/07/2024;09/07/2024;10-août-24;CLI-0042;EMP-505;ENT-QC;BD-1027;24;381,98;16,60;249,72;Portail web
CMD-101304;2024-08-14;21/08/2024;29/09/2024;CLI-0012;EMP-501;ENT-MTL;BD-1133;10;81,93;19,20;61,66;Téléphone
CMD-100486;2024-04-12;15/04/2024;27/05/2024;CLI-0134;EMP-509;ENT-SAG;BD-1167;2;363,49;2,10;205,42;Représentant
CMD-100726;16-mai-24;21/05/2024;04/07/2024;CLI-0135;EMP-506;ENT-QC;BD-1103;12;190,22;16,50;151,66;Représentant
CMD-101534;10/09/2024;19/09/2024;02/11/2024;CLI-0072;EMP-501;ENT-QC;BD-1041;2;217,58;14,20;159,88;Portail web
CMD-100601;01-mai-24;09/05/2024;30/05/2024;CLI-0030;EMP-501;ENT-MTL;BD-1159;3;282,13;2,40;166,16;Représentant
CMD-100331;20/03/2024;2024-03-23;07/04/2024;CLI-0056;EMP-502;ENT-QC;BD-1058;40;184,13;24,80;146,46;Représentant
CMD-101912;2024-10-21;23/10/2024;17/11/2024;CLI-0132;EMP-507;ENT-MTL;BD-1129;24;63,50;11,70;45,49;Courriel
CMD-101365;22/08/2024;26/08/2024;04/10/2024;CLI-0013;EMP-507;ENT-MTL;BD-1048;3;49,18;3,90;32,82;Représentant
CMD-100164;2024-02-16;18/02/2024;03/04/2024;CLI-0212;EMP-507;ENT-MTL;BD-1093;6;171,35;23,40;132,18;Portail web
CMD-101829;11/10/2024;16/10/2024;2024-12-11;CLI-0173;EMP-508;ENT-MTL;BD-1018;3;402,34;13,40;242,09;Représentant
CMD-101878;16/10/2024;21/10/2024;13/11/2024;CLI-0056;EMP-502;ENT-MTL;BD-1168;4;312,06;22,00;224,71;Téléphone
CMD-101880;17/10/2024;2024-10-22;;CLI-0136;EMP-507;ENT-SAG;BD-1057;3;24,91;16,50;19,26;Courriel
CMD-100657;2024-05-08;15/05/2024;30/06/2024;CLI-0108;EMP-503;ENT-SAG;BD-1022;2;391,46;13,90;247,74;Courriel
CMD-102136;19/11/2024;2024-11-24;21/12/2024;CLI-0089;EMP-502;ENT-QC;BD-1083;4;229,48;25,30;157,14;Représentant
CMD-102173;25/11/2024;29-nov-24;05/01/2025;CLI-0150;EMP-502;ENT-MTL;BD-1167;3;344,54;7,20;205,42;Représentant
CMD-100190;2024-02-26;29/02/2024;28/04/2024;CLI-0009;EMP-502;ENT-MTL;BD-1181;15;496,52;20,50;305,97;Portail web
CMD-100918;12/06/2024;15-juin-24;06/08/2024;CLI-0095;EMP-505;ENT-SAG;BD-1041;3;232,83;8,20;159,88;Téléphone
CMD-100399;02-avr-24;05/04/2024;10/04/2024;CLI-0195;EMP-506;ENT-QC;BD-1064;3;109,75;12,40;69,43;Représentant
CMD-100238;2024-03-05;12/03/2024;14/04/2024;CLI-0089;EMP-502;ENT-QC;BD-1015;5;426,75;19,60;318,69;Portail web
CMD-100635;06/05/2024;14-mai-24;;CLI-0006;EMP-505;ENT-SAG;BD-1024;3;294,15;12,00;185,46;Représentant
CMD-100877;06/06/2024;09/06/2024;30/06/2024;CLI-0173;EMP-508;ENT-QC;BD-1118;8;436,15;12,30;336,11;Représentant
CMD-101759;03/10/2024;10/10/2024;2024-12-04;CLI-0112;EMP-505;ENT-QC;BD-1158;8;293,83;15,90;180,81;Portail web
CMD-100971;2024-06-19;22/06/2024;01/08/2024;CLI-0097;EMP-504;ENT-SAG;BD-1036;3;239,87;6,60;159,06;Représentant
CMD-100078;24/01/2024;01/02/2024;16-févr-24;CLI-0059;EMP-504;ENT-QC;BD-1131;31;52,07;22,30;36,32;Portail web
CMD-101115;2024-07-16;25/07/2024;01/09/2024;CLI-0117;EMP-504;ENT-QC;BD-1053;2;310,11;5,20;176,84;Représentant
CMD-101207;02/08/2024;06-août-24;25/08/2024;CLI-0130;EMP-508;ENT-MTL;BD-1095;5;83,38;19,60;53,64;Portail web
CMD-101666;24/09/2024;30/09/2024;26-oct-24;CLI-0162;EMP-508;ENT-QC;BD-9084;6;386,36;12,50;261,53;Téléphone
CMD-101487;06/09/2024;09/09/2024;09/10/2024;cli-0009;EMP-502;ENT-QC;BD-1038;6;430,94;21,90;313,36;Téléphone
CMD-102048;06/11/2024;10/11/2024;2024-12-06;CLI-0185;EMP-508;ENT-MTL;BD-1146;12;291,07;22,50;220,88;Représentant
CMD-100702;14/05/2024;23-mai-24;25/06/2024;CLI-0082;EMP-504;ENT-QC;BD-1013;2;475,59;7,90;308,85;Portail web
CMD-101618;18-sept-24;26/09/2024;16/10/2024;CLI-0209 ;EMP-508;ENT-SAG;BD-1081;18;476,63;19,60;302,82;Représentant
CMD-102117;16-nov-24;25/11/2024;19/12/2024;CLI-0137;EMP-503;ENT-SAG;BD-1119;13;70,70;23,00;58,44;Représentant
CMD-101176;29/07/2024;07/08/2024;;CLI-0185;EMP-508;ENT-QC;BD-1019;3;229,94;23,60;170,21;Courriel
CMD-102045;06-nov-24;13/11/2024;26/12/2024;CLI-0032;EMP-504;ENT-MTL;BD-1132;1;193,15;2,70;125,81;Portail web
CMD-100518;18-avr-24;27/04/2024;02/06/2024;CLI-0008;EMP-506;ENT-QC;BD-1054;3;450,05;3,40;257,53;Représentant
CMD-100505;16/04/2024;20/04/2024;2024-06-08;CLI-0155;EMP-506;ENT-QC;BD-1051;6;111,51;14,00;78,12;Téléphone
CMD-100381;2024-03-29;05/04/2024;02/05/2024;CLI-0099;EMP-505;ENT-SAG;BD-1034;11;181,81;23,50;151,89;Représentant
CMD-102202;28/11/2024;2024-12-05;01/01/2025;CLI-0173;EMP-508;ENT-QC;BD-1170;8;30,45;13,40;16,60;Représentant
CMD-101965;2024-10-28;31/10/2024;30/11/2024;CLI-0074;EMP-507;ENT-MTL;BD-1127;27;237,18;21,30;170,72;Portail web
CMD-101839;2024-10-11;19/10/2024;29/11/2024;CLI-0047;EMP-508;ENT-MTL;BD-1131;1;57,35;14,40;36,32;Représentant
CMD-101285;12/08/2024;2024-08-16;18/09/2024;CLI-0049;EMP-508;ENT-SAG;BD-1030;3;161,30;11,90;98,88;Téléphone
CMD-101464;03/09/2024;12/09/2024;09/10/2024;CLI-0034;EMP-507;ENT-SAG;BD-1077;2;288,26;15,70;167,57;Représentant
CMD-101759;03-oct-24;10/10/2024;04/12/2024;CLI-0112;EMP-505;ENT-QC;BD-1123;4;182,86;15,90;129,56;Téléphone
CMD-100917;12/06/2024;2024-06-16;05/07/2024;CLI-0107;EMP-506;ENT-QC;BD-1035;1;45,46;6,00;30,00;Représentant
CMD-102184;27/11/2024;03/12/2024;17/01/2025;CLI-0026;EMP-506;ENT-SAG;BD-1070;8;65,27;14,30;39,88;Représentant
CMD-101975;28-oct-24;30/10/2024;12/11/2024;CLI-0099;EMP-505;ENT-MTL;BD-1160;13;58,37;25,90;40,71;Portail web
CMD-102199;28/11/2024;2024-12-07;04/01/2025;CLI-0214;EMP-508;ENT-QC;BD-1163;2;559,65;8,70;294,58;Courriel
CMD-100484;12/04/2024;15/04/2024;24-mai-24;CLI-0082;EMP-504;ENT-QC;BD-1111;2;216,89;2,10;145,84;Téléphone
CMD-101218;2024-08-03;06/08/2024;28/09/2024;CLI-0091;EMP-504;ENT-SAG;BD-1035;3;44,44;8,10;30,00;Téléphone
CMD-100808;28/05/2024;2024-06-04;26/06/2024;CLI-0149;EMP-501;ENT-MTL;BD-1124;2;242,55;4,90;150,61;Représentant
CMD-101606;2024-09-17;23/09/2024;02/11/2024;CLI-0029;EMP-506;ENT-MTL;BD-1085;40;51,24;23,70;40,90;Téléphone
CMD-100751;21/05/2024;27/05/2024;2024-06-12;CLI-0220;EMP-506;ENT-MTL;BD-1063;2;313,92;14,80;242,15;Téléphone
CMD-101342;19/08/2024;23/08/2024;28/09/2024;CLI-0041;EMP-508;ENT-QC;BD-1028;24;205,80;13,00;140,77;Représentant
CMD-101173;2024-07-29;31/07/2024;28/08/2024;CLI-0121;EMP-508;ENT-SAG;BD-1109;12;385,89;16,10;303,82;Courriel
CMD-102183;27/11/2024;2024-12-02;18/01/2025;CLI-0086;EMP-502;ENT-MTL;BD-9810;12;370,92;7,00;207,98;Téléphone
CMD-100994;24/06/2024;02/07/2024;15/08/2024;CLI-0056;EMP-502;ENT-MTL;BD-1180;12;154,55;18,40;93,34;Représentant
CMD-100162;16/02/2024;22/02/2024;16/04/2024;CLI-0105;EMP-502;ENT-MTL;BD-1170;24;33,38;5,10;16,60;Portail web
CMD-100686;13/05/2024;15/05/2024;02-juil-24;CLI-0089;EMP-502;ENT-MTL;BD-1004;18;216,95;20,80;155,56;Représentant
CMD-100620;2024-05-02;05/05/2024;05/06/2024;CLI-0182;EMP-503;ENT-MTL;BD-1016;24;366,42;11,30;219,41;Téléphone
CMD-101971;28/10/2024;2024-11-01;;CLI-0149;EMP-501;ENT-MTL;BD-1138;2;143,88;2,30;86,38;Téléphone
CMD-101355;20/08/2024;29-août-24;15/10/2024;CLI-0074;EMP-507;ENT-MTL;BD-1014;17;35,58;20,40;26,62;Téléphone
CMD-100876;06-juin-24;08/06/2024;30/06/2024;CLI-0029;EMP-506;ENT-MTL;BD-1123;4;173,09;20,40;129,56;Portail web
CMD-101953;25/10/2024;2024-10-28;30/11/2024;CLI-0053;EMP-509;ENT-MTL;BD-1031;4;455,13;12,40;294,44;Représentant
CMD-100144;12/02/2024;18/02/2024;;CLI-0084;EMP-503;ENT-SAG;BD-1181;6;558,61;10,60;305,97;Représentant
CMD-101186;31/07/2024;05/08/2024;2024-09-05;CLI-0093;EMP-508;ENT-MTL;BD-1002;2;390,48;16,70;292,58;Représentant
CMD-101330;17/08/2024;19/08/2024;08-oct-24;CLI-0218;EMP-503;ENT-QC;BD-1054;6;432,35;7,20;257,53;Courriel
CMD-101135;20/07/2024;24/07/2024;2024-09-08;CLI-0139;EMP-506;ENT-SAG;BD-1106;6;451,15;15,00;333,09;Représentant
CMD-101966;28/10/2024;04/11/2024;03/12/2024;CLI-0037;EMP-504;ENT-QC;BD-1092;13;209,95;25,60;140,04;Téléphone
CMD-101847;12/10/2024;20/10/2024;26/11/2024;CLI-0185;EMP-508;ENT-QC;BD-1139;38;279,61;22,10;198,93;Représentant
CMD-100372;28/03/2024;30/03/2024;2024-05-16;CLI-0178;EMP-501;ENT-MTL;BD-1046;4;458,95;3,80;308,91;Portail web
CMD-100187;2024-02-24;04/03/2024;23/04/2024;CLI-0134;EMP-509;ENT-MTL;BD-1015;4;490,46;7,60;318,69;Représentant
CMD-100132;08/02/2024;10/02/2024;2024-03-29;CLI-0067;EMP-502;ENT-QC;BD-1168;1;341,09;14,70;224,71;Portail web
CMD-101565;12/09/2024;17/09/2024;22/09/2024;CLI-0045;EMP-502;ENT-MTL;BD-1043;12;452,14;14,30;294,10;Représentant
CMD-100228;04/03/2024;2024-03-11;20/04/2024;CLI-0153;EMP-507;ENT-SAG;BD-1073;2;375,73;16,50;255,00;Téléphone
CMD-102142;20/11/2024;2024-11-28;08/12/2024;CLI-0123;EMP-501;ENT-MTL;BD-1092;6;243,19;13,80;140,04; 
CMD-100991;24/06/2024;28/06/2024;2024-08-19;CLI-0028;EMP-509;ENT-QC;BD-1170;4;32,84;6,60;16,60;Portail web
CMD-100340;22/03/2024;31/03/2024;25/04/2024;CLI-0077;EMP-501;ENT-QC;BD-1089;2;290,54;8,20;157,64;Représentant
CMD-100520;18-avr-24;20/04/2024;15/05/2024;CLI-0128;EMP-502;ENT-SAG;BD-1107;8;191,16;13,20;147,44;Représentant
CMD-101441;31/08/2024;09/09/2024;2024-10-10;CLI-0056;EMP-502;ENT-QC;BD-1037;7;22,62;24,40;16,31;Téléphone
CMD-101908;2024-10-21;25/10/2024;04/12/2024;CLI-0072;EMP-501;ENT-QC;BD-1134;3;98,10;10,80;60,50;Portail web
CMD-100195;26/02/2024;01/03/2024;29/03/2024;CLI-0120;EMP-509;ENT-QC;BD-1036;4;242,22;5,70;159,06;Représentant
CMD-101144;2024-07-22;27/07/2024;04/09/2024;CLI-0040;EMP-509;ENT-QC;BD-1087;2;342,86;11,10;211,22;Représentant
CMD-100239;06/03/2024;12/03/2024;05/05/2024;CLI-0056;EMP-502;ENT-MTL;BD-1162;6;103,02;24,80;66,97;Représentant
CMD-101896;18/10/2024;23/10/2024;21-déc-24;CLI-0143;EMP-503;ENT-MTL;BD-1099;2;433,53;12,70;287,66;Téléphone
CMD-101284;12/08/2024;2024-08-20;19/10/2024;CLI-0120;EMP-509;ENT-QC;BD-1021;4;354,19;2,60;201,55;Portail web
CMD-102095;13/11/2024;19-nov-24;04/01/2025;CLI-0129;EMP-508;ENT-QC;BD-1098;3;404,95;8,10;257,11;Portail web
CMD-101677;25/09/2024;04/10/2024;09/11/2024;CLI-0076;EMP-507;ENT-QC;BD-1059;21;430,91;18,30;324,94;Téléphone
CMD-101883;17/10/2024;22/10/2024;2024-12-10;CLI-0166;EMP-503;ENT-MTL;BD-1162;2;114,04;16,80;66,97;Représentant
CMD-101999;31-oct-24;04/11/2024;25/11/2024;CLI-0209;EMP-508;ENT-MTL;BD-1099;25;403,91;18,60;287,66;Représentant
CMD-101089;08/07/2024;17/07/2024;19/09/2024;CLI-0149;EMP-501;ENT-MTL;BD-1027;4;445,21;2,80;249,72;Représentant
CMD-100823;29-mai-24;02/06/2024;02/07/2024;CLI-0209;EMP-508;ENT-QC;BD-1135;50;55,16;24,80;39,89;Courriel
CMD-101535;10/09/2024;12/09/2024;23-oct-24;CLI-0026;EMP-506;ENT-MTL;BD-1109;6;386,42;16,00;303,82;Téléphone
CMD-100113;02/02/2024;2024-02-08;22/03/2024;CLI-0034;EMP-507;ENT-QC;BD-1155;2;465,88;14,00;322,38;Téléphone
CMD-101091;09/07/2024;16/07/2024;2024-08-12;CLI-0043;EMP-506;ENT-SAG;BD-1115;3;65,81;11,90;46,26;Téléphone
CMD-101020;27/06/2024;03-juil-24;20/08/2024;CLI-0082;EMP-504;ENT-QC;BD-1119;6;84,31;8,20;58,44;Portail web
CMD-101292;13/08/2024;2024-08-21;03/10/2024;CLI-0042;EMP-505;ENT-QC;BD-1039;6;169,47;14,40;119,66; 
CMD-101116;17/07/2024;22/07/2024;2024-08-23;CLI-0173 ;EMP-508;ENT-SAG;BD-1024;12;294,74;11,80;185,46;Courriel
CMD-101380;23/08/2024;28/08/2024;2024-09-29;CLI-0068;EMP-505;ENT-QC;BD-1042;2;430,62;2,40;261,53;Portail web
CMD-100731;17/05/2024;26/05/2024;12/07/2024;CLI-0217;EMP-506;ENT-QC;BD-1117;8;113,56;23,40;98,28;Représentant
CMD-101224;2024-08-05;14/08/2024;30/09/2024;CLI-0074;EMP-507;ENT-MTL;BD-1021;6;297,05;18,30;201,55;Téléphone
CMD-100293;14/03/2024;16/03/2024;;CLI-0187;EMP-507;ENT-MTL;BD-1174;3;259,39;12,10;165,53;Portail web
CMD-101255;08/08/2024;2024-08-16;12/09/2024;CLI-0057;EMP-507;ENT-QC;BD-1013;6;455,48;11,80;308,85;Représentant
CMD-100794;2024-05-27;01/06/2024;05/07/2024;CLI-0012;EMP-501;ENT-MTL;BD-1150;13;466,86;25,40;339,92;Portail web
CMD-100647;2024-05-07;13/05/2024;23/06/2024;CLI-0121;EMP-508;ENT-MTL;BD-1043;12;458,57;13,10;294,10;Représentant
CMD-101557;12/09/2024;16/09/2024;2024-10-19;CLI-0042;EMP-505;ENT-SAG;BD-1046;3;401,91;15,80;308,91;Représentant
CMD-100098;31-janv-24;02/02/2024;28/02/2024;CLI-0089;EMP-502;ENT-MTL;BD-1147;7;475,09;20,60;339,78;Courriel
CMD-101307;15/08/2024;20/08/2024;02/10/2024;CLI-0194;EMP-506;ENT-QC;BD-1061;6;107,58;8,90;75,23;Représentant
CMD-100824;2024-05-30;04/06/2024;11/06/2024;CLI-0137;EMP-503;ENT-QC;BD-1047;7;86,73;18,60;70,06;Portail web
CMD-102117;16/11/2024;25/11/2024;19/12/2024;CLI-0137;EMP-503;ENT-SAG;BD-1144;2;137,46;23,00;96,31;Représentant
CMD-101855;14/10/2024;2024-10-19;06/11/2024;CLI-0097;EMP-504;ENT-MTL;BD-1145;12;174,39;5,30;108,83;Représentant
CMD-101095;11/07/2024;20/07/2024;2024-08-13;CLI-0076;EMP-507;ENT-MTL;BD-1006;6;252,79;24,50;178,72;Téléphone
CMD-102029;04-nov-24;10/11/2024;09/01/2025;CLI-0049;EMP-508;ENT-MTL;BD-1166;8;359,63;13,40;212,88;Portail web
CMD-100798;2024-05-27;03/06/2024;03/07/2024;CLI-0055;EMP-506;ENT-MTL;BD-1022;6;0,00;8,80;247,74;Représentant
CMD-102319;30/12/2024;04/01/2025;2025-02-13;CLI-0209;EMP-508;ENT-QC;BD-1090;1;72,43;24,40;57,58;Téléphone
CMD-100634;06/05/2024;13/05/2024;;CLI-0154;EMP-507;ENT-SAG;BD-1084;6;507,89;12,50;312,00;Portail web
CMD-101989;30/10/2024;01/11/2024;06/12/2024;CLI-0209;EMP-508;ENT-QC;BD-1129;11;53,82;25,10;45,49;Représentant
CMD-102231;04/12/2024;2024-12-09;15/01/2025;CLI-0173;EMP-508;ENT-QC;BD-1145;1;155,07;15,80;108,83;Portail web
CMD-101319;15/08/2024;22/08/2024;19/09/2024;CLI-0185;EMP-508;ENT-SAG;BD-1140;17;49,38;22,30;40,41;Portail web
CMD-100444;08/04/2024;2024-04-12;12/05/2024;CLI-0056;EMP-502;ENT-QC;BD-1160;73;62,46;20,70;40,71;Téléphone
CMD-102129;19/11/2024;23/11/2024;20-déc-24;CLI-0182;EMP-503;ENT-QC;BD-1090;1;80,37;16,20;57,58;Représentant
CMD-100680;10/05/2024;17/05/2024;16/06/2024;CLI-0055;EMP-506;ENT-MTL;BD-1010;4;153,81;5,60;87,08;Représentant
CMD-101195;01/08/2024;09/08/2024;16-sept-24;CLI-0073;EMP-501;ENT-SAG;BD-1034;2;205,09;13,70;151,89;Représentant
CMD-101309;15/08/2024;24/08/2024;2024-09-28;CLI-0103;EMP-502;ENT-QC;BD-1020;8;0,00;7,60;32,44;Téléphone
CMD-101821;10-oct-24;12/10/2024;24/11/2024;CLI-0212;EMP-507;ENT-QC;BD-1051;13;101,79;21,50;78,12;Représentant
CMD-100074;23/01/2024;26/01/2024;19/02/2024;CLI-0042;EMP-505;ENT-MTL;BD-1006;2;289,69;13,50;178,72;Téléphone
CMD-101188;2024-07-31;08/08/2024;23/08/2024;CLI-0166;EMP-503;ENT-MTL;BD-1007;4;86,55;16,20;55,96;Représentant
CMD-101006;26/06/2024;2024-06-30;10/08/2024;CLI-0050;EMP-502;ENT-QC;BD-1056;3;441,02;10,30;287,11;Représentant
CMD-101027;2024-06-28;07/07/2024;24/07/2024;CLI-0012;EMP-501;ENT-SAG;BD-1012;7;98,49;19,10;68,19;Représentant
CMD-100940;14/06/2024;21/06/2024;2024-07-09;CLI-0013;EMP-507;ENT-MTL;BD-1133;3;98,39;3,00;61,66;Portail web
CMD-100880;07/06/2024;16/06/2024;2024-07-03;CLI-0085;EMP-503;ENT-QC;BD-1180;8;180,11;4,90;93,34;Représentant
CMD-100243;2024-03-06;14/03/2024;08/04/2024;CLI-0185;EMP-508;ENT-SAG;BD-1050;4;409,66;18,70;291,69;Représentant
CMD-100047;2024-01-15;18/01/2024;28/02/2024;CLI-0037;EMP-504;ENT-QC;BD-1178;7;162,89;20,70;116,97;Représentant
CMD-101615;17/09/2024;24/09/2024;21/11/2024;CLI-0199;EMP-504;ENT-MTL;BD-1108;6;240,03;12,10;166,46;Portail web
CMD-100880;07/06/2024;16/06/2024;2024-07-03;CLI-0085;EMP-503;ENT-QC;BD-1045;2;124,68;4,90;76,76;
CMD-100188;24/02/2024;28/02/2024;2024-04-06;CLI-0087;EMP-502;ENT-SAG;BD-1166;2;368,82;11,20;212,88;Courriel
CMD-101439;2024-08-30;08/09/2024;10/10/2024;CLI-0118;EMP-504;ENT-QC;BD-1048;12;43,69;14,70;32,82;Portail web
CMD-100692;13/05/2024;16/05/2024;10-juil-24;CLI-0208;EMP-507;ENT-MTL;BD-1010;1;143,18;12,20;87,08;Portail web
CMD-100862;2024-06-04;13/06/2024;27/07/2024;CLI-0194;EMP-506;ENT-QC;BD-1024;1;325,07;2,70;185,46;Courriel
CMD-102266;2024-12-13;16/12/2024;21/01/2025;CLI-0042;EMP-505;ENT-QC;BD-1102;4;419,01;13,60;255,33;Téléphone
CMD-100511;16/04/2024;2024-04-21;30/05/2024;CLI-0033;EMP-504;ENT-QC;BD-1042;6;394,14;10,70;261,53;Représentant
CMD-100692;2024-05-13;16/05/2024;10/07/2024;CLI-0208;EMP-507;ENT-MTL;BD-1030;24;160,78;12,20;98,88;Téléphone
CMD-101549;11/09/2024;13/09/2024;07/10/2024;CLI-0212;EMP-507;ENT-MTL;BD-1178;6;161,20;21,50;116,97;Courriel
CMD-100949;17-juin-24;24/06/2024;19/08/2024;CLI-0085;EMP-503;ENT-MTL;BD-1160;2;74,78;5,10;40,71;Portail web
CMD-101647;21/09/2024;28/09/2024;13/11/2024;CLI-0056;EMP-502;ENT-MTL;BD-1106;5;399,36;24,70;333,09;Représentant
CMD-102172;25/11/2024;04/12/2024;04-janv-25;CLI-0009;EMP-502;ENT-SAG;BD-1145;11;150,54;18,20;108,83;Courriel
CMD-100751;21/05/2024;2024-05-27;12/06/2024;CLI-0220;EMP-506;ENT-MTL;BD-1123;2;185,37;14,80;129,56;Représentant
CMD-100615;02-mai-24;04/05/2024;24/05/2024;CLI-0009;EMP-502;ENT-MTL;BD-1126;22;155,98;22,90;130,29;Portail web
CMD-101773;03/10/2024;12/10/2024;2024-11-16;CLI-0132;EMP-507;ENT-QC;BD-1178;2;171,48;16,50;116,97;Représentant
CMD-101339;19-août-24;26/08/2024;30/09/2024;CLI-0162;EMP-508;ENT-MTL;BD-1051;3;113,88;12,20;78,12;Représentant
CMD-100073;22/01/2024;26-janv-24;06/03/2024;CLI-0036;EMP-505;ENT-QC;BD-1040;8;378,42;14,10;268,77;Représentant
CMD-100128;07/02/2024;2024-02-11;15/03/2024;CLI-0209;EMP-508;ENT-QC;BD-1158;15;285,58;18,30;180,81;Représentant
CMD-102023;2024-11-01;05/11/2024;11/12/2024;CLI-0059;EMP-504;ENT-SAG;BD-1138;4;113,37;23,00;86,38;Téléphone
CMD-101394;2024-08-27;31/08/2024;06/10/2024;CLI-0123;EMP-501;ENT-QC;BD-1029;2;351,27;10,40;238,44;Représentant
CMD-101600;16/09/2024;21/09/2024;2024-10-23;CLI-0146;EMP-503;ENT-QC;BD-1145;8;153,05;16,90;108,83;Téléphone
CMD-101269;10/08/2024;14/08/2024;05-sept-24;CLI-0169;EMP-507;ENT-QC;BD-1022;4;388,39;14,50;247,74;Téléphone
CMD-101108;15/07/2024;24/07/2024;;CLI-0211;EMP-504;ENT-SAG;BD-1150;3;561,91;10,20;339,92;Représentant
CMD-100673;10/05/2024;19-mai-24;17/06/2024;CLI-0101;EMP-509;ENT-SAG;BD-1053;4;320,00;2,20;176,84;Représentant
CMD-101302;14/08/2024;16/08/2024;2024-10-04;CLI-0071;EMP-503;ENT-MTL;BD-1004;3;262,32;4,30;155,56;Courriel
CMD-100750;20-mai-24;28/05/2024;07/07/2024;CLI-0199;EMP-504;ENT-QC;BD-1152;3;405,50;15,70;265,82;Représentant
CMD-102032;05/11/2024;11/11/2024;20/12/2024;CLI-0054;EMP-507;ENT-QC;BD-1011;6;438,05;16,60;288,46;Représentant
CMD-101306;14/08/2024;18-août-24;29/08/2024;CLI-0217;EMP-506;ENT-MTL;BD-1032;8;415,21;24,10;339,97;Téléphone
CMD-100772;23/05/2024;2024-05-30;22/06/2024;CLI-0180;EMP-509;ENT-QC;BD-1177;1;372,64;8,60;211,22;Portail web
CMD-100901;10/06/2024;17-juin-24;07/08/2024;CLI-0188;EMP-506;ENT-QC;BD-1111;4;184,12;16,90;145,84;Téléphone
CMD-102237;06/12/2024;13/12/2024;;CLI-0220;EMP-506;ENT-MTL;BD-1069;12;356,50;10,60;198,50;Représentant
CMD-101245;2024-08-07;11/08/2024;29/09/2024;CLI-0087;EMP-502;ENT-MTL;BD-1013;2;432,43;16,20;308,85;Courriel
CMD-102113;15/11/2024;2024-11-19;08/01/2025;CLI-0180;EMP-509;ENT-MTL;BD-1159;8;272,87;5,60;166,16;Téléphone
CMD-101287;2024-08-13;22/08/2024;28/09/2024;CLI-0158;EMP-507;ENT-QC;BD-1036;3;243,45;5,20;159,06;Représentant
CMD-101774;2024-10-04;10/10/2024;04/11/2024;CLI-0082;EMP-504;ENT-QC;BD-1142;8;155,02;4,90;98,85;Téléphone
CMD-101650;23-sept-24;28/09/2024;09/11/2024;CLI-0130;EMP-508;ENT-MTL;BD-1065;3;204,46;18,00;128,81;Portail web
CMD-100780;24/05/2024;29/05/2024;10/07/2024;CLI-0103;EMP-502;ENT-SAG;BD-1120;4;288,71;2,70;182,88;Téléphone
CMD-101474;04/09/2024;2024-09-12;03/10/2024;CLI-0085;EMP-503;ENT-QC;BD-1112;4;110,81;3,50;65,64;Courriel
CMD-100323;20-mars-24;22/03/2024;11/05/2024;CLI-0185;EMP-508;ENT-MTL;BD-1079;33;200,94;23,80;144,83;Portail web
CMD-102127;2024-11-19;21/11/2024;13/12/2024;CLI-0046;EMP-508;ENT-MTL;BD-1149;8;178,76;2,40;108,85;Représentant
CMD-101441;31/08/2024;09-sept-24;10/10/2024;CLI-0056;EMP-502;ENT-QC;BD-1002;12;354,16;24,40;292,58;Représentant
CMD-101674;25/09/2024;01/10/2024;2024-11-12;CLI-0115;EMP-509;ENT-MTL;BD-1052;8;259,86;15,40;179,27;Représentant
CMD-100119;05-févr-24;13/02/2024;21/02/2024;CLI-0175;EMP-505;ENT-MTL;BD-1161;1;131,35;2,70;62,84;Téléphone
CMD-101181;30/07/2024;2024-08-01;12/09/2024;CLI-0099;EMP-505;ENT-QC;BD-1014;12;36,08;19,30;26,62;Représentant
CMD-100035;2024-01-10;16/01/2024;06/03/2024;CLI-0009;EMP-502;ENT-MTL;BD-1181;13;486,65;22,10;305,97;Portail web
CMD-100151;14/02/2024;22/02/2024;17-mars-24;CLI-0099;EMP-505;ENT-SAG;BD-1174;9;229,51;22,20;165,53;Courriel
CMD-101887;2024-10-17;25/10/2024;29/11/2024;CLI-0199;EMP-504;ENT-SAG;BD-1070;4;64,14;15,80;39,88;Courriel
CMD-101667;2024-09-24;28/09/2024;19/11/2024;CLI-0139;EMP-506;ENT-QC;BD-1044;4;275,08;14,80;195,45;Représentant
CMD-100244;06/03/2024;09/03/2024;17/04/2024;CLI-0130;EMP-508;ENT-QC;BD-1154;7;436,60;18,30;323,13;Représentant
CMD-101771;2024-10-03;06/10/2024;22/11/2024;CLI-0035;EMP-503;ENT-MTL;BD-1169;2;506,67;12,10;276,47;Portail web
CMD-100548;2024-04-22;30/04/2024;01/06/2024;CLI-0007;EMP-508;ENT-MTL;BD-1139;6;337,42;5,90;198,93;Représentant
CMD-101253;2024-08-08;16/08/2024;04/10/2024;CLI-0106;EMP-501;ENT-QC;BD-1044;8;268,39;16,90;195,45;Salon
CMD-101121;18/07/2024;22/07/2024;2024-09-03;CLI-0149;EMP-501;ENT-SAG;BD-1005;4;313,44;4,10;204,06;Représentant
CMD-100330;20/03/2024;29/03/2024;2024-05-23;CLI-0054;EMP-507;ENT-SAG;BD-1105;2;228,01;12,00;166,12;Portail web
CMD-100636;2024-05-06;12/05/2024;27/06/2024;CLI-0217;EMP-506;ENT-MTL;BD-1022;4;364,75;19,70;247,74;Représentant
CMD-101807;08-oct-24;13/10/2024;21/10/2024;CLI-0172;EMP-502;ENT-QC;BD-1127;1;294,26;2,30;170,72;Salon
CMD-101257;08/08/2024;16-août-24;02/09/2024;CLI-0009;EMP-502;ENT-QC;BD-1051;17;97,35;24,90;78,12;Portail web
CMD-101731;01/10/2024;09/10/2024;13-nov-24;cli-0215;EMP-503;ENT-QC;BD-1068;1;532,82;5,50;284,28;Salon
CMD-100827;2024-05-30;04/06/2024;06/07/2024;CLI-0103;EMP-502;ENT-SAG;BD-1115;1;72,69;2,70;46,26;Représentant
CMD-100245;07/03/2024;10/03/2024;2024-04-02;CLI-0209;EMP-508;ENT-SAG;BD-1172;10;339,74;18,80;216,67;Représentant
CMD-101071;04/07/2024;13-juil-24;18/08/2024;CLI-0127;EMP-503;ENT-MTL;BD-1105;1;215,98;16,60;166,12;Salon
CMD-101207;02/08/2024;2024-08-06;25/08/2024;CLI-0130;EMP-508;ENT-MTL;BD-1026;33;352,50;19,60;241,74;Téléphone
CMD-100137;2024-02-09;18/02/2024;05/03/2024;CLI-0178;EMP-501;ENT-MTL;BD-1121;3;73,73;5,30;43,73;Téléphone
CMD-100426;;11/04/2024;20/05/2024;CLI-0137;EMP-503;ENT-MTL;BD-1063;8;281,67;23,50;242,15;Portail web
CMD-100904;11/06/2024;2024-06-13;12/07/2024;CLI-0090;EMP-505;ENT-MTL;BD-1120;3;247,09;16,80;182,88;Téléphone
CMD-101757;03/10/2024;09/10/2024;2024-12-03;CLI-0074;EMP-507;ENT-SAG;BD-1129;13;58,52;18,60;45,49;Représentant
CMD-101254;08/08/2024;2024-08-10;28/08/2024;CLI-0031;EMP-509;ENT-SAG;BD-1010;8;137,73;15,50;87,08;Portail web
CMD-102311;2024-12-26;29/12/2024;22/01/2025;CLI-0103;EMP-502;ENT-SAG;BD-1024;8;323,47;3,20;185,46;Représentant
CMD-100305;2024-03-16;23/03/2024;10/04/2024;CLI-0103;EMP-502;ENT-QC;BD-1025;24;213,50;8,70;146,28;Portail web
CMD-100498;15/04/2024;20/04/2024;15-mai-24;CLI-0061;EMP-503;ENT-MTL;BD-1064;4;105,09;16,10;69,43;Représentant
CMD-100597;30/04/2024;02/05/2024;06/06/2024;CLI-0212;EMP-507;ENT-MTL;BD-1080;3;259,15;21,60;173,12;Téléphone
CMD-101503;06/09/2024;12/09/2024;2024-10-23;CLI-0218;EMP-503;ENT-QC;BD-1052;4;287,03;6,50;179,27;Portail web
CMD-102056;07/11/2024;09/11/2024;2024-12-04;CLI-0133;EMP-508;ENT-MTL;BD-1146;2;332,27;11,50;220,88;Représentant
CMD-101875;16/10/2024;2024-10-21;23/11/2024;CLI-0042;EMP-505;ENT-QC;BD-1130;2;487,14;13,70;317,23;Représentant
CMD-102094;13-nov-24;16/11/2024;26/12/2024;CLI-0089;EMP-502;ENT-QC;BD-1100;2;432,32;19,40;306,44;Représentant
CMD-101783;2024-10-04;13/10/2024;01/12/2024;CLI-0132;EMP-507;ENT-QC;BD-1094;24;181,47;11,00;121,74;Téléphone
CMD-101306;2024-08-14;18/08/2024;29/08/2024;CLI-0217;EMP-506;ENT-MTL;BD-1027;12;347,49;24,10;249,72;Représentant
CMD-100618;02/05/2024;05/05/2024;18-juin-24;CLI-0080;EMP-506;ENT-MTL;BD-1111;8;192,58;13,10;145,84;Représentant
CMD-100517;17/04/2024;2024-04-23;16/05/2024;CLI-0089;EMP-502;ENT-MTL;BD-1092;11;228,83;18,90;140,04;Téléphone
CMD-101799;08/10/2024;10/10/2024;14-nov-24;CLI-0067;EMP-502;ENT-MTL;BD-1093;3;200,97;10,20;132,18;Représentant
CMD-100275;12-mars-24;18/03/2024;20/04/2024;CLI-0137;EMP-503;ENT-MTL;BD-1159;4;217,35;24,80;166,16;Représentant
CMD-101456;02/09/2024;11/09/2024;;CLI-0076;EMP-507;ENT-MTL;BD-1096;6;237,57;19,80;170,74;Représentant
CMD-101359;21/08/2024;24/08/2024;2024-08-29;CLI-0213;EMP-508;ENT-QC;BD-1031;2;476,83;8,20;294,44;Téléphone
CMD-102115;16/11/2024;18/11/2024;06/12/2024;CLI-0218;EMP-503;ENT-SAG;BD-1130;4;538,47;4,60;317,23;Courriel
CMD-101915;21/10/2024;26/10/2024;2024-12-14;CLI-0074;EMP-507;ENT-QC;BD-1150;5;505,61;19,20;339,92;Représentant
CMD-100615;02/05/2024;04/05/2024;2024-05-24;CLI-0009;EMP-502;ENT-MTL;BD-1013;15;397,79;22,90;308,85;Téléphone
CMD-101160;24/07/2024;27/07/2024;02/08/2024;CLI-0130;EMP-508;ENT-SAG;BD-1113;19;349,49;18,20;276,01;Téléphone
CMD-100397;01/04/2024;06/04/2024;2024-05-05;CLI-0131;EMP-502;ENT-MTL;BD-1054;3;406,34;12,80;257,53;Téléphone
CMD-102322;30/12/2024;08/01/2025;2025-02-07;CLI-0071;EMP-503;ENT-QC;BD-1071;6;514,77;3,60;301,72;Représentant
CMD-100275;12/03/2024;18/03/2024;20/04/2024;CLI-0137;EMP-503;ENT-MTL;BD-1060;-2;297,68;24,80;241,90;Représentant
CMD-100910;11/06/2024;2024-06-15;22/07/2024;CLI-0043;EMP-506;ENT-MTL;BD-1166;12;347,04;16,50;212,88;Portail web
CMD-101312;15/08/2024;2024-08-24;24/09/2024;CLI-0191;EMP-504;ENT-MTL;BD-1058;8;218,93;10,60;146,46;Représentant
CMD-100761;2024-05-21;25/05/2024;30/06/2024;CLI-0012;EMP-501;ENT-QC;BD-1005;13;257,69;21,20;204,06;Portail web
CMD-101706;27/09/2024;05/10/2024;19-oct-24;CLI-0059;EMP-504;ENT-QC;BD-1153;8;164,50;18,00;113,61;Salon
CMD-100832;30/05/2024;03/06/2024;12/07/2024;CLI-0080;EMP-506;ENT-SAG;BD-1012;8;108,45;10,90;68,19;Représentant
CMD-101254;08/08/2024;10/08/2024;28-août-24;CLI-0031;EMP-509;ENT-SAG;BD-1163;6;518,18;15,50;294,58;Portail web
CMD-100627;03/05/2024;06-mai-24;03/06/2024;CLI-0131;EMP-502;ENT-QC;BD-1030;1;157,08;14,20;98,88;Représentant
CMD-102004;31/10/2024;06/11/2024;2024-12-18;CLI-0190;EMP-504;ENT-MTL;BD-1128;12;133,93;7,50;77,25;Représentant
CMD-101496;06/09/2024;14-sept-24;17/09/2024;CLI-0164;EMP-509;ENT-MTL;BD-1084;1;558,37;3,80;312,00;Représentant
CMD-100966;2024-06-18;26/06/2024;13/08/2024;CLI-0140;EMP-502;ENT-MTL;BD-1049;2;53,30;2,50;30,58;Représentant
CMD-100352;26/03/2024;2024-04-01;12/05/2024;CLI-0056;EMP-502;ENT-MTL;BD-1021;6;295,18;18,80;201,55;Portail web
CMD-102077;11/11/2024;17/11/2024;2024-12-21;CLI-0099;EMP-505;ENT-MTL;BD-1082;17;374,40;21,20;278,39;Téléphone
CMD-101446;02/09/2024;05/09/2024;2024-10-07;CLI-0067;EMP-502;ENT-QC;BD-1067;1;35,63;14,40;23,77;Téléphone
CMD-100004;2024-01-01;07/01/2024;24/02/2024;CLI-0043;EMP-506;ENT-MTL;BD-1080;8;289,33;12,50;173,12;Portail web
CMD-100832;30/05/2024;03/06/2024;2024-07-12;CLI-0080;EMP-506;ENT-SAG;BD-1046;4;425,27;10,90;308,91;Portail web
CMD-101070;04/07/2024;07/07/2024;2024-08-22;CLI-0045;EMP-502;ENT-QC;BD-1112;6;102,18;11,00;65,64;Courriel
CMD-100624;03/05/2024;10-mai-24;14/06/2024;CLI-0102;EMP-506;ENT-SAG;BD-1156;2;292,41;3,20;161,25;Représentant
CMD-101419;29/08/2024;02/09/2024;2024-09-12;CLI-0063;EMP-503;ENT-MTL;BD-1024;2;277,59;16,90;185,46;Courriel
CMD-101833;11/10/2024;19/10/2024;2024-11-08;CLI-0050;EMP-502;ENT-QC;BD-1087;12;340,37;11,80;211,22;Représentant
CMD-102080;12/11/2024;14/11/2024;2024-12-13;CLI-0047;EMP-508;ENT-QC;BD-1127;6;252,35;16,20;170,72;Représentant
CMD-100974;19/06/2024;23/06/2024;2024-07-26;CLI-0089;EMP-502;ENT-QC;BD-1021;6;296,21;18,60;201,55;Portail web
CMD-102202;2024-11-28;05/12/2024;01/01/2025;CLI-0173;EMP-508;ENT-QC;BD-1110;8;245,91;13,40;178,91;Portail web
CMD-100032;2024-01-09;17/01/2024;15/02/2024;CLI-0196;EMP-506;ENT-SAG;BD-1014;4;40,74;8,80;26,62;Représentant
CMD-100412;03-avr-24;05/04/2024;07/06/2024;CLI-0009;EMP-502;ENT-SAG;BD-1055;22;260,95;20,50;209,35;Représentant
CMD-100619;02/05/2024;2024-05-11;03/06/2024;CLI-0188;EMP-506;ENT-MTL;BD-1146;3;327,70;12,70;220,88;Représentant
CMD-100843;31/05/2024;2024-06-05;24/06/2024;CLI-0038;EMP-507;ENT-MTL;BD-1038;12;475,72;13,80;313,36;Portail web
CMD-100418;04/04/2024;2024-04-10;14/05/2024;CLI-0049;EMP-508;ENT-QC;BD-1156;6;263,57;12,80;161,25;Représentant
CMD-102078;2024-11-11;13/11/2024;01/01/2025;CLI-0084;EMP-503;ENT-MTL;BD-1135;6;63,11;13,90;39,89;Portail web
CMD-102046;06/11/2024;14/11/2024;2025-01-02;CLI-0204;EMP-506;ENT-QC;BD-1085;2;64,77;3,60;40,90;Téléphone
CMD-100474;11/04/2024;17/04/2024;;CLI-0147;EMP-506;ENT-QC;BD-1111;4;207,14;6,50;145,84;Téléphone
CMD-102251;10/12/2024;2024-12-18;12/01/2025;CLI-0049;EMP-508;ENT-MTL;BD-1182;2;93,29;14,30;56,87;Portail web
CMD-101491;06/09/2024;13/09/2024;;CLI-0053;EMP-509;ENT-MTL;BD-1096;4;263,68;11,00;170,74;Portail web
CMD-100049;15/01/2024;22/01/2024;2024-02-28;CLI-0124;EMP-509;ENT-MTL;BD-1125;4;403,63;8,20;285,25;Téléphone
CMD-100134;2024-02-09;18/02/2024;25/02/2024;CLI-0049;EMP-508;ENT-MTL;BD-1019;12;259,91;13,70;170,21;Représentant
CMD-100241;06/03/2024;2024-03-12;12/04/2024;CLI-0007;EMP-508;ENT-QC;BD-1006;2;313,36;6,40;178,72;Représentant
CMD-100543;22/04/2024;27/04/2024;2024-06-10;  CLI-0188;EMP-506;ENT-MTL;BD-1040;6;371,89;15,60;268,77;Représentant
CMD-100137;09-févr-24;18/02/2024;05/03/2024;CLI-0178;EMP-501;ENT-MTL;BD-1103;4;215,75;5,30;151,66;Portail web
CMD-101566;12/09/2024;16/09/2024;04-nov-24;CLI-0037;EMP-504;ENT-MTL;BD-1111;20;164,93;25,60;145,84;Représentant
CMD-100786;24/05/2024;2024-05-28;20/07/2024;CLI-0182;EMP-503;ENT-MTL;BD-1171;6;133,27;15,80;83,70;Représentant
CMD-100150;31/02/2024;22/02/2024;2024-03-31;CLI-0067;EMP-502;ENT-QC;BD-1180;4;160,45;15,30;93,34;Courriel
CMD-100941;14/06/2024;19-juin-24;31/07/2024;CLI-0138;EMP-506;ENT-SAG;BD-1124;6;241,97;5,10;150,61;Représentant
CMD-102272;14/12/2024;19/12/2024;17-janv-25;CLI-0062;EMP-507;ENT-SAG;BD-9215;2;483,30;16,80;312,00;Portail web
CMD-100071;2024-01-22;31/01/2024;23/02/2024;CLI-0089;EMP-502;ENT-QC;BD-1137;6;32,62;23,80;25,06;Portail web
CMD-100408;03/04/2024;11/04/2024;16-mai-24;CLI-0056;EMP-502;ENT-MTL;BD-1154;5;402,45;24,70;323,13;Représentant
CMD-102032;2024-11-05;11/11/2024;20/12/2024;CLI-0054;EMP-507;ENT-QC;BD-9929;24;84,56;16,60;61,66;Portail web
CMD-100518;18/04/2024;27/04/2024;2024-06-02;CLI-0008;EMP-506;ENT-QC;BD-1141;3;482,24;3,40;307,78;Portail web
CMD-100154;14/02/2024;2024-02-17;20/03/2024;CLI-0162;EMP-508;ENT-SAG;BD-1023;12;320,58;15,10;239,29;Représentant
CMD-101932;23/10/2024;28/10/2024;2024-12-10;CLI-0153;EMP-507;ENT-QC;BD-1095;8;86,46;16,60;53,64;Représentant
CMD-101711;27/09/2024;05/10/2024;2024-10-13;CLI-0012;EMP-501;ENT-QC;BD-1141;7;396,73;20,50;307,78;Salon
CMD-101974;28/10/2024;05/11/2024;15-nov-24;CLI-0043;EMP-506;ENT-SAG;BD-1133;6;90,59;10,60;61,66;Téléphone
CMD-101876;16/10/2024;22-oct-24;23/11/2024;CLI-0193;EMP-509;ENT-QC;BD-1084;1;484,49;16,60;312,00;Représentant
CMD-101730;30/09/2024;2024-10-09;21/10/2024;CLI-0116;EMP-509;ENT-QC;BD-1030;2;154,13;15,80;98,88;Représentant
CMD-102224;03/12/2024;2024-12-06;16/01/2025;CLI-0149;EMP-501;ENT-QC;BD-1088;12;581,69;7,60;335,85;Portail web
CMD-101229;05/08/2024;08/08/2024;14/09/2024;CLI-0081;EMP-502;ENT-MTL;BD-1013;8;429,07;16,90;308,85;Portail web
CMD-101168;26/07/2024;2024-07-31;17/09/2024;CLI-0193;EMP-509;ENT-MTL;BD-1033;3;168,28;10,20;110,89;Représentant
CMD-101404;27/08/2024;29/08/2024;18/09/2024;CLI-0029;EMP-506;ENT-MTL;BD-1135;4;55,01;25,00;39,89;Téléphone
CMD-100457;09-avr-24;18/04/2024;01/05/2024;cli-0096;EMP-504;ENT-QC;BD-1054;8;428,73;8,00;257,53;Représentant
CMD-101498;06/09/2024;15/09/2024;2024-10-23;CLI-0130;EMP-508;ENT-SAG;BD-1175;5;133,50;21,40;94,86;Téléphone
CMD-100098;31/01/2024;02/02/2024;2024-02-28;CLI-0089;EMP-502;ENT-MTL;BD-1132;9;157,75;20,60;125,81;Représentant
CMD-101119;17/07/2024;22-juil-24;31/08/2024;CLI-0209;EMP-508;ENT-QC;BD-1180;5;141,02;25,50;93,34;Portail web
CMD-101160;2024-07-24;27/07/2024;02/08/2024;CLI-0130;EMP-508;ENT-SAG;BD-1063;25;301,46;18,20;242,15;Représentant
CMD-101760;03/10/2024;2024-10-05;14/11/2024;CLI-0075;EMP-506;ENT-MTL;BD-1147;2;565,58;5,40;339,78;Portail web
CMD-100746;20/05/2024;2024-05-28;26/06/2024;CLI-0093;EMP-508;ENT-SAG;BD-1043;3;470,77;10,80;294,10;Téléphone
CMD-100103;01/02/2024;07/02/2024;2024-02-29;CLI-0049;EMP-508;ENT-QC;BD-1022;4;395,08;13,10;247,74;Courriel
CMD-100512;2024-04-17;22/04/2024;02/05/2024;CLI-0089;EMP-502;ENT-SAG;BD-1038;13;415,38;24,70;313,36;Représentant
CMD-101859;2024-10-15;19/10/2024;24/11/2024;CLI-0019;EMP-502;ENT-QC;BD-1130;12;524,68;7,00;317,23;Téléphone
CMD-101874;16/10/2024;2024-10-25;27/11/2024;CLI-0040;EMP-509;ENT-QC;BD-1167;8;324,16;12,70;205,42;Courriel
CMD-100585;29/04/2024;05-mai-24;27/06/2024;CLI-0162;EMP-508;ENT-MTL;BD-1001;8;299,15;10,80;182,30;Salon
CMD-100311;2024-03-18;23/03/2024;02/05/2024;CLI-0076;EMP-507;ENT-MTL;BD-1160;78;64,53;18,10;40,71;Représentant
CMD-102049;06/11/2024;14/11/2024;19-déc-24;CLI-0123;EMP-501;ENT-MTL;BD-1081;3;505,85;14,70;302,82;Téléphone
CMD-101354;20-août-24;22/08/2024;18/09/2024;CLI-0062;EMP-507;ENT-QC;BD-1170;3;31,08;11,60;16,60;Téléphone
CMD-102122;18/11/2024;20/11/2024;2024-12-27;CLI-0056;EMP-502;ENT-QC;BD-1069;12;323,19;19,00;198,50;Téléphone
CMD-101555;11-sept-24;14/09/2024;30/10/2024;CLI-0037;EMP-504;ENT-MTL;BD-1071;2;404,07;24,30;301,72;Représentant
CMD-102323;31/12/2024;2025-01-06;05/02/2025;CLI-0059;EMP-504;ENT-QC;BD-1118;80;379,78;23,60;336,11;Représentant
CMD-100465;10/04/2024;18/04/2024;2024-05-21;CLI-0049;EMP-508;ENT-MTL;BD-1032;6;473,43;13,50;339,97;Portail web
CMD-101089;08/07/2024;17/07/2024;2024-09-19;CLI-0149;EMP-501;ENT-MTL;BD-1117;2;143,99;2,80;98,28;Courriel
CMD-101738;01/10/2024;10/10/2024;10-nov-24;CLI-0185;EMP-508;ENT-SAG;BD-1175;2;132,81;21,80;94,86;Courriel
CMD-100700;14/05/2024;17/05/2024;08/06/2024;CLI-0135;EMP-506;ENT-QC;BD-1057;6;25,54;14,40;19,26;Portail web
CMD-101186;31/07/2024;05/08/2024;05-sept-24;CLI-0093;EMP-508;ENT-MTL;BD-1125;6;366,66;16,70;285,25;Représentant
CMD-100951;17/06/2024;19/06/2024;2024-08-07;CLI-0188;EMP-506;ENT-QC;BD-1109;8;392,45;14,70;303,82;Courriel
CMD-101057;03/07/2024;09-juil-24;10/08/2024;CLI-0042;EMP-505;ENT-QC;BD-1054;2;388,47;16,60;257,53;Représentant
CMD-100073;2024-01-22;26/01/2024;06/03/2024;CLI-0036;EMP-505;ENT-QC;BD-1137;2;36,76;14,10;25,06;Représentant
CMD-101194;01/08/2024;04/08/2024;2024-09-04;CLI-0059;EMP-504;ENT-MTL;BD-1138;12;109,83;25,40;86,38; 
CMD-100247;07/03/2024;11/03/2024;30/04/2024;CLI-0059;EMP-504;ENT-QC;BD-1174;2;219,13;25,70;165,53;Courriel
CMD-100047;15/01/2024;2024-01-18;28/02/2024;CLI-0037;EMP-504;ENT-QC;BD-1089;3;251,19;20,70;157,64;Portail web
CMD-101900;2024-10-18;23/10/2024;01/12/2024;CLI-0043;EMP-506;ENT-QC;BD-1081;12;533,55;10,00;302,82;Portail web
CMD-101816;09/10/2024;2024-10-12;17/11/2024;CLI-0209;EMP-508;ENT-SAG;BD-1050;27;374,32;25,70;291,69;Représentant
CMD-100512;2024-04-17;22/04/2024;02/05/2024;CLI-0089;EMP-502;ENT-SAG;BD-1168;6;301,11;24,70;224,71;Portail web
CMD-102099;14/11/2024;20-nov-24;12/12/2024;CLI-0075;EMP-506;ENT-QC;BD-1056;3;449,21;8,70;287,11;Représentant
CMD-100614;2024-05-01;03/05/2024;23/06/2024;CLI-0055;EMP-506;ENT-QC;BD-1051;3;118,84;8,40;78,12;Représentant
CMD-100696;2024-05-13;18/05/2024;;CLI-0181;EMP-504;ENT-MTL;BD-1043;3;502,10;4,90;294,10;Courriel
CMD-101228;2024-08-05;13/08/2024;03/09/2024;CLI-0045;EMP-502;ENT-SAG;BD-1164;6;172,73;11,40;98,38;Portail web
CMD-100717;16/05/2024;18/05/2024;2024-06-24;CLI-0217;EMP-506;ENT-MTL;BD-1146;56;298,55;20,50;220,88;Portail web
CMD-101195;01/08/2024;2024-08-09;16/09/2024;CLI-0073;EMP-501;ENT-SAG;BD-1023;12;325,90;13,70;239,29;Représentant
CMD-101214;02/08/2024;11/08/2024;2024-09-15;CLI-0130;EMP-508;ENT-MTL;BD-1061;12;94,52;20,00;75,23;Représentant
CMD-100354;26-mars-24;03/04/2024;17/05/2024;CLI-0188;EMP-506;ENT-MTL;BD-1178;1;172,23;16,10;116,97;Représentant
CMD-101530;10/09/2024;19/09/2024;21-oct-24;CLI-0216;EMP-503;ENT-QC;BD-1061;2;108,37;8,30;75,23;Téléphone
CMD-100063;19/01/2024;21/01/2024;2024-02-19;CLI-0011;EMP-507;ENT-MTL;BD-1128;1;139,34;3,80;77,25;Représentant
CMD-100554;23/04/2024;25-avr-24;01/07/2024;CLI-0031;EMP-509;ENT-QC;BD-1136;2;174,27;16,10;110,14;Portail web
CMD-101966;28/10/2024;04/11/2024;2024-12-03;CLI-0037;EMP-504;ENT-QC;BD-1149;79;136,24;25,60;108,85;Représentant
CMD-100573;26/04/2024;02/05/2024;12-juin-24;CLI-0168;EMP-509;ENT-SAG;BD-1108;4;254,82;6,70;166,46;Téléphone
CMD-101209;02/08/2024;2024-08-10;12/09/2024;CLI-0149;EMP-501;ENT-QC;BD-1064;6;116,71;6,80;69,43;Représentant
CMD-101601;16/09/2024;21/09/2024;2024-10-27;CLI-0031;EMP-509;ENT-QC;BD-1090;6;81,32;15,20;57,58;Portail web
CMD-102032;05-nov-24;11/11/2024;20/12/2024;CLI-0054;EMP-507;ENT-QC;BD-1098;1;367,72;16,60;257,11;Portail web
CMD-101396;27/08/2024;03/09/2024;2024-10-20;CLI-0087;EMP-502;ENT-MTL;BD-1024;2;298,93;10,50;185,46;Représentant
CMD-100568;25/04/2024;2024-04-29;12/05/2024;CLI-0029;EMP-506;ENT-QC;BD-1009;1;80,32;23,60;66,28;Représentant
CMD-101837;2024-10-11;19/10/2024;30/10/2024;CLI-0173;EMP-508;ENT-QC;BD-1079;3;221,79;15,90;144,83;Téléphone
CMD-101424;2024-08-29;31/08/2024;07/09/2024;CLI-0011;EMP-507;ENT-SAG;BD-1020;8;53,68;6,60;32,44;Portail web
CMD-102140;2024-11-19;26/11/2024;12/01/2025;CLI-0031;EMP-509;ENT-MTL;BD-1071;24;460,83;13,70;301,72;Courriel
CMD-102304;25/12/2024;30/12/2024;11/02/2025;CLI-0035;EMP-503;ENT-MTL;BD-1158;3;309,91;11,30;180,81;Représentant
CMD-100977;20/06/2024;27/06/2024;2024-08-18;CLI-0009;EMP-502;ENT-QC;BD-1126;9;158,04;21,90;130,29;Portail web
CMD-101706;27/09/2024;05/10/2024;2024-10-19;CLI-0059;EMP-504;ENT-QC;BD-1095;11;85,01;18,00;53,64;Représentant
CMD-100055;17/01/2024;22/01/2024;2024-02-21;CLI-0155;EMP-506;ENT-SAG;BD-1180;3;158,00;16,50;93,34;Portail web
CMD-100033;09/01/2024;18/01/2024;22/02/2024;CLI-0063;EMP-503;ENT-SAG;BD-1055;0;292,35;11,00;209,35;Représentant
CMD-101049;02/07/2024;10/07/2024;12-août-24;CLI-0157;EMP-502;ENT-QC;BD-1104;4;97,12;12,20;75,12;Représentant
CMD-101745;02/10/2024;10/10/2024;26/10/2024;CLI-0029;EMP-506;ENT-SAG;BD-1157;9;42,87;18,10;24,69;Représentant
CMD-101291;2024-08-13;17/08/2024;17/09/2024;CLI-0148;EMP-501;ENT-QC;BD-1159;8;254,92;11,80;166,16;Portail web
CMD-100168;19/02/2024;28/02/2024;2024-04-04;CLI-0082;EMP-504;ENT-QC;BD-1054;8;441,40;5,30;257,53;Portail web
CMD-100858;03/06/2024;2024-06-09;23/07/2024;CLI-0169;EMP-507;ENT-QC;BD-1124;8;216,89;14,90;150,61;Portail web
CMD-101702;2024-09-27;01/10/2024;17/11/2024;CLI-0009;EMP-502;ENT-MTL;BD-1134;12;84,33;23,30;60,50;Représentant
CMD-101020;27/06/2024;03/07/2024;2024-08-20;CLI-0082;EMP-504;ENT-QC;BD-1003;3;273,80;8,20;188,61;Courriel
CMD-102306;25/12/2024;03/01/2025;11-févr-25;CLI-0057;EMP-507;ENT-QC;BD-1131;12;56,73;15,40;36,32;Téléphone
CMD-101346;19/08/2024;2024-08-25;04/10/2024;CLI-0111;EMP-507;ENT-MTL;BD-1009;6;97,97;6,80;66,28;Représentant
CMD-100313;19/03/2024;24-mars-24;22/04/2024;CLI-0146;EMP-503;ENT-MTL;BD-1092;2;239,91;15,00;140,04;Portail web
CMD-100134;09/02/2024;18-févr-24;25/02/2024;CLI-0049;EMP-508;ENT-MTL;BD-1167;3;320,50;13,70;205,42;Téléphone
CMD-101836;11/10/2024;2024-10-18;25/11/2024;CLI-0214;EMP-508;ENT-MTL;BD-1053;3;298,25;8,80;176,84;Salon
CMD-101079;2024-07-06;14/07/2024;14/08/2024;CLI-0166;EMP-503;ENT-MTL;BD-1158;2;310,47;11,20;180,81;Portail web
CMD-101865;2024-10-15;20/10/2024;22/11/2024;CLI-0183;EMP-506;ENT-QC;BD-1076;3;510,52;9,00;281,11;Représentant
CMD-100668;09-mai-24;15/05/2024;;CLI-0206;EMP-503;ENT-QC;BD-1009;3;88,25;16,10;66,28;Courriel
CMD-101374;23-août-24;27/08/2024;23/09/2024;CLI-0190;EMP-504;ENT-QC;BD-1063;2;341,96;7,20;242,15;Téléphone
CMD-100594;30/04/2024;05-mai-24;22/05/2024;CLI-0166;EMP-503;ENT-QC;BD-1045;2;113,79;13,20;76,76;Représentant
CMD-101555;2024-09-11;14/09/2024;30/10/2024;CLI-0037;EMP-504;ENT-MTL;BD-1086;14;104,29;24,30;80,72;Représentant
CMD-101512;09/09/2024;13/09/2024;11/10/2024;CLI-0042;EMP-505;ENT-MTL;BD-1093;3;190,30;15,00;132,18;Courriel
CMD-102117;2024-11-16;25/11/2024;19/12/2024;CLI-0137;EMP-503;ENT-SAG;BD-1152;18;370,33;23,00;265,82;Salon
CMD-101747;02/10/2024;09/10/2024;31-oct-24;CLI-0009;EMP-502;ENT-QC;BD-1085;3;50,94;24,20;40,90;Portail web
CMD-101648;21/09/2024;25/09/2024;02/11/2024;CLI-0038;EMP-507;ENT-SAG;BD-1169;24;508,64;11,80;276,47;Téléphone
CMD-100271;2024-03-11;14/03/2024;22/04/2024;CLI-0217;EMP-506;ENT-MTL;BD-1061;4;88,25;25,30;75,23;Portail web
CMD-100148;13/02/2024;2024-02-22;16/03/2024;CLI-0059;EMP-504;ENT-QC;BD-1066;19;256,71;25,50;199,26;Représentant
CMD-102250;09/12/2024;17/12/2024;31/12/2024;CLI-0212;EMP-507;ENT-SAG;BD-1133;4;80,74;20,40;61,66;Téléphone
CMD-100026;08/01/2024;16/01/2024;2024-02-25;CLI-0060;EMP-508;ENT-MTL;BD-1060;1;387,21;2,20;241,90;Représentant
CMD-100488;12/04/2024;21/04/2024;15/05/2024;CLI-0199;EMP-504;ENT-SAG;BD-1171;12;133,10;15,90;83,70;Portail web
CMD-101688;26/09/2024;02/10/2024;2024-10-07;CLI-0217;EMP-506;ENT-MTL;BD-1083;7;236,38;23,10;157,14;Portail web
CMD-100593;30/04/2024;08/05/2024;17-juin-24;CLI-0130;EMP-508;ENT-QC;BD-1039;44;158,71;19,80;119,66;Représentant
CMD-101079;06-juil-24;14/07/2024;14/08/2024;CLI-0166;EMP-503;ENT-MTL;BD-1038;2;490,18;11,20;313,36;Représentant
CMD-100910;11/06/2024;15-juin-24;22/07/2024;CLI-0043;EMP-506;ENT-MTL;BD-1014;12;37,33;16,50;26,62;Portail web
CMD-100966;18/06/2024;26-juin-24;13/08/2024;CLI-0140;EMP-502;ENT-MTL;BD-1125;12;429,13;2,50;285,25;Portail web
CMD-101561;12-sept-24;20/09/2024;18/10/2024;CLI-0037;EMP-504;ENT-SAG;BD-1035;8;35,95;25,70;30,00;Représentant
CMD-101813;2024-10-09;17/10/2024;08/11/2024;CLI-0153;EMP-507;ENT-QC;BD-1100;6;460,89;14,10;306,44;Téléphone
CMD-100422;04/04/2024;08/04/2024;17/06/2024;CLI-0083;EMP-507;ENT-MTL;BD-1043;8;495,37;6,10;294,10;Représentant
CMD-101024;2024-06-28;01/07/2024;27/08/2024;CLI-0055;EMP-506;ENT-MTL;BD-1116;6;86,60;2,30;58,93;Représentant
CMD-102211;29-nov-24;01/12/2024;07/02/2025;CLI-0121;EMP-508;ENT-MTL;BD-1128;8;122,43;15,50;77,25;Portail web
CMD-101100;2024-07-12;18/07/2024;02/08/2024;CLI-0053;EMP-509;ENT-MTL;BD-1010;3;137,09;15,90;87,08;Courriel
CMD-101593;16-sept-24;24/09/2024;23/10/2024;CLI-0201;EMP-504;ENT-MTL;BD-1059;3;506,98;3,90;324,94;Courriel
CMD-101292;13/08/2024;21/08/2024;03-oct-24;CLI-0042;EMP-505;ENT-QC;BD-1040;2;377,30;14,40;268,77;Salon
CMD-102296;21/12/2024;25-déc-24;23/02/2025;CLI-0074;EMP-507;ENT-QC;BD-1082;31;0,00;25,00;278,39;Téléphone
CMD-101914;21-oct-24;26/10/2024;01/12/2024;CLI-0137;EMP-503;ENT-MTL;BD-1143;5;300,81;19,80;215,92;Représentant
CMD-100737;17/05/2024;2024-05-25;30/06/2024;CLI-0029;EMP-506;ENT-SAG;BD-1117;7;112,22;24,30;98,28;Représentant
CMD-102262;12/12/2024;2024-12-21;16/02/2025;CLI-0075;EMP-506;ENT-MTL;BD-1165;4;172,67;6,20;105,70;Représentant
CMD-100905;11/06/2024;16/06/2024;22/06/2024;CLI-0163;EMP-505;ENT-SAG;BD-1169;8;555,65;3,60;276,47;Téléphone
CMD-101018;27-juin-24;05/07/2024;30/08/2024;CLI-0037;EMP-504;ENT-QC;BD-1012;-1;95,64;21,40;68,19;Courriel
CMD-101445;02-sept-24;08/09/2024;28/09/2024;CLI-0054;EMP-507;ENT-MTL;BD-1160;1;67,47;14,30;40,71;Courriel
CMD-100266;09/03/2024;15/03/2024;2024-04-18;CLI-0210;EMP-503;ENT-QC;BD-1175;1;165,75;2,40;94,86;Représentant
CMD-101822;10/10/2024;16/10/2024;24-nov-24;CLI-0133;EMP-508;ENT-SAG;BD-1091;1;484,11;14,80;279,07;Courriel
CMD-101837;11-oct-24;19/10/2024;30/10/2024;CLI-0173;EMP-508;ENT-QC;BD-1149;8;154,02;15,90;108,85;Téléphone
CMD-100803;27-mai-24;01/06/2024;28/06/2024;CLI-0185;EMP-508;ENT-MTL;BD-1034;23;179,49;24,40;151,89;Représentant
CMD-101130;19/07/2024;22/07/2024;02/09/2024;CLI-0184;EMP-503;ENT-MTL;BD-1016;6;383,19;7,30;219,41;Portail web
CMD-101673;25/09/2024;28/09/2024;2024-11-11;CLI-0130;EMP-508;ENT-MTL;BD-1084;11;456,60;21,40;312,00;Portail web
CMD-100763;22/05/2024;2024-05-31;14/07/2024;CLI-0193;EMP-509;ENT-MTL;BD-1044;3;278,39;13,80;195,45;Courriel
CMD-102289;19/12/2024;2024-12-28;04/01/2025;CLI-0049;EMP-508;ENT-QC;BD-1161;2;113,32;16,10;62,84;Représentant
CMD-100243;2024-03-06;14/03/2024;08/04/2024;CLI-0185;EMP-508;ENT-SAG;BD-1075;8;81,88;18,70;59,74;Portail web
CMD-101975;2024-10-28;30/10/2024;12/11/2024;CLI-0099;EMP-505;ENT-MTL;BD-1178;18;152,16;25,90;116,97;Courriel
CMD-102022;01/11/2024;2024-11-04;15/12/2024;CLI-0212;EMP-507;ENT-MTL;BD-1002;14;359,47;23,30;292,58;Représentant
CMD-102257;11/12/2024;15/12/2024;2025-02-17;CLI-0187;EMP-507;ENT-MTL;BD-1154;1;476,61;10,80;323,13;Téléphone
CMD-102132;19/11/2024;23/11/2024;07/01/2025;CLI-0053;EMP-509;ENT-SAG;BD-1150;8;536,57;14,30;339,92;Représentant
CMD-101823;10/10/2024;2024-10-19;04/11/2024;CLI-0195;EMP-506;ENT-MTL;BD-1143;8;322,36;14,10;215,92;Représentant
CMD-100025;08-janv-24;15/01/2024;04/02/2024;CLI-0179;EMP-509;ENT-QC;BD-1091;8;539,41;5,00;279,07;Portail web
CMD-100914;12/06/2024;15/06/2024;12-juil-24;CLI-0079;EMP-509;ENT-MTL;BD-1165;6;173,63;5,60;105,70;Représentant
CMD-101979;29-oct-24;04/11/2024;17/12/2024;CLI-0029;EMP-506;ENT-MTL;BD-1182;10;87,22;19,90;56,87;Représentant
CMD-102150;21/11/2024;23/11/2024;27-déc-24;CLI-0009;EMP-502;ENT-SAG;BD-1098;12;342,84;22,20;257,11;Représentant
CMD-100160;16/02/2024;23/02/2024;19/03/2024;CLI-0029;EMP-506;ENT-QC;BD-1136;5;169,68;18,30;110,14;Téléphone
CMD-102071;11/11/2024;18/11/2024;26-nov-24;CLI-0153;EMP-507;ENT-MTL;BD-1077;8;286,21;16,30;167,57;Salon
CMD-100318;19/03/2024;24-mars-24;16/05/2024;CLI-0153;EMP-507;ENT-MTL;BD-1104;2;93,21;15,80;75,12;Représentant
CMD-101066;04/07/2024;07/07/2024;2024-08-24;CLI-0218;EMP-503;ENT-SAG;BD-1054;1;453,41;2,70;257,53;Représentant
CMD-102008;2024-10-31;09/11/2024;05/12/2024;CLI-0077;EMP-501;ENT-SAG;BD-1101;3;104,29;3,90;62,94;Courriel
CMD-100067;19/01/2024;25/01/2024;2024-03-15;CLI-0144;EMP-502;ENT-MTL;BD-1106;4;461,86;13,00;333,09;Représentant
CMD-101762;03/10/2024;07/10/2024;03-déc-24;CLI-0038;EMP-507;ENT-SAG;BD-1132;1;178,72;10,00;125,81;Courriel
CMD-101670;24/09/2024;2024-09-29;02/11/2024;CLI-0195;EMP-506;ENT-MTL;BD-1096;12;252,40;14,80;170,74;Représentant
CMD-100099;31/01/2024;09/02/2024;05-mars-24;CLI-0206;EMP-503;ENT-QC;BD-1140;12;52,78;16,90;40,41;Représentant
CMD-101488;06/09/2024;2024-09-08;16/11/2024;CLI-0217;EMP-506;ENT-QC;BD-1042;6;329,14;25,40;261,53;Représentant
CMD-102279;17/12/2024;25/12/2024;17/01/2025;CLI-0094;EMP-502;ENT-MTL;BD-1142;2;156,60;4,00;98,85;Portail web
CMD-100362;27/03/2024;02/04/2024;30-avr-24;CLI-0037;EMP-504;ENT-QC;BD-1127;4;232,88;22,70;170,72;Représentant
CMD-101837;11/10/2024;19/10/2024;2024-10-30;CLI-0173;EMP-508;ENT-QC;BD-1123;4;182,94;15,90;129,56;Représentant
CMD-100246;07/03/2024;2024-03-16;27/03/2024;CLI-0127;EMP-503;ENT-MTL;BD-1068;2;506,00;10,30;284,28;Téléphone
CMD-100308;18/03/2024;2024-03-21;28/04/2024;CLI-0217;EMP-506;ENT-QC;BD-1169;23;440,81;23,60;276,47;Représentant
CMD-100107;02/02/2024;07/02/2024;2024-03-09;CLI-0005;EMP-503;ENT-QC;BD-1139;3;343,69;4,20;198,93;Portail web
CMD-101062;2024-07-03;06/07/2024;13/08/2024;CLI-0128;EMP-502;ENT-QC;BD-1046;2;401,54;15,90;308,91;Téléphone
CMD-100973;19/06/2024;28-juin-24;26/07/2024;CLI-0090;EMP-505;ENT-SAG;BD-1004;1;243,10;11,30;155,56;Portail web
CMD-101717;2024-09-30;08/10/2024;27/10/2024;CLI-0185;EMP-508;ENT-QC;BD-1056;12;397,83;19,10;287,11;Représentant
CMD-102017;2024-11-01;04/11/2024;13/12/2024;CLI-0015;EMP-509;ENT-QC;BD-1088;2;600,02;4,70;335,85;Portail web
CMD-101432;30/08/2024;01-sept-24;;CLI-0082;EMP-504;ENT-MTL;BD-1138;24;138,52;6,00;86,38;Représentant
CMD-101035;2024-06-28;02/07/2024;09/08/2024;CLI-0037;EMP-504;ENT-QC;BD-1112;6;87,00;24,30;65,64;Représentant
CMD-102048;06-nov-24;10/11/2024;06/12/2024;CLI-0185;EMP-508;ENT-MTL;BD-1070;16;59,05;22,50;39,88;Portail web
CMD-101288;13/08/2024;18/08/2024;14-sept-24;CLI-0158;EMP-507;ENT-MTL;BD-1023;2;367,34;2,70;239,29;Représentant
CMD-100327;2024-03-20;22/03/2024;06/05/2024;CLI-0050;EMP-502;ENT-SAG;BD-1099;4;425,39;14,30;287,66;Courriel
CMD-102185;27/11/2024;2024-11-30;10/01/2025;CLI-0101;EMP-509;ENT-MTL;BD-1103;3;217,96;4,30;151,66;Téléphone
CMD-100762;21/05/2024;27/05/2024;2024-06-27;CLI-0130;EMP-508;ENT-QC;BD-1036;35;200,23;22,00;159,06;Représentant
CMD-102256;10/12/2024;19/12/2024;01/01/2025;CLI-0076;EMP-507;ENT-QC;BD-1087;16;314,61;18,40;211,22;Représentant
CMD-102009;31/10/2024;07/11/2024;07/12/2024;CLI-0053;EMP-509;ENT-SAG;BD-1076;2;488,44;12,90;281,11;Représentant
CMD-101611;17/09/2024;2024-09-26;15/11/2024;CLI-0039;EMP-503;ENT-SAG;BD-1035;4;45,38;6,20;30,00;Portail web
CMD-100996;25/06/2024;03/07/2024;2024-09-05;CLI-0173;EMP-508;ENT-QC;BD-1056;1;437,07;11,10;287,11;Représentant
CMD-102210;29/11/2024;2024-12-04;;CLI-0195;EMP-506;ENT-QC;BD-1087;3;321,10;16,80;211,22;Représentant
CMD-100722;16/05/2024;22-mai-24;17/06/2024;CLI-0185;EMP-508;ENT-QC;BD-1054;12;365,44;21,60;257,53;Courriel
CMD-102164;22-nov-24;30/11/2024;20/01/2025;CLI-0209;EMP-508;ENT-QC;BD-1070;6;57,43;24,60;39,88;Représentant
CMD-101055;02/07/2024;04-juil-24;04/08/2024;CLI-0212;EMP-507;ENT-SAG;BD-1016;6;311,40;24,70;219,41;Courriel
CMD-100501;15/04/2024;18/04/2024;2024-05-28;CLI-0164;EMP-509;ENT-MTL;BD-1133;3;94,20;7,10;61,66;Téléphone
CMD-101236;06/08/2024;13/08/2024;2024-09-30;CLI-0211;EMP-504;ENT-MTL;BD-1010;4;137,92;15,40;87,08;Portail web
CMD-101777;04/10/2024;11/10/2024;2024-11-02;CLI-0180;EMP-509;ENT-MTL;BD-1078;4;373,49;2,60;197,64;Portail web
CMD-101583;13/09/2024;2024-09-17;07/11/2024;CLI-0151;EMP-504;ENT-QC;BD-1099;4;480,13;3,30;287,66;Téléphone
CMD-100500;2024-04-15;21/04/2024;03/05/2024;CLI-0035;EMP-503;ENT-QC;BD-1107;1;193,17;12,30;147,44;Téléphone
CMD-102003;31/10/2024;03/11/2024;02-janv-25;CLI-0041;EMP-508;ENT-MTL;BD-1145;8;157,63;14,40;108,83;Portail web
CMD-100703;14/05/2024;20/05/2024;2024-06-16;CLI-0076;EMP-507;ENT-QC;BD-1026;13;324,96;25,90;241,74;Représentant
CMD-100088;26/01/2024;02/02/2024;10/03/2024;CLI-0139;EMP-506;ENT-QC;BD-1129;6;62,06;13,70;45,49;Représentant
CMD-100259;08/03/2024;2024-03-15;08/04/2024;CLI-0136;EMP-507;ENT-MTL;BD-1016;2;368,19;10,90;219,41;Représentant
CMD-100195;26/02/2024;01/03/2024;29-mars-24;CLI-0120;EMP-509;ENT-QC;BD-1030;12;172,67;5,70;98,88;Représentant
CMD-100646;07/05/2024;12/05/2024;2024-06-25;CLI-0029;EMP-506;ENT-QC;BD-1164;2;152,00;22,00;98,38;Représentant
CMD-101790;07/10/2024;13/10/2024;2024-11-10;CLI-0130;EMP-508;ENT-QC;BD-1098;12;332,62;24,60;257,11;Portail web
CMD-101484;2024-09-05;09/09/2024;09/11/2024;CLI-0118;EMP-504;ENT-MTL;BD-1087;1;332,26;13,90;211,22;Représentant
CMD-100548;22/04/2024;30/04/2024;2024-06-01;CLI-0007;EMP-508;ENT-MTL;BD-1116;3;83,41;5,90;58,93;Représentant
CMD-102232;04/12/2024;2024-12-10;15/01/2025;CLI-0112;EMP-505;ENT-MTL;BD-1141;1;435,38;12,80;307,78;Portail web
CMD-102115;2024-11-16;18/11/2024;06/12/2024;CLI-0218;EMP-503;ENT-SAG;BD-1172;3;399,36;4,60;216,67;Représentant
CMD-102300;23/12/2024;2024-12-31;13/02/2025;CLI-0165;EMP-507;ENT-MTL;BD-1079;3;250,80;4,90;144,83;Portail web
CMD-101358;21-août-24;29/08/2024;12/09/2024;CLI-0166;EMP-503;ENT-MTL;BD-1077;12;306,98;10,20;167,57;Représentant
CMD-101985;29/10/2024;31/10/2024;2024-11-28;CLI-0048;EMP-508;ENT-SAG;BD-1097;8;317,50;13,70;210,05;Téléphone
CMD-100555;23-avr-24;27/04/2024;08/06/2024;CLI-0198;EMP-504;ENT-QC;BD-1122;12;310,60;9,00;208,30;Représentant
CMD-102251;2024-12-10;18/12/2024;12/01/2025;CLI-0049;EMP-508;ENT-MTL;BD-1068;6;483,21;14,30;284,28;Représentant
CMD-100696;13/05/2024;18/05/2024;;CLI-0181;EMP-504;ENT-MTL;BD-1022;1;432,36;4,90;247,74;Représentant
CMD-100411;2024-04-03;06/04/2024;07/06/2024;CLI-0137;EMP-503;ENT-MTL;BD-1042;24;350,62;20,60;261,53;Représentant
CMD-100602;01/05/2024;07/05/2024;10-juin-24;CLI-0187;EMP-507;ENT-QC;BD-1021;24;323,06;11,20;201,55;Représentant
CMD-101386;26/08/2024;04/09/2024;05/10/2024;CLI-0137;EMP-503;ENT-QC;BD-1014;6;33,54;25,00;26,62;Représentant
CMD-100947;15/06/2024;24/06/2024;25-juil-24;CLI-0139;EMP-506;ENT-QC;BD-1063;3;324,08;12,00;242,15;Représentant
CMD-100583;29/04/2024;07/05/2024;;CLI-0217;EMP-506;ENT-MTL;BD-1057;11;23,30;21,90;19,26;Représentant
CMD-101896;18/10/2024;23/10/2024;2024-12-21;CLI-0143;EMP-503;ENT-MTL;BD-1150;8;546,50;12,70;339,92;Représentant
CMD-102184;27/11/2024;03/12/2024;2025-01-17;CLI-0026;EMP-506;ENT-SAG;BD-1030;4;156,81;14,30;98,88;Portail web
CMD-100994;24-juin-24;02/07/2024;15/08/2024;CLI-0056;EMP-502;ENT-MTL;BD-1122;1;278,51;18,40;208,30;Portail web
CMD-100366;27/03/2024;02/04/2024;2024-05-02;CLI-0099;EMP-505;ENT-MTL;BD-1017;8;423,53;24,90;307,26;Téléphone
CMD-100837;31/05/2024;07/06/2024;22-juil-24;CLI-0146;EMP-503;ENT-MTL;BD-1060;6;334,28;15,50;241,90;Téléphone
CMD-102000;31/10/2024;2024-11-06;22/12/2024;CLI-0046;EMP-508;ENT-QC;BD-1028;6;223,12;5,60;140,77;Représentant
CMD-100139;12/02/2024;18/02/2024;15-mars-24;CLI-0130;EMP-508;ENT-QC;BD-1171;39;129,48;18,20;83,70;Téléphone
CMD-101881;17-oct-24;25/10/2024;29/11/2024;CLI-0074;EMP-507;ENT-QC;BD-1147;6;462,22;22,70;339,78;Téléphone
CMD-100534;19/04/2024;28/04/2024;04-juin-24;CLI-0165;EMP-507;ENT-QC;BD-1040;6;423,52;3,90;268,77;Téléphone
CMD-100227;2024-03-04;09/03/2024;13/04/2024;CLI-0195;EMP-506;ENT-SAG;BD-1023;3;324,99;13,90;239,29;Représentant
CMD-101528;2024-09-10;17/09/2024;31/10/2024;CLI-0047;EMP-508;ENT-QC;BD-1041;4;221,54;12,60;159,88;Téléphone
CMD-101236;06-août-24;13/08/2024;30/09/2024;CLI-0211;EMP-504;ENT-MTL;BD-1140;4;53,75;15,40;40,41;Représentant
CMD-101466;03/09/2024;2024-09-12;28/09/2024;CLI-0213;EMP-508;ENT-MTL;BD-1089;4;288,77;8,80;157,64;Portail web
CMD-101324;16/08/2024;24/08/2024;16-sept-24;CLI-0031;EMP-509;ENT-QC;BD-1014;12;38,41;14,10;26,62;Représentant
CMD-101133;2024-07-19;23/07/2024;23/08/2024;CLI-0061;EMP-503;ENT-MTL;BD-1035;8;41,41;14,40;30,00;Représentant
CMD-101033;28/06/2024;03/07/2024;2024-08-21;CLI-0099;EMP-505;ENT-QC;BD-1112;20;86,33;24,80;65,64;Représentant
CMD-101419;29/08/2024;2024-09-02;12/09/2024;CLI-0063;EMP-503;ENT-MTL;BD-1159;4;240,05;16,90;166,16;Portail web
CMD-101010;27/06/2024;30/06/2024;28/07/2024;CLI-0181;EMP-504;ENT-MTL;BD-1110;3;276,02;2,80;178,91;Représentant
CMD-100024;08/01/2024;12/01/2024;06/03/2024;CLI-0182;EMP-503;ENT-SAG;BD-1126;1;174,17;14,00;130,29;Représentant
CMD-100459;2024-04-09;16/04/2024;01/06/2024;CLI-0067;EMP-502;ENT-MTL;BD-1084;12;501,57;13,60;312,00;Représentant
CMD-100601;2024-05-01;09/05/2024;30/05/2024;CLI-0030;EMP-501;ENT-MTL;BD-1117;3;144,65;2,40;98,28;Représentant
CMD-100044;12/01/2024;2024-01-19;18/02/2024;CLI-0038;EMP-507;ENT-QC;BD-1060;4;343,47;13,20;241,90;Téléphone
CMD-100824;30/05/2024;2024-06-04;11/06/2024;CLI-0137;EMP-503;ENT-QC;BD-1008;6;190,29;18,60;128,94;Représentant
CMD-101614;17-sept-24;19/09/2024;19/10/2024;CLI-0212;EMP-507;ENT-QC;BD-1104;8;87,28;21,10;75,12;Portail web
CMD-100260;08-mars-24;16/03/2024;10/05/2024;CLI-0143;EMP-503;ENT-QC;BD-1043;12;443,28;16,00;294,10;Téléphone
CMD-102040;06/11/2024;12/11/2024;07/12/2024;CLI-0080;EMP-506;ENT-MTL;BD-1167;6;308,94;16,80;205,42;Portail web
CMD-100007;02/01/2024;05-janv-24;18/02/2024;CLI-0095;EMP-505;ENT-QC;BD-1181;3;606,74;2,90;305,97;Portail web
CMD-100564;25/04/2024;30/04/2024;16/05/2024;CLI-0076;EMP-507;ENT-SAG;BD-1026;23;338,41;22,80;241,74;Représentant
CMD-101806;08/10/2024;10-oct-24;10/11/2024;CLI-0035;EMP-503;ENT-QC;BD-1089;3;283,38;10,50;157,64;Téléphone
CMD-102167;2024-11-23;28/11/2024;22/12/2024;CLI-0164;EMP-509;ENT-QC;BD-1075;4;91,78;8,90;59,74;Portail web
CMD-100103;01/02/2024;2024-02-07;29/02/2024;CLI-0049;EMP-508;ENT-QC;BD-1085;4;58,42;13,10;40,90;Portail web
CMD-101007;26/06/2024;28-juin-24;25/07/2024;CLI-0042;EMP-505;ENT-MTL;BD-1010;2;146,09;10,40;87,08;Représentant
CMD-101793;07/10/2024;13-oct-24;17/11/2024;CLI-0087;EMP-502;ENT-QC;BD-1078;4;321,20;16,20;197,64;Représentant
CMD-100758;21/05/2024;25/05/2024;03/07/2024;CLI-0124;EMP-509;ENT-MTL;BD-1025;4;218,35;6,60;146,28;Téléphone
CMD-101601;16/09/2024;2024-09-21;27/10/2024;CLI-0031;EMP-509;ENT-QC;BD-1063;8;312,49;15,20;242,15;Représentant
CMD-101972;28-oct-24;06/11/2024;29/12/2024;CLI-0112;EMP-505;ENT-QC;BD-1143;12;313,98;16,30;215,92;Représentant
CMD-100379;29/03/2024;31/03/2024;2024-05-24;CLI-0048;EMP-508;ENT-MTL;BD-1167;6;314,21;15,40;205,42;Portail web
CMD-101903;19/10/2024;28/10/2024;2024-11-13;CLI-0043;EMP-506;ENT-SAG;BD-1157;2;46,15;11,80;24,69;Représentant
CMD-101205;01/08/2024;08-août-24;18/09/2024;CLI-0047;EMP-508;ENT-MTL;BD-1105;4;221,78;14,40;166,12;Représentant
CMD-100822;29/05/2024;2024-05-31;27/06/2024;CLI-0095;EMP-505;ENT-QC;BD-1063;24;350,35;4,90;242,15;Représentant
CMD-100397;01/04/2024;06/04/2024;2024-05-05;CLI-0131;EMP-502;ENT-MTL;BD-1043;24;460,31;12,80;294,10;Représentant
CMD-100148;13/02/2024;2024-02-22;16/03/2024;CLI-0059;EMP-504;ENT-QC;BD-1155;31;403,82;25,50;322,38;Téléphone
CMD-102135;19/11/2024;2024-11-22;15/01/2025;CLI-0214;EMP-508;ENT-MTL;BD-1015;8;487,15;8,30;318,69;Portail web
CMD-101940;23/10/2024;28/10/2024;2024-12-18;CLI-0059;EMP-504;ENT-SAG;BD-1161;12;110,49;18,20;62,84;Représentant
CMD-101343;19/08/2024;2024-08-23;14/10/2024;CLI-0052;EMP-504;ENT-SAG;BD-1102;4;432,52;10,80;255,33;Représentant
CMD-100566;2024-04-25;30/04/2024;15/06/2024;CLI-0116;EMP-509;ENT-SAG;BD-1175;6;151,28;10,90;94,86;Téléphone
CMD-101974;28/10/2024;2024-11-05;15/11/2024;CLI-0043;EMP-506;ENT-SAG;BD-1143;12;335,22;10,60;215,92;Courriel
CMD-100766;22/05/2024;26/05/2024;20/06/2024;CLI-0185;EMP-508;ENT-SAG;BD-1050;7;405,96;19,50;291,69;Téléphone
CMD-101854;14-oct-24;18/10/2024;13/11/2024;CLI-0200;EMP-509;ENT-QC;BD-1146;6;337,34;10,20;220,88;N/A
CMD-100236;05-mars-24;12/03/2024;26/03/2024;CLI-0076;EMP-507;ENT-MTL;BD-1123;2;176,47;18,90;129,56;Téléphone
CMD-100892;10/06/2024;13/06/2024;2024-07-18;CLI-0198;EMP-504;ENT-QC;BD-1112;2;107,37;6,50;65,64;Représentant
CMD-101259;09-août-24;14/08/2024;01/09/2024;CLI-0059;EMP-504;ENT-QC;BD-1036;5;191,84;25,30;159,06;Téléphone
CMD-101367;22/08/2024;25-août-24;;CLI-0099;EMP-505;ENT-SAG;BD-1009;2;78,22;25,60;66,28;Portail web
CMD-100247;07-mars-24;11/03/2024;30/04/2024;CLI-0059;EMP-504;ENT-QC;BD-1167;8;275,63;25,70;205,42;Représentant
CMD-100510;16/04/2024;20/04/2024;03-juil-24;CLI-0044;EMP-505;ENT-MTL;BD-1130;3;491,62;12,90;317,23;Téléphone
CMD-100968;19/06/2024;23/06/2024;2024-08-26;CLI-0041;EMP-508;ENT-MTL;BD-1109;6;402,44;12,50;303,82;Téléphone
CMD-101829;11/10/2024;16/10/2024;2024-12-11;CLI-0173;EMP-508;ENT-MTL;BD-1150;8;541,74;13,40;339,92;Représentant
CMD-101852;14/10/2024;17/10/2024;04-déc-24;CLI-0129;EMP-508;ENT-SAG;BD-1039;4;192,04;3,00;119,66;Représentant
CMD-100349;25/03/2024;01-avr-24;11/05/2024;CLI-0173;EMP-508;ENT-SAG;BD-1112;1;97,85;14,80;65,64;Téléphone
CMD-100575;26/04/2024;03/05/2024;13/06/2024;CLI-0009;EMP-502;ENT-QC;BD-1010;15;121,69;25,30;87,08;Représentant
CMD-100295;15/03/2024;2024-03-23;24/04/2024;CLI-0029;EMP-506;ENT-MTL;BD-1173;21;325,54;18,30;207,98;Représentant
CMD-102046;06/11/2024;2024-11-14;02/01/2025;CLI-0204;EMP-506;ENT-QC;BD-1134;6;105,99;3,60;60,50;Représentant
CMD-102269;13/12/2024;2024-12-17;08/02/2025;CLI-0002;EMP-509;ENT-QC;BD-1140;8;61,12;3,80;40,41;Représentant
CMD-101643;20/09/2024;23/09/2024;25/10/2024;CLI-0062;EMP-507;ENT-SAG;BD-1049;6;47,85;12,40;30,58;Téléphone
CMD-101761;03/10/2024;06-oct-24;12/11/2024;CLI-0032;EMP-504;ENT-QC;BD-1050;4;474,63;5,90;291,69;Portail web
CMD-101782;04/10/2024;07/10/2024;23/11/2024;CLI-0027;EMP-502;ENT-MTL;BD-1171;3;147,18;7,00;83,70;Représentant
CMD-101925;22/10/2024;25-oct-24;18/12/2024;CLI-0108;EMP-503;ENT-QC;BD-1138;1;127,07;13,70;86,38;Représentant
CMD-102136;19/11/2024;24/11/2024;21-déc-24;CLI-0089;EMP-502;ENT-QC;BD-1155;6;404,77;25,30;322,38;Salon
CMD-101343;19/08/2024;23-août-24;14/10/2024;CLI-0052;EMP-504;ENT-SAG;BD-1044;3;288,22;10,80;195,45;Représentant
CMD-100843;31/05/2024;2024-06-05;24/06/2024;CLI-0038;EMP-507;ENT-MTL;BD-1045;3;113,00;13,80;76,76;Représentant
CMD-101009;26-juin-24;05/07/2024;06/08/2024;CLI-0063;EMP-503;ENT-QC;BD-1121;24;65,17;16,30;43,73;Téléphone
CMD-102058;08/11/2024;14/11/2024;2024-12-20;CLI-0091;EMP-504;ENT-MTL;BD-1091;4;547,81;3,60;279,07;Représentant
CMD-100253;08/03/2024;17/03/2024;2024-04-30;CLI-0029;EMP-506;ENT-SAG;BD-1179;8;346,00;19,80;226,59;Représentant
CMD-101257;2024-08-08;16/08/2024;02/09/2024;CLI-0009;EMP-502;ENT-QC;BD-1173;51;299,27;24,90;207,98;Téléphone
CMD-102226;2024-12-03;06/12/2024;09/01/2025;CLI-0076;EMP-507;ENT-SAG;BD-1087;5;288,02;25,30;211,22;Représentant
CMD-102037;05/11/2024;08/11/2024;2024-12-21;CLI-0110;EMP-507;ENT-QC;BD-1032;1;529,16;3,30;339,97;Représentant
CMD-100829;30/05/2024;2024-06-08;01/08/2024;CLI-0198;EMP-504;ENT-QC;BD-1035;4;45,35;6,30;30,00;Portail web
CMD-100953;17/06/2024;2024-06-20;13/07/2024;CLI-0149;EMP-501;ENT-MTL;BD-1148;8;431,38;6,20;296,06;Téléphone
CMD-101641;20/09/2024;23-sept-24;26/10/2024;CLI-0019;EMP-502;ENT-MTL;BD-1182;24;106,68;2,00;56,87;Portail web
CMD-102057;08/11/2024;2024-11-16;19/12/2024;CLI-0212;EMP-507;ENT-QC;BD-1140;37;50,43;20,60;40,41;Représentant
CMD-100299;15-mars-24;21/03/2024;12/04/2024;CLI-0177;EMP-505;ENT-MTL;BD-1175;4;161,17;5,10;94,86;Téléphone
CMD-101758;03/10/2024;07-oct-24;14/11/2024;CLI-0143;EMP-503;ENT-QC;BD-1031;1;451,31;13,10;294,44;Téléphone
CMD-100322;20/03/2024;22-mars-24;11/05/2024;CLI-0076;EMP-507;ENT-QC;BD-1078;9;301,93;21,20;197,64;Représentant
CMD-100755;21/05/2024;26-mai-24;23/06/2024;CLI-0217;EMP-506;ENT-MTL;BD-1113;13;349,48;18,20;276,01;Représentant
CMD-102058;08/11/2024;14/11/2024;2024-12-20;CLI-0091;EMP-504;ENT-MTL;BD-1148;8;443,52;3,60;296,06;Portail web
CMD-101350;2024-08-20;26/08/2024;29/09/2024;CLI-0049;EMP-508;ENT-MTL;BD-1035;2;42,83;11,50;30,00;Représentant
CMD-100416;04/04/2024;13/04/2024;2024-05-22;CLI-0029;EMP-506;ENT-MTL;BD-1126;3;154,40;23,70;130,29;Représentant
CMD-100397;01/04/2024;2024-04-06;05/05/2024;CLI-0131;EMP-502;ENT-MTL;BD-1041;3;221,10;12,80;159,88;Téléphone
CMD-100903;10/06/2024;12/06/2024;2024-08-03;CLI-0132;EMP-507;ENT-QC;BD-1105;12;228,59;11,80;166,12;Portail web
CMD-102016;2024-11-01;10/11/2024;02/12/2024;CLI-0122;EMP-505;ENT-QC;BD-1145;2;180,01;2,20;108,83;Représentant
CMD-100386;30/03/2024;04/04/2024;21-avr-24;CLI-0212;EMP-507;ENT-MTL;BD-1102;9;359,69;25,80;255,33;Représentant
CMD-100228;04/03/2024;2024-03-11;20/04/2024;CLI-0153;EMP-507;ENT-SAG;BD-1131;3;56,00;16,50;36,32;Représentant
CMD-102057;2024-11-08;16/11/2024;19/12/2024;CLI-0212;EMP-507;ENT-QC;BD-1099;7;394,15;20,60;287,66;Portail web
CMD-100232;05-mars-24;13/03/2024;03/04/2024;CLI-0203;EMP-503;ENT-QC;BD-1116;2;81,67;7,90;58,93;Téléphone
CMD-102296;2024-12-21;25/12/2024;23/02/2025;CLI-0074;EMP-507;ENT-QC;BD-1170;3;26,38;25,00;16,60;Représentant
CMD-101292;13/08/2024;21/08/2024;2024-10-03;CLI-0042;EMP-505;ENT-QC;BD-1178;1;175,74;14,40;116,97;Représentant
CMD-102035;2024-11-05;11/11/2024;13/12/2024;CLI-0074;EMP-507;ENT-QC;BD-1083;5;229,25;25,40;157,14;Salon
CMD-100827;30/05/2024;04/06/2024;06-juil-24;CLI-0103;EMP-502;ENT-SAG;BD-1021;4;353,99;2,70;201,55;Portail web
CMD-101696;27/09/2024;2024-10-06;30/10/2024;CLI-0139;EMP-506;ENT-MTL;BD-1056;12;413,59;15,90;287,11;Portail web
CMD-100644;07/05/2024;13/05/2024;22/06/2024;CLI-0021;EMP-501;ENT-SAG;BD-1157;3;48,94;6,50;24,69;Représentant
CMD-101514;09/09/2024;2024-09-12;10/11/2024;CLI-0036;EMP-505;ENT-MTL;BD-1082;12;419,15;11,80;278,39;Portail web
CMD-100874;06/06/2024;13/06/2024;12-août-24;CLI-0196;EMP-506;ENT-SAG;BD-1158;1;341,91;2,20;180,81;Téléphone
CMD-100296;15-mars-24;24/03/2024;19/04/2024;CLI-0117;EMP-504;ENT-MTL;BD-1178;12;190,75;7,10;116,97;Courriel
CMD-101621;18/09/2024;27/09/2024;08/10/2024;CLI-0014;EMP-502;ENT-QC;BD-1053;6;304,81;6,80;176,84;Courriel
CMD-100011;03-janv-24;12/01/2024;17/02/2024;CLI-0156;EMP-502;ENT-QC;BD-1148;12;438,27;4,70;296,06;Représentant
CMD-101308;15/08/2024;20-août-24;16/09/2024;CLI-0182;EMP-503;ENT-MTL;BD-1123;12;190,57;12,40;129,56;Représentant
CMD-100658;2024-05-08;13/05/2024;08/06/2024;CLI-0212;EMP-507;ENT-MTL;BD-1024;30;263,92;21,00;185,46;Représentant
CMD-100408;2024-04-03;11/04/2024;16/05/2024;CLI-0056;EMP-502;ENT-MTL;BD-1040;5;331,83;24,70;268,77;Courriel
CMD-100873;06/06/2024;14-juin-24;27/06/2024;CLI-0006;EMP-505;ENT-QC;BD-1057;24;25,58;14,30;19,26;Portail web
CMD-100350;25/03/2024;27/03/2024;17/05/2024;CLI-0121;EMP-508;ENT-QC;BD-1168;12;332,47;16,90;224,71;Représentant
CMD-102118;18/11/2024;2024-11-22;26/12/2024;CLI-0190;EMP-504;ENT-SAG;BD-1075;24;91,75;8,90;59,74;Représentant
CMD-100233;05/03/2024;12/03/2024;2024-04-27;CLI-0103;EMP-502;ENT-MTL;BD-1164;2;183,65;5,80;98,38;Représentant
CMD-101919;22/10/2024;29/10/2024;2024-11-08;CLI-0137;EMP-503;ENT-QC;BD-1132;8;150,44;24,30;125,81;Représentant
CMD-101888;17/10/2024;21/10/2024;2024-12-11;CLI-0158;EMP-507;ENT-SAG;BD-1100;4;506,43;5,60;306,44;Représentant
CMD-101619;18/09/2024;25/09/2024;2024-11-12;CLI-0056;EMP-502;ENT-MTL;BD-1048;16;40,38;21,10;32,82;Téléphone
CMD-101218;03/08/2024;2024-08-06;28/09/2024;CLI-0091;EMP-504;ENT-SAG;BD-1047;8;97,91;8,10;70,06;Courriel
CMD-100209;29/02/2024;09/03/2024;2024-04-04;CLI-0031;EMP-509;ENT-QC;BD-1133;6;90,07;11,20;61,66;Portail web
CMD-102156;21-nov-24;25/11/2024;19/12/2024;CLI-0054;EMP-507;ENT-QC;BD-1133;4;86,51;14,70;61,66;Portail web
CMD-100157;15/02/2024;23/02/2024;20-mars-24;CLI-0094;EMP-502;ENT-MTL;BD-1076;4;525,44;6,30;281,11;Salon
CMD-100810;28/05/2024;01/06/2024;26/06/2024;CLI-0029;EMP-506;ENT-MTL;BD-1177;8;326,12;20,00;211,22;Portail web
CMD-100053;17/01/2024;2024-01-20;23/02/2024;CLI-0090;EMP-505;ENT-QC;BD-1098;8;367,36;16,70;257,11;Représentant
CMD-102157;21/11/2024;30/11/2024;14-janv-25;CLI-0182;EMP-503;ENT-QC;BD-1153;1;168,24;16,10;113,61;Représentant
CMD-100979;20/06/2024;25/06/2024;2024-07-25;CLI-0056;EMP-502;ENT-QC;BD-1104;15;90,49;18,20;75,12;Portail web
CMD-100296;15/03/2024;24-mars-24;19/04/2024;CLI-0117;EMP-504;ENT-MTL;BD-1092;8;262,23;7,10;140,04;Téléphone
CMD-101888;17/10/2024;21/10/2024;2024-12-11;CLI-0158;EMP-507;ENT-SAG;BD-1079;6;248,90;5,60;144,83;Téléphone
CMD-101606;2024-09-17;23/09/2024;02/11/2024;CLI-0029;EMP-506;ENT-MTL;BD-1040;12;336,10;23,70;268,77;Courriel
CMD-101745;02/10/2024;10-oct-24;26/10/2024;CLI-0029;EMP-506;ENT-SAG;BD-1141;1;408,79;18,10;307,78;Représentant
CMD-101417;2024-08-28;31/08/2024;10/10/2024;CLI-0045;EMP-502;ENT-SAG;BD-1049;4;45,43;16,90;30,58;Téléphone
CMD-101818;09/10/2024;16/10/2024;03/12/2024;CLI-0136;EMP-507;ENT-MTL;BD-1153;1;176,09;12,20;113,61;Téléphone
CMD-100794;27-mai-24;01/06/2024;05/07/2024;CLI-0012;EMP-501;ENT-MTL;BD-1121;6;58,07;25,40;43,73;Courriel
CMD-102252;2024-12-10;16/12/2024;22/01/2025;CLI-0066;EMP-507;ENT-QC;BD-1175;2;144,76;14,70;94,86;Courriel
CMD-101479;04-sept-24;08/09/2024;25/10/2024;CLI-0029;EMP-506;ENT-SAG;BD-1155;9;430,98;20,50;322,38;Portail web
CMD-101575;13-sept-24;16/09/2024;31/10/2024;CLI-0075;EMP-506;ENT-QC;BD-1041;3;247,93;2,20;159,88;Courriel
CMD-102232;04/12/2024;10-déc-24;15/01/2025;CLI-0112;EMP-505;ENT-MTL;BD-1065;3;217,49;12,80;128,81;Représentant
CMD-101529;10/09/2024;17/09/2024;2024-10-23;CLI-0195;EMP-506;ENT-SAG;BD-1181;2;0,00;10,10;305,97;Représentant
CMD-100947;15/06/2024;2024-06-24;25/07/2024;CLI-0139;EMP-506;ENT-QC;BD-1010;8;143,42;12,00;87,08;Portail web
CMD-100751;21/05/2024;27/05/2024;2024-06-12;CLI-0220;EMP-506;ENT-MTL;BD-1057;24;25,43;14,80;19,26;Salon
CMD-102189;27/11/2024;30/11/2024;06/01/2025;CLI-0187;EMP-507;ENT-SAG;BD-1032;1;461,55;15,70;339,97;Courriel
CMD-101811;09/10/2024;18/10/2024;20-nov-24;CLI-0063;EMP-503;ENT-MTL;BD-1090;6;83,23;13,20;57,58;Représentant
CMD-102315;27/12/2024;31/12/2024;2025-02-06;CLI-0214;EMP-508;ENT-MTL;BD-1143;4;361,78;3,60;215,92;Portail web
CMD-100745;20/05/2024;26/05/2024;2024-07-09;CLI-0059;EMP-504;ENT-QC;BD-1056;7;367,73;25,20;287,11;Représentant
CMD-101028;28/06/2024;06/07/2024;2024-08-18;CLI-0185;EMP-508;ENT-SAG;BD-1024;6;255,77;23,50;185,46;Représentant
CMD-101952;25/10/2024;01/11/2024;10/12/2024;CLI-0137;EMP-503;ENT-QC;BD-1105;12;206,18;20,40;166,12;Représentant
CMD-100128;31/02/2024;11-févr-24;15/03/2024;CLI-0209;EMP-508;ENT-QC;BD-1117;9;121,06;18,30;98,28;Téléphone
CMD-100593;2024-04-30;08/05/2024;17/06/2024;CLI-0130;EMP-508;ENT-QC;BD-1071;32;427,89;19,80;301,72;Représentant
CMD-100029;09-janv-24;15/01/2024;08/02/2024;CLI-0089;EMP-502;ENT-MTL;BD-1132;6;151,03;24,00;125,81;Représentant
CMD-100239;06/03/2024;12/03/2024;2024-05-05;CLI-0056;EMP-502;ENT-MTL;BD-1086;5;103,54;24,80;80,72;Portail web
CMD-101179;30/07/2024;07/08/2024;2024-09-03;CLI-0212;EMP-507;ENT-QC;BD-1042;13;346,06;21,60;261,53;Portail web
CMD-101123;18/07/2024;21/07/2024;10-sept-24;CLI-0059;EMP-504;ENT-QC;BD-1125;24;354,57;19,40;285,25;Représentant
CMD-100952;2024-06-17;25/06/2024;23/07/2024;CLI-0130;EMP-508;ENT-QC;BD-1033;21;152,92;18,40;110,89;Représentant
CMD-100874;06/06/2024;13/06/2024;2024-08-12;CLI-0196;EMP-506;ENT-SAG;BD-1013;2;505,03;2,20;308,85;Représentant
CMD-100295;15/03/2024;23/03/2024;24-avr-24;CLI-0029;EMP-506;ENT-MTL;BD-1166;3;339,27;18,30;212,88;Représentant
CMD-100502;15/04/2024;24/04/2024;23-avr-24;CLI-0078;EMP-504;ENT-SAG;BD-1044;8;306,01;5,30;195,45;Représentant
CMD-100990;24/06/2024;2024-07-03;20/08/2024;CLI-0042;EMP-505;ENT-MTL;BD-1021;8;304,08;16,40;201,55;Téléphone
CMD-100169;19/02/2024;24-févr-24;03/04/2024;CLI-0191;EMP-504;ENT-QC;BD-1134;4;92,56;15,80;60,50;Représentant
CMD-101850;2024-10-14;19/10/2024;06/11/2024;cli-0070;EMP-503;ENT-MTL;BD-1142;3;157,11;3,70;98,85;Portail web
CMD-100282;2024-03-13;18/03/2024;18/04/2024;CLI-0076;EMP-507;ENT-MTL;BD-1127;17;244,23;18,90;170,72;Téléphone
CMD-100368;2024-03-28;05/04/2024;09/05/2024;CLI-0085;EMP-503;ENT-QC;BD-1167;4;348,35;6,20;205,42;Portail web
CMD-101037;29/06/2024;2024-07-04;19/08/2024;CLI-0090;EMP-505;ENT-MTL;BD-1121;8;69,68;10,50;43,73;Représentant
CMD-100651;2024-05-07;12/05/2024;12/07/2024;CLI-0090;EMP-505;ENT-QC;BD-1123;12;191,45;12,00;129,56;Téléphone
CMD-100258;08-mars-24;12/03/2024;18/04/2024;CLI-0116;EMP-509;ENT-SAG;BD-1060;2;342,56;13,40;241,90;Téléphone
CMD-101209;02-août-24;10/08/2024;12/09/2024;CLI-0149;EMP-501;ENT-QC;BD-1123;2;202,64;6,80;129,56;Portail web
CMD-100576;26/04/2024;2024-05-02;07/06/2024;CLI-0185;EMP-508;ENT-MTL;BD-1166;3;316,60;23,80;212,88;Courriel
CMD-100214;2024-03-01;09/03/2024;16/04/2024;CLI-0080;EMP-506;ENT-SAG;BD-1102;2;417,76;13,80;255,33;Portail web
CMD-101413;28/08/2024;2024-09-04;06/10/2024;CLI-0209;EMP-508;ENT-MTL;BD-1002;4;373,31;20,30;292,58;Courriel
CMD-100941;14/06/2024;19/06/2024;31-juil-24;CLI-0138;EMP-506;ENT-SAG;BD-1109;4;436,60;5,10;303,82;Courriel
CMD-100307;18/03/2024;20/03/2024;2024-05-09;CLI-0185;EMP-508;ENT-QC;BD-1063;2;289,04;21,50;242,15;Téléphone
CMD-101774;04/10/2024;10-oct-24;04/11/2024;CLI-0082;EMP-504;ENT-QC;BD-1102;3;460,82;4,90;255,33;Représentant
CMD-101622;18/09/2024;27/09/2024;2024-10-25;CLI-0074;EMP-507;ENT-MTL;BD-1038;16;446,35;19,10;313,36;Représentant
CMD-101460;03/09/2024;09/09/2024;27-oct-24;CLI-0005;EMP-503;ENT-QC;BD-1001;6;321,97;4,00;182,30;Portail web
CMD-101713;28/09/2024;07/10/2024;01/11/2024;CLI-0020;EMP-508;ENT-MTL;BD-1055;3;305,45;7,00;209,35;Téléphone
CMD-100932;2024-06-14;18/06/2024;08/07/2024;CLI-0073;EMP-501;ENT-QC;BD-1027;3;380,57;16,90;249,72;Portail web
CMD-101067;2024-07-04;09/07/2024;13/08/2024;CLI-0178;EMP-501;ENT-MTL;BD-1059;8;479,87;9,00;324,94;Portail web
CMD-100362;27/03/2024;2024-04-02;30/04/2024;CLI-0037;EMP-504;ENT-QC;BD-1158;10;270,17;22,70;180,81;Téléphone
CMD-102194;28/11/2024;01/12/2024;21-janv-25;CLI-0178;EMP-501;ENT-SAG;BD-1087;12;371,70;3,60;211,22;Portail web
CMD-101596;16/09/2024;19/09/2024;02/11/2024;CLI-0033;EMP-504;ENT-MTL;BD-1046;4;399,12;16,40;308,91;Représentant
CMD-102148;2024-11-20;22/11/2024;22/12/2024;CLI-0063;EMP-503;ENT-QC;BD-1167;1;320,58;13,60;205,42;Représentant
CMD-101221;03/08/2024;10/08/2024;10-sept-24;CLI-0134;EMP-509;ENT-QC;BD-1091;3;529,15;6,80;279,07;Représentant
CMD-102227;03/12/2024;05/12/2024;16/01/2025;CLI-0108;EMP-503;ENT-MTL;BD-1070;6;66,32;13,00;39,88;Courriel
CMD-101524;2024-09-10;18/09/2024;23/10/2024;CLI-0089;EMP-502;ENT-MTL;BD-1084;17;468,02;19,40;312,00;Portail web
CMD-101824;2024-10-10;17/10/2024;14/11/2024;CLI-0059;EMP-504;ENT-QC;BD-1100;15;433,36;19,20;306,44;Téléphone
CMD-101183;30/07/2024;01-août-24;08/09/2024;CLI-0141;EMP-502;ENT-SAG;BD-1038;2;461,06;16,40;313,36;Téléphone
CMD-102286;2024-12-18;21/12/2024;29/01/2025;CLI-0135;EMP-506;ENT-SAG;BD-1077;8;287,08;16,00;167,57;Représentant
CMD-102233;04/12/2024;12/12/2024;2024-12-31;CLI-0017;EMP-507;ENT-MTL;BD-1078;3;334,46;12,80;197,64;Représentant
CMD-101399;27-août-24;04/09/2024;14/10/2024;CLI-0012;EMP-501;ENT-SAG;BD-1066;10;281,81;18,20;199,26;Salon
CMD-100982;21/06/2024;24/06/2024;;CLI-0217;EMP-506;ENT-MTL;BD-1029;12;311,66;20,50;238,44;Portail web
CMD-101881;2024-10-17;25/10/2024;29/11/2024;CLI-0074;EMP-507;ENT-QC;BD-1073;14;347,56;22,70;255,00;Représentant
CMD-101756;03/10/2024;12/10/2024;2024-11-30;CLI-0071;EMP-503;ENT-MTL;BD-1152;12;449,75;6,50;265,82;Représentant
CMD-102294;20/12/2024;2024-12-22;27/01/2025;CLI-0162;EMP-508;ENT-MTL;BD-1135;3;63,96;12,80;39,89;Représentant
CMD-102050;07-nov-24;10/11/2024;18/12/2024;CLI-0040;EMP-509;ENT-SAG;BD-1074;8;168,02;13,50;108,27;Téléphone
CMD-101232;05/08/2024;09-août-24;15/09/2024;CLI-0045;EMP-502;ENT-MTL;BD-1020;1;50,67;11,80;32,44;Représentant
CMD-100273;12/03/2024;2024-03-20;10/05/2024;CLI-0073;EMP-501;ENT-MTL;BD-1166;12;369,29;11,10;212,88;Représentant
CMD-101515;10-sept-24;19/09/2024;24/10/2024;CLI-0219;EMP-505;ENT-QC;BD-1039;24;190,11;4,00;119,66;Représentant
CMD-100962;18/06/2024;25-juin-24;02/08/2024;CLI-0146;EMP-503;ENT-MTL;BD-1009;3;87,36;16,90;66,28;Portail web
CMD-101333;17/08/2024;21/08/2024;18-sept-24;CLI-0129;EMP-508;ENT-MTL;BD-1051;8;120,70;6,90;78,12;Portail web
CMD-100724;16/05/2024;20-mai-24;01/07/2024;CLI-0040;EMP-509;ENT-SAG;BD-1110;8;237,06;16,50;178,91;Téléphone
CMD-102244;09-déc-24;12/12/2024;;CLI-0211;EMP-504;ENT-SAG;BD-1138;4;122,62;16,80;86,38;Représentant
CMD-102061;08/11/2024;2024-11-12;12/12/2024;CLI-0072;EMP-501;ENT-QC;BD-1143;6;314,54;16,20;215,92;Représentant
CMD-100108;02/02/2024;2024-02-11;19/03/2024;CLI-0073;EMP-501;ENT-MTL;BD-1103;2;190,14;16,50;151,66;Courriel
CMD-102168;25-nov-24;02/12/2024;13/01/2025;CLI-0012;EMP-501;ENT-SAG;BD-1068;2;460,39;18,40;284,28;Téléphone
CMD-101665;24-sept-24;27/09/2024;04/11/2024;CLI-0036;EMP-505;ENT-MTL;BD-9401;3;404,28;13,20;257,53;Courriel
CMD-101074;05-juil-24;14/07/2024;15/08/2024;CLI-0091;EMP-504;ENT-QC;BD-1048;2;48,77;4,70;32,82;Représentant
CMD-100835;30/05/2024;01-juin-24;15/07/2024;CLI-0099;EMP-505;ENT-QC;BD-1002;5;364,33;22,20;292,58;Représentant
CMD-100728;2024-05-16;18/05/2024;12/06/2024;CLI-0076;EMP-507;ENT-QC;BD-1104;7;84,52;23,60;75,12;Portail web
CMD-100336;2024-03-22;28/03/2024;26/04/2024;CLI-0054;EMP-507;ENT-SAG;BD-1110;2;252,06;11,20;178,91;Représentant
CMD-100795;27/05/2024;29/05/2024;2024-07-15;CLI-0089;EMP-502;ENT-SAG;BD-1112;7;90,27;21,40;65,64;Courriel
CMD-101280;12-août-24;17/08/2024;20/08/2024;CLI-0029;EMP-506;ENT-QC;BD-1052;11;250,28;18,50;179,27;Courriel
CMD-100162;2024-02-16;22/02/2024;16/04/2024;CLI-0105;EMP-502;ENT-MTL;BD-1105;8;245,94;5,10;166,12;Portail web
CMD-101472;04/09/2024;10/09/2024;2024-11-18;CLI-0183;EMP-506;ENT-MTL;BD-1035;6;46,97;2,90;30,00;Portail web
CMD-101119;17/07/2024;22/07/2024;31-août-24;CLI-0209;EMP-508;ENT-QC;BD-1055;19;244,62;25,50;209,35;Portail web
CMD-101922;22/10/2024;24/10/2024;12/12/2024;CLI-0152;EMP-503;ENT-MTL;BD-1153;6;185,48;7,50;113,61;Salon
CMD-101206;2024-08-02;05/08/2024;;CLI-0144;EMP-502;ENT-MTL;BD-1011;2;445,90;15,10;288,46;Représentant
CMD-100850;2024-06-03;06/06/2024;06/07/2024;CLI-0089;EMP-502;ENT-QC;BD-1107;18;168,02;23,70;147,44;Portail web
CMD-100727;16/05/2024;21/05/2024;2024-05-27;CLI-0187;EMP-507;ENT-MTL;BD-1033;4;164,55;12,20;110,89;Téléphone
CMD-100575;26/04/2024;03/05/2024;13-juin-24;CLI-0009;EMP-502;ENT-QC;BD-1038;14;411,94;25,30;313,36;Téléphone
CMD-101956;25/10/2024;29/10/2024;07/12/2024;CLI-0045;EMP-502;ENT-QC;BD-1101;3;97,18;10,40;62,94;Représentant
CMD-101053;02-juil-24;09/07/2024;24/07/2024;CLI-0137;EMP-503;ENT-QC;BD-1012;10;93,60;23,10;68,19;Portail web
CMD-102305;25/12/2024;27/12/2024;2025-01-18;CLI-0061;EMP-503;ENT-MTL;BD-1155;3;465,98;14,00;322,38;Téléphone
CMD-101903;19/10/2024;2024-10-28;13/11/2024;CLI-0043;EMP-506;ENT-SAG;BD-1096;8;261,08;11,80;170,74;Représentant
CMD-101195;01/08/2024;09/08/2024;2024-09-16;CLI-0073;EMP-501;ENT-SAG;BD-1130;3;487,29;13,70;317,23;Représentant
CMD-100888;07-juin-24;11/06/2024;18/07/2024;CLI-0194;EMP-506;ENT-MTL;BD-1021;8;337,74;7,10;201,55;Téléphone
CMD-101606;17-sept-24;23/09/2024;02/11/2024;CLI-0029;EMP-506;ENT-MTL;BD-1102;7;369,66;23,70;255,33;Représentant
CMD-101139;22/07/2024;27/07/2024;03/09/2024;CLI-0099;EMP-505;ENT-MTL;BD-1060;34;297,97;24,70;241,90;Représentant
CMD-101097;11/07/2024;19-juil-24;12/09/2024;CLI-0067;EMP-502;ENT-SAG;BD-1001;2;292,57;12,70;182,30;Téléphone
CMD-100987;22/06/2024;2024-06-29;13/07/2024;CLI-0009;EMP-502;ENT-QC;BD-1107;6;166,39;24,50;147,44;Courriel
CMD-102325;2024-12-31;02/01/2025;07/02/2025;CLI-0137;EMP-503;ENT-SAG;BD-1072;23;316,73;20,00;196,62;Représentant
CMD-102271;14/12/2024;18/12/2024;2025-01-29;CLI-0189;EMP-501;ENT-QC;BD-1076;4;540,01;3,70;281,11;Représentant
CMD-101318;15/08/2024;22-août-24;19/09/2024;CLI-0143;EMP-503;ENT-MTL;BD-1059;3;456,62;13,40;324,94;Téléphone
CMD-101890;17/10/2024;22/10/2024;2024-11-20;CLI-0212;EMP-507;ENT-MTL;BD-1125;10;340,55;22,60;285,25;Représentant
CMD-101363;21/08/2024;2024-08-27;26/10/2024;CLI-0021;EMP-501;ENT-MTL;BD-1041;12;243,07;4,10;159,88;Représentant
CMD-100729;17/05/2024;20/05/2024;2024-07-26;CLI-0123;EMP-501;ENT-QC;BD-1171;6;142,37;10,10;83,70;Courriel
CMD-101795;07/10/2024;2024-10-16;13/11/2024;CLI-0169;EMP-507;ENT-MTL;BD-1076;12;479,03;14,60;281,11;Portail web
CMD-101042;01-juil-24;05/07/2024;26/07/2024;CLI-0033;EMP-504;ENT-MTL;BD-1053;4;275,43;15,80;176,84;Téléphone
CMD-101202;01/08/2024;05/08/2024;28/08/2024;CLI-0127;EMP-503;ENT-MTL;BD-1177;2;356,12;12,60;211,22;Représentant
CMD-101710;2024-09-27;04/10/2024;29/10/2024;CLI-0026;EMP-506;ENT-QC;BD-1159;6;249,83;13,50;166,16;Portail web
CMD-101227;2024-08-05;13/08/2024;08/09/2024;CLI-0131;EMP-502;ENT-QC;BD-1170;4;29,21;16,90;16,60;Représentant
CMD-101196;2024-08-01;05/08/2024;02/09/2024;CLI-0043;EMP-506;ENT-QC;BD-1036;24;218,08;15,10;159,06;Téléphone
CMD-101905;19-oct-24;27/10/2024;30/11/2024;CLI-0050;EMP-502;ENT-QC;BD-1073;4;390,73;13,10;255,00;Portail web
CMD-102102;14-nov-24;17/11/2024;01/12/2024;CLI-0037;EMP-504;ENT-MTL;BD-1102;3;381,78;21,20;255,33;Portail web
CMD-101931;2024-10-23;31/10/2024;19/12/2024;CLI-0076;EMP-507;ENT-SAG;BD-1074;8;150,29;22,60;108,27;Portail web
CMD-100809;28-mai-24;03/06/2024;18/06/2024;CLI-0035;EMP-503;ENT-QC;BD-1052;8;265,96;13,40;179,27;Portail web
CMD-100441;2024-04-08;12/04/2024;25/04/2024;CLI-0099;EMP-505;ENT-QC;BD-1057;2;24,31;18,50;19,26;Représentant
CMD-100550;00/00/0000;29-avr-24;18/06/2024;CLI-0089;EMP-502;ENT-MTL;BD-1048;4;40,35;21,20;32,82;Représentant
CMD-101359;21/08/2024;24/08/2024;29-août-24;CLI-0213;EMP-508;ENT-QC;BD-1098;6;404,71;8,20;257,11;Représentant
CMD-101660;2024-09-24;02/10/2024;25/10/2024;CLI-0024;EMP-504;ENT-MTL;BD-1036;8;245,68;4,30;159,06;Représentant
CMD-100510;16/04/2024;20/04/2024;2024-07-03;CLI-0044;EMP-505;ENT-MTL;BD-9640;4;284,99;12,90;176,84;Représentant
CMD-100218;01/03/2024;06/03/2024;2024-03-29;CLI-0135;EMP-506;ENT-MTL;BD-1156;6;267,48;11,50;161,25;Courriel
CMD-101090;09/07/2024;17-juil-24;04/08/2024;CLI-0088;EMP-504;ENT-SAG;BD-1117;4;123,95;16,30;98,28;Téléphone
CMD-101651;23/09/2024;2024-10-01;27/10/2024;CLI-0174;EMP-502;ENT-SAG;BD-1040;8;418,27;5,10;268,77;N/A
CMD-102183;27/11/2024;02-déc-24;18/01/2025;CLI-0086;EMP-502;ENT-MTL;BD-1159;4;268,85;7,00;166,16;Représentant
CMD-100405;02/04/2024;06-avr-24;10/05/2024;CLI-0109;EMP-501;ENT-QC;BD-1178;6;197,03;4,00;116,97;Téléphone
CMD-100857;03/06/2024;08/06/2024;26-juil-24;CLI-0188;EMP-506;ENT-MTL;BD-1161;4;115,78;14,30;62,84;Portail web
CMD-101309;15/08/2024;24/08/2024;2024-09-28;CLI-0103;EMP-502;ENT-QC;BD-1105;4;239,25;7,60;166,12;Courriel
CMD-101568;2024-09-12;17/09/2024;31/10/2024;CLI-0006;EMP-505;ENT-QC;BD-1085;12;60,27;10,30;40,90;Salon
CMD-102260;2024-12-11;19/12/2024;04/01/2025;CLI-0199;EMP-504;ENT-QC;BD-1139;4;309,17;13,80;198,93;Représentant
CMD-100153;14-févr-24;17/02/2024;31/03/2024;CLI-0128;EMP-502;ENT-SAG;BD-1087;1;327,38;15,10;211,22;Représentant
CMD-102031;2024-11-04;12/11/2024;22/12/2024;CLI-0009;EMP-502;ENT-QC;BD-1101;24;81,45;24,90;62,94;Courriel
CMD-100433;2024-04-06;14/04/2024;22/05/2024;  CLI-0111;EMP-507;ENT-MTL;BD-1022;12;433,27;4,70;247,74;Représentant
CMD-100811;2024-05-29;07/06/2024;19/07/2024;CLI-0205;EMP-505;ENT-MTL;BD-1116;4;80,84;8,80;58,93;Téléphone
CMD-101752;03/10/2024;2024-10-07;28/10/2024;CLI-0179;EMP-509;ENT-SAG;BD-1087;12;355,66;7,80;211,22;Téléphone
CMD-101711;27/09/2024;05/10/2024;2024-10-13;CLI-0012;EMP-501;ENT-QC;BD-1151;7;126,35;20,50;90,35;Portail web
CMD-100277;2024-03-12;17/03/2024;19/04/2024;CLI-0047;EMP-508;ENT-MTL;BD-1158;2;304,37;12,90;180,81;Représentant
CMD-102298;23/12/2024;30/12/2024;07/02/2025;CLI-0126;EMP-502;ENT-SAG;BD-1128;8;127,86;11,70;77,25;Représentant
CMD-100315;19/03/2024;25/03/2024;2024-04-06;CLI-0039;EMP-503;ENT-MTL;BD-1172;6;394,55;5,70;216,67;Portail web
CMD-101510;09/09/2024;17/09/2024;2024-10-14;CLI-0060;EMP-508;ENT-SAG;BD-1111;8;202,05;8,80;145,84;Représentant
CMD-101295;14/08/2024;16/08/2024;15/10/2024;CLI-0174;EMP-502;ENT-MTL;BD-1038;4;538,83;2,30;313,36;Représentant
CMD-100921;12/06/2024;15-juin-24;04/07/2024;CLI-0009;EMP-502;ENT-QC;BD-1013;4;393,38;23,80;308,85;Courriel
CMD-100333;21/03/2024;29/03/2024;23/04/2024;CLI-0190;EMP-504;ENT-QC;BD-1144;3;173,65;2,70;96,31;Représentant
CMD-101752;03-oct-24;07/10/2024;28/10/2024;CLI-0179;EMP-509;ENT-SAG;BD-1139;3;330,73;7,80;198,93;Portail web
CMD-100629;03/05/2024;12/05/2024;2024-06-07;CLI-0099;EMP-505;ENT-MTL;BD-1111;3;171,18;22,70;145,84;Portail web
CMD-100396;01-avr-24;09/04/2024;23/05/2024;CLI-0006;EMP-505;ENT-MTL;BD-1175;8;147,10;13,30;94,86;Représentant
CMD-100237;05/03/2024;10/03/2024;01-avr-24;CLI-0063;EMP-503;ENT-QC;BD-1156;3;254,85;15,60;161,25;Salon
CMD-102189;27-nov-24;30/11/2024;06/01/2025;CLI-0187;EMP-507;ENT-SAG;BD-1133;2;85,48;15,70;61,66;Téléphone
CMD-102168;25/11/2024;02/12/2024;2025-01-13;CLI-0012;EMP-501;ENT-SAG;BD-1087;50;314,93;18,40;211,22;Portail web
CMD-100860;04/06/2024;2024-06-06;08/07/2024;CLI-0118;EMP-504;ENT-QC;BD-1011;2;439,88;16,20;288,46;Salon
CMD-100956;18/06/2024;23-juin-24;16/07/2024;CLI-0074;EMP-507;ENT-MTL;BD-1118;4;375,51;24,50;336,11;Portail web
CMD-100833;2024-05-30;02/06/2024;25/06/2024;CLI-0212;EMP-507;ENT-QC;BD-1021;9;292,46;19,60;201,55;Représentant
CMD-100830;30/05/2024;06/06/2024;19-juil-24;CLI-0092;EMP-508;ENT-MTL;BD-1003;3;281,04;5,70;188,61;Représentant
CMD-100662;2024-05-08;15/05/2024;08/06/2024;CLI-0025;EMP-509;ENT-MTL;BD-1110;3;236,75;16,60;178,91;Courriel
CMD-100228;04/03/2024;11/03/2024;2024-04-20;cli-0153;EMP-507;ENT-SAG;BD-1108;6;228,21;16,50;166,46;Représentant
CMD-101744;02/10/2024;2024-10-05;11/11/2024;CLI-0217;EMP-506;ENT-QC;BD-1128;16;110,05;24,00;77,25;Représentant
CMD-101112;15/07/2024;24/07/2024;2024-08-19;CLI-0003;EMP-508;ENT-MTL;BD-1120;4;288,01;3,00;182,88;Portail web
CMD-101325;2024-08-16;23/08/2024;22/10/2024;CLI-0200;EMP-509;ENT-QC;BD-1060;3;346,23;12,50;241,90;Représentant
CMD-100683;11/05/2024;20/05/2024;24/06/2024;CLI-0209;EMP-508;ENT-MTL;BD-1008;15;190,47;18,60;128,94;Portail web
CMD-100799;27-mai-24;01/06/2024;24/07/2024;CLI-0152;EMP-503;ENT-QC;BD-1057;3;27,97;6,30;19,26;Représentant
CMD-100861;2024-06-04;06/06/2024;26/07/2024;CLI-0209;EMP-508;ENT-QC;BD-1009;8;79,65;24,30;66,28;Courriel
CMD-102301;2024-12-24;29/12/2024;30/01/2025;CLI-0146;EMP-503;ENT-QC;BD-1068;4;474,12;15,90;284,28;Courriel
CMD-101287;13/08/2024;22/08/2024;2024-09-28;CLI-0158;EMP-507;ENT-QC;BD-1065;2;236,43;5,20;128,81;Portail web
CMD-101533;10/09/2024;12-sept-24;31/10/2024;CLI-0161;EMP-508;ENT-MTL;BD-1181;4;577,94;7,50;305,97;Portail web
CMD-101599;16/09/2024;19/09/2024;01-nov-24;CLI-0157;EMP-502;ENT-MTL;BD-1075;3;84,83;15,80;59,74;Représentant
CMD-100242;06/03/2024;08-mars-24;23/04/2024;CLI-0216;EMP-503;ENT-SAG;BD-1001;24;307,88;8,20;182,30;Portail web
CMD-100728;16/05/2024;18/05/2024;12/06/2024;CLI-0076;EMP-507;ENT-QC;BD-1023;22;288,28;23,60;239,29;Représentant
CMD-101534;10/09/2024;19/09/2024;2024-11-02;CLI-0072;EMP-501;ENT-QC;BD-1038;12;473,59;14,20;313,36;Téléphone
CMD-101486;05/09/2024;2024-09-13;;CLI-0195;EMP-506;ENT-SAG;BD-1131;4;60,04;10,40;36,32;Représentant
CMD-102272;14/12/2024;2024-12-19;17/01/2025;CLI-0062;EMP-507;ENT-SAG;BD-1179;2;359,23;16,80;226,59;Représentant
CMD-101013;2024-06-27;05/07/2024;18/07/2024;CLI-0159;EMP-502;ENT-QC;BD-1160;6;74,12;5,90;40,71;Représentant
CMD-100262;08/03/2024;2024-03-12;07/04/2024;CLI-0045;EMP-502;ENT-SAG;BD-1111;24;193,75;12,60;145,84;Représentant
CMD-100135;09/02/2024;18/02/2024;2024-03-30;CLI-0025;EMP-509;ENT-SAG;BD-1127;6;255,68;15,10;170,72;Représentant
CMD-101001;25/06/2024;01/07/2024;20-août-24;CLI-0217;EMP-506;ENT-MTL;BD-1107;12;178,69;18,90;147,44;Représentant
CMD-100040;11/01/2024;18/01/2024;2024-02-15;CLI-0050;EMP-502;ENT-QC;BD-1083;3;259,07;15,70;157,14;Portail web
CMD-100812;29/05/2024;31/05/2024;2024-06-28;CLI-0001;EMP-508;ENT-QC;BD-1032;12;511,50;6,60;339,97;Portail web
CMD-102101;14/11/2024;17/11/2024;2025-01-06;CLI-0142;EMP-508;ENT-MTL;BD-1137;3;39,87;6,90;25,06;Représentant
CMD-101616;18/09/2024;2024-09-20;25/10/2024;CLI-0216;EMP-503;ENT-MTL;BD-1041;24;241,84;4,60;159,88;Représentant
CMD-101859;15-oct-24;19/10/2024;24/11/2024;CLI-0019;EMP-502;ENT-QC;BD-1160;2;73,22;7,00;40,71;Courriel
CMD-101223;05/08/2024;2024-08-09;18/09/2024;CLI-0195;EMP-506;ENT-SAG;BD-1111;2;188,52;14,90;145,84;Téléphone
CMD-101661;24/09/2024;03/10/2024;27/10/2024;CLI-0137;EMP-503;ENT-QC;BD-1072;15;313,13;20,90;196,62;Représentant
CMD-100995;24/06/2024;30/06/2024;24-juil-24;CLI-0061;EMP-503;ENT-SAG;BD-1107;1;186,04;15,50;147,44;Courriel
CMD-100715;15/05/2024;21-mai-24;17/06/2024;CLI-0068;EMP-505;ENT-QC;BD-1024;3;325,06;2,70;185,46;Téléphone
CMD-101705;27-sept-24;02/10/2024;07/11/2024;CLI-0212;EMP-507;ENT-MTL;BD-1040;5;348,61;20,90;268,77;Représentant
CMD-101860;15/10/2024;23/10/2024;16-nov-24;CLI-0196;EMP-506;ENT-MTL;BD-1098;6;405,29;8,10;257,11;Téléphone
CMD-101597;16/09/2024;23-sept-24;21/10/2024;CLI-0099;EMP-505;ENT-QC;BD-1047;14;86,66;18,70;70,06;Représentant
CMD-101262;09/08/2024;13-août-24;31/08/2024;CLI-0182;EMP-503;ENT-SAG;BD-1175;12;151,29;10,90;94,86;Représentant
CMD-100294;14-mars-24;23/03/2024;28/04/2024;CLI-0073;EMP-501;ENT-SAG;BD-1038;6;496,00;10,10;313,36;Téléphone
CMD-100146;2024-02-13;20/02/2024;03/03/2024;CLI-0055;EMP-506;ENT-QC;BD-1120;8;284,62;4,10;182,88;Portail web
CMD-101982;29/10/2024;2024-11-01;10/12/2024;CLI-0137;EMP-503;ENT-QC;BD-1143;27;290,53;22,60;215,92;Téléphone
CMD-100432;2024-04-05;12/04/2024;16/05/2024;CLI-0032;EMP-504;ENT-QC;BD-1054;6;429,93;7,70;257,53;Salon
CMD-101474;2024-09-04;12/09/2024;03/10/2024;CLI-0085;EMP-503;ENT-QC;BD-1044;1;0,00;3,50;195,45;Représentant
CMD-101687;2024-09-26;02/10/2024;24/11/2024;CLI-0006;EMP-505;ENT-QC;BD-1102;4;407,08;16,00;255,33;Représentant
CMD-100731;17-mai-24;26/05/2024;12/07/2024;CLI-0217;EMP-506;ENT-QC;BD-1114;7;193,61;23,40;149,59;Courriel
CMD-101422;29/08/2024;04/09/2024;14/10/2024;CLI-0106;EMP-501;ENT-MTL;BD-1060;3;346,14;12,50;241,90;Portail web
CMD-101194;01/08/2024;04/08/2024;04/09/2024;CLI-0059;EMP-504;ENT-MTL;BD-1020;2;42,85;25,40;32,44;Courriel
CMD-100674;10/05/2024;2024-05-18;30/06/2024;CLI-0083;EMP-507;ENT-QC;BD-1059;1;483,82;8,30;324,94;Représentant
CMD-100631;04/05/2024;09-mai-24;18/06/2024;CLI-0076;EMP-507;ENT-QC;BD-1179;3;343,14;20,50;226,59;Portail web
CMD-100833;30-mai-24;02/06/2024;25/06/2024;CLI-0212;EMP-507;ENT-QC;BD-1044;4;259,77;19,60;195,45;Téléphone
CMD-102163;2024-11-22;28/11/2024;14/12/2024;CLI-0106;EMP-501;ENT-QC;BD-1114;4;217,02;14,10;149,59;Représentant
CMD-101368;22/08/2024;31/08/2024;;CLI-0085;EMP-503;ENT-MTL;BD-1041;6;236,09;6,90;159,88;Téléphone
CMD-100330;20/03/2024;29/03/2024;23/05/2024;CLI-0054;EMP-507;ENT-SAG;BD-1106;2;466,96;12,00;333,09;Représentant
CMD-100664;08/05/2024;14-mai-24;10/06/2024;CLI-0148;EMP-501;ENT-QC;BD-1037;8;26,69;10,80;16,31;Courriel
CMD-101653;2024-09-23;30/09/2024;24/11/2024;CLI-0076;EMP-507;ENT-QC;BD-1101;4;83,28;23,20;62,94;Téléphone
CMD-100366;27/03/2024;02/04/2024;2024-05-02;CLI-0099;EMP-505;ENT-MTL;BD-1114;5;189,77;24,90;149,59;Téléphone
CMD-100776;23/05/2024;28-mai-24;26/07/2024;CLI-0089;EMP-502;ENT-MTL;BD-1124;0;195,63;23,30;150,61;Téléphone
CMD-100104;01/02/2024;2024-02-10;21/02/2024;CLI-0076;EMP-507;ENT-SAG;BD-1149;8;137,11;25,10;108,85;Portail web
CMD-102288;18/12/2024;2024-12-20;14/02/2025;CLI-0132;EMP-507;ENT-SAG;BD-1079;3;224,81;14,70;144,83;Portail web
CMD-101888;17/10/2024;21/10/2024;11-déc-24;CLI-0158;EMP-507;ENT-SAG;BD-1147;4;564,58;5,60;339,78;Téléphone
CMD-101174;29/07/2024;07/08/2024;15-sept-24;CLI-0209;EMP-508;ENT-QC;BD-1004;4;220,14;19,70;155,56;Téléphone
CMD-101831;2024-10-11;19/10/2024;16/11/2024;CLI-0166;EMP-503;ENT-MTL;BD-1128;3;128,91;11,00;77,25;Courriel
CMD-100058;2024-01-17;26/01/2024;21/02/2024;CLI-0053;EMP-509;ENT-QC;BD-1105;6;217,46;16,10;166,12;Portail web
CMD-101286;2024-08-13;22/08/2024;05/09/2024;CLI-0115;EMP-509;ENT-QC;BD-1055;2;282,37;14,00;209,35;Représentant
CMD-101234;06/08/2024;2024-08-14;13/09/2024;CLI-0059;EMP-504;ENT-MTL;BD-1014;6;35,52;20,50;26,62;Portail web
CMD-101564;2024-09-12;16/09/2024;01/10/2024;CLI-0012;EMP-501;ENT-SAG;BD-1084;10;471,72;18,80;312,00;Téléphone
CMD-101545;11/09/2024;2024-09-14;15/11/2024;CLI-0017;EMP-507;ENT-QC;BD-1046;2;403,61;15,40;308,91;Représentant
CMD-100290;14-mars-24;22/03/2024;17/04/2024;CLI-0220;EMP-506;ENT-SAG;BD-1157;1;45,41;13,30;24,69;Téléphone
CMD-100728;16-mai-24;18/05/2024;12/06/2024;CLI-0076;EMP-507;ENT-QC;BD-1105;6;197,85;23,60;166,12;Téléphone
CMD-100380;29/03/2024;2024-04-02;10/05/2024;CLI-0162;EMP-508;ENT-QC;BD-1136;4;180,27;13,20;110,14;Téléphone
CMD-100705;2024-05-14;20/05/2024;22/06/2024;CLI-0138;EMP-506;ENT-MTL;BD-1147;6;573,07;4,20;339,78;Portail web
CMD-102174;25/11/2024;03/12/2024;2025-01-23;CLI-0099;EMP-505;ENT-SAG;BD-1102;12;377,95;22,00;255,33;Portail web
CMD-100712;15/05/2024;19/05/2024;24/07/2024;CLI-0052;EMP-504;ENT-MTL;BD-1112;3;100,76;12,30;65,64;Téléphone
CMD-101568;12/09/2024;17-sept-24;31/10/2024;CLI-0006;EMP-505;ENT-QC;BD-1090;3;85,96;10,30;57,58;Représentant
CMD-102136;19/11/2024;2024-11-24;21/12/2024;CLI-0089;EMP-502;ENT-QC;BD-1177;5;304,49;25,30;211,22;Portail web
CMD-100538;20/04/2024;23/04/2024;18/06/2024;CLI-0109;EMP-501;ENT-MTL;BD-1042;2;415,87;5,80;261,53;Téléphone
CMD-100919;12-juin-24;17/06/2024;07/07/2024;CLI-0032;EMP-504;ENT-MTL;BD-1174;8;277,79;5,90;165,53;Courriel
CMD-100848;01/06/2024;06/06/2024;30-juin-24;CLI-0157;EMP-502;ENT-QC;BD-1178;2;178,86;12,90;116,97;Représentant
CMD-100364;27/03/2024;05/04/2024;11-mai-24;CLI-0162;EMP-508;ENT-QC;BD-1175;6;148,74;12,40;94,86;Portail web
CMD-101388;26/08/2024;2024-08-28;17/10/2024;CLI-0163;EMP-505;ENT-QC;BD-1136;8;202,27;2,60;110,14;Téléphone
CMD-102027;04/11/2024;2024-11-08;16/12/2024;CLI-0041;EMP-508;ENT-MTL;BD-1084;4;503,72;13,20;312,00;Courriel
CMD-101357;21/08/2024;2024-08-30;03/10/2024;CLI-0017;EMP-507;ENT-SAG;BD-1165;1;159,29;13,40;105,70;Représentant
CMD-100591;30/04/2024;06/05/2024;2024-06-15;CLI-0059;EMP-504;ENT-SAG;BD-1052;9;239,47;22,00;179,27;Représentant
CMD-100675;2024-05-10;15/05/2024;04/06/2024;CLI-0164;EMP-509;ENT-QC;BD-1040;6;426,33;3,30;268,77;Téléphone
CMD-100220;02/03/2024;09/03/2024;10/04/2024;CLI-0185;EMP-508;ENT-QC;BD-1112;19;94,15;18,00;65,64;Représentant
CMD-101228;2024-08-05;13/08/2024;03/09/2024;CLI-0045;EMP-502;ENT-SAG;BD-1164;4;172,73;11,40;98,38;Représentant
CMD-100558;2024-04-24;02/05/2024;23/05/2024;CLI-0056;EMP-502;ENT-SAG;BD-1176;14;490,99;22,10;322,02;Portail web
CMD-101207;02/08/2024;06/08/2024;25-août-24;CLI-0130;EMP-508;ENT-MTL;BD-1016;6;332,35;19,60;219,41;Portail web
CMD-101747;02/10/2024;09/10/2024;2024-10-31;CLI-0009;EMP-502;ENT-QC;BD-1004;7;207,80;24,20;155,56;Téléphone
CMD-101487;06/09/2024;09/09/2024;2024-10-09;CLI-0009;EMP-502;ENT-QC;BD-1110;24;221,73;21,90;178,91;Téléphone
CMD-101262;09-août-24;13/08/2024;31/08/2024;CLI-0182;EMP-503;ENT-SAG;BD-1028;3;210,71;10,90;140,77;Représentant
CMD-101733;2024-10-01;04/10/2024;05/11/2024;CLI-0152;EMP-503;ENT-MTL;BD-1149;8;177,38;3,10;108,85;Représentant
CMD-102284;18/12/2024;21/12/2024;2025-01-15;CLI-0041;EMP-508;ENT-QC;BD-1155;3;464,15;14,30;322,38;Téléphone
CMD-100645;07/05/2024;13/05/2024;2024-06-28;CLI-0098;EMP-509;ENT-SAG;BD-1013;3;472,62;8,40;308,85;Représentant
CMD-100519;18/04/2024;2024-04-23;28/05/2024;CLI-0099;EMP-505;ENT-MTL;BD-1059;6;395,17;25,10;324,94;Portail web
CMD-101626;19/09/2024;2024-09-22;17/10/2024;CLI-0045;EMP-502;ENT-QC;BD-1062;4;154,91;13,80;112,54;N/A
CMD-101667;24/09/2024;28-sept-24;19/11/2024;CLI-0139;EMP-506;ENT-QC;BD-1049;3;46,53;14,80;30,58;Courriel
CMD-101827;11/10/2024;2024-10-14;22/11/2024;CLI-0010;EMP-504;ENT-QC;BD-1138;2;137,32;6,80;86,38;Représentant
CMD-100117;05/02/2024;14/02/2024;07/03/2024;CLI-0032;EMP-504;ENT-MTL;BD-1179;1;419,46;2,80;226,59;Téléphone
CMD-101294;2024-08-14;23/08/2024;18/09/2024;CLI-0029;EMP-506;ENT-QC;BD-1045;2;103,63;20,90;76,76;Représentant
CMD-100272;11/03/2024;20/03/2024;2024-04-24;CLI-0099;EMP-505;ENT-SAG;BD-1176;11;486,30;22,90;322,02;Portail web
CMD-101422;29/08/2024;04/09/2024;2024-10-14;CLI-0106;EMP-501;ENT-MTL;BD-1059;24;461,20;12,50;324,94;Représentant
CMD-100322;2024-03-20;22/03/2024;11/05/2024;CLI-0076;EMP-507;ENT-QC;BD-1113;8;336,28;21,20;276,01;Téléphone
CMD-100966;18/06/2024;2024-06-26;13/08/2024;CLI-0140;EMP-502;ENT-MTL;BD-1012;4;118,74;2,50;68,19;Téléphone
CMD-101525;10/09/2024;19/09/2024;2024-10-24;CLI-0029;EMP-506;ENT-MTL;BD-1078;8;293,74;23,40;197,64;Représentant
CMD-101516;10/09/2024;2024-09-15;18/10/2024;CLI-0149;EMP-501;ENT-QC;BD-1176;24;603,29;4,30;322,02;Téléphone
CMD-102043;06/11/2024;2024-11-08;14/12/2024;CLI-0173;EMP-508;ENT-QC;BD-1013;12;463,25;10,30;308,85;Représentant
CMD-101963;28/10/2024;2024-11-01;29/11/2024;CLI-0195;EMP-506;ENT-QC;BD-1070;6;67,38;11,60;39,88;Représentant
CMD-101183;30/07/2024;2024-08-01;08/09/2024;CLI-0141;EMP-502;ENT-SAG;BD-1122;4;285,10;16,40;208,30;Portail web
CMD-101160;24/07/2024;2024-07-27;02/08/2024;CLI-0130;EMP-508;ENT-SAG;BD-1022;9;371,95;18,20;247,74;Portail web
CMD-101822;10/10/2024;16/10/2024;24/11/2024;CLI-0133;EMP-508;ENT-SAG;BD-1146;2;320,09;14,80;220,88;Portail web
CMD-102124;2024-11-18;27/11/2024;04/01/2025;CLI-0078;EMP-504;ENT-MTL;BD-1088;2;592,06;6,00;335,85;Courriel
CMD-101391;26/08/2024;28/08/2024;2024-10-25;CLI-0197;EMP-507;ENT-QC;BD-1071;-6;508,29;4,80;301,72;Représentant
CMD-100429;05-avr-24;08/04/2024;08/05/2024;CLI-0178;EMP-501;ENT-QC;BD-1051;12;125,34;3,30;78,12;Représentant
CMD-100900;10/06/2024;2024-06-12;06/07/2024;CLI-0076;EMP-507;ENT-SAG;BD-1014;2;33,14;25,80;26,62;Portail web
CMD-100637;06/05/2024;11/05/2024;2024-06-05;CLI-0202;EMP-504;ENT-MTL;BD-1036;2;248,54;3,20;159,06;Représentant
CMD-100484;12/04/2024;15-avr-24;24/05/2024;cli-0082;EMP-504;ENT-QC;BD-1061;8;115,63;2,10;75,23;Représentant
CMD-100534;19/04/2024;2024-04-28;04/06/2024;CLI-0165;EMP-507;ENT-QC;BD-1064;1;120,37;3,90;69,43;Représentant
CMD-100101;01-févr-24;05/02/2024;07/03/2024;CLI-0212;EMP-507;ENT-MTL;BD-1005;2;248,04;24,10;204,06;Représentant
CMD-102062;08/11/2024;11/11/2024;2024-12-16;CLI-0029;EMP-506;ENT-QC;BD-1127;6;233,97;22,30;170,72;Téléphone
CMD-101541;11/09/2024;16-sept-24;11/10/2024;CLI-0059;EMP-504;ENT-SAG;BD-1073;35;352,45;21,60;255,00;Portail web
CMD-101491;06/09/2024;13-sept-24;;CLI-0053;EMP-509;ENT-MTL;BD-1140;12;56,57;11,00;40,41;Téléphone
CMD-102084;12/11/2024;15/11/2024;13/12/2024;CLI-0185;EMP-508;ENT-QC;BD-1166;13;334,15;19,60;212,88;Portail web
CMD-100085;26/01/2024;04/02/2024;2024-03-21;CLI-0148;EMP-501;ENT-QC;BD-1133;8;85,06;16,10;61,66;Représentant
CMD-101035;28-juin-24;02/07/2024;09/08/2024;CLI-0037;EMP-504;ENT-QC;BD-1017;11;426,99;24,30;307,26;Représentant
CMD-100497;15/04/2024;20/04/2024;10/06/2024;CLI-0009;EMP-502;ENT-SAG;BD-1010;10;124,04;23,90;87,08;Portail web
CMD-100953;17/06/2024;20/06/2024;13/07/2024;CLI-0149;EMP-501;ENT-MTL;BD-1003;4;279,70;6,20;188,61;Portail web
CMD-100038;11/01/2024;2024-01-20;29/02/2024;CLI-0022;EMP-506;ENT-QC;BD-1162;4;128,95;5,90;66,97;Représentant
CMD-101176;29/07/2024;07/08/2024;;CLI-0185;EMP-508;ENT-QC;BD-1029;66;299,32;23,60;238,44;Représentant
CMD-101237;06/08/2024;2024-08-11;07/10/2024;CLI-0217;EMP-506;ENT-QC;BD-1025;7;177,83;23,90;146,28;
CMD-101416;28/08/2024;04/09/2024;23-sept-24;CLI-0038;EMP-507;ENT-QC;BD-1054;8;395,03;15,20;257,53;Représentant
CMD-100281;13/03/2024;18/03/2024;29-mars-24;CLI-0162;EMP-508;ENT-QC;BD-1102;1;418,49;13,70;255,33;Courriel
CMD-101152;2024-07-24;01/08/2024;09/09/2024;CLI-0048;EMP-508;ENT-MTL;BD-1138;4;129,48;12,10;86,38;Téléphone
CMD-100326;20/03/2024;26-mars-24;;CLI-0029;EMP-506;ENT-MTL;BD-1174;16;241,34;18,20;165,53;Téléphone
CMD-101553;11/09/2024;2024-09-15;09/10/2024;CLI-0027;EMP-502;ENT-QC;BD-1063;2;350,66;4,80;242,15;Téléphone
CMD-101848;12/10/2024;19/10/2024;2024-11-21;CLI-0045;EMP-502;ENT-MTL;BD-1102;8;432,27;10,80;255,33;Courriel
CMD-102287;18-déc-24;27/12/2024;21/02/2025;CLI-0173 ;EMP-508;ENT-MTL;BD-1135;4;65,69;10,40;39,89;Représentant
CMD-102199;28/11/2024;07/12/2024;04-janv-25;CLI-0214;EMP-508;ENT-QC;BD-1097;1;335,80;8,70;210,05;Courriel
CMD-102101;14/11/2024;2024-11-17;06/01/2025;CLI-0142;EMP-508;ENT-MTL;BD-1047;3;99,28;6,90;70,06;Représentant
CMD-101583;13/09/2024;2024-09-17;07/11/2024;CLI-0151;EMP-504;ENT-QC;BD-1033;1;181,20;3,30;110,89;Représentant
CMD-101115;16-juil-24;25/07/2024;01/09/2024;CLI-0117;EMP-504;ENT-QC;BD-1059;8;499,84;5,20;324,94;Représentant
CMD-100533;2024-04-19;24/04/2024;29/05/2024;CLI-0052;EMP-504;ENT-MTL;BD-1082;4;403,52;15,10;278,39;Représentant
CMD-101748;2024-10-02;11/10/2024;04/11/2024;CLI-0188;EMP-506;ENT-QC;BD-1140;24;55,52;12,60;40,41;Représentant
CMD-102000;2024-10-31;06/11/2024;22/12/2024;CLI-0046;EMP-508;ENT-QC;BD-1128;2;136,71;5,60;77,25;Représentant
CMD-101303;14/08/2024;2024-08-19;19/10/2024;CLI-0057;EMP-507;ENT-MTL;BD-1170;3;31,36;10,80;16,60;Représentant
CMD-101121;18/07/2024;2024-07-22;03/09/2024;CLI-0149;EMP-501;ENT-SAG;BD-1105;2;248,36;4,10;166,12;Représentant
CMD-101484;05/09/2024;09/09/2024;2024-11-09;CLI-0118;EMP-504;ENT-MTL;BD-1078;4;330,24;13,90;197,64;Téléphone
CMD-101817;2024-10-09;16/10/2024;24/11/2024;CLI-0190;EMP-504;ENT-MTL;BD-1116;2;83,72;5,60;58,93;Portail web
CMD-101124;18/07/2024;2024-07-27;20/08/2024;CLI-0137;EMP-503;ENT-QC;BD-1050;24;376,01;25,40;291,69;Téléphone
CMD-101127;19/07/2024;2024-07-25;24/08/2024;CLI-0088;EMP-504;ENT-MTL;BD-1006;4;295,01;11,90;178,72;Représentant
CMD-101327;16/08/2024;2024-08-23;28/09/2024;CLI-0188;EMP-506;ENT-QC;BD-1040;6;383,32;13,00;268,77;Portail web
CMD-101881;17/10/2024;25/10/2024;2024-11-29;CLI-0074;EMP-507;ENT-QC;BD-1174;7;228,05;22,70;165,53;Portail web
CMD-102112;15/11/2024;17/11/2024;2024-12-29;CLI-0059;EMP-504;ENT-MTL;BD-1149;3;138,21;24,50;108,85;Portail web
CMD-101648;2024-09-21;25/09/2024;02/11/2024;CLI-0038;EMP-507;ENT-SAG;BD-1058;2;215,95;11,80;146,46;Représentant
CMD-101284;12/08/2024;20/08/2024;2024-10-19;  CLI-0120;EMP-509;ENT-QC;BD-1023;1;367,60;2,60;239,29;Représentant
CMD-101858;15/10/2024;2024-10-24;19/11/2024;CLI-0094;EMP-502;ENT-MTL;BD-1035;3;47,13;2,60;30,00;Téléphone
CMD-100267;11/03/2024;2024-03-16;05/05/2024;CLI-0099;EMP-505;ENT-MTL;BD-1167;20;282,10;24,00;205,42;Représentant
CMD-100876;2024-06-06;08/06/2024;30/06/2024;CLI-0029;EMP-506;ENT-MTL;BD-1029;3;311,84;20,40;238,44;Représentant
CMD-102118;18/11/2024;22/11/2024;26-déc-24;CLI-0190;EMP-504;ENT-SAG;BD-1087;2;351,25;8,90;211,22;Représentant
CMD-101497;06-sept-24;14/09/2024;13/10/2024;CLI-0086;EMP-502;ENT-QC;BD-1176;6;597,69;5,20;322,02;Téléphone
CMD-100730;17/05/2024;2024-05-25;26/06/2024;CLI-0055;EMP-506;ENT-QC;BD-1058;2;230,04;6,00;146,46;Courriel
CMD-101671;24/09/2024;2024-10-03;;CLI-0078;EMP-504;ENT-MTL;BD-1072;4;371,09;6,20;196,62;Téléphone
CMD-101433;2024-08-30;02/09/2024;16/10/2024;CLI-0209;EMP-508;ENT-MTL;BD-1020;6;43,91;23,60;32,44;Représentant
CMD-100899;10/06/2024;14/06/2024;06-juil-24;CLI-0006;EMP-505;ENT-MTL;BD-1092;4;253,97;10,00;140,04;Courriel
CMD-101990;30/10/2024;04/11/2024;28-nov-24;CLI-0029;EMP-506;ENT-MTL;BD-1156;20;235,39;22,10;161,25;Téléphone
CMD-101059;03-juil-24;07/07/2024;18/08/2024;CLI-0009;EMP-502;ENT-MTL;BD-1008;19;180,03;23,00;128,94;Portail web
CMD-100854;2024-06-03;08/06/2024;11/07/2024;CLI-0117;EMP-504;ENT-MTL;BD-1162;4;127,72;6,80;66,97;Téléphone
CMD-102062;08/11/2024;11/11/2024;16/12/2024;CLI-0029;EMP-506;ENT-QC;BD-1121;18;60,46;22,30;43,73;Représentant
CMD-100956;18/06/2024;23/06/2024;2024-07-16;CLI-0074;EMP-507;ENT-MTL;BD-1059;19;398,36;24,50;324,94;Courriel
CMD-101335;19/08/2024;28/08/2024;12/09/2024;CLI-0113;EMP-505;ENT-MTL;BD-1060;6;364,49;7,90;241,90;Courriel
CMD-100313;19/03/2024;2024-03-24;22/04/2024;CLI-0146;EMP-503;ENT-MTL;BD-1052;4;261,02;15,00;179,27;Portail web
CMD-102136;19/11/2024;24/11/2024;2024-12-21;CLI-0089;EMP-502;ENT-QC;BD-1015;25;396,68;25,30;318,69;Téléphone
CMD-100605;01/05/2024;07/05/2024;2024-06-05;CLI-0130;EMP-508;ENT-MTL;BD-1060;5;317,25;19,80;241,90;Salon
CMD-100567;25/04/2024;02/05/2024;;CLI-0205;EMP-505;ENT-QC;BD-1040;6;429,88;2,50;268,77;Téléphone
CMD-101798;08/10/2024;2024-10-13;20/11/2024;CLI-0084;EMP-503;ENT-QC;BD-1084;4;519,87;10,50;312,00;Représentant
CMD-100369;2024-03-28;30/03/2024;17/04/2024;CLI-0150;EMP-502;ENT-QC;BD-1106;8;509,21;4,00;333,09;Téléphone
CMD-102270;2024-12-14;17/12/2024;13/01/2025;CLI-0185;EMP-508;ENT-QC;BD-1071;78;410,81;23,00;301,72;Représentant
CMD-102104;14/11/2024;2024-11-22;10/12/2024;CLI-0140;EMP-502;ENT-MTL;BD-1105;24;239,15;7,70;166,12;Portail web
CMD-101864;15/10/2024;2024-10-17;18/11/2024;CLI-0066;EMP-507;ENT-MTL;BD-1180;3;166,85;11,90;93,34;Téléphone
CMD-101550;11/09/2024;13-sept-24;01/11/2024;CLI-0027;EMP-502;ENT-MTL;BD-1041;3;242,63;4,30;159,88;Représentant
CMD-101425;29/08/2024;2024-09-07;29/09/2024;CLI-0038;EMP-507;ENT-MTL;BD-1072;6;332,98;15,90;196,62;Représentant
CMD-102225;03/12/2024;10-déc-24;06/01/2025;CLI-0166;EMP-503;ENT-QC;BD-1164;6;174,82;10,30;98,38;Représentant
CMD-100132;08/02/2024;10/02/2024;29/03/2024;CLI-0067;EMP-502;ENT-QC;BD-1085;8;57,30;14,70;40,90;Portail web
CMD-101313;15/08/2024;20/08/2024;15/09/2024;CLI-0197;EMP-507;ENT-QC;BD-1047;2;99,81;6,40;70,06;Courriel
CMD-101618;2024-09-18;26/09/2024;16/10/2024;CLI-0209;EMP-508;ENT-SAG;BD-1048;10;41,14;19,60;32,82;Téléphone
CMD-102094;13/11/2024;16/11/2024;26/12/2024;CLI-0089;EMP-502;ENT-QC;BD-1153;8;161,66;19,40;113,61;Portail web
CMD-100039;2024-01-11;16/01/2024;02/02/2024;CLI-0053;EMP-509;ENT-QC;BD-1175;8;145,28;14,40;94,86;Représentant
CMD-102149;20/11/2024;25/11/2024;2024-12-20;CLI-0157;EMP-502;ENT-QC;BD-1074;6;169,34;12,80;108,27;Portail web
CMD-102136;19/11/2024;2024-11-24;21/12/2024;CLI-0089;EMP-502;ENT-QC;BD-1083;4;229,48;25,30;157,14;Représentant
CMD-102018;01/11/2024;04/11/2024;2024-11-28;CLI-0115;EMP-509;ENT-MTL;BD-1022;8;377,25;17,00;247,74;Portail web
CMD-101765;03/10/2024;12/10/2024;01/11/2024;CLI-0012;EMP-501;ENT-MTL;BD-1073;20;350,55;22,10;255,00;Portail web
CMD-100049;15/01/2024;22/01/2024;2024-02-28;CLI-0124;EMP-509;ENT-MTL;BD-1064;3;114,94;8,20;69,43;Représentant
CMD-101950;24/10/2024;30/10/2024;2024-12-06;CLI-0162;EMP-508;ENT-SAG;BD-1127;3;251,53;16,50;170,72;Téléphone
CMD-101032;28-juin-24;06/07/2024;03/08/2024;CLI-0085;EMP-503;ENT-MTL;BD-1030;4;168,41;8,00;98,88;Représentant
CMD-100951;17/06/2024;2024-06-19;07/08/2024;CLI-0188;EMP-506;ENT-QC;BD-1023;6;322,00;14,70;239,29;
CMD-100084;2024-01-25;03/02/2024;20/03/2024;CLI-0063;EMP-503;ENT-MTL;BD-1101;24;94,30;13,10;62,94;Portail web
CMD-100768;22/05/2024;2024-05-26;25/06/2024;CLI-0063;EMP-503;ENT-QC;BD-1081;8;511,57;13,70;302,82;Portail web
CMD-101313;15-août-24;20/08/2024;15/09/2024;CLI-0197;EMP-507;ENT-QC;BD-1046;4;446,91;6,40;308,91;Téléphone
CMD-102084;12/11/2024;15/11/2024;2024-12-13;CLI-0185;EMP-508;ENT-QC;BD-1085;15;54,05;19,60;40,90;Portail web
CMD-101243;07/08/2024;16/08/2024;2024-09-21;CLI-0059;EMP-504;ENT-QC;BD-1166;5;329,53;20,70;212,88;Représentant
CMD-100319;19-mars-24;26/03/2024;24/04/2024;CLI-0006;EMP-505;ENT-MTL;BD-1129;1;61,24;14,80;45,49;Téléphone
CMD-100845;31/05/2024;04/06/2024;26/06/2024;CLI-0076;EMP-507;ENT-QC;BD-1113;54;341,48;20,00;276,01;Courriel
CMD-101209;02/08/2024;10/08/2024;2024-09-12;CLI-0149;EMP-501;ENT-QC;BD-1097;2;342,83;6,80;210,05;Téléphone
CMD-100742;20/05/2024;27/05/2024;2024-06-29;CLI-0084;EMP-503;ENT-MTL;BD-1154;12;449,08;16,00;323,13;Représentant
CMD-100251;07/03/2024;16/03/2024;2024-04-01;CLI-0209;EMP-508;ENT-MTL;BD-1111;8;173,89;21,50;145,84;Téléphone
CMD-101302;14/08/2024;16/08/2024;2024-10-04;CLI-0071;EMP-503;ENT-MTL;BD-1175;4;162,45;4,30;94,86;Représentant
CMD-100151;14/02/2024;22-févr-24;17/03/2024;CLI-0099;EMP-505;ENT-SAG;BD-1180;6;147,25;22,20;93,34;Téléphone
CMD-101384;24/08/2024;01-sept-24;04/10/2024;CLI-0009;EMP-502;ENT-QC;BD-1176;10;487,89;22,60;322,02;N/A
CMD-100040;11/01/2024;18/01/2024;15-févr-24;CLI-0050;EMP-502;ENT-QC;BD-1175;1;143,16;15,70;94,86;Représentant
CMD-100137;09/02/2024;2024-02-18;05/03/2024;CLI-0178;EMP-501;ENT-MTL;BD-1013;4;488,94;5,30;308,85;Représentant
CMD-101256;08/08/2024;14/08/2024;2024-10-05;CLI-0192;EMP-505;ENT-QC;BD-1058;4;229,07;6,40;146,46;Représentant
CMD-100615;02/05/2024;04/05/2024;2024-05-24;CLI-0009;EMP-502;ENT-MTL;BD-1115;34;57,55;22,90;46,26;Représentant
CMD-100563;2024-04-25;01/05/2024;;CLI-0210;EMP-503;ENT-QC;BD-1173;2;381,44;4,30;207,98;Représentant
CMD-101274;12-août-24;19/08/2024;14/10/2024;CLI-0148;EMP-501;ENT-QC;BD-1040;2;390,80;11,30;268,77;Portail web
CMD-101550;2024-09-11;13/09/2024;01/11/2024;CLI-0027;EMP-502;ENT-MTL;BD-1166;4;397,64;4,30;212,88;Représentant
CMD-101091;09/07/2024;16/07/2024;12/08/2024;CLI-0043;EMP-506;ENT-SAG;BD-1031;3;457,73;11,90;294,44;Portail web
CMD-100325;20/03/2024;22/03/2024;2024-05-09;CLI-0036;EMP-505;ENT-QC;BD-1027;24;400,24;12,60;249,72;Courriel
CMD-100022;08/01/2024;17-janv-24;;CLI-0056;EMP-502;ENT-MTL;BD-1172;5;321,63;23,20;216,67;Salon
CMD-101198;01/08/2024;2024-08-08;12/09/2024;CLI-0109;EMP-501;ENT-QC;BD-1162;2;126,42;7,80;66,97;Représentant
CMD-100803;27/05/2024;01/06/2024;28/06/2024;CLI-0185;EMP-508;ENT-MTL;BD-1074;19;146,72;24,40;108,27;Portail web
CMD-102225;2024-12-03;10/12/2024;06/01/2025;CLI-0166;EMP-503;ENT-QC;BD-1153;4;179,90;10,30;113,61;Portail web
CMD-102157;21/11/2024;2024-11-30;14/01/2025;CLI-0182;EMP-503;ENT-QC;BD-1146;1;314,93;16,10;220,88;Courriel
CMD-101669;24/09/2024;01/10/2024;2024-11-20;CLI-0144;EMP-502;ENT-SAG;BD-1043;3;450,97;14,60;294,10;Portail web
CMD-101919;22/10/2024;2024-10-29;08/11/2024;CLI-0137;EMP-503;ENT-QC;BD-1053;21;247,82;24,30;176,84;Portail web
CMD-101864;15/10/2024;2024-10-17;18/11/2024;CLI-0066;EMP-507;ENT-MTL;BD-1070;8;67,14;11,90;39,88;Représentant
CMD-101037;29/06/2024;04/07/2024;2024-08-19;CLI-0090;EMP-505;ENT-MTL;BD-1115;2;66,84;10,50;46,26;Représentant
CMD-100283;13/03/2024;2024-03-16;10/05/2024;CLI-0017;EMP-507;ENT-SAG;BD-1166;24;358,04;13,80;212,88;Représentant
CMD-101657;23-sept-24;29/09/2024;30/10/2024;CLI-0159;EMP-502;ENT-SAG;BD-1094;2;188,12;7,70;121,74;Téléphone
CMD-100989;24/06/2024;26/06/2024;2024-07-27;CLI-0041;EMP-508;ENT-QC;BD-1032;3;471,82;13,80;339,97;Salon
CMD-100514;2024-04-17;22/04/2024;13/06/2024;CLI-0089;EMP-502;ENT-QC;BD-1057;18;23,68;20,70;19,26;Représentant
CMD-102236;2024-12-05;13/12/2024;23/01/2025;CLI-0212;EMP-507;ENT-MTL;BD-1086;13;102,81;25,40;80,72;Représentant
CMD-101225;05/08/2024;08/08/2024;;CLI-0067;EMP-502;ENT-QC;BD-1009;2;89,88;14,50;66,28;Téléphone
CMD-101407;2024-08-27;29/08/2024;16/09/2024;CLI-0135;EMP-506;ENT-SAG;BD-1057;2;24,89;16,60;19,26;Représentant
CMD-101957;2024-10-25;02/11/2024;03/12/2024;CLI-0145;EMP-504;ENT-SAG;BD-1098;1;403,97;8,40;257,11;Salon
CMD-100221;02/03/2024;10/03/2024;2024-04-06;CLI-0119;EMP-503;ENT-SAG;BD-1125;2;405,63;7,80;285,25;Portail web
CMD-100996;25/06/2024;2024-07-03;05/09/2024;CLI-0173;EMP-508;ENT-QC;BD-1012;8;108,17;11,10;68,19;Représentant
CMD-100640;06/05/2024;2024-05-08;08/07/2024;CLI-0080;EMP-506;ENT-QC;BD-1123;4;195,73;10,00;129,56;Portail web
CMD-101668;24-sept-24;29/09/2024;03/11/2024;CLI-0102;EMP-506;ENT-SAG;BD-1087;4;359,35;6,80;211,22;Représentant
CMD-100090;29/01/2024;2024-02-05;15/02/2024;CLI-0099;EMP-505;ENT-MTL;BD-1105;53;193,55;25,30;166,12;Portail web
CMD-101307;15/08/2024;20/08/2024;02-oct-24;CLI-0194;EMP-506;ENT-QC;BD-1179;4;393,03;8,90;226,59;Représentant
CMD-100155;14/02/2024;17/02/2024;03/04/2024;CLI-0110;EMP-507;ENT-SAG;BD-1142;3;159,34;2,30;98,85;Représentant
CMD-100535;19/04/2024;26-avr-24;09/06/2024;CLI-0052;EMP-504;ENT-QC;BD-1161;4;113,49;16,00;62,84;Téléphone
CMD-101219;2024-08-03;07/08/2024;23/09/2024;CLI-0162;EMP-508;ENT-SAG;BD-1042;12;376,13;14,80;261,53;Courriel
CMD-100830;30-mai-24;06/06/2024;19/07/2024;CLI-0092;EMP-508;ENT-MTL;BD-1117;12;139,64;5,70;98,28;Représentant
CMD-101196;01/08/2024;05-août-24;02/09/2024;CLI-0043;EMP-506;ENT-QC;BD-1049;12;46,41;15,10;30,58;Portail web
CMD-101135;20/07/2024;2024-07-24;08/09/2024;CLI-0139;EMP-506;ENT-SAG;BD-1054;3;396,16;15,00;257,53;Téléphone
CMD-101649;23/09/2024;2024-09-28;11/11/2024;CLI-0209;EMP-508;ENT-SAG;BD-1171;20;122,22;22,80;83,70;Salon
CMD-101952;2024-10-25;01/11/2024;10/12/2024;CLI-0137;EMP-503;ENT-QC;BD-1011;15;417,99;20,40;288,46;Représentant
CMD-101133;19/07/2024;23-juil-24;23/08/2024;CLI-0061;EMP-503;ENT-MTL;BD-1118;1;425,45;14,40;336,11;Portail web
CMD-100693;13-mai-24;21/05/2024;;CLI-0170;EMP-504;ENT-SAG;BD-1062;6;172,85;3,80;112,54;Courriel
CMD-101892;18/10/2024;21/10/2024;2024-12-16;CLI-0004;EMP-505;ENT-QC;BD-1139;6;346,84;3,30;198,93;Représentant
CMD-100977;20/06/2024;2024-06-27;18/08/2024;CLI-0009;EMP-502;ENT-QC;BD-1013;4;403,05;21,90;308,85;Représentant
CMD-101672;2024-09-24;28/09/2024;03/11/2024;CLI-0033;EMP-504;ENT-SAG;BD-1086;12;117,22;14,90;80,72;Portail web
CMD-102294;20/12/2024;22-déc-24;27/01/2025;CLI-0162;EMP-508;ENT-MTL;BD-1056;12;429,10;12,80;287,11;Salon
CMD-100217;01/03/2024;06-mars-24;16/04/2024;CLI-0071;EMP-503;ENT-MTL;BD-1002;4;442,10;5,60;292,58;Téléphone
CMD-102092;13/11/2024;15-nov-24;26/12/2024;CLI-0037;EMP-504;ENT-QC;BD-1096;6;231,58;21,80;170,74;Portail web
CMD-101402;27/08/2024;01/09/2024;2024-10-23;CLI-0139;EMP-506;ENT-MTL;BD-1035;6;41,11;15,00;30,00;Représentant
CMD-102216;30/11/2024;2024-12-04;09/01/2025;CLI-0106;EMP-501;ENT-MTL;BD-1153;8;176,19;12,20;113,61;Représentant
CMD-100242;06/03/2024;08/03/2024;23-avr-24;CLI-0216;EMP-503;ENT-SAG;BD-1013;8;474,13;8,20;308,85;Téléphone
CMD-100252;07/03/2024;11-mars-24;19/04/2024;CLI-0066;EMP-507;ENT-MTL;BD-1049;12;47,56;13,00;30,58;Représentant
CMD-100722;2024-05-16;22/05/2024;17/06/2024;CLI-0185;EMP-508;ENT-QC;BD-1116;9;69,55;21,60;58,93;Représentant
CMD-102264;2024-12-13;15/12/2024;08/02/2025;CLI-0115;EMP-509;ENT-MTL;BD-1070;1;66,89;12,20;39,88;Téléphone
CMD-100746;20/05/2024;28-mai-24;26/06/2024;CLI-0093;EMP-508;ENT-SAG;BD-1133;4;90,43;10,80;61,66;Représentant
CMD-102173;2024-11-25;29/11/2024;05/01/2025;CLI-0150;EMP-502;ENT-MTL;BD-1097;2;341,54;7,20;210,05;Portail web
CMD-100310;18/03/2024;27/03/2024;;CLI-0035;EMP-503;ENT-MTL;BD-1122;12;304,94;10,60;208,30;Téléphone
CMD-101512;2024-09-09;13/09/2024;11/10/2024;CLI-0042;EMP-505;ENT-MTL;BD-1097;12;312,90;15,00;210,05;Téléphone
CMD-102261;12/12/2024;2024-12-21;08/02/2025;CLI-0136;EMP-507;ENT-MTL;BD-1154;2;464,30;13,10;323,13;Représentant
CMD-100463;2024-04-10;13/04/2024;10/05/2024;CLI-0130;EMP-508;ENT-MTL;BD-1173;28;316,23;20,70;207,98;Courriel
CMD-101571;2024-09-13;22/09/2024;28/10/2024;CLI-0075;EMP-506;ENT-MTL;BD-1058;2;227,02;7,30;146,46;Représentant
CMD-100478;11/04/2024;13/04/2024;2024-05-28;CLI-0165;EMP-507;ENT-SAG;BD-1043;4;507,74;3,80;294,10;Portail web
CMD-100117;05/02/2024;14/02/2024;2024-03-07;CLI-0032;EMP-504;ENT-MTL;BD-1163;6;596,07;2,80;294,58;Représentant
CMD-101499;2024-09-06;13/09/2024;10/10/2024;CLI-0002;EMP-509;ENT-MTL;BD-1105;3;237,31;8,40;166,12;Téléphone
CMD-101405;27/08/2024;02/09/2024;2024-09-18;CLI-0209;EMP-508;ENT-QC;BD-1098;18;349,28;20,80;257,11;Téléphone
CMD-100820;2024-05-29;02/06/2024;19/07/2024;CLI-0132;EMP-507;ENT-MTL;BD-1026;8;389,15;11,20;241,74;Représentant
CMD-100579;27/04/2024;02/05/2024;09/06/2024;CLI-0205;EMP-505;ENT-QC;BD-1095;8;95,33;8,10;53,64;Téléphone
CMD-100419;04/04/2024;06/04/2024;2024-05-18;CLI-0072;EMP-501;ENT-QC;BD-1041;24;218,23;13,90;159,88;Téléphone
CMD-100764;22/05/2024;27/05/2024;28/07/2024;CLI-0150;EMP-502;ENT-MTL;BD-1055;8;302,13;8,00;209,35;Représentant
CMD-101598;16-sept-24;22/09/2024;23/10/2024;CLI-0052;EMP-504;ENT-QC;BD-1044;4;274,90;14,90;195,45;Portail web
CMD-100830;30/05/2024;06/06/2024;2024-07-19;CLI-0092;EMP-508;ENT-MTL;BD-1107;2;207,61;5,70;147,44;Représentant
CMD-101137;22/07/2024;27/07/2024;01-sept-24;CLI-0099;EMP-505;ENT-MTL;BD-1052;10;247,78;19,30;179,27;Représentant
CMD-101326;16/08/2024;24/08/2024;2024-10-14;CLI-0063;EMP-503;ENT-SAG;BD-1047;4;95,50;10,40;70,06;Représentant
CMD-100551;23/04/2024;26/04/2024;2024-05-26;CLI-0002;EMP-509;ENT-MTL;BD-1066;8;328,83;4,50;199,26;Portail web
CMD-100421;2024-04-04;11/04/2024;21/05/2024;CLI-0024;EMP-504;ENT-MTL;BD-1046;3;455,36;4,60;308,91;Représentant
CMD-102008;31/10/2024;09-nov-24;05/12/2024;CLI-0077;EMP-501;ENT-SAG;BD-1172;2;402,38;3,90;216,67;Représentant
CMD-101898;18/10/2024;21/10/2024;2024-12-10;CLI-0137;EMP-503;ENT-SAG;BD-1156;14;240,52;20,40;161,25;Représentant
CMD-101678;2024-09-25;04/10/2024;19/10/2024;CLI-0018;EMP-503;ENT-MTL;BD-1154;3;501,78;6,10;323,13;Portail web
CMD-100089;2024-01-27;04/02/2024;04/03/2024;CLI-0053;EMP-509;ENT-SAG;BD-1163;8;521,46;15,00;294,58;Portail web
CMD-100347;25/03/2024;31/03/2024;08/05/2024;CLI-0104;EMP-501;ENT-QC;BD-1153;3;187,02;6,80;113,61;Représentant
CMD-101319;15-août-24;22/08/2024;19/09/2024;CLI-0185;EMP-508;ENT-SAG;BD-1169;7;448,26;22,30;276,47;Courriel
CMD-101298;2024-08-14;19/08/2024;01/10/2024;CLI-0199;EMP-504;ENT-QC;BD-1001;3;283,78;15,30;182,30;Représentant
CMD-100763;22/05/2024;31/05/2024;14-juil-24;CLI-0193;EMP-509;ENT-MTL;BD-1011;3;452,62;13,80;288,46;Courriel
CMD-100177;21/02/2024;27/02/2024;2024-03-24;CLI-0130;EMP-508;ENT-QC;BD-1080;7;265,93;19,60;173,12;Portail web
CMD-101076;05/07/2024;08/07/2024;2024-08-05;CLI-0062;EMP-507;ENT-MTL;BD-1103;4;189,51;16,80;151,66;Portail web
CMD-100226;2024-03-04;12/03/2024;15/04/2024;CLI-0038;EMP-507;ENT-QC;BD-1020;6;50,81;11,60;32,44;Portail web
CMD-101795;07-oct-24;16/10/2024;13/11/2024;CLI-0169;EMP-507;ENT-MTL;BD-1150;12;534,43;14,60;339,92;Représentant
CMD-101444;2024-09-02;08/09/2024;10/10/2024;CLI-0154;EMP-507;ENT-QC;BD-1036;6;216,93;15,50;159,06;Représentant
CMD-101627;2024-09-19;25/09/2024;04/11/2024;CLI-0201;EMP-504;ENT-QC;BD-1159;3;265,42;8,10;166,16;Représentant
CMD-101953;25/10/2024;28/10/2024;30-nov-24;CLI-0053;EMP-509;ENT-MTL;BD-1060;6;346,77;12,40;241,90;Courriel
CMD-100723;16/05/2024;24/05/2024;2024-06-16;CLI-0056;EMP-502;ENT-MTL;BD-1121;8;58,68;24,60;43,73;Représentant
CMD-102116;16/11/2024;18-nov-24;23/12/2024;CLI-0130;EMP-508;ENT-QC;BD-1093;2;171,98;23,20;132,18;Portail web
CMD-100788;24-mai-24;01/06/2024;13/07/2024;CLI-0089;EMP-502;ENT-QC;BD-1128;7;109,18;24,60;77,25;Téléphone
CMD-101958;26-oct-24;02/11/2024;30/11/2024;CLI-0044;EMP-505;ENT-SAG;BD-1144;12;149,80;16,10;96,31;Portail web
CMD-101522;2024-09-10;13/09/2024;02/10/2024;CLI-0128;EMP-502;ENT-SAG;BD-1001;6;295,42;11,90;182,30;Portail web
CMD-102085;12/11/2024;20/11/2024;2024-12-12;CLI-0126;EMP-502;ENT-QC;BD-1014;3;39,13;12,40;26,62;Portail web
CMD-101852;14/10/2024;17/10/2024;2024-12-04;CLI-0129;EMP-508;ENT-SAG;BD-1130;6;547,49;3,00;317,23;Portail web
CMD-100756;21/05/2024;25/05/2024;04/07/2024;CLI-0088;EMP-504;ENT-MTL;BD-1038;8;496,52;10,00;313,36;Portail web
CMD-101057;03/07/2024;09/07/2024;2024-08-10;CLI-0042;EMP-505;ENT-QC;BD-1036;6;214,11;16,60;159,06;Représentant
CMD-102168;25/11/2024;02/12/2024;2025-01-13;CLI-0012;EMP-501;ENT-SAG;BD-1139;7;292,85;18,40;198,93;Portail web
CMD-100401;02/04/2024;11/04/2024;;CLI-0050;EMP-502;ENT-QC;BD-1053;3;292,65;10,60;176,84;Représentant
CMD-100865;04/06/2024;2024-06-09;21/07/2024;CLI-0193;EMP-509;ENT-QC;BD-1157;6;46,41;11,40;24,69;Téléphone
CMD-101562;12/09/2024;2024-09-17;31/10/2024;CLI-0206;EMP-503;ENT-SAG;BD-1084;6;495,51;14,70;312,00;Représentant
CMD-102255;2024-12-10;15/12/2024;26/01/2025;CLI-0009;EMP-502;ENT-QC;BD-1088;6;475,78;24,50;335,85;Portail web
CMD-100191;2024-02-26;28/02/2024;28/04/2024;CLI-0012;EMP-501;ENT-MTL;BD-1116;6;69,41;21,70;58,93;Téléphone
CMD-100758;21/05/2024;25/05/2024;2024-07-03;CLI-0124;EMP-509;ENT-MTL;BD-1061;24;110,31;6,60;75,23;Portail web
CMD-100566;25/04/2024;30-avr-24;15/06/2024;CLI-0116;EMP-509;ENT-SAG;BD-1116;1;79,02;10,90;58,93;Portail web
CMD-100208;29/02/2024;06-mars-24;03/05/2024;CLI-0094;EMP-502;ENT-QC;BD-1066;1;314,26;8,80;199,26;Portail web
CMD-101943;24/10/2024;28/10/2024;03/12/2024;CLI-0182;EMP-503;ENT-QC;BD-1150;12;560,70;10,40;339,92;Représentant
CMD-102213;29/11/2024;02-déc-24;30/12/2024;CLI-0090;EMP-505;ENT-SAG;BD-1103;8;204,82;10,10;151,66;
CMD-102169;25/11/2024;2024-12-01;20/12/2024;CLI-0204;EMP-506;ENT-MTL;BD-1080;12;311,49;5,80;173,12;Représentant
CMD-101842;11/10/2024;2024-10-15;06/12/2024;CLI-0188;EMP-506;ENT-QC;BD-1021;6;315,80;13,20;201,55;Portail web
CMD-101290;13/08/2024;2024-08-19;20/09/2024;CLI-0044;EMP-505;ENT-QC;BD-1094;2;178,55;12,40;121,74;Représentant
CMD-101046;01/07/2024;10/07/2024;2024-07-29;CLI-0148;EMP-501;ENT-QC;BD-1052;4;269,97;12,10;179,27;Représentant
CMD-101908;21/10/2024;25-oct-24;04/12/2024;CLI-0072;EMP-501;ENT-QC;BD-1083;24;274,06;10,80;157,14;Représentant
CMD-100010;03/01/2024;12-janv-24;06/02/2024;CLI-0209;EMP-508;ENT-QC;BD-1111;9;166,31;24,90;145,84;Représentant
CMD-101437;30/08/2024;2024-09-06;14/10/2024;CLI-0116;EMP-509;ENT-MTL;BD-1026;1;390,59;10,90;241,74;Portail web
CMD-102281;17/12/2024;19/12/2024;01/02/2025;CLI-0062;EMP-507;ENT-MTL;BD-1162;8;117,83;14,00;66,97;Représentant
CMD-100955;2024-06-18;20/06/2024;17/08/2024;CLI-0056;EMP-502;ENT-MTL;BD-1123;34;177,45;18,40;129,56;Téléphone
CMD-100128;2024-02-07;11/02/2024;15/03/2024;CLI-0209;EMP-508;ENT-QC;BD-1159;81;236,12;18,30;166,16;Représentant
CMD-102277;2024-12-16;22/12/2024;11/02/2025;CLI-0217;EMP-506;ENT-QC;BD-1147;24;472,24;21,00;339,78;Portail web
CMD-100279;13/03/2024;20/03/2024;05-avr-24;CLI-0093;EMP-508;ENT-MTL;BD-1163;1;546,46;10,90;294,58;Téléphone
CMD-100422;2024-04-04;08/04/2024;17/06/2024;CLI-0083;EMP-507;ENT-MTL;BD-1062;2;168,66;6,10;112,54;Représentant
CMD-101497;2024-09-06;14/09/2024;13/10/2024;CLI-0086;EMP-502;ENT-QC;BD-1040;3;417,81;5,20;268,77;Téléphone
CMD-101234;06/08/2024;14-août-24;13/09/2024;CLI-0059;EMP-504;ENT-MTL;BD-1062;1;142,83;20,50;112,54;Portail web
CMD-101619;18/09/2024;25/09/2024;2024-11-12;CLI-0056;EMP-502;ENT-MTL;BD-1070;19;60,09;21,10;39,88;Téléphone
CMD-101102;12/07/2024;16/07/2024;2024-08-19;CLI-0043;EMP-506;ENT-QC;BD-1002;6;395,73;15,50;292,58;Portail web
CMD-101704;2024-09-27;01/10/2024;23/11/2024;CLI-0124;EMP-509;ENT-QC;BD-1002;4;438,43;6,40;292,58;Portail web
CMD-101994;30/10/2024;2024-11-03;26/11/2024;CLI-0097;EMP-504;ENT-MTL;BD-1127;6;278,65;7,50;170,72;Représentant
CMD-101355;20/08/2024;29/08/2024;15-oct-24;CLI-0074;EMP-507;ENT-MTL;BD-1017;5;448,89;20,40;307,26;Représentant
CMD-101677;25/09/2024;04/10/2024;2024-11-09;CLI-0076;EMP-507;ENT-QC;BD-1067;47;33,99;18,30;23,77;Représentant
CMD-102099;14/11/2024;2024-11-20;12/12/2024;CLI-0075;EMP-506;ENT-QC;BD-1086;3;125,81;8,70;80,72;Téléphone
CMD-101019;27/06/2024;06/07/2024;2024-07-21;CLI-0220;EMP-506;ENT-QC;BD-1059;6;446,02;15,40;324,94;Représentant
CMD-102005;31/10/2024;07/11/2024;2025-01-05;CLI-0130;EMP-508;ENT-QC;BD-1040;19;351,07;20,30;268,77;Téléphone
CMD-102131;2024-11-19;28/11/2024;31/12/2024;CLI-0162;EMP-508;ENT-SAG;BD-1150;6;544,85;12,90;339,92;Représentant
CMD-100710;15/05/2024;24/05/2024;24-juin-24;CLI-0067;EMP-502;ENT-MTL;BD-1111;6;185,02;16,50;145,84;Représentant
CMD-100248;07/03/2024;14/03/2024;2024-05-03;CLI-0013;EMP-507;ENT-QC;BD-1005;6;298,77;8,60;204,06;Portail web
CMD-100881;07-juin-24;09/06/2024;25/07/2024;CLI-0031;EMP-509;ENT-QC;BD-1116;12;75,57;14,80;58,93;Téléphone
CMD-100608;01/05/2024;09/05/2024;05/06/2024;CLI-0083;EMP-507;ENT-SAG;BD-1108;4;266,05;2,60;166,46;Portail web
CMD-100813;2024-05-29;05/06/2024;13/07/2024;CLI-0052;EMP-504;ENT-QC;BD-1118;6;430,19;13,50;336,11;Portail web
CMD-100881;2024-06-07;09/06/2024;25/07/2024;CLI-0031;EMP-509;ENT-QC;BD-1111;6;188,84;14,80;145,84;Représentant
CMD-101576;13/09/2024;19/09/2024;2024-10-11;CLI-0146;EMP-503;ENT-SAG;BD-1035;8;41,58;14,00;30,00;Courriel
CMD-100398;01/04/2024;03-avr-24;25/04/2024;CLI-0176;EMP-503;ENT-QC;BD-1048;3;48,00;6,30;32,82;Représentant
CMD-101762;03-oct-24;07/10/2024;03/12/2024;CLI-0038;EMP-507;ENT-SAG;BD-1162;3;123,34;10,00;66,97;Courriel
CMD-102162;22/11/2024;2024-11-27;07/01/2025;CLI-0209;EMP-508;ENT-MTL;BD-1077;2;270,76;20,80;167,57;Représentant
CMD-102094;13/11/2024;16/11/2024;2024-12-26;CLI-0089;EMP-502;ENT-QC;BD-1127;-6;242,74;19,40;170,72;Représentant
CMD-101556;12/09/2024;20/09/2024;2024-10-21;CLI-0045;EMP-502;ENT-MTL;BD-1074;1;165,96;14,50;108,27;Courriel
CMD-101993;2024-10-30;08/11/2024;25/12/2024;CLI-0061;EMP-503;ENT-MTL;BD-9886;8;83,11;13,30;57,58;Représentant
CMD-101631;19/09/2024;2024-09-24;27/10/2024;CLI-0050;EMP-502;ENT-MTL;BD-1072;3;351,04;11,30;196,62;Courriel
CMD-100457;2024-04-09;18/04/2024;01/05/2024;CLI-0096;EMP-504;ENT-QC;BD-1049;12;50,28;8,00;30,58;Représentant
CMD-100934;14/06/2024;19/06/2024;2024-07-07;CLI-0061;EMP-503;ENT-QC;BD-1009;6;93,83;10,80;66,28;Portail web
CMD-101129;2024-07-19;24/07/2024;30/08/2024;CLI-0197;EMP-507;ENT-SAG;BD-1159;3;280,60;2,90;166,16;Téléphone
CMD-100246;07/03/2024;16-mars-24;27/03/2024;CLI-0127;EMP-503;ENT-MTL;BD-1157;24;46,97;10,30;24,69;Portail web
CMD-101742;01/10/2024;05/10/2024;11/11/2024;CLI-0149;EMP-501;ENT-SAG;BD-1138;4;138,50;6,00;86,38;Représentant
CMD-100378;29/03/2024;05-avr-24;28/04/2024;CLI-0066;EMP-507;ENT-MTL;BD-1163;6;513,31;16,30;294,58;Représentant
CMD-100943;14/06/2024;22/06/2024;2024-07-20;CLI-0088;EMP-504;ENT-SAG;BD-1109;6;393,01;14,60;303,82;Représentant
CMD-101516;10/09/2024;15/09/2024;2024-10-18;CLI-0149;EMP-501;ENT-QC;BD-1067;4;39,80;4,30;23,77;Téléphone
CMD-101546;11/09/2024;15/09/2024;25-oct-24;CLI-0188;EMP-506;ENT-SAG;BD-1059;2;449,67;14,70;324,94;Portail web
CMD-100253;08/03/2024;17/03/2024;2024-04-30;CLI-0029;EMP-506;ENT-SAG;BD-1179;8;346,00;19,80;226,59;Représentant
CMD-101926;2024-10-22;25/10/2024;23/11/2024;CLI-0088;EMP-504;ENT-MTL;BD-1081;3;496,15;16,30;302,82;Courriel
CMD-100408;03/04/2024;2024-04-11;16/05/2024;CLI-0056;EMP-502;ENT-MTL;BD-1161;2;101,68;24,70;62,84;Représentant
CMD-101262;2024-08-09;13/08/2024;31/08/2024;CLI-0182;EMP-503;ENT-SAG;BD-1026;4;390,66;10,90;241,74;Courriel
CMD-101638;19/09/2024;21/09/2024;2024-11-15;CLI-0093;EMP-508;ENT-MTL;BD-1075;3;86,88;13,80;59,74;Représentant
CMD-101595;16/09/2024;2024-09-18;11/10/2024;CLI-0056;EMP-502;ENT-MTL;BD-1007;61;79,06;23,50;55,96;Représentant
CMD-101912;21-oct-24;23/10/2024;17/11/2024;CLI-0132;EMP-507;ENT-MTL;BD-1133;2;89,54;11,70;61,66;Représentant
CMD-101748;2024-10-02;11/10/2024;04/11/2024;CLI-0188;EMP-506;ENT-QC;BD-1166;12;363,09;12,60;212,88;Représentant
CMD-101747;02/10/2024;09/10/2024;2024-10-31;CLI-0009;EMP-502;ENT-QC;BD-1053;36;248,03;24,20;176,84;Téléphone
CMD-100878;2024-06-07;10/06/2024;;CLI-0179;EMP-509;ENT-QC;BD-1108;2;259,23;5,10;166,46;Téléphone
CMD-100386;30/03/2024;04/04/2024;2024-04-21;CLI-0212;EMP-507;ENT-MTL;BD-1075;10;74,76;25,80;59,74;Téléphone
CMD-102222;02/12/2024;10/12/2024;24/01/2025;CLI-0036;EMP-505;ENT-MTL;BD-1040;3;371,88;15,60;268,77;Représentant
CMD-101780;2024-10-04;09/10/2024;30/10/2024;CLI-0006;EMP-505;ENT-SAG;BD-1080;-1;295,72;10,60;173,12;Portail web
CMD-100539;2024-04-20;26/04/2024;12/06/2024;CLI-0056;EMP-502;ENT-QC;BD-1139;12;269,95;24,70;198,93;Représentant
CMD-101882;17/10/2024;21/10/2024;;CLI-0146;EMP-503;ENT-SAG;BD-1134;8;94,19;14,30;60,50;Représentant
CMD-100928;13/06/2024;2024-06-22;07/07/2024;CLI-0091;EMP-504;ENT-QC;BD-1011;1;485,39;7,60;288,46;Représentant
CMD-102303;24/12/2024;2024-12-29;14/02/2025;CLI-0209;EMP-508;ENT-QC;BD-1146;12;300,23;20,10;220,88;Portail web
CMD-102295;20/12/2024;22/12/2024;2025-02-12;CLI-0101;EMP-509;ENT-MTL;BD-1094;8;188,81;7,40;121,74;Portail web
CMD-100259;08/03/2024;15/03/2024;2024-04-08;CLI-0136;EMP-507;ENT-MTL;BD-1014;1;39,81;10,90;26,62;Portail web
CMD-102269;13/12/2024;17-déc-24;08/02/2025;CLI-0002;EMP-509;ENT-QC;BD-1065;12;239,91;3,80;128,81;Représentant
CMD-101664;2024-09-24;27/09/2024;10/11/2024;CLI-0139;EMP-506;ENT-SAG;BD-1040;2;382,05;13,30;268,77;Représentant
CMD-101620;18/09/2024;2024-09-23;26/10/2024;CLI-0019;EMP-502;ENT-MTL;BD-1093;2;217,24;2,90;132,18;Représentant
CMD-100385;29/03/2024;07/04/2024;12/05/2024;CLI-0083;EMP-507;ENT-MTL;BD-1173;12;371,93;6,70;207,98;Représentant
CMD-101796;07/10/2024;2024-10-11;12/11/2024;CLI-0036;EMP-505;ENT-MTL;BD-1056;4;427,13;13,20;287,11;Téléphone
CMD-101623;18/09/2024;22-sept-24;29/10/2024;CLI-0137;EMP-503;ENT-QC;BD-1043;19;412,86;21,80;294,10;Portail web
CMD-101840;11/10/2024;16/10/2024;2024-11-09;CLI-0056;EMP-502;ENT-MTL;BD-1045;21;101,77;22,40;76,76;Portail web
CMD-101175;2024-07-29;01/08/2024;24/09/2024;CLI-0185;EMP-508;ENT-SAG;BD-1062;23;145,42;19,10;112,54;Représentant
CMD-100250;2024-03-07;16/03/2024;02/04/2024;CLI-0091;EMP-504;ENT-MTL;BD-1168;4;384,70;3,80;224,71;Représentant
CMD-100827;30/05/2024;2024-06-04;06/07/2024;CLI-0103;EMP-502;ENT-SAG;BD-1001;6;326,27;2,70;182,30;Représentant
CMD-102320;30/12/2024;03-janv-25;06/02/2025;CLI-0011;EMP-507;ENT-QC;BD-1152;3;465,20;3,30;265,82;Représentant
CMD-100536;19/04/2024;27/04/2024;2024-05-25;CLI-0123;EMP-501;ENT-MTL;BD-1058;6;212,98;13,00;146,46;Courriel
CMD-100787;24/05/2024;2024-06-01;19/07/2024;CLI-0075;EMP-506;ENT-MTL;BD-1125;1;417,82;5,00;285,25;Téléphone
CMD-101792;07-oct-24;13/10/2024;13/11/2024;CLI-0059;EMP-504;ENT-SAG;BD-1090;25;76,57;20,10;57,58;Représentant
CMD-100054;17-janv-24;20/01/2024;11/03/2024;CLI-0163;EMP-505;ENT-QC;BD-1112;24;106,63;7,20;65,64;Représentant
CMD-101371;22/08/2024;31/08/2024;2024-10-06;CLI-0135;EMP-506;ENT-SAG;BD-1166;8;357,67;13,90;212,88;Portail web
CMD-101938;23/10/2024;2024-10-25;04/12/2024;CLI-0171;EMP-507;ENT-QC;BD-1064;3;120,99;3,40;69,43;Représentant
CMD-100471;11/04/2024;2024-04-18;20/05/2024;CLI-0188;EMP-506;ENT-MTL;BD-1125;2;374,45;14,90;285,25;Téléphone
CMD-100378;29/03/2024;05/04/2024;2024-04-28;CLI-0066;EMP-507;ENT-MTL;BD-1061;1;98,87;16,30;75,23;Téléphone
CMD-102047;2024-11-06;10/11/2024;14/11/2024;CLI-0059;EMP-504;ENT-SAG;BD-1153;11;164,25;18,10;113,61;Portail web
CMD-101086;08/07/2024;11/07/2024;31-juil-24;CLI-0060;EMP-508;ENT-QC;BD-1104;3;106,26;4,00;75,12;Représentant
CMD-101628;19/09/2024;21/09/2024;2024-10-27;CLI-0019;EMP-502;ENT-MTL;BD-1053;2;303,35;7,30;176,84;Représentant
CMD-100425;05/04/2024;10-avr-24;22/04/2024;CLI-0058;EMP-508;ENT-MTL;BD-1115;8;69,00;7,60;46,26;Salon
CMD-101311;15-août-24;24/08/2024;18/09/2024;CLI-0134;EMP-509;ENT-SAG;BD-1157;3;50,03;4,40;24,69;Représentant
CMD-101843;2024-10-11;15/10/2024;11/11/2024;CLI-0042;EMP-505;ENT-QC;BD-1098;3;393,78;10,70;257,11;Courriel
CMD-101700;27/09/2024;01-oct-24;21/10/2024;CLI-0056;EMP-502;ENT-SAG;BD-1165;5;142,82;22,40;105,70;Représentant
CMD-101012;27/06/2024;2024-06-30;09/08/2024;CLI-0145;EMP-504;ENT-MTL;BD-1034;1;220130,00;7,30;151,89;Courriel
CMD-101050;02/07/2024;2024-07-10;27/08/2024;CLI-0124;EMP-509;ENT-QC;BD-1123;2;198,82;8,60;129,56;Représentant
CMD-101062;03-juil-24;06/07/2024;13/08/2024;CLI-0128;EMP-502;ENT-QC;BD-1159;8;243,11;15,90;166,16;Représentant
CMD-101233;06/08/2024;2024-08-09;30/09/2024;CLI-0120;EMP-509;ENT-MTL;BD-1105;8;248,59;4,00;166,12;Téléphone
CMD-101704;27/09/2024;01-oct-24;23/11/2024;CLI-0124;EMP-509;ENT-QC;BD-1050;3;471,80;6,40;291,69;Courriel
CMD-100195;26/02/2024;01/03/2024;2024-03-29;CLI-0120;EMP-509;ENT-QC;BD-1141;4;470,92;5,70;307,78;Téléphone
CMD-101958;26/10/2024;2024-11-02;30/11/2024;CLI-0044;EMP-505;ENT-SAG;BD-1077;3;286,87;16,10;167,57;Téléphone
CMD-101162;2024-07-26;30/07/2024;20/09/2024;CLI-0132;EMP-507;ENT-MTL;BD-1001;12;283,81;15,30;182,30;Téléphone
CMD-100458;09/04/2024;2024-04-14;10/06/2024;CLI-0049;EMP-508;ENT-QC;BD-1166;3;367,19;11,60;212,88;Représentant
CMD-102284;18/12/2024;21/12/2024;15/01/2025;CLI-0041;EMP-508;ENT-QC;BD-1150;8;536,12;14,30;339,92;Représentant
CMD-100830;30/05/2024;06/06/2024;2024-07-19;CLI-0092;EMP-508;ENT-MTL;BD-1108;8;257,48;5,70;166,46;Représentant
CMD-101453;2024-09-02;10/09/2024;06/10/2024;CLI-0037;EMP-504;ENT-QC;BD-1035;11;38,96;19,50;30,00;Représentant
CMD-100250;07-mars-24;16/03/2024;02/04/2024;CLI-0091;EMP-504;ENT-MTL;BD-1165;3;176,99;3,80;105,70;Représentant
CMD-101118;17-juil-24;19/07/2024;15/09/2024;CLI-0212;EMP-507;ENT-SAG;BD-1124;16;204,97;19,60;150,61;Portail web
CMD-100788;24/05/2024;01-juin-24;13/07/2024;CLI-0089;EMP-502;ENT-QC;BD-1147;9;450,80;24,60;339,78;Portail web
CMD-101208;2024-08-02;11/08/2024;17/10/2024;CLI-0121;EMP-508;ENT-QC;BD-1048;4;45,47;11,20;32,82;Portail web
CMD-101436;30/08/2024;03/09/2024;07-oct-24;CLI-0141;EMP-502;ENT-MTL;BD-1026;1;369,54;15,70;241,74;Portail web
CMD-101795;07/10/2024;16/10/2024;2024-11-13;CLI-0169;EMP-507;ENT-MTL;BD-1058;6;209,06;14,60;146,46;Courriel
CMD-100369;28-mars-24;30/03/2024;17/04/2024;CLI-0150;EMP-502;ENT-QC;BD-1017;6;541,08;4,00;307,26; 
CMD-101476;04/09/2024;09/09/2024;08-nov-24;CLI-0130;EMP-508;ENT-QC;BD-1046;23;366,27;23,30;308,91;Représentant
CMD-101430;30/08/2024;03/09/2024;09/10/2024;CLI-0025;EMP-509;ENT-QC;BD-1181;2;537,00;14,10;305,97;Représentant
CMD-100070;2024-01-22;31/01/2024;;CLI-0160;EMP-508;ENT-MTL;BD-1049;6;51,49;5,80;30,58;Représentant
CMD-100294;14/03/2024;23-mars-24;28/04/2024;CLI-0073;EMP-501;ENT-SAG;BD-1098;8;396,30;10,10;257,11;Portail web
CMD-100042;2024-01-12;21/01/2024;21/02/2024;CLI-0108;EMP-503;ENT-QC;BD-1137;12;36,62;14,40;25,06;Représentant
CMD-100612;01/05/2024;06/05/2024;01/06/2024;CLI-0044;EMP-505;ENT-MTL;BD-1045;2;117,94;10,00;76,76;Téléphone
CMD-100848;01-juin-24;06/06/2024;30/06/2024;CLI-0157;EMP-502;ENT-QC;BD-1038;4;480,74;12,90;313,36;Représentant
CMD-101608;17/09/2024;21-sept-24;05/11/2024;CLI-0117;EMP-504;ENT-MTL;BD-1097;3;350,72;4,70;210,05;Représentant
CMD-101927;22/10/2024;31/10/2024;15/11/2024;CLI-0191;EMP-504;ENT-QC;BD-1081;3;502,46;15,30;302,82;Portail web
CMD-100734;17/05/2024;2024-05-21;29/06/2024;CLI-0157;EMP-502;ENT-QC;BD-1058;8;214,32;12,50;146,46;Représentant
CMD-101510;09/09/2024;17/09/2024;14/10/2024;CLI-0060;EMP-508;ENT-SAG;BD-1006;12;305,27;8,80;178,72;Portail web
CMD-100127;07/02/2024;12/02/2024;26-mars-24;CLI-0031;EMP-509;ENT-MTL;BD-1159;24;246,12;14,80;166,16;Représentant
CMD-100369;28/03/2024;30/03/2024;2024-04-17;CLI-0150;EMP-502;ENT-QC;BD-1109;6;441,54;4,00;303,82;Représentant
CMD-100531;19/04/2024;25/04/2024;24-mai-24;CLI-0032;EMP-504;ENT-QC;BD-1033;12;179,80;4,00;110,89;Représentant
CMD-102108;15/11/2024;23/11/2024;2024-12-19;CLI-0152;EMP-503;ENT-QC;BD-1100;6;492,29;8,20;306,44;Représentant
CMD-100792;27/05/2024;2024-06-04;19/07/2024;CLI-0194;EMP-506;ENT-MTL;BD-1030;12;167,57;8,50;98,88;Courriel
CMD-100475;11/04/2024;2024-04-14;24/05/2024;CLI-0128;EMP-502;ENT-MTL;BD-1096;3;246,60;16,70;170,74;Représentant
CMD-102051;07/11/2024;09-nov-24;05/12/2024;CLI-0219;EMP-505;ENT-MTL;BD-1098;4;417,98;5,20;257,11;Représentant
CMD-101335;19/08/2024;28/08/2024;2024-09-12;CLI-0113;EMP-505;ENT-MTL;BD-1015;1;489,06;7,90;318,69;Téléphone
CMD-100150;14/02/2024;22/02/2024;2024-03-31;CLI-0067;EMP-502;ENT-QC;BD-1007;1;87,57;15,30;55,96;Téléphone
CMD-102065;2024-11-08;14/11/2024;18/12/2024;CLI-0212;EMP-507;ENT-MTL;BD-1087;10;296,67;23,10;211,22;Salon
CMD-100865;2024-06-04;09/06/2024;21/07/2024;CLI-0193;EMP-509;ENT-QC;BD-1025;4;207,28;11,40;146,28;Représentant
CMD-101252;08/08/2024;2024-08-14;03/09/2024;CLI-0076;EMP-507;ENT-QC;BD-1060;9;310,00;21,70;241,90;Téléphone
CMD-101996;30/10/2024;01/11/2024;2024-11-23;CLI-0080;EMP-506;ENT-SAG;BD-1133;4;85,99;15,20;61,66;Portail web
CMD-100925;13/06/2024;18-juin-24;25/07/2024;CLI-0076;EMP-507;ENT-QC;BD-1019;5;230,61;23,40;170,21;Téléphone
CMD-102171;2024-11-25;02/12/2024;10/01/2025;CLI-0216;EMP-503;ENT-SAG;BD-1142;24;150,65;7,60;98,85;Représentant
CMD-101791;07/10/2024;2024-10-12;27/10/2024;CLI-0204;EMP-506;ENT-SAG;BD-1081;12;575,24;3,00;302,82;Portail web
CMD-101792;07/10/2024;13/10/2024;2024-11-13;CLI-0059;EMP-504;ENT-SAG;BD-1042;3;352,53;20,10;261,53;Représentant
CMD-101466;03/09/2024;2024-09-12;28/09/2024;CLI-0213;EMP-508;ENT-MTL;BD-1067;4;37,94;8,80;23,77;Représentant
CMD-100537;20/04/2024;24-avr-24;28/05/2024;CLI-0120;EMP-509;ENT-MTL;BD-1177;8;386,54;5,20;211,22;Portail web
CMD-100319;2024-03-19;26/03/2024;24/04/2024;CLI-0006;EMP-505;ENT-MTL;BD-1074;12;165,40;14,80;108,27;Représentant
CMD-101957;25/10/2024;2024-11-02;03/12/2024;CLI-0145;EMP-504;ENT-SAG;BD-1128;2;132,73;8,40;77,25;Représentant
CMD-102158;2024-11-21;24/11/2024;23/12/2024;CLI-0074;EMP-507;ENT-QC;BD-1135;15;59,39;19,00;39,89;Représentant
CMD-100978;2024-06-20;28/06/2024;05/08/2024;CLI-0123;EMP-501;ENT-MTL;BD-1063;6;318,95;13,40;242,15;Représentant
CMD-100771;23/05/2024;26/05/2024;2024-07-04;CLI-0209;EMP-508;ENT-QC;BD-1002;19;354,71;24,30;292,58;Courriel
CMD-100405;2024-04-02;06/04/2024;10/05/2024;CLI-0109;EMP-501;ENT-QC;BD-1029;8;376,08;4,00;238,44;Représentant
CMD-101081;08/07/2024;12/07/2024;16-août-24;CLI-0089;EMP-502;ENT-MTL;BD-1097;4;276,05;25,00;210,05;Portail web
CMD-101519;10/09/2024;18/09/2024;2024-10-02;CLI-0032;EMP-504;ENT-MTL;BD-1073;2;427,57;4,90;255,00;Courriel
CMD-101603;16/09/2024;20/09/2024;2024-10-29;CLI-0040;EMP-509;ENT-QC;BD-1098;4;391,42;11,20;257,11;Salon
CMD-100556;24/04/2024;2024-05-01;21/05/2024;CLI-0112;EMP-505;ENT-QC;BD-1170;2;31,31;11,00;16,60;Représentant
CMD-100880;07/06/2024;16/06/2024;03-juil-24;CLI-0085;EMP-503;ENT-QC;BD-1031;4;494,13;4,90;294,44;Représentant
CMD-101582;13/09/2024;17/09/2024;2024-10-31;CLI-0187;EMP-507;ENT-MTL;BD-1071;8;466,11;12,70;301,72;Représentant
CMD-100653;2024-05-08;16/05/2024;21/06/2024;CLI-0212;EMP-507;ENT-SAG;BD-1158;5;268,78;23,10;180,81;Courriel
CMD-101124;18/07/2024;2024-07-27;20/08/2024;CLI-0137;EMP-503;ENT-QC;BD-1098;5;328,84;25,40;257,11;Téléphone
CMD-102110;2024-11-15;24/11/2024;11/12/2024;CLI-0089;EMP-502;ENT-MTL;BD-1128;15;115,64;20,20;77,25;Portail web
CMD-101648;21/09/2024;25/09/2024;2024-11-02;CLI-0038;EMP-507;ENT-SAG;BD-1161;8;119,12;11,80;62,84;Portail web
CMD-101686;25/09/2024;2024-10-03;01/11/2024;CLI-0134;EMP-509;ENT-MTL;BD-1050;3;475,37;5,70;291,69;Représentant
CMD-101477;04/09/2024;2024-09-12;21/10/2024;CLI-0188;EMP-506;ENT-SAG;BD-1142;8;135,50;16,90;98,85;Portail web
CMD-100143;12/02/2024;2024-02-16;26/03/2024;CLI-0124;EMP-509;ENT-MTL;BD-1145;6;172,10;6,50;108,83;Représentant
CMD-101992;30/10/2024;07/11/2024;2024-12-15;CLI-0156;EMP-502;ENT-SAG;BD-9051;3;138,16;6,20;86,38;Portail web
CMD-102014;01/11/2024;2024-11-05;23/11/2024;CLI-0078;EMP-504;ENT-MTL;BD-1154;4;523,47;2,10;323,13;Téléphone
CMD-102197;28/11/2024;07/12/2024;2024-12-28;CLI-0037;EMP-504;ENT-SAG;BD-1094;2;165,04;19,00;121,74;Téléphone
CMD-101875;16/10/2024;21/10/2024;23-nov-24;CLI-0042;EMP-505;ENT-QC;BD-1145;6;158,93;13,70;108,83;Représentant
CMD-100372;28/03/2024;30/03/2024;2024-05-16;CLI-0178;EMP-501;ENT-MTL;BD-1117;2;142,47;3,80;98,28;Portail web
CMD-102239;06/12/2024;15/12/2024;26-déc-24;CLI-0114;EMP-502;ENT-MTL;BD-1021;2;335,10;7,90;201,55;Représentant
CMD-101585;13-sept-24;21/09/2024;10/10/2024;CLI-0130;EMP-508;ENT-QC;BD-1160;10;63,30;19,60;40,71;Représentant
CMD-100261;08/03/2024;11/03/2024;24-avr-24;CLI-0212;EMP-507;ENT-MTL;BD-1156;12;225,86;25,20;161,25;Salon
CMD-101386;26-août-24;04/09/2024;05/10/2024;CLI-0137;EMP-503;ENT-QC;BD-1010;23;122,33;25,00;87,08;Portail web
CMD-101910;21/10/2024;30/10/2024;2024-11-13;CLI-0169;EMP-507;ENT-MTL;BD-1144;3;150,82;15,50;96,31;Représentant
CMD-102047;2024-11-06;10/11/2024;14/11/2024;CLI-0059;EMP-504;ENT-SAG;BD-1178;12;168,07;18,10;116,97;Portail web
CMD-101294;14-août-24;23/08/2024;18/09/2024;CLI-0029;EMP-506;ENT-QC;BD-1005;10;258,51;20,90;204,06;Portail web
CMD-100332;2024-03-21;26/03/2024;13/04/2024;CLI-0209;EMP-508;ENT-MTL;BD-1173;12;311,31;21,90;207,98;Courriel
CMD-100776;2024-05-23;28/05/2024;26/07/2024;CLI-0089;EMP-502;ENT-MTL;BD-1055;35;251,99;23,30;209,35;Représentant
CMD-100142;12/02/2024;18/02/2024;2024-04-04;CLI-0137;EMP-503;ENT-QC;BD-1176;30;506,64;19,60;322,02;Représentant
CMD-100148;13/02/2024;22-févr-24;16/03/2024;CLI-0059;EMP-504;ENT-QC;BD-1030;9;136,42;25,50;98,88;Portail web
CMD-101487;06-sept-24;09/09/2024;09/10/2024;CLI-0009;EMP-502;ENT-QC;BD-1102;18;378,59;21,90;255,33;Représentant
CMD-101977;2024-10-29;07/11/2024;31/12/2024;CLI-0076;EMP-507;ENT-MTL;BD-1156;6;236,94;21,60;161,25;Portail web
CMD-101950;24/10/2024;30/10/2024;06/12/2024;CLI-0162;EMP-508;ENT-SAG;BD-1157;3;43,71;16,50;24,69;Représentant
CMD-100516;17/04/2024;2024-04-24;18/05/2024;CLI-0014;EMP-502;ENT-MTL;BD-1158;4;320,02;8,40;180,81;Portail web
CMD-101028;28/06/2024;2024-07-06;18/08/2024;CLI-0185;EMP-508;ENT-SAG;BD-1040;5;337,36;23,50;268,77;Courriel
CMD-100011;2024-01-03;12/01/2024;17/02/2024;CLI-0156;EMP-502;ENT-QC;BD-1172;4;398,92;4,70;216,67;Courriel
CMD-101227;05/08/2024;13/08/2024;08/09/2024;CLI-0131;EMP-502;ENT-QC;BD-1062;8;149,29;16,90;112,54;Représentant
CMD-100513;17/04/2024;21/04/2024;2024-06-19;CLI-0209;EMP-508;ENT-MTL;BD-1067;2;30,80;26,00;23,77;Portail web
CMD-102309;26/12/2024;2024-12-29;10/02/2025;CLI-0045;EMP-502;ENT-MTL;BD-1081;3;524,07;11,60;302,82;Portail web
CMD-101043;01/07/2024;04/07/2024;2024-08-02;CLI-0209;EMP-508;ENT-MTL;BD-1111;8;180,18;18,70;145,84;Courriel
CMD-101845;11/10/2024;16/10/2024;2024-11-18;CLI-0074;EMP-507;ENT-QC;BD-1078;15;287,11;25,10;197,64;Salon
CMD-101821;2024-10-10;12/10/2024;24/11/2024;CLI-0212;EMP-507;ENT-QC;BD-1087;17;302,79;21,50;211,22;Téléphone
CMD-100715;15/05/2024;2024-05-21;17/06/2024;CLI-0068;EMP-505;ENT-QC;BD-1126;6;196,91;2,70;130,29;Portail web
CMD-100915;12-juin-24;14/06/2024;09/08/2024;CLI-0009;EMP-502;ENT-MTL;BD-1171;23;122,24;22,80;83,70;Représentant
CMD-100481;2024-04-11;15/04/2024;18/05/2024;CLI-0145;EMP-504;ENT-SAG;BD-1050;8;464,48;7,90;291,69;Représentant
CMD-100268;11/03/2024;2024-03-16;30/04/2024;CLI-0198;EMP-504;ENT-QC;BD-1099;2;458,51;7,70;287,66;Représentant
CMD-101287;13-août-24;22/08/2024;28/09/2024;CLI-0158;EMP-507;ENT-QC;BD-1054;2;441,71;5,20;257,53;Portail web
CMD-100194;26-févr-24;28/02/2024;01/04/2024;CLI-0212;EMP-507;ENT-QC;BD-1042;26;358,64;18,70;261,53;Téléphone
CMD-100198;26/02/2024;2024-03-04;08/04/2024;CLI-0074;EMP-507;ENT-QC;BD-1131;19;51,20;23,60;36,32;Téléphone
CMD-102008;2024-10-31;09/11/2024;05/12/2024;CLI-0077;EMP-501;ENT-SAG;BD-1084;2;558,14;3,90;312,00;Représentant
CMD-100272;11/03/2024;20/03/2024;24/04/2024;CLI-0099;EMP-505;ENT-SAG;BD-1082;6;366,57;22,90;278,39;Portail web
CMD-100308;18/03/2024;21/03/2024;28-avr-24;CLI-0217;EMP-506;ENT-QC;BD-1033;29;143,23;23,60;110,89;Portail web
CMD-100458;09/04/2024;14/04/2024;10-juin-24;CLI-0049;EMP-508;ENT-QC;BD-1119;2;81,15;11,60;58,44;Représentant
CMD-101336;19/08/2024;23-août-24;12/09/2024;CLI-0141;EMP-502;ENT-MTL;BD-1051;4;115,16;11,20;78,12;Salon
CMD-102213;2024-11-29;02/12/2024;30/12/2024;CLI-0090;EMP-505;ENT-SAG;BD-1154;2;480,64;10,10;323,13;Portail web
CMD-100260;2024-03-08;16/03/2024;10/05/2024;CLI-0143;EMP-503;ENT-QC;BD-1157;2;43,97;16,00;24,69;Salon
CMD-101226;05/08/2024;13/08/2024;07-oct-24;CLI-0029;EMP-506;ENT-QC;BD-1028;5;175,20;25,90;140,77;Téléphone
CMD-101909;2024-10-21;29/10/2024;23/11/2024;CLI-0099;EMP-505;ENT-MTL;BD-1134;3;84,73;22,90;60,50;Représentant
CMD-100695;13/05/2024;16-mai-24;14/06/2024;CLI-0072;EMP-501;ENT-SAG;BD-1165;8;160,02;13,00;105,70;Téléphone
CMD-101106;2024-07-13;19/07/2024;09/09/2024;CLI-0059;EMP-504;ENT-QC;BD-1015;2;393,26;25,90;318,69;Représentant
CMD-100692;13/05/2024;16-mai-24;10/07/2024;CLI-0208;EMP-507;ENT-MTL;BD-1054;4;409,23;12,20;257,53;Portail web
CMD-101151;2024-07-23;30/07/2024;23/08/2024;CLI-0003;EMP-508;ENT-QC;BD-1033;12;171,40;8,50;110,89;Téléphone
CMD-101071;04/07/2024;2024-07-13;18/08/2024;CLI-0127 ;EMP-503;ENT-MTL;BD-1013;4;430,37;16,60;308,85;Représentant
CMD-100170;2024-02-19;27/02/2024;22/03/2024;CLI-0169;EMP-507;ENT-SAG;BD-1067;6;37,38;10,20;23,77;Représentant
CMD-100468;2024-04-11;17/04/2024;14/05/2024;CLI-0029;EMP-506;ENT-MTL;BD-1173;6;325,72;18,30;207,98;Représentant
CMD-101151;23/07/2024;2024-07-30;23/08/2024;CLI-0003;EMP-508;ENT-QC;BD-1109;3;420,82;8,50;303,82;Représentant
CMD-100094;30/01/2024;2024-02-02;19/03/2024;CLI-0115;EMP-509;ENT-SAG;BD-1099;4;442,41;10,90;287,66;Courriel
CMD-101922;22/10/2024;24/10/2024;2024-12-12;CLI-0152;EMP-503;ENT-MTL;BD-1097;6;340,20;7,50;210,05;Portail web
CMD-100771;23/05/2024;26/05/2024;04/07/2024;CLI-0209;EMP-508;ENT-QC;BD-1152;5;364,16;24,30;265,82;Téléphone
CMD-100973;19/06/2024;28/06/2024;26-juil-24;CLI-0090;EMP-505;ENT-SAG;BD-1051;3;115,01;11,30;78,12;Représentant
CMD-100976;20/06/2024;27-juin-24;30/07/2024;CLI-0074;EMP-507;ENT-SAG;BD-1060;32;304,81;23,00;241,90;Portail web
CMD-101797;07/10/2024;09/10/2024;2024-10-29;CLI-0034;EMP-507;ENT-QC;BD-1099;3;433,78;12,60;287,66;Téléphone
CMD-101874;16/10/2024;25/10/2024;27/11/2024;CLI-0040;EMP-509;ENT-QC;BD-1129;2;62,78;12,70;45,49;Téléphone
CMD-101014;27-juin-24;02/07/2024;22/08/2024;CLI-0012;EMP-501;ENT-MTL;BD-1038;37;443,48;19,60;313,36;Représentant
CMD-101353;20/08/2024;29-août-24;05/10/2024;CLI-0035;EMP-503;ENT-QC;BD-1060;1;350,44;11,50;241,90;Téléphone
CMD-101636;2024-09-19;25/09/2024;22/10/2024;CLI-0021;EMP-501;ENT-MTL;BD-1091;2;532,75;6,20;279,07;Portail web
CMD-100878;07/06/2024;2024-06-10;;CLI-0179;EMP-509;ENT-QC;BD-1106;3;503,48;5,10;333,09;Représentant
CMD-102246;2024-12-09;18/12/2024;15/01/2025;CLI-0038;EMP-507;ENT-MTL;BD-1131;12;58,04;13,40;36,32;Téléphone
CMD-100208;29/02/2024;2024-03-06;03/05/2024;CLI-0094;EMP-502;ENT-QC;BD-1106;24;484,04;8,80;333,09;Téléphone
CMD-101676;2024-09-25;29/09/2024;15/11/2024;CLI-0006;EMP-505;ENT-MTL;BD-1080;8;291,97;11,70;173,12;Portail web
CMD-101443;02/09/2024;2024-09-09;13/11/2024;CLI-0099;EMP-505;ENT-SAG;BD-1163;25;471,22;23,20;294,58;Portail web
CMD-100164;16/02/2024;18/02/2024;03/04/2024;CLI-0212;EMP-507;ENT-MTL;BD-1046;23;365,44;23,40;308,91;Représentant
CMD-100521;18/04/2024;22/04/2024;2024-05-16;cli-0061;EMP-503;ENT-QC;BD-1064;3;110,29;12,00;69,43;Portail web
CMD-100620;2024-05-02;05/05/2024;05/06/2024;CLI-0182;EMP-503;ENT-MTL;BD-1004;8;243,01;11,30;155,56;Représentant
CMD-102017;01/11/2024;2024-11-04;13/12/2024;CLI-0015;EMP-509;ENT-QC;BD-1170;6;33,50;4,70;16,60;Téléphone
CMD-100006;01/01/2024;2024-01-08;06/02/2024;CLI-0152;EMP-503;ENT-QC;BD-1133;24;98,03;3,30;61,66;Représentant
CMD-101428;30/08/2024;08/09/2024;2024-09-28;CLI-0166;EMP-503;ENT-SAG;BD-1021;1;310,32;14,70;201,55;Portail web
CMD-101240;06/08/2024;2024-08-09;;CLI-0150;EMP-502;ENT-QC;BD-1060;24;362,45;8,40;241,90;Courriel
CMD-100382;29/03/2024;04/04/2024;2024-05-17;CLI-0212;EMP-507;ENT-SAG;BD-1006;10;248,35;25,80;178,72;Téléphone
CMD-101722;30/09/2024;03/10/2024;10-nov-24;CLI-0141;EMP-502;ENT-QC;BD-1173;6;351,80;11,80;207,98;Téléphone
CMD-102251;10/12/2024;18/12/2024;12-janv-25;CLI-0049;EMP-508;ENT-MTL;BD-1155;2;464,31;14,30;322,38;N/A
CMD-100651;07-mai-24;12/05/2024;12/07/2024;CLI-0090;EMP-505;ENT-QC;BD-1038;2;485,70;12,00;313,36;Téléphone
CMD-100780;24-mai-24;29/05/2024;10/07/2024;CLI-0103;EMP-502;ENT-SAG;BD-1121;2;75,72;2,70;43,73;Portail web
CMD-100252;2024-03-07;11/03/2024;19/04/2024;CLI-0066;EMP-507;ENT-MTL;BD-1053;3;284,76;13,00;176,84;Portail web
CMD-100959;18/06/2024;22-juin-24;03/08/2024;CLI-0131;EMP-502;ENT-MTL;BD-1116;4;76,34;13,90;58,93;Représentant
CMD-100850;03-juin-24;06/06/2024;06/07/2024;CLI-0089;EMP-502;ENT-QC;BD-1032;34;417,54;23,70;339,97;Représentant
CMD-100985;21-juin-24;25/06/2024;30/07/2024;CLI-0039;EMP-503;ENT-MTL;BD-1028;3;215,30;8,90;140,77;Portail web
CMD-100514;17/04/2024;2024-04-22;13/06/2024;CLI-0089;EMP-502;ENT-QC;BD-1063;19;292,24;20,70;242,15;Courriel
CMD-100039;11-janv-24;16/01/2024;02/02/2024;CLI-0053;EMP-509;ENT-QC;BD-1142;1;139,57;14,40;98,85;Représentant
CMD-101867;16/10/2024;19/10/2024;2024-11-28;CLI-0148;EMP-501;ENT-MTL;BD-1091;1;481,87;15,20;279,07;Représentant
CMD-102143;2024-11-20;26/11/2024;08/01/2025;CLI-0011;EMP-507;ENT-SAG;BD-1081;3;543,72;8,30;302,82;Représentant
CMD-100393;01/04/2024;09/04/2024;30/04/2024;CLI-0149;EMP-501;ENT-MTL;BD-1040;6;423,08;4,00;268,77;Représentant
CMD-102152;2024-11-21;29/11/2024;30/12/2024;CLI-0151;EMP-504;ENT-MTL;BD-1141;2;473,12;5,20;307,78;Téléphone
CMD-101459;03/09/2024;11/09/2024;21/10/2024;CLI-0182;EMP-503;ENT-QC;BD-1025;2;195,71;16,30;146,28;Téléphone
CMD-101609;2024-09-17;22/09/2024;23/10/2024;CLI-0164;EMP-509;ENT-QC;BD-1026;2;411,41;6,10;241,74;Téléphone
CMD-100427;05/04/2024;11/04/2024;21-mai-24;CLI-0209;EMP-508;ENT-MTL;BD-1004;35;216,76;20,90;155,56;Téléphone
CMD-101278;12/08/2024;2024-08-17;16/09/2024;CLI-0062;EMP-507;ENT-MTL;BD-1083;3;264,45;13,90;157,14;Téléphone
CMD-101102;12/07/2024;16/07/2024;19/08/2024;CLI-0043;EMP-506;ENT-QC;BD-1058;1;206,81;15,50;146,46;Courriel
CMD-100696;13/05/2024;18/05/2024;;CLI-0181;EMP-504;ENT-MTL;BD-1165;3;175,08;4,90;105,70;Représentant
CMD-101959;26/10/2024;2024-10-29;01/12/2024;CLI-0109;EMP-501;ENT-SAG;BD-1088;3;614,07;2,50;335,85;Portail web
CMD-100662;08-mai-24;15/05/2024;08/06/2024;CLI-0025;EMP-509;ENT-MTL;BD-1139;2;299,11;16,60;198,93;Portail web
CMD-102041;06/11/2024;10/11/2024;2024-12-24;CLI-0156;EMP-502;ENT-QC;BD-1004;1;258,27;5,80;155,56;Téléphone
CMD-101557;12/09/2024;2024-09-16;19/10/2024;CLI-0042;EMP-505;ENT-SAG;BD-1050;6;424,51;15,80;291,69;Salon
CMD-101020;27-juin-24;03/07/2024;20/08/2024;  CLI-0082;EMP-504;ENT-QC;BD-1003;3;273,80;8,20;188,61;Téléphone
CMD-101946;24-oct-24;30/10/2024;24/11/2024;CLI-0213;EMP-508;ENT-MTL;BD-1134;6;107,52;2,20;60,50;Représentant
CMD-100082;25/01/2024;02/02/2024;20-mars-24;CLI-0093;EMP-508;ENT-QC;BD-1098;3;394,00;10,60;257,11;Téléphone
CMD-101491;06/09/2024;2024-09-13;;CLI-0053;EMP-509;ENT-MTL;BD-1038;3;491,31;11,00;313,36;Portail web
CMD-100280;13/03/2024;18/03/2024;21/04/2024;CLI-0217;EMP-506;ENT-SAG;BD-1071;9;409,66;23,20;301,72;Courriel
CMD-100958;18-juin-24;23/06/2024;13/07/2024;CLI-0133;EMP-508;ENT-SAG;BD-1056;4;416,23;15,40;287,11;Courriel
CMD-102218;30/11/2024;02/12/2024;07/01/2025;CLI-0080;EMP-506;ENT-MTL;BD-1106;4;464,76;12,40;333,09;Portail web
CMD-101335;19/08/2024;28/08/2024;2024-09-12;CLI-0113;EMP-505;ENT-MTL;BD-1003;8;274,61;7,90;188,61;Portail web
CMD-100494;15/04/2024;19/04/2024;2024-05-12;CLI-0134;EMP-509;ENT-SAG;BD-1092;2;259,00;8,20;140,04;Portail web
CMD-100123;06/02/2024;09/02/2024;28-mars-24;CLI-0158;EMP-507;ENT-MTL;BD-1039;2;180,68;8,70;119,66;Portail web
CMD-100558;24/04/2024;02/05/2024;2024-05-23;CLI-0056;EMP-502;ENT-SAG;BD-1059;12;410,65;22,10;324,94;Portail web
CMD-100168;19-févr-24;28/02/2024;04/04/2024;CLI-0082;EMP-504;ENT-QC;BD-1085;12;63,67;5,30;40,90;Représentant
CMD-101597;2024-09-16;23/09/2024;21/10/2024;CLI-0099;EMP-505;ENT-QC;BD-1069;9;324,21;18,70;198,50;Représentant
CMD-101460;03/09/2024;09/09/2024;2024-10-27;CLI-0005;EMP-503;ENT-QC;BD-1053;1;314,24;4,00;176,84;Représentant
CMD-100153;14/02/2024;17/02/2024;2024-03-31;CLI-0128;EMP-502;ENT-SAG;BD-1061;6;100,26;15,10;75,23;Représentant
CMD-100859;03/06/2024;10/06/2024;23/07/2024;CLI-0043;EMP-506;ENT-MTL;BD-1135;1;63,37;13,60;39,89;Portail web
CMD-100545;22/04/2024;30/04/2024;13/07/2024;CLI-0144;EMP-502;ENT-QC;BD-1048;6;42,66;16,70;32,82;Courriel
CMD-101085;08/07/2024;14/07/2024;22/08/2024;CLI-0130;EMP-508;ENT-QC;BD-1039;2;146,87;25,80;119,66;Représentant
CMD-102220;02/12/2024;04/12/2024;21/01/2025;CLI-0209;EMP-508;ENT-QC;BD-1079;5;203,06;23,00;144,83;Téléphone
CMD-101978;29/10/2024;2024-11-03;13/12/2024;CLI-0134;EMP-509;ENT-MTL;BD-1137;2;41,52;3,00;25,06;Représentant
CMD-102106;2024-11-14;23/11/2024;27/12/2024;CLI-0168;EMP-509;ENT-QC;BD-1087;2;361,84;6,20;211,22;Représentant
CMD-101460;03/09/2024;2024-09-09;27/10/2024;CLI-0005;EMP-503;ENT-QC;BD-1179;24;414,52;4,00;226,59;Représentant
CMD-100241;2024-03-06;12/03/2024;12/04/2024;CLI-0007 ;EMP-508;ENT-QC;BD-1097;3;344,45;6,40;210,05;Représentant
CMD-101136;22-juil-24;24/07/2024;28/08/2024;CLI-0009;EMP-502;ENT-MTL;BD-1033;12;144,30;23,00;110,89;Portail web
CMD-101844;11/10/2024;19/10/2024;19/10/2024;CLI-0136;EMP-507;ENT-MTL;BD-1033;2;156,08;16,70;110,89;Représentant
CMD-101097;2024-07-11;19/07/2024;12/09/2024;CLI-0067;EMP-502;ENT-SAG;BD-1120;4;259,06;12,70;182,88;Représentant
CMD-100156;15/02/2024;24/02/2024;2024-04-03;CLI-0145;EMP-504;ENT-MTL;BD-1167;8;339,31;8,60;205,42;Salon
CMD-101422;29/08/2024;04/09/2024;14-oct-24;CLI-0106;EMP-501;ENT-MTL;BD-1049;8;47,79;12,50;30,58;Représentant
CMD-100724;16/05/2024;2024-05-20;01/07/2024;CLI-0040;EMP-509;ENT-SAG;BD-1111;3;185,01;16,50;145,84;Représentant
CMD-102220;02/12/2024;04/12/2024;21-janv-25;CLI-0209;EMP-508;ENT-QC;BD-1100;3;413,16;23,00;306,44;Téléphone
CMD-101951;24/10/2024;2024-10-26;21/11/2024;CLI-0212;EMP-507;ENT-QC;BD-1127;7;227,18;24,60;170,72;Représentant
CMD-100205;28/02/2024;05/03/2024;2024-04-15;CLI-0109;EMP-501;ENT-MTL;BD-1111;8;208,51;5,90;145,84;Représentant
CMD-102126;18/11/2024;2024-11-24;17/12/2024;CLI-0056;EMP-502;ENT-QC;BD-1177;9;306,36;24,80;211,22;Courriel
CMD-101451;02/09/2024;09/09/2024;01-nov-24;CLI-0037;EMP-504;ENT-MTL;BD-1073;21;343,07;23,70;255,00;Téléphone
CMD-100874;06/06/2024;13/06/2024;12/08/2024;CLI-0196;EMP-506;ENT-SAG;BD-1020;4;56,22;2,20;32,44;Représentant
CMD-101280;12/08/2024;17-août-24;20/08/2024;CLI-0029;EMP-506;ENT-QC;BD-1020;31;46,84;18,50;32,44;Portail web
CMD-101081;08/07/2024;12/07/2024;2024-08-16;CLI-0089;EMP-502;ENT-MTL;BD-1014;13;33,53;25,00;26,62;Représentant
CMD-101229;05-août-24;08/08/2024;14/09/2024;CLI-0081;EMP-502;ENT-MTL;BD-1043;1;438,67;16,90;294,10;Téléphone
CMD-101055;2024-07-02;04/07/2024;04/08/2024;CLI-0212;EMP-507;ENT-SAG;BD-1116;8;66,81;24,70;58,93;Téléphone
CMD-101226;05/08/2024;2024-08-13;07/10/2024;CLI-0029;EMP-506;ENT-QC;BD-1049;8;40,49;25,90;30,58;Représentant
CMD-101630;19/09/2024;21/09/2024;2024-10-10;CLI-0114;EMP-502;ENT-QC;BD-1055;2;302,30;8,00;209,35;Téléphone
CMD-100735;17-mai-24;19/05/2024;20/06/2024;CLI-0140;EMP-502;ENT-QC;BD-1126;2;193,76;4,30;130,29;Portail web
CMD-102119;18/11/2024;26/11/2024;28/12/2024;CLI-0116;EMP-509;ENT-SAG;BD-1088;3;525,97;16,50;335,85;Portail web
CMD-100640;06/05/2024;08/05/2024;08-juil-24;CLI-0080;EMP-506;ENT-QC;BD-1044;1;290,70;10,00;195,45;Représentant
CMD-101306;2024-08-14;18/08/2024;29/08/2024;CLI-0217;EMP-506;ENT-MTL;BD-1010;74;123,65;24,10;87,08;Portail web
CMD-101502;06-sept-24;08/09/2024;16/10/2024;CLI-0136;EMP-507;ENT-MTL;BD-1095;8;90,84;12,40;53,64;Portail web
CMD-101114;16/07/2024;24/07/2024;2024-09-14;CLI-0028;EMP-509;ENT-QC;BD-1052;2;280,18;8,80;179,27;Représentant
CMD-101957;25/10/2024;2024-11-02;03/12/2024;CLI-0145;EMP-504;ENT-SAG;BD-1155;6;496,49;8,40;322,38;Représentant
CMD-100543;22-avr-24;27/04/2024;10/06/2024;CLI-0188;EMP-506;ENT-MTL;BD-1064;6;105,70;15,60;69,43;Représentant
CMD-101749;02/10/2024;05/10/2024;02/11/2024;CLI-0130;EMP-508;ENT-MTL;BD-1069;7;302,88;24,00;198,50;Téléphone
CMD-102070;11-nov-24;16/11/2024;09/01/2025;CLI-0053;EMP-509;ENT-MTL;BD-1084;3;506,60;12,70;312,00;Représentant
CMD-101740;01/10/2024;05-oct-24;31/10/2024;CLI-0143;EMP-503;ENT-QC;BD-1130;24;491,84;12,90;317,23;Représentant
CMD-101328;2024-08-16;20/08/2024;12/09/2024;CLI-0124;EMP-509;ENT-QC;BD-1052;6;280,68;8,60;179,27;Téléphone
CMD-101281;12/08/2024;2024-08-20;26/09/2024;CLI-0188;EMP-506;ENT-MTL;BD-1025;3;202,63;13,30;146,28;Représentant
CMD-101280;12/08/2024;17/08/2024;20/08/2024;CLI-0029;EMP-506;ENT-QC;BD-1013;18;420,77;18,50;308,85;Représentant
CMD-101388;2024-08-26;28/08/2024;17/10/2024;CLI-0163;EMP-505;ENT-QC;BD-1015;24;517,31;2,60;318,69;Courriel
CMD-101995;2024-10-30;06/11/2024;22/12/2024;CLI-0131;EMP-502;ENT-SAG;BD-1132;2;171,84;13,50;125,81;Téléphone
CMD-101656;23/09/2024;2024-09-27;14/11/2024;CLI-0078;EMP-504;ENT-SAG;BD-1012;2;116,17;4,60;68,19;Représentant
CMD-100059;18-janv-24;26/01/2024;09/03/2024;CLI-0136;EMP-507;ENT-MTL;BD-1141;1;435,08;12,80;307,78;Représentant
CMD-100347;2024-03-25;31/03/2024;08/05/2024;CLI-0104;EMP-501;ENT-QC;BD-1063;3;343,35;6,80;242,15;Représentant
CMD-101199;01/08/2024;05-août-24;02/10/2024;CLI-0040;EMP-509;ENT-MTL;BD-1059;2;438,17;16,90;324,94;Représentant
CMD-100891;2024-06-08;15/06/2024;15/07/2024;CLI-0130;EMP-508;ENT-QC;BD-1008;5;189,73;18,90;128,94;Représentant
CMD-100090;29/01/2024;05/02/2024;15/02/2024;CLI-0099;EMP-505;ENT-MTL;BD-1154;5;399,36;25,30;323,13;Représentant
CMD-101703;27/09/2024;02/10/2024;;CLI-0038;EMP-507;ENT-QC;BD-1061;12;101,34;14,20;75,23;Représentant
CMD-100449;08/04/2024;10/04/2024;;CLI-0077;EMP-501;ENT-QC;BD-1106;8;516,44;2,70;333,09;Portail web
CMD-101173;29/07/2024;31/07/2024;28/08/2024;CLI-0121;EMP-508;ENT-SAG;BD-1035;3;40,58;16,10;30,00;Portail web
CMD-101356;2024-08-20;29/08/2024;30/09/2024;CLI-0146;EMP-503;ENT-MTL;BD-1054;12;398,97;14,40;257,53;Représentant
CMD-101301;14-août-24;18/08/2024;23/10/2024;CLI-0137;EMP-503;ENT-QC;BD-1002;15;375,46;19,90;292,58;Courriel
CMD-100512;17/04/2024;22-avr-24;02/05/2024;CLI-0089;EMP-502;ENT-SAG;BD-1135;12;55,19;24,70;39,89;Téléphone
CMD-101602;16/09/2024;2024-09-21;25/10/2024;CLI-0050;EMP-502;ENT-MTL;BD-1125;2;384,00;12,70;285,25;Portail web
CMD-102230;04/12/2024;11/12/2024;19/01/2025;CLI-0159;EMP-502;ENT-MTL;BD-1165;6;178,41;3,10;105,70;Courriel
CMD-101598;2024-09-16;22/09/2024;23/10/2024;CLI-0052;EMP-504;ENT-QC;BD-1043;1;449,13;14,90;294,10;Représentant
CMD-101706;27/09/2024;2024-10-05;19/10/2024;CLI-0059;EMP-504;ENT-QC;BD-1064;23;102,71;18,00;69,43;Représentant
CMD-102011;31/10/2024;05-nov-24;13/12/2024;CLI-0062;EMP-507;ENT-MTL;BD-1058;4;216,76;11,50;146,46;Salon
CMD-101837;2024-10-11;19/10/2024;30/10/2024;CLI-0173;EMP-508;ENT-QC;BD-1009;3;88,45;15,90;66,28;Portail web
CMD-100247;2024-03-07;11/03/2024;30/04/2024;CLI-0059;EMP-504;ENT-QC;BD-1125;5;326,64;25,70;285,25;Salon
CMD-102115;2024-11-16;18/11/2024;06/12/2024;CLI-0218;EMP-503;ENT-SAG;BD-1078;1;365,79;4,60;197,64;Représentant
CMD-100963;18-juin-24;23/06/2024;12/07/2024;CLI-0150;EMP-502;ENT-QC;BD-1048;6;47,15;7,90;32,82;Représentant
CMD-100173;2024-02-20;24/02/2024;05/04/2024;CLI-0128;EMP-502;ENT-SAG;BD-1066;2;298,76;13,30;199,26;Représentant
CMD-100816;2024-05-29;31/05/2024;10/07/2024;CLI-0164;EMP-509;ENT-QC;BD-1022;2;421,11;7,30;247,74;Téléphone
CMD-100283;13/03/2024;16/03/2024;10-mai-24;CLI-0017;EMP-507;ENT-SAG;BD-1041;4;218,46;13,80;159,88;Portail web
CMD-101398;2024-08-27;05/09/2024;18/09/2024;CLI-0087;EMP-502;ENT-QC;BD-1012;12;108,74;10,70;68,19;Représentant
CMD-100220;2024-03-02;09/03/2024;10/04/2024;CLI-0185;EMP-508;ENT-QC;BD-1010;3;133,60;18,00;87,08;Représentant
CMD-102309;26/12/2024;29/12/2024;10-févr-25;CLI-0045;EMP-502;ENT-MTL;BD-1163;4;541,89;11,60;294,58;Téléphone
CMD-100016;2024-01-04;13/01/2024;16/02/2024;CLI-0082;EMP-504;ENT-QC;BD-1112;24;105,37;8,30;65,64;Portail web
CMD-101708;27-sept-24;30/09/2024;29/10/2024;CLI-0056;EMP-502;ENT-MTL;BD-1077;26;254,76;25,50;167,57;Portail web
CMD-101843;2024-10-11;15/10/2024;11/11/2024;CLI-0042;EMP-505;ENT-QC;BD-1065;12;222,74;10,70;128,81;Représentant
CMD-100837;31-mai-24;07/06/2024;22/07/2024;CLI-0146;EMP-503;ENT-MTL;BD-1072;6;334,27;15,50;196,62;Téléphone
CMD-101510;09/09/2024;17/09/2024;2024-10-14;CLI-0060;EMP-508;ENT-SAG;BD-1039;1;180,52;8,80;119,66;Téléphone
CMD-100034;10/01/2024;2024-01-16;22/03/2024;CLI-0209;EMP-508;ENT-QC;BD-1157;14;40,05;23,50;24,69;Téléphone
CMD-102167;23/11/2024;28-nov-24;22/12/2024;CLI-0164;EMP-509;ENT-QC;BD-1115;6;68,03;8,90;46,26;Portail web
CMD-100145;13/02/2024;18-févr-24;11/03/2024;CLI-0185;EMP-508;ENT-QC;BD-1111;29;180,52;18,50;145,84;Courriel
CMD-101222;2024-08-05;11/08/2024;11/09/2024;CLI-0168;EMP-509;ENT-QC;BD-1116;4;82,00;7,50;58,93;Portail web
CMD-101849;12/10/2024;17-oct-24;26/11/2024;CLI-0136;EMP-507;ENT-MTL;BD-1143;2;322,75;14,00;215,92;Portail web
CMD-101604;16/09/2024;20/09/2024;2024-10-29;CLI-0191;EMP-504;ENT-MTL;BD-1178;4;183,84;10,50;116,97;Courriel
CMD-100113;02/02/2024;2024-02-08;22/03/2024;CLI-0034;EMP-507;ENT-QC;BD-1086;6;118,43;14,00;80,72;Portail web
CMD-101908;21/10/2024;2024-10-25;04/12/2024;CLI-0072;EMP-501;ENT-QC;BD-1101;6;96,79;10,80;62,94;Représentant
CMD-101860;15/10/2024;23/10/2024;2024-11-16;CLI-0196;EMP-506;ENT-MTL;BD-1114;6;232,21;8,10;149,59;Représentant
CMD-102314;2024-12-27;03/01/2025;26/02/2025;CLI-0056;EMP-502;ENT-QC;BD-1129;15;58,12;19,20;45,49;Téléphone
CMD-100277;12/03/2024;2024-03-17;19/04/2024;CLI-0047;EMP-508;ENT-MTL;BD-1166;6;361,83;12,90;212,88;Courriel
CMD-100404;02/04/2024;2024-04-06;21/05/2024;CLI-0038;EMP-507;ENT-MTL;BD-1139;3;322,40;10,10;198,93;Représentant
CMD-101080;08/07/2024;12/07/2024;2024-09-03;CLI-0133;EMP-508;ENT-SAG;BD-1055;6;292,21;11,00;209,35;Représentant
CMD-101369;22/08/2024;2024-08-24;27/09/2024;CLI-0072;EMP-501;ENT-MTL;BD-1028;2;197,85;16,30;140,77;Portail web
CMD-100896;10/06/2024;19/06/2024;31/07/2024;CLI-0166;EMP-503;ENT-QC;BD-1123;3;190,10;12,60;129,56;Portail web
CMD-101236;06/08/2024;13/08/2024;2024-09-30;CLI-0211;EMP-504;ENT-MTL;BD-1026;1;370,87;15,40;241,74;Représentant
CMD-101487;06/09/2024;09-sept-24;09/10/2024;CLI-0009;EMP-502;ENT-QC;BD-1052;26;239,81;21,90;179,27;Courriel
CMD-100588;30/04/2024;05/05/2024;17-juin-24;CLI-0108;EMP-503;ENT-QC;BD-1115;24;64,12;14,10;46,26;Représentant
CMD-101026;28/06/2024;04/07/2024;11-août-24;CLI-0056;EMP-502;ENT-QC;BD-1068;25;439,87;22,00;284,28;Téléphone
CMD-100046;15/01/2024;20/01/2024;2024-02-08;CLI-0037;EMP-504;ENT-MTL;BD-1029;2;313,93;19,90;238,44;Téléphone
CMD-101889;17-oct-24;23/10/2024;22/11/2024;CLI-0037;EMP-504;ENT-SAG;BD-1031;4;392,85;24,40;294,44;Représentant
CMD-101557;12/09/2024;16/09/2024;19-oct-24;CLI-0042;EMP-505;ENT-SAG;BD-1072;8;333,25;15,80;196,62;Courriel
CMD-101724;30/09/2024;2024-10-06;06/11/2024;CLI-0181;EMP-504;ENT-QC;BD-1004;8;254,12;7,30;155,56;Représentant
CMD-101014;27/06/2024;02/07/2024;2024-08-22;CLI-0012;EMP-501;ENT-MTL;BD-1056;5;395,29;19,60;287,11;Salon
CMD-100408;03/04/2024;11-avr-24;16/05/2024;CLI-0056;EMP-502;ENT-MTL;BD-1135;5;55,19;24,70;39,89;Représentant
CMD-101404;2024-08-27;29/08/2024;18/09/2024;CLI-0029;EMP-506;ENT-MTL;BD-1053;7;245,49;25,00;176,84;Téléphone
CMD-100342;2024-03-22;29/03/2024;07/05/2024;CLI-0108;EMP-503;ENT-SAG;BD-1048;8;42,64;16,70;32,82;Téléphone
CMD-100670;2024-05-09;14/05/2024;20/06/2024;CLI-0071;EMP-503;ENT-QC;BD-1107;4;203,57;7,60;147,44;Téléphone
CMD-101159;24/07/2024;01/08/2024;2024-09-14;CLI-0137;EMP-503;ENT-MTL;BD-1015;7;427,37;19,50;318,69;Portail web
CMD-101403;27/08/2024;2024-09-03;29/10/2024;CLI-0007;EMP-508;ENT-MTL;BD-1015;2;499,18;6,00;318,69;Représentant
CMD-101193;01/08/2024;10/08/2024;09-août-24;CLI-0025;EMP-509;ENT-SAG;BD-1136;1;180,76;12,90;110,14;Téléphone
CMD-100458;09/04/2024;14/04/2024;2024-06-10;CLI-0049;EMP-508;ENT-QC;BD-1059;4;466,04;11,60;324,94;Portail web
CMD-101434;30/08/2024;05/09/2024;2024-10-08;CLI-0083;EMP-507;ENT-QC;BD-1044;3;307,41;4,80;195,45;Représentant
CMD-101846;2024-10-12;19/10/2024;05/12/2024;CLI-0191;EMP-504;ENT-QC;BD-1150;3;550,94;12,00;339,92;Représentant
CMD-101211;02-août-24;05/08/2024;30/08/2024;CLI-0212;EMP-507;ENT-QC;BD-1027;12;344,01;24,90;249,72;Représentant
CMD-101082;2024-07-08;12/07/2024;15/08/2024;CLI-0137 ;EMP-503;ENT-MTL;BD-1121;2;63,79;18,10;43,73;Représentant
CMD-101633;19-sept-24;24/09/2024;22/11/2024;CLI-0076;EMP-507;ENT-MTL;BD-1147;7;444,48;25,70;339,78;Représentant
CMD-101871;16-oct-24;25/10/2024;29/11/2024;CLI-0095;EMP-505;ENT-MTL;BD-1042;4;430,00;2,60;261,53;Représentant
CMD-101358;21/08/2024;29/08/2024;12/09/2024;CLI-0166;EMP-503;ENT-MTL;BD-1023;6;338,94;10,20;239,29;Représentant
CMD-100379;29-mars-24;31/03/2024;24/05/2024;CLI-0048;EMP-508;ENT-MTL;BD-1005;8;276,75;15,40;204,06;Téléphone
CMD-101163;26/07/2024;02/08/2024;27-août-24;CLI-0193;EMP-509;ENT-QC;BD-1026;1;380,93;13,10;241,74;
CMD-101347;20/08/2024;29-août-24;02/10/2024;CLI-0185;EMP-508;ENT-SAG;BD-1177;8;325,89;20,00;211,22;Téléphone
CMD-101200;2024-08-01;04/08/2024;08/09/2024;CLI-0162;EMP-508;ENT-MTL;BD-1041;8;228,07;10,00;159,88;Représentant
CMD-101757;03/10/2024;2024-10-09;03/12/2024;CLI-0074;EMP-507;ENT-SAG;BD-1154;48;435,13;18,60;323,13;Téléphone
CMD-101411;27/08/2024;2024-08-31;22/10/2024;CLI-0031;EMP-509;ENT-MTL;BD-1129;3;63,97;11,00;45,49;Représentant
CMD-100437;2024-04-08;14/04/2024;14/05/2024;CLI-0056;EMP-502;ENT-QC;BD-1055;5;254,24;22,60;209,35;Représentant
CMD-100591;30/04/2024;06/05/2024;15-juin-24;CLI-0059;EMP-504;ENT-SAG;BD-1167;3;289,50;22,00;205,42;Représentant
CMD-100134;09-févr-24;18/02/2024;25/02/2024;CLI-0049;EMP-508;ENT-MTL;BD-1178;6;177,26;13,70;116,97;Téléphone
CMD-100387;2024-03-30;07/04/2024;13/04/2024;CLI-0130;EMP-508;ENT-MTL;BD-1039;7;157,32;20,50;119,66;Représentant
CMD-100727;16/05/2024;21/05/2024;27-mai-24;CLI-0187;EMP-507;ENT-MTL;BD-1006;8;293,98;12,20;178,72;Téléphone
CMD-100747;2024-05-20;28/05/2024;;CLI-0127;EMP-503;ENT-MTL;BD-1046;24;423,91;11,20;308,91;Téléphone
CMD-101428;30/08/2024;08/09/2024;2024-09-28;CLI-0166;EMP-503;ENT-SAG;BD-1059;1;449,94;14,70;324,94;Téléphone
CMD-102023;01/11/2024;05/11/2024;11/12/2024;CLI-0059;EMP-504;ENT-SAG;BD-1097;20;283,22;23,00;210,05;Portail web
CMD-101260;09/08/2024;18/08/2024;2024-09-12;CLI-0025;EMP-509;ENT-QC;BD-1065;2;216,49;13,20;128,81;Téléphone
CMD-102199;28/11/2024;2024-12-07;04/01/2025;CLI-0214;EMP-508;ENT-QC;BD-1074;6;177,19;8,70;108,27;Courriel
CMD-100698;13/05/2024;2024-05-21;11/06/2024;CLI-0219;EMP-505;ENT-MTL;BD-1165;2;172,25;6,40;105,70;Portail web
CMD-101871;2024-10-16;25/10/2024;29/11/2024;CLI-0095;EMP-505;ENT-MTL;BD-1162;6;133,54;2,60;66,97;Portail web
CMD-101685;25/09/2024;01/10/2024;2024-11-11;CLI-0089;EMP-502;ENT-MTL;BD-1073;8;368,16;18,10;255,00;Représentant
CMD-100996;25-juin-24;03/07/2024;05/09/2024;CLI-0173;EMP-508;ENT-QC;BD-1042;3;392,18;11,10;261,53;Téléphone
CMD-100382;29-mars-24;04/04/2024;17/05/2024;CLI-0212;EMP-507;ENT-SAG;BD-1057;10;22,14;25,80;19,26;Portail web
CMD-101082;08/07/2024;2024-07-12;15/08/2024;CLI-0137;EMP-503;ENT-MTL;BD-1129;71;58,91;18,10;45,49;Représentant
CMD-100692;13/05/2024;2024-05-16;10/07/2024;CLI-0208;EMP-507;ENT-MTL;BD-1021;4;319,46;12,20;201,55;Téléphone
CMD-100025;08/01/2024;15-janv-24;04/02/2024;CLI-0179;EMP-509;ENT-QC;BD-1022;3;431,57;5,00;247,74;Représentant
CMD-102044;2024-11-06;09/11/2024;24/12/2024;CLI-0089;EMP-502;ENT-MTL;BD-1139;13;271,39;24,30;198,93;Portail web
CMD-102211;29/11/2024;01/12/2024;07/02/2025;CLI-0121;EMP-508;ENT-MTL;BD-1013;6;436,28;15,50;308,85;Représentant
CMD-101850;14-oct-24;19/10/2024;06/11/2024;CLI-0070;EMP-503;ENT-MTL;BD-1182;3;104,88;3,70;56,87;Représentant
CMD-100664;08/05/2024;2024-05-14;10/06/2024;CLI-0148;EMP-501;ENT-QC;BD-1048;8;45,68;10,80;32,82;Représentant
CMD-101385;2024-08-24;30/08/2024;21/10/2024;CLI-0009;EMP-502;ENT-QC;BD-1105;5;212,30;18,10;166,12;Représentant
CMD-101810;09/10/2024;13-oct-24;19/11/2024;CLI-0040;EMP-509;ENT-QC;BD-1067;6;36,33;12,70;23,77;Portail web
CMD-100814;29/05/2024;05/06/2024;30/06/2024;CLI-0157;EMP-502;ENT-SAG;BD-1032;2;470,47;14,10;339,97;Portail web
CMD-101154;24/07/2024;26/07/2024;2024-08-22;CLI-0119;EMP-503;ENT-QC;BD-1179;4;419,00;2,90;226,59;Téléphone
CMD-101833;11/10/2024;19/10/2024;08-nov-24;CLI-0050;EMP-502;ENT-QC;BD-1138;12;129,97;11,80;86,38;Représentant
CMD-101270;2024-08-10;14/08/2024;05/09/2024;CLI-0067;EMP-502;ENT-QC;BD-1056;3;435,79;11,40;287,11;Représentant
CMD-100962;2024-06-18;25/06/2024;02/08/2024;CLI-0146;EMP-503;ENT-MTL;BD-1107;12;182,98;16,90;147,44;Représentant
CMD-100180;22/02/2024;29/02/2024;15-avr-24;CLI-0099;EMP-505;ENT-SAG;BD-1074;15;144,29;25,70;108,27;Représentant
CMD-101803;2024-10-08;17/10/2024;23/11/2024;CLI-0100;EMP-505;ENT-QC;BD-1145;12;177,80;3,40;108,83;Représentant
CMD-100136;09/02/2024;2024-02-18;17/03/2024;CLI-0076;EMP-507;ENT-QC;BD-1071;16;432,77;18,90;301,72;Téléphone
CMD-100918;2024-06-12;15/06/2024;06/08/2024;CLI-0095;EMP-505;ENT-SAG;BD-1085;8;61,72;8,20;40,90;Représentant
CMD-101264;09/08/2024;11/08/2024;;CLI-0071;EMP-503;ENT-SAG;BD-1024;2;318,54;4,70;185,46;Représentant
CMD-100642;07/05/2024;2024-05-13;14/06/2024;CLI-0089;EMP-502;ENT-SAG;BD-1175;3;126,00;25,80;94,86;Représentant
CMD-101949;2024-10-24;31/10/2024;06/11/2024;CLI-0035;EMP-503;ENT-SAG;BD-1022;2;385,15;15,30;247,74;Courriel
CMD-100825;30/05/2024;04/06/2024;25/07/2024;CLI-0148;EMP-501;ENT-MTL;BD-1055;2;289,39;11,90;209,35;Portail web
CMD-101598;16/09/2024;22/09/2024;23/10/2024;CLI-0052;EMP-504;ENT-QC;BD-1169;8;490,75;14,90;276,47;Représentant
CMD-101415;28/08/2024;02/09/2024;17/10/2024;CLI-0185;EMP-508;ENT-MTL;BD-1038;73;428,75;22,30;313,36;Portail web
CMD-101117;2024-07-17;19/07/2024;05/09/2024;CLI-0106;EMP-501;ENT-SAG;BD-1052;6;274,54;10,60;179,27;Portail web
CMD-101014;27/06/2024;02/07/2024;22/08/2024;CLI-0012;EMP-501;ENT-MTL;BD-1012;3;97,83;19,60;68,19;Portail web
CMD-102120;18/11/2024;2024-11-24;27/12/2024;CLI-0037;EMP-504;ENT-SAG;BD-1069;4;297,48;25,40;198,50;Représentant
CMD-100404;02/04/2024;2024-04-06;21/05/2024;CLI-0038;EMP-507;ENT-MTL;BD-1035;8;43,48;10,10;30,00;Téléphone
CMD-100309;18-mars-24;21/03/2024;28/04/2024;CLI-0081;EMP-502;ENT-MTL;BD-1105;3;225,05;13,10;166,12;Portail web
CMD-102211;2024-11-29;01/12/2024;07/02/2025;CLI-0121;EMP-508;ENT-MTL;BD-1083;4;259,62;15,50;157,14;Représentant
CMD-100961;18/06/2024;22/06/2024;2024-08-02;CLI-0191;EMP-504;ENT-QC;BD-1062;8;159,98;11,00;112,54;Portail web
CMD-102112;15/11/2024;2024-11-17;29/12/2024;CLI-0059;EMP-504;ENT-MTL;BD-1045;8;98,92;24,50;76,76;Représentant
CMD-100752;21/05/2024;28-mai-24;20/06/2024;CLI-0210;EMP-503;ENT-MTL;BD-1096;3;275,53;7,00;170,74;Représentant
CMD-100823;29/05/2024;02/06/2024;02/07/2024;CLI-0209;EMP-508;ENT-QC;BD-1004;24;206,23;24,80;155,56; 
CMD-100867;05/06/2024;10/06/2024;29-juil-24;CLI-0146;EMP-503;ENT-QC;BD-1012;8;101,13;16,90;68,19;Représentant
CMD-102075;11/11/2024;20/11/2024;2024-12-20;CLI-0108;EMP-503;ENT-QC;BD-1124;1;220,54;13,50;150,61;Salon
CMD-101023;28/06/2024;06/07/2024;06/09/2024;CLI-0074;EMP-507;ENT-QC;BD-1020;38;45,36;21,10;32,44;Portail web
CMD-100908;2024-06-11;18/06/2024;09/07/2024;CLI-0092;EMP-508;ENT-MTL;BD-1027;2;448,46;2,10;249,72;Portail web
CMD-100167;19/02/2024;25-févr-24;26/03/2024;CLI-0042;EMP-505;ENT-SAG;BD-1162;8;117,96;13,90;66,97;Représentant
CMD-100729;17/05/2024;20/05/2024;2024-07-26;CLI-0123;EMP-501;ENT-QC;BD-1037;4;26,91;10,10;16,31;Téléphone
CMD-101428;30/08/2024;2024-09-08;28/09/2024;CLI-0166;EMP-503;ENT-SAG;BD-1016;1;352,64;14,70;219,41;Portail web
CMD-101460;03/09/2024;09/09/2024;2024-10-27;CLI-0005;EMP-503;ENT-QC;BD-1092;6;271,07;4,00;140,04;Représentant
CMD-100420;04/04/2024;13-avr-24;24/05/2024;cli-0034;EMP-507;ENT-MTL;BD-1059;8;465,23;11,80;324,94;Portail web
CMD-101713;28/09/2024;2024-10-07;01/11/2024;CLI-0020;EMP-508;ENT-MTL;BD-1079;2;245,25;7,00;144,83;Téléphone
CMD-101095;11/07/2024;20/07/2024;2024-08-13;CLI-0076;EMP-507;ENT-MTL;BD-1117;11;111,88;24,50;98,28;Représentant
CMD-101950;24/10/2024;30/10/2024;06-déc-24;CLI-0162;EMP-508;ENT-SAG;BD-1069;1;332,95;16,50;198,50;Portail web
CMD-101785;04/10/2024;10/10/2024;2024-11-11;CLI-0209;EMP-508;ENT-MTL;BD-1172;5;327,89;21,70;216,67;Téléphone
CMD-101329;16-août-24;21/08/2024;25/09/2024;CLI-0139;EMP-506;ENT-SAG;BD-1132;8;165,57;16,60;125,81;Portail web
CMD-101045;01/07/2024;05/07/2024;21/07/2024;CLI-0015;EMP-509;ENT-SAG;BD-1006;4;327,59;2,10;178,72;Représentant
CMD-100497;15/04/2024;20/04/2024;2024-06-10;CLI-0009;EMP-502;ENT-SAG;BD-1151;11;120,98;23,90;90,35;Représentant
CMD-101587;14/09/2024;17-sept-24;30/10/2024;CLI-0037;EMP-504;ENT-SAG;BD-1130;1;454,07;19,50;317,23;Représentant
CMD-101240;06/08/2024;2024-08-09;;CLI-0150;EMP-502;ENT-QC;BD-1180;2;173,40;8,40;93,34;Représentant
CMD-102108;15/11/2024;23/11/2024;19/12/2024;CLI-0152;EMP-503;ENT-QC;BD-1132;4;182,23;8,20;125,81;Représentant
CMD-100012;03/01/2024;06/01/2024;30-janv-24;CLI-0011;EMP-507;ENT-QC;BD-1149;3;179,00;2,30;108,85;Courriel
CMD-100361;2024-03-27;03/04/2024;16/05/2024;CLI-0137;EMP-503;ENT-SAG;BD-1040;4;351,88;20,20;268,77;Représentant
CMD-101787;05/10/2024;2024-10-14;17/11/2024;CLI-0121;EMP-508;ENT-QC;BD-1079;8;235,93;10,50;144,83;Représentant
CMD-101750;02/10/2024;06/10/2024;2024-11-20;CLI-0076;EMP-507;ENT-SAG;BD-1056;6;379,39;22,90;287,11;Courriel
CMD-101627;19-sept-24;25/09/2024;04/11/2024;CLI-0201;EMP-504;ENT-QC;BD-1097;2;337,99;8,10;210,05;Portail web
CMD-100061;18/01/2024;25-janv-24;01/03/2024;CLI-0146;EMP-503;ENT-QC;BD-1127;2;263,05;12,70;170,72;
CMD-100514;2024-04-17;22/04/2024;13/06/2024;CLI-0089;EMP-502;ENT-QC;BD-1157;8;41,53;20,70;24,69;Représentant
CMD-101880;17/10/2024;2024-10-22;;CLI-0136;EMP-507;ENT-SAG;BD-1094;2;170,18;16,50;121,74;Représentant
CMD-101349;20/08/2024;24/08/2024;19-sept-24;CLI-0100;EMP-505;ENT-SAG;BD-1060;1;361,80;8,60;241,90;Représentant
CMD-100888;07/06/2024;2024-06-11;18/07/2024;CLI-0194;EMP-506;ENT-MTL;BD-1161;4;125,41;7,10;62,84;Représentant
CMD-100527;18/04/2024;2024-04-26;;CLI-0076;EMP-507;ENT-SAG;BD-1059;6;411,19;22,00;324,94;Téléphone
CMD-100744;20-mai-24;27/05/2024;18/06/2024;CLI-0034;EMP-507;ENT-QC;BD-1158;12;295,71;15,40;180,81;Représentant
CMD-100317;19/03/2024;28/03/2024;2024-05-16;CLI-0035;EMP-503;ENT-MTL;BD-1162;4;123,27;10,10;66,97;Représentant
CMD-101676;2024-09-25;29/09/2024;15/11/2024;CLI-0006;EMP-505;ENT-MTL;BD-1181;6;551,75;11,70;305,97;Salon
CMD-101348;20-août-24;22/08/2024;06/09/2024;CLI-0176;EMP-503;ENT-MTL;BD-1036;6;240,23;6,40;159,06;Portail web
CMD-101187;31/07/2024;2024-08-02;29/08/2024;CLI-0030;EMP-501;ENT-QC;BD-1044;3;300,42;7,00;195,45;Portail web
CMD-101736;2024-10-01;05/10/2024;;CLI-0037;EMP-504;ENT-SAG;BD-1156;4;225,95;25,20;161,25;Téléphone
CMD-101919;22/10/2024;29/10/2024;2024-11-08;CLI-0137;EMP-503;ENT-QC;BD-1061;11;89,48;24,30;75,23;Portail web
CMD-101316;15-août-24;19/08/2024;02/10/2024;CLI-0146;EMP-503;ENT-QC;BD-1170;2;29,77;15,30;16,60;Représentant
CMD-100193;26/02/2024;01-mars-24;28/03/2024;CLI-0026;EMP-506;ENT-QC;BD-1086;6;116,82;15,20;80,72;Représentant
CMD-102134;19/11/2024;27/11/2024;16-déc-24;CLI-0185;EMP-508;ENT-SAG;BD-1142;6;133,70;18,00;98,85;Téléphone
CMD-100085;26/01/2024;04/02/2024;2024-03-21;CLI-0148;EMP-501;ENT-QC;BD-9914;2;61,51;16,10;39,89;Représentant
CMD-101045;01/07/2024;05/07/2024;2024-07-21;CLI-0015;EMP-509;ENT-SAG;BD-1050;3;493,31;2,10;291,69;Représentant
CMD-101681;25/09/2024;28/09/2024;2024-11-10;CLI-0066;EMP-507;ENT-MTL;BD-1072;1;333,69;15,70;196,62;Téléphone
CMD-102185;27/11/2024;2024-11-30;10/01/2025;CLI-0101;EMP-509;ENT-MTL;BD-1139;24;343,24;4,30;198,93;Représentant
CMD-102150;21/11/2024;2024-11-23;27/12/2024;CLI-0009;EMP-502;ENT-SAG;BD-1097;12;286,15;22,20;210,05;Représentant
CMD-100975;19/06/2024;2024-06-24;02/09/2024;CLI-0130;EMP-508;ENT-MTL;BD-1061;12;93,83;20,60;75,23;Téléphone
CMD-101684;25/09/2024;02/10/2024;15/11/2024;CLI-0091;EMP-504;ENT-MTL;BD-1049;8;52,59;3,80;30,58;Portail web
CMD-101321;16/08/2024;2024-08-25;17/09/2024;CLI-0137;EMP-503;ENT-MTL;BD-1047;25;81,41;23,60;70,06;Représentant
CMD-100498;15/04/2024;2024-04-20;15/05/2024;CLI-0061;EMP-503;ENT-MTL;BD-1169;4;483,78;16,10;276,47;Représentant
CMD-100284;2024-03-13;19/03/2024;21/04/2024;CLI-0212;EMP-507;ENT-MTL;BD-1167;8;286,36;22,90;205,42;Représentant
CMD-100483;12/04/2024;16/04/2024;2024-06-05;CLI-0063;EMP-503;ENT-SAG;BD-1046;4;396,28;17,00;308,91;Portail web
CMD-102002;31/10/2024;05/11/2024;2024-11-28;CLI-0026;EMP-506;ENT-SAG;BD-1014;2;38,38;14,10;26,62;Représentant
CMD-100443;08/04/2024;17/04/2024;11-juin-24;CLI-0220;EMP-506;ENT-QC;BD-1050;8;427,62;15,20;291,69;Portail web
CMD-101907;19/10/2024;2024-10-27;29/11/2024;CLI-0057;EMP-507;ENT-MTL;BD-1181;6;561,69;10,10;305,97;Représentant
CMD-100521;18/04/2024;22/04/2024;16/05/2024;CLI-0061;EMP-503;ENT-QC;BD-1049;6;48,11;12,00;30,58;Portail web
CMD-100953;17/06/2024;2024-06-20;13/07/2024;CLI-0149;EMP-501;ENT-MTL;BD-1177;8;382,35;6,20;211,22;Représentant
CMD-101138;2024-07-22;25/07/2024;26/08/2024;CLI-0155;EMP-506;ENT-QC;BD-1014;1;37,47;16,20;26,62;Représentant
CMD-101299;14-août-24;18/08/2024;10/10/2024;CLI-0154;EMP-507;ENT-QC;BD-1111;4;185,51;16,30;145,84;Représentant
CMD-101411;2024-08-27;31/08/2024;22/10/2024;CLI-0031;EMP-509;ENT-MTL;BD-1026;3;390,03;11,00;241,74;Portail web
CMD-101294;2024-08-14;23/08/2024;18/09/2024;CLI-0029;EMP-506;ENT-QC;BD-1051;11;102,53;20,90;78,12;Téléphone
CMD-101237;06/08/2024;2024-08-11;07/10/2024;CLI-0217;EMP-506;ENT-QC;BD-1149;9;139,28;23,90;108,85;Représentant
CMD-101422;29/08/2024;04/09/2024;2024-10-14;CLI-0106;EMP-501;ENT-MTL;BD-1043;3;461,59;12,50;294,10;Représentant
CMD-100093;29/01/2024;01/02/2024;27-mars-24;CLI-0211;EMP-504;ENT-QC;BD-1021;1;308,19;15,30;201,55;Téléphone
CMD-100909;11/06/2024;17/06/2024;2024-07-31;CLI-0128;EMP-502;ENT-MTL;BD-1105;8;222,73;14,00;166,12;Représentant
CMD-101275;12/08/2024;21/08/2024;2024-09-21;CLI-0213;EMP-508;ENT-MTL;BD-1028;8;228,96;3,20;140,77;Portail web
CMD-100533;19/04/2024;24/04/2024;29/05/2024;CLI-0052;EMP-504;ENT-MTL;BD-1167;12;315,17;15,10;205,42;Salon
CMD-100237;05/03/2024;2024-03-10;01/04/2024;CLI-0063;EMP-503;ENT-QC;BD-1150;2;527,96;15,60;339,92;Représentant
CMD-101057;03/07/2024;09-juil-24;10/08/2024;CLI-0042;EMP-505;ENT-QC;BD-1054;2;388,47;16,60;257,53;Représentant
CMD-100845;31/05/2024;04/06/2024;2024-06-26;CLI-0076;EMP-507;ENT-QC;BD-1009;7;84,10;20,00;66,28;Représentant
CMD-100815;29/05/2024;02/06/2024;18-juin-24;CLI-0215;EMP-503;ENT-QC;BD-1043;3;502,14;4,90;294,10;Représentant
CMD-101659;23/09/2024;25/09/2024;01-oct-24;CLI-0064;EMP-504;ENT-QC;BD-1056;2;476,95;3,00;287,11;Représentant
CMD-100239;06/03/2024;12/03/2024;2024-05-05;CLI-0056;EMP-502;ENT-MTL;BD-1181;10;469,65;24,80;305,97;N/A
CMD-101213;02-août-24;05/08/2024;22/09/2024;CLI-0205;EMP-505;ENT-MTL;BD-1010;4;153,74;5,70;87,08;Portail web
CMD-100791;27/05/2024;02/06/2024;2024-07-15;CLI-0076;EMP-507;ENT-MTL;BD-1113;7;333,29;22,00;276,01;Représentant
CMD-101191;31/07/2024;08/08/2024;17/09/2024;CLI-0118;EMP-504;ENT-MTL;BD-1051;6;112,56;13,20;78,12;Représentant
CMD-100297;15/03/2024;23/03/2024;2024-04-18;CLI-0139;EMP-506;ENT-SAG;BD-9065;4;82,44;14,00;57,58;Téléphone
CMD-101227;05/08/2024;13/08/2024;2024-09-08;CLI-0131;EMP-502;ENT-QC;BD-1046;4;396,54;16,90;308,91;Représentant
CMD-100528;18/04/2024;23-avr-24;12/06/2024;CLI-0173;EMP-508;ENT-MTL;BD-1050;2;441,42;12,40;291,69;Représentant
CMD-100042;12-janv-24;21/01/2024;21/02/2024;CLI-0108;EMP-503;ENT-QC;BD-1141;4;427,08;14,40;307,78;Portail web
CMD-102183;27/11/2024;2024-12-02;18/01/2025;CLI-0086;EMP-502;ENT-MTL;BD-1041;8;235,86;7,00;159,88;Téléphone
CMD-101755;03/10/2024;05/10/2024;14/11/2024;CLI-0011;EMP-507;ENT-MTL;BD-1105;3;237,41;8,40;166,12;Téléphone
CMD-101800;2024-10-08;15/10/2024;;CLI-0034;EMP-507;ENT-MTL;BD-1085;3;59,48;11,50;40,90;Portail web
CMD-100060;18/01/2024;20/01/2024;2024-02-28;CLI-0199;EMP-504;ENT-MTL;BD-1134;2;93,83;14,70;60,50;Portail web
CMD-101431;30/08/2024;2024-09-07;13/10/2024;CLI-0099;EMP-505;ENT-MTL;BD-1046;8;353,86;25,90;308,91;Téléphone
CMD-100448;08-avr-24;10/04/2024;08/05/2024;CLI-0123;EMP-501;ENT-QC;BD-1049;4;47,66;12,80;30,58;Représentant
CMD-101919;22/10/2024;29/10/2024;08-nov-24;CLI-0137;EMP-503;ENT-QC;BD-1099;13;376,08;24,30;287,66;Représentant
CMD-101723;2024-09-30;09/10/2024;;CLI-0068;EMP-505;ENT-QC;BD-1092;6;271,75;3,70;140,04;Téléphone
CMD-102253;10/12/2024;15/12/2024;12/01/2025;CLI-0029;EMP-506;ENT-QC;BD-1129;8;54,74;23,80;45,49;Courriel
CMD-100217;01/03/2024;2024-03-06;16/04/2024;CLI-0071;EMP-503;ENT-MTL;BD-1161;3;127,44;5,60;62,84;Portail web
CMD-100312;18/03/2024;25/03/2024;2024-05-02;CLI-0078;EMP-504;ENT-QC;BD-1042;4;411,62;6,70;261,53;Portail web
CMD-101356;20-août-24;29/08/2024;30/09/2024;CLI-0146;EMP-503;ENT-MTL;BD-1063;6;315,42;14,40;242,15;Téléphone
CMD-102006;31/10/2024;02/11/2024;07-déc-24;CLI-0149;EMP-501;ENT-QC;BD-1134;8;102,03;7,20;60,50;Téléphone
CMD-101612;2024-09-17;19/09/2024;03/11/2024;CLI-0195;EMP-506;ENT-MTL;BD-1160;2;65,76;16,50;40,71;Portail web
CMD-100003;01/01/2024;2024-01-06;07/02/2024;CLI-0077;EMP-501;ENT-SAG;BD-1147;4;572,64;4,30;339,78;Représentant
CMD-100603;2024-05-01;05/05/2024;10/06/2024;CLI-0212;EMP-507;ENT-MTL;BD-1046;6;377,47;20,90;308,91;Représentant
CMD-100707;14/05/2024;21/05/2024;2024-06-17;CLI-0112;EMP-505;ENT-QC;BD-1064;6;110,83;11,50;69,43;Courriel
CMD-101515;10/09/2024;19/09/2024;24/10/2024;CLI-0219;EMP-505;ENT-QC;BD-1171;3;152,03;4,00;83,70;Représentant
CMD-100277;12-mars-24;17/03/2024;19/04/2024;CLI-0047;EMP-508;ENT-MTL;BD-1136;3;180,82;12,90;110,14;Portail web
CMD-100554;2024-04-23;25/04/2024;01/07/2024;CLI-0031;EMP-509;ENT-QC;BD-1067;3;34,92;16,10;23,77;Courriel
CMD-100733;17/05/2024;24/05/2024;13-juin-24;CLI-0073;EMP-501;ENT-MTL;BD-1110;4;242,82;14,50;178,91;Portail web
CMD-101247;07/08/2024;10/08/2024;2024-09-17;CLI-0140;EMP-502;ENT-SAG;BD-1011;6;503,98;4,00;288,46;Représentant
CMD-101188;31/07/2024;08-août-24;23/08/2024;CLI-0166;EMP-503;ENT-MTL;BD-1007;4;86,55;16,20;55,96;Représentant
CMD-101447;02/09/2024;2024-09-04;11/10/2024;CLI-0127;EMP-503;ENT-QC;BD-1035;2;40,58;16,10;30,00;Courriel
CMD-101164;26/07/2024;2024-07-28;18/09/2024;CLI-0026;EMP-506;ENT-SAG;BD-1123;1;193,86;10,90;129,56;Téléphone
CMD-101573;13/09/2024;2024-09-21;17/10/2024;CLI-0127;EMP-503;ENT-SAG;BD-1059;2;455,85;13,60;324,94;Représentant
CMD-100814;29-mai-24;05/06/2024;30/06/2024;CLI-0157;EMP-502;ENT-SAG;BD-1019;1;258,73;14,10;170,21;Téléphone
CMD-101313;15/08/2024;20/08/2024;15-sept-24;CLI-0197;EMP-507;ENT-QC;BD-1038;4;516,68;6,40;313,36;Portail web
CMD-100080;24/01/2024;28-janv-24;14/02/2024;CLI-0167;EMP-506;ENT-SAG;BD-1170;12;32,10;8,70;16,60;Téléphone
CMD-101605;17/09/2024;2024-09-20;14/11/2024;CLI-0130;EMP-508;ENT-SAG;BD-1177;15;316,27;22,40;211,22;Représentant
CMD-100833;30/05/2024;02-juin-24;25/06/2024;CLI-0212;EMP-507;ENT-QC;BD-1097;10;295,91;19,60;210,05;Portail web
CMD-101529;10-sept-24;17/09/2024;23/10/2024;CLI-0195;EMP-506;ENT-SAG;BD-1092;2;253,75;10,10;140,04;Représentant
CMD-101768;03-oct-24;10/10/2024;18/11/2024;CLI-0003;EMP-508;ENT-QC;BD-1143;12;354,34;5,50;215,92;Représentant
CMD-100365;27/03/2024;2024-03-31;;CLI-0198;EMP-504;ENT-QC;BD-1172;1;394,72;5,70;216,67;Portail web
CMD-101846;31/02/2024;2024-10-19;05/12/2024;CLI-0191;EMP-504;ENT-QC;BD-1087;3;339,56;12,00;211,22;Téléphone
CMD-100425;05/04/2024;2024-04-10;22/04/2024;CLI-0058;EMP-508;ENT-MTL;BD-1063;4;340,34;7,60;242,15;Représentant
CMD-101106;2024-07-13;19/07/2024;09/09/2024;CLI-0059;EMP-504;ENT-QC;BD-1064;2;92,77;25,90;69,43;Représentant
CMD-101678;25/09/2024;2024-10-04;19/10/2024;CLI-0018;EMP-503;ENT-MTL;BD-1158;3;328,07;6,10;180,81;Courriel
CMD-100229;04/03/2024;09/03/2024;17/04/2024;CLI-0153;EMP-507;ENT-MTL;BD-1180;3;166,42;12,10;93,34;Courriel
CMD-101790;07/10/2024;2024-10-13;10/11/2024;CLI-0130;EMP-508;ENT-QC;BD-1092;22;212,92;24,60;140,04;Représentant
CMD-101197;01/08/2024;2024-08-10;22/09/2024;CLI-0040;EMP-509;ENT-QC;BD-1132;8;169,17;14,80;125,81;Courriel
CMD-100672;10/05/2024;16/05/2024;14-juin-24;CLI-0029;EMP-506;ENT-QC;BD-1117;2;110,19;25,60;98,28;Portail web
CMD-102126;18/11/2024;24-nov-24;17/12/2024;CLI-0056;EMP-502;ENT-QC;BD-1070;16;57,26;24,80;39,88;Représentant
CMD-100242;06/03/2024;08/03/2024;2024-04-23;CLI-0216;EMP-503;ENT-SAG;BD-1133;3;93,11;8,20;61,66;Représentant
CMD-102162;22/11/2024;27-nov-24;07/01/2025;CLI-0209;EMP-508;ENT-MTL;BD-1101;10;85,92;20,80;62,94;Représentant
CMD-100351;26/03/2024;04/04/2024;19-mai-24;CLI-0157;EMP-502;ENT-QC;BD-1103;3;203,50;10,70;151,66;Portail web
CMD-100259;08/03/2024;15/03/2024;08-avr-24;CLI-0136;EMP-507;ENT-MTL;BD-1154;8;476,22;10,90;323,13;Représentant
CMD-100365;27/03/2024;31-mars-24;;CLI-0198;EMP-504;ENT-QC;BD-1051;12;122,28;5,70;78,12;Portail web
CMD-101851;14/10/2024;2024-10-17;18/11/2024;CLI-0118;EMP-504;ENT-SAG;BD-1064;12;112,55;10,20;69,43;Représentant
CMD-100790;2024-05-25;01/06/2024;14/07/2024;CLI-0037;EMP-504;ENT-MTL;BD-1014;9;33,09;26,00;26,62;Représentant
CMD-100562;24/04/2024;02/05/2024;2024-05-21;CLI-0125;EMP-509;ENT-MTL;BD-1140;4;61,93;2,50;40,41;Représentant
CMD-100692;13/05/2024;2024-05-16;10/07/2024;CLI-0208;EMP-507;ENT-MTL;BD-1063;12;323,53;12,20;242,15;Téléphone
CMD-100478;11/04/2024;13/04/2024;28-mai-24;CLI-0165;EMP-507;ENT-SAG;BD-1100;8;516,18;3,80;306,44;Représentant
CMD-100210;29/02/2024;2024-03-09;16/04/2024;CLI-0053;EMP-509;ENT-QC;BD-1096;4;252,76;14,60;170,74;Portail web
CMD-101096;11/07/2024;2024-07-17;12/08/2024;CLI-0047;EMP-508;ENT-MTL;BD-1125;12;390,95;11,10;285,25;Représentant
CMD-100724;2024-05-16;20/05/2024;01/07/2024;CLI-0040;EMP-509;ENT-SAG;BD-1163;3;512,07;16,50;294,58;Courriel
CMD-101766;03/10/2024;10/10/2024;17-nov-24;CLI-0021;EMP-501;ENT-SAG;BD-1127;12;275,16;8,70;170,72;Représentant
CMD-102178;26/11/2024;29/11/2024;09-déc-24;CLI-0024;EMP-504;ENT-QC;BD-1141;4;462,96;7,30;307,78;Représentant
CMD-101332;17-août-24;19/08/2024;03/10/2024;CLI-0166;EMP-503;ENT-QC;BD-1061;4;99,74;15,60;75,23;Portail web
CMD-100315;19/03/2024;2024-03-25;06/04/2024;CLI-0039;EMP-503;ENT-MTL;BD-1019;2;283,74;5,70;170,21;Courriel
CMD-100373;28/03/2024;2024-04-02;25/04/2024;CLI-0088;EMP-504;ENT-QC;BD-1165;3;159,48;13,30;105,70;Représentant
CMD-100237;05/03/2024;10/03/2024;2024-04-01;CLI-0063;EMP-503;ENT-QC;BD-1053;1;275,98;15,60;176,84;Représentant
CMD-100927;13/06/2024;17/06/2024;16-juil-24;CLI-0086;EMP-502;ENT-MTL;BD-1115;3;70,88;5,10;46,26;Représentant
CMD-101727;30-sept-24;04/10/2024;17/11/2024;CLI-0059;EMP-504;ENT-MTL;BD-1063;17;287710,00;21,90;242,15;Téléphone
CMD-100579;27/04/2024;02/05/2024;2024-06-09;CLI-0205;EMP-505;ENT-QC;BD-1165;4;169,21;8,10;105,70;Représentant
CMD-100554;2024-04-23;25/04/2024;01/07/2024;CLI-0031;EMP-509;ENT-QC;BD-1114;1;212,02;16,10;149,59;Téléphone
CMD-101988;2024-10-30;04/11/2024;25/12/2024;CLI-0110 ;EMP-507;ENT-MTL;BD-1130;6;533,36;5,50;317,23;Téléphone
CMD-101109;15/07/2024;19-juil-24;10/09/2024;CLI-0037;EMP-504;ENT-QC;BD-1029;8;307,97;21,40;238,44;Représentant
CMD-100279;2024-03-13;20/03/2024;05/04/2024;CLI-0093;EMP-508;ENT-MTL;BD-1179;8;384,55;10,90;226,59;Représentant
CMD-101910;21/10/2024;2024-10-30;13/11/2024;CLI-0169;EMP-507;ENT-MTL;BD-1164;12;164,71;15,50;98,38;Représentant
CMD-102163;2024-11-22;28/11/2024;14/12/2024;CLI-0106;EMP-501;ENT-QC;BD-1069;3;342,60;14,10;198,50;Courriel
CMD-100695;13/05/2024;2024-05-16;14/06/2024;CLI-0072;EMP-501;ENT-SAG;BD-1082;1;413,26;13,00;278,39;Portail web
CMD-100569;2024-04-25;30/04/2024;19/05/2024;CLI-0192;EMP-505;ENT-MTL;BD-1040;4;420,56;4,60;268,77;Représentant
CMD-100365;27-mars-24;31/03/2024;;CLI-0198;EMP-504;ENT-QC;BD-1136;12;195,79;5,70;110,14;Téléphone
CMD-101503;06/09/2024;2024-09-12;23/10/2024;CLI-0218;EMP-503;ENT-QC;BD-1067;12;38,89;6,50;23,77;Téléphone
CMD-100931;14/06/2024;23/06/2024;2024-07-23;CLI-0196;EMP-506;ENT-QC;BD-1037;8;27,57;7,90;16,31;Représentant
CMD-100246;2024-03-07;16/03/2024;27/03/2024;CLI-0127;EMP-503;ENT-MTL;BD-1010;6;146,27;10,30;87,08; 
CMD-101339;19/08/2024;2024-08-26;30/09/2024;CLI-0162;EMP-508;ENT-MTL;BD-1038;4;484,58;12,20;313,36;Portail web
CMD-101333;17/08/2024;21/08/2024;2024-09-18;CLI-0129;EMP-508;ENT-MTL;BD-1121;12;72,46;6,90;43,73;Téléphone
CMD-100708;15/05/2024;24-mai-24;21/06/2024;CLI-0153;EMP-507;ENT-QC;BD-1050;3;425,99;15,50;291,69;Représentant
CMD-100329;20/03/2024;25-mars-24;16/05/2024;CLI-0214;EMP-508;ENT-QC;BD-1172;8;407,87;2,60;216,67;Téléphone
CMD-101997;30/10/2024;07/11/2024;24-nov-24;CLI-0097;EMP-504;ENT-MTL;BD-1090;12;92,48;3,50;57,58;Téléphone
CMD-100033;09/01/2024;18/01/2024;2024-02-22;CLI-0063;EMP-503;ENT-SAG;BD-1136;4;184,82;11,00;110,14;Téléphone
CMD-101862;15/10/2024;2024-10-19;11/12/2024;CLI-0179;EMP-509;ENT-SAG;BD-1136;2;194,63;6,30;110,14;Représentant
CMD-100715;2024-05-15;21/05/2024;17/06/2024;CLI-0068;EMP-505;ENT-QC;BD-1008;2;227,50;2,70;128,94;Téléphone
CMD-101329;2024-08-16;21/08/2024;25/09/2024;CLI-0139;EMP-506;ENT-SAG;BD-1111;12;184,72;16,60;145,84;Salon
CMD-101990;30/10/2024;2024-11-04;28/11/2024;CLI-0029;EMP-506;ENT-MTL;BD-1170;25;27,40;22,10;16,60;Téléphone
CMD-101861;2024-10-15;23/10/2024;06/11/2024;CLI-0182;EMP-503;ENT-MTL;BD-1136;3;184,76;11,00;110,14;Représentant
CMD-100911;11/06/2024;15/06/2024;07/08/2024;CLI-0220;EMP-506;ENT-MTL;BD-1121;8;68,81;11,60;43,73;Courriel
CMD-100240;06/03/2024;2024-03-10;14/04/2024;CLI-0074;EMP-507;ENT-SAG;BD-1062;45;146,10;18,70;112,54;Téléphone
CMD-101033;28/06/2024;03/07/2024;21-août-24;CLI-0099;EMP-505;ENT-QC;BD-1027;3;344,30;24,80;249,72;Salon
CMD-100942;14/06/2024;20/06/2024;24/07/2024;CLI-0121;EMP-508;ENT-QC;BD-1033;1;163,14;12,90;110,89;Salon
CMD-101508;09/09/2024;17-sept-24;02/11/2024;CLI-0040;EMP-509;ENT-MTL;BD-1167;1;311,16;16,20;205,42;Téléphone
CMD-102026;04/11/2024;10-nov-24;24/12/2024;CLI-0053;EMP-509;ENT-MTL;BD-1135;6;63,98;12,70;39,89;Représentant
CMD-101820;10/10/2024;16-oct-24;17/11/2024;CLI-0076;EMP-507;ENT-MTL;BD-1119;4;72,19;21,40;58,44;Téléphone
CMD-102256;10-déc-24;19/12/2024;01/01/2025;CLI-0076;EMP-507;ENT-QC;BD-1074;4;158,36;18,40;108,27;Portail web
CMD-100238;05/03/2024;12-mars-24;14/04/2024;CLI-0089;EMP-502;ENT-QC;BD-1103;6;183,06;19,60;151,66;Représentant
CMD-100925;2024-06-13;18/06/2024;25/07/2024;CLI-0076;EMP-507;ENT-QC;BD-1017;4;431,89;23,40;307,26;Représentant
CMD-100789;25/05/2024;02/06/2024;09-juil-24;CLI-0179;EMP-509;ENT-QC;BD-1112;24;109,68;4,50;65,64;Représentant
CMD-100274;2024-03-12;16/03/2024;09/05/2024;CLI-0110;EMP-507;ENT-SAG;BD-1098;4;414,38;6,00;257,11;Portail web
CMD-101138;2024-07-22;25/07/2024;26/08/2024;CLI-0155;EMP-506;ENT-QC;BD-1006;4;280,70;16,20;178,72;Téléphone
CMD-101111;15-juil-24;18/07/2024;10/09/2024;CLI-0144;EMP-502;ENT-SAG;BD-1055;8;277,82;15,40;209,35;Représentant
CMD-100702;14/05/2024;23/05/2024;25/06/2024;CLI-0082;EMP-504;ENT-QC;BD-1063;2;339,34;7,90;242,15;Portail web
CMD-100600;01/05/2024;2024-05-09;17/06/2024;CLI-0045;EMP-502;ENT-SAG;BD-1114;6;211,95;16,10;149,59;Courriel
CMD-101411;27/08/2024;31/08/2024;22-oct-24;CLI-0031;EMP-509;ENT-MTL;BD-1021;1;323,62;11,00;201,55;Salon
CMD-102212;29/11/2024;2024-12-02;09/01/2025;CLI-0002;EMP-509;ENT-QC;BD-1144;6;168,19;5,80;96,31;Représentant
CMD-100747;20/05/2024;28/05/2024;;CLI-0127;EMP-503;ENT-MTL;BD-1174;8;262,11;11,20;165,53;Téléphone
CMD-100866;04/06/2024;10/06/2024;2024-06-28;CLI-0206;EMP-503;ENT-QC;BD-1119;4;80,40;12,40;58,44;Représentant
CMD-100669;09/05/2024;18/05/2024;;CLI-0045;EMP-502;ENT-MTL;BD-1056;24;424,65;13,70;287,11;Représentant
CMD-100517;17/04/2024;23-avr-24;16/05/2024;CLI-0089;EMP-502;ENT-MTL;BD-1042;10;357,84;18,90;261,53;Téléphone
CMD-100842;31/05/2024;03/06/2024;2024-06-24;CLI-0033;EMP-504;ENT-QC;BD-1028;4;201,60;14,70;140,77;Portail web
CMD-100305;16-mars-24;23/03/2024;10/04/2024;CLI-0103;EMP-502;ENT-QC;BD-1048;8;46,75;8,70;32,82;Téléphone
CMD-101032;28/06/2024;2024-07-06;03/08/2024;CLI-0085;EMP-503;ENT-MTL;BD-1045;2;120,58;8,00;76,76;Portail web
CMD-101388;26/08/2024;28/08/2024;17/10/2024;CLI-0163;EMP-505;ENT-QC;BD-1016;4;402,62;2,60;219,41;Représentant
CMD-100691;13/05/2024;16/05/2024;2024-06-09;CLI-0148;EMP-501;ENT-SAG;BD-1125;8;371,95;15,40;285,25;Téléphone
CMD-100677;10/05/2024;13/05/2024;2024-06-19;CLI-0074;EMP-507;ENT-MTL;BD-1168;71;311,35;22,20;224,71;Représentant
CMD-101447;2024-09-02;04/09/2024;11/10/2024;CLI-0127;EMP-503;ENT-QC;BD-1110;2;238,14;16,10;178,91;Téléphone
CMD-100900;10/06/2024;2024-06-12;06/07/2024;CLI-0076;EMP-507;ENT-SAG;BD-1021;75;269,69;25,80;201,55;Téléphone
CMD-101733;2024-10-01;04/10/2024;05/11/2024;CLI-0152;EMP-503;ENT-MTL;BD-1149;8;177,38;3,10;108,85;Représentant
CMD-101804;08-oct-24;10/10/2024;27/11/2024;CLI-0212;EMP-507;ENT-MTL;BD-1090;26;72,82;24,00;57,58;Téléphone
CMD-101885;17/10/2024;25/10/2024;28/11/2024;CLI-0074;EMP-507;ENT-SAG;BD-1008;19;181,76;22,30;128,94;Représentant
CMD-101467;04-sept-24;07/09/2024;29/09/2024;CLI-0214;EMP-508;ENT-QC;BD-1055;2;311,59;5,10;209,35;Courriel
CMD-102017;01/11/2024;04/11/2024;2024-12-13;CLI-0015;EMP-509;ENT-QC;BD-1109;2;438,29;4,70;303,82;Courriel
CMD-101143;22/07/2024;28/07/2024;2024-09-14;CLI-0122;EMP-505;ENT-QC;BD-1145;4;178,58;3,00;108,83;Représentant
CMD-101063;03/07/2024;12/07/2024;2024-09-05;CLI-0038;EMP-507;ENT-QC;BD-1057;1;26,24;12,10;19,26;Représentant
CMD-102054;07/11/2024;2024-11-11;01/01/2025;CLI-0028;EMP-509;ENT-QC;BD-1128;1;139,12;4,00;77,25;Représentant
CMD-101861;15/10/2024;23/10/2024;06/11/2024;CLI-0182;EMP-503;ENT-MTL;BD-1086;8;122,57;11,00;80,72;Représentant
CMD-100242;06/03/2024;2024-03-08;23/04/2024;CLI-0216;EMP-503;ENT-SAG;BD-1040;4;404,80;8,20;268,77;Courriel
CMD-101910;21/10/2024;30/10/2024;13/11/2024;CLI-0169;EMP-507;ENT-MTL;BD-1166;24;351,00;15,50;212,88;Portail web
CMD-102251;10/12/2024;18/12/2024;2025-01-12;CLI-0049;EMP-508;ENT-MTL;BD-1134;4;94,22;14,30;60,50;Représentant
CMD-100129;07/02/2024;16/02/2024;2024-03-13;CLI-0157;EMP-502;ENT-MTL;BD-1005;3;289,65;11,40;204,06;Représentant
CMD-101113;16-juil-24;23/07/2024;09/09/2024;CLI-0038;EMP-507;ENT-QC;BD-1120;2;251,01;15,40;182,88;Téléphone
CMD-101581;13-sept-24;22/09/2024;08/11/2024;CLI-0112;EMP-505;ENT-QC;BD-1057;1;25,65;14,00;19,26;Représentant
CMD-101603;16/09/2024;20-sept-24;29/10/2024;CLI-0040;EMP-509;ENT-QC;BD-1057;4;26,49;11,20;19,26;Portail web
CMD-100813;29/05/2024;05-juin-24;13/07/2024;CLI-0052;EMP-504;ENT-QC;BD-1044;4;279,57;13,50;195,45;Téléphone
CMD-100293;14/03/2024;16/03/2024;;CLI-0187;EMP-507;ENT-MTL;BD-1148;3;404,22;12,10;296,06;Téléphone
CMD-100453;2024-04-09;12/04/2024;20/04/2024;CLI-0056;EMP-502;ENT-QC;BD-1007;9;81,23;21,40;55,96;Portail web
CMD-102012;31/10/2024;09/11/2024;15/12/2024;CLI-0208;EMP-507;ENT-SAG;BD-1152;4;399,99;16,80;265,82;Téléphone
CMD-101056;02/07/2024;08/07/2024;30/08/2024;CLI-0042;EMP-505;ENT-QC;BD-1124;12;227,99;10,60;150,61;Représentant
CMD-101833;11/10/2024;19/10/2024;2024-11-08;CLI-0050;EMP-502;ENT-QC;BD-1138;2;129,97;11,80;86,38;Représentant
CMD-100670;09-mai-24;14/05/2024;20/06/2024;CLI-0071;EMP-503;ENT-QC;BD-1126;4;187,07;7,60;130,29;Téléphone
CMD-102007;31/10/2024;2024-11-09;06/12/2024;CLI-0197;EMP-507;ENT-MTL;BD-1134;2;105,15;4,40;60,50;Portail web
CMD-100377;29/03/2024;04/04/2024;2024-04-20;CLI-0177;EMP-505;ENT-QC;BD-1050;8;464,14;7,90;291,69;Représentant
CMD-101608;17/09/2024;21/09/2024;05-nov-24;CLI-0117;EMP-504;ENT-MTL;BD-1059;2;502,60;4,70;324,94;Représentant
CMD-102026;2024-11-04;10/11/2024;24/12/2024;CLI-0053;EMP-509;ENT-MTL;BD-1142;4;142,33;12,70;98,85;Représentant
CMD-100559;24/04/2024;27/04/2024;17-mai-24;CLI-0182;EMP-503;ENT-MTL;BD-1025;2;209,40;10,40;146,28;Courriel
CMD-101429;2024-08-30;08/09/2024;09/10/2024;CLI-0089;EMP-502;ENT-QC;BD-1028;4;193,23;18,30;140,77;Représentant
CMD-100409;03/04/2024;09/04/2024;2024-05-10;CLI-0112;EMP-505;ENT-SAG;BD-1037;1;26,63;11,00;16,31;Représentant
CMD-100283;13/03/2024;2024-03-16;10/05/2024;CLI-0017;EMP-507;ENT-SAG;BD-1035;8;41,69;13,80;30,00;Représentant
CMD-100201;27/02/2024;02/03/2024;01-avr-24;CLI-0064;EMP-504;ENT-QC;BD-1173;1;376,28;5,60;207,98;Représentant
CMD-101773;03/10/2024;12/10/2024;16-nov-24;CLI-0132;EMP-507;ENT-QC;BD-1097;6;307,36;16,50;210,05;Portail web
CMD-100628;2024-05-03;05/05/2024;05/07/2024;CLI-0095;EMP-505;ENT-QC;BD-1106;3;518,96;2,20;333,09;Salon
CMD-101326;16-août-24;24/08/2024;14/10/2024;CLI-0063;EMP-503;ENT-SAG;BD-1005;4;292,94;10,40;204,06;Portail web
CMD-101056;02/07/2024;08/07/2024;2024-08-30;CLI-0042;EMP-505;ENT-QC;BD-1056;1;439,80;10,60;287,11;Portail web
CMD-101811;09-oct-24;18/10/2024;20/11/2024;CLI-0063;EMP-503;ENT-MTL;BD-1158;2;303,49;13,20;180,81;Représentant
CMD-100386;30/03/2024;2024-04-04;21/04/2024;CLI-0212;EMP-507;ENT-MTL;BD-1082;18;352,64;25,80;278,39;Représentant
CMD-100300;15/03/2024;24/03/2024;2024-03-25;CLI-0127;EMP-503;ENT-MTL;BD-1123;2;189,52;12,90;129,56;Téléphone
CMD-101684;25/09/2024;02/10/2024;2024-11-15;CLI-0091;EMP-504;ENT-MTL;BD-1078;4;368,99;3,80;197,64;Représentant
CMD-102066;08-nov-24;15/11/2024;18/12/2024;CLI-0143;EMP-503;ENT-SAG;BD-1081;4;500,32;15,60;302,82;Courriel
CMD-101490;06-sept-24;15/09/2024;21/09/2024;CLI-0209;EMP-508;ENT-SAG;BD-1064;3;98,46;21,40;69,43;Représentant
CMD-101881;17/10/2024;25/10/2024;29/11/2024;CLI-0074;EMP-507;ENT-QC;BD-1128;9;111,94;22,70;77,25;Représentant
CMD-100411;2024-04-03;06/04/2024;07/06/2024;CLI-0137;EMP-503;ENT-MTL;BD-1039;6;157,28;20,60;119,66;Représentant
CMD-101999;2024-10-31;04/11/2024;25/11/2024;CLI-0209;EMP-508;ENT-MTL;BD-1086;13;112,06;18,60;80,72;Téléphone
CMD-101967;28/10/2024;2024-11-02;29/11/2024;CLI-0059;EMP-504;ENT-MTL;BD-1140;10;47,35;25,50;40,41;Représentant
CMD-100248;07/03/2024;14/03/2024;03-mai-24;CLI-0013;EMP-507;ENT-QC;BD-1168;8;365,51;8,60;224,71;Courriel
CMD-100606;01/05/2024;2024-05-04;29/05/2024;CLI-0195;EMP-506;ENT-QC;BD-1099;8;424,09;14,60;287,66;Représentant
CMD-101834;11/10/2024;2024-10-13;25/11/2024;CLI-0159;EMP-502;ENT-MTL;BD-1154;3;514,10;3,80;323,13;Représentant
CMD-101858;15/10/2024;24/10/2024;19-nov-24;CLI-0094;EMP-502;ENT-MTL;BD-1151;4;154,87;2,60;90,35;Téléphone
CMD-102050;07/11/2024;10/11/2024;2024-12-18;CLI-0040;EMP-509;ENT-SAG;BD-1083;2;265,83;13,50;157,14;Représentant
CMD-101746;02/10/2024;05-oct-24;04/12/2024;CLI-0160;EMP-508;ENT-MTL;BD-1067;3;39,57;4,90;23,77;Portail web
CMD-100827;30/05/2024;2024-06-04;06/07/2024;CLI-0103;EMP-502;ENT-SAG;BD-1075;6;98,07;2,70;59,74;Téléphone
CMD-101663;2024-09-24;30/09/2024;30/10/2024;CLI-0128;EMP-502;ENT-QC;BD-1058;4;207,08;15,40;146,46;Téléphone
CMD-101561;12/09/2024;20-sept-24;18/10/2024;CLI-0037;EMP-504;ENT-SAG;BD-1057;3;22,17;25,70;19,26;Représentant
CMD-102027;04/11/2024;08/11/2024;16-déc-24;CLI-0041;EMP-508;ENT-MTL;BD-1068;2;489,23;13,20;284,28;Représentant
CMD-100032;09/01/2024;2024-01-17;15/02/2024;CLI-0196;EMP-506;ENT-SAG;BD-1153;8;182,91;8,80;113,61;Téléphone
CMD-100738;17/05/2024;20-mai-24;21/06/2024;CLI-0143;EMP-503;ENT-QC;BD-1026;8;388,56;11,40;241,74;Courriel
CMD-101089;08-juil-24;17/07/2024;19/09/2024;CLI-0149;EMP-501;ENT-MTL;BD-1165;8;178,85;2,80;105,70;Portail web
CMD-102108;15-nov-24;23/11/2024;19/12/2024;CLI-0152;EMP-503;ENT-QC;BD-1144;4;163,80;8,20;96,31;Portail web
CMD-100077;24/01/2024;30/01/2024;2024-03-11;CLI-0076;EMP-507;ENT-MTL;BD-1092;72;225,86;20,00;140,04;Représentant
CMD-101507;09/09/2024;14/09/2024;2024-11-03;CLI-0217;EMP-506;ENT-MTL;BD-9270;2;265,61;18,80;176,84;Téléphone
CMD-102242;06/12/2024;10/12/2024;2025-01-16;CLI-0113;EMP-505;ENT-MTL;BD-1074;3;183,14;5,70;108,27;Courriel
CMD-101540;11/09/2024;2024-09-20;03/11/2024;CLI-0203;EMP-503;ENT-QC;BD-1078;1;348,99;9,00;197,64;Représentant
CMD-100045;2024-01-13;21/01/2024;22/01/2024;CLI-0159;EMP-502;ENT-QC;BD-1144;6;174,56;2,20;96,31;Représentant
CMD-102068;09/11/2024;2024-11-15;12/12/2024;CLI-0089;EMP-502;ENT-MTL;BD-1144;16;136,07;23,80;96,31;Courriel
CMD-102249;09/12/2024;11-déc-24;04/01/2025;CLI-0144;EMP-502;ENT-MTL;BD-1094;-6;171,85;15,70;121,74;Courriel
CMD-101424;29/08/2024;31-août-24;07/09/2024;CLI-0011;EMP-507;ENT-SAG;BD-1034;2;221,86;6,60;151,89;Représentant
CMD-100974;2024-06-19;23/06/2024;26/07/2024;CLI-0089;EMP-502;ENT-QC;BD-1168;7;325,77;18,60;224,71;Représentant
CMD-101271;12-août-24;21/08/2024;23/09/2024;CLI-0064;EMP-504;ENT-QC;BD-1068;2;520,55;7,70;284,28;Téléphone
CMD-101333;17/08/2024;2024-08-21;18/09/2024;CLI-0129;EMP-508;ENT-MTL;BD-1028;8;220,06;6,90;140,77;Portail web
CMD-102312;26/12/2024;31/12/2024;29/01/2025;CLI-0184;EMP-503;ENT-SAG;BD-1067;3;40,50;2,60;23,77;Portail web
CMD-101065;2024-07-04;09/07/2024;12/08/2024;CLI-0114;EMP-502;ENT-MTL;BD-1056;1;456,71;7,10;287,11;Téléphone
CMD-101559;2024-09-12;15/09/2024;22/10/2024;CLI-0076;EMP-507;ENT-QC;BD-1061;13;94,40;20,10;75,23;Représentant
CMD-101409;27/08/2024;31/08/2024;2024-09-26;CLI-0042;EMP-505;ENT-MTL;BD-1014;2;39,50;11,60;26,62;Représentant
CMD-101730;2024-09-30;09/10/2024;21/10/2024;CLI-0116;EMP-509;ENT-QC;BD-1168;6;336,81;15,80;224,71;Représentant
CMD-100090;29/01/2024;05/02/2024;15-févr-24;CLI-0099;EMP-505;ENT-MTL;BD-1107;18;164,56;25,30;147,44;Portail web
CMD-101129;19/07/2024;24-juil-24;30/08/2024;CLI-0197;EMP-507;ENT-SAG;BD-1044;4;313,68;2,90;195,45;Représentant
CMD-101305;14/08/2024;23/08/2024;2024-09-15;CLI-0057;EMP-507;ENT-SAG;BD-1156;12;268,79;11,00;161,25;Téléphone
CMD-100710;15/05/2024;24/05/2024;24/06/2024;CLI-0067;EMP-502;ENT-MTL;BD-1026;3;366,02;16,50;241,74;Téléphone
CMD-101140;22/07/2024;30/07/2024;;CLI-0025;EMP-509;ENT-QC;BD-1125;24;383,44;12,80;285,25;Téléphone
CMD-100050;2024-01-16;25/01/2024;;CLI-0044;EMP-505;ENT-QC;BD-1143;12;336,00;10,40;215,92;Portail web
CMD-100781;24/05/2024;29/05/2024;2024-07-18;CLI-0042;EMP-505;ENT-MTL;BD-1147;24;500,66;16,30;339,78;Salon
CMD-101959;2024-10-26;29/10/2024;01/12/2024;CLI-0109;EMP-501;ENT-SAG;BD-1175;1;165,50;2,50;94,86;Représentant
CMD-101955;2024-10-25;27/10/2024;09/12/2024;CLI-0020;EMP-508;ENT-QC;BD-1095;6;94,41;8,90;53,64;Téléphone
CMD-100100;2024-01-31;09/02/2024;28/02/2024;cli-0073;EMP-501;ENT-MTL;BD-1180;1;164,53;13,10;93,34;Portail web
CMD-100198;26/02/2024;04/03/2024;08-avr-24;CLI-0074;EMP-507;ENT-QC;BD-1147;22;456,86;23,60;339,78;Portail web
CMD-102154;21/11/2024;2024-11-30;24/12/2024;CLI-0059;EMP-504;ENT-QC;BD-1066;2;279,41;18,90;199,26; 
CMD-101053;02/07/2024;09/07/2024;24/07/2024;CLI-0137;EMP-503;ENT-QC;BD-1011;10;403,87;23,10;288,46;Courriel
CMD-102174;25/11/2024;2024-12-03;23/01/2025;CLI-0099;EMP-505;ENT-SAG;BD-1076;15;437,39;22,00;281,11;Représentant
CMD-100297;15/03/2024;23/03/2024;2024-04-18;CLI-0139;EMP-506;ENT-SAG;BD-1162;12;117,89;14,00;66,97;Représentant
CMD-101610;17/09/2024;20/09/2024;15/11/2024;CLI-0053;EMP-509;ENT-SAG;BD-1078;2;329,16;14,10;197,64;Représentant
CMD-100271;2024-03-11;14/03/2024;22/04/2024;CLI-0217;EMP-506;ENT-MTL;BD-1113;16;319,02;25,30;276,01;Courriel
CMD-101881;2024-10-17;25/10/2024;29/11/2024;CLI-0074;EMP-507;ENT-QC;BD-1091;6;438,94;22,70;279,07;Portail web
CMD-101953;25/10/2024;28/10/2024;2024-11-30;CLI-0053;EMP-509;ENT-MTL;BD-1156;3;264,70;12,40;161,25;Courriel
CMD-101941;23/10/2024;2024-10-29;30/11/2024;CLI-0121;EMP-508;ENT-QC;BD-1163;12;527,91;13,90;294,58;Portail web
CMD-100024;08/01/2024;2024-01-12;06/03/2024;CLI-0182;EMP-503;ENT-SAG;BD-1172;6;360,17;14,00;216,67;Téléphone
CMD-101342;19/08/2024;23/08/2024;2024-09-28;CLI-0041;EMP-508;ENT-QC;BD-1033;2;163,10;13,00;110,89;Représentant
CMD-101311;15/08/2024;24/08/2024;2024-09-18;CLI-0134;EMP-509;ENT-SAG;BD-1025;1;223,45;4,40;146,28;Représentant
CMD-101643;20/09/2024;23/09/2024;2024-10-25;CLI-0062;EMP-507;ENT-SAG;BD-1018;1;407,05;12,40;242,09;Portail web
CMD-101792;07/10/2024;13/10/2024;2024-11-13;CLI-0059;EMP-504;ENT-SAG;BD-1173;9;318,47;20,10;207,98;Représentant
CMD-100872;06/06/2024;15/06/2024;09-juil-24;CLI-0100;EMP-505;ENT-MTL;BD-1108;3;264,09;3,30;166,46;Téléphone
CMD-100711;15/05/2024;2024-05-20;23/06/2024;CLI-0171;EMP-507;ENT-SAG;BD-1075;1;93,67;7,00;59,74;Représentant
CMD-100006;01/01/2024;08/01/2024;2024-02-06;CLI-0152;EMP-503;ENT-QC;BD-1157;4;50,62;3,30;24,69;Représentant
CMD-100483;12/04/2024;16/04/2024;05/06/2024;CLI-0063;EMP-503;ENT-SAG;BD-1177;2;338,44;17,00;211,22;Représentant
CMD-102265;13/12/2024;17/12/2024;;CLI-0074;EMP-507;ENT-MTL;BD-1136;15;169,06;18,60;110,14;Représentant
CMD-101901;18-oct-24;25/10/2024;24/11/2024;CLI-0044;EMP-505;ENT-MTL;BD-1082;6;423,83;10,80;278,39; 
CMD-101391;26/08/2024;28/08/2024;25/10/2024;CLI-0197;EMP-507;ENT-QC;BD-1180;6;180,31;4,80;93,34;Courriel
CMD-100620;02/05/2024;05-mai-24;05/06/2024;CLI-0182;EMP-503;ENT-MTL;BD-1036;8;227,66;11,30;159,06;Représentant
CMD-100034;10/01/2024;2024-01-16;22/03/2024;CLI-0209;EMP-508;ENT-QC;BD-1128;13;110,82;23,50;77,25;Courriel
CMD-102040;06-nov-24;12/11/2024;07/12/2024;CLI-0080;EMP-506;ENT-MTL;BD-1139;3;298,54;16,80;198,93;Représentant
CMD-100774;23/05/2024;25/05/2024;2024-06-20;CLI-0059;EMP-504;ENT-QC;BD-1118;8;384,35;22,70;336,11;Portail web
CMD-101400;27/08/2024;29/08/2024;2024-10-13;CLI-0110;EMP-507;ENT-SAG;BD-1109;8;429,69;6,60;303,82;Téléphone
CMD-101430;30/08/2024;03/09/2024;2024-10-09;CLI-0025;EMP-509;ENT-QC;BD-1180;12;162,73;14,10;93,34;Portail web
CMD-101769;03/10/2024;07/10/2024;2024-11-09;CLI-0100;EMP-505;ENT-QC;BD-1049;8;53,33;2,40;30,58;Courriel
CMD-101855;14/10/2024;19/10/2024;2024-11-06;CLI-0097;EMP-504;ENT-MTL;BD-1065;2;236,18;5,30;128,81;Représentant
CMD-101902;19/10/2024;22/10/2024;28/11/2024;CLI-0176;EMP-503;ENT-MTL;BD-1072;12;381,14;3,70;196,62;Téléphone
CMD-100217;2024-03-01;06/03/2024;16/04/2024;CLI-0071;EMP-503;ENT-MTL;BD-1130;12;532,60;5,60;317,23;Portail web
CMD-101713;28-sept-24;07/10/2024;01/11/2024;CLI-0020;EMP-508;ENT-MTL;BD-1024;6;310,78;7,00;185,46;Portail web
CMD-100364;27/03/2024;05/04/2024;2024-05-11;CLI-0162;EMP-508;ENT-QC;BD-1175;2;148,74;12,40;94,86;Portail web
CMD-100266;09/03/2024;15/03/2024;18-avr-24;CLI-0210;EMP-503;ENT-QC;BD-1149;4;178,82;2,40;108,85;Courriel
CMD-100754;21/05/2024;24/05/2024;2024-07-05;CLI-0130;EMP-508;ENT-MTL;BD-1005;23;264,50;19,10;204,06;Représentant
CMD-101290;13/08/2024;2024-08-19;20/09/2024;CLI-0044;EMP-505;ENT-QC;BD-1059;1;461,87;12,40;324,94;Représentant
CMD-101206;02/08/2024;05/08/2024;;CLI-0144;EMP-502;ENT-MTL;BD-1054;6;395,54;15,10;257,53;Représentant
CMD-100953;17/06/2024;20/06/2024;2024-07-13;CLI-0149;EMP-501;ENT-MTL;BD-1166;12;389,72;6,20;212,88;Téléphone
CMD-100912;12/06/2024;18/06/2024;26-juil-24;CLI-0103;EMP-502;ENT-MTL;BD-1126;8;191,47;5,40;130,29;Représentant
CMD-101940;23/10/2024;28/10/2024;18/12/2024;CLI-0059;EMP-504;ENT-SAG;BD-1061;4;96,65;18,20;75,23;Représentant
CMD-101448;02/09/2024;05/09/2024;2024-10-28;CLI-0178;EMP-501;ENT-SAG;BD-1160;3;72,22;8,30;40,71;Courriel
CMD-100681;10/05/2024;18/05/2024;03-juil-24;CLI-0200;EMP-509;ENT-QC;BD-1038;6;479,96;13,00;313,36;Portail web
CMD-101352;20/08/2024;25/08/2024;2024-09-17;CLI-0059;EMP-504;ENT-QC;BD-1003;46;221,85;25,60;188,61;Représentant
CMD-101500;06/09/2024;12/09/2024;22/10/2024;CLI-0194;EMP-506;ENT-MTL;BD-1178;12;187,29;8,80;116,97;Représentant
CMD-102153;21/11/2024;28/11/2024;;CLI-0041;EMP-508;ENT-MTL;BD-1142;12;144,47;11,40;98,85;Représentant
CMD-101047;01/07/2024;09-juil-24;05/08/2024;CLI-0196;EMP-506;ENT-MTL;BD-1058;3;230,52;5,80;146,46;Portail web
CMD-102307;25-déc-24;31/12/2024;19/02/2025;CLI-0026;EMP-506;ENT-QC;BD-1093;8;186,24;16,80;132,18;Représentant
CMD-100562;24/04/2024;2024-05-02;21/05/2024;CLI-0125;EMP-509;ENT-MTL;BD-1064;12;122,11;2,50;69,43;Téléphone
CMD-100878;07/06/2024;2024-06-10;;CLI-0179;EMP-509;ENT-QC;BD-1032;24;519,44;5,10;339,97;Téléphone
CMD-101866;15/10/2024;24/10/2024;09/12/2024;CLI-0067;EMP-502;ENT-SAG;BD-1156;2;259,25;14,20;161,25;Représentant
CMD-101950;2024-10-24;30/10/2024;06/12/2024;CLI-0162;EMP-508;ENT-SAG;BD-1159;4;241,27;16,50;166,16;Courriel
CMD-101531;10/09/2024;13-sept-24;11/11/2024;CLI-0184;EMP-503;ENT-MTL;BD-1064;3;117,37;6,30;69,43;Représentant
CMD-101642;20/09/2024;28/09/2024;2024-10-14;CLI-0130;EMP-508;ENT-MTL;BD-1059;16;394,22;25,20;324,94;Téléphone
CMD-100727;16/05/2024;21-mai-24;27/05/2024;CLI-0187;EMP-507;ENT-MTL;BD-1005;8;287,12;12,20;204,06;Représentant
CMD-101042;2024-07-01;05/07/2024;26/07/2024;CLI-0033;EMP-504;ENT-MTL;BD-1112;3;96,70;15,80;65,64;Téléphone
CMD-100329;20-mars-24;25/03/2024;16/05/2024;CLI-0214;EMP-508;ENT-QC;BD-1018;2;452,93;2,60;242,09;Téléphone
CMD-100229;04/03/2024;09/03/2024;17-avr-24;CLI-0153;EMP-507;ENT-MTL;BD-1115;24;65,64;12,10;46,26;Courriel
CMD-100183;2024-02-23;26/02/2024;26/03/2024;CLI-0033;EMP-504;ENT-SAG;BD-1162;3;117,80;14,10;66,97;Portail web
CMD-101527;10/09/2024;2024-09-14;19/10/2024;CLI-0160;EMP-508;ENT-QC;BD-1037;3;27,89;6,80;16,31;Représentant
CMD-100937;14-juin-24;22/06/2024;07/08/2024;CLI-0063;EMP-503;ENT-QC;BD-1018;4;394,94;15,00;242,09;Téléphone
CMD-100983;21/06/2024;25/06/2024;2024-07-17;CLI-0050;EMP-502;ENT-MTL;BD-1045;12;112,23;14,40;76,76;Salon
CMD-100774;23/05/2024;25/05/2024;2024-06-20;CLI-0059;EMP-504;ENT-QC;BD-1062;24;138,94;22,70;112,54;Représentant
CMD-102003;2024-10-31;03/11/2024;02/01/2025;CLI-0041;EMP-508;ENT-MTL;BD-1151;3;136,10;14,40;90,35;Portail web
CMD-102027;04/11/2024;08/11/2024;2024-12-16;CLI-0041;EMP-508;ENT-MTL;BD-1144;3;154,88;13,20;96,31;Téléphone
CMD-100998;25/06/2024;2024-07-03;04/08/2024;CLI-0212;EMP-507;ENT-MTL;BD-1005;38;245,11;25,00;204,06;Représentant
CMD-102118;18/11/2024;2024-11-22;26/12/2024;CLI-0190;EMP-504;ENT-SAG;BD-1169;24;525,11;8,90;276,47;Téléphone
CMD-100887;07/06/2024;10/06/2024;14/07/2024;CLI-0157;EMP-502;ENT-MTL;BD-1109;12;386,19;16,10;303,82;Représentant
CMD-100177;21/02/2024;27/02/2024;24-mars-24;CLI-0130;EMP-508;ENT-QC;BD-1177;3;327,86;19,60;211,22;Courriel
CMD-101219;03-août-24;07/08/2024;23/09/2024;CLI-0162;EMP-508;ENT-SAG;BD-1041;8;216,06;14,80;159,88;Portail web
CMD-101043;01/07/2024;04/07/2024;02-août-24;CLI-0209;EMP-508;ENT-MTL;BD-1115;4;60,73;18,70;46,26;Représentant
CMD-101706;27/09/2024;05/10/2024;19/10/2024;CLI-0059;EMP-504;ENT-QC;BD-1124;36;209,05;18,00;150,61;Portail web
CMD-101454;02/09/2024;05-sept-24;31/10/2024;CLI-0047;EMP-508;ENT-MTL;BD-1139;4;298,33;16,80;198,93;Représentant
CMD-101938;23/10/2024;25/10/2024;04-déc-24;CLI-0171;EMP-507;ENT-QC;BD-1082;4;459,03;3,40;278,39;Représentant
CMD-101313;15/08/2024;20/08/2024;2024-09-15;CLI-0197;EMP-507;ENT-QC;BD-1031;3;486,39;6,40;294,44;Portail web
CMD-100303;16/03/2024;22/03/2024;2024-04-21;CLI-0185;EMP-508;ENT-MTL;BD-1129;37;53,68;25,30;45,49;Portail web
CMD-101859;15/10/2024;19/10/2024;24/11/2024;CLI-0019;EMP-502;ENT-QC;BD-1126;3;188,18;7,00;130,29;Portail web
CMD-102173;2024-11-25;29/11/2024;05/01/2025;CLI-0150;EMP-502;ENT-MTL;BD-1086;12;127,85;7,20;80,72;Représentant
CMD-101055;02-juil-24;04/07/2024;04/08/2024;CLI-0212;EMP-507;ENT-SAG;BD-1015;31;400,11;24,70;318,69;Téléphone
CMD-100530;19/04/2024;28/04/2024;02/06/2024;CLI-0099;EMP-505;ENT-SAG;BD-1040;25;330,27;25,10;268,77;Représentant
CMD-100588;30/04/2024;2024-05-05;17/06/2024;CLI-0108;EMP-503;ENT-QC;BD-1062;4;154,28;14,10;112,54;Représentant
CMD-101643;2024-09-20;23/09/2024;25/10/2024;CLI-0062;EMP-507;ENT-SAG;BD-1053;8;286,50;12,40;176,84;Représentant
CMD-101024;28/06/2024;2024-07-01;27/08/2024;CLI-0055;EMP-506;ENT-MTL;BD-1103;3;222,48;2,30;151,66;Téléphone
CMD-101273;12/08/2024;2024-08-16;09/09/2024;CLI-0147;EMP-506;ENT-QC;BD-1060;8;384,54;2,80;241,90;Téléphone
CMD-102172;25/11/2024;2024-12-04;04/01/2025;CLI-0009;EMP-502;ENT-SAG;BD-1143;19;306,68;18,20;215,92;Portail web
CMD-101550;2024-09-11;13/09/2024;01/11/2024;CLI-0027;EMP-502;ENT-MTL;BD-1059;2;504,69;4,30;324,94;Représentant
CMD-102118;18/11/2024;22/11/2024;2024-12-26;CLI-0190;EMP-504;ENT-SAG;BD-1137;2;38,98;8,90;25,06;Représentant
CMD-100186;2024-02-23;27/02/2024;06/04/2024;CLI-0203;EMP-503;ENT-QC;BD-1177;8;392,58;3,70;211,22;Téléphone
CMD-101397;27/08/2024;2024-09-01;27/10/2024;CLI-0154;EMP-507;ENT-MTL;BD-1019;12;255,64;15,10;170,21;Représentant
CMD-101991;2024-10-30;02/11/2024;23/12/2024;CLI-0063;EMP-503;ENT-SAG;BD-1075;4;84,32;16,30;59,74;Portail web
CMD-101745;2024-10-02;10/10/2024;26/10/2024;CLI-0029;EMP-506;ENT-SAG;BD-1137;8;35,06;18,10;25,06;Téléphone
CMD-102019;2024-11-01;08/11/2024;04/01/2025;CLI-0076;EMP-507;ENT-SAG;BD-1099;16;377,01;24,10;287,66;Portail web
CMD-101925;22/10/2024;2024-10-25;18/12/2024;CLI-0108;EMP-503;ENT-QC;BD-1084;6;500,88;13,70;312,00;Représentant
CMD-100855;03-juin-24;07/06/2024;03/07/2024;CLI-0069;EMP-508;ENT-QC;BD-1111;2;215,97;2,50;145,84;Représentant
CMD-101999;31/10/2024;04/11/2024;25/11/2024;CLI-0209;EMP-508;ENT-MTL;BD-1109;5;374,27;18,60;303,82;Portail web
CMD-101491;06/09/2024;13/09/2024;;CLI-0053;EMP-509;ENT-MTL;BD-1097;6;327,64;11,00;210,05;Portail web
CMD-100463;10/04/2024;2024-04-13;10/05/2024;CLI-0130;EMP-508;ENT-MTL;BD-1167;11;294,45;20,70;205,42;Courriel
CMD-101432;30/08/2024;2024-09-01;;CLI-0082;EMP-504;ENT-MTL;BD-1024;3;314,24;6,00;185,46;Représentant
CMD-100548;22-avr-24;30/04/2024;01/06/2024;  CLI-0007;EMP-508;ENT-MTL;BD-1167;4;349,17;5,90;205,42;Représentant
CMD-102062;2024-11-08;11/11/2024;16/12/2024;CLI-0029;EMP-506;ENT-QC;BD-1013;5;400,92;22,30;308,85;Téléphone
CMD-100570;25/04/2024;30/04/2024;2024-06-07;CLI-0031;EMP-509;ENT-MTL;BD-1022;4;403,48;11,20;247,74;Portail web
CMD-102139;2024-11-19;28/11/2024;14/01/2025;CLI-0080;EMP-506;ENT-SAG;BD-1128;6;124,46;14,10;77,25;Portail web
CMD-100778;23/05/2024;2024-05-26;21/06/2024;CLI-0102;EMP-506;ENT-MTL;BD-1118;2;475,71;4,30;336,11;Portail web
CMD-100072;22/01/2024;25/01/2024;2024-02-03;CLI-0220;EMP-506;ENT-QC;BD-1030;3;158,10;13,60;98,88;Représentant
CMD-101565;12-sept-24;17/09/2024;22/09/2024;CLI-0045;EMP-502;ENT-MTL;BD-1039;1;169,60;14,30;119,66;Téléphone
CMD-100077;24/01/2024;30-janv-24;11/03/2024;CLI-0076;EMP-507;ENT-MTL;BD-1180;6;151,53;20,00;93,34;Téléphone
CMD-100252;2024-03-07;11/03/2024;19/04/2024;CLI-0066;EMP-507;ENT-MTL;BD-1009;3;91,54;13,00;66,28;N/A
CMD-101031;28/06/2024;30/06/2024;2024-08-10;CLI-0144;EMP-502;ENT-MTL;BD-1060;24;329,78;16,70;241,90;Téléphone
CMD-100892;2024-06-10;13/06/2024;18/07/2024;CLI-0198;EMP-504;ENT-QC;BD-1098;2;412,11;6,50;257,11;Représentant
CMD-101888;17/10/2024;2024-10-21;11/12/2024;CLI-0158;EMP-507;ENT-SAG;BD-1061;4;111,50;5,60;75,23;Représentant
CMD-101603;16/09/2024;20/09/2024;29/10/2024;CLI-0040;EMP-509;ENT-QC;BD-1020;6;51,02;11,20;32,44;Représentant
CMD-101334;17/08/2024;26-août-24;28/09/2024;CLI-0113;EMP-505;ENT-QC;BD-1162;2;132,83;3,10;66,97;Représentant
CMD-101104;12/07/2024;21/07/2024;2024-09-03;CLI-0213;EMP-508;ENT-QC;BD-1125;1;408,45;7,20;285,25;Téléphone
CMD-101150;23/07/2024;26/07/2024;2024-09-27;CLI-0191;EMP-504;ENT-MTL;BD-1144;1;149,61;16,20;96,31;Courriel
CMD-102018;01-nov-24;04/11/2024;28/11/2024;CLI-0115;EMP-509;ENT-MTL;BD-1172;4;347,47;17,00;216,67;Portail web
CMD-100014;04/01/2024;2024-01-10;12/02/2024;CLI-0194;EMP-506;ENT-MTL;BD-1045;6;126,02;3,90;76,76;Représentant
CMD-101192;31/07/2024;08/08/2024;2024-09-11;CLI-0135;EMP-506;ENT-MTL;BD-1047;8;89,28;16,20;70,06;Représentant
CMD-101872;16/10/2024;25/10/2024;07/12/2024;CLI-0025;EMP-509;ENT-QC;BD-1017;24;487,56;13,50;307,26;Téléphone
CMD-101682;25/09/2024;2024-09-29;;CLI-0216;EMP-503;ENT-QC;BD-1042;24;432,20;2,10;261,53;Représentant
CMD-100324;20/03/2024;23/03/2024;2024-05-01;CLI-0217;EMP-506;ENT-MTL;BD-1042;9;332,78;24,60;261,53;Représentant
CMD-101837;11/10/2024;19/10/2024;30/10/2024;CLI-0173;EMP-508;ENT-QC;BD-1151;12;133,72;15,90;90,35;Courriel
CMD-100765;22/05/2024;2024-05-24;29/06/2024;CLI-0187;EMP-507;ENT-QC;BD-1114;6;217,83;13,80;149,59;Téléphone
CMD-100040;11/01/2024;2024-01-18;15/02/2024;CLI-0050;EMP-502;ENT-QC;BD-1131;24;56,54;15,70;36,32;Représentant
CMD-100696;13/05/2024;18/05/2024;;CLI-0181;EMP-504;ENT-MTL;BD-1012;6;115,80;4,90;68,19;Représentant
CMD-100909;11/06/2024;17/06/2024;31-juil-24;CLI-0128;EMP-502;ENT-MTL;BD-1028;4;203,26;14,00;140,77;Représentant
CMD-101783;2024-10-04;13/10/2024;01/12/2024;CLI-0132;EMP-507;ENT-QC;BD-1087;8;343,38;11,00;211,22;Portail web
CMD-100163;16/02/2024;2024-02-20;30/03/2024;CLI-0050;EMP-502;ENT-QC;BD-1178;6;184,04;10,40;116,97;Représentant
CMD-100864;04/06/2024;2024-06-08;05/08/2024;CLI-0014;EMP-502;ENT-MTL;BD-1045;3;125,29;4,40;76,76;Représentant
CMD-101256;08/08/2024;14/08/2024;05/10/2024;CLI-0192;EMP-505;ENT-QC;BD-1053;24;306,11;6,40;176,84;Salon
CMD-100395;01/04/2024;05-avr-24;16/05/2024;CLI-0060;EMP-508;ENT-MTL;BD-1161;12;125,43;7,10;62,84;Portail web
CMD-101022;2024-06-27;02/07/2024;19/07/2024;CLI-0188;EMP-506;ENT-SAG;BD-1001;2;279,66;16,60;182,30;Représentant
CMD-101004;2024-06-26;03/07/2024;27/07/2024;CLI-0070;EMP-503;ENT-MTL;BD-1115;3;71,10;4,80;46,26;Téléphone
CMD-101204;01/08/2024;05/08/2024;2024-08-21;CLI-0029;EMP-506;ENT-QC;BD-1078;8;296,50;22,70;197,64;Représentant
CMD-101677;25/09/2024;04/10/2024;2024-11-09;CLI-0076;EMP-507;ENT-QC;BD-1069;15;325,85;18,30;198,50;Portail web
CMD-100664;08-mai-24;14/05/2024;10/06/2024;CLI-0148;EMP-501;ENT-QC;BD-1115;8;66,62;10,80;46,26;Téléphone
CMD-101951;24/10/2024;2024-10-26;21/11/2024;CLI-0212;EMP-507;ENT-QC;BD-1102;5;365,56;24,60;255,33;Représentant
CMD-101282;2024-08-12;16/08/2024;18/09/2024;CLI-0218;EMP-503;ENT-MTL;BD-1019;1;286,67;4,80;170,21;Portail web
CMD-100965;18/06/2024;26/06/2024;16-juil-24;CLI-0084;EMP-503;ENT-QC;BD-1061;8;105,96;10,30;75,23;Téléphone
CMD-101209;02/08/2024;10/08/2024;2024-09-12;CLI-0149;EMP-501;ENT-QC;BD-1036;2;239,23;6,80;159,06;Portail web
CMD-100135;09/02/2024;18/02/2024;30-mars-24;cli-0025;EMP-509;ENT-SAG;BD-1143;3;318,39;15,10;215,92;Courriel
CMD-100574;2024-04-26;01/05/2024;27/06/2024;CLI-0137;EMP-503;ENT-MTL;BD-1166;6;330,47;20,50;212,88;Représentant
CMD-102128;19/11/2024;27/11/2024;2024-12-13;CLI-0182;EMP-503;ENT-SAG;BD-1153;3;168,03;16,20;113,61;Représentant
CMD-101313;15/08/2024;2024-08-20;15/09/2024;CLI-0197;EMP-507;ENT-QC;BD-1039;24;185,37;6,40;119,66;Portail web
CMD-101032;28/06/2024;2024-07-06;03/08/2024;CLI-0085;EMP-503;ENT-MTL;BD-1047;1;98,06;8,00;70,06;Téléphone
CMD-101777;04/10/2024;2024-10-11;02/11/2024;CLI-0180;EMP-509;ENT-MTL;BD-1142;3;158,86;2,60;98,85;Représentant
CMD-101075;05/07/2024;09/07/2024;14/08/2024;CLI-0074;EMP-507;ENT-SAG;BD-1159;26;215,80;25,30;166,16;Représentant
CMD-101300;14/08/2024;17/08/2024;2024-09-03;CLI-0041;EMP-508;ENT-QC;BD-1024;8;295,57;11,50;185,46;Portail web
CMD-100280;13/03/2024;18/03/2024;2024-04-21;CLI-0217;EMP-506;ENT-SAG;BD-1176;12;483,93;23,20;322,02;Téléphone
CMD-101101;12-juil-24;16/07/2024;17/08/2024;CLI-0074;EMP-507;ENT-MTL;BD-1051;5;98,23;24,30;78,12;Représentant
CMD-100322;2024-03-20;22/03/2024;11/05/2024;CLI-0076;EMP-507;ENT-QC;BD-1165;20;144,93;21,20;105,70;Courriel
CMD-101895;18/10/2024;27/10/2024;2024-11-08;CLI-0077;EMP-501;ENT-QC;BD-1182;2;104,09;4,40;56,87;Représentant
CMD-100707;14/05/2024;2024-05-21;17/06/2024;CLI-0112;EMP-505;ENT-QC;BD-1122;4;301,87;11,50;208,30;Représentant
CMD-100697;13/05/2024;2024-05-18;23/06/2024;CLI-0169;EMP-507;ENT-QC;BD-1022;4;405,27;10,80;247,74;Représentant
CMD-101829;11/10/2024;2024-10-16;11/12/2024;CLI-0173;EMP-508;ENT-MTL;BD-1079;1;228,25;13,40;144,83;Téléphone
CMD-101829;11/10/2024;2024-10-16;11/12/2024;CLI-0173;EMP-508;ENT-MTL;BD-1148;2;398,06;13,40;296,06;Représentant
CMD-102033;05/11/2024;07/11/2024;25-nov-24;CLI-0123;EMP-501;ENT-QC;BD-1152;2;424,66;11,70;265,82;Téléphone
CMD-100824;30/05/2024;04/06/2024;2024-06-11;CLI-0137;EMP-503;ENT-QC;BD-1158;13;284,37;18,60;180,81;Représentant
CMD-102295;20/12/2024;22/12/2024;2025-02-12;CLI-0101;EMP-509;ENT-MTL;BD-1085;3;62,24;7,40;40,90;Représentant
CMD-100827;2024-05-30;04/06/2024;06/07/2024;CLI-0103;EMP-502;ENT-SAG;BD-1058;4;238,29;2,70;146,46;Représentant
CMD-100916;12/06/2024;2024-06-17;16/07/2024;CLI-0139;EMP-506;ENT-QC;BD-1106;4;444,42;16,20;333,09;Représentant
CMD-102283;18-déc-24;27/12/2024;14/02/2025;CLI-0076;EMP-507;ENT-SAG;BD-1150;19;479,56;23,40;339,92;Courriel
CMD-100785;24/05/2024;27/05/2024;02/07/2024;CLI-0209;EMP-508;ENT-MTL;BD-1019;31;224,81;25,30;170,21;Téléphone
CMD-102122;18/11/2024;20/11/2024;27-déc-24;CLI-0056;EMP-502;ENT-QC;BD-1178;5;166,39;19,00;116,97;Téléphone
CMD-102224;03/12/2024;2024-12-06;16/01/2025;CLI-0149;EMP-501;ENT-QC;BD-1115;3;68,97;7,60;46,26;Téléphone
CMD-101345;;27/08/2024;25/09/2024;CLI-0113;EMP-505;ENT-MTL;BD-1007;6;97,33;5,80;55,96;Représentant
CMD-102260;11/12/2024;19/12/2024;04/01/2025;CLI-0199;EMP-504;ENT-QC;BD-1073;24;387,66;13,80;255,00;Courriel
CMD-100440;08/04/2024;2024-04-17;17/05/2024;CLI-0102;EMP-506;ENT-QC;BD-1182;2;105,42;3,20;56,87;Salon
CMD-100799;27/05/2024;01/06/2024;24/07/2024;CLI-0152;EMP-503;ENT-QC;BD-1017;4;528,48;6,30;307,26;Téléphone
CMD-100569;2024-04-25;30/04/2024;19/05/2024;CLI-0192;EMP-505;ENT-MTL;BD-1133;6;96,74;4,60;61,66;Représentant
CMD-100594;30/04/2024;2024-05-05;22/05/2024;CLI-0166;EMP-503;ENT-QC;BD-1058;12;212,56;13,20;146,46;Représentant
CMD-100999;25/06/2024;28/06/2024;15/07/2024;CLI-0212;EMP-507;ENT-QC;BD-1113;18;343,67;19,50;276,01;Téléphone
CMD-100316;2024-03-19;21/03/2024;21/04/2024;CLI-0185;EMP-508;ENT-QC;BD-1057;6;24,04;19,40;19,26;Représentant
CMD-100466;10/04/2024;13/04/2024;18-mai-24;CLI-0217;EMP-506;ENT-SAG;BD-1055;9;257,27;21,70;209,35;Représentant
CMD-100254;2024-03-08;14/03/2024;25/04/2024;CLI-0158;EMP-507;ENT-QC;BD-1182;3;101,71;6,60;56,87;Représentant
CMD-101378;2024-08-23;30/08/2024;02/10/2024;CLI-0015;EMP-509;ENT-MTL;BD-1144;4;167,57;6,10;96,31;Portail web
CMD-100792;27/05/2024;04/06/2024;19-juil-24;CLI-0194;EMP-506;ENT-MTL;BD-1029;12;358,73;8,50;238,44;Représentant
CMD-100304;16/03/2024;24-mars-24;26/04/2024;CLI-0056;EMP-502;ENT-SAG;BD-1106;25;424,19;20,00;333,09;Portail web
CMD-102116;16/11/2024;2024-11-18;23/12/2024;CLI-0130;EMP-508;ENT-QC;BD-1156;24;232,17;23,20;161,25;Représentant
CMD-101551;11/09/2024;19/09/2024;2024-10-22;CLI-0059;EMP-504;ENT-MTL;BD-1088;17;507,72;19,40;335,85;Téléphone
CMD-100320;19/03/2024;22/03/2024;2024-04-26;CLI-0123;EMP-501;ENT-QC;BD-1132;6;164,90;17,00;125,81;Portail web
CMD-100531;19/04/2024;2024-04-25;24/05/2024;CLI-0032;EMP-504;ENT-QC;BD-1090;6;91,97;4,00;57,58;Représentant
CMD-101595;16/09/2024;2024-09-18;11/10/2024;CLI-0056;EMP-502;ENT-MTL;BD-1045;14;100,29;23,50;76,76;Téléphone
CMD-101065;04-juil-24;09/07/2024;12/08/2024;CLI-0114;EMP-502;ENT-MTL;BD-1006;3;310,86;7,10;178,72;Salon
CMD-100389;01/04/2024;10/04/2024;2024-05-24;CLI-0099;EMP-505;ENT-SAG;BD-1158;6;270,11;22,70;180,81;Courriel
CMD-101558;12/09/2024;20-sept-24;;CLI-0043;EMP-506;ENT-MTL;BD-1078;3;339,69;11,40;197,64;Portail web
CMD-101691;2024-09-26;01/10/2024;31/10/2024;CLI-0053;EMP-509;ENT-QC;BD-1021;24;306,61;15,70;201,55;Représentant
CMD-101803;08/10/2024;17/10/2024;2024-11-23;CLI-0100;EMP-505;ENT-QC;BD-1144;3;172,37;3,40;96,31;Représentant
CMD-102111;15/11/2024;23/11/2024;27/12/2024;CLI-0126;EMP-502;ENT-QC;BD-1162;8;119,25;13,00;66,97;Représentant
CMD-101945;24/10/2024;2024-11-02;08/12/2024;CLI-0012;EMP-501;ENT-QC;BD-1078;2;298,27;22,20;197,64;Salon
CMD-100934;14/06/2024;19/06/2024;2024-07-07;CLI-0061;EMP-503;ENT-QC;BD-1046;24;425,83;10,80;308,91;Représentant
CMD-100721;16/05/2024;2024-05-24;03/07/2024;CLI-0135;EMP-506;ENT-SAG;BD-1064;4;112,29;10,40;69,43;Portail web
CMD-101243;07/08/2024;16/08/2024;21/09/2024;CLI-0059;EMP-504;ENT-QC;BD-1120;10;235,41;20,70;182,88;Téléphone
CMD-102016;01/11/2024;10/11/2024;2024-12-02;CLI-0122;EMP-505;ENT-QC;BD-1149;12;179,02;2,20;108,85;Téléphone
CMD-101155;24/07/2024;2024-07-27;07/09/2024;CLI-0059;EMP-504;ENT-MTL;BD-1049;1;43,27;20,80;30,58;Représentant
CMD-100997;25/06/2024;2024-06-28;19/08/2024;CLI-0037;EMP-504;ENT-QC;BD-1025;10;174,49;25,40;146,28;Portail web
CMD-101515;10/09/2024;19-sept-24;24/10/2024;CLI-0219;EMP-505;ENT-QC;BD-1055;4;315,40;4,00;209,35;Représentant
CMD-101319;15/08/2024;22/08/2024;2024-09-19;CLI-0185;EMP-508;ENT-SAG;BD-1004;5;213,06;22,30;155,56;Représentant
CMD-101731;01/10/2024;09/10/2024;2024-11-13;CLI-0215;EMP-503;ENT-QC;BD-1097;6;347,69;5,50;210,05;Représentant
CMD-100734;17/05/2024;21-mai-24;29/06/2024;CLI-0157;EMP-502;ENT-QC;BD-1004;8;239,94;12,50;155,56;Courriel
CMD-102140;19/11/2024;26/11/2024;2025-01-12;CLI-0031;EMP-509;ENT-MTL;BD-1066;6;297,42;13,70;199,26;Portail web
CMD-101816;09/10/2024;12/10/2024;17-nov-24;CLI-0209;EMP-508;ENT-SAG;BD-1088;20;467,65;25,70;335,85;Courriel
CMD-102251;10/12/2024;18/12/2024;2025-01-12;CLI-0049;EMP-508;ENT-MTL;BD-1136;2;177,91;14,30;110,14;Courriel
CMD-102291;19/12/2024;21/12/2024;23/01/2025;CLI-0165;EMP-507;ENT-MTL;BD-1009;3;99,89;5,00;66,28;Portail web
CMD-101392;26/08/2024;02-sept-24;16/10/2024;CLI-0031;EMP-509;ENT-SAG;BD-1169;4;492,03;14,70;276,47;Représentant
CMD-100868;05/06/2024;2024-06-07;29/07/2024;CLI-0027;EMP-502;ENT-SAG;BD-1020;2;54,65;4,90;32,44;Représentant
CMD-101662;24/09/2024;27/09/2024;01-nov-24;CLI-0137;EMP-503;ENT-SAG;BD-1167;1;302,99;18,40;205,42;Représentant
CMD-100593;30/04/2024;08/05/2024;2024-06-17;CLI-0130;EMP-508;ENT-QC;BD-1044;4;258,98;19,80;195,45;Portail web
CMD-100061;18/01/2024;2024-01-25;01/03/2024;CLI-0146;EMP-503;ENT-QC;BD-1157;3;45,71;12,70;24,69;Portail web
CMD-101821;2024-10-10;12/10/2024;24/11/2024;CLI-0212;EMP-507;ENT-QC;BD-1094;2;160,02;21,50;121,74;Portail web
CMD-101934;31/02/2024;27/10/2024;05/12/2024;CLI-0217;EMP-506;ENT-QC;BD-1151;16;118,33;25,60;90,35;Représentant
CMD-100765;22/05/2024;2024-05-24;29/06/2024;CLI-0187;EMP-507;ENT-QC;BD-1050;2;434,74;13,80;291,69;Représentant
CMD-101498;06/09/2024;15/09/2024;2024-10-23;CLI-0130;EMP-508;ENT-SAG;BD-1076;5;441,21;21,40;281,11;Représentant
CMD-101124;2024-07-18;27/07/2024;20/08/2024;CLI-0137;EMP-503;ENT-QC;BD-1062;2;134,02;25,40;112,54;Représentant
CMD-101472;04-sept-24;10/09/2024;18/11/2024;CLI-0183;EMP-506;ENT-MTL;BD-1081;3;575,85;2,90;302,82;Courriel
CMD-100912;12/06/2024;2024-06-18;26/07/2024;CLI-0103;EMP-502;ENT-MTL;BD-1009;12;99,48;5,40;66,28;Téléphone
CMD-101677;25-sept-24;04/10/2024;09/11/2024;CLI-0076;EMP-507;ENT-QC;BD-1037;2;24,45;18,30;16,31;Portail web
CMD-101242;2024-08-07;09/08/2024;;CLI-0118;EMP-504;ENT-MTL;BD-1143;12;326,27;13,00;215,92;Représentant
CMD-101273;2024-08-12;16/08/2024;09/09/2024;CLI-0147;EMP-506;ENT-QC;BD-1026;2;425,90;2,80;241,74;Portail web
CMD-101037;29/06/2024;04/07/2024;19-août-24;CLI-0090;EMP-505;ENT-MTL;BD-1122;4;305,40;10,50;208,30;Représentant
CMD-100252;07/03/2024;11/03/2024;19-avr-24;CLI-0066;EMP-507;ENT-MTL;BD-1165;8;160,17;13,00;105,70;Téléphone
CMD-101978;29/10/2024;03/11/2024;13-déc-24;CLI-0134;EMP-509;ENT-MTL;BD-1173;3;386,67;3,00;207,98;Courriel
CMD-101293;14/08/2024;2024-08-23;10/10/2024;CLI-0195;EMP-506;ENT-QC;BD-1045;3;114,51;12,60;76,76;Téléphone
CMD-100747;20/05/2024;28/05/2024;;CLI-0127;EMP-503;ENT-MTL;BD-1011;3;466,47;11,20;288,46;Portail web
CMD-100696;2024-05-13;18/05/2024;;CLI-0181;EMP-504;ENT-MTL;BD-1107;2;209,56;4,90;147,44;Représentant
CMD-101766;03/10/2024;2024-10-10;17/11/2024;CLI-0021;EMP-501;ENT-SAG;BD-1149;12;167,26;8,70;108,85;Représentant
CMD-101089;08/07/2024;17/07/2024;19-sept-24;CLI-0149;EMP-501;ENT-MTL;BD-1120;4;288,46;2,80;182,88;Représentant
CMD-101251;08/08/2024;15/08/2024;2024-09-16;CLI-0182;EMP-503;ENT-QC;BD-1126;4;170,98;15,50;130,29;Salon
CMD-100547;22/04/2024;24-avr-24;19/06/2024;CLI-0173;EMP-508;ENT-QC;BD-1169;8;509,58;11,60;276,47;Portail web
CMD-101114;16/07/2024;2024-07-24;14/09/2024;CLI-0028;EMP-509;ENT-QC;BD-1116;24;80,91;8,80;58,93;Téléphone
CMD-101683;25/09/2024;28-sept-24;20/10/2024;CLI-0088;EMP-504;ENT-MTL;BD-1053;3;284,80;13,00;176,84;Représentant
CMD-102266;13/12/2024;2024-12-16;21/01/2025;CLI-0042;EMP-505;ENT-QC;BD-1145;2;159,16;13,60;108,83;Courriel
CMD-101937;2024-10-23;26/10/2024;21/11/2024;CLI-0137;EMP-503;ENT-MTL;BD-1154;9;438,09;18,00;323,13;Représentant
CMD-100540;22/04/2024;28/04/2024;03/06/2024;CLI-0211;EMP-504;ENT-MTL;BD-1044;2;273,54;15,30;195,45;Représentant
CMD-101479;04/09/2024;08/09/2024;25/10/2024;CLI-0029;EMP-506;ENT-SAG;BD-1084;7;461,81;20,50;312,00;Représentant
CMD-101215;02/08/2024;2024-08-06;26/09/2024;CLI-0059;EMP-504;ENT-QC;BD-1135;36;59,29;19,10;39,89;Téléphone
CMD-100748;20/05/2024;2024-05-24;13/07/2024;CLI-0017;EMP-507;ENT-QC;BD-1026;24;389,30;11,20;241,74;Représentant
CMD-100983;21/06/2024;25/06/2024;17-juil-24;CLI-0050;EMP-502;ENT-MTL;BD-1120;4;254,14;14,40;182,88;Portail web
CMD-100377;29/03/2024;04/04/2024;20/04/2024;CLI-0177;EMP-505;ENT-QC;BD-1160;1;72,51;7,90;40,71;Salon
CMD-101755;2024-10-03;05/10/2024;14/11/2024;CLI-0011;EMP-507;ENT-MTL;BD-1093;8;205,08;8,40;132,18;Portail web
CMD-100790;25-mai-24;01/06/2024;14/07/2024;CLI-0037;EMP-504;ENT-MTL;BD-1007;5;76,51;26,00;55,96;Portail web
CMD-101730;2024-09-30;09/10/2024;21/10/2024;CLI-0116;EMP-509;ENT-QC;BD-1070;4;64,15;15,80;39,88;Portail web
CMD-102033;05/11/2024;2024-11-07;25/11/2024;CLI-0123;EMP-501;ENT-QC;BD-1017;6;497,76;11,70;307,26;Téléphone
CMD-101938;23/10/2024;25/10/2024;2024-12-04;CLI-0171;EMP-507;ENT-QC;BD-1072;4;382,24;3,40;196,62;Portail web
CMD-101228;05/08/2024;13-août-24;03/09/2024;CLI-0045;EMP-502;ENT-SAG;BD-1023;6;334,41;11,40;239,29;Téléphone
CMD-102179;26/11/2024;04-déc-24;19/01/2025;CLI-0147;EMP-506;ENT-QC;BD-1132;6;188,08;5,30;125,81;Portail web
CMD-100162;16-févr-24;22/02/2024;16/04/2024;CLI-0105;EMP-502;ENT-MTL;BD-1108;2;259,34;5,10;166,46;Représentant
CMD-101019;27/06/2024;06/07/2024;21-juil-24;CLI-0220;EMP-506;ENT-QC;BD-1112;12;97,16;15,40;65,64;Courriel
CMD-100889;08/06/2024;14/06/2024;2024-07-06;CLI-0054;EMP-507;ENT-MTL;BD-1042;3;382,68;13,30;261,53;Représentant
CMD-101747;02/10/2024;2024-10-09;31/10/2024;CLI-0009;EMP-502;ENT-QC;BD-1138;7;111,67;24,20;86,38;Téléphone
CMD-101667;31/02/2024;2024-09-28;19/11/2024;CLI-0139;EMP-506;ENT-QC;BD-1018;2;395,82;14,80;242,09;Téléphone
CMD-100686;13/05/2024;2024-05-15;02/07/2024;CLI-0089;EMP-502;ENT-MTL;BD-1118;12;393,45;20,80;336,11;Représentant
CMD-101945;2024-10-24;02/11/2024;08/12/2024;CLI-0012;EMP-501;ENT-QC;BD-1095;4;80,66;22,20;53,64;Courriel
CMD-101455;2024-09-02;08/09/2024;31/10/2024;CLI-0063;EMP-503;ENT-MTL;BD-1033;4;166,77;11,00;110,89;Représentant
CMD-100980;20/06/2024;27-juin-24;13/07/2024;CLI-0048;EMP-508;ENT-MTL;BD-1089;12;282,80;10,70;157,64;Représentant
CMD-100330;20/03/2024;29/03/2024;2024-05-23;CLI-0054;EMP-507;ENT-SAG;BD-1063;8;324,18;12,00;242,15;Salon
CMD-101104;12/07/2024;21/07/2024;03-sept-24;CLI-0213;EMP-508;ENT-QC;BD-1126;8;187,95;7,20;130,29;Portail web
CMD-101189;31/07/2024;2024-08-07;16/09/2024;CLI-0089;EMP-502;ENT-QC;BD-1049;2;40,60;25,70;30,58;Portail web
CMD-101126;19/07/2024;24/07/2024;01/10/2024;CLI-0016;EMP-505;ENT-MTL;BD-1023;2;359,32;4,80;239,29;Portail web
CMD-100788;2024-05-24;01/06/2024;13/07/2024;CLI-0089;EMP-502;ENT-QC;BD-1049;16;41,18;24,60;30,58;Représentant
CMD-101792;07/10/2024;13/10/2024;13-nov-24;CLI-0059;EMP-504;ENT-SAG;BD-1169;7;460,66;20,10;276,47;Téléphone
CMD-100097;30/01/2024;2024-02-02;16/03/2024;CLI-0033;EMP-504;ENT-MTL;BD-1053;2;272,38;16,70;176,84;Représentant
CMD-102288;18/12/2024;20/12/2024;2025-02-14;CLI-0132;EMP-507;ENT-SAG;BD-1084;8;494,99;14,70;312,00;Portail web
CMD-100796;27/05/2024;02/06/2024;11-juin-24;CLI-0185;EMP-508;ENT-MTL;BD-1033;2;140,01;25,30;110,89;Représentant
CMD-101692;26-sept-24;29/09/2024;20/11/2024;CLI-0037;EMP-504;ENT-SAG;BD-1072;79;309,00;21,90;196,62;Portail web
CMD-102123;18/11/2024;20-nov-24;27/12/2024;CLI-0081;EMP-502;ENT-MTL;BD-1140;12;54,17;14,70;40,41;Représentant
CMD-100230;04/03/2024;2024-03-08;16/04/2024;CLI-0029;EMP-506;ENT-QC;BD-1120;51;230,13;22,50;182,88;Représentant
CMD-101560;12/09/2024;2024-09-17;18/11/2024;CLI-0055;EMP-506;ENT-SAG;BD-1094;1;188,28;7,60;121,74;Représentant
CMD-101480;04/09/2024;2024-09-11;14/10/2024;CLI-0012;EMP-501;ENT-QC;BD-1042;28;334,11;24,30;261,53;Portail web
CMD-101539;2024-09-11;18/09/2024;21/10/2024;CLI-0208;EMP-507;ENT-QC;BD-1087;1;344,92;10,60;211,22;Portail web
CMD-100670;2024-05-09;14/05/2024;20/06/2024;CLI-0071;EMP-503;ENT-QC;BD-1013;8;477,08;7,60;308,85;Portail web
CMD-100874;06/06/2024;2024-06-13;12/08/2024;CLI-0196;EMP-506;ENT-SAG;BD-1109;4;450,08;2,20;303,82;Représentant
CMD-101885;2024-10-17;25/10/2024;28/11/2024;CLI-0074;EMP-507;ENT-SAG;BD-1130;12;438,63;22,30;317,23;Représentant
CMD-101170;2024-07-26;04/08/2024;23/08/2024;CLI-0014;EMP-502;ENT-QC;BD-1041;6;238,91;5,80;159,88;Portail web
CMD-101918;21/10/2024;26-oct-24;11/11/2024;CLI-0137;EMP-503;ENT-QC;BD-1068;6;447,51;20,60;284,28;Représentant
CMD-102260;11/12/2024;19/12/2024;04-janv-25;CLI-0199;EMP-504;ENT-QC;BD-1155;1;467,03;13,80;322,38;Représentant
CMD-102060;08-nov-24;14/11/2024;07/01/2025;CLI-0185;EMP-508;ENT-MTL;BD-1133;5;80,94;20,20;61,66;Téléphone
CMD-100906;11/06/2024;18/06/2024;2024-07-20;CLI-0137;EMP-503;ENT-MTL;BD-1057;7;24,31;18,50;19,26;Portail web
CMD-101708;27/09/2024;30/09/2024;2024-10-29;CLI-0056;EMP-502;ENT-MTL;BD-1039;12;147,52;25,50;119,66;Représentant
CMD-100223;2024-03-04;12/03/2024;;CLI-0042;EMP-505;ENT-QC;BD-1058;6;205,77;16,00;146,46;Représentant
CMD-101367;2024-08-22;25/08/2024;;CLI-0099;EMP-505;ENT-SAG;BD-1052;18;228,38;25,60;179,27;Représentant
CMD-101715;30/09/2024;2024-10-04;01/11/2024;CLI-0080;EMP-506;ENT-QC;BD-1006;1;284,15;15,10;178,72;Représentant
CMD-100259;08/03/2024;15/03/2024;2024-04-08;CLI-0136;EMP-507;ENT-MTL;BD-1065;8;222,17;10,90;128,81;Portail web
CMD-102285;18/12/2024;2024-12-26;01/02/2025;CLI-0217;EMP-506;ENT-MTL;BD-1044;19;239,81;25,80;195,45;Représentant
CMD-101113;2024-07-16;23/07/2024;09/09/2024;CLI-0038;EMP-507;ENT-QC;BD-1117;4;125,29;15,40;98,28;Portail web
CMD-101161;26/07/2024;2024-08-01;29/09/2024;CLI-0173;EMP-508;ENT-QC;BD-1118;3;417,22;16,10;336,11;Salon
CMD-101559;12-sept-24;15/09/2024;22/10/2024;CLI-0076;EMP-507;ENT-QC;BD-1013;3;412,54;20,10;308,85;Représentant
CMD-100404;02/04/2024;06/04/2024;2024-05-21;CLI-0038;EMP-507;ENT-MTL;BD-1056;3;442,06;10,10;287,11;Représentant
CMD-100288;14/03/2024;20-mars-24;25/04/2024;CLI-0156;EMP-502;ENT-QC;BD-1036;2;248,92;3,10;159,06;Représentant
CMD-100992;24/06/2024;2024-07-03;22/07/2024;CLI-0171;EMP-507;ENT-SAG;BD-1001;1;310,74;7,30;182,30;Salon
CMD-101812;09/10/2024;2024-10-18;11/12/2024;CLI-0106;EMP-501;ENT-MTL;BD-1096;1;260,94;11,90;170,74;Courriel
CMD-100831;30/05/2024;2024-06-05;20/06/2024;CLI-0037;EMP-504;ENT-MTL;BD-1122;5;278,69;18,30;208,30;Téléphone
CMD-101521;10/09/2024;2024-09-19;27/09/2024;CLI-0108;EMP-503;ENT-MTL;BD-1094;3;170,61;16,30;121,74;Téléphone
CMD-101183;30/07/2024;01/08/2024;08-sept-24;CLI-0141;EMP-502;ENT-SAG;BD-1052;0;256,57;16,40;179,27;Représentant
CMD-101971;2024-10-28;01/11/2024;;CLI-0149;EMP-501;ENT-MTL;BD-1135;1;71,61;2,30;39,89;Représentant
CMD-101091;09-juil-24;16/07/2024;12/08/2024;CLI-0043;EMP-506;ENT-SAG;BD-1040;4;388,38;11,90;268,77;Représentant
CMD-100179;21-févr-24;28/02/2024;31/03/2024;CLI-0041;EMP-508;ENT-SAG;BD-1032;24;468,05;14,50;339,97;Téléphone
CMD-100116;03/02/2024;2024-02-08;26/02/2024;CLI-0050;EMP-502;ENT-MTL;BD-1174;4;263,71;10,60;165,53;Courriel
CMD-101608;17/09/2024;2024-09-21;05/11/2024;CLI-0117;EMP-504;ENT-MTL;BD-1180;6;180,46;4,70;93,34;Téléphone
CMD-101514;09/09/2024;2024-09-12;10/11/2024;CLI-0036;EMP-505;ENT-MTL;BD-1167;6;327,38;11,80;205,42;Portail web
CMD-100478;11-avr-24;13/04/2024;28/05/2024;CLI-0165;EMP-507;ENT-SAG;BD-1161;24;129,93;3,80;62,84;Représentant
CMD-100584;29/04/2024;2024-05-06;13/06/2024;CLI-0153;EMP-507;ENT-MTL;BD-1106;3;473,19;10,80;333,09;Représentant
CMD-100154;14/02/2024;17/02/2024;20-mars-24;CLI-0162;EMP-508;ENT-SAG;BD-1009;4;89,32;15,10;66,28;Représentant
CMD-100146;13-févr-24;20/02/2024;03/03/2024;CLI-0055;EMP-506;ENT-QC;BD-1175;1;162,77;4,10;94,86;Représentant
CMD-102223;02/12/2024;08/12/2024;2025-01-08;CLI-0212;EMP-507;ENT-SAG;BD-1127;5;236,00;21,70;170,72;Représentant
CMD-100382;29/03/2024;04/04/2024;2024-05-17;CLI-0212;EMP-507;ENT-SAG;BD-1166;2;308,22;25,80;212,88;Téléphone
CMD-100052;17/01/2024;22/01/2024;2024-03-09;CLI-0086;EMP-502;ENT-MTL;BD-1130;8;539,30;4,40;317,23;Représentant
CMD-100631;2024-05-04;09/05/2024;18/06/2024;CLI-0076;EMP-507;ENT-QC;BD-1043;6;419,63;20,50;294,10;Représentant
CMD-101563;12/09/2024;19-sept-24;02/11/2024;CLI-0025;EMP-509;ENT-SAG;BD-1090;1;84,49;11,80;57,58;Représentant
CMD-101731;01/10/2024;09/10/2024;2024-11-13;CLI-0215;EMP-503;ENT-QC;BD-1148;2;434,53;5,50;296,06;Portail web
CMD-101055;02-juil-24;04/07/2024;04/08/2024;CLI-0212;EMP-507;ENT-SAG;BD-1015;31;400,11;24,70;318,69;Téléphone
CMD-100219;01/03/2024;2024-03-05;30/03/2024;CLI-0181;EMP-504;ENT-QC;BD-1143;24;363,89;3,00;215,92;Représentant
CMD-101887;17/10/2024;25/10/2024;29/11/2024;CLI-0199;EMP-504;ENT-SAG;BD-1137;2;36,04;15,80;25,06;Courriel
CMD-101551;11/09/2024;19-sept-24;22/10/2024;CLI-0059;EMP-504;ENT-MTL;BD-1181;4;503,68;19,40;305,97;Portail web
CMD-101722;30/09/2024;03/10/2024;2024-11-10;CLI-0141;EMP-502;ENT-QC;BD-1062;6;158,56;11,80;112,54;Portail web
CMD-102142;20/11/2024;28-nov-24;08/12/2024;CLI-0123;EMP-501;ENT-MTL;BD-1153;12;172,89;13,80;113,61;Portail web
CMD-100376;28/03/2024;04/04/2024;2024-05-15;CLI-0217;EMP-506;ENT-MTL;BD-1013;10;407,56;21,10;308,85;Téléphone
CMD-101421;29-août-24;05/09/2024;16/09/2024;CLI-0046;EMP-508;ENT-MTL;BD-1079;6;241,85;8,30;144,83;Téléphone
CMD-100880;07/06/2024;2024-06-16;03/07/2024;CLI-0085;EMP-503;ENT-QC;BD-1116;3;84,35;4,90;58,93;Téléphone
CMD-102055;2024-11-07;12/11/2024;21/12/2024;CLI-0130;EMP-508;ENT-MTL;BD-1077;23;270,03;21,00;167,57;Portail web
CMD-100260;08/03/2024;2024-03-16;10/05/2024;CLI-0143;EMP-503;ENT-QC;BD-1105;24;217,60;16,00;166,12;Courriel
CMD-100836;2024-05-30;06/06/2024;11/07/2024;CLI-0200;EMP-509;ENT-QC;BD-1094;1;178,56;12,40;121,74;Portail web
CMD-101256;08/08/2024;2024-08-14;05/10/2024;cli-0192;EMP-505;ENT-QC;BD-1050;2;471,68;6,40;291,69;Représentant
CMD-101994;30/10/2024;03/11/2024;26-nov-24;CLI-0097;EMP-504;ENT-MTL;BD-1143;4;346,98;7,50;215,92;Téléphone
CMD-101243;2024-08-07;16/08/2024;21/09/2024;CLI-0059;EMP-504;ENT-QC;BD-1007;9;81,95;20,70;55,96;Téléphone
CMD-101653;31/02/2024;30/09/2024;24/11/2024;CLI-0076;EMP-507;ENT-QC;BD-1048;3;39,30;23,20;32,82;Portail web
CMD-101335;;28/08/2024;12-sept-24;CLI-0113;EMP-505;ENT-MTL;BD-1018;12;428,09;7,90;242,09;Représentant
CMD-102291;19-déc-24;21/12/2024;23/01/2025;CLI-0165;EMP-507;ENT-MTL;BD-1050;3;478,81;5,00;291,69;Courriel
CMD-102200;28/11/2024;30-nov-24;20/01/2025;CLI-0076;EMP-507;ENT-SAG;BD-1158;3;271,85;22,20;180,81;Portail web
CMD-101499;06-sept-24;13/09/2024;10/10/2024;CLI-0002;EMP-509;ENT-MTL;BD-1077;8;313,17;8,40;167,57;Courriel
CMD-100611;2024-05-01;03/05/2024;05/06/2024;CLI-0130;EMP-508;ENT-QC;BD-1032;6;420,83;23,10;339,97;Téléphone
CMD-100047;15/01/2024;18-janv-24;28/02/2024;CLI-0037;EMP-504;ENT-QC;BD-1023;25;299,50;20,70;239,29;Téléphone
CMD-101662;24/09/2024;27/09/2024;2024-11-01;CLI-0137;EMP-503;ENT-SAG;BD-1062;6;146,67;18,40;112,54;Courriel
CMD-100092;29/01/2024;31/01/2024;01/03/2024;CLI-0137;EMP-503;ENT-QC;BD-1139;13;289,64;19,30;198,93;Représentant
CMD-102254;10/12/2024;2024-12-15;26/12/2024;CLI-0006;EMP-505;ENT-QC;BD-1073;3;378,07;15,90;255,00;Représentant
CMD-100570;25/04/2024;30/04/2024;2024-06-07;CLI-0031;EMP-509;ENT-MTL;BD-1044;4;286,80;11,20;195,45;Représentant
CMD-101918;21/10/2024;26/10/2024;11/11/2024;CLI-0137;EMP-503;ENT-QC;BD-1176;75;500,35;20,60;322,02;Représentant
CMD-101317;15/08/2024;2024-08-24;27/09/2024;CLI-0026;EMP-506;ENT-MTL;BD-1026;1;364,21;16,90;241,74;Représentant
CMD-101739;01/10/2024;2024-10-03;11/11/2024;CLI-0166;EMP-503;ENT-SAG;BD-1083;8;266,79;13,20;157,14;Représentant
CMD-101123;18/07/2024;21/07/2024;2024-09-10;CLI-0059;EMP-504;ENT-QC;BD-1038;17;444,75;19,40;313,36;Représentant
CMD-100962;18/06/2024;25/06/2024;02-août-24;CLI-0146;EMP-503;ENT-MTL;BD-1116;12;73,66;16,90;58,93;Téléphone
CMD-100181;22/02/2024;2024-02-24;;CLI-0110;EMP-507;ENT-QC;BD-1175;2;157,56;7,20;94,86;Portail web
CMD-100177;2024-02-21;27/02/2024;24/03/2024;CLI-0130;EMP-508;ENT-QC;BD-1175;2;136,53;19,60;94,86;Représentant
CMD-101978;29/10/2024;03/11/2024;2024-12-13;CLI-0134;EMP-509;ENT-MTL;BD-1073;6;0,00;3,00;255,00;Courriel
CMD-100621;03-mai-24;06/05/2024;23/06/2024;CLI-0212;EMP-507;ENT-SAG;BD-1124;37;190,84;25,20;150,61;Courriel
CMD-100795;27/05/2024;29/05/2024;2024-07-15;CLI-0089;EMP-502;ENT-SAG;BD-1015;4;417,33;21,40;318,69;Portail web
CMD-100565;25/04/2024;01/05/2024;2024-06-08;CLI-0073;EMP-501;ENT-QC;BD-1056;4;416,17;15,40;287,11;Portail web
CMD-101165;26/07/2024;31/07/2024;18/09/2024;CLI-0040;EMP-509;ENT-MTL;BD-1077;8;295,19;13,70;167,57;Représentant
CMD-100785;24/05/2024;27/05/2024;2024-07-02;CLI-0209;EMP-508;ENT-MTL;BD-1103;4;170,11;25,30;151,66;Représentant
CMD-100391;01/04/2024;09/04/2024;;CLI-0012;EMP-501;ENT-SAG;BD-1156;6;231,89;23,20;161,25;Représentant
CMD-100292;2024-03-14;20/03/2024;17/04/2024;CLI-0033;EMP-504;ENT-MTL;BD-1110;2;249,18;12,20;178,91;Représentant
CMD-100231;05/03/2024;2024-03-08;13/03/2024;CLI-0199;EMP-504;ENT-MTL;BD-1063;4;328,17;10,90;242,15;Téléphone
CMD-101362;21/08/2024;28/08/2024;2024-09-21;CLI-0086;EMP-502;ENT-QC;BD-1168;8;383,89;4,00;224,71;Représentant
CMD-101442;31/08/2024;02/09/2024;2024-09-30;CLI-0212;EMP-507;ENT-MTL;BD-1044;6;252,06;22,00;195,45;Représentant
CMD-100437;08/04/2024;14-avr-24;14/05/2024;CLI-0056;EMP-502;ENT-QC;BD-1159;47;223,69;22,60;166,16;Représentant
CMD-100520;2024-04-18;20/04/2024;15/05/2024;CLI-0128;EMP-502;ENT-SAG;BD-1158;1;303,31;13,20;180,81;Représentant
CMD-100897;10/06/2024;17-juin-24;21/07/2024;CLI-0066;EMP-507;ENT-QC;BD-1112;4;96,49;16,00;65,64;Téléphone
CMD-100243;06-mars-24;14/03/2024;08/04/2024;CLI-0185;EMP-508;ENT-SAG;BD-1002;2;380,69;18,70;292,58;Représentant
CMD-101372;23/08/2024;29/08/2024;06/10/2024;CLI-0209;EMP-508;ENT-MTL;BD-1032;2;421,73;23,00;339,97;Portail web
CMD-101328;16/08/2024;20-août-24;12/09/2024;CLI-0124;EMP-509;ENT-QC;BD-1046;4;436,29;8,60;308,91;Téléphone
CMD-100537;20/04/2024;2024-04-24;28/05/2024;CLI-0120;EMP-509;ENT-MTL;BD-1038;3;523,26;5,20;313,36;Portail web
CMD-100215;01-mars-24;06/03/2024;04/04/2024;CLI-0018;EMP-503;ENT-QC;BD-1086;12;130,97;4,90;80,72;Représentant
CMD-100829;2024-05-30;08/06/2024;01/08/2024;CLI-0198;EMP-504;ENT-QC;BD-1146;4;352,07;6,30;220,88;Téléphone
CMD-101233;06/08/2024;09/08/2024;2024-09-30;CLI-0120;EMP-509;ENT-MTL;BD-1052;2;294,64;4,00;179,27;Téléphone
CMD-102258;11/12/2024;2024-12-16;18/01/2025;CLI-0017;EMP-507;ENT-QC;BD-1093;6;190,51;14,90;132,18;Représentant
CMD-101574;2024-09-13;18/09/2024;06/11/2024;CLI-0141;EMP-502;ENT-QC;BD-1102;12;404,83;16,50;255,33;Salon
CMD-100544;22/04/2024;2024-04-27;22/05/2024;CLI-0112;EMP-505;ENT-MTL;BD-1007;4;92,32;10,70;55,96;Courriel
CMD-100669;09/05/2024;18/05/2024;;CLI-0045;EMP-502;ENT-MTL;BD-1123;6;187,79;13,70;129,56;Téléphone
CMD-101787;05/10/2024;14-oct-24;17/11/2024;CLI-0121;EMP-508;ENT-QC;BD-1132;8;177,70;10,50;125,81;Téléphone
CMD-102258;11/12/2024;2024-12-16;18/01/2025;CLI-0017;EMP-507;ENT-QC;BD-1165;2;156,66;14,90;105,70;Téléphone
CMD-100155;14-févr-24;17/02/2024;03/04/2024;  CLI-0110;EMP-507;ENT-SAG;BD-1032;4;534,82;2,30;339,97;Représentant
CMD-102306;25/12/2024;2025-01-03;11/02/2025;CLI-0057;EMP-507;ENT-QC;BD-1130;24;477,63;15,40;317,23;Téléphone
CMD-100661;08/05/2024;2024-05-12;14/06/2024;CLI-0067;EMP-502;ENT-MTL;BD-1015;6;449,72;15,30;318,69;Représentant
CMD-100756;21/05/2024;25/05/2024;04-juil-24;CLI-0088;EMP-504;ENT-MTL;BD-1005;8;294,20;10,00;204,06;Représentant
CMD-101743;02/10/2024;11/10/2024;;CLI-0009;EMP-502;ENT-MTL;BD-1056;13;395,87;19,50;287,11;Courriel
CMD-101135;2024-07-20;24/07/2024;08/09/2024;CLI-0139;EMP-506;ENT-SAG;BD-1112;2;97,67;15,00;65,64;Portail web
CMD-100760;21/05/2024;26-mai-24;07/07/2024;  CLI-0211;EMP-504;ENT-QC;BD-1005;2;279,94;14,40;204,06;Téléphone
CMD-102314;27/12/2024;03-janv-25;26/02/2025;CLI-0056;EMP-502;ENT-QC;BD-1067;34;33,63;19,20;23,77;Téléphone
CMD-100717;16/05/2024;18/05/2024;24/06/2024;CLI-0217;EMP-506;ENT-MTL;BD-1053;16;260,08;20,50;176,84;Représentant
CMD-101076;05/07/2024;08/07/2024;05-août-24;CLI-0062;EMP-507;ENT-MTL;BD-1024;2;278,00;16,80;185,46;Portail web
CMD-100935;14/06/2024;17-juin-24;04/08/2024;CLI-0009;EMP-502;ENT-SAG;BD-1010;9;122,07;25,10;87,08;Représentant
CMD-100364;27/03/2024;05/04/2024;2024-05-11;CLI-0162;EMP-508;ENT-QC;BD-1149;24;160,46;12,40;108,85;Représentant
CMD-101233;06/08/2024;09/08/2024;30-sept-24;cli-0120;EMP-509;ENT-MTL;BD-1152;4;461,52;4,00;265,82;Représentant
CMD-101334;2024-08-17;26/08/2024;28/09/2024;CLI-0113;EMP-505;ENT-QC;BD-1018;12;450,47;3,10;242,09;Représentant
CMD-101020;2024-06-27;03/07/2024;20/08/2024;CLI-0082;EMP-504;ENT-QC;BD-1106;3;487,18;8,20;333,09;Portail web
CMD-100183;23-févr-24;26/02/2024;26/03/2024;CLI-0033;EMP-504;ENT-SAG;BD-1039;4;170,15;14,10;119,66;Représentant
CMD-100828;30/05/2024;08/06/2024;2024-07-07;CLI-0171;EMP-507;ENT-QC;BD-1047;3;99,88;6,30;70,06;Portail web
CMD-102285;18/12/2024;2024-12-26;01/02/2025;CLI-0217;EMP-506;ENT-MTL;BD-1067;36;30,88;25,80;23,77;Représentant
CMD-100077;24/01/2024;30/01/2024;11/03/2024;CLI-0076;EMP-507;ENT-MTL;BD-1112;5;91,93;20,00;65,64;Représentant
CMD-102034;05/11/2024;2024-11-13;10/12/2024;CLI-0087;EMP-502;ENT-QC;BD-1087;4;329,13;14,70;211,22;Courriel
CMD-100227;04/03/2024;09/03/2024;2024-04-13;CLI-0195;EMP-506;ENT-SAG;BD-1123;4;187,27;13,90;129,56;Portail web
CMD-100853;03/06/2024;2024-06-06;25/07/2024;CLI-0087;EMP-502;ENT-MTL;BD-1057;3;24,95;16,40;19,26;Téléphone
CMD-100376;28/03/2024;04-avr-24;15/05/2024;  CLI-0217;EMP-506;ENT-MTL;BD-1109;18;363,21;21,10;303,82;Portail web
CMD-100102;01/02/2024;05/02/2024;21/03/2024;CLI-0137;EMP-503;ENT-QC;BD-1113;6;334,54;21,70;276,01;Représentant
CMD-102239;06/12/2024;2024-12-15;26/12/2024;CLI-0114;EMP-502;ENT-MTL;BD-1077;4;314,99;7,90;167,57;Représentant
CMD-100865;2024-06-04;09/06/2024;21/07/2024;CLI-0193;EMP-509;ENT-QC;BD-1017;8;499,78;11,40;307,26;Portail web
CMD-100269;2024-03-11;18/03/2024;24/04/2024;CLI-0037;EMP-504;ENT-QC;BD-1015;24;403,64;24,00;318,69;Portail web
CMD-101700;27/09/2024;2024-10-01;21/10/2024;CLI-0056;EMP-502;ENT-SAG;BD-1056;61;381,69;22,40;287,11;Représentant
CMD-100643;2024-05-07;13/05/2024;07/06/2024;CLI-0108;EMP-503;ENT-MTL;BD-1041;12;227,75;10,20;159,88;Téléphone
CMD-100624;03/05/2024;2024-05-10;14/06/2024;CLI-0102;EMP-506;ENT-SAG;BD-1138;4;142,57;3,20;86,38;Représentant
CMD-102307;25/12/2024;31-déc-24;19/02/2025;CLI-0026;EMP-506;ENT-QC;BD-1105;6;215,60;16,80;166,12;Représentant
CMD-101966;28/10/2024;04/11/2024;2024-12-03;CLI-0037;EMP-504;ENT-QC;BD-1098;2;327,98;25,60;257,11;Représentant
CMD-101211;02/08/2024;2024-08-05;30/08/2024;CLI-0212;EMP-507;ENT-QC;BD-1020;15;43,16;24,90;32,44;Représentant
CMD-101647;21/09/2024;2024-09-28;13/11/2024;CLI-0056;EMP-502;ENT-MTL;BD-1172;8;315,07;24,70;216,67;Représentant
CMD-101046;01/07/2024;10/07/2024;29-juil-24;CLI-0148;EMP-501;ENT-QC;BD-1057;2;26,24;12,10;19,26;Portail web
CMD-101846;2024-10-12;19/10/2024;05/12/2024;CLI-0191;EMP-504;ENT-QC;BD-1031;2;457,25;12,00;294,44;Courriel
CMD-102110;15/11/2024;2024-11-24;11/12/2024;CLI-0089;EMP-502;ENT-MTL;BD-1147;9;477,50;20,20;339,78;Téléphone
CMD-101412;28/08/2024;30/08/2024;2024-10-16;CLI-0074;EMP-507;ENT-SAG;BD-1003;8;229,15;23,20;188,61;Courriel
CMD-100045;13/01/2024;21-janv-24;22/01/2024;CLI-0159;EMP-502;ENT-QC;BD-1144;12;174,56;2,20;96,31;Portail web
CMD-101452;02/09/2024;2024-09-05;05/10/2024;CLI-0160;EMP-508;ENT-MTL;BD-1165;6;176,47;4,10;105,70;Représentant
CMD-100766;2024-05-22;26/05/2024;20/06/2024;CLI-0185;EMP-508;ENT-SAG;BD-1018;8;374,31;19,50;242,09;Représentant
CMD-100082;25/01/2024;02/02/2024;2024-03-20;CLI-0093;EMP-508;ENT-QC;BD-1130;3;504,38;10,60;317,23;Téléphone
CMD-100618;02/05/2024;05/05/2024;18/06/2024;CLI-0080;EMP-506;ENT-MTL;BD-1123;24;189,05;13,10;129,56;Téléphone
CMD-100358;2024-03-27;03/04/2024;12/05/2024;CLI-0123;EMP-501;ENT-MTL;BD-1103;8;192,89;15,30;151,66;Représentant
CMD-100688;13/05/2024;2024-05-20;28/06/2024;CLI-0116;EMP-509;ENT-QC;BD-1085;8;58,05;13,60;40,90;Téléphone
CMD-100969;19/06/2024;26/06/2024;2024-07-18;CLI-0059;EMP-504;ENT-QC;BD-1121;1;57,89;25,60;43,73;Représentant
CMD-101640;20/09/2024;2024-09-28;12/11/2024;CLI-0045;EMP-502;ENT-MTL;BD-1168;24;350,68;12,30;224,71;Représentant
CMD-100871;05/06/2024;09/06/2024;01/08/2024;CLI-0105;EMP-502;ENT-QC;BD-1028;8;225,47;4,60;140,77;Téléphone
CMD-100662;08/05/2024;15-mai-24;08/06/2024;CLI-0025;EMP-509;ENT-MTL;BD-1014;1;37,26;16,60;26,62;Représentant
CMD-101608;17/09/2024;2024-09-21;05/11/2024;CLI-0117;EMP-504;ENT-MTL;BD-1126;8;192,93;4,70;130,29;Représentant
CMD-100059;18/01/2024;26/01/2024;09/03/2024;CLI-0136;EMP-507;ENT-MTL;BD-1138;12;128,37;12,80;86,38;Téléphone
CMD-101162;26/07/2024;2024-07-30;20/09/2024;CLI-0132;EMP-507;ENT-MTL;BD-1114;2;213,86;15,30;149,59;Téléphone
CMD-100682;11/05/2024;14-mai-24;13/06/2024;CLI-0151;EMP-504;ENT-QC;BD-1036;4;248,07;3,40;159,06;Portail web
CMD-101766;03/10/2024;10/10/2024;2024-11-17;CLI-0021;EMP-501;ENT-SAG;BD-1135;12;66,96;8,70;39,89;Représentant
CMD-100453;2024-04-09;12/04/2024;20/04/2024;CLI-0056;EMP-502;ENT-QC;BD-1051;16;101,94;21,40;78,12;Représentant
CMD-101776;04/10/2024;06/10/2024;24/10/2024;CLI-0185;EMP-508;ENT-QC;BD-1036;5;207,31;19,30;159,06;Portail web
CMD-101498;06/09/2024;15/09/2024;23/10/2024;CLI-0130;EMP-508;ENT-SAG;BD-1128;16;113,93;21,40;77,25;Représentant
CMD-100445;08/04/2024;2024-04-16;26/05/2024;CLI-0137;EMP-503;ENT-MTL;BD-1178;8;162,82;20,70;116,97;Représentant
CMD-100495;15/04/2024;2024-04-18;10/06/2024;CLI-0143;EMP-503;ENT-MTL;BD-1017;6;494,72;12,20;307,26;Représentant
CMD-101090;2024-07-09;17/07/2024;04/08/2024;CLI-0088;EMP-504;ENT-SAG;BD-1041;12;212,08;16,30;159,88;Téléphone
CMD-102266;13/12/2024;16/12/2024;21-janv-25;CLI-0042;EMP-505;ENT-QC;BD-1053;8;282,79;13,60;176,84;Représentant
CMD-101139;22/07/2024;27/07/2024;2024-09-03;CLI-0099;EMP-505;ENT-MTL;BD-1117;7;111,55;24,70;98,28;Représentant
CMD-100138;09/02/2024;11/02/2024;20/02/2024;CLI-0056;EMP-502;ENT-SAG;BD-1068;6;425,55;24,50;284,28;Représentant
CMD-102084;2024-11-12;15/11/2024;13/12/2024;CLI-0185;EMP-508;ENT-QC;BD-1149;2;147,28;19,60;108,85;Portail web
CMD-101211;02/08/2024;05/08/2024;30-août-24;CLI-0212;EMP-507;ENT-QC;BD-1001;2;251,73;24,90;182,30;Représentant
CMD-100291;14/03/2024;21/03/2024;06-mai-24;CLI-0029;EMP-506;ENT-SAG;BD-1120;8;231,20;22,10;182,88;Portail web
CMD-100015;04/01/2024;10-janv-24;21/01/2024;CLI-0187;EMP-507;ENT-QC;BD-1051;4;109,44;15,60;78,12;Portail web
CMD-102230;2024-12-04;11/12/2024;19/01/2025;CLI-0159;EMP-502;ENT-MTL;BD-1067;1;40,33;3,10;23,77;Courriel
CMD-100045;13-janv-24;21/01/2024;22/01/2024;CLI-0159;EMP-502;ENT-QC;BD-1012;6;119,02;2,20;68,19;Représentant
CMD-101942;2024-10-23;01/11/2024;14/12/2024;CLI-0154;EMP-507;ENT-QC;BD-1101;2;91,18;16,00;62,94;Représentant
CMD-101527;10/09/2024;14/09/2024;19-oct-24;CLI-0160;EMP-508;ENT-QC;BD-1164;2;181,75;6,80;98,38;Portail web
CMD-102004;31/10/2024;06/11/2024;18/12/2024;CLI-0190;EMP-504;ENT-MTL;BD-1134;3;101,66;7,50;60,50;Représentant
CMD-101374;23/08/2024;2024-08-27;23/09/2024;CLI-0190;EMP-504;ENT-QC;BD-1019;6;279,47;7,20;170,21;Salon
CMD-101702;27-sept-24;01/10/2024;17/11/2024;CLI-0009;EMP-502;ENT-MTL;BD-1083;8;235,60;23,30;157,14;Portail web
CMD-100039;11/01/2024;16/01/2024;02/02/2024;CLI-0053;EMP-509;ENT-QC;BD-1111;8;189,64;14,40;145,84;Représentant
CMD-101513;09/09/2024;12/09/2024;14-oct-24;CLI-0099;EMP-505;ENT-SAG;BD-1042;12;361,22;18,20;261,53;Représentant
CMD-100526;18/04/2024;27/04/2024;04/06/2024;CLI-0108;EMP-503;ENT-QC;BD-1167;6;319,05;14,10;205,42;Portail web
CMD-101057;03/07/2024;2024-07-09;10/08/2024;CLI-0042;EMP-505;ENT-QC;BD-1128;4;120,79;16,60;77,25;Portail web
CMD-102119;18/11/2024;26/11/2024;2024-12-28;CLI-0116;EMP-509;ENT-SAG;BD-1099;8;414,63;16,50;287,66;Portail web
CMD-101411;27/08/2024;2024-08-31;22/10/2024;CLI-0031;EMP-509;ENT-MTL;BD-1018;6;413,61;11,00;242,09;Courriel
CMD-101354;20/08/2024;22/08/2024;18/09/2024;CLI-0062;EMP-507;ENT-QC;BD-1044;4;285,55;11,60;195,45;Courriel
CMD-100311;18/03/2024;23-mars-24;02/05/2024;CLI-0076;EMP-507;ENT-MTL;BD-1151;7;130,26;18,10;90,35;Représentant
CMD-101730;30/09/2024;09-oct-24;21/10/2024;CLI-0116;EMP-509;ENT-QC;BD-1064;1;105,48;15,80;69,43;Représentant
CMD-101289;13/08/2024;22/08/2024;14/10/2024;CLI-0130;EMP-508;ENT-QC;BD-1082;18;380,27;20,00;278,39;Téléphone
CMD-100894;10/06/2024;16-juin-24;28/07/2024;CLI-0054;EMP-507;ENT-QC;BD-1013;8;433,72;16,00;308,85;Téléphone
CMD-101745;02/10/2024;10/10/2024;2024-10-26;CLI-0029;EMP-506;ENT-SAG;BD-1073;18;368,30;18,10;255,00;Représentant
CMD-102155;2024-11-21;28/11/2024;31/12/2024;CLI-0062;EMP-507;ENT-QC;BD-1151;4;133,73;15,90;90,35;Représentant
CMD-100159;16/02/2024;21-févr-24;31/03/2024;CLI-0009;EMP-502;ENT-MTL;BD-1171;5;124,14;21,60;83,70;Représentant
CMD-100851;03/06/2024;08/06/2024;2024-07-19;CLI-0204;EMP-506;ENT-QC;BD-1052;12;293,05;4,60;179,27;Représentant
CMD-101628;19/09/2024;21/09/2024;2024-10-27;CLI-0019;EMP-502;ENT-MTL;BD-1050;1;467,43;7,30;291,69;Représentant
CMD-100383;29/03/2024;03/04/2024;21-avr-24;CLI-0118;EMP-504;ENT-QC;BD-1005;6;284,96;12,80;204,06;Courriel
CMD-101780;04/10/2024;09-oct-24;30/10/2024;CLI-0006;EMP-505;ENT-SAG;BD-1138;4;131,74;10,60;86,38;Portail web
CMD-100360;27/03/2024;02/04/2024;07-mai-24;CLI-0012;EMP-501;ENT-QC;BD-1025;54;180,38;22,90;146,28;Représentant
CMD-100997;25/06/2024;28/06/2024;2024-08-19;CLI-0037;EMP-504;ENT-QC;BD-1116;13;66,17;25,40;58,93;Représentant
CMD-100797;27/05/2024;31-mai-24;11/07/2024;CLI-0080;EMP-506;ENT-MTL;BD-1029;24;339,90;13,30;238,44;Téléphone
CMD-100205;28-févr-24;05/03/2024;15/04/2024;CLI-0109;EMP-501;ENT-MTL;BD-1167;8;349,32;5,90;205,42;Représentant
CMD-101144;22/07/2024;2024-07-27;04/09/2024;CLI-0040;EMP-509;ENT-QC;BD-1115;6;66,38;11,10;46,26;Téléphone
CMD-102246;09/12/2024;18-déc-24;15/01/2025;CLI-0038;EMP-507;ENT-MTL;BD-1097;4;318,60;13,40;210,05;Portail web
CMD-101036;29/06/2024;08/07/2024;05/08/2024;CLI-0050;EMP-502;ENT-QC;BD-1156;4;257,47;14,80;161,25;Téléphone
CMD-100395;2024-04-01;05/04/2024;16/05/2024;CLI-0060;EMP-508;ENT-MTL;BD-1038;2;512,50;7,10;313,36;Courriel
CMD-100089;27/01/2024;04-févr-24;04/03/2024;CLI-0053;EMP-509;ENT-SAG;BD-1107;4;187,29;15,00;147,44;Téléphone
CMD-100314;19/03/2024;23/03/2024;02/05/2024;CLI-0042;EMP-505;ENT-MTL;BD-1155;8;473,43;12,60;322,38;Portail web
CMD-100458;09/04/2024;14/04/2024;10/06/2024;CLI-0049;EMP-508;ENT-QC;BD-1110;2;250,92;11,60;178,91;Représentant
CMD-101895;18/10/2024;27/10/2024;08/11/2024;CLI-0077;EMP-501;ENT-QC;BD-1146;3;359,07;4,40;220,88;Représentant
CMD-101916;21/10/2024;24/10/2024;2024-11-26;CLI-0118;EMP-504;ENT-QC;BD-1085;2;59,59;11,30;40,90;Représentant
CMD-101182;30/07/2024;07-août-24;25/08/2024;CLI-0099;EMP-505;ENT-QC;BD-1021;5;285,25;21,60;201,55;Téléphone
CMD-100199;2024-02-27;04/03/2024;21/04/2024;CLI-0212;EMP-507;ENT-SAG;BD-1180;3;145,10;23,40;93,34;Représentant
CMD-102264;13-déc-24;15/12/2024;08/02/2025;CLI-0115;EMP-509;ENT-MTL;BD-1066;8;302,41;12,20;199,26;Portail web
CMD-102195;28/11/2024;2024-12-02;04/01/2025;CLI-0168;EMP-509;ENT-SAG;BD-1088;4;613,31;2,60;335,85;Portail web
CMD-100427;05/04/2024;2024-04-11;21/05/2024;CLI-0209;EMP-508;ENT-MTL;BD-1050;6;398,66;20,90;291,69;Représentant
CMD-100647;07/05/2024;2024-05-13;23/06/2024;CLI-0121;EMP-508;ENT-MTL;BD-1054;6;404,82;13,10;257,53;Courriel
CMD-102058;08/11/2024;14/11/2024;20/12/2024;CLI-0091;EMP-504;ENT-MTL;BD-1140;1;61,27;3,60;40,41;Représentant
CMD-100376;28/03/2024;2024-04-04;15/05/2024;CLI-0217;EMP-506;ENT-MTL;BD-1020;8;45,37;21,10;32,44;Courriel
CMD-101500;06/09/2024;12/09/2024;2024-10-22;CLI-0194;EMP-506;ENT-MTL;BD-1069;3;363,78;8,80;198,50;Portail web
CMD-100677;10/05/2024;13/05/2024;19/06/2024;CLI-0074;EMP-507;ENT-MTL;BD-1017;4;438,82;22,20;307,26;Représentant
CMD-100082;25/01/2024;2024-02-02;20/03/2024;CLI-0093;EMP-508;ENT-QC;BD-1154;4;477,71;10,60;323,13;Courriel
CMD-101944;24/10/2024;2024-10-31;13/11/2024;CLI-0076;EMP-507;ENT-QC;BD-1022;18;367,20;19,20;247,74;Représentant
CMD-100157;15/02/2024;2024-02-23;20/03/2024;CLI-0094;EMP-502;ENT-MTL;BD-1166;8;389,14;6,30;212,88;Téléphone
CMD-101953;25/10/2024;2024-10-28;30/11/2024;CLI-0053;EMP-509;ENT-MTL;BD-1022;1;398,19;12,40;247,74;Représentant
CMD-101482;04/09/2024;06/09/2024;31-oct-24;CLI-0056;EMP-502;ENT-QC;BD-1079;27;206,40;21,70;144,83;Représentant
CMD-100025;2024-01-08;15/01/2024;04/02/2024;CLI-0179;EMP-509;ENT-QC;BD-1124;3;242,13;5,00;150,61;Représentant
CMD-100618;02/05/2024;05/05/2024;2024-06-18;CLI-0080;EMP-506;ENT-MTL;BD-1020;8;49,95;13,10;32,44;Salon
CMD-102318;2024-12-28;03/01/2025;01/02/2025;CLI-0130;EMP-508;ENT-SAG;BD-1146;17;306,11;18,50;220,88;Représentant
CMD-101370;22/08/2024;25/08/2024;2024-09-30;CLI-0095;EMP-505;ENT-QC;BD-1032;3;508,02;7,20;339,97;Représentant
CMD-102052;2024-11-07;11/11/2024;07/01/2025;CLI-0197;EMP-507;ENT-MTL;BD-1100;4;518,70;3,30;306,44;Représentant
CMD-102048;06/11/2024;10/11/2024;2024-12-06;CLI-0185;EMP-508;ENT-MTL;BD-1181;6;484,25;22,50;305,97;Portail web
CMD-100147;13/02/2024;20/02/2024;2024-03-28;CLI-0124;EMP-509;ENT-SAG;BD-1173;24;373,57;6,30;207,98;Représentant
CMD-101901;2024-10-18;25/10/2024;24/11/2024;CLI-0044;EMP-505;ENT-MTL;BD-1150;0;558,16;10,80;339,92;Représentant
CMD-100938;14/06/2024;18/06/2024;18-juil-24;CLI-0056;EMP-502;ENT-MTL;BD-1028;7;178,59;24,50;140,77;Téléphone
CMD-100915;2024-06-12;14/06/2024;09/08/2024;CLI-0009;EMP-502;ENT-MTL;BD-1015;15;410,05;22,80;318,69;Courriel
CMD-101030;28/06/2024;01/07/2024;05/08/2024;CLI-0141;EMP-502;ENT-QC;BD-1123;4;184,10;15,40;129,56;Portail web
CMD-101462;2024-09-03;07/09/2024;17/10/2024;CLI-0094;EMP-502;ENT-SAG;BD-1110;12;264,93;6,70;178,91;Portail web
CMD-102318;28/12/2024;03/01/2025;01/02/2025;CLI-0130;EMP-508;ENT-SAG;BD-1100;25;437,31;18,50;306,44;Représentant
CMD-100127;07/02/2024;12/02/2024;2024-03-26;CLI-0031;EMP-509;ENT-MTL;BD-1165;4;156,74;14,80;105,70;Représentant
CMD-101291;13-août-24;17/08/2024;17/09/2024;CLI-0148;EMP-501;ENT-QC;BD-1041;6;223,64;11,80;159,88;Téléphone
CMD-100894;2024-06-10;16/06/2024;28/07/2024;CLI-0054;EMP-507;ENT-QC;BD-1116;8;74,50;16,00;58,93;Représentant
CMD-102235;05/12/2024;11-déc-24;19/01/2025;CLI-0116;EMP-509;ENT-QC;BD-1095;1;88,58;14,60;53,64;Représentant
CMD-100628;2024-05-03;05/05/2024;05/07/2024;CLI-0095;EMP-505;ENT-QC;BD-1035;1;47,32;2,20;30,00;Représentant
CMD-101669;24/09/2024;01/10/2024;20-nov-24;CLI-0144;EMP-502;ENT-SAG;BD-1056;3;420,26;14,60;287,11;Courriel
CMD-100826;30/05/2024;04/06/2024;2024-07-23;CLI-0116;EMP-509;ENT-MTL;BD-1105;6;218,90;15,50;166,12;Portail web
CMD-102150;21/11/2024;23/11/2024;27-déc-24;CLI-0009;EMP-502;ENT-SAG;BD-1098;12;342,84;22,20;257,11;Représentant
CMD-101303;00/00/0000;19/08/2024;19-oct-24;CLI-0057;EMP-507;ENT-MTL;BD-1015;8;473,58;10,80;318,69;Portail web
CMD-101491;06/09/2024;13/09/2024;;CLI-0053;EMP-509;ENT-MTL;BD-1048;3;45,59;11,00;32,82;Représentant
CMD-101055;2024-07-02;04/07/2024;04/08/2024;CLI-0212;EMP-507;ENT-SAG;BD-1116;8;66,81;24,70;58,93;Téléphone
CMD-100502;15/04/2024;2024-04-24;23/04/2024;CLI-0078;EMP-504;ENT-SAG;BD-1037;1;28,34;5,30;16,31;Téléphone
CMD-101779;04/10/2024;08/10/2024;2024-11-12;CLI-0136;EMP-507;ENT-QC;BD-1043;1;473,99;10,20;294,10;Téléphone
CMD-101835;11-oct-24;19/10/2024;30/11/2024;CLI-0012;EMP-501;ENT-SAG;BD-1144;66;137,13;23,20;96,31;Téléphone
CMD-101176;29/07/2024;2024-08-07;;CLI-0185;EMP-508;ENT-QC;BD-1111;5;169,25;23,60;145,84;Téléphone
CMD-100558;24/04/2024;02/05/2024;23/05/2024;CLI-0056;EMP-502;ENT-SAG;BD-1097;7;286,56;22,10;210,05;Téléphone
CMD-100443;08/04/2024;17/04/2024;2024-06-11;CLI-0220;EMP-506;ENT-QC;BD-1061;4;100,20;15,20;75,23;Téléphone
CMD-100991;2024-06-24;28/06/2024;19/08/2024;CLI-0028;EMP-509;ENT-QC;BD-1036;12;239,83;6,60;159,06;Courriel
CMD-102290;2024-12-19;21/12/2024;12/01/2025;CLI-0063;EMP-503;ENT-MTL;BD-1137;2;36,54;14,60;25,06;Représentant
CMD-102055;07-nov-24;12/11/2024;21/12/2024;CLI-0130;EMP-508;ENT-MTL;BD-1147;8;472,44;21,00;339,78;Portail web
CMD-101046;01/07/2024;2024-07-10;29/07/2024;CLI-0148;EMP-501;ENT-QC;BD-1020;3;50,53;12,10;32,44;Représentant
CMD-101493;06/09/2024;11/09/2024;09/10/2024;CLI-0137;EMP-503;ENT-MTL;BD-1054;12;379,98;18,40;257,53;Représentant
CMD-100454;09/04/2024;13/04/2024;29-mai-24;CLI-0042;EMP-505;ENT-QC;BD-1060;1;332,36;16,00;241,90;Portail web
CMD-102000;31/10/2024;06/11/2024;22-déc-24;CLI-0046;EMP-508;ENT-QC;BD-1038;8;520,75;5,60;313,36;Représentant
CMD-101018;27/06/2024;05/07/2024;2024-08-30;CLI-0037;EMP-504;ENT-QC;BD-1114;17;198,49;21,40;149,59;Téléphone
CMD-102136;19/11/2024;24/11/2024;21/12/2024;CLI-0089;EMP-502;ENT-QC;BD-1106;3;396,33;25,30;333,09;Portail web
CMD-101847;12/10/2024;20/10/2024;2024-11-26;CLI-0185;EMP-508;ENT-QC;BD-1130;2;439,93;22,10;317,23;N/A
CMD-101549;11/09/2024;13/09/2024;2024-10-07;CLI-0212;EMP-507;ENT-MTL;BD-1170;16;27,61;21,50;16,60;Téléphone
CMD-101306;14/08/2024;2024-08-18;29/08/2024;CLI-0217;EMP-506;ENT-MTL;BD-1014;2;33,90;24,10;26,62;Portail web
CMD-102283;2024-12-18;27/12/2024;14/02/2025;CLI-0076;EMP-507;ENT-SAG;BD-1169;25;441,86;23,40;276,47;Salon
CMD-101005;26/06/2024;03/07/2024;2024-07-16;CLI-0009;EMP-502;ENT-SAG;BD-1006;19;266,79;20,30;178,72;Portail web
CMD-102020;01/11/2024;06/11/2024;2024-12-19;CLI-0031;EMP-509;ENT-QC;BD-1138;3;122,45;16,90;86,38;Représentant
CMD-101129;19-juil-24;24/07/2024;30/08/2024;CLI-0197;EMP-507;ENT-SAG;BD-1020;12;55,81;2,90;32,44;Représentant
CMD-101325;2024-08-16;23/08/2024;22/10/2024;CLI-0200;EMP-509;ENT-QC;BD-1041;8;221,78;12,50;159,88;Représentant
CMD-100071;22-janv-24;31/01/2024;23/02/2024;CLI-0089;EMP-502;ENT-QC;BD-1137;48;32,62;23,80;25,06;Salon
CMD-101350;20/08/2024;2024-08-26;29/09/2024;CLI-0049;EMP-508;ENT-MTL;BD-1025;6;207,02;11,50;146,28;Représentant
CMD-100498;15/04/2024;20/04/2024;2024-05-15;CLI-0061;EMP-503;ENT-MTL;BD-1166;4;348,55;16,10;212,88;Portail web
CMD-100223;2024-03-04;12/03/2024;;CLI-0042;EMP-505;ENT-QC;BD-1172;4;351,81;16,00;216,67;Téléphone
CMD-100833;30/05/2024;2024-06-02;25/06/2024;CLI-0212;EMP-507;ENT-QC;BD-1159;9;232,37;19,60;166,16;Téléphone
CMD-102029;04/11/2024;10/11/2024;09/01/2025;CLI-0049;EMP-508;ENT-MTL;BD-1001;2;290,16;13,40;182,30;Représentant
CMD-100319;2024-03-19;26/03/2024;24/04/2024;CLI-0006;EMP-505;ENT-MTL;BD-1026;4;373,39;14,80;241,74;Salon
CMD-100179;21/02/2024;2024-02-28;31/03/2024;CLI-0041;EMP-508;ENT-SAG;BD-1162;2;117,19;14,50;66,97;Téléphone
CMD-100603;01/05/2024;2024-05-05;10/06/2024;CLI-0212;EMP-507;ENT-MTL;BD-1013;17;408,27;20,90;308,85;Représentant
CMD-101600;2024-09-16;21/09/2024;23/10/2024;CLI-0146;EMP-503;ENT-QC;BD-1091;1;472,11;16,90;279,07;Portail web
CMD-101791;07/10/2024;12-oct-24;27/10/2024;CLI-0204;EMP-506;ENT-SAG;BD-1093;3;217,05;3,00;132,18;Représentant
CMD-101850;14/10/2024;19/10/2024;2024-11-06;CLI-0070;EMP-503;ENT-MTL;BD-1163;4;590,82;3,70;294,58;Portail web
CMD-101094;2024-07-10;14/07/2024;16/08/2024;CLI-0111 ;EMP-507;ENT-QC;BD-1005;3;309,17;5,40;204,06;Téléphone
CMD-100190;26/02/2024;2024-02-29;28/04/2024;CLI-0009;EMP-502;ENT-MTL;BD-1093;8;177,84;20,50;132,18;Représentant
CMD-100005;01-janv-24;04/01/2024;29/01/2024;CLI-0112;EMP-505;ENT-MTL;BD-1134;6;92,06;16,30;60,50;Représentant
CMD-101811;09/10/2024;18/10/2024;2024-11-20;CLI-0063;EMP-503;ENT-MTL;BD-1152;4;417,65;13,20;265,82;Représentant
CMD-101851;14/10/2024;17/10/2024;2024-11-18;CLI-0118;EMP-504;ENT-SAG;BD-1135;4;65,87;10,20;39,89;Courriel
CMD-101483;04/09/2024;10-sept-24;05/10/2024;CLI-0059;EMP-504;ENT-QC;BD-1166;6;331,68;20,20;212,88;Portail web
CMD-101311;00/00/0000;24/08/2024;18/09/2024;CLI-0134;EMP-509;ENT-SAG;BD-1164;24;186,33;4,40;98,38;Portail web
CMD-102110;15/11/2024;2024-11-24;11/12/2024;CLI-0089;EMP-502;ENT-MTL;BD-1147;9;477,50;20,20;339,78;Téléphone
CMD-101568;12/09/2024;17/09/2024;31/10/2024;CLI-0006;EMP-505;ENT-QC;BD-1060;3;354,95;10,30;241,90;Représentant
CMD-100593;30-avr-24;08/05/2024;17/06/2024;CLI-0130;EMP-508;ENT-QC;BD-1119;7;73,61;19,80;58,44;Portail web
CMD-100784;2024-05-24;28/05/2024;02/07/2024;CLI-0154;EMP-507;ENT-MTL;BD-1045;8;116,81;10,90;76,76;Portail web
CMD-101708;27/09/2024;30/09/2024;29-oct-24;CLI-0056;EMP-502;ENT-MTL;BD-1047;7;79,43;25,50;70,06;Représentant
CMD-101509;2024-09-09;17/09/2024;18/10/2024;CLI-0130;EMP-508;ENT-QC;BD-1066;8;263,53;23,50;199,26;Représentant
CMD-101851;2024-10-14;17/10/2024;18/11/2024;CLI-0118;EMP-504;ENT-SAG;BD-1070;6;68,45;10,20;39,88;Représentant
CMD-101253;2024-08-08;16/08/2024;04/10/2024;CLI-0106;EMP-501;ENT-QC;BD-1021;4;302,17;16,90;201,55;Représentant
CMD-101131;19/07/2024;24/07/2024;2024-09-09;CLI-0035;EMP-503;ENT-QC;BD-1058;3;215,16;12,10;146,46;Courriel
CMD-101546;11/09/2024;15/09/2024;25/10/2024;CLI-0188;EMP-506;ENT-SAG;BD-1029;4;334,16;14,70;238,44;Représentant
CMD-100739;18/05/2024;23/05/2024;25/06/2024;CLI-0125;EMP-509;ENT-MTL;BD-1125;6;421,97;4,10;285,25;Téléphone
CMD-100142;12/02/2024;18/02/2024;2024-04-04;CLI-0137;EMP-503;ENT-QC;BD-1171;26;127,21;19,60;83,70;Portail web
CMD-100616;02/05/2024;2024-05-10;05/06/2024;CLI-0127;EMP-503;ENT-QC;BD-1017;4;494,59;12,30;307,26;Représentant
CMD-100436;06/04/2024;09/04/2024;24-mai-24;CLI-0115;EMP-509;ENT-MTL;BD-1038;6;466,14;15,50;313,36;Portail web
CMD-100468;11/04/2024;17/04/2024;2024-05-14;CLI-0029;EMP-506;ENT-MTL;BD-1159;11;236,09;18,30;166,16;Représentant
CMD-100820;29/05/2024;02/06/2024;2024-07-19;CLI-0132;EMP-507;ENT-MTL;BD-1109;12;408,43;11,20;303,82;Représentant
CMD-100778;23/05/2024;26/05/2024;2024-06-21;CLI-0102;EMP-506;ENT-MTL;BD-1091;3;543,60;4,30;279,07;Téléphone
CMD-102098;14/11/2024;23/11/2024;04/12/2024;CLI-0196;EMP-506;ENT-MTL;BD-1072;6;382,85;3,30;196,62;Représentant
CMD-102012;31/10/2024;09/11/2024;2024-12-15;CLI-0208;EMP-507;ENT-SAG;BD-1078;2;318,85;16,80;197,64;Téléphone
CMD-101447;02-sept-24;04/09/2024;11/10/2024;CLI-0127;EMP-503;ENT-QC;BD-1044;4;270,95;16,10;195,45;Courriel
CMD-100999;25-juin-24;28/06/2024;15/07/2024;CLI-0212;EMP-507;ENT-QC;BD-1058;6;197,04;19,50;146,46;Téléphone
CMD-100654;2024-05-08;15/05/2024;18/06/2024;CLI-0217;EMP-506;ENT-MTL;BD-1054;39;375,18;19,50;257,53;Représentant
CMD-100283;13/03/2024;16/03/2024;2024-05-10;CLI-0017;EMP-507;ENT-SAG;BD-1123;8;187,44;13,80;129,56;Représentant
CMD-101519;10-sept-24;18/09/2024;02/10/2024;CLI-0032;EMP-504;ENT-MTL;BD-1144;2;169,71;4,90;96,31;Courriel
CMD-100634;06/05/2024;13/05/2024;;CLI-0154;EMP-507;ENT-SAG;BD-1124;1;223,03;12,50;150,61;Représentant
CMD-100294;2024-03-14;23/03/2024;28/04/2024;CLI-0073;EMP-501;ENT-SAG;BD-1044;3;290,38;10,10;195,45;Représentant
CMD-100827;2024-05-30;04/06/2024;06/07/2024;CLI-0103;EMP-502;ENT-SAG;BD-1058;4;238,29;2,70;146,46;Représentant
CMD-101087;08/07/2024;2024-07-17;17/08/2024;CLI-0012;EMP-501;ENT-QC;BD-1126;11;149,86;26,00;130,29;Représentant
CMD-101834;11/10/2024;2024-10-13;25/11/2024;CLI-0159;EMP-502;ENT-MTL;BD-1084;8;558,41;3,80;312,00;Représentant
CMD-101084;08/07/2024;12-juil-24;11/08/2024;CLI-0139;EMP-506;ENT-QC;BD-1049;4;48,09;12,00;30,58;Portail web
CMD-101672;24/09/2024;28-sept-24;03/11/2024;CLI-0033;EMP-504;ENT-SAG;BD-1045;8;111,54;14,90;76,76;Courriel
CMD-101992;30/10/2024;07/11/2024;15-déc-24;CLI-0156;EMP-502;ENT-SAG;BD-1097;6;345,14;6,20;210,05;Portail web
CMD-102171;25-nov-24;02/12/2024;10/01/2025;CLI-0216;EMP-503;ENT-SAG;BD-1008;1;216,05;7,60;128,94;Portail web
CMD-102081;2024-11-12;14/11/2024;16/12/2024;CLI-0006;EMP-505;ENT-SAG;BD-1140;2;55,85;12,10;40,41;Représentant
CMD-101291;13/08/2024;17-août-24;17/09/2024;CLI-0148;EMP-501;ENT-QC;BD-1041;4;223,64;11,80;159,88;Représentant
CMD-101857;15/10/2024;19/10/2024;10/11/2024;CLI-0207;EMP-501;ENT-QC;BD-1138;12;139,28;5,40;86,38;Salon
CMD-101505;2024-09-07;15/09/2024;20/10/2024;CLI-0208;EMP-507;ENT-QC;BD-1151;4;138,28;13,00;90,35;Représentant
CMD-101835;11/10/2024;19/10/2024;30/11/2024;CLI-0012;EMP-501;ENT-SAG;BD-1164;19;149,77;23,20;98,38;Représentant
CMD-101567;12/09/2024;2024-09-18;14/11/2024;CLI-0153;EMP-507;ENT-QC;BD-1049;8;48,80;10,70;30,58;Représentant
CMD-100179;21/02/2024;28/02/2024;31/03/2024;CLI-0041;EMP-508;ENT-SAG;BD-1151;8;135,94;14,50;90,35;Représentant
CMD-102243;07/12/2024;2024-12-09;17/01/2025;CLI-0111;EMP-507;ENT-MTL;BD-1077;2;331,99;2,90;167,57;Portail web
CMD-101888;17/10/2024;2024-10-21;11/12/2024;CLI-0158;EMP-507;ENT-SAG;BD-1044;6;304,91;5,60;195,45;Représentant
CMD-100610;01/05/2024;10/05/2024;2024-06-08;CLI-0210;EMP-503;ENT-MTL;BD-1017;2;515,17;8,60;307,26;Représentant
CMD-100016;04-janv-24;13/01/2024;16/02/2024;CLI-0082;EMP-504;ENT-QC;BD-1137;3;39,27;8,30;25,06;Téléphone
CMD-100083;2024-01-25;30/01/2024;29/03/2024;CLI-0185;EMP-508;ENT-SAG;BD-1156;11;225,89;25,20;161,25;Représentant
CMD-101072;2024-07-05;13/07/2024;25/08/2024;CLI-0025;EMP-509;ENT-QC;BD-1024;3;280,40;16,10;185,46;Portail web
CMD-101096;11/07/2024;17/07/2024;12-août-24;CLI-0047;EMP-508;ENT-MTL;BD-1126;2;179,89;11,10;130,29;Portail web
CMD-100623;03/05/2024;2024-05-11;13/06/2024;cli-0195;EMP-506;ENT-QC;BD-1009;4;90,53;13,90;66,28;Courriel
CMD-100228;04/03/2024;11-mars-24;20/04/2024;CLI-0153;EMP-507;ENT-SAG;BD-1159;2;241,40;16,50;166,16;Courriel
CMD-101381;2024-08-23;26/08/2024;02/10/2024;CLI-0009;EMP-502;ENT-QC;BD-1001;17;271,99;18,90;182,30;Téléphone
CMD-100055;17/01/2024;22/01/2024;21/02/2024;CLI-0155;EMP-506;ENT-SAG;BD-1127;3;251,40;16,50;170,72;Téléphone
CMD-100365;27/03/2024;2024-03-31;;CLI-0198;EMP-504;ENT-QC;BD-1133;1;95,60;5,70;61,66;Courriel
CMD-100912;12/06/2024;18/06/2024;2024-07-26;CLI-0103;EMP-502;ENT-MTL;BD-1061;3;111,74;5,40;75,23;Représentant
CMD-100441;2024-04-08;12/04/2024;25/04/2024;CLI-0099;EMP-505;ENT-QC;BD-1053;23;266,51;18,50;176,84;Représentant
CMD-102038;05/11/2024;2024-11-14;03/01/2025;CLI-0056;EMP-502;ENT-QC;BD-1031;9;423,62;18,40;294,44;Téléphone
CMD-100409;03/04/2024;09/04/2024;2024-05-10;CLI-0112;EMP-505;ENT-SAG;BD-1028;4;210,47;11,00;140,77;Courriel
CMD-101061;03/07/2024;09-juil-24;;CLI-0141;EMP-502;ENT-MTL;BD-1126;3;172,80;14,60;130,29;Téléphone
CMD-101499;06/09/2024;13-sept-24;10/10/2024;CLI-0002;EMP-509;ENT-MTL;BD-1031;4;475,83;8,40;294,44;Portail web
CMD-101235;2024-08-06;13/08/2024;13/09/2024;CLI-0108;EMP-503;ENT-MTL;BD-1009;6;88,51;15,80;66,28;Représentant
CMD-101594;16/09/2024;22/09/2024;2024-10-29;CLI-0172;EMP-502;ENT-MTL;BD-1050;6;493,53;2,10;291,69;Représentant
CMD-100098;31/01/2024;02-févr-24;28/02/2024;CLI-0089;EMP-502;ENT-MTL;BD-1033;20;148,83;20,60;110,89;Représentant
CMD-100664;2024-05-08;14/05/2024;10/06/2024;CLI-0148;EMP-501;ENT-QC;BD-1154;4;476,88;10,80;323,13;Téléphone
CMD-101761;2024-10-03;06/10/2024;12/11/2024;CLI-0032;EMP-504;ENT-QC;BD-1071;6;502,51;5,90;301,72;Représentant
CMD-100118;05/02/2024;09-févr-24;25/03/2024;CLI-0088;EMP-504;ENT-QC;BD-1113;12;354,62;17,00;276,01;Téléphone
CMD-100341;22/03/2024;26/03/2024;30-avr-24;CLI-0200;EMP-509;ENT-QC;BD-1106;3;460,12;13,30;333,09;Représentant
CMD-100392;2024-04-01;09/04/2024;22/04/2024;CLI-0004;EMP-505;ENT-QC;BD-1022;3;440,74;3,00;247,74;Portail web
CMD-101390;26/08/2024;29-août-24;17/09/2024;CLI-0002;EMP-509;ENT-QC;BD-1064;3;116,41;7,10;69,43;Courriel
CMD-102137;19-nov-24;26/11/2024;19/12/2024;CLI-0099;EMP-505;ENT-SAG;BD-1181;2;508,94;18,50;305,97;Portail web
CMD-101063;03/07/2024;12/07/2024;2024-09-05;CLI-0038;EMP-507;ENT-QC;BD-1109;4;404,52;12,10;303,82;Courriel
CMD-101968;2024-10-28;30/10/2024;17/12/2024;CLI-0183;EMP-506;ENT-QC;BD-1133;4;95,38;5,90;61,66;Salon
CMD-100859;03-juin-24;10/06/2024;23/07/2024;CLI-0043;EMP-506;ENT-MTL;BD-1103;12;196,92;13,60;151,66;Téléphone
CMD-100144;12/02/2024;2024-02-18;;CLI-0084;EMP-503;ENT-SAG;BD-1018;4;415,57;10,60;242,09;Représentant
CMD-101724;30/09/2024;06/10/2024;06/11/2024;CLI-0181;EMP-504;ENT-QC;BD-1164;4;180,76;7,30;98,38;Portail web
CMD-101389;26/08/2024;2024-09-01;13/10/2024;CLI-0207;EMP-501;ENT-SAG;BD-1006;6;305,96;8,60;178,72;Téléphone
CMD-101451;02/09/2024;09/09/2024;2024-11-01;CLI-0037;EMP-504;ENT-MTL;BD-1124;9;194,48;23,70;150,61;Courriel
CMD-102260;11-déc-24;19/12/2024;04/01/2025;CLI-0199;EMP-504;ENT-QC;BD-1139;2;309,17;13,80;198,93;Représentant
CMD-101880;17/10/2024;22-oct-24;;CLI-0136;EMP-507;ENT-SAG;BD-1150;2;522,49;16,50;339,92;Représentant
CMD-100398;2024-04-01;03/04/2024;25/04/2024;CLI-0176;EMP-503;ENT-QC;BD-1038;8;517,29;6,30;313,36;Représentant
CMD-102315;2024-12-27;31/12/2024;06/02/2025;CLI-0214;EMP-508;ENT-MTL;BD-1127;3;290,53;3,60;170,72;Représentant
CMD-102204;29/11/2024;2024-12-04;07/01/2025;CLI-0133;EMP-508;ENT-QC;BD-1132;24;165,99;16,40;125,81;Portail web
CMD-101099;11/07/2024;20/07/2024;2024-08-18;CLI-0184;EMP-503;ENT-QC;BD-1122;24;314,70;7,80;208,30;Représentant
CMD-100298;15/03/2024;23/03/2024;06-avr-24;CLI-0082;EMP-504;ENT-MTL;BD-1019;2;277,24;7,90;170,21;Représentant
CMD-100616;02/05/2024;2024-05-10;05/06/2024;CLI-0127;EMP-503;ENT-QC;BD-1173;1;349,75;12,30;207,98;Portail web
CMD-101185;31/07/2024;04/08/2024;2024-08-17;CLI-0206;EMP-503;ENT-MTL;BD-1037;8;26,42;11,70;16,31;Représentant
CMD-101281;12/08/2024;20/08/2024;2024-09-26;CLI-0188;EMP-506;ENT-MTL;BD-1032;12;474,37;13,30;339,97;Téléphone
CMD-101042;01/07/2024;05/07/2024;2024-07-26;CLI-0033;EMP-504;ENT-MTL;BD-1003;2;251,02;15,80;188,61;Représentant
CMD-100641;2024-05-07;13/05/2024;26/06/2024;CLI-0090;EMP-505;ENT-QC;BD-1042;2;373,92;15,30;261,53;Représentant
CMD-101350;20/08/2024;26-août-24;29/09/2024;CLI-0049;EMP-508;ENT-MTL;BD-1027;6;405,59;11,50;249,72;Représentant
CMD-101593;16/09/2024;24/09/2024;23/10/2024;CLI-0201;EMP-504;ENT-MTL;BD-1099;3;477,34;3,90;287,66;Représentant
CMD-101478;2024-09-04;13/09/2024;17/10/2024;CLI-0009;EMP-502;ENT-QC;BD-1179;6;326,20;24,40;226,59;Représentant
CMD-101558;2024-09-12;20/09/2024;;CLI-0043;EMP-506;ENT-MTL;BD-1062;3;159,20;11,40;112,54;Représentant
CMD-101230;05/08/2024;12/08/2024;14-sept-24;CLI-0211;EMP-504;ENT-QC;BD-1175;8;151,24;10,90;94,86;Téléphone
CMD-100193;26/02/2024;2024-03-01;28/03/2024;CLI-0026;EMP-506;ENT-QC;BD-1159;2;245,06;15,20;166,16;Portail web
CMD-101933;23/10/2024;2024-10-30;01/12/2024;CLI-0099;EMP-505;ENT-MTL;BD-1156;9;239,94;20,60;161,25;Représentant
CMD-101341;2024-08-19;23/08/2024;20/10/2024;CLI-0009;EMP-502;ENT-MTL;BD-1014;9;36,24;18,90;26,62;Portail web
CMD-100482;2024-04-11;20/04/2024;29/04/2024;CLI-0088;EMP-504;ENT-SAG;BD-1015;12;443,68;16,40;318,69;Représentant
CMD-101434;30/08/2024;2024-09-05;08/10/2024;CLI-0083;EMP-507;ENT-QC;BD-1182;24;103,60;4,80;56,87;Portail web
CMD-101475;04-sept-24;06/09/2024;27/09/2024;CLI-0212;EMP-507;ENT-MTL;BD-1067;8;31,10;25,20;23,77;Portail web
CMD-102150;21/11/2024;2024-11-23;27/12/2024;CLI-0009;EMP-502;ENT-SAG;BD-1136;76;161,46;22,20;110,14;Téléphone
CMD-100743;20/05/2024;27-mai-24;02/08/2024;CLI-0029;EMP-506;ENT-MTL;BD-1032;11;423,46;22,60;339,97;Représentant
CMD-100403;02-avr-24;05/04/2024;19/05/2024;CLI-0067;EMP-502;ENT-MTL;BD-1069;6;336,50;15,60;198,50;
CMD-101923;22/10/2024;27/10/2024;17-nov-24;CLI-0189;EMP-501;ENT-SAG;BD-1146;4;367,47;2,20;220,88;Téléphone
CMD-101828;11/10/2024;20-oct-24;20/11/2024;CLI-0017;EMP-507;ENT-MTL;BD-1143;3;319,96;14,70;215,92;Portail web
CMD-101807;08/10/2024;13/10/2024;21/10/2024;CLI-0172;EMP-502;ENT-QC;BD-1155;4;529,28;2,30;322,38;Téléphone
CMD-102080;12/11/2024;2024-11-14;13/12/2024;CLI-0047;EMP-508;ENT-QC;BD-1071;3;447,08;16,20;301,72;Représentant
CMD-101889;17/10/2024;23/10/2024;22/11/2024;CLI-0037;EMP-504;ENT-SAG;BD-1149;2;138,50;24,40;108,85;Portail web
CMD-100811;2024-05-29;07/06/2024;19/07/2024;CLI-0205;EMP-505;ENT-MTL;BD-1110;3;258,86;8,80;178,91;Représentant
CMD-102022;01/11/2024;04-nov-24;15/12/2024;CLI-0212;EMP-507;ENT-MTL;BD-1091;26;435,85;23,30;279,07;Représentant
CMD-100693;2024-05-13;21/05/2024;;CLI-0170;EMP-504;ENT-SAG;BD-1111;2;213,14;3,80;145,84;Représentant
CMD-100765;22/05/2024;24/05/2024;29-juin-24;CLI-0187;EMP-507;ENT-QC;BD-1105;4;223,41;13,80;166,12;Représentant
CMD-100196;26/02/2024;2024-03-04;21/03/2024;CLI-0147;EMP-506;ENT-MTL;BD-1097;3;340,30;7,50;210,05;Téléphone
CMD-101370;2024-08-22;25/08/2024;30/09/2024;CLI-0095;EMP-505;ENT-QC;BD-1101;12;100,69;7,20;62,94;Courriel
CMD-101762;03/10/2024;07/10/2024;2024-12-03;CLI-0038;EMP-507;ENT-SAG;BD-1087;12;347,13;10,00;211,22;Portail web
CMD-100336;22/03/2024;28/03/2024;2024-04-26;CLI-0054;EMP-507;ENT-SAG;BD-1071;6;473,85;11,20;301,72;Téléphone
CMD-101947;24/10/2024;29/10/2024;2024-12-08;CLI-0062;EMP-507;ENT-QC;BD-1085;1;59,61;11,30;40,90;Représentant
CMD-100054;2024-01-17;20/01/2024;11/03/2024;CLI-0163;EMP-505;ENT-QC;BD-1063;1;341,92;7,20;242,15;Représentant
CMD-100664;2024-05-08;14/05/2024;10/06/2024;CLI-0148;EMP-501;ENT-QC;BD-1105;24;231,12;10,80;166,12;Téléphone
CMD-101071;04/07/2024;2024-07-13;18/08/2024;CLI-0127;EMP-503;ENT-MTL;BD-1176;8;525,63;16,60;322,02;Représentant
CMD-101778;2024-10-04;13/10/2024;14/11/2024;CLI-0056;EMP-502;ENT-QC;BD-1174;10;239,90;18,70;165,53;Téléphone
CMD-101092;09/07/2024;15/07/2024;2024-09-01;CLI-0012;EMP-501;ENT-QC;BD-1017;9;454,62;19,40;307,26;Courriel
CMD-101300;14/08/2024;17-août-24;03/09/2024;CLI-0041;EMP-508;ENT-QC;BD-1040;2;389,85;11,50;268,77;Représentant
CMD-101328;16/08/2024;2024-08-20;12/09/2024;CLI-0124;EMP-509;ENT-QC;BD-1004;4;250,55;8,60;155,56;Représentant
CMD-101380;23/08/2024;28/08/2024;29-sept-24;CLI-0068;EMP-505;ENT-QC;BD-1158;24;341,03;2,40;180,81;Portail web
CMD-101229;05/08/2024;08/08/2024;2024-09-14;CLI-0081;EMP-502;ENT-MTL;BD-1005;2;271,76;16,90;204,06;Représentant
CMD-101703;27/09/2024;2024-10-02;;CLI-0038;EMP-507;ENT-QC;BD-1050;1;432,49;14,20;291,69;Représentant
CMD-100464;10-avr-24;19/04/2024;23/05/2024;CLI-0172;EMP-502;ENT-SAG;BD-1109;3;432,24;6,00;303,82;Représentant
CMD-101339;19/08/2024;26/08/2024;30/09/2024;CLI-0162;EMP-508;ENT-MTL;BD-1035;6;42,49;12,20;30,00;Courriel
CMD-101958;26/10/2024;02/11/2024;2024-11-30;CLI-0044;EMP-505;ENT-SAG;BD-1142;6;136,84;16,10;98,85;Portail web
CMD-100479;11/04/2024;2024-04-20;26/05/2024;CLI-0076;EMP-507;ENT-MTL;BD-1051;9;102,47;21,00;78,12;Salon
CMD-101589;14/09/2024;16/09/2024;2024-10-24;CLI-0210;EMP-503;ENT-MTL;BD-1010;3;154,36;5,30;87,08;Représentant
CMD-100412;03/04/2024;05/04/2024;2024-06-07;CLI-0009;EMP-502;ENT-SAG;BD-1046;17;379,23;20,50;308,91;Courriel
CMD-102049;06/11/2024;2024-11-14;19/12/2024;CLI-0123;EMP-501;ENT-MTL;BD-1090;4;81,75;14,70;57,58;Représentant
CMD-101701;2024-09-27;29/09/2024;11/11/2024;CLI-0009;EMP-502;ENT-QC;BD-1046;9;376,23;21,20;308,91;Téléphone
CMD-101595;2024-09-16;18/09/2024;11/10/2024;CLI-0056;EMP-502;ENT-MTL;BD-1069;15;305,12;23,50;198,50;Portail web
CMD-100581;2024-04-27;03/05/2024;08/06/2024;CLI-0144;EMP-502;ENT-QC;BD-1059;3;473,59;10,20;324,94;Salon
CMD-100960;2024-06-18;24/06/2024;07/07/2024;CLI-0204;EMP-506;ENT-MTL;BD-1016;8;393,24;4,90;219,41;Représentant
CMD-100947;15/06/2024;24-juin-24;25/07/2024;CLI-0139;EMP-506;ENT-QC;BD-1113;1;375710,00;12,00;276,01;Téléphone
CMD-101189;31/07/2024;07-août-24;16/09/2024;CLI-0089;EMP-502;ENT-QC;BD-1061;2;87,79;25,70;75,23;Représentant
CMD-101809;09/10/2024;2024-10-13;30/10/2024;CLI-0076;EMP-507;ENT-MTL;BD-1127;11;226,26;24,90;170,72;Représentant
CMD-100279;13/03/2024;2024-03-20;05/04/2024;CLI-0093;EMP-508;ENT-MTL;BD-1127;1;268,44;10,90;170,72;Courriel
CMD-101960;26/10/2024;31/10/2024;10/12/2024;CLI-0103;EMP-502;ENT-MTL;BD-1102;6;458,32;5,50;255,33;Représentant
CMD-102170;25/11/2024;27-nov-24;21/12/2024;CLI-0074;EMP-507;ENT-QC;BD-1172;15;339,02;19,00;216,67;Téléphone
CMD-101487;2024-09-06;09/09/2024;09/10/2024;CLI-0009;EMP-502;ENT-QC;BD-1035;5;37,78;21,90;30,00;Représentant
CMD-100997;25/06/2024;28/06/2024;19-août-24;CLI-0037;EMP-504;ENT-QC;BD-1014;25;33,35;25,40;26,62;Représentant
CMD-101366;22/08/2024;2024-08-26;;  CLI-0139;EMP-506;ENT-QC;BD-1042;2;369,95;16,20;261,53;Portail web
CMD-101540;11/09/2024;2024-09-20;03/11/2024;CLI-0203;EMP-503;ENT-QC;BD-1041;8;230,76;9,00;159,88;Téléphone
CMD-101644;20/09/2024;29/09/2024;18-nov-24;CLI-0125;EMP-509;ENT-QC;BD-1047;24;97,49;8,50;70,06;Portail web
CMD-100557;24/04/2024;26-avr-24;01/06/2024;CLI-0067;EMP-502;ENT-QC;BD-1011;1;465,48;11,40;288,46;Représentant
CMD-101669;24/09/2024;01/10/2024;2024-11-20;CLI-0144;EMP-502;ENT-SAG;BD-1180;2;161,79;14,60;93,34;Représentant
CMD-101943;24/10/2024;28/10/2024;2024-12-03;CLI-0182;EMP-503;ENT-QC;BD-1145;4;164,96;10,40;108,83;Salon
CMD-101841;11/10/2024;2024-10-18;27/10/2024;CLI-0065;EMP-504;ENT-MTL;BD-1038;6;536,25;2,80;313,36;Représentant
CMD-100990;24/06/2024;03/07/2024;20-août-24;CLI-0042;EMP-505;ENT-MTL;BD-1035;3;40,45;16,40;30,00;Téléphone
CMD-101646;21/09/2024;30-sept-24;22/10/2024;CLI-0080;EMP-506;ENT-MTL;BD-1164;4;165,11;15,30;98,38;Téléphone
CMD-100318;19/03/2024;2024-03-24;16/05/2024;CLI-0153;EMP-507;ENT-MTL;BD-1158;12;294,35;15,80;180,81;Représentant
CMD-100017;05/01/2024;09/01/2024;2024-02-20;CLI-0035;EMP-503;ENT-MTL;BD-1132;4;167,09;15,90;125,81;Représentant
CMD-100707;14/05/2024;2024-05-21;17/06/2024;CLI-0112;EMP-505;ENT-QC;BD-1020;6;50,84;11,50;32,44;Représentant
CMD-101589;14/09/2024;16/09/2024;24-oct-24;CLI-0210;EMP-503;ENT-MTL;BD-1084;12;549,80;5,30;312,00;Représentant
CMD-102012;31-oct-24;09/11/2024;15/12/2024;CLI-0208;EMP-507;ENT-SAG;BD-1098;6;366,65;16,80;257,11;Courriel
CMD-100887;07/06/2024;10/06/2024;2024-07-14;CLI-0157;EMP-502;ENT-MTL;BD-1121;2;65,35;16,10;43,73;Représentant
CMD-100393;01-avr-24;09/04/2024;30/04/2024;CLI-0149;EMP-501;ENT-MTL;BD-1159;6;277,38;4,00;166,16;Portail web
CMD-101408;27-août-24;31/08/2024;07/10/2024;CLI-0212;EMP-507;ENT-MTL;BD-1058;7;186,21;23,90;146,46;Salon
CMD-102050;07/11/2024;10/11/2024;18/12/2024;CLI-0040;EMP-509;ENT-SAG;BD-1018;8;402,23;13,50;242,09;Téléphone
CMD-100530;19-avr-24;28/04/2024;02/06/2024;CLI-0099;EMP-505;ENT-SAG;BD-1051;6;97,17;25,10;78,12;Téléphone
CMD-100951;17/06/2024;19-juin-24;07/08/2024;CLI-0188;EMP-506;ENT-QC;BD-1114;24;215,48;14,70;149,59;Téléphone
CMD-102096;14/11/2024;20/11/2024;21/01/2025;CLI-0199;EMP-504;ENT-MTL;BD-1141;6;418,12;16,20;307,78;Courriel
CMD-101047;2024-07-01;09/07/2024;05/08/2024;CLI-0196;EMP-506;ENT-MTL;BD-1059;1;496,51;5,80;324,94;Téléphone
CMD-100117;05-févr-24;14/02/2024;07/03/2024;CLI-0032;EMP-504;ENT-MTL;BD-1004;3;266,41;2,80;155,56;Téléphone
CMD-102278;2024-12-17;26/12/2024;;CLI-0045;EMP-502;ENT-MTL;BD-1134;6;97,85;11,00;60,50;Représentant
CMD-101338;2024-08-19;26/08/2024;29/09/2024;CLI-0137;EMP-503;ENT-MTL;BD-1052;30;248,14;19,20;179,27;Représentant
CMD-101683;31/02/2024;28/09/2024;20/10/2024;CLI-0088;EMP-504;ENT-MTL;BD-1077;6;297,60;13,00;167,57;Représentant
CMD-100743;20/05/2024;2024-05-27;02/08/2024;CLI-0029;EMP-506;ENT-MTL;BD-1059;2;407,94;22,60;324,94;Téléphone
CMD-101893;18/10/2024;24/10/2024;16-nov-24;CLI-0037;EMP-504;ENT-MTL;BD-1086;13;110,53;19,80;80,72;Téléphone
CMD-101202;01/08/2024;05/08/2024;2024-08-28;CLI-0127;EMP-503;ENT-MTL;BD-1032;24;478,24;12,60;339,97;Représentant
CMD-101372;23/08/2024;29/08/2024;2024-10-06;CLI-0209;EMP-508;ENT-MTL;BD-1057;9;22,99;23,00;19,26;Représentant
CMD-101938;23/10/2024;25/10/2024;04/12/2024;CLI-0171;EMP-507;ENT-QC;BD-1127;1;290,97;3,40;170,72;Portail web
CMD-101124;18/07/2024;27-juil-24;20/08/2024;CLI-0137;EMP-503;ENT-QC;BD-1172;13;312,21;25,40;216,67;Portail web
CMD-100979;20/06/2024;25/06/2024;25-juil-24;CLI-0056;EMP-502;ENT-QC;BD-1045;5;107,17;18,20;76,76;Portail web
CMD-100084;25-janv-24;03/02/2024;20/03/2024;CLI-0063;EMP-503;ENT-MTL;BD-1018;3;404,03;13,10;242,09;Portail web
CMD-101185;31-juil-24;04/08/2024;17/08/2024;CLI-0206;EMP-503;ENT-MTL;BD-1013;3;455,88;11,70;308,85;Représentant
CMD-102043;06/11/2024;2024-11-08;14/12/2024;CLI-0173;EMP-508;ENT-QC;BD-1074;24;174,24;10,30;108,27;Téléphone
CMD-100062;19-janv-24;27/01/2024;05/03/2024;CLI-0116;EMP-509;ENT-SAG;BD-1058;12;207,49;15,30;146,46;Représentant
CMD-101854;14/10/2024;18/10/2024;2024-11-13;CLI-0200;EMP-509;ENT-QC;BD-1155;3;486,70;10,20;322,38;Représentant
CMD-101710;2024-09-27;04/10/2024;29/10/2024;CLI-0026;EMP-506;ENT-QC;BD-1039;12;171,16;13,50;119,66;Portail web
CMD-100321;20/03/2024;23/03/2024;15-mai-24;CLI-0037;EMP-504;ENT-SAG;BD-1182;2;85,87;21,10;56,87;Représentant
CMD-100776;23/05/2024;2024-05-28;26/07/2024;CLI-0089;EMP-502;ENT-MTL;BD-1108;33;209,60;23,30;166,46;Salon
CMD-100384;29/03/2024;04-avr-24;15/05/2024;CLI-0141;EMP-502;ENT-SAG;BD-1142;2;144,96;11,10;98,85;Représentant
CMD-100819;29/05/2024;2024-06-06;05/07/2024;CLI-0006;EMP-505;ENT-SAG;BD-1123;3;189,57;12,80;129,56;Téléphone
CMD-100088;26/01/2024;2024-02-02;10/03/2024;CLI-0139;EMP-506;ENT-QC;BD-1129;3;62,06;13,70;45,49;Portail web
CMD-100064;2024-01-19;28/01/2024;02/03/2024;CLI-0012;EMP-501;ENT-MTL;BD-1181;7;487,95;21,90;305,97;Représentant
CMD-100705;2024-05-14;20/05/2024;22/06/2024;CLI-0138;EMP-506;ENT-MTL;BD-1053;8;313,45;4,20;176,84;Représentant
CMD-100579;27/04/2024;02/05/2024;09-juin-24;CLI-0205;EMP-505;ENT-QC;BD-1060;3;363,90;8,10;241,90;Courriel
CMD-100629;03/05/2024;12/05/2024;2024-06-07;CLI-0099;EMP-505;ENT-MTL;BD-1111;3;171,18;22,70;145,84;Portail web
CMD-101516;10/09/2024;2024-09-15;18/10/2024;CLI-0149;EMP-501;ENT-QC;BD-1161;4;129,22;4,30;62,84;N/A
CMD-101658;23/09/2024;30/09/2024;2024-10-25;CLI-0019;EMP-502;ENT-QC;BD-1043;1;482,27;8,60;294,10;Représentant
CMD-100631;04/05/2024;2024-05-09;18/06/2024;CLI-0076;EMP-507;ENT-QC;BD-1109;8;365,80;20,50;303,82;Téléphone
CMD-102030;04/11/2024;12/11/2024;2025-01-04;CLI-0206;EMP-503;ENT-MTL;BD-1177;2;351,02;13,90;211,22;Portail web
CMD-102304;25-déc-24;30/12/2024;11/02/2025;CLI-0035;EMP-503;ENT-MTL;BD-1090;24;84,99;11,30;57,58;Représentant
CMD-101905;19/10/2024;27/10/2024;30/11/2024;CLI-0050;EMP-502;ENT-QC;BD-1088;4;547,15;13,10;335,85;Salon
CMD-102214;29-nov-24;08/12/2024;05/01/2025;CLI-0054;EMP-507;ENT-QC;BD-1148;6;389,30;15,40;296,06;Représentant
CMD-102136;19-nov-24;24/11/2024;21/12/2024;CLI-0089;EMP-502;ENT-QC;BD-1072;45;295,63;25,30;196,62;Téléphone
CMD-101346;19/08/2024;25/08/2024;2024-10-04;CLI-0111;EMP-507;ENT-MTL;BD-1022;12;423,36;6,80;247,74;Courriel
CMD-102067;09/11/2024;18/11/2024;2024-12-13;CLI-0008;EMP-506;ENT-QC;BD-1144;6;174,26;2,40;96,31;Représentant
CMD-101399;27/08/2024;04/09/2024;2024-10-14;CLI-0012;EMP-501;ENT-SAG;BD-1042;5;361,05;18,20;261,53;Portail web
CMD-100720;16/05/2024;20/05/2024;2024-06-13;CLI-0056;EMP-502;ENT-MTL;BD-1056;10;374,71;23,80;287,11;Portail web
CMD-101913;21/10/2024;23/10/2024;29-nov-24;CLI-0156;EMP-502;ENT-QC;BD-1066;4;321,14;6,80;199,26;Téléphone
CMD-100974;19/06/2024;23/06/2024;26/07/2024;CLI-0089;EMP-502;ENT-QC;BD-1059;19;429,47;18,60;324,94;Représentant
CMD-100362;27/03/2024;02/04/2024;2024-04-30;CLI-0037;EMP-504;ENT-QC;BD-1180;10;146,37;22,70;93,34;Téléphone
CMD-101096;11/07/2024;2024-07-17;12/08/2024;CLI-0047;EMP-508;ENT-MTL;BD-1051;24;115,25;11,10;78,12;Courriel
CMD-100425;05/04/2024;2024-04-10;22/04/2024;CLI-0058;EMP-508;ENT-MTL;BD-1168;2;369,59;7,60;224,71;Portail web
CMD-100567;25-avr-24;02/05/2024;;CLI-0205;EMP-505;ENT-QC;BD-1006;8;326,52;2,50;178,72;Représentant
CMD-100720;16/05/2024;20/05/2024;2024-06-13;CLI-0056;EMP-502;ENT-MTL;BD-1062;2;136,90;23,80;112,54;Courriel
CMD-100811;29/05/2024;07/06/2024;19-juil-24;CLI-0205;EMP-505;ENT-MTL;BD-1105;6;236,20;8,80;166,12;Courriel
CMD-102208;29/11/2024;01/12/2024;2024-12-24;CLI-0037;EMP-504;ENT-MTL;BD-1093;23;176,56;21,10;132,18;Portail web
CMD-100956;18/06/2024;23/06/2024;16-juil-24;CLI-0074;EMP-507;ENT-MTL;BD-1126;3;152,91;24,50;130,29;Portail web
CMD-101806;2024-10-08;10/10/2024;10/11/2024;CLI-0035;EMP-503;ENT-QC;BD-1139;4;321,08;10,50;198,93;Téléphone
CMD-102099;14/11/2024;20/11/2024;12-déc-24;CLI-0075;EMP-506;ENT-QC;BD-1140;2;58,02;8,70;40,41;Portail web
CMD-101763;03/10/2024;2024-10-09;20/10/2024;CLI-0090;EMP-505;ENT-QC;BD-1091;1;477,61;15,90;279,07;Représentant
CMD-101607;17/09/2024;20/09/2024;2024-10-25;CLI-0076;EMP-507;ENT-QC;BD-1156;14;231,78;23,30;161,25;Représentant
CMD-101401;27-août-24;05/09/2024;;CLI-0012;EMP-501;ENT-QC;BD-1041;26;198,83;21,60;159,88;Représentant
CMD-100688;13/05/2024;20/05/2024;28/06/2024;CLI-0116;EMP-509;ENT-QC;BD-1054;8;402,49;13,60;257,53;Représentant
CMD-102060;08/11/2024;14/11/2024;07/01/2025;CLI-0185;EMP-508;ENT-MTL;BD-1180;35;151,17;20,20;93,34;Portail web
CMD-100883;07/06/2024;14/06/2024;2024-07-19;CLI-0093;EMP-508;ENT-QC;BD-1016;4;354,17;14,30;219,41;Représentant
CMD-100533;19/04/2024;24/04/2024;2024-05-29;CLI-0052;EMP-504;ENT-MTL;BD-1164;1;165,54;15,10;98,38;Téléphone
CMD-100473;11-avr-24;15/04/2024;14/05/2024;CLI-0182;EMP-503;ENT-MTL;BD-1182;6;94,18;13,50;56,87;Représentant
CMD-101516;10/09/2024;15/09/2024;18-oct-24;CLI-0149;EMP-501;ENT-QC;BD-1075;2;96,41;4,30;59,74;Téléphone
CMD-101159;24/07/2024;01/08/2024;14-sept-24;CLI-0137;EMP-503;ENT-MTL;BD-1164;18;156,91;19,50;98,38;Portail web
CMD-100163;16/02/2024;2024-02-20;30/03/2024;CLI-0050;EMP-502;ENT-QC;BD-1163;4;549,77;10,40;294,58;Représentant
CMD-101722;30/09/2024;2024-10-03;10/11/2024;CLI-0141;EMP-502;ENT-QC;BD-1041;6;223,71;11,80;159,88;Représentant
CMD-101225;05/08/2024;08/08/2024;;CLI-0067;EMP-502;ENT-QC;BD-1002;6;400,36;14,50;292,58;Représentant
CMD-101897;2024-10-18;23/10/2024;26/11/2024;CLI-0062;EMP-507;ENT-MTL;BD-1002;8;389,80;16,80;292,58;Téléphone
CMD-102187;2024-11-27;06/12/2024;18/01/2025;CLI-0043;EMP-506;ENT-QC;BD-1091;2;488,85;13,90;279,07;Portail web
CMD-100078;24/01/2024;01/02/2024;2024-02-16;CLI-0059;EMP-504;ENT-QC;BD-1076;26;435,73;22,30;281,11;Courriel
CMD-102097;2024-11-14;23/11/2024;19/12/2024;CLI-0037;EMP-504;ENT-SAG;BD-1093;2;177,55;20,70;132,18;Représentant
CMD-101420;29/08/2024;31-août-24;17/10/2024;CLI-0007;EMP-508;ENT-MTL;BD-1032;6;526,16;3,90;339,97;Portail web
CMD-102316;27/12/2024;29/12/2024;24-févr-25;CLI-0050;EMP-502;ENT-MTL;BD-1065;1;215,52;13,60;128,81;Représentant
CMD-100757;21/05/2024;29-mai-24;11/06/2024;CLI-0210;EMP-503;ENT-QC;BD-1001;3;320,87;4,30;182,30;Représentant
CMD-101517;2024-09-10;19/09/2024;06/10/2024;CLI-0177;EMP-505;ENT-QC;BD-1057;8;29,16;2,30;19,26;Courriel
CMD-101182;2024-07-30;07/08/2024;25/08/2024;CLI-0099;EMP-505;ENT-QC;BD-1180;8;148,50;21,60;93,34;Représentant
CMD-101619;18/09/2024;25/09/2024;12/11/2024;CLI-0056;EMP-502;ENT-MTL;BD-1064;19;98,80;21,10;69,43;Représentant
CMD-101295;14/08/2024;16/08/2024;2024-10-15;CLI-0174;EMP-502;ENT-MTL;BD-1162;1;133,84;2,30;66,97;Portail web
CMD-101989;30/10/2024;01/11/2024;2024-12-06;CLI-0209;EMP-508;ENT-QC;BD-1180;21;141,76;25,10;93,34;Représentant
CMD-101687;2024-09-26;02/10/2024;24/11/2024;CLI-0006;EMP-505;ENT-QC;BD-1050;2;423,33;16,00;291,69;Portail web
CMD-100397;01/04/2024;06/04/2024;05-mai-24;CLI-0131;EMP-502;ENT-MTL;BD-1141;8;435,41;12,80;307,78;N/A
CMD-100746;2024-05-20;28/05/2024;26/06/2024;CLI-0093;EMP-508;ENT-SAG;BD-1058;1;218,39;10,80;146,46;Portail web
CMD-101560;12/09/2024;17/09/2024;2024-11-18;CLI-0055;EMP-506;ENT-SAG;BD-1094;4;188,28;7,60;121,74;Portail web
CMD-100216;01/03/2024;10/03/2024;21-avr-24;CLI-0020;EMP-508;ENT-SAG;BD-1132;4;183,83;7,40;125,81;Portail web
CMD-101610;17/09/2024;20/09/2024;15-nov-24;CLI-0053;EMP-509;ENT-SAG;BD-1071;6;458,23;14,10;301,72;Téléphone
CMD-102280;2024-12-17;24/12/2024;24/01/2025;CLI-0148;EMP-501;ENT-MTL;BD-1037;3;26,52;11,40;16,31;Représentant
CMD-100473;2024-04-11;15/04/2024;14/05/2024;CLI-0182;EMP-503;ENT-MTL;BD-1096;8;256,19;13,50;170,74;Téléphone
CMD-100575;26/04/2024;03/05/2024;2024-06-13;CLI-0009;EMP-502;ENT-QC;BD-1020;24;42,90;25,30;32,44;Représentant
CMD-101436;30/08/2024;03/09/2024;2024-10-07;CLI-0141;EMP-502;ENT-MTL;BD-1056;4;414,64;15,70;287,11;Portail web
CMD-102031;04/11/2024;12/11/2024;22-déc-24;CLI-0009;EMP-502;ENT-QC;BD-1084;-2;435,89;24,90;312,00;Portail web
CMD-100277;2024-03-12;17/03/2024;19/04/2024;CLI-0047;EMP-508;ENT-MTL;BD-1165;3;160,27;12,90;105,70;Téléphone
CMD-102023;01/11/2024;05/11/2024;2024-12-11;CLI-0059;EMP-504;ENT-SAG;BD-1165;12;141,64;23,00;105,70;Courriel
CMD-101862;15/10/2024;19/10/2024;2024-12-11;CLI-0179;EMP-509;ENT-SAG;BD-1074;6;182,01;6,30;108,27;Représentant
CMD-100860;04/06/2024;06/06/2024;08-juil-24;CLI-0118;EMP-504;ENT-QC;BD-1114;8;211,56;16,20;149,59;Salon
CMD-101588;2024-09-14;19/09/2024;16/10/2024;CLI-0074;EMP-507;ENT-QC;BD-1037;12;23,10;22,80;16,31;Portail web
CMD-102283;2024-12-18;27/12/2024;14/02/2025;CLI-0076;EMP-507;ENT-SAG;BD-1145;14;141,09;23,40;108,83;Représentant
CMD-101210;02/08/2024;11-août-24;16/09/2024;CLI-0004;EMP-505;ENT-QC;BD-1033;12;183,44;2,10;110,89;Représentant
CMD-102324;31/12/2024;03-janv-25;;CLI-0162;EMP-508;ENT-MTL;BD-1174;1;262,89;10,90;165,53;Représentant
CMD-100072;22/01/2024;25/01/2024;2024-02-03;CLI-0220;EMP-506;ENT-QC;BD-1117;2;127,96;13,60;98,28;Salon
CMD-100430;05/04/2024;12/04/2024;2024-05-03;CLI-0033;EMP-504;ENT-SAG;BD-1050;4;422,83;16,10;291,69;Représentant
CMD-100662;2024-05-08;15/05/2024;08/06/2024;CLI-0025;EMP-509;ENT-MTL;BD-1126;8;168,79;16,60;130,29;Portail web
CMD-101487;06/09/2024;09/09/2024;2024-10-09;CLI-0009;EMP-502;ENT-QC;BD-1083;75;239,92;21,90;157,14;Courriel
CMD-101775;2024-10-04;07/10/2024;18/10/2024;CLI-0009;EMP-502;ENT-MTL;BD-1090;19;71,42;25,50;57,58;Téléphone
CMD-100807;28/05/2024;2024-06-02;02/07/2024;CLI-0196;EMP-506;ENT-MTL;BD-1016;1;376,16;9,00;219,41;Téléphone
CMD-100809;2024-05-28;03/06/2024;18/06/2024;CLI-0035;EMP-503;ENT-QC;BD-1011;6;454,90;13,40;288,46;Représentant
CMD-101852;14/10/2024;17/10/2024;2024-12-04;CLI-0129;EMP-508;ENT-SAG;BD-1139;2;347,97;3,00;198,93;Représentant
CMD-102156;2024-11-21;25/11/2024;19/12/2024;CLI-0054;EMP-507;ENT-QC;BD-1139;2;306,11;14,70;198,93;Portail web
CMD-101369;22/08/2024;24/08/2024;27-sept-24;CLI-0072;EMP-501;ENT-MTL;BD-1161;8;113,01;16,30;62,84;Représentant
CMD-101493;06-sept-24;11/09/2024;09/10/2024;CLI-0137;EMP-503;ENT-MTL;BD-1049;7;44,56;18,40;30,58;Représentant
CMD-101872;16/10/2024;25/10/2024;2024-12-07;CLI-0025;EMP-509;ENT-QC;BD-1160;4;68,11;13,50;40,71;Représentant
CMD-101360;21/08/2024;2024-08-28;27/09/2024;CLI-0074;EMP-507;ENT-SAG;BD-1164;5;157,50;19,20;98,38;Téléphone
CMD-101329;2024-08-16;21/08/2024;25/09/2024;CLI-0139;EMP-506;ENT-SAG;BD-1111;12;184,72;16,60;145,84;Salon
CMD-100392;2024-04-01;09/04/2024;22/04/2024;CLI-0004;EMP-505;ENT-QC;BD-1037;6;29,02;3,00;16,31;Salon
CMD-100125;2024-02-07;11/02/2024;25/03/2024;CLI-0114;EMP-502;ENT-MTL;BD-1175;2;162,12;4,50;94,86;Représentant
CMD-101832;11/10/2024;16/10/2024;08/12/2024;CLI-0217;EMP-506;ENT-SAG;BD-1151;11;126,48;20,50;90,35;Courriel
CMD-100166;17/02/2024;25/02/2024;13-mars-24;CLI-0137;EMP-503;ENT-QC;BD-1173;15;319,89;19,80;207,98;Téléphone
CMD-100877;06/06/2024;09/06/2024;2024-06-30;CLI-0173;EMP-508;ENT-QC;BD-1125;1;385,99;12,30;285,25;Portail web
CMD-100530;19/04/2024;28/04/2024;2024-06-02;CLI-0099;EMP-505;ENT-SAG;BD-1036;8;192,41;25,10;159,06;Portail web
CMD-100545;22/04/2024;30-avr-24;13/07/2024;CLI-0144;EMP-502;ENT-QC;BD-1053;3;272,63;16,70;176,84;Portail web
CMD-101734;01/10/2024;09/10/2024;29/10/2024;CLI-0019;EMP-502;ENT-QC;BD-1082;4;436,61;8,10;278,39;Téléphone
CMD-101115;16/07/2024;25-juil-24;01/09/2024;CLI-0117;EMP-504;ENT-QC;BD-1014;1;42,36;5,20;26,62;Portail web
CMD-101359;21/08/2024;24/08/2024;2024-08-29;CLI-0213;EMP-508;ENT-QC;BD-1179;3;396,16;8,20;226,59;Portail web
CMD-100112;02/02/2024;07/02/2024;2024-02-27;CLI-0116;EMP-509;ENT-MTL;BD-1175;2;147,87;12,90;94,86;Représentant
CMD-101744;02/10/2024;2024-10-05;11/11/2024;CLI-0217;EMP-506;ENT-QC;BD-1130;8;428,78;24,00;317,23;Représentant
CMD-102208;29/11/2024;01/12/2024;2024-12-24;CLI-0037;EMP-504;ENT-MTL;BD-1037;2;23,61;21,10;16,31;Portail web
CMD-102276;16/12/2024;25/12/2024;2025-02-02;CLI-0022;EMP-506;ENT-MTL;BD-1136;6;203,45;2,00;110,14;Portail web
CMD-102119;18/11/2024;26/11/2024;28-déc-24;CLI-0116;EMP-509;ENT-SAG;BD-1136;3;173,39;16,50;110,14;Représentant
CMD-101608;17/09/2024;21/09/2024;2024-11-05;CLI-0117;EMP-504;ENT-MTL;BD-1037;4;28,52;4,70;16,31;Représentant
CMD-101740;2024-10-01;05/10/2024;31/10/2024;CLI-0143;EMP-503;ENT-QC;BD-1095;6;90,35;12,90;53,64;Portail web
CMD-100051;16/01/2024;18/01/2024;07/03/2024;CLI-0208;EMP-507;ENT-SAG;BD-1132;2;169,19;14,80;125,81;Salon
CMD-101986;29/10/2024;31/10/2024;11-déc-24;CLI-0085;EMP-503;ENT-SAG;BD-1132;2;185,23;6,70;125,81;Représentant
CMD-100254;2024-03-08;14/03/2024;25/04/2024;CLI-0158;EMP-507;ENT-QC;BD-1125;3;410,99;6,60;285,25;Représentant
CMD-100478;11/04/2024;13/04/2024;28/05/2024;CLI-0165;EMP-507;ENT-SAG;BD-1050;-6;485,00;3,80;291,69;Représentant
CMD-100639;06/05/2024;13/05/2024;14/06/2024;CLI-0042;EMP-505;ENT-MTL;BD-1118;6;417,16;16,10;336,11;Portail web
CMD-102299;23/12/2024;01/01/2025;21-janv-25;CLI-0029;EMP-506;ENT-QC;BD-1055;46;257,55;21,60;209,35;Portail web
CMD-102001;2024-10-31;03/11/2024;24/11/2024;CLI-0021;EMP-501;ENT-MTL;BD-1007;3;100,25;3,00;55,96;Représentant
CMD-100536;19/04/2024;27/04/2024;25-mai-24;CLI-0123;EMP-501;ENT-MTL;BD-1161;1;117,48;13,00;62,84;Courriel
CMD-100106;2024-02-01;03/02/2024;21/02/2024;CLI-0118;EMP-504;ENT-SAG;BD-1161;2;114,44;15,30;62,84;Téléphone
CMD-101506;07/09/2024;12/09/2024;2024-10-31;CLI-0130;EMP-508;ENT-SAG;BD-1064;9;94,08;24,90;69,43;Représentant
CMD-100846;31/05/2024;2024-06-05;08/07/2024;CLI-0068;EMP-505;ENT-MTL;BD-1040;3;416,87;5,40;268,77;Portail web
CMD-102288;18/12/2024;20/12/2024;14/02/2025;CLI-0132;EMP-507;ENT-SAG;BD-1090;3;81,71;14,70;57,58;Portail web
CMD-100935;14/06/2024;17/06/2024;04-août-24;CLI-0009;EMP-502;ENT-SAG;BD-1099;23;371,82;25,10;287,66;Portail web
CMD-100118;05/02/2024;2024-02-09;25/03/2024;CLI-0088;EMP-504;ENT-QC;BD-1113;8;354,62;17,00;276,01;Représentant
CMD-101528;2024-09-10;17/09/2024;31/10/2024;CLI-0047;EMP-508;ENT-QC;BD-1037;1;26,15;12,60;16,31;Représentant
CMD-101374;23/08/2024;27-août-24;23/09/2024;CLI-0190;EMP-504;ENT-QC;BD-1094;24;189,26;7,20;121,74;Téléphone
CMD-100652;07/05/2024;16/05/2024;13-juin-24;CLI-0009;EMP-502;ENT-QC;BD-1110;14;211,15;25,60;178,91;Représentant
CMD-100224;04-mars-24;12/03/2024;16/04/2024;CLI-0120;EMP-509;ENT-SAG;BD-1165;8;171,94;6,60;105,70;Représentant
CMD-101891;18/10/2024;2024-10-22;26/11/2024;CLI-0052;EMP-504;ENT-MTL;BD-1156;2;268,24;11,20;161,25;Portail web
CMD-102091;13/11/2024;2024-11-20;28/12/2024;CLI-0127;EMP-503;ENT-QC;BD-1068;2;490,09;13,10;284,28;Téléphone
CMD-101583;13/09/2024;17/09/2024;2024-11-07;CLI-0151;EMP-504;ENT-QC;BD-1068;3;545,33;3,30;284,28;Représentant
CMD-102319;30/12/2024;04/01/2025;13-févr-25;CLI-0209;EMP-508;ENT-QC;BD-1106;15;400,93;24,40;333,09;Téléphone
CMD-101083;08-juil-24;12/07/2024;30/08/2024;CLI-0047;EMP-508;ENT-QC;BD-1118;2;441,47;11,20;336,11;Portail web
CMD-101305;14/08/2024;23/08/2024;15-sept-24;CLI-0057;EMP-507;ENT-SAG;BD-1057;6;26,55;11,00;19,26;Représentant
CMD-100459;2024-04-09;16/04/2024;01/06/2024;CLI-0067;EMP-502;ENT-MTL;BD-1045;1;113,22;13,60;76,76;Téléphone
CMD-100819;29/05/2024;06-juin-24;05/07/2024;CLI-0006;EMP-505;ENT-SAG;BD-1107;1;191,98;12,80;147,44;Représentant
CMD-101499;06/09/2024;13/09/2024;10-oct-24;CLI-0002;EMP-509;ENT-MTL;BD-1071;1;488,92;8,40;301,72;Téléphone
CMD-101718;30/09/2024;05/10/2024;28-oct-24;CLI-0200;EMP-509;ENT-QC;BD-1145;6;159,46;13,40;108,83;Courriel
CMD-101372;2024-08-23;29/08/2024;06/10/2024;CLI-0209;EMP-508;ENT-MTL;BD-1026;3;337,71;23,00;241,74;Représentant
CMD-101819;09/10/2024;2024-10-13;08/11/2024;CLI-0084;EMP-503;ENT-MTL;BD-1066;3;309,15;10,30;199,26;Représentant
CMD-102081;2024-11-12;14/11/2024;16/12/2024;CLI-0006;EMP-505;ENT-SAG;BD-1179;1;379,37;12,10;226,59;Représentant
CMD-101003;26/06/2024;30-juin-24;05/08/2024;CLI-0089;EMP-502;ENT-QC;BD-1175;24;126,14;25,70;94,86;Représentant
CMD-100203;27/02/2024;05-mars-24;28/03/2024;CLI-0217;EMP-506;ENT-MTL;BD-1144;9;140,55;21,30;96,31;Courriel
CMD-100983;21/06/2024;25/06/2024;2024-07-17;CLI-0050;EMP-502;ENT-MTL;BD-1064;3;107,26;14,40;69,43;Courriel
CMD-101288;2024-08-13;18/08/2024;14/09/2024;CLI-0158;EMP-507;ENT-MTL;BD-1024;3;325,19;2,70;185,46;Téléphone
CMD-100404;02/04/2024;06/04/2024;2024-05-21;CLI-0038;EMP-507;ENT-MTL;BD-1161;6;121,38;10,10;62,84;Représentant
CMD-100782;24/05/2024;31/05/2024;2024-06-30;CLI-0098;EMP-509;ENT-QC;BD-1047;1;97,67;8,40;70,06;Représentant
CMD-101188;31/07/2024;08/08/2024;23/08/2024;CLI-0166;EMP-503;ENT-MTL;BD-1051;6;108,63;16,20;78,12;Représentant
CMD-100538;20/04/2024;23/04/2024;2024-06-18;CLI-0109;EMP-501;ENT-MTL;BD-1106;2;499,97;5,80;333,09;Courriel
CMD-101958;26/10/2024;02/11/2024;2024-11-30;CLI-0044;EMP-505;ENT-SAG;BD-1104;2;92,86;16,10;75,12;Téléphone
CMD-102226;03-déc-24;06/12/2024;09/01/2025;CLI-0076;EMP-507;ENT-SAG;BD-1142;10;121,76;25,30;98,85;Courriel
CMD-101042;01/07/2024;05-juil-24;26/07/2024;CLI-0033;EMP-504;ENT-MTL;BD-1144;3;150,29;15,80;96,31;Portail web
CMD-102304;2024-12-25;30/12/2024;11/02/2025;CLI-0035;EMP-503;ENT-MTL;BD-1113;2;378,64;11,30;276,01;Portail web
CMD-101545;2024-09-11;14/09/2024;15/11/2024;CLI-0017;EMP-507;ENT-QC;BD-1080;6;279,59;15,40;173,12;Portail web
CMD-101930;2024-10-23;28/10/2024;06/12/2024;CLI-0063;EMP-503;ENT-MTL;BD-1021;6;310,39;14,70;201,55;Portail web
CMD-101057;03/07/2024;2024-07-09;10/08/2024;CLI-0042;EMP-505;ENT-QC;BD-1126;6;168,78;16,60;130,29;Représentant
CMD-100120;06/02/2024;2024-02-10;15/03/2024;CLI-0137;EMP-503;ENT-QC;BD-1158;2;260,20;25,60;180,81;Téléphone
CMD-102082;12/11/2024;16/11/2024;2025-01-18;CLI-0121;EMP-508;ENT-QC;BD-1145;3;155,39;15,60;108,83;Portail web
CMD-102075;11/11/2024;20/11/2024;20/12/2024;CLI-0108;EMP-503;ENT-QC;BD-1119;2;79,42;13,50;58,44;Représentant
CMD-102293;20/12/2024;23/12/2024;2025-01-29;CLI-0003;EMP-508;ENT-SAG;BD-1041;2;248,02;2,20;159,88;Représentant
CMD-102254;10/12/2024;2024-12-15;26/12/2024;CLI-0006;EMP-505;ENT-QC;BD-1106;2;445,99;15,90;333,09;Courriel
CMD-100753;21-mai-24;29/05/2024;16/06/2024;CLI-0039;EMP-503;ENT-QC;BD-1007;12;99,23;4,00;55,96;Représentant
CMD-100679;10/05/2024;16-mai-24;04/07/2024;CLI-0002;EMP-509;ENT-MTL;BD-1143;2;358,00;4,60;215,92;Téléphone
CMD-100586;2024-04-29;04/05/2024;05/06/2024;CLI-0041;EMP-508;ENT-QC;BD-1158;8;305,56;12,60;180,81;Portail web
CMD-100386;30/03/2024;04/04/2024;2024-04-21;CLI-0212;EMP-507;ENT-MTL;BD-1096;23;219,73;25,80;170,74;Représentant
CMD-100902;10/06/2024;14/06/2024;02/08/2024;CLI-0119;EMP-503;ENT-QC;BD-1103;8;215,28;5,50;151,66;Représentant
CMD-100754;21/05/2024;2024-05-24;05/07/2024;CLI-0130;EMP-508;ENT-MTL;BD-1033;12;151,58;19,10;110,89;Représentant
CMD-102244;2024-12-09;12/12/2024;;CLI-0211;EMP-504;ENT-SAG;BD-1087;2;321,12;16,80;211,22;Représentant
CMD-101021;27/06/2024;2024-07-04;27/07/2024;CLI-0127;EMP-503;ENT-SAG;BD-1129;2;59,94;16,60;45,49;Portail web
CMD-102170;2024-11-25;27/11/2024;21/12/2024;CLI-0074;EMP-507;ENT-QC;BD-1154;6;432,94;19,00;323,13;Téléphone
CMD-100140;12/02/2024;2024-02-19;01/04/2024;CLI-0219;EMP-505;ENT-MTL;BD-1164;2;179,45;8,00;98,38;Représentant
CMD-100219;01/03/2024;2024-03-05;30/03/2024;CLI-0181;EMP-504;ENT-QC;BD-1175;4;164,66;3,00;94,86;Représentant
CMD-102219;02/12/2024;2024-12-05;15/01/2025;CLI-0071;EMP-503;ENT-SAG;BD-1079;3;247,84;6,00;144,83;Téléphone
CMD-100092;29/01/2024;31/01/2024;2024-03-01;CLI-0137;EMP-503;ENT-QC;BD-1151;4;128,38;19,30;90,35;Représentant
CMD-101275;12/08/2024;2024-08-21;21/09/2024;CLI-0213;EMP-508;ENT-MTL;BD-1010;4;157,86;3,20;87,08;Portail web
CMD-102053;07/11/2024;11/11/2024;08-janv-25;CLI-0217;EMP-506;ENT-QC;BD-1132;12;147,67;25,60;125,81;Représentant
CMD-100927;13/06/2024;17/06/2024;2024-07-16;CLI-0086 ;EMP-502;ENT-MTL;BD-1042;4;418,84;5,10;261,53;Représentant
CMD-101356;20/08/2024;29/08/2024;30/09/2024;CLI-0146;EMP-503;ENT-MTL;BD-1033;2;160,46;14,40;110,89;Représentant
CMD-100459;09/04/2024;2024-04-16;01/06/2024;CLI-0067;EMP-502;ENT-MTL;BD-1014;4;38,61;13,60;26,62;Représentant
CMD-101064;04/07/2024;2024-07-08;17/08/2024;CLI-0153;EMP-507;ENT-MTL;BD-1035;3;41,74;13,70;30,00;Téléphone
CMD-101461;03/09/2024;2024-09-06;13/10/2024;CLI-0127;EMP-503;ENT-SAG;BD-1037;2;25,43;15,00;16,31;Représentant
CMD-102220;02/12/2024;04/12/2024;2025-01-21;CLI-0209;EMP-508;ENT-QC;BD-1158;14;269,13;23,00;180,81;Représentant
CMD-101638;19/09/2024;21/09/2024;2024-11-15;CLI-0093;EMP-508;ENT-MTL;BD-1098;4;380,16;13,80;257,11;Portail web
CMD-101977;29-oct-24;07/11/2024;31/12/2024;CLI-0076;EMP-507;ENT-MTL;BD-1102;5;380,20;21,60;255,33;Portail web
CMD-101118;17/07/2024;19/07/2024;2024-09-15;CLI-0212;EMP-507;ENT-SAG;BD-1005;2;262,84;19,60;204,06;Représentant
CMD-101560;12/09/2024;17/09/2024;18/11/2024;CLI-0055;EMP-506;ENT-SAG;BD-1074;24;179,33;7,60;108,27;Représentant
CMD-101375;23/08/2024;31/08/2024;2024-10-11;CLI-0045;EMP-502;ENT-QC;BD-1088;1;549,38;12,80;335,85;Représentant
CMD-100904;11/06/2024;2024-06-13;12/07/2024;CLI-0090;EMP-505;ENT-MTL;BD-1039;2;164,80;16,80;119,66;Téléphone
CMD-101219;03/08/2024;07/08/2024;2024-09-23;CLI-0162;EMP-508;ENT-SAG;BD-1028;12;201,51;14,80;140,77;Représentant
CMD-101943;24/10/2024;28/10/2024;2024-12-03;CLI-0182;EMP-503;ENT-QC;BD-1084;3;520,16;10,40;312,00;Courriel
CMD-100286;14/03/2024;16/03/2024;2024-04-30;CLI-0120;EMP-509;ENT-QC;BD-1169;2;530,31;8,00;276,47;Courriel
CMD-101550;11/09/2024;2024-09-13;01/11/2024;CLI-0027;EMP-502;ENT-MTL;BD-1157;3;50,10;4,30;24,69;Portail web
CMD-101552;11-sept-24;20/09/2024;24/10/2024;CLI-0094;EMP-502;ENT-MTL;BD-1073;2;420,52;6,50;255,00;Portail web
CMD-101805;08/10/2024;14/10/2024;2024-11-10;CLI-0137;EMP-503;ENT-SAG;BD-1127;22;226,33;24,90;170,72;Téléphone
CMD-100951;17/06/2024;2024-06-19;07/08/2024;CLI-0188;EMP-506;ENT-QC;BD-1158;3;298,14;14,70;180,81;Courriel
CMD-100760;21/05/2024;2024-05-26;07/07/2024;CLI-0211;EMP-504;ENT-QC;BD-1023;8;323,19;14,40;239,29;Salon
CMD-101983;29/10/2024;04/11/2024;06/12/2024;CLI-0077;EMP-501;ENT-QC;BD-1071;2;517,65;3,00;301,72;Téléphone
CMD-102302;24/12/2024;02/01/2025;06-janv-25;CLI-0056;EMP-502;ENT-MTL;BD-1065;25;197,42;20,80;128,81;Représentant
CMD-100533;19-avr-24;24/04/2024;29/05/2024;CLI-0052;EMP-504;ENT-MTL;BD-1008;3;198,57;15,10;128,94;Représentant
CMD-102120;18/11/2024;24-nov-24;27/12/2024;CLI-0037;EMP-504;ENT-SAG;BD-1096;30;220,92;25,40;170,74;Téléphone
CMD-102073;2024-11-11;13/11/2024;24/11/2024;CLI-0009;EMP-502;ENT-MTL;BD-1173;6;315,86;20,80;207,98;Représentant
CMD-102219;02/12/2024;05/12/2024;15-janv-25;CLI-0071;EMP-503;ENT-SAG;BD-1149;12;172,12;6,00;108,85;Portail web
CMD-101549;11/09/2024;13/09/2024;2024-10-07;CLI-0212;EMP-507;ENT-MTL;BD-1041;36;199,05;21,50;159,88;Portail web
CMD-102193;28/11/2024;07/12/2024;2025-01-20;CLI-0127;EMP-503;ENT-QC;BD-1127;1;251,04;16,70;170,72;Courriel
CMD-100486;12/04/2024;2024-04-15;27/05/2024;CLI-0134;EMP-509;ENT-SAG;BD-1137;4;41,92;2,10;25,06;Représentant
CMD-100003;01/01/2024;06-janv-24;07/02/2024;CLI-0077;EMP-501;ENT-SAG;BD-1020;12;55,02;4,30;32,44;Représentant
CMD-100738;2024-05-17;20/05/2024;21/06/2024;CLI-0143;EMP-503;ENT-QC;BD-1018;6;412,04;11,40;242,09;Représentant
CMD-100043;12/01/2024;16/01/2024;17-févr-24;CLI-0130;EMP-508;ENT-MTL;BD-1120;3;224,54;24,40;182,88;Salon
CMD-100742;20/05/2024;27/05/2024;29/06/2024;CLI-0084;EMP-503;ENT-MTL;BD-1119;4;77,14;16,00;58,44;Représentant
CMD-100650;07/05/2024;10/05/2024;05-juin-24;CLI-0066;EMP-507;ENT-MTL;BD-1013;3;446,68;13,50;308,85;Représentant
CMD-102100;2024-11-14;17/11/2024;05/12/2024;CLI-0161;EMP-508;ENT-MTL;BD-1041;3;232,00;8,50;159,88;Représentant
CMD-101883;17/10/2024;22/10/2024;10/12/2024;CLI-0166;EMP-503;ENT-MTL;BD-1083;8;255,60;16,80;157,14;Représentant
CMD-101911;21/10/2024;28-oct-24;29/10/2024;CLI-0090;EMP-505;ENT-SAG;BD-1139;2;313,25;12,70;198,93;Représentant
CMD-100341;22/03/2024;26/03/2024;2024-04-30;CLI-0200;EMP-509;ENT-QC;BD-1094;24;176,79;13,30;121,74;Téléphone
CMD-102009;31/10/2024;07/11/2024;2024-12-07;CLI-0053;EMP-509;ENT-SAG;BD-1094;3;177,49;12,90;121,74;Téléphone
CMD-100804;28/05/2024;02-juin-24;23/07/2024;CLI-0135;EMP-506;ENT-MTL;BD-1051;2;110,13;15,10;78,12;Téléphone
CMD-101934;2024-10-23;27/10/2024;05/12/2024;CLI-0217;EMP-506;ENT-QC;BD-1136;6;154,54;25,60;110,14;Téléphone
CMD-101342;19/08/2024;23/08/2024;2024-09-28;CLI-0041;EMP-508;ENT-QC;BD-1039;3;172,32;13,00;119,66;Représentant
CMD-101818;09-oct-24;16/10/2024;03/12/2024;CLI-0136;EMP-507;ENT-MTL;BD-1130;1;495,37;12,20;317,23;Portail web
CMD-101778;04/10/2024;13-oct-24;14/11/2024;CLI-0056;EMP-502;ENT-QC;BD-1085;22;54,63;18,70;40,90;Représentant
CMD-100303;16-mars-24;22/03/2024;21/04/2024;CLI-0185;EMP-508;ENT-MTL;BD-1036;8;191,74;25,30;159,06;Représentant
CMD-101346;19/08/2024;25/08/2024;04-oct-24;CLI-0111;EMP-507;ENT-MTL;BD-1176;2;587,35;6,80;322,02;Courriel
CMD-102133;19/11/2024;24/11/2024;2025-01-01;CLI-0020;EMP-508;ENT-QC;BD-1139;8;331,23;7,70;198,93;Courriel
CMD-101551;11/09/2024;19/09/2024;2024-10-22;CLI-0059;EMP-504;ENT-MTL;BD-1105;14;208,84;19,40;166,12;Représentant
CMD-100151;14/02/2024;2024-02-22;17/03/2024;CLI-0099;EMP-505;ENT-SAG;BD-1074;3;151,00;22,20;108,27;Portail web
CMD-101369;22/08/2024;2024-08-24;27/09/2024;CLI-0072;EMP-501;ENT-MTL;BD-1040;2;368,83;16,30;268,77;Représentant
CMD-100984;21/06/2024;2024-06-24;22/07/2024;CLI-0133;EMP-508;ENT-QC;BD-1157;2;46,77;10,70;24,69;Courriel
CMD-101946;24/10/2024;30/10/2024;24/11/2024;CLI-0213;EMP-508;ENT-MTL;BD-1103;2;222,74;2,20;151,66;Représentant
CMD-100829;30/05/2024;08-juin-24;01/08/2024;CLI-0198;EMP-504;ENT-QC;BD-1094;12;191,10;6,30;121,74;Représentant
CMD-102102;2024-11-14;17/11/2024;01/12/2024;CLI-0037;EMP-504;ENT-MTL;BD-1141;9;393,16;21,20;307,78;Portail web
CMD-101828;11-oct-24;20/10/2024;20/11/2024;CLI-0017;EMP-507;ENT-MTL;BD-1139;1;305,95;14,70;198,93;Représentant
CMD-101948;24/10/2024;26/10/2024;13-déc-24;CLI-0041;EMP-508;ENT-QC;BD-1085;3;58,36;13,20;40,90;Courriel
CMD-100211;29/02/2024;06/03/2024;26/04/2024;CLI-0207;EMP-501;ENT-QC;BD-1155;2;518,50;4,30;322,38;Téléphone
CMD-101713;2024-09-28;07/10/2024;01/11/2024;CLI-0020;EMP-508;ENT-MTL;BD-1082;2;442,01;7,00;278,39;Représentant
CMD-101812;09/10/2024;18-oct-24;11/12/2024;CLI-0106;EMP-501;ENT-MTL;BD-1019;8;265,25;11,90;170,21;Téléphone
CMD-101529;10/09/2024;17/09/2024;2024-10-23;CLI-0195;EMP-506;ENT-SAG;BD-1161;6;121,43;10,10;62,84;Représentant
CMD-100252;07/03/2024;2024-03-11;19/04/2024;CLI-0066;EMP-507;ENT-MTL;BD-1144;1;155,38;13,00;96,31;Téléphone
CMD-100989;2024-06-24;26/06/2024;27/07/2024;CLI-0041;EMP-508;ENT-QC;BD-1047;6;91,87;13,80;70,06;Représentant
CMD-100546;22/04/2024;25/04/2024;03-juin-24;CLI-0009;EMP-502;ENT-MTL;BD-1044;6;257,21;20,40;195,45;Courriel
CMD-101102;12/07/2024;16/07/2024;19-août-24;CLI-0043;EMP-506;ENT-QC;BD-1170;12;29,70;15,50;16,60;Portail web
CMD-101173;2024-07-29;31/07/2024;28/08/2024;CLI-0121;EMP-508;ENT-SAG;BD-1122;2;286,20;16,10;208,30;Représentant
CMD-102135;19/11/2024;2024-11-22;15/01/2025;CLI-0214;EMP-508;ENT-MTL;BD-1077;3;313,63;8,30;167,57;Courriel
CMD-101031;28/06/2024;30/06/2024;10-août-24;CLI-0144;EMP-502;ENT-MTL;BD-1123;2;181,24;16,70;129,56;Représentant
CMD-101320;16/08/2024;23/08/2024;2024-09-23;CLI-0018;EMP-503;ENT-MTL;BD-1027;2;440,92;3,80;249,72;Représentant
CMD-101095;11/07/2024;20/07/2024;13/08/2024;CLI-0076;EMP-507;ENT-MTL;BD-1112;7;86,74;24,50;65,64;Salon
CMD-100156;15/02/2024;24/02/2024;2024-04-03;CLI-0145;EMP-504;ENT-MTL;BD-1070;2;69,64;8,60;39,88;Portail web
CMD-102210;29/11/2024;04-déc-24;;CLI-0195;EMP-506;ENT-QC;BD-1027;24;381,33;16,80;249,72;Téléphone
CMD-101786;04/10/2024;08/10/2024;;CLI-0059;EMP-504;ENT-SAG;BD-1065;19;192,97;22,60;128,81;Représentant
CMD-101799;08/10/2024;10/10/2024;14/11/2024;CLI-0067;EMP-502;ENT-MTL;BD-1057;4;26,80;10,20;19,26;Portail web
CMD-100194;2024-02-26;28/02/2024;01/04/2024;CLI-0212;EMP-507;ENT-QC;BD-1072;-2;321,62;18,70;196,62;Courriel
CMD-101141;2024-07-22;30/07/2024;07/09/2024;CLI-0074;EMP-507;ENT-MTL;BD-1034;21;190,70;19,70;151,89;Représentant
CMD-101184;2024-07-30;07/08/2024;;CLI-0107;EMP-506;ENT-QC;BD-1047;24;102,28;4,00;70,06;Représentant
CMD-101180;30/07/2024;2024-08-06;;CLI-0212;EMP-507;ENT-SAG;BD-1108;20;206,88;24,30;166,46;Représentant
CMD-100013;04/01/2024;12/01/2024;11/02/2024;CLI-0142;EMP-508;ENT-MTL;BD-1166;8;391,15;5,90;212,88;Téléphone
CMD-102026;04-nov-24;10/11/2024;24/12/2024;CLI-0053;EMP-509;ENT-MTL;BD-1083;3;268,12;12,70;157,14;Téléphone
CMD-101123;18/07/2024;21/07/2024;2024-09-10;CLI-0059;EMP-504;ENT-QC;BD-1025;12;188,46;19,40;146,28;Représentant
CMD-101848;12/10/2024;19/10/2024;21-nov-24;CLI-0045;EMP-502;ENT-MTL;BD-1081;6;528,88;10,80;302,82;Représentant
CMD-101406;27/08/2024;2024-09-02;20/09/2024;CLI-0090;EMP-505;ENT-QC;BD-1172;2;352,77;15,70;216,67;Courriel
CMD-100702;14-mai-24;23/05/2024;25/06/2024;CLI-0082;EMP-504;ENT-QC;BD-1064;4;115,41;7,90;69,43;Courriel
CMD-101039;01/07/2024;05/07/2024;2024-08-19;CLI-0023;EMP-505;ENT-MTL;BD-1026;4;404,77;7,70;241,74;Salon
CMD-100739;18-mai-24;23/05/2024;25/06/2024;CLI-0125;EMP-509;ENT-MTL;BD-1163;24;588,27;4,10;294,58;Portail web
CMD-101308;2024-08-15;20/08/2024;16/09/2024;CLI-0182;EMP-503;ENT-MTL;BD-1056;8;430,91;12,40;287,11;Courriel
CMD-101341;2024-08-19;23/08/2024;20/10/2024;CLI-0009;EMP-502;ENT-MTL;BD-1158;11;283,40;18,90;180,81;Représentant
CMD-100131;08/02/2024;12-févr-24;10/03/2024;CLI-0166;EMP-503;ENT-MTL;BD-1164;8;164,95;15,40;98,38;Représentant
CMD-100824;30/05/2024;2024-06-04;11/06/2024;CLI-0137;EMP-503;ENT-QC;BD-1020;13;46,76;18,60;32,44;Portail web
CMD-100332;2024-03-21;26/03/2024;13/04/2024;CLI-0209;EMP-508;ENT-MTL;BD-1076;4;438,07;21,90;281,11;Téléphone
CMD-100617;2024-05-02;10/05/2024;08/06/2024;CLI-0130;EMP-508;ENT-QC;BD-1118;9;391,45;21,20;336,11;Représentant
CMD-100298;15/03/2024;2024-03-23;06/04/2024;CLI-0082;EMP-504;ENT-MTL;BD-1005;6;301,12;7,90;204,06;Représentant
CMD-100332;21/03/2024;26-mars-24;13/04/2024;CLI-0209;EMP-508;ENT-MTL;BD-1080;9;258,18;21,90;173,12;Représentant
CMD-102302;24/12/2024;2025-01-02;06/01/2025;CLI-0056;EMP-502;ENT-MTL;BD-1145;37;145,77;20,80;108,83;Représentant
CMD-100397;01/04/2024;2024-04-06;05/05/2024;CLI-0131;EMP-502;ENT-MTL;BD-1137;6;37,34;12,80;25,06;Téléphone
CMD-100773;23-mai-24;27/05/2024;22/06/2024;CLI-0074;EMP-507;ENT-SAG;BD-1118;2;385,44;22,50;336,11;Portail web
CMD-101428;30/08/2024;2024-09-08;28/09/2024;CLI-0166;EMP-503;ENT-SAG;BD-1019;3;256,85;14,70;170,21;Représentant
CMD-100740;18/05/2024;20-mai-24;24/06/2024;CLI-0084;EMP-503;ENT-SAG;BD-1045;3;116,22;11,30;76,76;Courriel
CMD-100363;27-mars-24;05/04/2024;09/05/2024;CLI-0168;EMP-509;ENT-SAG;BD-1075;4;97,92;2,80;59,74;Courriel
CMD-100134;09/02/2024;2024-02-18;25/02/2024;CLI-0049;EMP-508;ENT-MTL;BD-1043;4;455,68;13,70;294,10;Représentant
CMD-102144;2024-11-20;28/11/2024;02/01/2025;CLI-0012;EMP-501;ENT-QC;BD-1155;9;432,07;20,30;322,38;Salon
CMD-100518;18/04/2024;27/04/2024;02-juin-24;CLI-0008;EMP-506;ENT-QC;BD-1051;4;125,27;3,40;78,12;Représentant
CMD-100443;08/04/2024;17/04/2024;2024-06-11;CLI-0220;EMP-506;ENT-QC;BD-1043;4;447,67;15,20;294,10;Portail web
CMD-100085;26/01/2024;04/02/2024;21-mars-24;CLI-0148;EMP-501;ENT-QC;BD-1138;1;123,59;16,10;86,38;Téléphone
CMD-101912;21/10/2024;23/10/2024;2024-11-17;CLI-0132;EMP-507;ENT-MTL;BD-1172;6;369,72;11,70;216,67;Représentant
CMD-101203;2024-08-01;03/08/2024;19/09/2024;CLI-0121;EMP-508;ENT-QC;BD-1060;6;355,44;10,20;241,90;Représentant
CMD-100364;27/03/2024;05/04/2024;11/05/2024;CLI-0162;EMP-508;ENT-QC;BD-1156;1;264,71;12,40;161,25;Représentant
CMD-100575;26/04/2024;03/05/2024;2024-06-13;CLI-0009;EMP-502;ENT-QC;BD-1143;13;280,06;25,30;215,92;Salon
CMD-100209;29/02/2024;09/03/2024;04/04/2024;CLI-0031;EMP-509;ENT-QC;BD-1172;3;371,88;11,20;216,67;Représentant
CMD-101645;21/09/2024;2024-09-24;03/11/2024;CLI-0217;EMP-506;ENT-SAG;BD-1115;4;55,55;25,60;46,26;Téléphone
CMD-100487;2024-04-12;16/04/2024;19/05/2024;CLI-0016;EMP-505;ENT-QC;BD-1053;3;314,60;3,80;176,84;Portail web
CMD-102274;2024-12-16;25/12/2024;07/01/2025;CLI-0102;EMP-506;ENT-SAG;BD-1159;1;273,51;5,40;166,16;Courriel
CMD-101243;07-août-24;16/08/2024;21/09/2024;CLI-0059;EMP-504;ENT-QC;BD-1063;3;292,14;20,70;242,15;Représentant
CMD-102031;04/11/2024;2024-11-12;22/12/2024;CLI-0009;EMP-502;ENT-QC;BD-1132;67;149,10;24,90;125,81;Représentant
CMD-100018;05/01/2024;2024-01-10;;CLI-0177;EMP-505;ENT-SAG;BD-1128;3;134,85;6,90;77,25;Téléphone
CMD-100310;18/03/2024;27/03/2024;;CLI-0035;EMP-503;ENT-MTL;BD-1116;12;0,00;10,60;58,93;Salon
CMD-101502;06/09/2024;08-sept-24;16/10/2024;CLI-0136;EMP-507;ENT-MTL;BD-1164;3;170,82;12,40;98,38;Représentant
CMD-100099;31/01/2024;2024-02-09;05/03/2024;CLI-0206;EMP-503;ENT-QC;BD-1152;8;399,62;16,90;265,82;Représentant
CMD-101066;04/07/2024;2024-07-07;24/08/2024;CLI-0218;EMP-503;ENT-SAG;BD-1014;3;43,49;2,70;26,62;Téléphone
CMD-101370;2024-08-22;25/08/2024;30/09/2024;CLI-0095;EMP-505;ENT-QC;BD-1045;1;121,64;7,20;76,76;Téléphone
CMD-101599;16/09/2024;2024-09-19;01/11/2024;CLI-0157;EMP-502;ENT-MTL;BD-1153;6;168,91;15,80;113,61;Représentant
CMD-101454;02/09/2024;05/09/2024;2024-10-31;CLI-0047;EMP-508;ENT-MTL;BD-1136;3;172,68;16,80;110,14;Représentant
CMD-100914;12/06/2024;2024-06-15;12/07/2024;CLI-0079;EMP-509;ENT-MTL;BD-1038;2;520,63;5,60;313,36;Téléphone
CMD-100956;18/06/2024;2024-06-23;16/07/2024;CLI-0074;EMP-507;ENT-MTL;BD-1093;14;169,06;24,50;132,18;Représentant
CMD-100334;21/03/2024;29/03/2024;2024-05-03;CLI-0193;EMP-509;ENT-QC;BD-1172;4;368,74;11,90;216,67;Portail web
CMD-100007;02/01/2024;05-janv-24;18/02/2024;CLI-0095;EMP-505;ENT-QC;BD-1181;3;606,74;2,90;305,97;Portail web
CMD-102173;25-nov-24;29/11/2024;05/01/2025;CLI-0150;EMP-502;ENT-MTL;BD-1154;2;496,15;7,20;323,13;Représentant
CMD-101117;2024-07-17;19/07/2024;05/09/2024;CLI-0106;EMP-501;ENT-SAG;BD-1125;4;393,32;10,60;285,25;Portail web
CMD-101183;30/07/2024;01/08/2024;2024-09-08;CLI-0141;EMP-502;ENT-SAG;BD-1059;12;440,62;16,40;324,94;Représentant
CMD-100485;12-avr-24;17/04/2024;19/05/2024;CLI-0074;EMP-507;ENT-QC;BD-1112;14;90,81;20,90;65,64;Représentant
CMD-102111;15-nov-24;23/11/2024;27/12/2024;CLI-0126;EMP-502;ENT-QC;BD-1161;8;117,50;13,00;62,84;Téléphone
CMD-100073;22-janv-24;26/01/2024;06/03/2024;CLI-0036;EMP-505;ENT-QC;BD-1105;6;222,43;14,10;166,12;Courriel
CMD-101604;16/09/2024;20/09/2024;29-oct-24;CLI-0191;EMP-504;ENT-MTL;BD-1108;6;244,63;10,50;166,46;Téléphone
CMD-100762;21/05/2024;27/05/2024;27/06/2024;CLI-0130;EMP-508;ENT-QC;BD-1124;19;198,81;22,00;150,61;Téléphone
CMD-100140;2024-02-12;19/02/2024;01/04/2024;CLI-0219;EMP-505;ENT-MTL;BD-1177;3;375,18;8,00;211,22;Portail web
CMD-102202;2024-11-28;05/12/2024;01/01/2025;CLI-0173;EMP-508;ENT-QC;BD-1089;24;274,20;13,40;157,64;Téléphone
CMD-102018;01/11/2024;04/11/2024;28/11/2024;CLI-0115;EMP-509;ENT-MTL;BD-1096;12;245,83;17,00;170,74;Représentant
CMD-100516;17/04/2024;24/04/2024;2024-05-18;CLI-0014;EMP-502;ENT-MTL;BD-1145;3;168,61;8,40;108,83;Portail web
CMD-100344;25/03/2024;29/03/2024;22-mai-24;CLI-0073;EMP-501;ENT-MTL;BD-1102;8;427,41;11,80;255,33;Représentant
CMD-100730;2024-05-17;25/05/2024;26/06/2024;CLI-0055;EMP-506;ENT-QC;BD-1023;6;354,67;6,00;239,29;Courriel
CMD-100538;20/04/2024;2024-04-23;18/06/2024;CLI-0109;EMP-501;ENT-MTL;BD-1046;1;449,76;5,80;308,91;Représentant
CMD-100958;18/06/2024;23/06/2024;2024-07-13;CLI-0133;EMP-508;ENT-SAG;BD-1034;1;201,02;15,40;151,89;Portail web
CMD-102060;08/11/2024;14/11/2024;2025-01-07;CLI-0185;EMP-508;ENT-MTL;BD-1139;7;286,40;20,20;198,93;Représentant
CMD-101236;06/08/2024;13/08/2024;30/09/2024;CLI-0211;EMP-504;ENT-MTL;BD-1043;8;446,53;15,40;294,10;Téléphone
CMD-100419;04-avr-24;06/04/2024;18/05/2024;CLI-0072;EMP-501;ENT-QC;BD-1051;2;111,63;13,90;78,12;Téléphone
CMD-101371;22/08/2024;31/08/2024;06-oct-24;CLI-0135;EMP-506;ENT-SAG;BD-1046;3;410,88;13,90;308,91;Portail web
CMD-100085;26/01/2024;2024-02-04;21/03/2024;CLI-0148;EMP-501;ENT-QC;BD-1096;12;248,47;16,10;170,74;Représentant
CMD-100506;16/04/2024;2024-04-24;;CLI-0203;EMP-503;ENT-MTL;BD-1036;8;238,62;7,10;159,06;Représentant
CMD-100171;20/02/2024;2024-02-25;07/04/2024;CLI-0153;EMP-507;ENT-MTL;BD-1061;4;98,30;16,80;75,23;Courriel
CMD-101421;2024-08-29;05/09/2024;16/09/2024;CLI-0046;EMP-508;ENT-MTL;BD-1063;8;337,83;8,30;242,15;Représentant
CMD-101450;02/09/2024;06/09/2024;23/10/2024;CLI-0209;EMP-508;ENT-MTL;BD-1020;2;42,88;25,40;32,44;Courriel
CMD-100991;2024-06-24;28/06/2024;19/08/2024;CLI-0028;EMP-509;ENT-QC;BD-1175;12;158,54;6,60;94,86;Courriel
CMD-101635;19/09/2024;2024-09-28;11/10/2024;CLI-0217;EMP-506;ENT-SAG;BD-1080;4;253,43;23,40;173,12;Téléphone
CMD-101770;03/10/2024;07/10/2024;27-nov-24;CLI-0085;EMP-503;ENT-SAG;BD-1129;1;68,04;5,40;45,49;Représentant
CMD-100400;02/04/2024;05/04/2024;2024-05-29;CLI-0001;EMP-508;ENT-QC;BD-1013;3;496,03;3,90;308,85;Représentant
CMD-101629;2024-09-19;28/09/2024;07/10/2024;CLI-0158;EMP-507;ENT-MTL;BD-1038;4;510,84;7,40;313,36;Téléphone
CMD-101690;26/09/2024;2024-10-02;21/10/2024;CLI-0210;EMP-503;ENT-QC;BD-1058;8;229,56;6,20;146,46;N/A
CMD-100701;14/05/2024;2024-05-20;15/06/2024;CLI-0206;EMP-503;ENT-QC;BD-1057;12;26,23;12,10;19,26;Téléphone
CMD-100315;19/03/2024;2024-03-25;06/04/2024;CLI-0039;EMP-503;ENT-MTL;BD-1166;2;391,62;5,70;212,88;Portail web
CMD-100301;15/03/2024;19/03/2024;07-mai-24;CLI-0173;EMP-508;ENT-MTL;BD-1164;12;161,87;17,00;98,38;Représentant
CMD-101808;08/10/2024;10/10/2024;2024-11-05;CLI-0132;EMP-507;ENT-SAG;BD-1136;4;179,04;13,80;110,14;Représentant
CMD-101409;27/08/2024;31/08/2024;26/09/2024;CLI-0042;EMP-505;ENT-MTL;BD-1030;2;161,78;11,60;98,88;Portail web
CMD-100261;08/03/2024;11/03/2024;2024-04-24;CLI-0212;EMP-507;ENT-MTL;BD-1021;7;271,90;25,20;201,55;Représentant
CMD-100727;2024-05-16;21/05/2024;27/05/2024;CLI-0187;EMP-507;ENT-MTL;BD-1118;2;436,51;12,20;336,11;Portail web
CMD-100756;21/05/2024;25/05/2024;2024-07-04;CLI-0088;EMP-504;ENT-MTL;BD-1046;6;429,47;10,00;308,91;Téléphone
CMD-101339;19/08/2024;26/08/2024;2024-09-30;CLI-0162;EMP-508;ENT-MTL;BD-1043;6;463,48;12,20;294,10;Représentant
CMD-100146;13/02/2024;20/02/2024;03/03/2024;CLI-0055;EMP-506;ENT-QC;BD-1140;2;60,92;4,10;40,41;Représentant
CMD-100226;04/03/2024;12-mars-24;15/04/2024;CLI-0038;EMP-507;ENT-QC;BD-1118;1;439,48;11,60;336,11;Représentant
CMD-100845;31/05/2024;04/06/2024;2024-06-26;CLI-0076;EMP-507;ENT-QC;BD-1063;15;294,56;20,00;242,15;Courriel
CMD-102194;28/11/2024;2024-12-01;21/01/2025;CLI-0178;EMP-501;ENT-SAG;BD-1092;4;271,94;3,60;140,04;Courriel
CMD-101785;04/10/2024;10/10/2024;2024-11-11;CLI-0209;EMP-508;ENT-MTL;BD-1147;5;468,54;21,70;339,78;Représentant
CMD-100298;15/03/2024;23-mars-24;06/04/2024;CLI-0082;EMP-504;ENT-MTL;BD-1171;8;145,80;7,90;83,70;Téléphone
CMD-101365;22/08/2024;26/08/2024;2024-10-04;CLI-0013;EMP-507;ENT-MTL;BD-1107;4;211,60;3,90;147,44;Représentant
CMD-102281;17/12/2024;19/12/2024;01-févr-25;CLI-0062;EMP-507;ENT-MTL;BD-1132;1;170,75;14,00;125,81;Représentant
CMD-100088;26/01/2024;2024-02-02;10/03/2024;CLI-0139;EMP-506;ENT-QC;BD-1136;1;179,25;13,70;110,14;Téléphone
CMD-100260;2024-03-08;16/03/2024;10/05/2024;CLI-0143;EMP-503;ENT-QC;BD-1175;6;142,58;16,00;94,86;Représentant
CMD-101194;2024-08-01;04/08/2024;04/09/2024;CLI-0059;EMP-504;ENT-MTL;BD-1039;6;147,61;25,40;119,66;
CMD-100653;08/05/2024;16-mai-24;21/06/2024;CLI-0212;EMP-507;ENT-SAG;BD-1139;6;275,86;23,10;198,93;Téléphone
CMD-100545;22/04/2024;2024-04-30;13/07/2024;CLI-0144;EMP-502;ENT-QC;BD-1152;1;400,79;16,70;265,82;Représentant
CMD-101105;12/07/2024;2024-07-20;25/08/2024;CLI-0136;EMP-507;ENT-QC;BD-1154;4;449,10;16,00;323,13;Portail web
CMD-100850;2024-06-03;06/06/2024;06/07/2024;CLI-0089;EMP-502;ENT-QC;BD-1014;68;34,09;23,70;26,62;Représentant
CMD-100270;11/03/2024;13/03/2024;03-mai-24;CLI-0119;EMP-503;ENT-QC;BD-1123;3;203,23;6,60;129,56;Téléphone
CMD-101227;05/08/2024;13/08/2024;2024-09-08;CLI-0131;EMP-502;ENT-QC;BD-1036;1;213,33;16,90;159,06;Représentant
CMD-101160;2024-07-24;27/07/2024;02/08/2024;CLI-0130;EMP-508;ENT-SAG;BD-1053;5;267,77;18,20;176,84;Portail web
CMD-100871;05/06/2024;09/06/2024;2024-08-01;CLI-0105;EMP-502;ENT-QC;BD-1060;1;377,42;4,60;241,90;Portail web
CMD-100172;20/02/2024;29-févr-24;13/03/2024;CLI-0130;EMP-508;ENT-QC;BD-1052;68;234,81;23,50;179,27;Courriel
CMD-100898;10-juin-24;19/06/2024;25/07/2024;CLI-0041;EMP-508;ENT-QC;BD-1019;1;269,71;10,40;170,21;Représentant
CMD-101115;16/07/2024;25/07/2024;01/09/2024;CLI-0117;EMP-504;ENT-QC;BD-1182;12;103,19;5,20;56,87;Représentant
CMD-100688;13/05/2024;2024-05-20;28/06/2024;CLI-0116;EMP-509;ENT-QC;BD-1045;3;113,23;13,60;76,76;Courriel
CMD-100821;29/05/2024;2024-06-02;;CLI-0087;EMP-502;ENT-QC;BD-1123;2;186,69;14,20;129,56;Représentant
CMD-100442;08-avr-24;11/04/2024;01/06/2024;CLI-0045;EMP-502;ENT-MTL;BD-1172;2;351,81;16,00;216,67;Téléphone
CMD-101583;2024-09-13;17/09/2024;07/11/2024;CLI-0151;EMP-504;ENT-QC;BD-1178;4;0,00;3,30;116,97;Salon
CMD-101470;04/09/2024;10-sept-24;22/09/2024;CLI-0179;EMP-509;ENT-MTL;BD-1048;4;46,67;8,90;32,82;Représentant
CMD-101735;01/10/2024;05/10/2024;2024-11-06;CLI-0081;EMP-502;ENT-MTL;BD-1148;12;387,57;15,70;296,06;Portail web
CMD-100015;2024-01-04;10/01/2024;21/01/2024;CLI-0187;EMP-507;ENT-QC;BD-1162;24;115,67;15,60;66,97;Représentant
CMD-102298;23/12/2024;30/12/2024;2025-02-07;CLI-0126;EMP-502;ENT-SAG;BD-1069;2;351,98;11,70;198,50;Téléphone
CMD-101457;02/09/2024;2024-09-11;19/10/2024;  CLI-0154;EMP-507;ENT-SAG;BD-1059;6;446,18;15,40;324,94;Représentant
CMD-101626;19/09/2024;22/09/2024;2024-10-17;CLI-0045;EMP-502;ENT-QC;BD-1025;3;201,57;13,80;146,28;Courriel
CMD-102151;2024-11-21;29/11/2024;10/12/2024;CLI-0056;EMP-502;ENT-QC;BD-1090;22;78,42;18,20;57,58;Portail web
CMD-102098;14/11/2024;23/11/2024;2024-12-04;CLI-0196;EMP-506;ENT-MTL;BD-1148;2;444,89;3,30;296,06;Téléphone
CMD-100579;27/04/2024;02/05/2024;2024-06-09;CLI-0205;EMP-505;ENT-QC;BD-1035;1;44,48;8,10;30,00;Représentant
CMD-100637;06/05/2024;11/05/2024;2024-06-05;CLI-0202;EMP-504;ENT-MTL;BD-1056;3;476,06;3,20;287,11;Représentant
CMD-100974;19-juin-24;23/06/2024;26/07/2024;CLI-0089;EMP-502;ENT-QC;BD-1116;4;72,21;18,60;58,93;Téléphone
CMD-100909;11/06/2024;2024-06-17;31/07/2024;CLI-0128;EMP-502;ENT-MTL;BD-1107;4;189,37;14,00;147,44;Représentant
CMD-100154;2024-02-14;17/02/2024;20/03/2024;CLI-0162;EMP-508;ENT-SAG;BD-1018;8;394,77;15,10;242,09;Portail web
CMD-102038;05/11/2024;14-nov-24;03/01/2025;CLI-0056;EMP-502;ENT-QC;BD-1134;9;89,67;18,40;60,50;Téléphone
CMD-100311;18/03/2024;23/03/2024;02/05/2024;CLI-0076;EMP-507;ENT-MTL;BD-1176;13;516,58;18,10;322,02;Représentant
CMD-100484;12/04/2024;2024-04-15;24/05/2024;CLI-0082;EMP-504;ENT-QC;BD-1001;3;328,12;2,10;182,30;Représentant
CMD-102253;10/12/2024;15/12/2024;2025-01-12;CLI-0029;EMP-506;ENT-QC;BD-1112;10;87,47;23,80;65,64;Téléphone
CMD-101132;19/07/2024;2024-07-28;06/08/2024;CLI-0076;EMP-507;ENT-MTL;BD-1130;2;417,80;26,00;317,23;Représentant
CMD-101573;13/09/2024;21/09/2024;17-oct-24;CLI-0127;EMP-503;ENT-SAG;BD-1175;24;146,74;13,60;94,86;N/A
CMD-100304;2024-03-16;24/03/2024;26/04/2024;CLI-0056;EMP-502;ENT-SAG;BD-1017;7;450,74;20,00;307,26;Téléphone
CMD-101929;23/10/2024;2024-10-25;15/11/2024;CLI-0215;EMP-503;ENT-MTL;BD-1148;6;447,61;2,70;296,06;Représentant
CMD-101973;28/10/2024;01/11/2024;2025-01-08;CLI-0158;EMP-507;ENT-QC;BD-1010;3;159,15;2,40;87,08;Courriel
CMD-102192;2024-11-28;06/12/2024;01/02/2025;CLI-0099;EMP-505;ENT-MTL;BD-1160;9;58,84;25,30;40,71;Téléphone
CMD-101553;11/09/2024;15/09/2024;09-oct-24;CLI-0027;EMP-502;ENT-QC;BD-1039;4;188,47;4,80;119,66;Portail web
CMD-101012;27/06/2024;2024-06-30;09/08/2024;CLI-0145;EMP-504;ENT-MTL;BD-1030;8;169,63;7,30;98,88;Courriel
CMD-100146;2024-02-13;20/02/2024;03/03/2024;CLI-0055;EMP-506;ENT-QC;BD-1150;6;600,16;4,10;339,92;Représentant
CMD-100572;26/04/2024;04/05/2024;2024-05-25;CLI-0199;EMP-504;ENT-MTL;BD-1107;3;194,42;11,70;147,44;Représentant
CMD-100174;21/02/2024;01/03/2024;2024-04-20;CLI-0212;EMP-507;ENT-MTL;BD-1165;9;146,16;20,60;105,70;Représentant
CMD-101067;04/07/2024;09-juil-24;13/08/2024;CLI-0178;EMP-501;ENT-MTL;BD-1057;1;27,15;9,00;19,26;Représentant
CMD-101732;01/10/2024;2024-10-08;27/10/2024;CLI-0128;EMP-502;ENT-MTL;BD-1066;6;286,77;16,80;199,26;Téléphone
CMD-100756;21/05/2024;25/05/2024;2024-07-04;CLI-0088;EMP-504;ENT-MTL;BD-1056;12;442,56;10,00;287,11;Représentant
CMD-100894;10/06/2024;2024-06-16;28/07/2024;CLI-0054;EMP-507;ENT-QC;BD-1006;6;281,26;16,00;178,72;Téléphone
CMD-102060;08/11/2024;14/11/2024;07-janv-25;CLI-0185;EMP-508;ENT-MTL;BD-1144;17;142,54;20,20;96,31;Courriel
CMD-100845;31-mai-24;04/06/2024;26/06/2024;CLI-0076;EMP-507;ENT-QC;BD-1059;3;421,70;20,00;324,94;Représentant
CMD-100006;01/01/2024;08/01/2024;2024-02-06;CLI-0152;EMP-503;ENT-QC;BD-1135;3;70,89;3,30;39,89;Portail web
CMD-100870;2024-06-05;07/06/2024;07/08/2024;CLI-0209;EMP-508;ENT-MTL;BD-1123;19;174,97;19,60;129,56;Téléphone
CMD-100938;14/06/2024;18-juin-24;18/07/2024;CLI-0056;EMP-502;ENT-MTL;BD-1051;14;97,95;24,50;78,12;Portail web
CMD-101121;18/07/2024;2024-07-22;03/09/2024;CLI-0149;EMP-501;ENT-SAG;BD-1148;12;0,00;4,10;296,06;Portail web
CMD-100362;27/03/2024;02/04/2024;30/04/2024;CLI-0037;EMP-504;ENT-QC;BD-1020;11;44,43;22,70;32,44;Portail web
CMD-101324;16/08/2024;24/08/2024;16/09/2024;CLI-0031;EMP-509;ENT-QC;BD-1151;3;136,63;14,10;90,35;Portail web
CMD-100221;02/03/2024;10/03/2024;2024-04-06;CLI-0119;EMP-503;ENT-SAG;BD-1034;6;219,03;7,80;151,89;Représentant
CMD-100651;07/05/2024;12-mai-24;12/07/2024;CLI-0090;EMP-505;ENT-QC;BD-1022;2;400,02;12,00;247,74;Représentant
CMD-100788;24/05/2024;01/06/2024;2024-07-13;CLI-0089;EMP-502;ENT-QC;BD-1015;26;400,22;24,60;318,69;Représentant
CMD-101028;28/06/2024;2024-07-06;18/08/2024;CLI-0185;EMP-508;ENT-SAG;BD-1079;3;201,84;23,50;144,83;
CMD-100734;2024-05-17;21/05/2024;29/06/2024;CLI-0157;EMP-502;ENT-QC;BD-1012;3;106,55;12,50;68,19;Téléphone
CMD-101517;10/09/2024;19-sept-24;06/10/2024;CLI-0177;EMP-505;ENT-QC;BD-1116;2;86,65;2,30;58,93;Représentant
CMD-102242;2024-12-06;10/12/2024;16/01/2025;CLI-0113;EMP-505;ENT-MTL;BD-1071;12;503,42;5,70;301,72;Représentant
CMD-100409;03/04/2024;09/04/2024;10-mai-24;CLI-0112;EMP-505;ENT-SAG;BD-1025;12;208,15;11,00;146,28;Représentant
CMD-100041;2024-01-11;18/01/2024;09/02/2024;CLI-0169;EMP-507;ENT-QC;BD-1136;3;173,22;16,60;110,14;Courriel
CMD-100754;21/05/2024;24/05/2024;2024-07-05;CLI-0130;EMP-508;ENT-MTL;BD-1173;31;322,51;19,10;207,98;Portail web
CMD-102245;09/12/2024;2024-12-17;04/01/2025;CLI-0099;EMP-505;ENT-QC;BD-1170;12;27,45;21,90;16,60;Portail web
CMD-101790;07/10/2024;13/10/2024;10-nov-24;CLI-0130;EMP-508;ENT-QC;BD-1089;31;238,85;24,60;157,64;Représentant
CMD-101315;15/08/2024;20-août-24;10/10/2024;CLI-0211;EMP-504;ENT-MTL;BD-1010;24;140,88;13,60;87,08;Représentant
CMD-100932;14/06/2024;18/06/2024;08-juil-24;CLI-0073;EMP-501;ENT-QC;BD-1147;8;496,91;16,90;339,78;Téléphone
CMD-102230;04-déc-24;11/12/2024;19/01/2025;CLI-0159;EMP-502;ENT-MTL;BD-1134;2;106,60;3,10;60,50;Représentant
CMD-101697;27/09/2024;02/10/2024;2024-10-25;CLI-0193;EMP-509;ENT-MTL;BD-1098;12;370,00;16,10;257,11;Téléphone
CMD-101784;04/10/2024;13/10/2024;07/11/2024;CLI-0123;EMP-501;ENT-SAG;BD-1107;3;186,25;15,40;147,44;Téléphone
CMD-101617;2024-09-18;21/09/2024;08/11/2024;CLI-0115;EMP-509;ENT-MTL;BD-1065;1;210,36;15,60;128,81;Téléphone
CMD-100282;13/03/2024;18/03/2024;18/04/2024;CLI-0076;EMP-507;ENT-MTL;BD-1123;5;176,33;18,90;129,56;Téléphone
CMD-102026;04/11/2024;10/11/2024;2024-12-24;CLI-0053;EMP-509;ENT-MTL;BD-1072;6;345,41;12,70;196,62;Téléphone
CMD-101290;13/08/2024;19/08/2024;2024-09-20;CLI-0044;EMP-505;ENT-QC;BD-1020;2;50,34;12,40;32,44;Téléphone
CMD-100245;07/03/2024;10/03/2024;2024-04-02;CLI-0209;EMP-508;ENT-SAG;BD-1092;2;229,06;18,80;140,04;Courriel
CMD-100462;10/04/2024;14/04/2024;2024-04-28;CLI-0019;EMP-502;ENT-SAG;BD-1048;12;47,02;8,20;32,82;Portail web
CMD-100292;14/03/2024;20/03/2024;17/04/2024;CLI-0033;EMP-504;ENT-MTL;BD-1006;2;293,80;12,20;178,72;Téléphone
CMD-100736;17/05/2024;22/05/2024;2024-06-22;CLI-0220;EMP-506;ENT-SAG;BD-1019;4;258,29;14,20;170,21;Représentant
CMD-100425;2024-04-05;10/04/2024;22/04/2024;CLI-0058;EMP-508;ENT-MTL;BD-1179;6;398,76;7,60;226,59;Représentant
CMD-102224;03/12/2024;06/12/2024;16-janv-25;CLI-0149;EMP-501;ENT-QC;BD-1063;3;340,19;7,60;242,15;Représentant
CMD-100730;17/05/2024;25-mai-24;26/06/2024;CLI-0055;EMP-506;ENT-QC;BD-1040;1;414,13;6,00;268,77;Représentant
CMD-100113;02/02/2024;08-févr-24;22/03/2024;CLI-0034;EMP-507;ENT-QC;BD-1158;8;300,49;14,00;180,81;Portail web
CMD-100268;11/03/2024;16-mars-24;30/04/2024;CLI-0198;EMP-504;ENT-QC;BD-1161;1;124,72;7,70;62,84;Téléphone
CMD-100788;24/05/2024;01/06/2024;13/07/2024;CLI-0089;EMP-502;ENT-QC;BD-1020;8;43,31;24,60;32,44;Téléphone
CMD-100435;06/04/2024;13/04/2024;2024-05-22;CLI-0178;EMP-501;ENT-MTL;BD-1102;1;465,28;4,00;255,33;Téléphone
CMD-101718;30/09/2024;2024-10-05;28/10/2024;CLI-0200;EMP-509;ENT-QC;BD-1040;8;381,68;13,40;268,77;Portail web
CMD-100236;05/03/2024;12/03/2024;26/03/2024;CLI-0076;EMP-507;ENT-MTL;BD-1091;25;460,84;18,90;279,07;Portail web
CMD-101395;27-août-24;03/09/2024;25/09/2024;CLI-0185;EMP-508;ENT-QC;BD-1036;15;190,35;25,90;159,06;Téléphone
CMD-101482;04/09/2024;2024-09-06;31/10/2024;CLI-0056;EMP-502;ENT-QC;BD-1046;13;373,58;21,70;308,91;Portail web
CMD-101728;30/09/2024;02/10/2024;2024-11-06;CLI-0076;EMP-507;ENT-SAG;BD-1177;3;303,76;25,50;211,22;Représentant
CMD-101435;30/08/2024;2024-09-02;13/10/2024;CLI-0119;EMP-503;ENT-MTL;BD-1008;3;217,66;6,90;128,94;Représentant
CMD-100651;2024-05-07;12/05/2024;12/07/2024;CLI-0090;EMP-505;ENT-QC;BD-1106;1;467,01;12,00;333,09;Représentant
CMD-100260;08/03/2024;16-mars-24;10/05/2024;CLI-0143;EMP-503;ENT-QC;BD-1172;24;351,58;16,00;216,67;Représentant
CMD-101085;08-juil-24;14/07/2024;22/08/2024;CLI-0130;EMP-508;ENT-QC;BD-1182;16;80,77;25,80;56,87;Portail web
CMD-101361;2024-08-21;30/08/2024;10/10/2024;CLI-0056;EMP-502;ENT-SAG;BD-1040;11;337,36;23,50;268,77;Représentant
CMD-101434;30/08/2024;05/09/2024;08-oct-24;CLI-0083;EMP-507;ENT-QC;BD-1039;1;188,39;4,80;119,66;Portail web
CMD-100346;25/03/2024;27-mars-24;02/05/2024;CLI-0106;EMP-501;ENT-MTL;BD-1173;3;355,02;10,90;207,98;Représentant
CMD-100769;22/05/2024;2024-05-25;10/07/2024;CLI-0031;EMP-509;ENT-MTL;BD-1113;1;375,56;12,10;276,01;Représentant
CMD-100797;27/05/2024;2024-05-31;11/07/2024;CLI-0080;EMP-506;ENT-MTL;BD-1105;8;224,71;13,30;166,12;Représentant
CMD-101626;19/09/2024;22/09/2024;17-oct-24;CLI-0045;EMP-502;ENT-QC;BD-1043;3;454,99;13,80;294,10;Téléphone
CMD-100507;16/04/2024;19-avr-24;18/05/2024;CLI-0146;EMP-503;ENT-QC;BD-1016;2;351,17;15,00;219,41;Portail web
CMD-102121;18/11/2024;26/11/2024;15/12/2024;CLI-0150;EMP-502;ENT-MTL;BD-1004;12;260,01;5,10;155,56;Portail web
CMD-101135;20/07/2024;2024-07-24;08/09/2024;CLI-0139;EMP-506;ENT-SAG;BD-1059;3;448,39;15,00;324,94;Représentant
CMD-100345;25/03/2024;2024-04-02;04/05/2024;CLI-0112;EMP-505;ENT-QC;BD-1063;6;329,27;10,60;242,15;Portail web
CMD-101316;2024-08-15;19/08/2024;02/10/2024;CLI-0146;EMP-503;ENT-QC;BD-1024;6;282,95;15,30;185,46;Téléphone
CMD-100144;12/02/2024;18/02/2024;;CLI-0084;EMP-503;ENT-SAG;BD-1157;2;46,80;10,60;24,69;Portail web
CMD-100252;07/03/2024;2024-03-11;19/04/2024;CLI-0066;EMP-507;ENT-MTL;BD-1030;1;159,32;13,00;98,88;Téléphone
CMD-101828;11/10/2024;20/10/2024;20/11/2024;CLI-0017;EMP-507;ENT-MTL;BD-1154;2;455,92;14,70;323,13;Représentant
CMD-101838;11/10/2024;2024-10-17;07/12/2024;CLI-0217;EMP-506;ENT-MTL;BD-1083;2;245,82;20,00;157,14;Téléphone
CMD-100711;15/05/2024;2024-05-20;23/06/2024;CLI-0171;EMP-507;ENT-SAG;BD-1112;6;106,78;7,00;65,64;Représentant
CMD-100977;20/06/2024;27/06/2024;18-août-24;CLI-0009;EMP-502;ENT-QC;BD-1114;4;197,22;21,90;149,59;Représentant
CMD-101234;2024-08-06;14/08/2024;13/09/2024;CLI-0059;EMP-504;ENT-MTL;BD-1181;80;496,66;20,50;305,97;Représentant
CMD-101642;20/09/2024;28/09/2024;14-oct-24;CLI-0130;EMP-508;ENT-MTL;BD-1035;2;36,17;25,20;30,00;Représentant
CMD-101736;2024-10-01;05/10/2024;;CLI-0037;EMP-504;ENT-SAG;BD-1155;11;405,25;25,20;322,38;Représentant
CMD-101873;16/10/2024;25/10/2024;15-nov-24;CLI-0212;EMP-507;ENT-MTL;BD-1075;3;75,27;25,30;59,74;Représentant
CMD-100801;27/05/2024;30-mai-24;07/07/2024;CLI-0187;EMP-507;ENT-MTL;BD-1021;6;310,93;14,50;201,55;Portail web
CMD-102182;26/11/2024;01/12/2024;2024-12-25;CLI-0072;EMP-501;ENT-MTL;BD-1154;1;463,54;13,30;323,13;Courriel
CMD-100677;10/05/2024;13/05/2024;19-juin-24;CLI-0074;EMP-507;ENT-MTL;BD-1015;5;413,34;22,20;318,69;Téléphone
CMD-100774;23/05/2024;25/05/2024;20/06/2024;CLI-0059;EMP-504;ENT-QC;BD-1056;6;380,30;22,70;287,11;Représentant
CMD-102295;20/12/2024;2024-12-22;12/02/2025;CLI-0101;EMP-509;ENT-MTL;BD-1083;6;284,52;7,40;157,14;Portail web
CMD-101210;2024-08-02;11/08/2024;16/09/2024;CLI-0004;EMP-505;ENT-QC;BD-1077;8;334,68;2,10;167,57;Représentant
CMD-100905;11-juin-24;16/06/2024;22/06/2024;CLI-0163;EMP-505;ENT-SAG;BD-1051;4;124,95;3,60;78,12;Représentant
CMD-102038;05/11/2024;14/11/2024;03-janv-25;CLI-0056;EMP-502;ENT-QC;BD-1145;9;150,17;18,40;108,83;Représentant
CMD-100500;15/04/2024;21-avr-24;03/05/2024;CLI-0035;EMP-503;ENT-QC;BD-1147;8;524,56;12,30;339,78;Portail web
CMD-101447;02/09/2024;04/09/2024;11-oct-24;CLI-0127;EMP-503;ENT-QC;BD-1164;4;163,53;16,10;98,38;Portail web
CMD-101170;26-juil-24;04/08/2024;23/08/2024;CLI-0014;EMP-502;ENT-QC;BD-1119;12;86,53;5,80;58,44;Courriel
CMD-100013;04/01/2024;12/01/2024;11-févr-24;CLI-0142;EMP-508;ENT-MTL;BD-1021;3;342,40;5,90;201,55;Portail web
CMD-100377;2024-03-29;04/04/2024;20/04/2024;CLI-0177;EMP-505;ENT-QC;BD-1053;3;301,22;7,90;176,84;Portail web
CMD-102302;24/12/2024;02/01/2025;2025-01-06;CLI-0056;EMP-502;ENT-MTL;BD-1133;17;80,26;20,80;61,66;Portail web
CMD-102093;2024-11-13;21/11/2024;18/12/2024;CLI-0143;EMP-503;ENT-QC;BD-1078;4;323,40;15,60;197,64;Représentant
CMD-101078;06/07/2024;12/07/2024;19-juil-24;CLI-0162;EMP-508;ENT-MTL;BD-1109;6;404,04;12,20;303,82;Représentant
CMD-101122;2024-07-18;27/07/2024;27/08/2024;CLI-0137;EMP-503;ENT-QC;BD-1118;16;376,57;24,20;336,11;Téléphone
CMD-101718;2024-09-30;05/10/2024;28/10/2024;CLI-0200;EMP-509;ENT-QC;BD-1055;1;284,41;13,40;209,35;Représentant
CMD-101146;23/07/2024;2024-08-01;17/08/2024;CLI-0042;EMP-505;ENT-QC;BD-1039;4;169,50;14,40;119,66;Salon
CMD-100197;26/02/2024;28/02/2024;30/03/2024;CLI-0065;EMP-504;ENT-SAG;BD-1057;24;27,70;7,20;19,26;Représentant
CMD-100566;25/04/2024;2024-04-30;15/06/2024;CLI-0116;EMP-509;ENT-SAG;BD-1140;6;56,62;10,90;40,41;Portail web
CMD-100820;29-mai-24;02/06/2024;19/07/2024;CLI-0132;EMP-507;ENT-MTL;BD-1049;3;48,51;11,20;30,58;Portail web
CMD-100424;04/04/2024;09/04/2024;25-mai-24;CLI-0187;EMP-507;ENT-MTL;BD-1051;1;108,00;16,70;78,12;Représentant
CMD-100857;03/06/2024;08/06/2024;2024-07-26;CLI-0188;EMP-506;ENT-MTL;BD-1115;24;64,03;14,30;46,26;Représentant
CMD-102321;2024-12-30;04/01/2025;;CLI-0061;EMP-503;ENT-MTL;BD-1014;1;37,38;16,40;26,62;Représentant
CMD-101546;11/09/2024;2024-09-15;25/10/2024;CLI-0188;EMP-506;ENT-SAG;BD-1172;2;356,94;14,70;216,67;Portail web
CMD-102115;16/11/2024;18/11/2024;2024-12-06;CLI-0218;EMP-503;ENT-SAG;BD-1071;6;509,22;4,60;301,72;Représentant
CMD-100614;2024-05-01;03/05/2024;23/06/2024;CLI-0055;EMP-506;ENT-QC;BD-1036;6;235,31;8,40;159,06;Téléphone
CMD-101543;11/09/2024;19/09/2024;2024-10-12;CLI-0199;EMP-504;ENT-QC;BD-1057;6;26,28;11,90;19,26;Représentant
CMD-102070;11/11/2024;16/11/2024;2025-01-09;CLI-0053;EMP-509;ENT-MTL;BD-1044;3;281,86;12,70;195,45;Téléphone
CMD-101523;10/09/2024;18/09/2024;2024-10-09;CLI-0209;EMP-508;ENT-SAG;BD-1089;20;239,52;24,30;157,64;Représentant
CMD-101068;04-juil-24;13/07/2024;30/07/2024;CLI-0130;EMP-508;ENT-QC;BD-1025;10;191,05;18,30;146,28;Téléphone
CMD-101723;2024-09-30;09/10/2024;;CLI-0068;EMP-505;ENT-QC;BD-1044;3;311,06;3,70;195,45;Portail web
CMD-100641;07/05/2024;13-mai-24;26/06/2024;CLI-0090;EMP-505;ENT-QC;BD-1011;3;445,00;15,30;288,46;Représentant
CMD-100617;2024-05-02;10/05/2024;08/06/2024;CLI-0130;EMP-508;ENT-QC;BD-1103;7;179,39;21,20;151,66;Représentant
CMD-101755;03-oct-24;05/10/2024;14/11/2024;CLI-0011;EMP-507;ENT-MTL;BD-1176;6;577,78;8,40;322,02;Représentant
CMD-100934;14/06/2024;19/06/2024;07/07/2024;CLI-0061;EMP-503;ENT-QC;BD-1010;8;145,43;10,80;87,08;Portail web
CMD-100161;2024-02-16;24/02/2024;02/04/2024;CLI-0161;EMP-508;ENT-SAG;BD-1121;3;74,31;4,50;43,73;Représentant
CMD-100889;08/06/2024;14/06/2024;2024-07-06;CLI-0054;EMP-507;ENT-MTL;BD-1175;1;147,19;13,30;94,86;Portail web
CMD-101698;27/09/2024;01/10/2024;2024-10-22;CLI-0039;EMP-503;ENT-QC;BD-1073;3;435,49;3,20;255,00;Portail web
CMD-100275;12/03/2024;18/03/2024;2024-04-20;CLI-0137;EMP-503;ENT-MTL;BD-1080;19;248,68;24,80;173,12;Portail web
CMD-100881;2024-06-07;09/06/2024;25/07/2024;CLI-0031;EMP-509;ENT-QC;BD-1096;3;252,39;14,80;170,74;Téléphone
CMD-101158;24-juil-24;26/07/2024;04/09/2024;CLI-0185;EMP-508;ENT-QC;BD-1107;6;167,82;23,80;147,44;Téléphone
CMD-101731;01/10/2024;09/10/2024;13/11/2024;CLI-0215;EMP-503;ENT-QC;BD-1158;1;330,23;5,50;180,81;Représentant
CMD-101310;15/08/2024;2024-08-18;17/09/2024;CLI-0040;EMP-509;ENT-MTL;BD-1138;4;127,77;13,30;86,38;Portail web
CMD-100271;11-mars-24;14/03/2024;22/04/2024;CLI-0217;EMP-506;ENT-MTL;BD-1179;56;322,42;25,30;226,59;Représentant
CMD-100938;14/06/2024;2024-06-18;18/07/2024;CLI-0056;EMP-502;ENT-MTL;BD-1126;19;152,90;24,50;130,29;Représentant
CMD-100831;30/05/2024;05-juin-24;20/06/2024;CLI-0037;EMP-504;ENT-MTL;BD-1045;11;107,05;18,30;76,76;Représentant
CMD-100172;;2024-02-29;13/03/2024;CLI-0130;EMP-508;ENT-QC;BD-1178;6;156,99;23,50;116,97;Téléphone
CMD-101703;27/09/2024;02/10/2024;;CLI-0038;EMP-507;ENT-QC;BD-1052;3;263,43;14,20;179,27;Téléphone
CMD-101779;04/10/2024;08/10/2024;12/11/2024;CLI-0136;EMP-507;ENT-QC;BD-1072;3;355,43;10,20;196,62;Représentant
CMD-100308;18/03/2024;21-mars-24;28/04/2024;CLI-0217;EMP-506;ENT-QC;BD-1166;23;317,59;23,60;212,88;Portail web
CMD-102294;2024-12-20;22/12/2024;27/01/2025;CLI-0162;EMP-508;ENT-MTL;BD-1147;3;521,85;12,80;339,78;Représentant
CMD-100995;24/06/2024;30/06/2024;2024-07-24;CLI-0061;EMP-503;ENT-SAG;BD-1086;6;116,34;15,50;80,72;Portail web
CMD-101910;21-oct-24;30/10/2024;13/11/2024;CLI-0169;EMP-507;ENT-MTL;BD-1137;3;36,17;15,50;25,06;Représentant
CMD-101832;11-oct-24;16/10/2024;08/12/2024;CLI-0217;EMP-506;ENT-SAG;BD-1083;7;244,37;20,50;157,14;Courriel
CMD-102233;04-déc-24;12/12/2024;31/12/2024;CLI-0017;EMP-507;ENT-MTL;BD-1086;8;120,17;12,80;80,72;Téléphone
CMD-100369;28/03/2024;30/03/2024;2024-04-17;CLI-0150;EMP-502;ENT-QC;BD-1182;3;104,49;4,00;56,87;Représentant
CMD-100293;14/03/2024;2024-03-16;;CLI-0187;EMP-507;ENT-MTL;BD-1164;3;171,37;12,10;98,38;Portail web
CMD-101587;14/09/2024;17/09/2024;30-oct-24;CLI-0037;EMP-504;ENT-SAG;BD-1035;26;38,92;19,50;30,00;Salon
CMD-101479;04/09/2024;08/09/2024;2024-10-25;CLI-0029;EMP-506;ENT-SAG;BD-1163;4;487,79;20,50;294,58;Téléphone
CMD-101583;13/09/2024;17-sept-24;07/11/2024;CLI-0151;EMP-504;ENT-QC;BD-1093;8;216,41;3,30;132,18;Représentant
CMD-102269;13/12/2024;17/12/2024;08-févr-25;CLI-0002;EMP-509;ENT-QC;BD-1094;2;196,12;3,80;121,74;Représentant
CMD-100430;05/04/2024;12/04/2024;03/05/2024;CLI-0033;EMP-504;ENT-SAG;BD-1176;1;528,82;16,10;322,02;Représentant
CMD-100966;2024-06-18;26/06/2024;13/08/2024;CLI-0140;EMP-502;ENT-MTL;BD-1049;3;53,30;2,50;30,58;Représentant
CMD-101856;2024-10-14;21/10/2024;18/11/2024;CLI-0009;EMP-502;ENT-SAG;BD-1149;12;142,39;22,20;108,85;Représentant
CMD-100520;2024-04-18;20/04/2024;15/05/2024;CLI-0128;EMP-502;ENT-SAG;BD-1159;1;250,78;13,20;166,16;Représentant
CMD-100999;2024-06-25;28/06/2024;15/07/2024;CLI-0212;EMP-507;ENT-QC;BD-1158;9;281,28;19,50;180,81;Représentant
CMD-101767;03/10/2024;12-oct-24;24/10/2024;CLI-0041;EMP-508;ENT-SAG;BD-1101;3;93,16;14,10;62,94;Représentant
CMD-100539;2024-04-20;26/04/2024;12/06/2024;CLI-0056;EMP-502;ENT-QC;BD-1056;24;370,14;24,70;287,11;Portail web
CMD-100737;17/05/2024;25/05/2024;30-juin-24;CLI-0029;EMP-506;ENT-SAG;BD-1112;2;87,01;24,30;65,64;Courriel
CMD-102282;18/12/2024;2024-12-24;12/01/2025;CLI-0123;EMP-501;ENT-SAG;BD-1157;6;45,23;13,60;24,69;Représentant
CMD-102175;2024-11-26;01/12/2024;08/01/2025;CLI-0146;EMP-503;ENT-QC;BD-1069;8;334,56;16,10;198,50;Téléphone
CMD-101544;11/09/2024;16/09/2024;2024-09-25;CLI-0209;EMP-508;ENT-SAG;BD-1032;18;440,91;19,50;339,97;Portail web
CMD-101935;23/10/2024;31/10/2024;2024-12-17;CLI-0025;EMP-509;ENT-QC;BD-1097;24;311,90;15,20;210,05;Représentant
CMD-102241;2024-12-06;08/12/2024;31/12/2024;CLI-0063;EMP-503;ENT-QC;BD-1166;2;357,00;14,10;212,88;Courriel
CMD-100299;2024-03-15;21/03/2024;12/04/2024;CLI-0177;EMP-505;ENT-MTL;BD-1033;12;177,91;5,10;110,89;Portail web
CMD-100119;05/02/2024;13/02/2024;2024-02-21;CLI-0175;EMP-505;ENT-MTL;BD-1040;24;428,66;2,70;268,77;Représentant
CMD-102057;08/11/2024;16-nov-24;19/12/2024;CLI-0212;EMP-507;ENT-QC;BD-1069;3;316,56;20,60;198,50;Représentant
CMD-100008;2024-01-02;05/01/2024;04/02/2024;CLI-0141;EMP-502;ENT-QC;BD-1115;1;67,18;10,00;46,26;Représentant
CMD-100416;04/04/2024;13/04/2024;22/05/2024;CLI-0029;EMP-506;ENT-MTL;BD-1176;9;480,93;23,70;322,02;Représentant
CMD-100149;14-févr-24;17/02/2024;10/03/2024;CLI-0125;EMP-509;ENT-SAG;BD-1127;3;290,88;3,40;170,72;Représentant
CMD-101539;11/09/2024;18/09/2024;2024-10-21;CLI-0208;EMP-507;ENT-QC;BD-1038;24;493,39;10,60;313,36;Représentant
CMD-101851;14/10/2024;17-oct-24;18/11/2024;CLI-0118;EMP-504;ENT-SAG;BD-1029;2;352,08;10,20;238,44;Représentant
CMD-101805;08/10/2024;14/10/2024;2024-11-10;CLI-0137;EMP-503;ENT-SAG;BD-1063;8;276,73;24,90;242,15;Portail web
CMD-101459;03-sept-24;11/09/2024;21/10/2024;CLI-0182;EMP-503;ENT-QC;BD-1081;12;496,43;16,30;302,82;Portail web
CMD-100828;30/05/2024;08/06/2024;2024-07-07;CLI-0171;EMP-507;ENT-QC;BD-1165;2;172,44;6,30;105,70;Salon
CMD-101977;29/10/2024;07/11/2024;31-déc-24;CLI-0076;EMP-507;ENT-MTL;BD-1149;6;143,63;21,60;108,85;Téléphone
CMD-100493;13/04/2024;17/04/2024;02/05/2024;CLI-0047;EMP-508;ENT-MTL;BD-1053;2;283,83;13,20;176,84;Portail web
CMD-100329;2024-03-20;25/03/2024;16/05/2024;CLI-0214;EMP-508;ENT-QC;BD-1114;8;246,13;2,60;149,59;Représentant
CMD-100107;02/02/2024;07/02/2024;09/03/2024;CLI-0005;EMP-503;ENT-QC;BD-1175;1;162,64;4,20;94,86;Représentant
CMD-102078;11/11/2024;13/11/2024;01-janv-25;CLI-0084;EMP-503;ENT-MTL;BD-1088;2;542,19;13,90;335,85;Représentant
CMD-101872;16/10/2024;25/10/2024;2024-12-07;CLI-0025;EMP-509;ENT-QC;BD-1156;2;261,27;13,50;161,25;Téléphone
CMD-100947;15/06/2024;24/06/2024;2024-07-25;CLI-0139;EMP-506;ENT-QC;BD-1106;8;466,82;12,00;333,09;Salon
CMD-101300;14/08/2024;2024-08-17;03/09/2024;CLI-0041;EMP-508;ENT-QC;BD-1135;6;64,84;11,50;39,89;Représentant
CMD-102139;19/11/2024;28-nov-24;14/01/2025;CLI-0080;EMP-506;ENT-SAG;BD-1144;1;153,38;14,10;96,31;Téléphone
CMD-101045;2024-07-01;05/07/2024;21/07/2024;CLI-0015;EMP-509;ENT-SAG;BD-1122;3;333,89;2,10;208,30;Représentant
CMD-101652;2024-09-23;26/09/2024;29/10/2024;CLI-0157;EMP-502;ENT-QC;BD-1161;6;117,46;13,00;62,84;Représentant
CMD-101478;04/09/2024;13-sept-24;17/10/2024;CLI-0009;EMP-502;ENT-QC;BD-1092;5;0,00;24,40;140,04;Représentant
CMD-102076;11/11/2024;16/11/2024;06-janv-25;CLI-0208;EMP-507;ENT-QC;BD-1153;3;178,45;11,10;113,61;Représentant
CMD-101603;2024-09-16;20/09/2024;29/10/2024;CLI-0040;EMP-509;ENT-QC;BD-1090;8;85,10;11,20;57,58;Représentant
CMD-101389;26/08/2024;01/09/2024;2024-10-13;CLI-0207;EMP-501;ENT-SAG;BD-1063;6;336,64;8,60;242,15;Courriel
CMD-102277;16/12/2024;2024-12-22;11/02/2025;CLI-0217;EMP-506;ENT-QC;BD-1043;34;416,68;21,00;294,10;Représentant
CMD-100352;26/03/2024;01-avr-24;12/05/2024;cli-0056;EMP-502;ENT-MTL;BD-1075;2;81,78;18,80;59,74;Téléphone
CMD-101590;14/09/2024;2024-09-23;31/10/2024;CLI-0085;EMP-503;ENT-SAG;BD-1166;4;392,00;5,70;212,88;Salon
CMD-101435;30/08/2024;2024-09-02;13/10/2024;CLI-0119;EMP-503;ENT-MTL;BD-1008;3;217,66;6,90;128,94;Représentant
CMD-102249;2024-12-09;11/12/2024;04/01/2025;CLI-0144;EMP-502;ENT-MTL;BD-1133;4;85,46;15,70;61,66;Portail web
CMD-100409;03-avr-24;09/04/2024;10/05/2024;CLI-0112;EMP-505;ENT-SAG;BD-1136;6;184,83;11,00;110,14;Téléphone
CMD-100050;16/01/2024;2024-01-25;;CLI-0044;EMP-505;ENT-QC;BD-1138;2;131,93;10,40;86,38;Représentant
CMD-101950;24/10/2024;30/10/2024;2024-12-06;CLI-0162;EMP-508;ENT-SAG;BD-1173;1;332,86;16,50;207,98;Portail web
CMD-100863;04/06/2024;06/06/2024;2024-07-01;CLI-0050;EMP-502;ENT-MTL;BD-1049;2;47,19;13,60;30,58;Représentant
CMD-100219;2024-03-01;05/03/2024;30/03/2024;CLI-0181;EMP-504;ENT-QC;BD-1150;8;607,11;3,00;339,92;Représentant
CMD-101563;12/09/2024;2024-09-19;02/11/2024;CLI-0025;EMP-509;ENT-SAG;BD-1084;12;511,82;11,80;312,00;Représentant
CMD-100548;22/04/2024;30/04/2024;2024-06-01;CLI-0007;EMP-508;ENT-MTL;BD-1120;12;279,20;5,90;182,88;Portail web
CMD-100489;2024-04-12;15/04/2024;11/05/2024;CLI-0209;EMP-508;ENT-MTL;BD-1050;19;374,98;25,60;291,69;Courriel
CMD-100047;15/01/2024;18/01/2024;28-févr-24;CLI-0037;EMP-504;ENT-QC;BD-1010;20;129,34;20,70;87,08;Représentant
CMD-101623;18/09/2024;2024-09-22;29/10/2024;CLI-0137;EMP-503;ENT-QC;BD-1100;12;419,72;21,80;306,44;Portail web
CMD-101659;23/09/2024;2024-09-25;01/10/2024;CLI-0064;EMP-504;ENT-QC;BD-1073;1;436,16;3,00;255,00;Portail web
CMD-100161;16/02/2024;2024-02-24;02/04/2024;CLI-0161;EMP-508;ENT-SAG;BD-1108;12;260,77;4,50;166,46;Portail web
CMD-102056;07/11/2024;09/11/2024;2024-12-04;CLI-0133;EMP-508;ENT-MTL;BD-1160;4;69,68;11,50;40,71;Courriel
CMD-101817;2024-10-09;16/10/2024;24/11/2024;CLI-0190;EMP-504;ENT-MTL;BD-1111;2;209,20;5,60;145,84;Courriel
CMD-100300;15/03/2024;24/03/2024;25/03/2024;CLI-0127;EMP-503;ENT-MTL;BD-1168;6;348,53;12,90;224,71;Portail web
CMD-100642;07/05/2024;13/05/2024;14-juin-24;CLI-0089;EMP-502;ENT-SAG;BD-1044;3;239,78;25,80;195,45;Courriel
CMD-101329;16/08/2024;21/08/2024;25/09/2024;CLI-0139;EMP-506;ENT-SAG;BD-1151;1;132,54;16,60;90,35;Téléphone
CMD-100769;2024-05-22;25/05/2024;10/07/2024;CLI-0031;EMP-509;ENT-MTL;BD-1062;3;158,04;12,10;112,54;Représentant
CMD-100764;2024-05-22;27/05/2024;28/07/2024;CLI-0150;EMP-502;ENT-MTL;BD-1126;1;186,21;8,00;130,29;Représentant
CMD-100783;24/05/2024;2024-05-26;08/07/2024;CLI-0017;EMP-507;ENT-MTL;BD-1175;6;142,96;15,80;94,86;Courriel
CMD-101895;18-oct-24;27/10/2024;08/11/2024;CLI-0077;EMP-501;ENT-QC;BD-1078;2;366,56;4,40;197,64;Représentant
CMD-101324;16/08/2024;24/08/2024;2024-09-16;CLI-0031;EMP-509;ENT-QC;BD-1033;4;161,03;14,10;110,89;Salon
CMD-102165;23/11/2024;02/12/2024;2024-12-31;CLI-0099;EMP-505;ENT-QC;BD-1086;3;108,96;20,90;80,72;Portail web
CMD-101820;10/10/2024;2024-10-16;17/11/2024;CLI-0076;EMP-507;ENT-MTL;BD-1085;8;52,83;21,40;40,90;Portail web
CMD-102221;02/12/2024;04-déc-24;10/12/2024;CLI-0093;EMP-508;ENT-MTL;BD-1144;2;153,83;13,80;96,31;Représentant
CMD-100513;17/04/2024;21/04/2024;19/06/2024;CLI-0209;EMP-508;ENT-MTL;BD-1032;12;405,22;26,00;339,97;Représentant
CMD-101998;30/10/2024;02-nov-24;15/12/2024;CLI-0029;EMP-506;ENT-MTL;BD-1019;20;229,99;23,60;170,21;Représentant
CMD-100028;2024-01-08;10/01/2024;05/03/2024;CLI-0056;EMP-502;ENT-MTL;BD-1179;3;336,26;22,10;226,59;Représentant
CMD-100559;24/04/2024;2024-04-27;17/05/2024;CLI-0182;EMP-503;ENT-MTL;BD-1049;8;48,93;10,40;30,58;Courriel
CMD-100207;;02/03/2024;11-avr-24;CLI-0211;EMP-504;ENT-SAG;BD-1068;2;501,28;11,10;284,28;Courriel
CMD-101259;09/08/2024;14/08/2024;01/09/2024;CLI-0059;EMP-504;ENT-QC;BD-1110;26;212,12;25,30;178,91;Représentant
CMD-100154;14/02/2024;2024-02-17;20/03/2024;CLI-0162;EMP-508;ENT-SAG;BD-1169;1;489,76;15,10;276,47;Représentant
CMD-100752;2024-05-21;28/05/2024;20/06/2024;CLI-0210;EMP-503;ENT-MTL;BD-1020;1;53,47;7,00;32,44;Représentant
CMD-101255;08-août-24;16/08/2024;12/09/2024;CLI-0057;EMP-507;ENT-QC;BD-1071;6;470,93;11,80;301,72;Représentant
CMD-101541;2024-09-11;16/09/2024;11/10/2024;CLI-0059;EMP-504;ENT-SAG;BD-1097;58;288,36;21,60;210,05;Téléphone
CMD-100213;2024-03-01;09/03/2024;09/04/2024;CLI-0037;EMP-504;ENT-QC;BD-1086;3;108,82;21,00;80,72;Représentant
CMD-100501;15-avr-24;18/04/2024;28/05/2024;CLI-0164;EMP-509;ENT-MTL;BD-1181;8;580,58;7,10;305,97;Représentant
CMD-101456;02/09/2024;11/09/2024;;CLI-0076;EMP-507;ENT-MTL;BD-1167;13;297,79;19,80;205,42;Représentant
CMD-100572;26-avr-24;04/05/2024;25/05/2024;CLI-0199;EMP-504;ENT-MTL;BD-1063;12;325,12;11,70;242,15;Représentant
CMD-101678;25/09/2024;04/10/2024;19-oct-24;CLI-0018;EMP-503;ENT-MTL;BD-1102;3;455,05;6,10;255,33;Représentant
CMD-100618;02-mai-24;05/05/2024;18/06/2024;CLI-0080;EMP-506;ENT-MTL;BD-1108;3;237,43;13,10;166,46;Représentant
CMD-101696;2024-09-27;06/10/2024;30/10/2024;CLI-0139;EMP-506;ENT-MTL;BD-1053;4;275,12;15,90;176,84;Représentant
CMD-102042;06/11/2024;15/11/2024;27-déc-24;CLI-0096;EMP-504;ENT-SAG;BD-1155;1;499,30;7,90;322,38;Représentant
CMD-101982;29/10/2024;01-nov-24;10/12/2024;CLI-0137;EMP-503;ENT-QC;BD-1019;25;233,14;22,60;170,21;Représentant
CMD-101003;26/06/2024;2024-06-30;05/08/2024;CLI-0089;EMP-502;ENT-QC;BD-1001;6;249,09;25,70;182,30;Représentant
CMD-100688;13/05/2024;20/05/2024;2024-06-28;CLI-0116;EMP-509;ENT-QC;BD-1040;1;380,77;13,60;268,77;Portail web
CMD-101918;2024-10-21;26/10/2024;11/11/2024;CLI-0137;EMP-503;ENT-QC;BD-1083;12;243,79;20,60;157,14;Représentant
CMD-100975;19/06/2024;24/06/2024;02-sept-24;CLI-0130;EMP-508;ENT-MTL;BD-1008;26;185,76;20,60;128,94;Représentant
CMD-101846;12/10/2024;2024-10-19;05/12/2024;CLI-0191;EMP-504;ENT-QC;BD-1146;2;330,60;12,00;220,88;Courriel
CMD-101029;28/06/2024;03-juil-24;16/08/2024;CLI-0085;EMP-503;ENT-SAG;BD-1111;3;216,49;2,30;145,84;Portail web
CMD-100294;14/03/2024;23/03/2024;28/04/2024;CLI-0073;EMP-501;ENT-SAG;BD-1182;4;97,86;10,10;56,87;Portail web
CMD-100141;2024-02-12;18/02/2024;22/03/2024;CLI-0063;EMP-503;ENT-QC;BD-1168;1;345,43;13,60;224,71;Courriel
CMD-101569;12/09/2024;19/09/2024;2024-10-21;CLI-0012;EMP-501;ENT-SAG;BD-1175;12;138,54;18,40;94,86;Courriel
CMD-102046;06/11/2024;2024-11-14;02/01/2025;CLI-0204;EMP-506;ENT-QC;BD-1102;2;467,26;3,60;255,33;Représentant
CMD-100647;07/05/2024;2024-05-13;23/06/2024;CLI-0121;EMP-508;ENT-MTL;BD-1164;3;169,41;13,10;98,38;Salon
CMD-101570;12/09/2024;15-sept-24;25/10/2024;CLI-0139;EMP-506;ENT-SAG;BD-1044;2;286,85;11,20;195,45;Représentant
CMD-101226;2024-08-05;13/08/2024;07/10/2024;CLI-0029;EMP-506;ENT-QC;BD-1084;13;430,25;25,90;312,00;Courriel
CMD-101425;29/08/2024;07/09/2024;2024-09-29;CLI-0038;EMP-507;ENT-MTL;BD-1028;6;198,93;15,90;140,77;Représentant
CMD-100488;12/04/2024;2024-04-21;15/05/2024;CLI-0199;EMP-504;ENT-SAG;BD-1155;1;455,58;15,90;322,38;Portail web
CMD-101079;06/07/2024;2024-07-14;14/08/2024;CLI-0166;EMP-503;ENT-MTL;BD-1121;2;69,16;11,20;43,73;Représentant
CMD-100164;2024-02-16;18/02/2024;03/04/2024;CLI-0212;EMP-507;ENT-MTL;BD-1167;12;284,22;23,40;205,42;Représentant
CMD-100085;26/01/2024;04/02/2024;21/03/2024;CLI-0148;EMP-501;ENT-QC;BD-1086;12;115,58;16,10;80,72;Portail web
CMD-101591;16/09/2024;21-sept-24;15/10/2024;CLI-0217;EMP-506;ENT-MTL;BD-1046;6;380,48;20,30;308,91;Téléphone
CMD-100408;03/04/2024;2024-04-11;16/05/2024;CLI-0056;EMP-502;ENT-MTL;BD-1123;9;163,76;24,70;129,56;Téléphone
CMD-101284;12/08/2024;20/08/2024;19-oct-24;CLI-0120;EMP-509;ENT-QC;BD-1032;8;533,07;2,60;339,97;Portail web
CMD-100418;2024-04-04;10/04/2024;14/05/2024;CLI-0049;EMP-508;ENT-QC;BD-1172;2;365,19;12,80;216,67;Représentant
CMD-100805;2024-05-28;06/06/2024;15/06/2024;CLI-0087;EMP-502;ENT-MTL;BD-1014;8;37,70;15,60;26,62;Représentant
CMD-101438;30/08/2024;02-sept-24;07/10/2024;CLI-0092;EMP-508;ENT-QC;BD-1159;6;269,70;6,70;166,16;Représentant
CMD-100203;2024-02-27;05/03/2024;28/03/2024;CLI-0217;EMP-506;ENT-MTL;BD-1024;11;263,09;21,30;185,46;Téléphone
CMD-100123;06/02/2024;2024-02-09;28/03/2024;CLI-0158;EMP-507;ENT-MTL;BD-1058;8;223,45;8,70;146,46;Représentant
CMD-100123;06/02/2024;09/02/2024;28/03/2024;CLI-0158;EMP-507;ENT-MTL;BD-1161;4;123260,00;8,70;62,84;Téléphone
CMD-101206;02-août-24;05/08/2024;;CLI-0144;EMP-502;ENT-MTL;BD-1059;12;447,70;15,10;324,94;Représentant
CMD-101797;07/10/2024;09/10/2024;29/10/2024;CLI-0034;EMP-507;ENT-QC;BD-1007;6;90,28;12,60;55,96;Téléphone
CMD-100308;2024-03-18;21/03/2024;28/04/2024;CLI-0217;EMP-506;ENT-QC;BD-1174;2;225,59;23,60;165,53;Représentant
CMD-101568;12/09/2024;2024-09-17;31/10/2024;CLI-0006;EMP-505;ENT-QC;BD-1073;12;403,38;10,30;255,00;Téléphone
CMD-101650;23/09/2024;28/09/2024;09/11/2024;CLI-0130;EMP-508;ENT-MTL;BD-1059;13;432,35;18,00;324,94;Courriel
CMD-101217;02/08/2024;09/08/2024;2024-08-29;CLI-0031;EMP-509;ENT-SAG;BD-1060;8;356,06;10,00;241,90;Téléphone
CMD-100095;30/01/2024;2024-02-07;08/03/2024;CLI-0009;EMP-502;ENT-QC;BD-1132;9;162,20;18,30;125,81;Portail web
CMD-101626;19/09/2024;2024-09-22;17/10/2024;CLI-0045;EMP-502;ENT-QC;BD-1019;12;259,52;13,80;170,21;Représentant
CMD-100853;03/06/2024;2024-06-06;25/07/2024;CLI-0087;EMP-502;ENT-MTL;BD-1109;12;384,73;16,40;303,82;Représentant
CMD-100650;07/05/2024;2024-05-10;05/06/2024;CLI-0066;EMP-507;ENT-MTL;BD-1113;4;369,49;13,50;276,01;Portail web
CMD-102234;04/12/2024;13/12/2024;2025-01-17;CLI-0079;EMP-509;ENT-QC;BD-1152;2;466,68;3,00;265,82;Téléphone
CMD-100483;12-avr-24;16/04/2024;05/06/2024;CLI-0063;EMP-503;ENT-SAG;BD-1169;3;478,81;17,00;276,47;Portail web
CMD-101795;2024-10-07;16/10/2024;13/11/2024;CLI-0169;EMP-507;ENT-MTL;BD-1071;3;455,75;14,60;301,72;Courriel
CMD-101885;17/10/2024;25/10/2024;2024-11-28;CLI-0074;EMP-507;ENT-SAG;BD-1080;9;256,96;22,30;173,12;Courriel
CMD-100884;07/06/2024;2024-06-15;16/07/2024;CLI-0063;EMP-503;ENT-QC;BD-1112;8;103,25;10,10;65,64;Portail web
CMD-100468;11/04/2024;17/04/2024;14/05/2024;CLI-0029;EMP-506;ENT-MTL;BD-1103;13;186,11;18,30;151,66;Représentant
CMD-101325;16/08/2024;23-août-24;22/10/2024;CLI-0200;EMP-509;ENT-QC;BD-1044;6;282,60;12,50;195,45;Portail web
CMD-101838;11/10/2024;2024-10-17;07/12/2024;CLI-0217;EMP-506;ENT-MTL;BD-1121;3;62,30;20,00;43,73;Représentant
CMD-101859;2024-10-15;19/10/2024;24/11/2024;CLI-0019;EMP-502;ENT-QC;BD-1154;4;496,94;7,00;323,13;Courriel
CMD-102264;2024-12-13;15/12/2024;08/02/2025;CLI-0115;EMP-509;ENT-MTL;BD-1174;4;259,08;12,20;165,53;Courriel
CMD-102250;09-déc-24;17/12/2024;31/12/2024;CLI-0212;EMP-507;ENT-SAG;BD-1101;73;86,40;20,40;62,94;Représentant
CMD-100413;03/04/2024;2024-04-12;30/04/2024;CLI-0011;EMP-507;ENT-QC;BD-1168;2;381,18;4,70;224,71;Courriel
CMD-101044;01/07/2024;2024-07-06;02/08/2024;CLI-0037;EMP-504;ENT-QC;BD-1104;15;86,56;21,80;75,12;Téléphone
CMD-101153;24-juil-24;30/07/2024;24/08/2024;CLI-0013;EMP-507;ENT-QC;BD-1111;3;208,49;5,90;145,84;Représentant
CMD-100489;12/04/2024;15/04/2024;11/05/2024;CLI-0209;EMP-508;ENT-MTL;BD-1049;17;40,64;25,60;30,58;Représentant
CMD-100553;23/04/2024;2024-04-27;23/05/2024;CLI-0195;EMP-506;ENT-QC;BD-1059;3;439,10;16,70;324,94;Téléphone
CMD-100941;14/06/2024;2024-06-19;31/07/2024;CLI-0138;EMP-506;ENT-SAG;BD-1079;1;250,25;5,10;144,83;Représentant
CMD-101171;27/07/2024;03/08/2024;2024-08-26;CLI-0029;EMP-506;ENT-MTL;BD-1106;5;421,50;20,60;333,09;Courriel
CMD-101663;24/09/2024;30-sept-24;30/10/2024;CLI-0128;EMP-502;ENT-QC;BD-1095;2;87,69;15,40;53,64;Représentant
CMD-101675;25/09/2024;2024-10-01;05/11/2024;CLI-0043;EMP-506;ENT-MTL;BD-1086;1;123,80;10,10;80,72;Téléphone
CMD-101581;2024-09-13;22/09/2024;08/11/2024;CLI-0112;EMP-505;ENT-QC;BD-1038;8;474,29;14,00;313,36;Représentant
CMD-101116;17/07/2024;22/07/2024;23-août-24;CLI-0173;EMP-508;ENT-SAG;BD-1013;3;455,33;11,80;308,85;Portail web
CMD-101467;2024-09-04;07/09/2024;29/09/2024;CLI-0214;EMP-508;ENT-QC;BD-1165;2;174,60;5,10;105,70;Portail web
CMD-101709;27/09/2024;2024-09-29;01/11/2024;CLI-0029;EMP-506;ENT-MTL;BD-1042;15;331,10;25,00;261,53;Représentant
CMD-100707;14/05/2024;21/05/2024;17-juin-24;CLI-0112;EMP-505;ENT-QC;BD-1039;1;175,14;11,50;119,66;Téléphone
CMD-101113;16/07/2024;23-juil-24;09/09/2024;CLI-0038;EMP-507;ENT-QC;BD-1045;1;110,84;15,40;76,76;Portail web
CMD-101453;02/09/2024;2024-09-10;06/10/2024;CLI-0037;EMP-504;ENT-QC;BD-1037;8;24,09;19,50;16,31;Représentant
CMD-101807;08/10/2024;13/10/2024;2024-10-21;CLI-0172;EMP-502;ENT-QC;BD-1155;3;529,28;2,30;322,38;Téléphone
CMD-101803;08/10/2024;17-oct-24;23/11/2024;CLI-0100;EMP-505;ENT-QC;BD-1090;6;92,55;3,40;57,58;Téléphone
CMD-101948;24/10/2024;26-oct-24;13/12/2024;CLI-0041;EMP-508;ENT-QC;BD-1084;12;504,24;13,20;312,00;Téléphone
CMD-100607;01/05/2024;07-mai-24;04/06/2024;CLI-0137;EMP-503;ENT-QC;BD-1007;7;79,10;23,40;55,96;Représentant
CMD-100483;12/04/2024;16/04/2024;2024-06-05;CLI-0063;EMP-503;ENT-SAG;BD-1048;3;42,51;17,00;32,82;Représentant
CMD-100430;05/04/2024;12/04/2024;2024-05-03;CLI-0033;EMP-504;ENT-SAG;BD-1179;1;361,97;16,10;226,59;Portail web
CMD-101933;23/10/2024;30-oct-24;01/12/2024;CLI-0099;EMP-505;ENT-MTL;BD-1130;21;448,24;20,60;317,23;Représentant
CMD-100580;27/04/2024;2024-05-01;30/05/2024;CLI-0130;EMP-508;ENT-MTL;BD-1142;9;128,44;21,20;98,85;Représentant
CMD-100676;2024-05-10;14/05/2024;29/06/2024;CLI-0118;EMP-504;ENT-QC;BD-1145;2;153,91;16,40;108,83;Portail web
CMD-101020;27/06/2024;03/07/2024;2024-08-20;CLI-0082;EMP-504;ENT-QC;BD-1038;8;506,68;8,20;313,36;Portail web
CMD-100974;2024-06-19;23/06/2024;26/07/2024;CLI-0089;EMP-502;ENT-QC;BD-1025;6;190,43;18,60;146,28;Représentant
CMD-101047;2024-07-01;09/07/2024;05/08/2024;CLI-0196;EMP-506;ENT-MTL;BD-1131;4;63,12;5,80;36,32;Téléphone
CMD-102188;27/11/2024;05/12/2024;2024-12-26;CLI-0195;EMP-506;ENT-QC;BD-1088;3;548,78;12,90;335,85;Portail web
CMD-101226;2024-08-05;13/08/2024;07/10/2024;CLI-0029;EMP-506;ENT-QC;BD-1084;13;430,25;25,90;312,00;Courriel
CMD-100371;2024-03-28;03/04/2024;09/05/2024;CLI-0014;EMP-502;ENT-SAG;BD-1066;2;327,45;4,90;199,26;Représentant
CMD-100996;2024-06-25;03/07/2024;05/09/2024;CLI-0173;EMP-508;ENT-QC;BD-1097;1;327,01;11,10;210,05;Représentant
CMD-101311;15/08/2024;24/08/2024;2024-09-18;CLI-0134;EMP-509;ENT-SAG;BD-1063;6;352,01;4,40;242,15;Portail web
CMD-101481;2024-09-04;11/09/2024;08/11/2024;CLI-0148;EMP-501;ENT-MTL;BD-1094;2;180,85;11,30;121,74;Représentant
CMD-101800;08/10/2024;15-oct-24;;CLI-0034;EMP-507;ENT-MTL;BD-1069;6;352,98;11,50;198,50;Salon
CMD-101548;11-sept-24;17/09/2024;18/10/2024;CLI-0040;EMP-509;ENT-QC;BD-1054;12;395,24;15,20;257,53;Portail web
CMD-100874;06/06/2024;13/06/2024;2024-08-12;CLI-0196;EMP-506;ENT-SAG;BD-1028;3;231,30;2,20;140,77;Représentant
CMD-100036;10/01/2024;13/01/2024;28/02/2024;CLI-0199;EMP-504;ENT-QC;BD-1142;4;145,56;10,70;98,85;Représentant
CMD-101940;2024-10-23;28/10/2024;18/12/2024;CLI-0059;EMP-504;ENT-SAG;BD-1147;19;489,38;18,20;339,78;Représentant
CMD-101289;13-août-24;22/08/2024;14/10/2024;CLI-0130;EMP-508;ENT-QC;BD-1002;12;374,84;20,00;292,58;Représentant
CMD-100294;14/03/2024;23/03/2024;2024-04-28;CLI-0073;EMP-501;ENT-SAG;BD-1124;2;229,19;10,10;150,61;Représentant
CMD-100864;04/06/2024;08/06/2024;05-août-24;CLI-0014;EMP-502;ENT-MTL;BD-1107;2;210,56;4,40;147,44;Représentant
CMD-100110;2024-02-02;09/02/2024;10/02/2024;CLI-0089;EMP-502;ENT-MTL;BD-1098;11;337,88;23,40;257,11;Courriel
CMD-102242;06/12/2024;10/12/2024;16/01/2025;CLI-0113;EMP-505;ENT-MTL;BD-1080;8;311,85;5,70;173,12;Téléphone
CMD-101477;04/09/2024;2024-09-12;21/10/2024;CLI-0188;EMP-506;ENT-SAG;BD-1042;1;366,67;16,90;261,53;Représentant
CMD-101835;2024-10-11;19/10/2024;30/11/2024;CLI-0012;EMP-501;ENT-SAG;BD-1149;10;140,67;23,20;108,85;Représentant
CMD-101167;26/07/2024;02/08/2024;2024-09-21;CLI-0029;EMP-506;ENT-QC;BD-1057;6;23,14;22,50;19,26;Portail web
CMD-101204;01/08/2024;05/08/2024;21/08/2024;CLI-0029;EMP-506;ENT-QC;BD-1061;5;91,35;22,70;75,23;Portail web
CMD-101059;03/07/2024;07/07/2024;18/08/2024;CLI-0009;EMP-502;ENT-MTL;BD-1173;2;306,89;23,00;207,98;Représentant
CMD-101244;07/08/2024;10/08/2024;14-sept-24;CLI-0143;EMP-503;ENT-QC;BD-1028;3;202,46;14,40;140,77;Portail web
CMD-101189;31/07/2024;07/08/2024;16-sept-24;CLI-0089;EMP-502;ENT-QC;BD-1010;21;121,14;25,70;87,08;Téléphone
CMD-102168;25/11/2024;02/12/2024;13/01/2025;CLI-0012;EMP-501;ENT-SAG;BD-1086;5;112,46;18,40;80,72;Représentant
CMD-101972;28/10/2024;06/11/2024;29/12/2024;CLI-0112;EMP-505;ENT-QC;BD-1181;4;522,96;16,30;305,97;Représentant
CMD-101836;11/10/2024;18/10/2024;2024-11-25;CLI-0214;EMP-508;ENT-MTL;BD-1001;4;305,59;8,80;182,30;Téléphone
CMD-101221;03/08/2024;2024-08-10;10/09/2024;CLI-0134;EMP-509;ENT-QC;BD-1077;2;318,48;6,80;167,57;Représentant
CMD-101662;24/09/2024;2024-09-27;01/11/2024;CLI-0137;EMP-503;ENT-SAG;BD-1064;23;102,25;18,40;69,43;Représentant
CMD-100526;18/04/2024;27/04/2024;2024-06-04;CLI-0108;EMP-503;ENT-QC;BD-1044;3;277,65;14,10;195,45;Représentant
CMD-102025;02/11/2024;08/11/2024;25-déc-24;CLI-0009;EMP-502;ENT-QC;BD-1155;5;437,52;19,30;322,38;Représentant
CMD-100109;02/02/2024;2024-02-05;15/03/2024;CLI-0206;EMP-503;ENT-QC;BD-1146;8;315,76;15,90;220,88;Salon
CMD-101449;02/09/2024;2024-09-07;08/10/2024;CLI-0076;EMP-507;ENT-MTL;BD-1111;9;166,01;25,10;145,84;Représentant
CMD-100268;2024-03-11;16/03/2024;30/04/2024;CLI-0198;EMP-504;ENT-QC;BD-1175;3;156,76;7,70;94,86;Représentant
CMD-100962;18/06/2024;2024-06-25;02/08/2024;CLI-0146;EMP-503;ENT-MTL;BD-1114;2;209,83;16,90;149,59;Représentant
CMD-100481;11/04/2024;15-avr-24;18/05/2024;CLI-0145;EMP-504;ENT-SAG;BD-1045;2;120,76;7,90;76,76;Téléphone
CMD-101238;2024-08-06;12/08/2024;30/08/2024;CLI-0191;EMP-504;ENT-MTL;BD-1061;2;106,03;10,20;75,23;Représentant
CMD-101990;30/10/2024;2024-11-04;28/11/2024;CLI-0029;EMP-506;ENT-MTL;BD-1049;8;42,57;22,10;30,58;Portail web
CMD-100740;18/05/2024;2024-05-20;24/06/2024;CLI-0084;EMP-503;ENT-SAG;BD-1127;2;267,13;11,30;170,72;Représentant
CMD-100918;2024-06-12;15/06/2024;06/08/2024;CLI-0095;EMP-505;ENT-SAG;BD-1166;3;381,59;8,20;212,88;Représentant
CMD-100064;19/01/2024;2024-01-28;02/03/2024;CLI-0012;EMP-501;ENT-MTL;BD-1117;17;115,70;21,90;98,28;Représentant
CMD-101066;04/07/2024;07/07/2024;24-août-24;CLI-0218;EMP-503;ENT-SAG;BD-1172;12;407,37;2,70;216,67;Portail web
CMD-101513;09/09/2024;12/09/2024;2024-10-14;CLI-0099;EMP-505;ENT-SAG;BD-1076;6;459,18;18,20;281,11;Téléphone
CMD-102185;27/11/2024;30-nov-24;10/01/2025;CLI-0101;EMP-509;ENT-MTL;BD-1128;2;138,61;4,30;77,25;Représentant
CMD-101458;2024-09-03;08/09/2024;;CLI-0139;EMP-506;ENT-MTL;BD-1100;12;474,73;11,50;306,44;Représentant
CMD-100514;17/04/2024;22-avr-24;13/06/2024;CLI-0089;EMP-502;ENT-QC;BD-1038;43;437,80;20,70;313,36;Portail web
CMD-102020;01-nov-24;06/11/2024;19/12/2024;CLI-0031;EMP-509;ENT-QC;BD-1144;1;148,40;16,90;96,31;Téléphone
CMD-100547;2024-04-22;24/04/2024;19/06/2024;CLI-0173;EMP-508;ENT-QC;BD-1017;12;498,17;11,60;307,26;Représentant
CMD-101891;2024-10-18;22/10/2024;26/11/2024;CLI-0052;EMP-504;ENT-MTL;BD-1021;6;322,92;11,20;201,55;Représentant
CMD-100824;30/05/2024;04-juin-24;11/06/2024;CLI-0137;EMP-503;ENT-QC;BD-1058;4;199,20;18,60;146,46;Téléphone
CMD-100599;01/05/2024;07/05/2024;18-juin-24;CLI-0157;EMP-502;ENT-QC;BD-1110;2;235,92;16,90;178,91;Courriel
CMD-102119;2024-11-18;26/11/2024;28/12/2024;CLI-0116;EMP-509;ENT-SAG;BD-1087;4;322,14;16,50;211,22;Représentant
CMD-101735;01/10/2024;05/10/2024;06-nov-24;CLI-0081;EMP-502;ENT-MTL;BD-1156;8;254,60;15,70;161,25;Représentant
CMD-100779;24/05/2024;27-mai-24;05/07/2024;CLI-0037;EMP-504;ENT-MTL;BD-1013;9;416,71;19,30;308,85;Portail web
CMD-100401;02/04/2024;2024-04-11;;CLI-0050;EMP-502;ENT-QC;BD-1035;8;43,28;10,60;30,00;Représentant
CMD-100662;08/05/2024;15-mai-24;08/06/2024;CLI-0025;EMP-509;ENT-MTL;BD-1014;1;37,26;16,60;26,62;Représentant
CMD-100909;11-juin-24;17/06/2024;31/07/2024;CLI-0128;EMP-502;ENT-MTL;BD-1166;4;357,20;14,00;212,88;Téléphone
CMD-101093;10/07/2024;2024-07-16;22/08/2024;CLI-0080;EMP-506;ENT-QC;BD-1009;3;90,71;13,80;66,28;Téléphone
CMD-100218;01/03/2024;06/03/2024;29/03/2024;CLI-0135;EMP-506;ENT-MTL;BD-1121;3;68,93;11,50;43,73;Représentant
CMD-101381;2024-08-23;26/08/2024;02/10/2024;CLI-0009;EMP-502;ENT-QC;BD-1058;31;198,65;18,90;146,46;Représentant
CMD-100281;13/03/2024;18-mars-24;29/03/2024;CLI-0162;EMP-508;ENT-QC;BD-1078;3;330,98;13,70;197,64;Représentant
CMD-102017;01/11/2024;2024-11-04;13/12/2024;CLI-0015;EMP-509;ENT-QC;BD-1110;8;270,48;4,70;178,91;Téléphone
CMD-101362;21/08/2024;28/08/2024;2024-09-21;CLI-0086;EMP-502;ENT-QC;BD-1018;3;446,11;4,00;242,09;Salon
CMD-101213;2024-08-02;05/08/2024;22/09/2024;CLI-0205;EMP-505;ENT-MTL;BD-1071;3;503,38;5,70;301,72;Portail web
CMD-100639;06/05/2024;13/05/2024;2024-06-14;CLI-0042;EMP-505;ENT-MTL;BD-1041;6;212,75;16,10;159,88;Téléphone
CMD-101321;16/08/2024;25/08/2024;17-sept-24;CLI-0137;EMP-503;ENT-MTL;BD-1085;21;51,33;23,60;40,90;Téléphone
CMD-100740;18/05/2024;2024-05-20;24/06/2024;CLI-0084;EMP-503;ENT-SAG;BD-1078;8;339,97;11,30;197,64;Téléphone
CMD-102217;2024-11-30;07/12/2024;01/01/2025;CLI-0083;EMP-507;ENT-QC;BD-1147;3;585,12;2,20;339,78;Portail web
CMD-101849;12/10/2024;2024-10-17;26/11/2024;CLI-0136;EMP-507;ENT-MTL;BD-9356;6;461,61;14,00;306,44;Représentant
CMD-100300;15/03/2024;24/03/2024;2024-03-25;CLI-0127;EMP-503;ENT-MTL;BD-1166;1;362,02;12,90;212,88;Téléphone
CMD-101519;10/09/2024;18/09/2024;02/10/2024;CLI-0032;EMP-504;ENT-MTL;BD-1043;4;501,72;4,90;294,10;Portail web
CMD-101587;14/09/2024;2024-09-17;30/10/2024;CLI-0037;EMP-504;ENT-SAG;BD-1092;11;227,05;19,50;140,04;Représentant
CMD-101752;03/10/2024;07-oct-24;28/10/2024;CLI-0179;EMP-509;ENT-SAG;BD-1101;6;100,03;7,80;62,94;Représentant
CMD-101228;05/08/2024;2024-08-13;03/09/2024;CLI-0045;EMP-502;ENT-SAG;BD-1031;8;460,20;11,40;294,44;Téléphone
CMD-100604;01/05/2024;07/05/2024;27/06/2024;CLI-0206;EMP-503;ENT-SAG;BD-1098;3;366,27;16,90;257,11;Courriel
CMD-100430;05/04/2024;2024-04-12;03/05/2024;CLI-0033;EMP-504;ENT-SAG;BD-1063;2;308,94;16,10;242,15;Représentant
CMD-101041;01/07/2024;2024-07-05;21/08/2024;CLI-0174;EMP-502;ENT-MTL;BD-1021;3;343,85;5,50;201,55;Téléphone
CMD-100060;18/01/2024;20/01/2024;28-févr-24;CLI-0199;EMP-504;ENT-MTL;BD-1180;3;161,57;14,70;93,34;Téléphone
CMD-100351;26/03/2024;04/04/2024;2024-05-19;CLI-0157;EMP-502;ENT-QC;BD-1105;6;231,44;10,70;166,12;Portail web
CMD-102057;08-nov-24;16/11/2024;19/12/2024;CLI-0212;EMP-507;ENT-QC;BD-1069;20;316,56;20,60;198,50;Téléphone
CMD-100612;01-mai-24;06/05/2024;01/06/2024;CLI-0044;EMP-505;ENT-MTL;BD-1028;2;212,75;10,00;140,77;Salon
CMD-101573;13/09/2024;2024-09-21;17/10/2024;CLI-0127;EMP-503;ENT-SAG;BD-1059;12;455,85;13,60;324,94;Téléphone
CMD-101724;30/09/2024;2024-10-06;06/11/2024;CLI-0181;EMP-504;ENT-QC;BD-1050;4;467,39;7,30;291,69;Représentant
CMD-102110;15/11/2024;24-nov-24;11/12/2024;CLI-0089;EMP-502;ENT-MTL;BD-1073;10;359,05;20,20;255,00;Portail web
CMD-100679;10/05/2024;2024-05-16;04/07/2024;CLI-0002;EMP-509;ENT-MTL;BD-1009;3;100,36;4,60;66,28;Courriel
CMD-101442;31-août-24;02/09/2024;30/09/2024;CLI-0212;EMP-507;ENT-MTL;BD-1059;9;411,46;22,00;324,94;Téléphone
CMD-101959;26/10/2024;29-oct-24;01/12/2024;CLI-0109;EMP-501;ENT-SAG;BD-1176;3;614,73;2,50;322,02;Téléphone
CMD-100605;01/05/2024;07/05/2024;2024-06-05;CLI-0130;EMP-508;ENT-MTL;BD-1157;9;41,96;19,80;24,69;Représentant
CMD-102106;14/11/2024;23-nov-24;27/12/2024;CLI-0168;EMP-509;ENT-QC;BD-1081;2;556,35;6,20;302,82;Portail web
CMD-100488;12-avr-24;21/04/2024;15/05/2024;CLI-0199;EMP-504;ENT-SAG;BD-1148;4;386,67;15,90;296,06;Portail web
CMD-102182;26/11/2024;01/12/2024;25-déc-24;CLI-0072;EMP-501;ENT-MTL;BD-1129;3;62,34;13,30;45,49;Représentant
CMD-101211;02/08/2024;05/08/2024;2024-08-30;CLI-0212;EMP-507;ENT-QC;BD-1020;19;43,16;24,90;32,44;Portail web
CMD-101578;13/09/2024;2024-09-17;28/10/2024;CLI-0034;EMP-507;ENT-MTL;BD-1076;3;491,75;12,30;281,11;Salon
CMD-101441;31/08/2024;2024-09-09;10/10/2024;CLI-0056;EMP-502;ENT-QC;BD-1049;3;41,31;24,40;30,58;Représentant
CMD-101589;14/09/2024;16/09/2024;24/10/2024;CLI-0210;EMP-503;ENT-MTL;BD-1081;1;561,62;5,30;302,82;Représentant
CMD-100764;22/05/2024;27/05/2024;2024-07-28;CLI-0150;EMP-502;ENT-MTL;BD-1068;8;518,76;8,00;284,28;Représentant
CMD-101055;2024-07-02;04/07/2024;04/08/2024;CLI-0212;EMP-507;ENT-SAG;BD-1112;20;86,55;24,70;65,64;Représentant
CMD-100655;08/05/2024;10/05/2024;2024-07-07;  CLI-0017;EMP-507;ENT-SAG;BD-1050;1;453,68;10,00;291,69;Représentant
CMD-101253;08/08/2024;16/08/2024;04/10/2024;CLI-0106;EMP-501;ENT-QC;BD-1019;1;250,10;16,90;170,21;Courriel
CMD-101883;2024-10-17;22/10/2024;10/12/2024;CLI-0166;EMP-503;ENT-MTL;BD-1097;24;306,17;16,80;210,05;Portail web
CMD-101994;30/10/2024;03/11/2024;26/11/2024;CLI-0097;EMP-504;ENT-MTL;BD-1132;3;183,70;7,50;125,81;Représentant
CMD-101811;2024-10-09;18/10/2024;20/11/2024;CLI-0063;EMP-503;ENT-MTL;BD-1027;4;397,80;13,20;249,72;Représentant
CMD-100126;07/02/2024;09/02/2024;07/04/2024;CLI-0157;EMP-502;ENT-MTL;BD-1074;8;173,77;10,50;108,27;Représentant
CMD-100098;2024-01-31;02/02/2024;28/02/2024;CLI-0089;EMP-502;ENT-MTL;BD-1138;8;116,99;20,60;86,38;Portail web
CMD-101773;03/10/2024;2024-10-12;16/11/2024;CLI-0132;EMP-507;ENT-QC;BD-1144;6;149,11;16,50;96,31;Portail web
CMD-100302;2024-03-15;24/03/2024;06/05/2024;CLI-0220;EMP-506;ENT-QC;BD-1042;4;373,09;15,50;261,53;Représentant
CMD-100593;2024-04-30;08/05/2024;17/06/2024;CLI-0130;EMP-508;ENT-QC;BD-1047;5;85,45;19,80;70,06;Représentant
CMD-101853;14/10/2024;2024-10-23;11/11/2024;CLI-0127;EMP-503;ENT-MTL;BD-1122;4;300,81;11,80;208,30;Représentant
CMD-102256;2024-12-10;19/12/2024;01/01/2025;CLI-0076;EMP-507;ENT-QC;BD-1135;2;59,79;18,40;39,89;Courriel
CMD-101326;16/08/2024;24/08/2024;14/10/2024;CLI-0063;EMP-503;ENT-SAG;BD-1010;24;146,05;10,40;87,08;Courriel
CMD-101022;27-juin-24;02/07/2024;19/07/2024;CLI-0188;EMP-506;ENT-SAG;BD-1052;8;256,16;16,60;179,27;Portail web
CMD-101533;10/09/2024;2024-09-12;31/10/2024;CLI-0161;EMP-508;ENT-MTL;BD-1084;4;537,05;7,50;312,00;Portail web
CMD-101784;04-oct-24;13/10/2024;07/11/2024;CLI-0123;EMP-501;ENT-SAG;BD-1174;6;249,54;15,40;165,53;Représentant
CMD-101755;03/10/2024;05-oct-24;14/11/2024;CLI-0011;EMP-507;ENT-MTL;BD-1168;6;366,55;8,40;224,71;Représentant
CMD-101140;22/07/2024;2024-07-30;;cli-0025;EMP-509;ENT-QC;BD-1077;4;297,99;12,80;167,57;Téléphone
CMD-100343;23/03/2024;30/03/2024;25/04/2024;CLI-0091;EMP-504;ENT-QC;BD-1119;6;83,69;8,90;58,44;Représentant
CMD-100090;29/01/2024;2024-02-05;15/02/2024;CLI-0099;EMP-505;ENT-MTL;BD-1150;21;467,59;25,30;339,92;Représentant
CMD-101848;12/10/2024;2024-10-19;21/11/2024;CLI-0045;EMP-502;ENT-MTL;BD-9933;3;46,68;10,80;24,69;Représentant
CMD-101652;23/09/2024;26-sept-24;29/10/2024;CLI-0157;EMP-502;ENT-QC;BD-1168;2;347,91;13,00;224,71;Représentant
CMD-101446;02/09/2024;05/09/2024;2024-10-07;CLI-0067;EMP-502;ENT-QC;BD-1141;6;427,52;14,40;307,78;Représentant
CMD-101276;2024-08-12;21/08/2024;15/09/2024;CLI-0062;EMP-507;ENT-MTL;BD-1003;2;250,47;16,00;188,61;Portail web
CMD-100756;21-mai-24;25/05/2024;04/07/2024;CLI-0088;EMP-504;ENT-MTL;BD-1032;3;492,55;10,00;339,97;Téléphone
CMD-101418;2024-08-29;07/09/2024;13/10/2024;CLI-0208;EMP-507;ENT-MTL;BD-1035;12;41,20;14,80;30,00;Représentant
CMD-101248;07/08/2024;10/08/2024;2024-09-21;CLI-0156;EMP-502;ENT-SAG;BD-1059;4;516,00;2,10;324,94;Téléphone
CMD-101792;07/10/2024;13/10/2024;13/11/2024;CLI-0059;EMP-504;ENT-SAG;BD-1075;56;80,49;20,10;59,74;Représentant
CMD-101436;2024-08-30;03/09/2024;07/10/2024;CLI-0141;EMP-502;ENT-MTL;BD-1088;12;530,96;15,70;335,85;Téléphone
CMD-100349;25/03/2024;01/04/2024;2024-05-11;CLI-0173;EMP-508;ENT-SAG;BD-1058;12;208,55;14,80;146,46;Représentant
CMD-101926;22-oct-24;25/10/2024;23/11/2024;CLI-0088;EMP-504;ENT-MTL;BD-1138;1;123,22;16,30;86,38;Représentant
CMD-100547;22/04/2024;2024-04-24;19/06/2024;CLI-0173;EMP-508;ENT-QC;BD-1048;8;45,24;11,60;32,82;Courriel
CMD-101231;05/08/2024;2024-08-14;26/09/2024;CLI-0123;EMP-501;ENT-QC;BD-1176;8;559,50;11,30;322,02;Salon
CMD-101023;28/06/2024;06/07/2024;06-sept-24;CLI-0074;EMP-507;ENT-QC;BD-1112;13;90,67;21,10;65,64;Représentant
CMD-102130;19/11/2024;2024-11-21;24/12/2024;CLI-0121;EMP-508;ENT-SAG;BD-1133;12;86,65;14,50;61,66;Représentant
CMD-100090;29/01/2024;05-févr-24;15/02/2024;CLI-0099;EMP-505;ENT-MTL;BD-1003;8;222,77;25,30;188,61;Représentant
CMD-101453;2024-09-02;10/09/2024;06/10/2024;CLI-0037;EMP-504;ENT-QC;BD-1058;8;197,15;19,50;146,46;Portail web
CMD-101515;2024-09-10;19/09/2024;24/10/2024;CLI-0219;EMP-505;ENT-QC;BD-1053;6;314,19;4,00;176,84;Téléphone
CMD-102070;11/11/2024;16/11/2024;2025-01-09;CLI-0053;EMP-509;ENT-MTL;BD-1089;8;276,23;12,70;157,64;Représentant
CMD-101503;06/09/2024;12/09/2024;23/10/2024;CLI-0218;EMP-503;ENT-QC;BD-1049;8;51,08;6,50;30,58;Portail web
CMD-101355;2024-08-20;29/08/2024;15/10/2024;CLI-0074;EMP-507;ENT-MTL;BD-1011;5;418,18;20,40;288,46;Représentant
CMD-100824;2024-05-30;04/06/2024;11/06/2024;CLI-0137;EMP-503;ENT-QC;BD-1125;7;357,93;18,60;285,25;Portail web
CMD-100141;12/02/2024;18/02/2024;22/03/2024;CLI-0063;EMP-503;ENT-QC;BD-1031;6;448,59;13,60;294,44;Portail web
CMD-101372;23-août-24;29/08/2024;06/10/2024;CLI-0209;EMP-508;ENT-MTL;BD-1049;9;42,10;23,00;30,58;Téléphone
CMD-100806;28/05/2024;02/06/2024;2024-06-26;CLI-0210;EMP-503;ENT-QC;BD-1017;4;540,10;4,20;307,26;Salon
CMD-101371;22/08/2024;2024-08-31;06/10/2024;CLI-0135;EMP-506;ENT-SAG;BD-1016;6;355,78;13,90;219,41;Représentant
CMD-102000;31/10/2024;06-nov-24;22/12/2024;CLI-0046;EMP-508;ENT-QC;BD-1158;2;329,83;5,60;180,81;Représentant
CMD-100848;01/06/2024;06/06/2024;2024-06-30;CLI-0157;EMP-502;ENT-QC;BD-1104;3;96,42;12,90;75,12;Représentant
CMD-100913;12/06/2024;21/06/2024;26/07/2024;CLI-0080;EMP-506;ENT-MTL;BD-1027;3;408,97;10,70;249,72;Représentant
CMD-101803;08/10/2024;2024-10-17;23/11/2024;CLI-0100;EMP-505;ENT-QC;BD-1074;3;187,48;3,40;108,27;Portail web
CMD-101566;12/09/2024;16/09/2024;2024-11-04;CLI-0037;EMP-504;ENT-MTL;BD-1166;26;309,26;25,60;212,88;Représentant
CMD-101929;23/10/2024;25/10/2024;15-nov-24;CLI-0215;EMP-503;ENT-MTL;BD-1029;2;381,41;2,70;238,44;Courriel
CMD-100897;10/06/2024;2024-06-17;21/07/2024;  CLI-0066;EMP-507;ENT-QC;BD-1118;4;417,55;16,00;336,11;Téléphone
CMD-102034;05/11/2024;13-nov-24;10/12/2024;CLI-0087;EMP-502;ENT-QC;BD-1025;2;199,50;14,70;146,28;Représentant
CMD-101270;2024-08-10;14/08/2024;05/09/2024;CLI-0067;EMP-502;ENT-QC;BD-1051;3;114,90;11,40;78,12;Représentant
CMD-100577;2024-04-27;29/04/2024;04/06/2024;CLI-0099;EMP-505;ENT-MTL;BD-1165;9;136,35;25,90;105,70;Téléphone
CMD-100967;18/06/2024;23/06/2024;;CLI-0076;EMP-507;ENT-QC;BD-1181;-2;506,72;18,90;305,97;Téléphone
CMD-100740;18/05/2024;20/05/2024;24-juin-24;CLI-0084;EMP-503;ENT-SAG;BD-1118;12;440,77;11,30;336,11;Téléphone
CMD-102232;2024-12-04;10/12/2024;15/01/2025;CLI-0112;EMP-505;ENT-MTL;BD-1087;4;336,42;12,80;211,22;Téléphone
CMD-101570;2024-09-12;15/09/2024;25/10/2024;CLI-0139;EMP-506;ENT-SAG;BD-1054;3;413,71;11,20;257,53;Téléphone
CMD-101146;23/07/2024;01/08/2024;2024-08-17;CLI-0042;EMP-505;ENT-QC;BD-1083;6;263,02;14,40;157,14;Représentant
CMD-101592;2024-09-16;24/09/2024;01/11/2024;CLI-0199;EMP-504;ENT-QC;BD-1165;2;157,19;14,60;105,70;Téléphone
CMD-100062;2024-01-19;27/01/2024;05/03/2024;CLI-0116;EMP-509;ENT-SAG;BD-1160;4;66,75;15,30;40,71;Représentant
CMD-100894;10/06/2024;2024-06-16;28/07/2024;CLI-0054;EMP-507;ENT-QC;BD-1029;12;329,23;16,00;238,44;Représentant
CMD-101400;27/08/2024;29-août-24;13/10/2024;CLI-0110;EMP-507;ENT-SAG;BD-1171;4;147,86;6,60;83,70;Courriel
CMD-100495;15/04/2024;2024-04-18;10/06/2024;CLI-0143;EMP-503;ENT-MTL;BD-1060;6;347,30;12,20;241,90;Portail web
CMD-102089;13/11/2024;22/11/2024;29/12/2024;CLI-0216;EMP-503;ENT-QC;BD-1172;6;384,93;8,00;216,67;Portail web
CMD-100241;06/03/2024;12-mars-24;12/04/2024;CLI-0007;EMP-508;ENT-QC;BD-1144;8;167,11;6,40;96,31;Représentant
CMD-100031;09/01/2024;2024-01-13;22/02/2024;CLI-0106;EMP-501;ENT-MTL;BD-1146;2;330,29;12,10;220,88;Téléphone
CMD-101482;04/09/2024;06/09/2024;2024-10-31;CLI-0056;EMP-502;ENT-QC;BD-1140;2;49,73;21,70;40,41;Représentant
CMD-100813;2024-05-29;05/06/2024;13/07/2024;CLI-0052;EMP-504;ENT-QC;BD-1108;24;236,42;13,50;166,46;Téléphone
CMD-101085;2024-07-08;14/07/2024;22/08/2024;CLI-0130;EMP-508;ENT-QC;BD-1025;3;173,46;25,80;146,28;Salon
CMD-100932;14/06/2024;2024-06-18;08/07/2024;CLI-0073;EMP-501;ENT-QC;BD-1126;8;168,16;16,90;130,29;Représentant
CMD-102016;01/11/2024;10/11/2024;02/12/2024;CLI-0122;EMP-505;ENT-QC;BD-1157;3;51,18;2,20;24,69;Représentant
CMD-101747;02/10/2024;09-oct-24;31/10/2024;CLI-0009;EMP-502;ENT-QC;BD-1134;8;83,36;24,20;60,50;Téléphone
CMD-101273;2024-08-12;16/08/2024;09/09/2024;CLI-0147;EMP-506;ENT-QC;BD-1027;3;445,11;2,80;249,72;Représentant
CMD-101783;04/10/2024;13-oct-24;01/12/2024;CLI-0132;EMP-507;ENT-QC;BD-1127;6;268,17;11,00;170,72;Portail web
CMD-101307;15/08/2024;20/08/2024;2024-10-02;CLI-0194 ;EMP-506;ENT-QC;BD-1106;1;483,19;8,90;333,09;Portail web
CMD-100630;04/05/2024;09/05/2024;28-mai-24;CLI-0087;EMP-502;ENT-QC;BD-1003;2;249,71;16,30;188,61;Téléphone
CMD-100648;07-mai-24;09/05/2024;15/05/2024;CLI-0067;EMP-502;ENT-QC;BD-1104;6;96,41;12,90;75,12;Représentant
CMD-102325;31/12/2024;02/01/2025;07/02/2025;CLI-0137;EMP-503;ENT-SAG;BD-1077;15;273,61;20,00;167,57;Représentant
CMD-101516;10/09/2024;15/09/2024;2024-10-18;CLI-0149;EMP-501;ENT-QC;BD-1039;24;189,43;4,30;119,66;Représentant
CMD-102311;26/12/2024;29-déc-24;22/01/2025;CLI-0103;EMP-502;ENT-SAG;BD-1065;6;241,40;3,20;128,81;Téléphone
CMD-100889;08/06/2024;14/06/2024;06-juil-24;CLI-0054;EMP-507;ENT-MTL;BD-1031;12;450,42;13,30;294,44;Représentant
CMD-100905;2024-06-11;16/06/2024;22/06/2024;CLI-0163;EMP-505;ENT-SAG;BD-1050;4;485,74;3,60;291,69;Représentant
CMD-101281;12/08/2024;20/08/2024;2024-09-26;CLI-0188;EMP-506;ENT-MTL;BD-1157;3;45,37;13,30;24,69;Représentant
CMD-102007;31/10/2024;2024-11-09;06/12/2024;CLI-0197;EMP-507;ENT-MTL;BD-1155;4;518,14;4,40;322,38;Téléphone
CMD-100488;12/04/2024;2024-04-21;15/05/2024;CLI-0199;EMP-504;ENT-SAG;BD-1009;24;88,42;15,90;66,28;Salon
CMD-101349;20/08/2024;2024-08-24;19/09/2024;CLI-0100;EMP-505;ENT-SAG;BD-1179;2;394,52;8,60;226,59;Courriel
CMD-101882;17/10/2024;2024-10-21;;CLI-0146;EMP-503;ENT-SAG;BD-1118;12;425,81;14,30;336,11;Courriel
CMD-101972;28/10/2024;06/11/2024;2024-12-29;CLI-0112;EMP-505;ENT-QC;BD-1010;3;136,43;16,30;87,08;Représentant
CMD-100306;18/03/2024;23/03/2024;2024-05-17;CLI-0089;EMP-502;ENT-SAG;BD-1013;11;410,00;20,60;308,85;Salon
CMD-100292;2024-03-14;20/03/2024;17/04/2024;CLI-0033;EMP-504;ENT-MTL;BD-1174;2;259,01;12,20;165,53;Représentant
CMD-100378;29/03/2024;05/04/2024;28-avr-24;CLI-0066;EMP-507;ENT-MTL;BD-1177;1;341,18;16,30;211,22;Portail web
CMD-100088;26/01/2024;02/02/2024;2024-03-10;CLI-0139;EMP-506;ENT-QC;BD-1155;4;467,79;13,70;322,38;Représentant
CMD-101458;03/09/2024;2024-09-08;;CLI-0139;EMP-506;ENT-MTL;BD-1175;1;150,19;11,50;94,86;Représentant
CMD-100806;28/05/2024;02/06/2024;26/06/2024;CLI-0210;EMP-503;ENT-QC;BD-1120;2;284,36;4,20;182,88;Représentant
CMD-101215;02/08/2024;2024-08-06;26/09/2024;CLI-0059;EMP-504;ENT-QC;BD-1112;40;92,90;19,10;65,64;Téléphone
CMD-100194;2024-02-26;28/02/2024;01/04/2024;CLI-0212;EMP-507;ENT-QC;BD-1158;63;284,03;18,70;180,81;Portail web
CMD-101147;23/07/2024;28-juil-24;17/09/2024;CLI-0059;EMP-504;ENT-QC;BD-1002;4;367,97;21,50;292,58;Représentant
CMD-102230;04/12/2024;11/12/2024;2025-01-19;CLI-0159;EMP-502;ENT-MTL;BD-1149;8;177,54;3,10;108,85;Portail web
CMD-101038;29-juin-24;06/07/2024;16/08/2024;CLI-0072;EMP-501;ENT-QC;BD-1042;3;387,40;12,20;261,53;Téléphone
CMD-101442;31/08/2024;02/09/2024;2024-09-30;CLI-0212;EMP-507;ENT-MTL;BD-1094;4;159,07;22,00;121,74;Représentant
CMD-101023;28/06/2024;06/07/2024;2024-09-06;CLI-0074;EMP-507;ENT-QC;BD-1019;39;237,61;21,10;170,21;Représentant
CMD-101804;08/10/2024;10/10/2024;27/11/2024;CLI-0212;EMP-507;ENT-MTL;BD-1153;26;152,42;24,00;113,61;Salon
CMD-100263;09/03/2024;13-mars-24;26/04/2024;CLI-0036;EMP-505;ENT-QC;BD-1179;3;363,62;15,70;226,59;Représentant
CMD-101363;2024-08-21;27/08/2024;26/10/2024;CLI-0021;EMP-501;ENT-MTL;BD-1126;4;194,09;4,10;130,29;Téléphone
CMD-101219;03/08/2024;07/08/2024;23/09/2024;CLI-0162;EMP-508;ENT-SAG;BD-1016;2;352,24;14,80;219,41;Courriel
CMD-100942;14-juin-24;20/06/2024;24/07/2024;CLI-0121;EMP-508;ENT-QC;BD-1117;4;128,99;12,90;98,28;Portail web
CMD-102025;02/11/2024;2024-11-08;25/12/2024;CLI-0009;EMP-502;ENT-QC;BD-1072;9;319,55;19,30;196,62;Téléphone
CMD-102174;25/11/2024;2024-12-03;23/01/2025;CLI-0099;EMP-505;ENT-SAG;BD-1131;9;52,27;22,00;36,32;Représentant
CMD-100337;22/03/2024;27/03/2024;18-mai-24;CLI-0215;EMP-503;ENT-QC;BD-1181;4;595,46;4,70;305,97;Représentant
CMD-100922;2024-06-13;22/06/2024;27/06/2024;CLI-0076;EMP-507;ENT-QC;BD-1108;2;219,00;19,80;166,46;Téléphone
CMD-101912;21/10/2024;23/10/2024;17/11/2024;CLI-0132;EMP-507;ENT-MTL;BD-1013;3;455,96;11,70;308,85;Représentant
CMD-100328;20/03/2024;28/03/2024;2024-04-11;CLI-0044;EMP-505;ENT-MTL;BD-1021;8;324,91;10,70;201,55;Représentant
CMD-100604;01-mai-24;07/05/2024;27/06/2024;CLI-0206;EMP-503;ENT-SAG;BD-1020;4;47,74;16,90;32,44;Téléphone
CMD-100652;07/05/2024;16/05/2024;2024-06-13;CLI-0009;EMP-502;ENT-QC;BD-1123;9;161,76;25,60;129,56;Représentant
CMD-101373;23/08/2024;2024-08-29;29/09/2024;CLI-0038;EMP-507;ENT-MTL;BD-1016;3;363,30;12,10;219,41;
CMD-100912;2024-06-12;18/06/2024;26/07/2024;CLI-0103;EMP-502;ENT-MTL;BD-1104;2;104,68;5,40;75,12;Représentant
CMD-102324;2024-12-31;03/01/2025;;CLI-0162;EMP-508;ENT-MTL;BD-1042;2;393,12;10,90;261,53;Salon
CMD-102218;30-nov-24;02/12/2024;07/01/2025;CLI-0080;EMP-506;ENT-MTL;BD-1065;2;218,45;12,40;128,81;Représentant
CMD-100225;04/03/2024;11/03/2024;;CLI-0206;EMP-503;ENT-SAG;BD-1150;6;545,20;12,90;339,92;Téléphone
CMD-100765;22/05/2024;24-mai-24;29/06/2024;CLI-0187;EMP-507;ENT-QC;BD-1118;12;428,66;13,80;336,11;Représentant
CMD-101642;20/09/2024;28/09/2024;14/10/2024;CLI-0130;EMP-508;ENT-MTL;BD-1178;3;153,48;25,20;116,97;Représentant
CMD-101938;23/10/2024;2024-10-25;04/12/2024;CLI-0171;EMP-507;ENT-QC;BD-1160;8;76,07;3,40;40,71;Représentant
CMD-102139;19/11/2024;2024-11-28;14/01/2025;CLI-0080;EMP-506;ENT-SAG;BD-1168;8;343,66;14,10;224,71;Représentant
CMD-100210;2024-02-29;09/03/2024;16/04/2024;CLI-0053;EMP-509;ENT-QC;BD-1108;3;233,16;14,60;166,46;Portail web
CMD-101501;06/09/2024;2024-09-11;29/10/2024;CLI-0041;EMP-508;ENT-MTL;BD-1087;12;343,34;11,00;211,22;Représentant
CMD-101251;08/08/2024;15/08/2024;16/09/2024;CLI-0182;EMP-503;ENT-QC;BD-1004;24;231,52;15,50;155,56;Représentant
CMD-100022;08/01/2024;2024-01-17;;CLI-0056;EMP-502;ENT-MTL;BD-1134;24;84,49;23,20;60,50;Représentant
CMD-102000;31/10/2024;2024-11-06;22/12/2024;CLI-0046;EMP-508;ENT-QC;BD-1128;6;136,71;5,60;77,25;
CMD-102161;22/11/2024;2024-11-27;19/01/2025;CLI-0016;EMP-505;ENT-SAG;BD-1132;2;187,23;5,70;125,81;Portail web
CMD-100147;13/02/2024;20/02/2024;2024-03-28;CLI-0124;EMP-509;ENT-SAG;BD-1110;2;266,04;6,30;178,91;Représentant
CMD-100331;20/03/2024;23/03/2024;07-avr-24;CLI-0056;EMP-502;ENT-QC;BD-1180;31;142,40;24,80;93,34;Courriel
CMD-100277;12/03/2024;2024-03-17;19/04/2024;CLI-0047;EMP-508;ENT-MTL;BD-1162;3;119,36;12,90;66,97;Téléphone
CMD-101484;05-sept-24;09/09/2024;09/11/2024;CLI-0118;EMP-504;ENT-MTL;BD-1039;8;170,52;13,90;119,66;Téléphone
CMD-100039;2024-01-11;16/01/2024;02/02/2024;CLI-0053;EMP-509;ENT-QC;BD-1006;6;286,51;14,40;178,72;Téléphone
CMD-102197;28/11/2024;07/12/2024;28/12/2024;CLI-0037;EMP-504;ENT-SAG;BD-1052;8;248,59;19,00;179,27;Téléphone
CMD-100757;21/05/2024;2024-05-29;11/06/2024;CLI-0210;EMP-503;ENT-QC;BD-1020;1;55,01;4,30;32,44;Portail web
CMD-100135;09/02/2024;18/02/2024;2024-03-30;CLI-0025;EMP-509;ENT-SAG;BD-1114;24;214,38;15,10;149,59;Téléphone
CMD-101360;21/08/2024;2024-08-28;27/09/2024;CLI-0074;EMP-507;ENT-SAG;BD-1054;5;376,36;19,20;257,53;Représentant
CMD-102204;29/11/2024;2024-12-04;07/01/2025;CLI-0133;EMP-508;ENT-QC;BD-1113;1;356,88;16,40;276,01;Représentant
CMD-100171;20/02/2024;25/02/2024;2024-04-07;CLI-0153;EMP-507;ENT-MTL;BD-1165;12;153,13;16,80;105,70;Représentant
CMD-100601;01/05/2024;09/05/2024;30/05/2024;CLI-0030;EMP-501;ENT-MTL;BD-1036;2;250,70;2,40;159,06;Portail web
CMD-102309;26/12/2024;29/12/2024;2025-02-10;CLI-0045;EMP-502;ENT-MTL;BD-1130;3;498,69;11,60;317,23;Téléphone
CMD-100988;2024-06-22;24/06/2024;09/08/2024;CLI-0076;EMP-507;ENT-MTL;BD-1094;4;162,26;20,40;121,74;Portail web
CMD-100196;26/02/2024;04-mars-24;21/03/2024;CLI-0147;EMP-506;ENT-MTL;BD-1018;8;429,87;7,50;242,09;Représentant
CMD-101604;16/09/2024;2024-09-20;29/10/2024;CLI-0191;EMP-504;ENT-MTL;BD-1074;2;173,87;10,50;108,27;Représentant
CMD-101098;11/07/2024;18/07/2024;2024-09-01;CLI-0217;EMP-506;ENT-QC;BD-1097;8;287,57;21,90;210,05;Représentant
CMD-100048;15-janv-24;22/01/2024;15/02/2024;CLI-0092;EMP-508;ENT-MTL;BD-1136;2;196,26;5,50;110,14;Représentant
CMD-100456;2024-04-09;13/04/2024;23/05/2024;CLI-0115;EMP-509;ENT-SAG;BD-1060;4;355,80;10,10;241,90;Salon
CMD-101027;28/06/2024;07/07/2024;24/07/2024;CLI-0012;EMP-501;ENT-SAG;BD-1157;15;42,36;19,10;24,69;Représentant
CMD-101038;2024-06-29;06/07/2024;16/08/2024;CLI-0072;EMP-501;ENT-QC;BD-1051;6;113,84;12,20;78,12;Téléphone
CMD-101410;27/08/2024;05/09/2024;2024-10-13;CLI-0076;EMP-507;ENT-SAG;BD-1016;5;322,63;21,90;219,41;Représentant
CMD-100409;03/04/2024;2024-04-09;10/05/2024;CLI-0112;EMP-505;ENT-SAG;BD-1061;2;105,16;11,00;75,23;Portail web
CMD-101762;2024-10-03;07/10/2024;03/12/2024;CLI-0038;EMP-507;ENT-SAG;BD-1116;3;79,79;10,00;58,93;Représentant
CMD-100391;01/04/2024;2024-04-09;;CLI-0012;EMP-501;ENT-SAG;BD-1151;8;122,03;23,20;90,35;Téléphone
CMD-101751;02/10/2024;11/10/2024;19-nov-24;CLI-0074;EMP-507;ENT-QC;BD-1091;9;440,48;22,50;279,07;Représentant
CMD-102077;11/11/2024;17-nov-24;21/12/2024;CLI-0099;EMP-505;ENT-MTL;BD-1085;20;52,94;21,20;40,90;Téléphone
CMD-102212;29/11/2024;2024-12-02;09/01/2025;CLI-0002;EMP-509;ENT-QC;BD-1136;6;195,61;5,80;110,14;Courriel
CMD-101179;30/07/2024;07/08/2024;2024-09-03;CLI-0212;EMP-507;ENT-QC;BD-1013;6;404,80;21,60;308,85;Représentant
CMD-101196;01/08/2024;05/08/2024;02/09/2024;CLI-0043;EMP-506;ENT-QC;BD-1058;8;207,93;15,10;146,46;Représentant
CMD-101115;2024-07-16;25/07/2024;01/09/2024;CLI-0117;EMP-504;ENT-QC;BD-1011;3;497,83;5,20;288,46;Représentant
CMD-101207;02/08/2024;06/08/2024;2024-08-25;CLI-0130;EMP-508;ENT-MTL;BD-1135;16;58,95;19,60;39,89;Téléphone
CMD-100366;27/03/2024;02/04/2024;02-mai-24;CLI-0099;EMP-505;ENT-MTL;BD-1089;11;237,84;24,90;157,64;Téléphone
CMD-100406;02/04/2024;08/04/2024;19/04/2024;CLI-0219;EMP-505;ENT-SAG;BD-1043;6;494,51;6,30;294,10;Représentant
CMD-101503;06/09/2024;12/09/2024;2024-10-23;CLI-0218;EMP-503;ENT-QC;BD-1058;4;228,86;6,50;146,46;Représentant
CMD-101970;28/10/2024;02/11/2024;2024-12-12;CLI-0120;EMP-509;ENT-MTL;BD-1077;2;330,25;3,40;167,57;Portail web
CMD-101555;11/09/2024;14-sept-24;30/10/2024;CLI-0037;EMP-504;ENT-MTL;BD-1124;57;193,03;24,30;150,61;Représentant
CMD-101419;29/08/2024;02/09/2024;12-sept-24;CLI-0063;EMP-503;ENT-MTL;BD-1017;3;468,33;16,90;307,26;Représentant
CMD-101549;11/09/2024;13/09/2024;07-oct-24;CLI-0212;EMP-507;ENT-MTL;BD-1062;38;141,09;21,50;112,54;Représentant
CMD-100200;27/02/2024;06/03/2024;04/04/2024;CLI-0128;EMP-502;ENT-MTL;BD-1068;24;498,52;11,60;284,28;Téléphone
CMD-101040;01/07/2024;04/07/2024;2024-07-29;CLI-0002;EMP-509;ENT-QC;BD-1117;3;136,10;8,10;98,28;Portail web
CMD-101329;16/08/2024;21/08/2024;2024-09-25;CLI-0139;EMP-506;ENT-SAG;BD-1015;4;442,70;16,60;318,69;Représentant
CMD-100817;29/05/2024;01/06/2024;2024-07-20;CLI-0172;EMP-502;ENT-MTL;BD-1116;3;84,35;4,90;58,93;Portail web
CMD-102036;05/11/2024;11/11/2024;24/11/2024;CLI-0050;EMP-502;ENT-MTL;BD-1148;2;391,32;14,90;296,06;Représentant
CMD-101358;2024-08-21;29/08/2024;12/09/2024;CLI-0166;EMP-503;ENT-MTL;BD-1049;2;49,06;10,20;30,58;Téléphone
CMD-100158;15/02/2024;2024-02-22;03/04/2024;CLI-0200;EMP-509;ENT-SAG;BD-1153;12;179,16;10,70;113,61;Téléphone
CMD-101491;06/09/2024;2024-09-13;;CLI-0053;EMP-509;ENT-MTL;BD-1053;6;291,31;11,00;176,84;Téléphone
CMD-101108;15/07/2024;24/07/2024;;CLI-0211;EMP-504;ENT-SAG;BD-1151;4;142,74;10,20;90,35;Courriel
CMD-100592;30/04/2024;2024-05-06;28/06/2024;CLI-0137;EMP-503;ENT-QC;BD-1077;12;253,92;25,70;167,57;Représentant
CMD-100753;21/05/2024;29/05/2024;16/06/2024;CLI-0039;EMP-503;ENT-QC;BD-1157;6;50,27;4,00;24,69;Portail web
CMD-102273;16/12/2024;2024-12-23;30/01/2025;CLI-0022;EMP-506;ENT-SAG;BD-1143;2;362,73;3,30;215,92;Courriel
CMD-101829;11/10/2024;2024-10-16;11/12/2024;CLI-0173;EMP-508;ENT-MTL;BD-1148;2;398,06;13,40;296,06;Représentant
CMD-101053;02/07/2024;09/07/2024;2024-07-24;CLI-0137;EMP-503;ENT-QC;BD-1134;5;84,55;23,10;60,50;Téléphone
CMD-101574;2024-09-13;18/09/2024;06/11/2024;CLI-0141;EMP-502;ENT-QC;BD-1097;1;307,30;16,50;210,05;Représentant
CMD-100303;16/03/2024;22/03/2024;21/04/2024;CLI-0185;EMP-508;ENT-MTL;BD-1014;80;33,37;25,30;26,62;Portail web
CMD-102194;28/11/2024;01/12/2024;2025-01-21;CLI-0178;EMP-501;ENT-SAG;BD-1074;4;187,10;3,60;108,27;Téléphone
CMD-101315;2024-08-15;20/08/2024;10/10/2024;CLI-0211;EMP-504;ENT-MTL;BD-1038;6;476,90;13,60;313,36;Portail web
CMD-100178;21/02/2024;2024-02-24;30/03/2024;CLI-0143;EMP-503;ENT-MTL;BD-1093;24;188,71;15,70;132,18;Portail web
CMD-101458;2024-09-03;08/09/2024;;CLI-0139;EMP-506;ENT-MTL;BD-1083;6;271,81;11,50;157,14;Téléphone
CMD-101441;2024-08-31;09/09/2024;10/10/2024;CLI-0056 ;EMP-502;ENT-QC;BD-1016;3;312,44;24,40;219,41;Représentant
CMD-100196;26-févr-24;04/03/2024;21/03/2024;CLI-0147;EMP-506;ENT-MTL;BD-1084;8;536,95;7,50;312,00;Portail web
CMD-100742;20/05/2024;27/05/2024;29-juin-24;CLI-0084;EMP-503;ENT-MTL;BD-1125;2;369,57;16,00;285,25;Courriel
CMD-100700;14/05/2024;17/05/2024;2024-06-08;CLI-0135;EMP-506;ENT-QC;BD-1135;3;62,76;14,40;39,89;Représentant
CMD-101193;01/08/2024;2024-08-10;09/08/2024;CLI-0025;EMP-509;ENT-SAG;BD-1161;8;117,57;12,90;62,84;Représentant
CMD-102010;31/10/2024;2024-11-08;25/11/2024;CLI-0206;EMP-503;ENT-SAG;BD-1153;1;176,51;12,00;113,61;Téléphone
CMD-101232;05/08/2024;09/08/2024;15/09/2024;CLI-0045;EMP-502;ENT-MTL;BD-1001;3;295,53;11,80;182,30;Représentant
CMD-100248;07/03/2024;14/03/2024;2024-05-03;CLI-0013;EMP-507;ENT-QC;BD-1012;1;111,23;8,60;68,19;Courriel
CMD-101987;30/10/2024;2024-11-02;06/12/2024;CLI-0056;EMP-502;ENT-MTL;BD-1099;24;393,95;20,70;287,66;Représentant
CMD-100986;21/06/2024;28/06/2024;2024-07-21;CLI-0143;EMP-503;ENT-QC;BD-1120;2;246,51;16,90;182,88;Portail web
CMD-101021;27/06/2024;04-juil-24;27/07/2024;CLI-0127;EMP-503;ENT-SAG;BD-1060;6;329,96;16,60;241,90;Représentant
CMD-100554;23/04/2024;2024-04-25;01/07/2024;CLI-0031;EMP-509;ENT-QC;BD-1131;3;56,27;16,10;36,32;Téléphone
CMD-101284;12/08/2024;20/08/2024;2024-10-19;CLI-0120;EMP-509;ENT-QC;BD-1017;24;549,02;2,60;307,26;Portail web
CMD-100685;13/05/2024;16/05/2024;2024-06-08;CLI-0076;EMP-507;ENT-QC;BD-1181;17;510,10;18,40;305,97;Représentant
CMD-100276;12/03/2024;21/03/2024;2024-04-26;CLI-0173;EMP-508;ENT-MTL;BD-1103;3;195,14;14,30;151,66;Téléphone
CMD-102077;11-nov-24;17/11/2024;21/12/2024;CLI-0099;EMP-505;ENT-MTL;BD-1074;5;152,96;21,20;108,27;Représentant
CMD-101232;2024-08-05;09/08/2024;15/09/2024;CLI-0045;EMP-502;ENT-MTL;BD-1170;3;31,00;11,80;16,60;Téléphone
CMD-100154;14/02/2024;17-févr-24;20/03/2024;CLI-0162;EMP-508;ENT-SAG;BD-1180;3;160,80;15,10;93,34;Téléphone
CMD-101789;05-oct-24;09/10/2024;18/11/2024;CLI-0158;EMP-507;ENT-QC;BD-1123;3;201,89;7,20;129,56;Représentant
CMD-101492;2024-09-06;12/09/2024;15/10/2024;cli-0206;EMP-503;ENT-QC;BD-1062;6;158,94;11,50;112,54;Représentant
CMD-101260;09/08/2024;18/08/2024;12-sept-24;cli-0025;EMP-509;ENT-QC;BD-1098;3;382,73;13,20;257,11;Téléphone
CMD-101723;30/09/2024;09-oct-24;;CLI-0068;EMP-505;ENT-QC;BD-1067;2;40,06;3,70;23,77;Représentant
CMD-100646;07/05/2024;12/05/2024;25-juin-24;CLI-0029;EMP-506;ENT-QC;BD-1118;33;387,54;22,00;336,11;Représentant
CMD-102156;21/11/2024;25/11/2024;2024-12-19;CLI-0054;EMP-507;ENT-QC;BD-1156;8;257,81;14,70;161,25;Téléphone
CMD-102145;20/11/2024;22/11/2024;22/01/2025;CLI-0037;EMP-504;ENT-MTL;BD-1137;4;34,99;18,30;25,06;Représentant
CMD-100412;03/04/2024;05/04/2024;07/06/2024;CLI-0009;EMP-502;ENT-SAG;BD-1047;8;84,69;20,50;70,06;Représentant
CMD-101216;2024-08-02;09/08/2024;28/08/2024;CLI-0185;EMP-508;ENT-QC;BD-1036;5;193,91;24,50;159,06;Portail web
CMD-101142;22/07/2024;31/07/2024;10/08/2024;CLI-0009;EMP-502;ENT-MTL;BD-1019;3;242,71;19,40;170,21;Représentant
CMD-100706;14/05/2024;20/05/2024;2024-06-07;CLI-0037;EMP-504;ENT-MTL;BD-1027;22;364,31;20,50;249,72;Portail web
CMD-101691;2024-09-26;01/10/2024;31/10/2024;CLI-0053;EMP-509;ENT-QC;BD-1003;12;251,37;15,70;188,61;Portail web
CMD-100337;22/03/2024;2024-03-27;18/05/2024;CLI-0215;EMP-503;ENT-QC;BD-1125;24;419,24;4,70;285,25;Salon
CMD-102216;30/11/2024;04/12/2024;09-janv-25;CLI-0106;EMP-501;ENT-MTL;BD-1042;8;387,55;12,20;261,53;Téléphone
CMD-101131;19/07/2024;24/07/2024;2024-09-09;CLI-0035;EMP-503;ENT-QC;BD-1109;8;404,31;12,10;303,82;Représentant
CMD-100816;2024-05-29;31/05/2024;10/07/2024;CLI-0164;EMP-509;ENT-QC;BD-1038;4;511,30;7,30;313,36;Salon
CMD-100506;16/04/2024;2024-04-24;;CLI-0203;EMP-503;ENT-MTL;BD-1036;8;238,62;7,10;159,06;Représentant
CMD-101037;29/06/2024;04/07/2024;2024-08-19;CLI-0090;EMP-505;ENT-MTL;BD-1020;1;51,44;10,50;32,44;Salon
CMD-100151;14/02/2024;2024-02-22;17/03/2024;CLI-0099;EMP-505;ENT-SAG;BD-1169;5;448,48;22,20;276,47;Portail web
CMD-100454;09-avr-24;13/04/2024;29/05/2024;CLI-0042;EMP-505;ENT-QC;BD-1069;12;334,88;16,00;198,50;Portail web
CMD-100334;21/03/2024;29/03/2024;2024-05-03;CLI-0193;EMP-509;ENT-QC;BD-1130;1;497,18;11,90;317,23;Courriel
CMD-101978;29/10/2024;2024-11-03;13/12/2024;CLI-0134;EMP-509;ENT-MTL;BD-1105;1;251,27;3,00;166,12;Portail web
CMD-101619;18/09/2024;25/09/2024;12-nov-24;CLI-0056;EMP-502;ENT-MTL;BD-1167;14;292,77;21,10;205,42;Téléphone
CMD-100788;2024-05-24;01/06/2024;13/07/2024;CLI-0089;EMP-502;ENT-QC;BD-1049;16;41,18;24,60;30,58;Représentant
CMD-101137;22/07/2024;2024-07-27;01/09/2024;CLI-0099;EMP-505;ENT-MTL;BD-1112;33;92,69;19,30;65,64;Téléphone
CMD-101533;10/09/2024;2024-09-12;31/10/2024;CLI-0161;EMP-508;ENT-MTL;BD-1073;24;416,02;7,50;255,00;Salon
CMD-100177;21/02/2024;27/02/2024;24/03/2024;CLI-0130;EMP-508;ENT-QC;BD-1064;20;100,76;19,60;69,43;Représentant
CMD-100090;29/01/2024;05/02/2024;2024-02-15;CLI-0099;EMP-505;ENT-MTL;BD-1141;5;372,96;25,30;307,78;Téléphone
CMD-102080;12/11/2024;14/11/2024;13-déc-24;CLI-0047;EMP-508;ENT-QC;BD-1086;12;115,39;16,20;80,72;Portail web
CMD-101204;01-août-24;05/08/2024;21/08/2024;CLI-0029;EMP-506;ENT-QC;BD-1001;40;259,24;22,70;182,30;Portail web
CMD-100486;12/04/2024;15/04/2024;27-mai-24;CLI-0134;EMP-509;ENT-SAG;BD-1106;6;519,54;2,10;333,09;Représentant
CMD-101781;04-oct-24;08/10/2024;04/12/2024;CLI-0051;EMP-509;ENT-MTL;BD-1143;3;364,86;2,70;215,92;Portail web
CMD-101414;28-août-24;31/08/2024;07/10/2024;CLI-0012;EMP-501;ENT-QC;BD-1155;68;439,29;18,90;322,38;Téléphone
CMD-100493;2024-04-13;17/04/2024;02/05/2024;CLI-0047;EMP-508;ENT-MTL;BD-1044;3;280,24;13,20;195,45;Téléphone
CMD-101758;2024-10-03;07/10/2024;14/11/2024;CLI-0143;EMP-503;ENT-QC;BD-1177;3;354,15;13,10;211,22;Portail web
CMD-100379;2024-03-29;31/03/2024;24/05/2024;CLI-0048;EMP-508;ENT-MTL;BD-1078;3;324,53;15,40;197,64;Portail web
CMD-100940;14-juin-24;21/06/2024;09/07/2024;CLI-0013;EMP-507;ENT-MTL;BD-1027;12;444,59;3,00;249,72;Représentant
CMD-100336;2024-03-22;28/03/2024;26/04/2024;CLI-0054;EMP-507;ENT-SAG;BD-1076;2;498,05;11,20;281,11;Représentant
CMD-101012;27/06/2024;30/06/2024;09-août-24;CLI-0145;EMP-504;ENT-MTL;BD-1032;6;507,26;7,30;339,97;Téléphone
CMD-101108;15/07/2024;2024-07-24;;CLI-0211;EMP-504;ENT-SAG;BD-1105;6;232,59;10,20;166,12;Portail web
CMD-100603;01/05/2024;2024-05-05;10/06/2024;CLI-0212;EMP-507;ENT-MTL;BD-1035;23;38,26;20,90;30,00;Représentant
CMD-102314;27/12/2024;03/01/2025;26-févr-25;CLI-0056;EMP-502;ENT-QC;BD-1139;16;289,98;19,20;198,93;Représentant
CMD-101062;03/07/2024;06/07/2024;13/08/2024;CLI-0128;EMP-502;ENT-QC;BD-1027;12;385,40;15,90;249,72;Représentant
CMD-101812;09/10/2024;2024-10-18;11/12/2024;CLI-0106;EMP-501;ENT-MTL;BD-1154;12;471,01;11,90;323,13;Téléphone
CMD-100913;12-juin-24;21/06/2024;26/07/2024;CLI-0080;EMP-506;ENT-MTL;BD-1125;6;392,72;10,70;285,25;Courriel
CMD-101594;16/09/2024;22/09/2024;29-oct-24;CLI-0172;EMP-502;ENT-MTL;BD-1182;2;106,58;2,10;56,87;Représentant
CMD-100919;12/06/2024;17/06/2024;07/07/2024;CLI-0032;EMP-504;ENT-MTL;BD-1049;1;51,43;5,90;30,58;Représentant
CMD-100141;12-févr-24;18/02/2024;22/03/2024;CLI-0063;EMP-503;ENT-QC;BD-1110;3;245,19;13,60;178,91;Téléphone
CMD-101694;26/09/2024;30/09/2024;2024-10-14;CLI-0074;EMP-507;ENT-MTL;BD-1040;36;358,05;18,80;268,77;Représentant
CMD-100168;19/02/2024;28/02/2024;2024-04-04;CLI-0082;EMP-504;ENT-QC;BD-1096;2;280,56;5,30;170,74;Représentant
CMD-101017;2024-06-27;04/07/2024;02/08/2024;CLI-0211;EMP-504;ENT-MTL;BD-1117;6;130,51;11,90;98,28;Représentant
CMD-100190;26/02/2024;2024-02-29;28/04/2024;CLI-0009;EMP-502;ENT-MTL;BD-1173;3;316,81;20,50;207,98;Représentant
CMD-100378;29/03/2024;2024-04-05;28/04/2024;CLI-0066;EMP-507;ENT-MTL;BD-9229;1;142,08;16,30;94,86;Téléphone
CMD-102055;07/11/2024;12/11/2024;21/12/2024;CLI-0130;EMP-508;ENT-MTL;BD-1073;5;355,25;21,00;255,00;Représentant
CMD-101569;12/09/2024;19/09/2024;21-oct-24;CLI-0012;EMP-501;ENT-SAG;BD-1065;21;203,54;18,40;128,81;Représentant
CMD-100010;03/01/2024;2024-01-12;06/02/2024;CLI-0209;EMP-508;ENT-QC;BD-1145;2;138,21;24,90;108,83;Portail web
CMD-101681;25/09/2024;28/09/2024;10-nov-24;CLI-0066;EMP-507;ENT-MTL;BD-1062;2;151,51;15,70;112,54;Représentant
CMD-102288;18/12/2024;20/12/2024;14-févr-25;CLI-0132;EMP-507;ENT-SAG;BD-1084;24;494,99;14,70;312,00;Représentant
CMD-100924;13/06/2024;21/06/2024;30-juin-24;CLI-0074;EMP-507;ENT-QC;BD-1027;77;362,23;20,90;249,72;Représentant
CMD-100608;01-mai-24;09/05/2024;05/06/2024;CLI-0083;EMP-507;ENT-SAG;BD-1030;4;178,27;2,60;98,88;Portail web
CMD-100179;21/02/2024;28/02/2024;2024-03-31;CLI-0041;EMP-508;ENT-SAG;BD-1034;6;203,11;14,50;151,89;Représentant
CMD-101852;14-oct-24;17/10/2024;04/12/2024;CLI-0129;EMP-508;ENT-SAG;BD-1100;3;520,48;3,00;306,44;Représentant
CMD-100754;21/05/2024;2024-05-24;05/07/2024;CLI-0130;EMP-508;ENT-MTL;BD-1017;80;456,07;19,10;307,26;Représentant
CMD-101089;08/07/2024;2024-07-17;19/09/2024;CLI-0149;EMP-501;ENT-MTL;BD-1104;8;107,55;2,80;75,12;Courriel
CMD-100611;01/05/2024;03-mai-24;05/06/2024;CLI-0130;EMP-508;ENT-QC;BD-1086;1;105,90;23,10;80,72;Portail web
CMD-101882;17/10/2024;21-oct-24;;CLI-0146;EMP-503;ENT-SAG;BD-1098;6;377,66;14,30;257,11;Représentant
CMD-101967;28/10/2024;02-nov-24;29/11/2024;CLI-0059;EMP-504;ENT-MTL;BD-1092;18;210,34;25,50;140,04;Représentant
CMD-101211;02/08/2024;05/08/2024;30/08/2024;CLI-0212;EMP-507;ENT-QC;BD-1178;5;154,17;24,90;116,97;Portail web
CMD-100221;02/03/2024;10/03/2024;06-avr-24;CLI-0119;EMP-503;ENT-SAG;BD-1130;2;520,42;7,80;317,23;Téléphone
CMD-100281;13/03/2024;2024-03-18;29/03/2024;CLI-0162;EMP-508;ENT-QC;BD-1117;4;127,90;13,70;98,28;Courriel
CMD-100216;01/03/2024;10/03/2024;2024-04-21;CLI-0020;EMP-508;ENT-SAG;BD-1170;8;32,54;7,40;16,60;Téléphone
CMD-101469;04/09/2024;08/09/2024;2024-10-10;CLI-0012;EMP-501;ENT-SAG;BD-1176;9;505,36;19,80;322,02;Représentant
CMD-100120;06/02/2024;10/02/2024;15-mars-24;CLI-0137;EMP-503;ENT-QC;BD-1029;4;291,75;25,60;238,44;Représentant
CMD-102181;26/11/2024;01/12/2024;2025-01-05;CLI-0059;EMP-504;ENT-SAG;BD-1145;12;138,88;24,60;108,83;Représentant
CMD-101536;11/09/2024;2024-09-16;15/10/2024;CLI-0056;EMP-502;ENT-QC;BD-1175;9;131,18;22,70;94,86;Représentant
CMD-101593;16/09/2024;24/09/2024;2024-10-23;CLI-0201;EMP-504;ENT-MTL;BD-1045;6;126,01;3,90;76,76;Représentant
CMD-101146;23/07/2024;01/08/2024;2024-08-17;CLI-0042;EMP-505;ENT-QC;BD-1160;12;67,43;14,40;40,71;Représentant
CMD-101175;29/07/2024;01-août-24;24/09/2024;CLI-0185;EMP-508;ENT-SAG;BD-1168;29;323,71;19,10;224,71;Téléphone
CMD-101020;27/06/2024;03/07/2024;20/08/2024;CLI-0082;EMP-504;ENT-QC;BD-1022;8;417,30;8,20;247,74;Téléphone
CMD-100543;2024-04-22;27/04/2024;10/06/2024;CLI-0188;EMP-506;ENT-MTL;BD-1176;6;532,00;15,60;322,02;Téléphone
CMD-101380;23/08/2024;28/08/2024;29/09/2024;CLI-0068;EMP-505;ENT-QC;BD-1006;12;326,65;2,40;178,72;Portail web
CMD-100973;19/06/2024;2024-06-28;26/07/2024;CLI-0090;EMP-505;ENT-SAG;BD-1019;3;266,98;11,30;170,21;Représentant
CMD-100683;2024-05-11;20/05/2024;24/06/2024;CLI-0209;EMP-508;ENT-MTL;BD-1066;22;280,55;18,60;199,26;Représentant
CMD-102032;05/11/2024;11/11/2024;2024-12-20;CLI-0054;EMP-507;ENT-QC;BD-1127;6;251,27;16,60;170,72;Représentant
CMD-100973;19/06/2024;2024-06-28;26/07/2024;CLI-0090;EMP-505;ENT-SAG;BD-1180;8;167,92;11,30;93,34;Portail web
CMD-100976;2024-06-20;27/06/2024;30/07/2024;CLI-0074;EMP-507;ENT-SAG;BD-1003;5;229,65;23,00;188,61;Courriel
CMD-100870;2024-06-05;07/06/2024;07/08/2024;CLI-0209;EMP-508;ENT-MTL;BD-1082;13;382,32;19,60;278,39;Téléphone
CMD-100663;08/05/2024;11/05/2024;18/06/2024;CLI-0007;EMP-508;ENT-SAG;BD-1019;4;279,73;7,10;170,21;Représentant
CMD-101377;23/08/2024;29-août-24;10/10/2024;CLI-0012;EMP-501;ENT-SAG;BD-1128;11;114,17;21,20;77,25;Représentant
CMD-101171;27/07/2024;03/08/2024;2024-08-26;CLI-0029;EMP-506;ENT-MTL;BD-1115;2;59,33;20,60;46,26;Représentant
CMD-100083;n/d;30-janv-24;29/03/2024;CLI-0185;EMP-508;ENT-SAG;BD-1033;6;140,10;25,20;110,89;Salon
CMD-101948;24/10/2024;2024-10-26;13/12/2024;CLI-0041;EMP-508;ENT-QC;BD-1151;4;138,08;13,20;90,35;Portail web
CMD-102057;2024-11-08;16/11/2024;19/12/2024;CLI-0212;EMP-507;ENT-QC;BD-1151;6;126,21;20,60;90,35;Représentant
CMD-100389;01-avr-24;10/04/2024;24/05/2024;CLI-0099;EMP-505;ENT-SAG;BD-1061;10;91,30;22,70;75,23;Portail web
CMD-101953;25/10/2024;28/10/2024;2024-11-30;CLI-0053;EMP-509;ENT-MTL;BD-1081;4;519,67;12,40;302,82;Téléphone
CMD-101634;19/09/2024;22/09/2024;31/10/2024;CLI-0144;EMP-502;ENT-MTL;BD-1090;2;80,07;16,50;57,58;Portail web
CMD-100988;22/06/2024;24-juin-24;09/08/2024;CLI-0076;EMP-507;ENT-MTL;BD-1034;2;189,06;20,40;151,89;Représentant
CMD-100621;03/05/2024;06/05/2024;23/06/2024;CLI-0212;EMP-507;ENT-SAG;BD-1112;6;85,98;25,20;65,64;Portail web
CMD-100001;01/01/2024;08/01/2024;2024-01-10;CLI-0173;EMP-508;ENT-QC;BD-1140;12;55,00;13,40;40,41;Représentant
CMD-100018;05/01/2024;10/01/2024;;CLI-0177;EMP-505;ENT-SAG;BD-1138;6;137,12;6,90;86,38;Représentant
CMD-100537;2024-04-20;24/04/2024;28/05/2024;CLI-0120;EMP-509;ENT-MTL;BD-1129;12;68,17;5,20;45,49;Représentant
CMD-102118;18/11/2024;22-nov-24;26/12/2024;CLI-0190;EMP-504;ENT-SAG;BD-1137;12;38,98;8,90;25,06;Courriel
CMD-101404;27-août-24;29/08/2024;18/09/2024;CLI-0029;EMP-506;ENT-MTL;BD-1016;17;310,11;25,00;219,41;Portail web
CMD-100562;24/04/2024;02/05/2024;2024-05-21;CLI-0125;EMP-509;ENT-MTL;BD-1068;24;549,70;2,50;284,28;Représentant
CMD-101272;12/08/2024;17/08/2024;22-sept-24;CLI-0123;EMP-501;ENT-MTL;BD-1036;12;215,65;16,00;159,06;Représentant
CMD-101741;01-oct-24;04/10/2024;10/11/2024;CLI-0170;EMP-504;ENT-QC;BD-1012;2;118,82;2,40;68,19;Représentant
CMD-101768;2024-10-03;10/10/2024;18/11/2024;CLI-0003;EMP-508;ENT-QC;BD-1087;1;364,37;5,50;211,22;Représentant
CMD-102117;16/11/2024;25/11/2024;2024-12-19;CLI-0137;EMP-503;ENT-SAG;BD-1146;22;289,18;23,00;220,88;Représentant
CMD-100384;2024-03-29;04/04/2024;15/05/2024;CLI-0141;EMP-502;ENT-SAG;BD-1071;1;474,42;11,10;301,72;Portail web
CMD-101396;27/08/2024;03/09/2024;20/10/2024;CLI-0087;EMP-502;ENT-MTL;BD-1024;12;298,93;10,50;185,46;Portail web
CMD-101867;16/10/2024;19/10/2024;2024-11-28;CLI-0148;EMP-501;ENT-MTL;BD-1159;6;245,14;15,20;166,16;Représentant
CMD-100338;2024-03-22;29/03/2024;14/04/2024;CLI-0220;EMP-506;ENT-SAG;BD-1022;2;392,82;13,60;247,74;Courriel
CMD-101485;05/09/2024;12/09/2024;10-oct-24;CLI-0009;EMP-502;ENT-QC;BD-1178;12;159,90;22,10;116,97;Représentant
CMD-100527;18/04/2024;26/04/2024;;CLI-0076;EMP-507;ENT-SAG;BD-1049;12;42,61;22,00;30,58;Portail web
CMD-100350;2024-03-25;27/03/2024;17/05/2024;CLI-0121;EMP-508;ENT-QC;BD-1026;12;364,34;16,90;241,74;Représentant
CMD-101166;26/07/2024;29/07/2024;2024-09-05;CLI-0189;EMP-501;ENT-SAG;BD-1177;8;376,91;7,50;211,22;Téléphone
CMD-102171;25/11/2024;02/12/2024;2025-01-10;CLI-0216;EMP-503;ENT-SAG;BD-1031;4;479,87;7,60;294,44;Représentant
CMD-101713;28/09/2024;07-oct-24;01/11/2024;CLI-0020;EMP-508;ENT-MTL;BD-1084;4;540,00;7,00;312,00;Courriel
CMD-101874;2024-10-16;25/10/2024;27/11/2024;CLI-0040;EMP-509;ENT-QC;BD-1143;2;327,59;12,70;215,92;Représentant
CMD-102026;2024-11-04;10/11/2024;24/12/2024;CLI-0053;EMP-509;ENT-MTL;BD-1182;1;95,02;12,70;56,87;Représentant
CMD-101308;2024-08-15;20/08/2024;16/09/2024;CLI-0182;EMP-503;ENT-MTL;BD-1105;3;226,98;12,40;166,12;Représentant
CMD-101173;29-juil-24;31/07/2024;28/08/2024;CLI-0121;EMP-508;ENT-SAG;BD-1060;2;331,97;16,10;241,90;Courriel
CMD-102212;29/11/2024;02/12/2024;09-janv-25;CLI-0002;EMP-509;ENT-QC;BD-1100;12;505,49;5,80;306,44;Représentant
CMD-100222;02/03/2024;10-mars-24;11/04/2024;CLI-0073;EMP-501;ENT-MTL;BD-1177;6;343,46;15,70;211,22;Représentant
CMD-100834;30/05/2024;02/06/2024;2024-06-19;CLI-0132;EMP-507;ENT-SAG;BD-1034;24;212,95;10,40;151,89;Représentant
CMD-100054;17/01/2024;2024-01-20;11/03/2024;CLI-0163;EMP-505;ENT-QC;BD-1149;12;169,99;7,20;108,85;Représentant
CMD-102188;27/11/2024;2024-12-05;26/12/2024;CLI-0195;EMP-506;ENT-QC;BD-1066;4;300,14;12,90;199,26;Représentant
CMD-101771;03/10/2024;06-oct-24;22/11/2024;CLI-0035;EMP-503;ENT-MTL;BD-1107;3;193,53;12,10;147,44;Téléphone
CMD-101319;2024-08-15;22/08/2024;19/09/2024;CLI-0185;EMP-508;ENT-SAG;BD-1007;2;80,32;22,30;55,96;Portail web
CMD-100556;24/04/2024;01/05/2024;2024-05-21;CLI-0112;EMP-505;ENT-QC;BD-1046;24;425,01;11,00;308,91;Salon
CMD-100812;29/05/2024;31/05/2024;28-juin-24;CLI-0001;EMP-508;ENT-QC;BD-1104;4;103,41;6,60;75,12;Portail web
CMD-100718;16/05/2024;2024-05-24;21/06/2024;CLI-0149;EMP-501;ENT-QC;BD-1017;3;529,51;6,10;307,26;Courriel
CMD-100655;08/05/2024;10/05/2024;2024-07-07;CLI-0017;EMP-507;ENT-SAG;BD-1151;3;143,08;10,00;90,35;Téléphone
CMD-101265;09/08/2024;2024-08-12;03/09/2024;CLI-0027;EMP-502;ENT-MTL;BD-1124;4;238,41;6,50;150,61;Représentant
CMD-101191;31-juil-24;08/08/2024;17/09/2024;CLI-0118;EMP-504;ENT-MTL;BD-1033;2;162,65;13,20;110,89;Salon
CMD-101412;2024-08-28;30/08/2024;16/10/2024;CLI-0074;EMP-507;ENT-SAG;BD-1031;27;399,19;23,20;294,44;Portail web
CMD-100981;20-juin-24;24/06/2024;01/08/2024;CLI-0217;EMP-506;ENT-QC;BD-1058;5;194,55;20,50;146,46;Représentant
CMD-101959;26-oct-24;29/10/2024;01/12/2024;CLI-0109;EMP-501;ENT-SAG;BD-1153;4;195,61;2,50;113,61;Courriel
CMD-100986;21/06/2024;28/06/2024;2024-07-21;CLI-0143;EMP-503;ENT-QC;BD-1164;2;161,92;16,90;98,38;Portail web
CMD-100005;01/01/2024;04/01/2024;29/01/2024;CLI-0112;EMP-505;ENT-MTL;BD-1132;2;166,28;16,30;125,81;Représentant
CMD-101440;30/08/2024;08/09/2024;2024-10-18;CLI-0127;EMP-503;ENT-MTL;BD-1021;3;307,82;15,40;201,55;Représentant
CMD-100353;2024-03-26;31/03/2024;21/04/2024;CLI-0118;EMP-504;ENT-QC;BD-1163;4;517,44;15,60;294,58;Téléphone
CMD-101889;2024-10-17;23/10/2024;22/11/2024;CLI-0037;EMP-504;ENT-SAG;BD-1133;4;76,67;24,40;61,66;Salon
CMD-102001;31/10/2024;03/11/2024;24/11/2024;CLI-0021;EMP-501;ENT-MTL;BD-1091;2;551,10;3,00;279,07;Téléphone
CMD-101141;22/07/2024;30-juil-24;07/09/2024;CLI-0074;EMP-507;ENT-MTL;BD-1029;22;314,60;19,70;238,44;Représentant
CMD-100209;29/02/2024;09/03/2024;04-avr-24;CLI-0031;EMP-509;ENT-QC;BD-1094;8;181,11;11,20;121,74;Portail web
CMD-101302;14/08/2024;16/08/2024;2024-10-04;CLI-0071;EMP-503;ENT-MTL;BD-1175;4;162,45;4,30;94,86;Représentant
CMD-100897;10/06/2024;17/06/2024;21-juil-24;CLI-0066;EMP-507;ENT-QC;BD-1031;1;436,34;16,00;294,44;Représentant
CMD-100436;06/04/2024;2024-04-09;24/05/2024;CLI-0115;EMP-509;ENT-MTL;BD-1098;1;372,44;15,50;257,11;Portail web
CMD-101562;12/09/2024;17/09/2024;2024-10-31;CLI-0206;EMP-503;ENT-SAG;BD-1075;8;85990,00;14,70;59,74;Représentant
CMD-101919;22/10/2024;2024-10-29;08/11/2024;CLI-0137;EMP-503;ENT-QC;BD-1139;20;271,71;24,30;198,93;Courriel
CMD-101620;2024-09-18;23/09/2024;26/10/2024;CLI-0019;EMP-502;ENT-MTL;BD-1002;2;454,77;2,90;292,58;Représentant
CMD-100050;16/01/2024;25-janv-24;;CLI-0044;EMP-505;ENT-QC;BD-1140;8;56,90;10,40;40,41;Téléphone
CMD-100792;27/05/2024;04/06/2024;19-juil-24;CLI-0194;EMP-506;ENT-MTL;BD-1029;12;358,73;8,50;238,44;Représentant
CMD-101799;08/10/2024;2024-10-10;14/11/2024;CLI-0067;EMP-502;ENT-MTL;BD-1066;12;309,34;10,20;199,26;Téléphone
CMD-102266;13/12/2024;2024-12-16;21/01/2025;CLI-0042;EMP-505;ENT-QC;BD-1082;24;410,79;13,60;278,39;Portail web
CMD-100712;2024-05-15;19/05/2024;24/07/2024;CLI-0052;EMP-504;ENT-MTL;BD-1117;4;129,96;12,30;98,28;Portail web
CMD-101316;15/08/2024;19/08/2024;02/10/2024;CLI-0146;EMP-503;ENT-QC;BD-1171;3;134,05;15,30;83,70;Représentant
CMD-100889;08/06/2024;2024-06-14;06/07/2024;CLI-0054;EMP-507;ENT-MTL;BD-1056;4;426,48;13,30;287,11;Téléphone
CMD-100770;22-mai-24;31/05/2024;30/06/2024;CLI-0204;EMP-506;ENT-QC;BD-1181;6;599,92;4,00;305,97;Courriel
CMD-102086;12/11/2024;18/11/2024;20-déc-24;CLI-0183;EMP-506;ENT-QC;BD-1116;8;85,86;3,20;58,93;Téléphone
CMD-101296;14/08/2024;19/08/2024;2024-10-21;CLI-0037;EMP-504;ENT-MTL;BD-1002;8;349,56;25,40;292,58;Courriel
CMD-100231;05/03/2024;08-mars-24;13/03/2024;CLI-0199;EMP-504;ENT-MTL;BD-1125;6;391,93;10,90;285,25;Téléphone
CMD-101387;26/08/2024;31/08/2024;18-oct-24;CLI-0059;EMP-504;ENT-MTL;BD-1160;7;58,33;25,90;40,71;Représentant
CMD-101103;12/07/2024;18-juil-24;20/08/2024;CLI-0139;EMP-506;ENT-QC;BD-1008;12;207,88;11,10;128,94;Portail web
CMD-101545;11/09/2024;14-sept-24;15/11/2024;CLI-0017;EMP-507;ENT-QC;BD-1154;12;452,03;15,40;323,13;Représentant
CMD-100764;2024-05-22;27/05/2024;28/07/2024;CLI-0150;EMP-502;ENT-MTL;BD-1112;4;105,67;8,00;65,64;Représentant
CMD-100460;09/04/2024;15/04/2024;22/06/2024;CLI-0097;EMP-504;ENT-MTL;BD-1050;1;460,52;8,70;291,69;Portail web
CMD-101197;01/08/2024;10/08/2024;2024-09-22;CLI-0040;EMP-509;ENT-QC;BD-1053;3;278,68;14,80;176,84;Représentant
CMD-100025;08/01/2024;2024-01-15;04/02/2024;CLI-0179;EMP-509;ENT-QC;BD-1173;12;378,59;5,00;207,98;Portail web
CMD-100167;19/02/2024;2024-02-25;26/03/2024;  CLI-0042;EMP-505;ENT-SAG;BD-1022;6;391,14;13,90;247,74;Portail web
CMD-100827;30/05/2024;04-juin-24;06/07/2024;CLI-0103;EMP-502;ENT-SAG;BD-1153;1;195,27;2,70;113,61;Représentant
CMD-101983;29-oct-24;04/11/2024;06/12/2024;CLI-0077;EMP-501;ENT-QC;BD-1097;24;356,89;3,00;210,05;Téléphone
CMD-100625;03/05/2024;07/05/2024;27/06/2024;CLI-0130;EMP-508;ENT-QC;BD-1056;3;391,07;20,50;287,11;Téléphone
CMD-100581;2024-04-27;03/05/2024;08/06/2024;CLI-0144;EMP-502;ENT-QC;BD-1035;6;43,45;10,20;30,00;Représentant
CMD-101977;2024-10-29;07/11/2024;31/12/2024;CLI-0076;EMP-507;ENT-MTL;BD-1180;10;148,50;21,60;93,34;Portail web
CMD-102107;2024-11-14;20/11/2024;26/12/2024;CLI-0074;EMP-507;ENT-SAG;BD-1143;4;300,47;19,90;215,92;Téléphone
CMD-100920;12/06/2024;14/06/2024;16-juil-24;CLI-0190;EMP-504;ENT-QC;BD-1114;8;238,73;5,50;149,59;Portail web
CMD-100401;02/04/2024;2024-04-11;;CLI-0050;EMP-502;ENT-QC;BD-1162;2;122,60;10,60;66,97;Représentant
CMD-100493;13-avr-24;17/04/2024;02/05/2024;CLI-0047;EMP-508;ENT-MTL;BD-1021;6;315,52;13,20;201,55;Téléphone
CMD-102215;30/11/2024;05/12/2024;12/01/2025;CLI-0007;EMP-508;ENT-QC;BD-1075;3;97,16;3,60;59,74;Portail web
CMD-101453;02/09/2024;10-sept-24;06/10/2024;CLI-0037;EMP-504;ENT-QC;BD-1076;24;451,75;19,50;281,11;Représentant
CMD-101795;07/10/2024;16/10/2024;13-nov-24;CLI-0169;EMP-507;ENT-MTL;BD-1028;8;201,88;14,60;140,77;Courriel
CMD-100521;18/04/2024;22/04/2024;2024-05-16;CLI-0061;EMP-503;ENT-QC;BD-1061;8;104,00;12,00;75,23;Téléphone
CMD-101967;28/10/2024;02/11/2024;29-nov-24;  CLI-0059;EMP-504;ENT-MTL;BD-1099;21;370,04;25,50;287,66;Téléphone
CMD-101077;2024-07-05;12/07/2024;18/08/2024;CLI-0012;EMP-501;ENT-SAG;BD-1033;12;144,89;22,70;110,89;Portail web
CMD-100019;2024-01-05;11/01/2024;08/03/2024;CLI-0037;EMP-504;ENT-QC;BD-1050;5;377,22;25,20;291,69;Téléphone
CMD-101279;12/08/2024;2024-08-15;11/09/2024;CLI-0185;EMP-508;ENT-SAG;BD-1052;6;244,65;20,30;179,27;Courriel
CMD-101436;30/08/2024;03/09/2024;2024-10-07;CLI-0141;EMP-502;ENT-MTL;BD-1162;4;115,55;15,70;66,97;Courriel
CMD-101263;09/08/2024;17/08/2024;2024-09-25;CLI-0029;EMP-506;ENT-QC;BD-1042;2;332,67;24,60;261,53;Représentant
CMD-100350;25-mars-24;27/03/2024;17/05/2024;CLI-0121;EMP-508;ENT-QC;BD-1132;2;165,08;16,90;125,81;Représentant
CMD-101161;26/07/2024;01/08/2024;29-sept-24;CLI-0173;EMP-508;ENT-QC;BD-1022;4;381,45;16,10;247,74;Portail web
CMD-102015;01/11/2024;08-nov-24;22/11/2024;CLI-0212;EMP-507;ENT-SAG;BD-1011;9;429,43;18,20;288,46;Représentant
CMD-101506;07-sept-24;12/09/2024;31/10/2024;CLI-0130;EMP-508;ENT-SAG;BD-1091;40;426,57;24,90;279,07;Représentant
CMD-100680;10-mai-24;17/05/2024;16/06/2024;CLI-0055;EMP-506;ENT-MTL;BD-1045;6;123,67;5,60;76,76;Représentant
CMD-101903;19/10/2024;28/10/2024;13-nov-24;CLI-0043;EMP-506;ENT-SAG;BD-1135;6;64,63;11,80;39,89;Représentant
CMD-101203;01/08/2024;03-août-24;19/09/2024;CLI-0121;EMP-508;ENT-QC;BD-1111;3;199,00;10,20;145,84;Représentant
CMD-100906;11/06/2024;18/06/2024;2024-07-20;CLI-0137;EMP-503;ENT-MTL;BD-1019;2;245,27;18,50;170,21;Portail web
CMD-100428;05/04/2024;09-avr-24;18/05/2024;CLI-0118;EMP-504;ENT-MTL;BD-1043;4;466,76;11,60;294,10;Courriel
CMD-102209;29/11/2024;2024-12-05;06/01/2025;CLI-0166;EMP-503;ENT-MTL;BD-1080;3;276,56;16,40;173,12;Téléphone
CMD-102147;20/11/2024;27-nov-24;28/12/2024;CLI-0089;EMP-502;ENT-MTL;BD-1182;4;83,81;23,00;56,87;Représentant
CMD-100845;31/05/2024;04/06/2024;26-juin-24;CLI-0076;EMP-507;ENT-QC;BD-1178;16;164,18;20,00;116,97;Représentant
CMD-101776;04-oct-24;06/10/2024;24/10/2024;CLI-0185;EMP-508;ENT-QC;BD-1005;16;263,97;19,30;204,06;Téléphone
CMD-100375;28/03/2024;01/04/2024;08/06/2024;CLI-0109;EMP-501;ENT-MTL;BD-1013;3;474,24;8,10;308,85;Représentant
CMD-100310;18/03/2024;2024-03-27;;CLI-0035;EMP-503;ENT-MTL;BD-1155;8;484,27;10,60;322,38;Représentant
CMD-102116;16/11/2024;18/11/2024;23-déc-24;CLI-0130;EMP-508;ENT-QC;BD-1065;13;191,65;23,20;128,81;Salon
CMD-100011;03/01/2024;12/01/2024;17/02/2024;CLI-0156;EMP-502;ENT-QC;BD-1158;12;333,07;4,70;180,81;Représentant
CMD-100723;16/05/2024;24/05/2024;2024-06-16;CLI-0056;EMP-502;ENT-MTL;BD-1104;5;83,43;24,60;75,12;Courriel
CMD-101371;22/08/2024;2024-08-31;06/10/2024;CLI-0135;EMP-506;ENT-SAG;BD-1016;4;355,78;13,90;219,41;Téléphone
CMD-101084;08/07/2024;12/07/2024;2024-08-11;CLI-0139;EMP-506;ENT-QC;BD-1001;1;295,06;12,00;182,30;Téléphone
CMD-101112;15/07/2024;24/07/2024;19-août-24;CLI-0003;EMP-508;ENT-MTL;BD-1048;4;49,68;3,00;32,82;Téléphone
CMD-100863;04/06/2024;06/06/2024;2024-07-01;CLI-0050;EMP-502;ENT-MTL;BD-1180;2;163,53;13,60;93,34;Représentant
CMD-102035;05-nov-24;11/11/2024;13/12/2024;CLI-0074;EMP-507;ENT-QC;BD-1010;2;121,65;25,40;87,08;Courriel
CMD-101646;21-sept-24;30/09/2024;22/10/2024;CLI-0080;EMP-506;ENT-MTL;BD-1058;2;207,34;15,30;146,46;Représentant
CMD-101914;21/10/2024;26-oct-24;01/12/2024;CLI-0137;EMP-503;ENT-MTL;BD-1165;15;147,57;19,80;105,70;Téléphone
CMD-101269;10/08/2024;2024-08-14;05/09/2024;CLI-0169;EMP-507;ENT-QC;BD-1103;1;194,67;14,50;151,66;Représentant
CMD-100714;15/05/2024;20/05/2024;12-juil-24;CLI-0099;EMP-505;ENT-MTL;BD-1028;37;192,25;18,70;140,77;Représentant
CMD-101718;30/09/2024;05/10/2024;2024-10-28;CLI-0200;EMP-509;ENT-QC;BD-1176;3;545,99;13,40;322,02;Portail web
CMD-100916;12/06/2024;17/06/2024;2024-07-16;CLI-0139;EMP-506;ENT-QC;BD-1121;6;65,21;16,20;43,73;Portail web
CMD-100213;01/03/2024;09-mars-24;09/04/2024;CLI-0037;EMP-504;ENT-QC;BD-1007;11;81,63;21,00;55,96;Téléphone
CMD-101229;05/08/2024;08/08/2024;2024-09-14;CLI-0081;EMP-502;ENT-MTL;BD-1002;3;389,39;16,90;292,58;Téléphone
CMD-102315;27-déc-24;31/12/2024;06/02/2025;CLI-0214;EMP-508;ENT-MTL;BD-1129;2;69,33;3,60;45,49;Portail web
CMD-100075;23/01/2024;01/02/2024;2024-03-16;CLI-0014;EMP-502;ENT-QC;BD-1143;12;344,62;8,10;215,92;Téléphone
CMD-100171;20/02/2024;25/02/2024;2024-04-07;CLI-0153;EMP-507;ENT-MTL;BD-1172;6;348,31;16,80;216,67;Représentant
CMD-100606;01/05/2024;2024-05-04;29/05/2024;CLI-0195;EMP-506;ENT-QC;BD-9256;4;216,54;14,60;159,88;Représentant
CMD-100342;22/03/2024;29-mars-24;07/05/2024;CLI-0108;EMP-503;ENT-SAG;BD-1140;2;52,91;16,70;40,41;Représentant
CMD-100951;17/06/2024;19/06/2024;07-août-24;CLI-0188;EMP-506;ENT-QC;BD-1107;6;187,90;14,70;147,44;Représentant
CMD-100332;21-mars-24;26/03/2024;13/04/2024;CLI-0209;EMP-508;ENT-MTL;BD-1163;8;478,90;21,90;294,58;Téléphone
CMD-101628;19/09/2024;2024-09-21;27/10/2024;CLI-0019;EMP-502;ENT-MTL;BD-1057;12;27,67;7,30;19,26;Portail web
CMD-100093;29/01/2024;01/02/2024;2024-03-27;CLI-0211;EMP-504;ENT-QC;BD-1012;8;103,14;15,30;68,19;Représentant
CMD-101271;12/08/2024;21/08/2024;2024-09-23;CLI-0064;EMP-504;ENT-QC;BD-1011;1;484,82;7,70;288,46;Représentant
CMD-102294;2024-12-20;22/12/2024;27/01/2025;CLI-0162;EMP-508;ENT-MTL;BD-1116;24;77,36;12,80;58,93;Portail web
CMD-101718;30/09/2024;05/10/2024;2024-10-28;CLI-0200;EMP-509;ENT-QC;BD-1069;6;345,32;13,40;198,50;Portail web
CMD-101465;03/09/2024;08/09/2024;2024-11-06;CLI-0031;EMP-509;ENT-SAG;BD-1062;2;152,84;14,90;112,54;Salon
CMD-102202;28/11/2024;2024-12-05;01/01/2025;CLI-0173;EMP-508;ENT-QC;BD-1149;8;158,61;13,40;108,85;Téléphone
CMD-100937;14/06/2024;22/06/2024;07/08/2024;CLI-0063;EMP-503;ENT-QC;BD-1024;12;283,92;15,00;185,46;Téléphone
CMD-100231;2024-03-05;08/03/2024;13/03/2024;CLI-0199;EMP-504;ENT-MTL;BD-1005;2;291,30;10,90;204,06;Portail web
CMD-102201;28/11/2024;01/12/2024;2025-01-03;CLI-0129;EMP-508;ENT-SAG;BD-1170;1;32,29;8,10;16,60;Représentant
CMD-100335;21/03/2024;26-mars-24;29/05/2024;CLI-0037;EMP-504;ENT-SAG;BD-1104;4;89,61;19,00;75,12;Représentant
CMD-100020;05/01/2024;12/01/2024;2024-02-16;CLI-0143;EMP-503;ENT-SAG;BD-1148;3;409,79;10,90;296,06;Représentant
CMD-101232;2024-08-05;09/08/2024;15/09/2024;CLI-0045;EMP-502;ENT-MTL;BD-1164;1;171,88;11,80;98,38;Représentant
CMD-101030;28/06/2024;01/07/2024;2024-08-05;CLI-0141;EMP-502;ENT-QC;BD-1125;4;372,34;15,40;285,25;Téléphone
CMD-101956;25/10/2024;29/10/2024;2024-12-07;CLI-0045;EMP-502;ENT-QC;BD-1136;2;185,99;10,40;110,14;Représentant
CMD-100750;2024-05-20;28/05/2024;07/07/2024;CLI-0199;EMP-504;ENT-QC;BD-1113;8;360,01;15,70;276,01;Portail web
CMD-100816;29/05/2024;31-mai-24;10/07/2024;CLI-0164;EMP-509;ENT-QC;BD-1064;3;116,08;7,30;69,43;Téléphone
CMD-102176;26/11/2024;29/11/2024;25/01/2025;CLI-0125;EMP-509;ENT-QC;BD-1063;1;345,90;6,10;242,15;Courriel
CMD-100642;07/05/2024;13-mai-24;14/06/2024;CLI-0089;EMP-502;ENT-SAG;BD-1055;9;243,78;25,80;209,35;Téléphone
CMD-100027;08/01/2024;2024-01-17;20/02/2024;CLI-0063;EMP-503;ENT-QC;BD-1092;1;242,83;14,00;140,04;Portail web
CMD-101863;15-oct-24;24/10/2024;02/12/2024;CLI-0072;EMP-501;ENT-QC;BD-1134;8;92,75;15,60;60,50;Téléphone
CMD-100123;06/02/2024;09/02/2024;2024-03-28;CLI-0158;EMP-507;ENT-MTL;BD-1001;4;305,95;8,70;182,30;Téléphone
CMD-101863;15/10/2024;24/10/2024;2024-12-02;CLI-0072;EMP-501;ENT-QC;BD-1127;2;254,11;15,60;170,72;Représentant
CMD-101819;09/10/2024;13/10/2024;08-nov-24;CLI-0084;EMP-503;ENT-MTL;BD-1093;3;200,85;10,30;132,18;Portail web
CMD-102244;09/12/2024;12/12/2024;;CLI-0211;EMP-504;ENT-SAG;BD-1177;24;339,32;16,80;211,22;Portail web
CMD-101825;2024-10-10;17/10/2024;11/12/2024;CLI-0125;EMP-509;ENT-MTL;BD-1182;12;102,24;6,10;56,87;Représentant
CMD-101080;08/07/2024;12/07/2024;03/09/2024;CLI-0133;EMP-508;ENT-SAG;BD-1043;2;469,57;11,00;294,10;Téléphone
CMD-100841;31/05/2024;07/06/2024;09/07/2024;CLI-0020;EMP-508;ENT-QC;BD-1161;8;127,80;5,40;62,84;Représentant
CMD-100618;02/05/2024;05/05/2024;2024-06-18;CLI-0080;EMP-506;ENT-MTL;BD-1129;6;62,48;13,10;45,49;Portail web
CMD-102220;02-déc-24;04/12/2024;21/01/2025;CLI-0209;EMP-508;ENT-QC;BD-1076;8;432,00;23,00;281,11;Portail web
CMD-100544;22/04/2024;27/04/2024;22-mai-24;CLI-0112;EMP-505;ENT-MTL;BD-1055;8;293,44;10,70;209,35;Représentant
CMD-102318;2024-12-28;03/01/2025;01/02/2025;CLI-0130;EMP-508;ENT-SAG;BD-1091;54;462,97;18,50;279,07;Représentant
CMD-100053;17/01/2024;20/01/2024;23-févr-24;CLI-0090;EMP-505;ENT-QC;BD-1141;2;415,98;16,70;307,78;Représentant
CMD-100140;12/02/2024;19-févr-24;01/04/2024;CLI-0219;EMP-505;ENT-MTL;BD-1134;12;101,21;8,00;60,50;Portail web
CMD-101688;26/09/2024;02/10/2024;2024-10-07;CLI-0217;EMP-506;ENT-MTL;BD-1066;71;265,06;23,10;199,26;Courriel
CMD-100258;2024-03-08;12/03/2024;18/04/2024;CLI-0116;EMP-509;ENT-SAG;BD-1127;12;260,76;13,40;170,72;Téléphone
CMD-100200;27/02/2024;06/03/2024;2024-04-04;CLI-0128;EMP-502;ENT-MTL;BD-1135;8;64,81;11,60;39,89;Portail web
CMD-100460;09-avr-24;15/04/2024;22/06/2024;CLI-0097;EMP-504;ENT-MTL;BD-1038;4;504,06;8,70;313,36;Représentant
CMD-100121;2024-02-06;08/02/2024;11/03/2024;CLI-0109;EMP-501;ENT-SAG;BD-1164;6;185,64;4,80;98,38;Représentant
CMD-100773;2024-05-23;27/05/2024;22/06/2024;CLI-0074;EMP-507;ENT-SAG;BD-1103;17;176,63;22,50;151,66;Représentant
CMD-101658;23/09/2024;30/09/2024;25/10/2024;CLI-0019;EMP-502;ENT-QC;BD-1068;3;515,31;8,60;284,28;Portail web
CMD-102244;09/12/2024;12/12/2024;;CLI-0211;EMP-504;ENT-SAG;BD-1157;3;43,58;16,80;24,69;Représentant
CMD-102173;25/11/2024;29/11/2024;05/01/2025;CLI-0150;EMP-502;ENT-MTL;BD-1072;1;367,33;7,20;196,62;Représentant
CMD-100447;2024-04-08;15/04/2024;18/05/2024;CLI-0017;EMP-507;ENT-MTL;BD-1047;24;88,54;16,90;70,06;Téléphone
CMD-102017;01/11/2024;04/11/2024;13-déc-24;CLI-0015;EMP-509;ENT-QC;BD-1140;3;60,52;4,70;40,41;Représentant
CMD-100428;2024-04-05;09/04/2024;18/05/2024;CLI-0118;EMP-504;ENT-MTL;BD-1117;4;131,03;11,60;98,28;Représentant
CMD-101599;16/09/2024;19/09/2024;2024-11-01;CLI-0157;EMP-502;ENT-MTL;BD-1044;12;271,97;15,80;195,45;Téléphone
CMD-100012;03/01/2024;06/01/2024;2024-01-30;CLI-0011;EMP-507;ENT-QC;BD-1125;1;430,00;2,30;285,25;Représentant
CMD-100119;2024-02-05;13/02/2024;21/02/2024;CLI-0175;EMP-505;ENT-MTL;BD-1175;6;165,10;2,70;94,86;Représentant
CMD-100593;30/04/2024;08/05/2024;17/06/2024;CLI-0130;EMP-508;ENT-QC;BD-1055;13;263,30;19,80;209,35;Portail web
CMD-100804;28/05/2024;02/06/2024;2024-07-23;CLI-0135;EMP-506;ENT-MTL;BD-1041;2;215,28;15,10;159,88;Représentant
CMD-102013;31/10/2024;05/11/2024;2024-12-04;CLI-0094;EMP-502;ENT-MTL;BD-1130;4;515,94;8,60;317,23;Salon
CMD-101840;11-oct-24;16/10/2024;09/11/2024;CLI-0056;EMP-502;ENT-MTL;BD-1091;10;441,05;22,40;279,07;Représentant
CMD-102061;00/00/0000;2024-11-12;12/12/2024;CLI-0072;EMP-501;ENT-QC;BD-1099;2;416,30;16,20;287,66;Représentant
CMD-100386;30/03/2024;2024-04-04;21/04/2024;CLI-0212;EMP-507;ENT-MTL;BD-1080;21;245320,00;25,80;173,12;Portail web
CMD-100513;17/04/2024;21/04/2024;19-juin-24;CLI-0209;EMP-508;ENT-MTL;BD-1052;8;227,31;26,00;179,27;Représentant
CMD-100176;21/02/2024;24-févr-24;08/04/2024;CLI-0079;EMP-509;ENT-MTL;BD-1035;3;45,04;6,90;30,00;Portail web
CMD-101258;2024-08-08;12/08/2024;07/09/2024;CLI-0185;EMP-508;ENT-QC;BD-1027;13;371,77;18,80;249,72;Téléphone
CMD-102088;12-nov-24;14/11/2024;07/12/2024;CLI-0059;EMP-504;ENT-QC;BD-1162;8;109,57;20,10;66,97;Portail web
CMD-100696;13-mai-24;18/05/2024;;CLI-0181;EMP-504;ENT-MTL;BD-1117;6;140,95;4,90;98,28;Représentant
CMD-101791;2024-10-07;12/10/2024;27/10/2024;CLI-0204;EMP-506;ENT-SAG;BD-1068;24;546,93;3,00;284,28;Représentant
CMD-100892;10-juin-24;13/06/2024;18/07/2024;CLI-0198;EMP-504;ENT-QC;BD-1056;4;459,74;6,50;287,11;Courriel
CMD-101646;2024-09-21;30/09/2024;22/10/2024;CLI-0080;EMP-506;ENT-MTL;BD-1172;2;354,49;15,30;216,67;Téléphone
CMD-100229;2024-03-04;09/03/2024;17/04/2024;CLI-0153;EMP-507;ENT-MTL;BD-1054;6;409,50;12,10;257,53;Représentant
CMD-100985;21/06/2024;25/06/2024;30/07/2024;CLI-0039;EMP-503;ENT-MTL;BD-1174;4;268,75;8,90;165,53;Portail web
CMD-100763;22/05/2024;2024-05-31;14/07/2024;CLI-0193;EMP-509;ENT-MTL;BD-1118;4;428,37;13,80;336,11;Représentant
CMD-100562;24/04/2024;02/05/2024;21-mai-24;CLI-0125;EMP-509;ENT-MTL;BD-1055;2;320,15;2,50;209,35;Portail web
CMD-100285;13/03/2024;16/03/2024;03/05/2024;CLI-0042;EMP-505;ENT-SAG;BD-1050;3;444,29;11,90;291,69;Téléphone
CMD-100560;2024-04-24;27/04/2024;10/06/2024;CLI-0143;EMP-503;ENT-QC;BD-1046;3;405,78;15,00;308,91;Représentant
CMD-101894;18/10/2024;2024-10-22;17/11/2024;CLI-0089;EMP-502;ENT-QC;BD-1013;16;400,00;22,50;308,85;Portail web
CMD-100019;2024-01-05;11/01/2024;08/03/2024;CLI-0037;EMP-504;ENT-QC;BD-1136;25;155,36;25,20;110,14;Représentant
CMD-101933;23/10/2024;2024-10-30;01/12/2024;CLI-0099;EMP-505;ENT-MTL;BD-1155;48;430,35;20,60;322,38;Courriel
CMD-101582;13/09/2024;17/09/2024;31/10/2024;CLI-0187;EMP-507;ENT-MTL;BD-1085;1;58,69;12,70;40,90;Courriel
CMD-100454;09/04/2024;13/04/2024;2024-05-29;CLI-0042;EMP-505;ENT-QC;BD-1053;3;274,75;16,00;176,84;Représentant
CMD-100667;09/05/2024;2024-05-11;02/07/2024;CLI-0212;EMP-507;ENT-QC;BD-1063;10;301,95;18,00;242,15;Courriel
CMD-101802;08/10/2024;11/10/2024;09/11/2024;CLI-0212;EMP-507;ENT-SAG;BD-1105;2;198,26;23,50;166,12;Représentant
CMD-102016;01-nov-24;10/11/2024;02/12/2024;CLI-0122;EMP-505;ENT-QC;BD-1092;3;275,89;2,20;140,04;Salon
CMD-100741;2024-05-20;27/05/2024;20/07/2024;CLI-0076;EMP-507;ENT-QC;BD-1045;73;106,72;18,60;76,76;Représentant
CMD-101412;28/08/2024;30/08/2024;16/10/2024;CLI-0074;EMP-507;ENT-SAG;BD-1015;16;408,09;23,20;318,69;Représentant
CMD-100021;06/01/2024;14/01/2024;13-mars-24;CLI-0064;EMP-504;ENT-QC;BD-1151;12;152,03;4,40;90,35;Représentant
CMD-100476;11/04/2024;15-avr-24;23/05/2024;CLI-0118;EMP-504;ENT-QC;BD-1051;4;111,77;13,80;78,12;Représentant
CMD-100724;16/05/2024;20/05/2024;01-juil-24;CLI-0040;EMP-509;ENT-SAG;BD-1112;8;95,91;16,50;65,64;Représentant
CMD-100274;2024-03-12;16/03/2024;09/05/2024;CLI-0110;EMP-507;ENT-SAG;BD-1026;3;411,99;6,00;241,74;Représentant
CMD-100505;16/04/2024;20/04/2024;2024-06-08;CLI-0155;EMP-506;ENT-QC;BD-1047;8;91,66;14,00;70,06;Portail web
CMD-102301;24/12/2024;29-déc-24;30/01/2025;CLI-0146;EMP-503;ENT-QC;BD-1144;6;150,09;15,90;96,31;Représentant
CMD-100092;2024-01-29;31/01/2024;01/03/2024;CLI-0137;EMP-503;ENT-QC;BD-1138;11;118,94;19,30;86,38;Portail web
CMD-100077;2024-01-24;30/01/2024;11/03/2024;CLI-0076;EMP-507;ENT-MTL;BD-1151;8;127,24;20,00;90,35;Portail web
CMD-101573;13/09/2024;21/09/2024;2024-10-17;CLI-0127;EMP-503;ENT-SAG;BD-1088;2;544,44;13,60;335,85;Téléphone
CMD-101437;30/08/2024;2024-09-06;14/10/2024;CLI-0116;EMP-509;ENT-MTL;BD-1023;3;336,35;10,90;239,29;Courriel
CMD-101568;12-sept-24;17/09/2024;31/10/2024;CLI-0006;EMP-505;ENT-QC;BD-1176;12;565,46;10,30;322,02;Représentant
CMD-101145;23/07/2024;31/07/2024;17/09/2024;CLI-0016;EMP-505;ENT-MTL;BD-1001;3;314,06;6,30;182,30;Représentant
CMD-101245;2024-08-07;11/08/2024;29/09/2024;CLI-0087;EMP-502;ENT-MTL;BD-1014;24;37,44;16,20;26,62;Représentant
CMD-101995;2024-10-30;06/11/2024;22/12/2024;CLI-0131;EMP-502;ENT-SAG;BD-1047;8;92,22;13,50;70,06;Représentant
CMD-101725;30/09/2024;04-oct-24;05/11/2024;CLI-0090;EMP-505;ENT-MTL;BD-1101;4;94,59;12,80;62,94;Représentant
CMD-101273;12/08/2024;2024-08-16;09/09/2024;CLI-0147;EMP-506;ENT-QC;BD-1092;6;274,21;2,80;140,04;Portail web
CMD-101059;2024-07-03;07/07/2024;18/08/2024;CLI-0009;EMP-502;ENT-MTL;BD-1026;19;337,43;23,00;241,74;Téléphone
CMD-101417;28/08/2024;2024-08-31;10/10/2024;CLI-0045;EMP-502;ENT-SAG;BD-1042;2;366,96;16,90;261,53;Représentant
CMD-101002;26/06/2024;2024-07-04;03/08/2024;CLI-0199;EMP-504;ENT-MTL;BD-1182;2;93,64;14,00;56,87;Portail web
CMD-101135;20/07/2024;24/07/2024;08-sept-24;CLI-0139;EMP-506;ENT-SAG;BD-1031;6;441,69;15,00;294,44;Représentant
CMD-100009;02/01/2024;11/01/2024;2024-02-07;CLI-0141;EMP-502;ENT-QC;BD-1173;8;347,96;12,70;207,98;Portail web
CMD-100811;29/05/2024;07-juin-24;19/07/2024;CLI-0205;EMP-505;ENT-MTL;BD-1008;6;213,23;8,80;128,94;Représentant
CMD-102149;20/11/2024;25/11/2024;2024-12-20;CLI-0157;EMP-502;ENT-QC;BD-1152;8;419,46;12,80;265,82;Téléphone
CMD-101566;12/09/2024;16/09/2024;2024-11-04;CLI-0037;EMP-504;ENT-MTL;BD-1044;7;240,45;25,60;195,45;Téléphone
CMD-101523;10/09/2024;18/09/2024;09/10/2024;CLI-0209;EMP-508;ENT-SAG;BD-1143;5;283,82;24,30;215,92;Salon
CMD-102063;08/11/2024;12/11/2024;2024-12-10;CLI-0211;EMP-504;ENT-MTL;BD-1158;8;307,79;11,90;180,81;Courriel
CMD-101194;01-août-24;04/08/2024;04/09/2024;CLI-0059;EMP-504;ENT-MTL;BD-1012;16;90,76;25,40;68,19;Portail web
CMD-100836;2024-05-30;06/06/2024;11/07/2024;CLI-0200;EMP-509;ENT-QC;BD-1142;2;142,84;12,40;98,85;Téléphone
CMD-100825;30-mai-24;04/06/2024;25/07/2024;CLI-0148;EMP-501;ENT-MTL;BD-1172;3;368,83;11,90;216,67;Représentant
CMD-100828;30/05/2024;08/06/2024;07/07/2024;CLI-0171;EMP-507;ENT-QC;BD-1116;6;83,08;6,30;58,93;Téléphone
CMD-101789;05/10/2024;09/10/2024;18/11/2024;CLI-0158;EMP-507;ENT-QC;BD-1168;12;371,28;7,20;224,71;Téléphone
CMD-102245;09/12/2024;17/12/2024;2025-01-04;CLI-0099;EMP-505;ENT-QC;BD-1110;6;221,69;21,90;178,91;Téléphone
CMD-100065;19-janv-24;24/01/2024;03/03/2024;CLI-0126;EMP-502;ENT-QC;BD-1165;4;164,38;10,70;105,70;Représentant
CMD-101024;2024-06-28;01/07/2024;27/08/2024;CLI-0055;EMP-506;ENT-MTL;BD-1063;1;359,76;2,30;242,15;Portail web
CMD-101084;08/07/2024;12/07/2024;2024-08-11;CLI-0139;EMP-506;ENT-QC;BD-1035;1;42,58;12,00;30,00;Représentant
CMD-101893;18/10/2024;24/10/2024;2024-11-16;CLI-0037;EMP-504;ENT-MTL;BD-1089;60;254,04;19,80;157,64;Téléphone
CMD-100723;16/05/2024;24/05/2024;16/06/2024;CLI-0056;EMP-502;ENT-MTL;BD-1038;9;415,96;24,60;313,36;Portail web
CMD-101014;27/06/2024;02/07/2024;2024-08-22;CLI-0012;EMP-501;ENT-MTL;BD-1123;24;174,81;19,60;129,56;Courriel
CMD-101281;12/08/2024;2024-08-20;26/09/2024;CLI-0188;EMP-506;ENT-MTL;BD-1007;4;89,55;13,30;55,96;Représentant
CMD-100100;31/01/2024;09-févr-24;28/02/2024;CLI-0073;EMP-501;ENT-MTL;BD-1143;3;325,98;13,10;215,92;Représentant
CMD-102087;12/11/2024;2024-11-21;29/11/2024;CLI-0084;EMP-503;ENT-MTL;BD-1067;24;35,29;15,20;23,77;Représentant
CMD-100168;19/02/2024;28/02/2024;04/04/2024;CLI-0082;EMP-504;ENT-QC;BD-1089;1;299,94;5,30;157,64;Téléphone
CMD-101223;05/08/2024;09/08/2024;18/09/2024;CLI-0195;EMP-506;ENT-SAG;BD-1019;3;256,12;14,90;170,21;Représentant
CMD-101301;14/08/2024;18/08/2024;23/10/2024;CLI-0137;EMP-503;ENT-QC;BD-1118;13;398,38;19,90;336,11;Portail web
CMD-100765;2024-05-22;24/05/2024;29/06/2024;CLI-0187;EMP-507;ENT-QC;BD-1004;8;236,37;13,80;155,56;Représentant
CMD-100826;30/05/2024;04/06/2024;2024-07-23;CLI-0116;EMP-509;ENT-MTL;BD-1002;3;395,83;15,50;292,58;Portail web
CMD-100510;16/04/2024;2024-04-20;03/07/2024;CLI-0044;EMP-505;ENT-MTL;BD-1113;1;371,96;12,90;276,01;Représentant
CMD-101386;2024-08-26;04/09/2024;05/10/2024;CLI-0137;EMP-503;ENT-QC;BD-1057;7;22,39;25,00;19,26;Téléphone
CMD-100560;2024-04-24;27/04/2024;10/06/2024;CLI-0143;EMP-503;ENT-QC;BD-1105;6;220,25;15,00;166,12;Courriel
CMD-100117;2024-02-05;14/02/2024;07/03/2024;CLI-0032;EMP-504;ENT-MTL;BD-1118;3;483,13;2,80;336,11;Représentant
CMD-101977;29/10/2024;07-nov-24;31/12/2024;CLI-0076;EMP-507;ENT-MTL;BD-1020;20;45,07;21,60;32,44;Représentant
CMD-102246;2024-12-09;18/12/2024;15/01/2025;CLI-0038;EMP-507;ENT-MTL;BD-1084;8;502,70;13,40;312,00;Portail web
CMD-101300;14/08/2024;17/08/2024;03-sept-24;CLI-0041;EMP-508;ENT-QC;BD-1023;2;333,88;11,50;239,29;Portail web
CMD-100024;08/01/2024;12/01/2024;2024-03-06;CLI-0182;EMP-503;ENT-SAG;BD-1169;4;496,19;14,00;276,47;Portail web
CMD-100077;24-janv-24;30/01/2024;11/03/2024;CLI-0076;EMP-507;ENT-MTL;BD-1102;10;387,96;20,00;255,33;Téléphone
CMD-101121;18/07/2024;22/07/2024;03-sept-24;CLI-0149;EMP-501;ENT-SAG;BD-1177;3;390,76;4,10;211,22;Représentant
CMD-100848;01/06/2024;2024-06-06;30/06/2024;CLI-0157;EMP-502;ENT-QC;BD-1007;4;90,02;12,90;55,96;Téléphone
CMD-101733;01-oct-24;04/10/2024;05/11/2024;CLI-0152;EMP-503;ENT-MTL;BD-1075;1;97,60;3,10;59,74;Portail web
CMD-101223;05/08/2024;09/08/2024;18-sept-24;CLI-0195;EMP-506;ENT-SAG;BD-1049;3;46,49;14,90;30,58;Téléphone
CMD-100687;2024-05-13;19/05/2024;19/06/2024;CLI-0157;EMP-502;ENT-SAG;BD-1080;1;293,29;11,30;173,12;Portail web
CMD-102260;11/12/2024;19/12/2024;2025-01-04;CLI-0199;EMP-504;ENT-QC;BD-1131;6;57,78;13,80;36,32;Portail web
CMD-102137;2024-11-19;26/11/2024;19/12/2024;CLI-0099;EMP-505;ENT-SAG;BD-1083;8;250,23;18,50;157,14;Représentant
CMD-102141;19/11/2024;24/11/2024;2024-12-10;CLI-0109;EMP-501;ENT-QC;BD-1039;3;181,97;8,10;119,66;Portail web
CMD-101332;17/08/2024;19/08/2024;03/10/2024;CLI-0166;EMP-503;ENT-QC;BD-1049;2;46,13;15,60;30,58;Représentant
CMD-101988;30-oct-24;04/11/2024;25/12/2024;CLI-0110;EMP-507;ENT-MTL;BD-1057;3;28,20;5,50;19,26;Courriel
CMD-101048;02/07/2024;10/07/2024;2024-08-17;CLI-0212;EMP-507;ENT-SAG;BD-1091;21;459,76;19,10;279,07;
CMD-101835;11/10/2024;19-oct-24;30/11/2024;CLI-0012;EMP-501;ENT-SAG;BD-1157;17;40,21;23,20;24,69;Téléphone
CMD-101023;28/06/2024;06/07/2024;2024-09-06;CLI-0074;EMP-507;ENT-QC;BD-1105;6;204,49;21,10;166,12;Téléphone
CMD-102281;17/12/2024;19/12/2024;2025-02-01;CLI-0062;EMP-507;ENT-MTL;BD-1100;6;461,27;14,00;306,44;Téléphone
CMD-101610;17/09/2024;20/09/2024;2024-11-15;CLI-0053;EMP-509;ENT-SAG;BD-1090;12;82,29;14,10;57,58;Courriel
CMD-100276;12/03/2024;21/03/2024;26-avr-24;CLI-0173;EMP-508;ENT-MTL;BD-1015;1;454,91;14,30;318,69;Représentant
CMD-100292;14/03/2024;20-mars-24;17/04/2024;CLI-0033;EMP-504;ENT-MTL;BD-1164;6;171,11;12,20;98,38;Représentant
CMD-101082;2024-07-08;12/07/2024;15/08/2024;CLI-0137;EMP-503;ENT-MTL;BD-1123;8;178,23;18,10;129,56;Téléphone
CMD-100464;10/04/2024;19/04/2024;23/05/2024;CLI-0172;EMP-502;ENT-SAG;BD-1059;8;495,44;6,00;324,94;Courriel
CMD-100264;09/03/2024;14/03/2024;;CLI-0129;EMP-508;ENT-QC;BD-1159;8;264,29;8,50;166,16;Portail web
CMD-101216;2024-08-02;09/08/2024;28/08/2024;CLI-0185;EMP-508;ENT-QC;BD-1118;8;375,38;24,50;336,11;Téléphone
CMD-100568;25/04/2024;2024-04-29;12/05/2024;CLI-0029;EMP-506;ENT-QC;BD-1033;2;143,10;23,60;110,89;Portail web
CMD-101032;2024-06-28;06/07/2024;03/08/2024;CLI-0085;EMP-503;ENT-MTL;BD-1182;4;100,16;8,00;56,87;Représentant
CMD-100059;18/01/2024;26/01/2024;2024-03-09;CLI-0136;EMP-507;ENT-MTL;BD-1131;3;58,43;12,80;36,32;Portail web
CMD-101193;01/08/2024;2024-08-10;09/08/2024;CLI-0025;EMP-509;ENT-SAG;BD-1161;8;117,57;12,90;62,84;Représentant
CMD-102114;15/11/2024;19-nov-24;03/01/2025;CLI-0094;EMP-502;ENT-QC;BD-1100;8;501,59;6,50;306,44;Courriel
CMD-102172;25/11/2024;2024-12-04;04/01/2025;CLI-0009;EMP-502;ENT-SAG;BD-1095;9;84,76;18,20;53,64;Représentant
CMD-101143;22/07/2024;28/07/2024;14-sept-24;CLI-0122;EMP-505;ENT-QC;BD-1103;12;220,92;3,00;151,66;Représentant
CMD-101938;23-oct-24;25/10/2024;04/12/2024;CLI-0171;EMP-507;ENT-QC;BD-1158;2;337,56;3,40;180,81;Téléphone
CMD-101253;08-août-24;16/08/2024;04/10/2024;CLI-0106;EMP-501;ENT-QC;BD-1013;6;428,89;16,90;308,85;Portail web
CMD-101380;23/08/2024;28/08/2024;2024-09-29;CLI-0068;EMP-505;ENT-QC;BD-1158;2;341,03;2,40;180,81;Représentant
CMD-101761;03/10/2024;2024-10-06;12/11/2024;CLI-0032;EMP-504;ENT-QC;BD-1101;4;102,14;5,90;62,94;Représentant
CMD-101109;2024-07-15;19/07/2024;10/09/2024;CLI-0037;EMP-504;ENT-QC;BD-1040;1;346,38;21,40;268,77;Représentant
CMD-100926;13/06/2024;19/06/2024;23/06/2024;CLI-0009;EMP-502;ENT-MTL;BD-1111;6;177,02;20,10;145,84;Portail web
CMD-100520;18/04/2024;20-avr-24;15/05/2024;CLI-0128;EMP-502;ENT-SAG;BD-1056;8;426,84;13,20;287,11;Portail web
CMD-100313;19/03/2024;2024-03-24;22/04/2024;CLI-0146;EMP-503;ENT-MTL;BD-1163;4;521,34;15,00;294,58;Courriel
CMD-102312;26-déc-24;31/12/2024;29/01/2025;CLI-0184;EMP-503;ENT-SAG;BD-1099;24;483,35;2,60;287,66;Représentant
CMD-100536;19-avr-24;27/04/2024;25/05/2024;CLI-0123;EMP-501;ENT-MTL;BD-1064;2;108,97;13,00;69,43;Courriel
CMD-100831;30/05/2024;2024-06-05;20/06/2024;CLI-0037;EMP-504;ENT-MTL;BD-1161;2;110,31;18,30;62,84;Représentant
CMD-101721;2024-09-30;03/10/2024;17/11/2024;CLI-0059;EMP-504;ENT-SAG;BD-1064;7;98,50;21,40;69,43;Représentant
CMD-101083;08/07/2024;12/07/2024;30/08/2024;CLI-0047;EMP-508;ENT-QC;BD-1087;3;342,60;11,20;211,22;Représentant
CMD-101013;2024-06-27;05/07/2024;18/07/2024;CLI-0159;EMP-502;ENT-QC;BD-1168;8;376,44;5,90;224,71;Représentant
CMD-100371;28/03/2024;03/04/2024;09/05/2024;CLI-0014;EMP-502;ENT-SAG;BD-1036;4;244,09;4,90;159,06;Représentant
CMD-101090;2024-07-09;17/07/2024;04/08/2024;CLI-0088;EMP-504;ENT-SAG;BD-1030;12;153,14;16,30;98,88;Portail web
CMD-102058;08/11/2024;2024-11-14;20/12/2024;CLI-0091;EMP-504;ENT-MTL;BD-1099;6;478,83;3,60;287,66;Représentant
CMD-101267;09-août-24;18/08/2024;24/09/2024;CLI-0199;EMP-504;ENT-QC;BD-1134;1;95,09;13,50;60,50;Téléphone
CMD-101913;21/10/2024;2024-10-23;29/11/2024;CLI-0156;EMP-502;ENT-QC;BD-1090;12;89,36;6,80;57,58;Représentant
CMD-100502;15/04/2024;24/04/2024;2024-04-23;CLI-0078;EMP-504;ENT-SAG;BD-1047;2;100,97;5,30;70,06;Courriel
CMD-100296;15/03/2024;2024-03-24;19/04/2024;CLI-0117;EMP-504;ENT-MTL;BD-1182;12;101,16;7,10;56,87;Représentant
CMD-102067;09/11/2024;18/11/2024;2024-12-13;CLI-0008;EMP-506;ENT-QC;BD-1136;3;202,68;2,40;110,14;Téléphone
CMD-100290;14/03/2024;22/03/2024;17/04/2024;CLI-0220;EMP-506;ENT-SAG;BD-1067;12;36,09;13,30;23,77;Portail web
CMD-101625;19/09/2024;22/09/2024;12/11/2024;CLI-0096;EMP-504;ENT-MTL;BD-1047;6;100,00;6,20;70,06;Représentant
CMD-100747;20/05/2024;28/05/2024;;CLI-0127;EMP-503;ENT-MTL;BD-1117;2;131,59;11,20;98,28;Téléphone
CMD-101551;11/09/2024;2024-09-19;22/10/2024;CLI-0059;EMP-504;ENT-MTL;BD-1173;19;321,38;19,40;207,98;Courriel
CMD-101958;26/10/2024;02/11/2024;30-nov-24;CLI-0044;EMP-505;ENT-SAG;BD-1099;8;416,61;16,10;287,66;Téléphone
CMD-100417;04/04/2024;11/04/2024;20-avr-24;CLI-0185;EMP-508;ENT-MTL;BD-1036;4;200,60;21,90;159,06;Portail web
CMD-101027;2024-06-28;07/07/2024;24/07/2024;CLI-0012;EMP-501;ENT-SAG;BD-1114;17;204,38;19,10;149,59;Représentant
CMD-100365;27/03/2024;31/03/2024;;CLI-0198;EMP-504;ENT-QC;BD-1055;1;309700,00;5,70;209,35;Représentant
CMD-100128;07-févr-24;11/02/2024;15/03/2024;CLI-0209;EMP-508;ENT-QC;BD-1055;5;268,36;18,30;209,35;Portail web
CMD-100218;01/03/2024;06/03/2024;2024-03-29;CLI-0135;EMP-506;ENT-MTL;BD-1164;1;172,62;11,50;98,38;Salon
CMD-101845;11/10/2024;16/10/2024;2024-11-18;CLI-0074;EMP-507;ENT-QC;BD-1055;14;245,94;25,10;209,35;Représentant
CMD-101329;16/08/2024;21/08/2024;2024-09-25;CLI-0139;EMP-506;ENT-SAG;BD-1035;12;40,33;16,60;30,00;Portail web
CMD-101354;2024-08-20;22/08/2024;18/09/2024;CLI-0062;EMP-507;ENT-QC;BD-1169;1;509,76;11,60;276,47;Représentant
CMD-101188;31-juil-24;08/08/2024;23/08/2024;CLI-0166;EMP-503;ENT-MTL;BD-1054;6;390,26;16,20;257,53;Représentant
CMD-101224;05/08/2024;2024-08-14;30/09/2024;CLI-0074;EMP-507;ENT-MTL;BD-1037;25;24,44;18,30;16,31;Représentant
CMD-100722;2024-05-16;22/05/2024;17/06/2024;CLI-0185 ;EMP-508;ENT-QC;BD-1044;24;253,39;21,60;195,45;Téléphone
CMD-100301;15/03/2024;2024-03-19;07/05/2024;CLI-0173;EMP-508;ENT-MTL;BD-1116;4;73,62;17,00;58,93;Portail web
CMD-101287;13/08/2024;22/08/2024;2024-09-28;CLI-0158;EMP-507;ENT-QC;BD-1117;2;140,47;5,20;98,28;Portail web
CMD-102124;2024-11-18;27/11/2024;04/01/2025;CLI-0078;EMP-504;ENT-MTL;BD-1168;4;376,02;6,00;224,71;Courriel
CMD-101166;2024-07-26;29/07/2024;05/09/2024;CLI-0189;EMP-501;ENT-SAG;BD-1170;1;32,51;7,50;16,60;Portail web
CMD-101180;30/07/2024;06/08/2024;;CLI-0212;EMP-507;ENT-SAG;BD-1123;13;164,72;24,30;129,56;Représentant
CMD-101553;11/09/2024;15/09/2024;2024-10-09;CLI-0027;EMP-502;ENT-QC;BD-1169;3;549,00;4,80;276,47;Représentant
CMD-101298;14/08/2024;19-août-24;01/10/2024;CLI-0199;EMP-504;ENT-QC;BD-1179;2;365,34;15,30;226,59;Représentant
CMD-101471;2024-09-04;08/09/2024;27/10/2024;CLI-0195;EMP-506;ENT-QC;BD-1063;2;316,23;14,10;242,15;Représentant
CMD-101667;2024-09-24;28/09/2024;19/11/2024;CLI-0139;EMP-506;ENT-QC;BD-1036;4;218,66;14,80;159,06;Portail web
CMD-100168;19/02/2024;2024-02-28;04/04/2024;CLI-0082;EMP-504;ENT-QC;BD-1169;2;546,35;5,30;276,47;Téléphone
CMD-102322;30/12/2024;08/01/2025;07/02/2025;CLI-0071;EMP-503;ENT-QC;BD-1137;8;41,29;3,60;25,06;Représentant
CMD-100668;31/02/2024;15/05/2024;;CLI-0206;EMP-503;ENT-QC;BD-1004;4;230,01;16,10;155,56;Représentant
CMD-101859;15/10/2024;2024-10-19;24/11/2024;CLI-0019;EMP-502;ENT-QC;BD-1128;4;134,67;7,00;77,25;Représentant
CMD-100830;30/05/2024;06/06/2024;19/07/2024;CLI-0092;EMP-508;ENT-MTL;BD-1108;3;257,48;5,70;166,46;Représentant
CMD-100812;29/05/2024;31/05/2024;28/06/2024;CLI-0001;EMP-508;ENT-QC;BD-1028;2;220,93;6,60;140,77;Portail web
CMD-101331;17/08/2024;2024-08-22;30/09/2024;CLI-0206;EMP-503;ENT-QC;BD-1026;6;376,10;14,20;241,74;Portail web
CMD-101873;16/10/2024;2024-10-25;15/11/2024;CLI-0212;EMP-507;ENT-MTL;BD-1091;24;424,32;25,30;279,07;Portail web
CMD-100848;01/06/2024;06/06/2024;2024-06-30;CLI-0157;EMP-502;ENT-QC;BD-1054;2;405,90;12,90;257,53;Représentant
CMD-100590;30-avr-24;09/05/2024;20/06/2024;CLI-0030;EMP-501;ENT-MTL;BD-1167;2;359,62;3,10;205,42;Courriel
CMD-100669;09/05/2024;18/05/2024;;CLI-0045;EMP-502;ENT-MTL;BD-1012;6;105,09;13,70;68,19;Salon
CMD-100710;15/05/2024;24/05/2024;2024-06-24;CLI-0067;EMP-502;ENT-MTL;BD-1061;3;98,64;16,50;75,23;Représentant
CMD-100047;2024-01-15;18/01/2024;28/02/2024;CLI-0037;EMP-504;ENT-QC;BD-1141;7;396,10;20,70;307,78;Représentant
CMD-101193;01/08/2024;10-août-24;09/08/2024;CLI-0025;EMP-509;ENT-SAG;BD-1117;12;128,98;12,90;98,28;Portail web
CMD-101149;23/07/2024;25/07/2024;2024-09-01;CLI-0038;EMP-507;ENT-MTL;BD-1014;4;38,94;12,90;26,62;Portail web
CMD-101816;09/10/2024;12-oct-24;17/11/2024;CLI-0209;EMP-508;ENT-SAG;BD-1101;19;80,55;25,70;62,94;Représentant
CMD-100270;11/03/2024;13/03/2024;2024-05-03;CLI-0119;EMP-503;ENT-QC;BD-1166;2;388,19;6,60;212,88;Téléphone
CMD-101632;19/09/2024;21-sept-24;29/11/2024;CLI-0128;EMP-502;ENT-SAG;BD-1136;8;179,02;13,80;110,14;Téléphone
CMD-100895;10-juin-24;17/06/2024;27/07/2024;CLI-0133;EMP-508;ENT-SAG;BD-1105;3;222,29;14,20;166,12;Représentant
CMD-101502;2024-09-06;08/09/2024;16/10/2024;CLI-0136;EMP-507;ENT-MTL;BD-1080;0;289,67;12,40;173,12;Téléphone
CMD-101699;27/09/2024;2024-09-29;10/11/2024;CLI-0146;EMP-503;ENT-MTL;BD-1097;4;305,83;16,90;210,05;Courriel
CMD-100151;2024-02-14;22/02/2024;17/03/2024;CLI-0099;EMP-505;ENT-SAG;BD-1056;10;382,50;22,20;287,11;Représentant
CMD-100776;23/05/2024;2024-05-28;26/07/2024;CLI-0089;EMP-502;ENT-MTL;BD-1049;2;41,92;23,30;30,58;Téléphone
CMD-100932;14/06/2024;18-juin-24;08/07/2024;CLI-0073;EMP-501;ENT-QC;BD-1042;4;366,62;16,90;261,53;Représentant
CMD-100515;17/04/2024;25/04/2024;07/05/2024;CLI-0076;EMP-507;ENT-QC;BD-1043;11;410,10;22,30;294,10;Représentant
CMD-100154;14/02/2024;17/02/2024;2024-03-20;CLI-0162;EMP-508;ENT-SAG;BD-1085;1;57,07;15,10;40,90;Représentant
CMD-100938;14/06/2024;18/06/2024;2024-07-18;CLI-0056;EMP-502;ENT-MTL;BD-1092;6;213,18;24,50;140,04;Portail web
CMD-101866;2024-10-15;24/10/2024;09/12/2024;CLI-0067;EMP-502;ENT-SAG;BD-1083;12;263,62;14,20;157,14;Représentant
CMD-100404;02/04/2024;06/04/2024;21-mai-24;CLI-0038;EMP-507;ENT-MTL;BD-1109;4;413,50;10,10;303,82;Portail web
CMD-100973;19/06/2024;28/06/2024;2024-07-26;CLI-0090;EMP-505;ENT-SAG;BD-1155;2;480,57;11,30;322,38;Portail web
CMD-101532;10-sept-24;17/09/2024;26/09/2024;CLI-0182;EMP-503;ENT-QC;BD-1058;6;216,28;11,70;146,46;Courriel
CMD-101343;19/08/2024;2024-08-23;14/10/2024;CLI-0052;EMP-504;ENT-SAG;BD-1061;2;105,40;10,80;75,23;Portail web
CMD-100476;11/04/2024;2024-04-15;23/05/2024;CLI-0118;EMP-504;ENT-QC;BD-1045;1;112,97;13,80;76,76;Représentant
CMD-101454;02/09/2024;2024-09-05;31/10/2024;CLI-0047;EMP-508;ENT-MTL;BD-1096;12;246,30;16,80;170,74;Représentant
CMD-101502;2024-09-06;08/09/2024;16/10/2024;CLI-0136;EMP-507;ENT-MTL;BD-1095;1;90,84;12,40;53,64;Représentant
CMD-102105;14/11/2024;2024-11-21;15/01/2025;CLI-0154;EMP-507;ENT-MTL;BD-1153;12;172,65;13,90;113,61;Portail web
CMD-100544;22/04/2024;27/04/2024;2024-05-22;CLI-0112;EMP-505;ENT-MTL;BD-1055;3;293,44;10,70;209,35;Téléphone
CMD-100087;26-janv-24;02/02/2024;16/03/2024;CLI-0124;EMP-509;ENT-QC;BD-1068;2;525,14;6,90;284,28;Portail web
CMD-101417;28/08/2024;31-août-24;10/10/2024;CLI-0045;EMP-502;ENT-SAG;BD-1004;3;227,91;16,90;155,56;Représentant
CMD-100536;19/04/2024;27/04/2024;2024-05-25;CLI-0123;EMP-501;ENT-MTL;BD-1071;6;464,29;13,00;301,72;Téléphone
CMD-102257;11/12/2024;15/12/2024;2025-02-17;CLI-0187;EMP-507;ENT-MTL;BD-1088;8;561,56;10,80;335,85;Portail web
CMD-100995;24/06/2024;30/06/2024;2024-07-24;CLI-0061;EMP-503;ENT-SAG;BD-1041;6;214,11;15,50;159,88;Courriel
CMD-101868;16/10/2024;23/10/2024;25-nov-24;CLI-0101;EMP-509;ENT-QC;BD-1149;24;177,69;3,00;108,85;Représentant
CMD-100884;07/06/2024;15/06/2024;16-juil-24;CLI-0063;EMP-503;ENT-QC;BD-1051;12;116,57;10,10;78,12;Téléphone
CMD-101910;21/10/2024;30/10/2024;2024-11-13;CLI-0169;EMP-507;ENT-MTL;BD-1003;8;251,91;15,50;188,61;Téléphone
CMD-100302;2024-03-15;24/03/2024;06/05/2024;CLI-0220;EMP-506;ENT-QC;BD-1130;6;477,13;15,50;317,23;Représentant
CMD-101169;2024-07-26;29/07/2024;05/09/2024;CLI-0056;EMP-502;ENT-SAG;BD-1109;5;349,15;24,10;303,82;Portail web
CMD-101754;03/10/2024;10/10/2024;2024-10-29;CLI-0081;EMP-502;ENT-QC;BD-1023;2;335,98;11,00;239,29;Portail web
CMD-101136;22/07/2024;24/07/2024;2024-08-28;CLI-0009;EMP-502;ENT-MTL;BD-1119;7;70,71;23,00;58,44;Représentant
CMD-102188;27/11/2024;05-déc-24;26/12/2024;CLI-0195;EMP-506;ENT-QC;BD-1095;24;90,34;12,90;53,64;Portail web
CMD-101039;01/07/2024;05/07/2024;19/08/2024;CLI-0023;EMP-505;ENT-MTL;BD-1149;2;169,11;7,70;108,85;Représentant
CMD-101975;28/10/2024;30/10/2024;12/11/2024;CLI-0099;EMP-505;ENT-MTL;BD-1129;77;53,28;25,90;45,49;Courriel
CMD-100710;15/05/2024;24/05/2024;24/06/2024;CLI-0067;EMP-502;ENT-MTL;BD-1026;3;366,02;16,50;241,74;Téléphone
CMD-100615;02/05/2024;04/05/2024;24/05/2024;CLI-0009;EMP-502;ENT-MTL;BD-1064;6;96,53;22,90;69,43;Téléphone
CMD-100896;10/06/2024;19/06/2024;2024-07-31;CLI-0166;EMP-503;ENT-QC;BD-1012;2;106,38;12,60;68,19;Téléphone
CMD-100972;19-juin-24;26/06/2024;;CLI-0087;EMP-502;ENT-QC;BD-1118;3;444,65;10,50;336,11;Téléphone
CMD-101177;29/07/2024;06-août-24;10/08/2024;CLI-0036;EMP-505;ENT-QC;BD-1136;8;174,55;15,90;110,14;Courriel
CMD-101886;17/10/2024;2024-10-19;05/12/2024;CLI-0144;EMP-502;ENT-QC;BD-1160;6;69,93;11,20;40,71;Courriel
CMD-100032;2024-01-09;17/01/2024;15/02/2024;CLI-0196;EMP-506;ENT-SAG;BD-1161;4;123,13;8,80;62,84;Téléphone
CMD-101839;11/10/2024;19-oct-24;29/11/2024;CLI-0047;EMP-508;ENT-MTL;BD-1132;24;169,91;14,40;125,81;Représentant
CMD-100788;2024-05-24;01/06/2024;13/07/2024;CLI-0089;EMP-502;ENT-QC;BD-1108;14;205,89;24,60;166,46;Courriel
CMD-101488;06/09/2024;08/09/2024;16-nov-24;CLI-0217;EMP-506;ENT-QC;BD-1042;30;329,14;25,40;261,53;Portail web
CMD-101414;2024-08-28;31/08/2024;07/10/2024;CLI-0012;EMP-501;ENT-QC;BD-1030;9;148,40;18,90;98,88;Portail web
CMD-101796;07-oct-24;11/10/2024;12/11/2024;CLI-0036;EMP-505;ENT-MTL;BD-1073;2;390,60;13,20;255,00;Représentant
CMD-101694;26/09/2024;30/09/2024;2024-10-14;CLI-0074;EMP-507;ENT-MTL;BD-1063;2;299,23;18,80;242,15;Représentant
CMD-101240;06/08/2024;09/08/2024;;CLI-0150;EMP-502;ENT-QC;BD-1016;2;378,50;8,40;219,41;Portail web
CMD-101772;2024-10-03;12/10/2024;06/12/2024;CLI-0010;EMP-504;ENT-MTL;BD-1149;2;176,59;3,60;108,85;Portail web
CMD-100526;18/04/2024;27/04/2024;2024-06-04;CLI-0108;EMP-503;ENT-QC;BD-1064;2;107,67;14,10;69,43;Courriel
CMD-102112;15/11/2024;17/11/2024;29-déc-24;CLI-0059;EMP-504;ENT-MTL;BD-1155;10;408,95;24,50;322,38;Portail web
CMD-102275;2024-12-16;22/12/2024;18/01/2025;CLI-0099;EMP-505;ENT-QC;BD-1060;54;303,47;23,30;241,90;Représentant
CMD-100757;21/05/2024;2024-05-29;11/06/2024;CLI-0210;EMP-503;ENT-QC;BD-1078;3;366,99;4,30;197,64;Téléphone
CMD-101441;31/08/2024;09/09/2024;10-oct-24;CLI-0056;EMP-502;ENT-QC;BD-1013;4;390,26;24,40;308,85;Courriel
CMD-101727;30/09/2024;04/10/2024;17/11/2024;CLI-0059;EMP-504;ENT-MTL;BD-1167;4;289,95;21,90;205,42;Portail web
CMD-102179;2024-11-26;04/12/2024;19/01/2025;CLI-0147;EMP-506;ENT-QC;BD-1131;6;63,49;5,30;36,32;Courriel
CMD-100464;2024-04-10;19/04/2024;23/05/2024;CLI-0172;EMP-502;ENT-SAG;BD-1172;8;393,28;6,00;216,67;Représentant
CMD-101120;17/07/2024;23/07/2024;28/08/2024;CLI-0185;EMP-508;ENT-SAG;BD-1058;7;199,56;18,50;146,46;Représentant
CMD-101436;30-août-24;03/09/2024;07/10/2024;CLI-0141;EMP-502;ENT-MTL;BD-1060;24;333,65;15,70;241,90;Représentant
CMD-102154;21/11/2024;30/11/2024;24-déc-24;CLI-0059;EMP-504;ENT-QC;BD-1136;12;168,41;18,90;110,14;Portail web
CMD-102211;29/11/2024;01/12/2024;2025-02-07;CLI-0121;EMP-508;ENT-MTL;BD-1172;3;353,76;15,50;216,67;Téléphone
CMD-100738;2024-05-17;20/05/2024;21/06/2024;CLI-0143;EMP-503;ENT-QC;BD-1034;4;210,57;11,40;151,89;Représentant
CMD-100755;2024-05-21;26/05/2024;23/06/2024;CLI-0217;EMP-506;ENT-MTL;BD-1048;9;41,90;18,20;32,82;Portail web
CMD-101690;26/09/2024;02-oct-24;21/10/2024;CLI-0210;EMP-503;ENT-QC;BD-1065;8;233,83;6,20;128,81;Portail web
CMD-101162;26/07/2024;30-juil-24;20/09/2024;CLI-0132;EMP-507;ENT-MTL;BD-1120;2;251,30;15,30;182,88;Représentant
CMD-100253;08/03/2024;17/03/2024;30/04/2024;CLI-0029;EMP-506;ENT-SAG;BD-1120;2;237,97;19,80;182,88;Portail web
CMD-101550;11/09/2024;2024-09-13;01/11/2024;CLI-0027;EMP-502;ENT-MTL;BD-1093;3;214,18;4,30;132,18;Téléphone
CMD-101119;17/07/2024;2024-07-22;31/08/2024;CLI-0209;EMP-508;ENT-QC;BD-1020;2;42,80;25,50;32,44;Représentant
CMD-101827;11/10/2024;14/10/2024;22-nov-24;CLI-0010;EMP-504;ENT-QC;BD-1130;2;526,17;6,80;317,23;Représentant
CMD-101311;2024-08-15;24/08/2024;18/09/2024;CLI-0134;EMP-509;ENT-SAG;BD-1015;8;507,49;4,40;318,69;Téléphone
CMD-101176;29-juil-24;07/08/2024;;CLI-0185;EMP-508;ENT-QC;BD-1024;8;255,24;23,60;185,46;Téléphone
CMD-100185;23/02/2024;2024-03-01;18/04/2024;CLI-0029;EMP-506;ENT-MTL;BD-1012;2;94,39;22,50;68,19;Représentant
CMD-100249;2024-03-07;13/03/2024;01/04/2024;CLI-0217;EMP-506;ENT-SAG;BD-1034;2;193,20;18,70;151,89;Représentant
CMD-100805;2024-05-28;06/06/2024;15/06/2024;CLI-0087;EMP-502;ENT-MTL;BD-1023;12;318,44;15,60;239,29;Représentant
CMD-100989;24/06/2024;26/06/2024;27/07/2024;CLI-0041;EMP-508;ENT-QC;BD-1116;1;76,43;13,80;58,93;Salon
CMD-101355;20/08/2024;29/08/2024;2024-10-15;CLI-0074;EMP-507;ENT-MTL;BD-1070;33;60,66;20,40;39,88;Portail web
CMD-102200;28-nov-24;30/11/2024;20/01/2025;CLI-0076;EMP-507;ENT-SAG;BD-1104;9;86,08;22,20;75,12;Représentant
CMD-100072;22/01/2024;2024-01-25;03/02/2024;CLI-0220;EMP-506;ENT-QC;BD-1167;1;320,60;13,60;205,42;Représentant
CMD-101855;14/10/2024;19/10/2024;06-nov-24;CLI-0097;EMP-504;ENT-MTL;BD-1034;8;224,97;5,30;151,89;Représentant
CMD-101920;2024-10-22;29/10/2024;22/11/2024;CLI-0209;EMP-508;ENT-MTL;BD-1077;9;262,35;23,30;167,57;Portail web
CMD-100633;06/05/2024;09/05/2024;18/06/2024;CLI-0099;EMP-505;ENT-QC;BD-1028;7;175,10;25,90;140,77;Portail web
CMD-100501;15/04/2024;18/04/2024;28/05/2024;CLI-0164;EMP-509;ENT-MTL;BD-1070;3;70,80;7,10;39,88;Représentant
CMD-100184;23/02/2024;25/02/2024;2024-04-24;CLI-0148;EMP-501;ENT-QC;BD-1076;8;502,44;10,40;281,11;Représentant
CMD-101113;16/07/2024;23/07/2024;09/09/2024;CLI-0038;EMP-507;ENT-QC;BD-1050;4;426,32;15,40;291,69;Représentant
CMD-101533;10/09/2024;12/09/2024;2024-10-31;CLI-0161;EMP-508;ENT-MTL;BD-1177;1;377,03;7,50;211,22;Représentant
CMD-100423;04/04/2024;13/04/2024;2024-05-11;CLI-0006;EMP-505;ENT-QC;BD-1137;8;38,23;10,70;25,06;Portail web
CMD-100496;2024-04-15;23/04/2024;24/05/2024;CLI-0137;EMP-503;ENT-MTL;BD-1043;6;406,31;23,00;294,10;Représentant
CMD-100148;13/02/2024;22/02/2024;16-mars-24;CLI-0059;EMP-504;ENT-QC;BD-1149;6;136,48;25,50;108,85;Téléphone
CMD-100600;01/05/2024;09-mai-24;17/06/2024;CLI-0045;EMP-502;ENT-SAG;BD-1010;6;136,78;16,10;87,08;Représentant
CMD-100064;2024-01-19;28/01/2024;02/03/2024;CLI-0012;EMP-501;ENT-MTL;BD-1074;12;151,64;21,90;108,27;Téléphone
CMD-102231;04/12/2024;09/12/2024;15-janv-25;CLI-0173;EMP-508;ENT-QC;BD-1056;6;414,19;15,80;287,11;Courriel
CMD-100841;31-mai-24;07/06/2024;09/07/2024;CLI-0020;EMP-508;ENT-QC;BD-1004;3;259,39;5,40;155,56;Téléphone
CMD-102233;04/12/2024;12/12/2024;31/12/2024;CLI-0017;EMP-507;ENT-MTL;BD-1131;6;58,48;12,80;36,32;Téléphone
CMD-101772;03-oct-24;12/10/2024;06/12/2024;CLI-0010;EMP-504;ENT-MTL;BD-1080;3;318,82;3,60;173,12;Représentant
CMD-101550;11-sept-24;13/09/2024;01/11/2024;CLI-0027;EMP-502;ENT-MTL;BD-1073;2;430,46;4,30;255,00;Téléphone
CMD-101384;24/08/2024;2024-09-01;04/10/2024;CLI-0009;EMP-502;ENT-QC;BD-1012;5;94,19;22,60;68,19;Courriel
CMD-101795;07/10/2024;16/10/2024;2024-11-13;CLI-0169;EMP-507;ENT-MTL;BD-1102;1;413,94;14,60;255,33;Téléphone
CMD-101132;19/07/2024;28/07/2024;06-août-24;CLI-0076;EMP-507;ENT-MTL;BD-1114;39;186,99;26,00;149,59;Portail web
CMD-100834;30/05/2024;02/06/2024;19/06/2024;CLI-0132;EMP-507;ENT-SAG;BD-1026;2;392,96;10,40;241,74;Courriel
CMD-101172;29/07/2024;07-août-24;17/09/2024;CLI-0209;EMP-508;ENT-SAG;BD-1047;10;80,90;24,10;70,06;Portail web
CMD-101169;26/07/2024;2024-07-29;05/09/2024;CLI-0056;EMP-502;ENT-SAG;BD-1008;5;177,49;24,10;128,94;Représentant
CMD-102203;29/11/2024;08/12/2024;2025-01-21;CLI-0163;EMP-505;ENT-MTL;BD-1155;8;497,21;8,20;322,38;Représentant
CMD-101427;2024-08-29;06/09/2024;19/10/2024;CLI-0116;EMP-509;ENT-MTL;BD-1024;2;295,14;11,70;185,46;N/A
CMD-100941;2024-06-14;19/06/2024;31/07/2024;CLI-0138;EMP-506;ENT-SAG;BD-1133;2;96,21;5,10;61,66;Représentant
CMD-101551;11/09/2024;19/09/2024;22-oct-24;CLI-0059;EMP-504;ENT-MTL;BD-1087;16;310,96;19,40;211,22;Téléphone
CMD-102201;28/11/2024;01/12/2024;03/01/2025;CLI-0129;EMP-508;ENT-SAG;BD-1086;3;126,52;8,10;80,72;Courriel
CMD-101580;13/09/2024;21-sept-24;06/11/2024;CLI-0042;EMP-505;ENT-MTL;BD-1052;4;276,20;10,10;179,27;Portail web
CMD-101389;26/08/2024;01/09/2024;13-oct-24;CLI-0207;EMP-501;ENT-SAG;BD-1060;4;361,71;8,60;241,90;Représentant
CMD-100515;17/04/2024;25/04/2024;2024-05-07;CLI-0076;EMP-507;ENT-QC;BD-1062;1;139,63;22,30;112,54;Courriel
CMD-102308;26/12/2024;01/01/2025;03/02/2025;CLI-0154;EMP-507;ENT-SAG;BD-1150;3;522,33;16,50;339,92;Représentant
CMD-101114;16/07/2024;24/07/2024;14-sept-24;CLI-0028;EMP-509;ENT-QC;BD-1167;8;338,71;8,80;205,42;Portail web
CMD-102077;11/11/2024;17/11/2024;2024-12-21;CLI-0099;EMP-505;ENT-MTL;BD-1164;13;153,60;21,20;98,38;Portail web
CMD-100888;2024-06-07;11/06/2024;18/07/2024;CLI-0194;EMP-506;ENT-MTL;BD-1111;12;205,76;7,10;145,84;Représentant
CMD-101327;16/08/2024;23/08/2024;28-sept-24;CLI-0188;EMP-506;ENT-QC;BD-1051;24;112,78;13,00;78,12;Représentant
CMD-100857;03/06/2024;08/06/2024;2024-07-26;CLI-0188;EMP-506;ENT-MTL;BD-1035;6;41,48;14,30;30,00;Représentant
CMD-100574;2024-04-26;01/05/2024;27/06/2024;CLI-0137;EMP-503;ENT-MTL;BD-1160;12;62,64;20,50;40,71;Portail web
CMD-101415;28/08/2024;02/09/2024;2024-10-17;CLI-0185;EMP-508;ENT-MTL;BD-1037;35;23,25;22,30;16,31;Salon
CMD-101570;12/09/2024;2024-09-15;25/10/2024;CLI-0139;EMP-506;ENT-SAG;BD-1069;2;354,10;11,20;198,50;Représentant
CMD-100898;10/06/2024;19/06/2024;2024-07-25;CLI-0041;EMP-508;ENT-QC;BD-1117;2;132,75;10,40;98,28;Représentant
CMD-102318;28-déc-24;03/01/2025;01/02/2025;CLI-0130;EMP-508;ENT-SAG;BD-1095;1;84,51;18,50;53,64;Salon
CMD-101182;30/07/2024;07/08/2024;25/08/2024;CLI-0099;EMP-505;ENT-QC;BD-1042;32;346,13;21,60;261,53;Téléphone
CMD-101304;14-août-24;21/08/2024;29/09/2024;CLI-0012;EMP-501;ENT-MTL;BD-1030;21;147,93;19,20;98,88;Représentant
CMD-102202;28/11/2024;05/12/2024;01/01/2025;CLI-0173;EMP-508;ENT-QC;BD-1146;8;325,29;13,40;220,88;Portail web
CMD-100903;10/06/2024;12/06/2024;03-août-24;CLI-0132;EMP-507;ENT-QC;BD-1118;8;438,60;11,80;336,11;Représentant
CMD-101449;02/09/2024;2024-09-07;08/10/2024;CLI-0076;EMP-507;ENT-MTL;BD-1080;29;247,72;25,10;173,12;Courriel
CMD-100504;16/04/2024;23/04/2024;25/05/2024;CLI-0037;EMP-504;ENT-MTL;BD-1047;19;84,83;20,40;70,06;Représentant
CMD-102269;13/12/2024;17/12/2024;2025-02-08;CLI-0002;EMP-509;ENT-QC;BD-1124;6;245,29;3,80;150,61;Portail web
CMD-100255;08/03/2024;10/03/2024;12-avr-24;CLI-0013;EMP-507;ENT-MTL;BD-1060;2;376,73;4,80;241,90;Courriel
CMD-101253;08/08/2024;16/08/2024;2024-10-04;CLI-0106;EMP-501;ENT-QC;BD-1167;1;308,41;16,90;205,42;Représentant
CMD-101686;25/09/2024;2024-10-03;01/11/2024;CLI-0134;EMP-509;ENT-MTL;BD-1055;6;309,69;5,70;209,35;Représentant
CMD-100818;29/05/2024;2024-06-03;24/06/2024;CLI-0162;EMP-508;ENT-QC;BD-1063;8;320,08;13,10;242,15;Représentant
CMD-101622;18/09/2024;27/09/2024;25-oct-24;CLI-0074;EMP-507;ENT-MTL;BD-1181;15;505,41;19,10;305,97;Représentant
CMD-101891;2024-10-18;22/10/2024;26/11/2024;CLI-0052;EMP-504;ENT-MTL;BD-1090;3;85,10;11,20;57,58;Portail web
CMD-100790;25/05/2024;01-juin-24;14/07/2024;CLI-0037;EMP-504;ENT-MTL;BD-1020;3;42,56;26,00;32,44;Représentant
CMD-100248;07/03/2024;2024-03-14;03/05/2024;CLI-0013;EMP-507;ENT-QC;BD-1096;3;270,61;8,60;170,74;Représentant
CMD-101978;29/10/2024;03/11/2024;13/12/2024;CLI-0134;EMP-509;ENT-MTL;BD-1146;2;364,27;3,00;220,88;Portail web
CMD-101405;27/08/2024;02/09/2024;18-sept-24;CLI-0209;EMP-508;ENT-QC;BD-1056;17;389,66;20,80;287,11;Salon
CMD-101797;07/10/2024;2024-10-09;29/10/2024;CLI-0034;EMP-507;ENT-QC;BD-1071;3;466,31;12,60;301,72;Représentant
CMD-102128;19/11/2024;27/11/2024;13/12/2024;CLI-0182;EMP-503;ENT-SAG;BD-1066;4;288,50;16,20;199,26;Salon
CMD-100442;08/04/2024;11/04/2024;01/06/2024;CLI-0045;EMP-502;ENT-MTL;BD-1159;12;242,87;16,00;166,16;Courriel
CMD-101936;23/10/2024;31-oct-24;;CLI-0153;EMP-507;ENT-SAG;BD-1154;4;452,73;15,30;323,13;Représentant
CMD-102286;18/12/2024;21-déc-24;29/01/2025;CLI-0135;EMP-506;ENT-SAG;BD-1098;1;370,21;16,00;257,11;Téléphone
CMD-100017;05/01/2024;09/01/2024;20/02/2024;CLI-0035;EMP-503;ENT-MTL;BD-1133;2;85,29;15,90;61,66;Courriel
CMD-100789;25/05/2024;2024-06-02;09/07/2024;CLI-0179;EMP-509;ENT-QC;BD-1112;2;109,68;4,50;65,64;Portail web
CMD-101722;30/09/2024;03/10/2024;10/11/2024;CLI-0141;EMP-502;ENT-QC;BD-1095;3;91,49;11,80;53,64;Téléphone
CMD-100878;07/06/2024;10/06/2024;;CLI-0179;EMP-509;ENT-QC;BD-1005;2;310,26;5,10;204,06;Portail web
CMD-100076;23/01/2024;2024-01-25;06/02/2024;CLI-0042;EMP-505;ENT-QC;BD-1147;1;508,84;14,90;339,78;Téléphone
CMD-100181;22/02/2024;2024-02-24;;CLI-0110;EMP-507;ENT-QC;BD-1070;3;70,72;7,20;39,88;Représentant
CMD-101587;2024-09-14;17/09/2024;30/10/2024;CLI-0037;EMP-504;ENT-SAG;BD-1042;9;355,05;19,50;261,53;Représentant
CMD-100091;2024-01-29;31/01/2024;02/03/2024;CLI-0029;EMP-506;ENT-MTL;BD-1072;3;310,49;21,50;196,62;Représentant
CMD-100261;08/03/2024;11/03/2024;2024-04-24;CLI-0212;EMP-507;ENT-MTL;BD-9805;40;155,23;25,20;110,14;Portail web
CMD-100028;08/01/2024;10-janv-24;05/03/2024;CLI-0056;EMP-502;ENT-MTL;BD-1154;29;416,49;22,10;323,13;Téléphone
CMD-100325;;2024-03-22;09/05/2024;CLI-0036;EMP-505;ENT-QC;BD-1007;6;90,28;12,60;55,96;Portail web
CMD-100385;2024-03-29;07/04/2024;12/05/2024;CLI-0083;EMP-507;ENT-MTL;BD-1027;4;427,38;6,70;249,72;Portail web
CMD-101706;27/09/2024;05/10/2024;2024-10-19;CLI-0059;EMP-504;ENT-QC;BD-1043;2;432,72;18,00;294,10;Représentant
CMD-100338;22/03/2024;29-mars-24;14/04/2024;CLI-0220;EMP-506;ENT-SAG;BD-1165;2;159,07;13,60;105,70;Représentant
CMD-100551;2024-04-23;26/04/2024;26/05/2024;CLI-0002;EMP-509;ENT-MTL;BD-1046;8;455,63;4,50;308,91;Salon
CMD-100980;2024-06-20;27/06/2024;13/07/2024;CLI-0048;EMP-508;ENT-MTL;BD-1043;8;471,43;10,70;294,10;Représentant
CMD-101647;21/09/2024;28/09/2024;2024-11-13;CLI-0056;EMP-502;ENT-MTL;BD-1091;17;427,55;24,70;279,07;Représentant
CMD-100050;16/01/2024;2024-01-25;;CLI-0044;EMP-505;ENT-QC;BD-1154;2;478,78;10,40;323,13;Courriel
CMD-100713;15/05/2024;18/05/2024;;CLI-0115;EMP-509;ENT-MTL;BD-1119;2;78,26;14,80;58,44;Représentant
CMD-101522;10/09/2024;13-sept-24;02/10/2024;CLI-0128;EMP-502;ENT-SAG;BD-1086;4;121,40;11,90;80,72;Portail web
CMD-101158;24/07/2024;26/07/2024;04/09/2024;CLI-0185;EMP-508;ENT-QC;BD-1110;21;216,31;23,80;178,91;Représentant
CMD-101724;30/09/2024;06/10/2024;06-nov-24;CLI-0181;EMP-504;ENT-QC;BD-1093;6;207,48;7,30;132,18;Portail web
CMD-101098;11-juil-24;18/07/2024;01/09/2024;CLI-0217;EMP-506;ENT-QC;BD-1024;7;261,14;21,90;185,46;Courriel
CMD-101855;14/10/2024;2024-10-19;06/11/2024;CLI-0097;EMP-504;ENT-MTL;BD-1127;6;285,31;5,30;170,72;Représentant
CMD-100661;08/05/2024;12/05/2024;14-juin-24;CLI-0067;EMP-502;ENT-MTL;BD-1034;4;201,17;15,30;151,89;Représentant
CMD-100432;05/04/2024;12-avr-24;16/05/2024;CLI-0032;EMP-504;ENT-QC;BD-1049;8;50,42;7,70;30,58;Téléphone
CMD-101005;26/06/2024;03/07/2024;16/07/2024;CLI-0009;EMP-502;ENT-SAG;BD-1168;9;318,78;20,30;224,71;Téléphone
CMD-101757;03/10/2024;09/10/2024;03-déc-24;CLI-0074;EMP-507;ENT-SAG;BD-9811;29;158,06;18,60;108,27;Portail web
CMD-102298;23/12/2024;30/12/2024;2025-02-07;CLI-0126;EMP-502;ENT-SAG;BD-1135;3;64,71;11,70;39,89;Représentant
CMD-101680;25/09/2024;03/10/2024;15/11/2024;CLI-0050;EMP-502;ENT-QC;BD-1140;2;54,72;13,90;40,41;Portail web
CMD-101903;19/10/2024;28/10/2024;2024-11-13;CLI-0043;EMP-506;ENT-SAG;BD-1088;4;555,26;11,80;335,85;Représentant
CMD-100975;19/06/2024;24/06/2024;2024-09-02;CLI-0130;EMP-508;ENT-MTL;BD-1170;18;27,93;20,60;16,60;Représentant
CMD-101374;2024-08-23;27/08/2024;23/09/2024;CLI-0190;EMP-504;ENT-QC;BD-1054;2;432,54;7,20;257,53;Représentant
CMD-100185;23/02/2024;01-mars-24;18/04/2024;CLI-0029;EMP-506;ENT-MTL;BD-1085;14;52,11;22,50;40,90;Téléphone
CMD-101305;14/08/2024;23/08/2024;2024-09-15;CLI-0057;EMP-507;ENT-SAG;BD-1077;12;304,17;11,00;167,57;Portail web
CMD-100359;27/03/2024;02/04/2024;2024-05-09;CLI-0097;EMP-504;ENT-QC;BD-1168;8;387,18;3,20;224,71;Représentant
CMD-102320;30/12/2024;2025-01-03;06/02/2025;CLI-0011;EMP-507;ENT-QC;BD-1073;6;435,02;3,30;255,00;Représentant
CMD-101870;16/10/2024;2024-10-23;06/12/2024;CLI-0168;EMP-509;ENT-SAG;BD-1076;2;512,92;8,60;281,11;Salon
CMD-100637;06/05/2024;11/05/2024;05-juin-24;CLI-0202;EMP-504;ENT-MTL;BD-1057;2;28,88;3,20;19,26;Portail web
CMD-102230;2024-12-04;11/12/2024;19/01/2025;CLI-0159;EMP-502;ENT-MTL;BD-1114;4;244,89;3,10;149,59;Téléphone
CMD-100167;2024-02-19;25/02/2024;26/03/2024;CLI-0042;EMP-505;ENT-SAG;BD-1167;1;319,49;13,90;205,42;Portail web
CMD-100453;09/04/2024;12-avr-24;20/04/2024;CLI-0056;EMP-502;ENT-QC;BD-1173;12;313,40;21,40;207,98;Téléphone
CMD-100703;14/05/2024;2024-05-20;16/06/2024;CLI-0076;EMP-507;ENT-QC;BD-1011;12;389,36;25,90;288,46;Représentant
CMD-100031;09/01/2024;13/01/2024;22-févr-24;CLI-0106;EMP-501;ENT-MTL;BD-1137;1;37,65;12,10;25,06;Téléphone
CMD-100818;29/05/2024;03/06/2024;24-juin-24;CLI-0162;EMP-508;ENT-QC;BD-1053;3;284,31;13,10;176,84;Représentant
CMD-101266;2024-08-09;13/08/2024;21/09/2024;CLI-0074;EMP-507;ENT-QC;BD-1031;16;385,75;25,70;294,44;Représentant
CMD-100924;13/06/2024;2024-06-21;30/06/2024;CLI-0074;EMP-507;ENT-QC;BD-1178;7;162,33;20,90;116,97;Portail web
CMD-101077;2024-07-05;12/07/2024;18/08/2024;CLI-0012;EMP-501;ENT-SAG;BD-1062;6;138,95;22,70;112,54;Représentant
CMD-101256;08/08/2024;2024-08-14;05/10/2024;CLI-0192;EMP-505;ENT-QC;BD-1059;6;493,39;6,40;324,94;Représentant
CMD-101569;12/09/2024;2024-09-19;21/10/2024;CLI-0012;EMP-501;ENT-SAG;BD-1039;7;161,58;18,40;119,66;Représentant
CMD-101176;29/07/2024;07/08/2024;;CLI-0185;EMP-508;ENT-QC;BD-1052;2;234,54;23,60;179,27;Représentant
CMD-100304;16/03/2024;2024-03-24;26/04/2024;CLI-0056;EMP-502;ENT-SAG;BD-1109;2;367,82;20,00;303,82;Représentant
CMD-102323;31/12/2024;2025-01-06;05/02/2025;CLI-0059;EMP-504;ENT-QC;BD-1043;12;403,22;23,60;294,10;Représentant
CMD-100666;08/05/2024;12/05/2024;26-mai-24;CLI-0203;EMP-503;ENT-MTL;BD-1167;4;353,99;4,60;205,42;Portail web
CMD-101100;12/07/2024;18-juil-24;02/08/2024;CLI-0053;EMP-509;ENT-MTL;BD-1104;4;93,07;15,90;75,12;Représentant
CMD-101343;2024-08-19;23/08/2024;14/10/2024;CLI-0052;EMP-504;ENT-SAG;BD-1008;8;208,66;10,80;128,94;Portail web
CMD-101801;08-oct-24;16/10/2024;21/11/2024;CLI-0144;EMP-502;ENT-MTL;BD-1077;3;304,28;11,00;167,57;Courriel
CMD-101994;30/10/2024;03/11/2024;2024-11-26;CLI-0097;EMP-504;ENT-MTL;BD-1095;24;95,90;7,50;53,64;Téléphone
CMD-101015;27/06/2024;06/07/2024;11-août-24;CLI-0087;EMP-502;ENT-QC;BD-1006;2;294,87;11,90;178,72;Courriel
CMD-102242;06/12/2024;10/12/2024;2025-01-16;CLI-0113;EMP-505;ENT-MTL;BD-1140;8;59,92;5,70;40,41;Représentant
CMD-101762;03/10/2024;07/10/2024;03/12/2024;CLI-0038;EMP-507;ENT-SAG;BD-1079;4;237,30;10,00;144,83;Représentant
CMD-101650;2024-09-23;28/09/2024;09/11/2024;CLI-0130;EMP-508;ENT-MTL;BD-1046;66;391,33;18,00;308,91;Représentant
CMD-101588;14-sept-24;19/09/2024;16/10/2024;CLI-0074;EMP-507;ENT-QC;BD-1153;5;154,91;22,80;113,61;Représentant
CMD-100810;28/05/2024;01/06/2024;2024-06-26;CLI-0029;EMP-506;ENT-MTL;BD-1109;7;368,08;20,00;303,82;Représentant
CMD-101643;20/09/2024;23-sept-24;25/10/2024;CLI-0062;EMP-507;ENT-SAG;BD-1084;24;508,45;12,40;312,00;Courriel
CMD-101403;27/08/2024;03/09/2024;29-oct-24;CLI-0007;EMP-508;ENT-MTL;BD-1014;12;42,01;6,00;26,62;Portail web
CMD-100138;09/02/2024;11/02/2024;2024-02-20;  CLI-0056;EMP-502;ENT-SAG;BD-1120;5;223,99;24,50;182,88;Représentant
CMD-101424;00/00/0000;31/08/2024;07/09/2024;CLI-0011;EMP-507;ENT-SAG;BD-1009;6;98,23;6,60;66,28;Portail web
CMD-100928;13/06/2024;22-juin-24;07/07/2024;CLI-0091;EMP-504;ENT-QC;BD-1061;3;109,17;7,60;75,23;Courriel
CMD-102119;2024-11-18;26/11/2024;28/12/2024;CLI-0116;EMP-509;ENT-SAG;BD-1171;2;132,21;16,50;83,70;Portail web
CMD-100318;19/03/2024;2024-03-24;16/05/2024;CLI-0153;EMP-507;ENT-MTL;BD-1118;4;418,64;15,80;336,11;Représentant
CMD-101250;2024-08-08;15/08/2024;02/10/2024;CLI-0191;EMP-504;ENT-SAG;BD-1096;24;256,68;13,30;170,74;Téléphone
CMD-100852;03/06/2024;05/06/2024;19-juil-24;CLI-0204;EMP-506;ENT-QC;BD-1103;2;214,65;5,80;151,66;Portail web
CMD-102103;14/11/2024;16/11/2024;20-déc-24;CLI-0048;EMP-508;ENT-SAG;BD-1142;3;136,96;16,00;98,85;Portail web
CMD-101646;2024-09-21;30/09/2024;22/10/2024;CLI-0080;EMP-506;ENT-MTL;BD-1005;12;276,89;15,30;204,06;Représentant
CMD-100409;03/04/2024;09/04/2024;10/05/2024;CLI-0112;EMP-505;ENT-SAG;BD-1106;12;472,32;11,00;333,09;Représentant
CMD-100062;19/01/2024;27/01/2024;05/03/2024;CLI-0116;EMP-509;ENT-SAG;BD-1105;2;219,56;15,30;166,12;Représentant
CMD-101886;17/10/2024;19/10/2024;05-déc-24;CLI-0144;EMP-502;ENT-QC;BD-1140;4;56,40;11,20;40,41;Représentant
CMD-101796;07/10/2024;11-oct-24;12/11/2024;CLI-0036;EMP-505;ENT-MTL;BD-1103;1;197,82;13,20;151,66;Représentant
CMD-101639;20/09/2024;2024-09-27;11/10/2024;CLI-0045;EMP-502;ENT-QC;BD-1165;3;153,03;16,80;105,70;Courriel
CMD-101407;27/08/2024;29-août-24;16/09/2024;CLI-0135;EMP-506;ENT-SAG;BD-1027;3;382,13;16,60;249,72;Courriel
CMD-100183;23/02/2024;26/02/2024;26/03/2024;CLI-0033;EMP-504;ENT-SAG;BD-1168;3;343,78;14,10;224,71;Représentant
CMD-101342;19-août-24;23/08/2024;28/09/2024;CLI-0041;EMP-508;ENT-QC;BD-1117;6;128,96;13,00;98,28;Portail web
CMD-100915;2024-06-12;14/06/2024;09/08/2024;CLI-0009;EMP-502;ENT-MTL;BD-1104;8;85,46;22,80;75,12;Représentant
CMD-101524;10/09/2024;18-sept-24;23/10/2024;CLI-0089;EMP-502;ENT-MTL;BD-1008;1;188,52;19,40;128,94;Téléphone
CMD-101899;18/10/2024;2024-10-27;28/11/2024;CLI-0174;EMP-502;ENT-QC;BD-1061;2;112,57;4,70;75,23;Représentant
CMD-101455;02-sept-24;08/09/2024;31/10/2024;CLI-0063;EMP-503;ENT-MTL;BD-1065;1;221,96;11,00;128,81;Portail web
CMD-101875;16/10/2024;2024-10-21;23/11/2024;CLI-0042;EMP-505;ENT-QC;BD-1152;1;415,13;13,70;265,82;Courriel
CMD-101861;15-oct-24;23/10/2024;06/11/2024;CLI-0182;EMP-503;ENT-MTL;BD-1154;4;475,66;11,00;323,13;Portail web
CMD-101163;26/07/2024;02/08/2024;2024-08-27;CLI-0193;EMP-509;ENT-QC;BD-1112;2;99,83;13,10;65,64;Représentant
CMD-101119;2024-07-17;22/07/2024;31/08/2024;CLI-0209;EMP-508;ENT-QC;BD-1143;73;279,41;25,50;215,92;Représentant
CMD-101383;24/08/2024;31/08/2024;02/10/2024;CLI-0060;EMP-508;ENT-QC;BD-1052;2;285,13;7,10;179,27;Téléphone
CMD-100083;25/01/2024;2024-01-30;29/03/2024;CLI-0185;EMP-508;ENT-SAG;BD-1072;12;295,91;25,20;196,62;Représentant
CMD-100928;2024-06-13;22/06/2024;07/07/2024;CLI-0091;EMP-504;ENT-QC;BD-1019;24;278,21;7,60;170,21;Courriel
CMD-101885;2024-10-17;25/10/2024;28/11/2024;CLI-0074;EMP-507;ENT-SAG;BD-1181;60;485,60;22,30;305,97;Représentant
CMD-101364;2024-08-21;30/08/2024;30/09/2024;CLI-0076;EMP-507;ENT-QC;BD-1050;7;394,18;21,80;291,69;Portail web
CMD-101246;07-août-24;12/08/2024;05/10/2024;CLI-0137;EMP-503;ENT-QC;BD-1019;7;238,10;20,90;170,21;Courriel
CMD-100067;19/01/2024;25/01/2024;15-mars-24;CLI-0144;EMP-502;ENT-MTL;BD-1030;4;159,34;13,00;98,88;Portail web
CMD-101322;2024-08-16;18/08/2024;09/10/2024;CLI-0166;EMP-503;ENT-QC;BD-1170;2;31,12;11,50;16,60;Représentant
CMD-100022;08/01/2024;2024-01-17;;CLI-0056;EMP-502;ENT-MTL;BD-1127;79;231,48;23,20;170,72;Portail web
CMD-100926;13-juin-24;19/06/2024;23/06/2024;CLI-0009 ;EMP-502;ENT-MTL;BD-1133;4;80,99;20,10;61,66;Représentant
CMD-100292;14-mars-24;20/03/2024;17/04/2024;CLI-0033;EMP-504;ENT-MTL;BD-1041;3;222,49;12,20;159,88;Téléphone
CMD-101655;23/09/2024;2024-10-01;29/10/2024;CLI-0017;EMP-507;ENT-MTL;BD-1032;8;470,40;14,10;339,97;Téléphone
CMD-101852;14/10/2024;17/10/2024;04/12/2024;CLI-0129;EMP-508;ENT-SAG;BD-1129;6;69,74;3,00;45,49;Téléphone
CMD-100727;16/05/2024;2024-05-21;27/05/2024;CLI-0187;EMP-507;ENT-MTL;BD-1058;12;215,00;12,20;146,46;Courriel
CMD-102193;28/11/2024;07/12/2024;20/01/2025;CLI-0127;EMP-503;ENT-QC;BD-1153;3;167,18;16,70;113,61;Représentant
CMD-100546;22/04/2024;25/04/2024;2024-06-03;CLI-0009;EMP-502;ENT-MTL;BD-1178;4;163,46;20,40;116,97;Portail web
CMD-102021;01/11/2024;07/11/2024;2024-11-30;CLI-0216;EMP-503;ENT-MTL;BD-1086;4;131,76;4,30;80,72;Représentant
CMD-102183;2024-11-27;02/12/2024;18/01/2025;CLI-0086;EMP-502;ENT-MTL;BD-1131;6;62,37;7,00;36,32;Représentant
CMD-101674;25/09/2024;01/10/2024;12-nov-24;CLI-0115;EMP-509;ENT-MTL;BD-1153;2;169,79;15,40;113,61;Portail web
CMD-101239;06/08/2024;12/08/2024;04/09/2024;CLI-0195;EMP-506;ENT-MTL;BD-1005;3;272,80;16,60;204,06;Représentant
CMD-101223;05/08/2024;09/08/2024;2024-09-18;CLI-0195;EMP-506;ENT-SAG;BD-1038;12;469,47;14,90;313,36;Portail web
CMD-100096;30-janv-24;02/02/2024;13/03/2024;CLI-0153;EMP-507;ENT-MTL;BD-1092;2;245,28;13,10;140,04;Représentant
CMD-101882;17/10/2024;2024-10-21;;CLI-0146;EMP-503;ENT-SAG;BD-1091;2;486,58;14,30;279,07;Portail web
CMD-100957;2024-06-18;23/06/2024;04/08/2024;CLI-0095;EMP-505;ENT-QC;BD-1125;2;409,66;6,90;285,25;Représentant
CMD-100804;28/05/2024;2024-06-02;23/07/2024;CLI-0135;EMP-506;ENT-MTL;BD-1176;1;535,42;15,10;322,02;Portail web
CMD-102276;16/12/2024;2024-12-25;02/02/2025;CLI-0022;EMP-506;ENT-MTL;BD-1098;8;432,01;2,00;257,11;Représentant
CMD-100486;12/04/2024;15-avr-24;27/05/2024;CLI-0134;EMP-509;ENT-SAG;BD-1056;6;481,62;2,10;287,11;Portail web
CMD-101894;18/10/2024;2024-10-22;17/11/2024;CLI-0089;EMP-502;ENT-QC;BD-1135;24;56,80;22,50;39,89;Portail web
CMD-102126;18/11/2024;24/11/2024;17-déc-24;CLI-0056;EMP-502;ENT-QC;BD-1071;2;401,15;24,80;301,72;Téléphone
CMD-102043;06/11/2024;08-nov-24;14/12/2024;CLI-0173;EMP-508;ENT-QC;BD-1173;2;357,76;10,30;207,98;Représentant
CMD-102132;19-nov-24;23/11/2024;07/01/2025;CLI-0053;EMP-509;ENT-SAG;BD-1076;2;480,95;14,30;281,11;Courriel
CMD-101782;n/d;07/10/2024;2024-11-23;CLI-0027;EMP-502;ENT-MTL;BD-1141;4;464,14;7,00;307,78;Courriel
CMD-101155;24/07/2024;2024-07-27;07/09/2024;CLI-0059;EMP-504;ENT-MTL;BD-1004;14;217,06;20,80;155,56;Téléphone
CMD-100885;07/06/2024;13-juin-24;29/07/2024;CLI-0217;EMP-506;ENT-MTL;BD-1054;5;368,88;20,80;257,53;Représentant
CMD-100588;30-avr-24;05/05/2024;17/06/2024;CLI-0108;EMP-503;ENT-QC;BD-1145;8;158,10;14,10;108,83;Téléphone
CMD-100831;2024-05-30;05/06/2024;20/06/2024;CLI-0037;EMP-504;ENT-MTL;BD-1106;37;433,36;18,30;333,09;Téléphone
CMD-101622;18/09/2024;27/09/2024;2024-10-25;CLI-0074;EMP-507;ENT-MTL;BD-1136;5;167,95;19,10;110,14;Représentant
CMD-100473;2024-04-11;15/04/2024;14/05/2024;CLI-0182;EMP-503;ENT-MTL;BD-1051;6;112,18;13,50;78,12;Représentant
CMD-100543;22/04/2024;27/04/2024;10/06/2024;CLI-0188;EMP-506;ENT-MTL;BD-9808;1;527,21;15,60;305,97;Représentant
CMD-101183;30/07/2024;01/08/2024;2024-09-08;CLI-0141;EMP-502;ENT-SAG;BD-1029;1;327,43;16,40;238,44;Portail web
CMD-101654;23/09/2024;01/10/2024;2024-11-15;CLI-0056;EMP-502;ENT-SAG;BD-1071;16;426,43;20,10;301,72;Représentant
CMD-100097;30/01/2024;2024-02-02;16/03/2024;CLI-0033;EMP-504;ENT-MTL;BD-1028;4;196,83;16,70;140,77;Représentant
CMD-102131;2024-11-19;28/11/2024;31/12/2024;CLI-0162;EMP-508;ENT-SAG;BD-1133;6;88,26;12,90;61,66;Courriel
CMD-101086;08/07/2024;2024-07-11;31/07/2024;CLI-0060;EMP-508;ENT-QC;BD-1180;8;181,79;4,00;93,34;Portail web
CMD-100566;25/04/2024;2024-04-30;15/06/2024;CLI-0116;EMP-509;ENT-SAG;BD-1140;6;56,62;10,90;40,41;Portail web
CMD-101445;2024-09-02;08/09/2024;28/09/2024;CLI-0054;EMP-507;ENT-MTL;BD-1053;8;280,25;14,30;176,84;Représentant
CMD-102142;20/11/2024;2024-11-28;08/12/2024;CLI-0123;EMP-501;ENT-MTL;BD-1147;3;515,44;13,80;339,78;Téléphone
CMD-100849;03/06/2024;05-juin-24;04/08/2024;CLI-0053;EMP-509;ENT-QC;BD-1054;4;413,62;11,20;257,53;Représentant
CMD-100771;23/05/2024;2024-05-26;04/07/2024;CLI-0209;EMP-508;ENT-QC;BD-1024;11;253,01;24,30;185,46;Portail web
CMD-101889;2024-10-17;23/10/2024;22/11/2024;CLI-0037;EMP-504;ENT-SAG;BD-1123;4;164,50;24,40;129,56;Téléphone
CMD-100509;16/04/2024;25/04/2024;20/05/2024;CLI-0047;EMP-508;ENT-SAG;BD-1177;8;365,82;10,30;211,22;Portail web
CMD-102070;2024-11-11;16/11/2024;09/01/2025;CLI-0053;EMP-509;ENT-MTL;BD-1149;12;159,78;12,70;108,85;Téléphone
CMD-101759;03/10/2024;10/10/2024;04/12/2024;CLI-0112;EMP-505;ENT-QC;BD-1176;2;530,07;15,90;322,02;Représentant
CMD-101392;26/08/2024;02/09/2024;16-oct-24;CLI-0031;EMP-509;ENT-SAG;BD-1031;3;443,20;14,70;294,44;Portail web
CMD-100523;18/04/2024;21-avr-24;14/05/2024;CLI-0122;EMP-505;ENT-MTL;BD-1099;4;486,49;2,00;287,66;Représentant
CMD-100977;20/06/2024;27/06/2024;2024-08-18;CLI-0009;EMP-502;ENT-QC;BD-1051;2;101,25;21,90;78,12;Représentant
CMD-101353;20/08/2024;2024-08-29;05/10/2024;CLI-0035;EMP-503;ENT-QC;BD-1045;8;116,06;11,50;76,76;Téléphone
CMD-101745;02-oct-24;10/10/2024;26/10/2024;CLI-0029;EMP-506;ENT-SAG;BD-1111;16;181,44;18,10;145,84;Représentant
CMD-100426;2024-04-05;11/04/2024;20/05/2024;CLI-0137;EMP-503;ENT-MTL;BD-1063;4;281,67;23,50;242,15;Représentant
CMD-101116;17/07/2024;2024-07-22;23/08/2024;CLI-0173;EMP-508;ENT-SAG;BD-1109;3;405,79;11,80;303,82;Représentant
CMD-101019;27/06/2024;2024-07-06;21/07/2024;CLI-0220;EMP-506;ENT-QC;BD-1182;2;92,08;15,40;56,87;Représentant
CMD-100920;12/06/2024;2024-06-14;16/07/2024;CLI-0190;EMP-504;ENT-QC;BD-1113;3;403,57;5,50;276,01;Représentant
CMD-102187;27/11/2024;06/12/2024;18/01/2025;CLI-0043;EMP-506;ENT-QC;BD-1098;2;379,43;13,90;257,11;Représentant
CMD-102169;25/11/2024;2024-12-01;20/12/2024;CLI-0204;EMP-506;ENT-MTL;BD-1155;2;510,49;5,80;322,38;Représentant
CMD-102316;27/12/2024;2024-12-29;24/02/2025;CLI-0050;EMP-502;ENT-MTL;BD-1177;2;352,28;13,60;211,22;Représentant
CMD-102184;27/11/2024;03/12/2024;2025-01-17;CLI-0026;EMP-506;ENT-SAG;BD-1178;3;175,87;14,30;116,97;Représentant
CMD-100562;24/04/2024;2024-05-02;21/05/2024;CLI-0125;EMP-509;ENT-MTL;BD-1151;3;154,98;2,50;90,35;Courriel
CMD-101166;26/07/2024;2024-07-29;05/09/2024;CLI-0189;EMP-501;ENT-SAG;BD-1064;3;115,83;7,50;69,43;Téléphone
CMD-101627;19/09/2024;25-sept-24;04/11/2024;CLI-0201;EMP-504;ENT-QC;BD-1070;4;69,98;8,10;39,88;Représentant
CMD-101906;19/10/2024;27/10/2024;2024-12-18;CLI-0006;EMP-505;ENT-MTL;BD-1149;6;155,80;14,90;108,85;Représentant
CMD-101904;2024-10-19;25/10/2024;21/11/2024;CLI-0072;EMP-501;ENT-MTL;BD-1113;6;361,00;15,50;276,01;N/A
CMD-100656;08/05/2024;12/05/2024;14-juin-24;CLI-0029;EMP-506;ENT-MTL;BD-1046;5;368,65;22,80;308,91;Téléphone
CMD-100903;10/06/2024;12/06/2024;2024-08-03;CLI-0132;EMP-507;ENT-QC;BD-1091;8;501,20;11,80;279,07;Portail web
CMD-101887;2024-10-17;25/10/2024;29/11/2024;CLI-0199;EMP-504;ENT-SAG;BD-1153;24;168,90;15,80;113,61;Portail web
CMD-101914;2024-10-21;26/10/2024;01/12/2024;CLI-0137;EMP-503;ENT-MTL;BD-1081;50;475,60;19,80;302,82;Représentant
CMD-101252;08/08/2024;14-août-24;03/09/2024;CLI-0076;EMP-507;ENT-QC;BD-1170;7;27,54;21,70;16,60;Portail web
CMD-100943;14/06/2024;22/06/2024;2024-07-20;CLI-0088;EMP-504;ENT-SAG;BD-1056;4;420,16;14,60;287,11;Représentant
CMD-101335;2024-08-19;28/08/2024;12/09/2024;CLI-0113;EMP-505;ENT-MTL;BD-1034;2;218,77;7,90;151,89;Portail web
CMD-101243;07/08/2024;16/08/2024;2024-09-21;CLI-0059;EMP-504;ENT-QC;BD-1046;6;378,55;20,70;308,91; 
CMD-100766;22/05/2024;26/05/2024;2024-06-20;CLI-0185;EMP-508;ENT-SAG;BD-1157;9;42,16;19,50;24,69;Courriel
CMD-102280;17/12/2024;2024-12-24;24/01/2025;CLI-0148;EMP-501;ENT-MTL;BD-1084;2;514,66;11,40;312,00;Courriel
CMD-102097;14/11/2024;23-nov-24;19/12/2024;CLI-0037;EMP-504;ENT-SAG;BD-1138;4;116,86;20,70;86,38;Représentant
CMD-101151;23/07/2024;30-juil-24;23/08/2024;CLI-0003;EMP-508;ENT-QC;BD-1060;3;362,01;8,50;241,90;Représentant
CMD-100589;30/04/2024;2024-05-02;19/06/2024;CLI-0112;EMP-505;ENT-QC;BD-1060;8;351,48;11,20;241,90;Représentant
CMD-101595;16/09/2024;18-sept-24;11/10/2024;CLI-0056;EMP-502;ENT-MTL;BD-1088;6;481,91;23,50;335,85;Téléphone
CMD-102260;2024-12-11;19/12/2024;04/01/2025;CLI-0199;EMP-504;ENT-QC;BD-1080;1;284,97;13,80;173,12;Représentant
CMD-101353;20/08/2024;2024-08-29;05/10/2024;CLI-0035;EMP-503;ENT-QC;BD-1013;4;457,11;11,50;308,85;Téléphone
CMD-101508;09/09/2024;2024-09-17;02/11/2024;CLI-0040;EMP-509;ENT-MTL;BD-1099;24;416,18;16,20;287,66;Portail web
CMD-102061;08/11/2024;12-nov-24;12/12/2024;CLI-0072;EMP-501;ENT-QC;BD-1150;6;524,78;16,20;339,92;Salon
CMD-100630;04/05/2024;09/05/2024;2024-05-28;CLI-0087;EMP-502;ENT-QC;BD-1116;2;74,26;16,30;58,93;Portail web
CMD-100907;11/06/2024;2024-06-20;06/07/2024;CLI-0096;EMP-504;ENT-QC;BD-1051;2;123,02;5,10;78,12;Représentant
CMD-101317;15/08/2024;24/08/2024;2024-09-27;CLI-0026;EMP-506;ENT-MTL;BD-1154;12;444,15;16,90;323,13;Téléphone
CMD-101637;2024-09-19;23/09/2024;19/10/2024;CLI-0192;EMP-505;ENT-MTL;BD-1039;4;184,61;6,70;119,66;Représentant
CMD-100521;18/04/2024;2024-04-22;16/05/2024;CLI-0061;EMP-503;ENT-QC;BD-1083;4;270,46;12,00;157,14;Téléphone
CMD-102017;2024-11-01;04/11/2024;13/12/2024;CLI-0015;EMP-509;ENT-QC;BD-1021;3;346,49;4,70;201,55;Représentant
CMD-101616;18/09/2024;2024-09-20;25/10/2024;CLI-0216;EMP-503;ENT-MTL;BD-1049;24;52,12;4,60;30,58;Téléphone
CMD-101782;04/10/2024;07/10/2024;2024-11-23;CLI-0027;EMP-502;ENT-MTL;BD-1151;2;147,82;7,00;90,35;Téléphone
CMD-100263;09/03/2024;2024-03-13;26/04/2024;CLI-0036;EMP-505;ENT-QC;BD-1084;4;489,20;15,70;312,00;Représentant
CMD-102024;02/11/2024;09/11/2024;2024-12-10;CLI-0059;EMP-504;ENT-QC;BD-1065;5;198,52;20,40;128,81;Portail web
CMD-101193;01/08/2024;2024-08-10;09/08/2024;CLI-0025;EMP-509;ENT-SAG;BD-1173;2;347,07;12,90;207,98;Portail web
CMD-100823;29/05/2024;02/06/2024;2024-07-02;CLI-0209;EMP-508;ENT-QC;BD-1126;21;152,30;24,80;130,29;Représentant
CMD-100648;07/05/2024;09/05/2024;15/05/2024;CLI-0067;EMP-502;ENT-QC;BD-1112;6;100,07;12,90;65,64;Salon
CMD-100588;30/04/2024;05/05/2024;2024-06-17;CLI-0108;EMP-503;ENT-QC;BD-1046;2;409,80;14,10;308,91;Portail web
CMD-100251;07/03/2024;16/03/2024;2024-04-01;CLI-0209;EMP-508;ENT-MTL;BD-1034;43;186,42;21,50;151,89;Représentant
CMD-101426;29/08/2024;2024-08-31;04/10/2024;CLI-0161;EMP-508;ENT-MTL;BD-1048;6;48,94;4,40;32,82;Représentant
CMD-101884;17/10/2024;2024-10-19;13/11/2024;CLI-0037;EMP-504;ENT-QC;BD-1082;43;386,11;18,80;278,39;Représentant
CMD-102077;2024-11-11;17/11/2024;21/12/2024;CLI-0099;EMP-505;ENT-MTL;BD-1102;37;381,90;21,20;255,33;Portail web
CMD-101065;2024-07-04;09/07/2024;12/08/2024;CLI-0114;EMP-502;ENT-MTL;BD-1042;1;409,80;7,10;261,53;Représentant
CMD-102269;13/12/2024;2024-12-17;08/02/2025;CLI-0002;EMP-509;ENT-QC;BD-1041;3;243,88;3,80;159,88;Représentant
CMD-101545;2024-09-11;14/09/2024;15/11/2024;CLI-0017;EMP-507;ENT-QC;BD-1093;1;189,24;15,40;132,18;Courriel
CMD-100946;15/06/2024;17/06/2024;;CLI-0178;EMP-501;ENT-MTL;BD-1029;3;366,89;6,40;238,44;Téléphone
CMD-100004;2024-01-01;07/01/2024;24/02/2024;CLI-0043;EMP-506;ENT-MTL;BD-1128;1;126,77;12,50;77,25;Téléphone
CMD-101696;27/09/2024;06-oct-24;30/10/2024;CLI-0139;EMP-506;ENT-MTL;BD-1058;4;205,88;15,90;146,46;Portail web
CMD-100606;01/05/2024;04/05/2024;29-mai-24;CLI-0195;EMP-506;ENT-QC;BD-1125;2;375,75;14,60;285,25;Courriel
CMD-100437;2024-04-08;14/04/2024;14/05/2024;CLI-0056;EMP-502;ENT-QC;BD-1044;17;250,06;22,60;195,45;Représentant
CMD-100820;29/05/2024;02/06/2024;19/07/2024;CLI-0132;EMP-507;ENT-MTL;BD-1179;2;383,14;11,20;226,59;Téléphone
CMD-100329;20/03/2024;2024-03-25;16/05/2024;CLI-0214;EMP-508;ENT-QC;BD-1051;8;126,36;2,60;78,12;Représentant
CMD-102078;11/11/2024;2024-11-13;01/01/2025;CLI-0084;EMP-503;ENT-MTL;BD-1103;4;196,10;13,90;151,66;Portail web
CMD-101934;2024-10-23;27/10/2024;05/12/2024;CLI-0217;EMP-506;ENT-QC;BD-1160;5;58,62;25,60;40,71;Portail web
CMD-100162;00/00/0000;22/02/2024;2024-04-16;CLI-0105;EMP-502;ENT-MTL;BD-1164;3;185,09;5,10;98,38;Portail web
CMD-100804;28/05/2024;02/06/2024;23-juil-24;CLI-0135;EMP-506;ENT-MTL;BD-1104;3;93,98;15,10;75,12;Représentant
CMD-101333;17/08/2024;21/08/2024;2024-09-18;CLI-0129;EMP-508;ENT-MTL;BD-1153;8;186,74;6,90;113,61;Courriel
CMD-100129;07/02/2024;16/02/2024;2024-03-13;CLI-0157;EMP-502;ENT-MTL;BD-1086;4;122,03;11,40;80,72;Représentant
CMD-100289;2024-03-14;17/03/2024;26/04/2024;CLI-0056;EMP-502;ENT-MTL;BD-1035;6;35,81;26,00;30,00;Portail web
CMD-100185;23/02/2024;01/03/2024;2024-04-18;CLI-0029;EMP-506;ENT-MTL;BD-1174;65;228,86;22,50;165,53;Représentant
CMD-101828;2024-10-11;20/10/2024;20/11/2024;CLI-0017;EMP-507;ENT-MTL;BD-1155;6;462,16;14,70;322,38;Représentant
CMD-100754;21/05/2024;24/05/2024;05-juil-24;CLI-0130;EMP-508;ENT-MTL;BD-1046;1;386,11;19,10;308,91;Représentant
CMD-101885;17-oct-24;25/10/2024;28/11/2024;CLI-0074;EMP-507;ENT-SAG;BD-1046;19;370,94;22,30;308,91;Représentant
CMD-102078;11/11/2024;2024-11-13;01/01/2025;CLI-0084;EMP-503;ENT-MTL;BD-1065;4;214,68;13,90;128,81;Représentant
CMD-101883;17/10/2024;22/10/2024;10-déc-24;CLI-0166;EMP-503;ENT-MTL;BD-1131;12;55,78;16,80;36,32;Portail web
CMD-100659;08/05/2024;15/05/2024;2024-06-24;CLI-0033;EMP-504;ENT-MTL;BD-1001;6;294,95;12,00;182,30;Courriel
CMD-101255;2024-08-08;16/08/2024;12/09/2024;CLI-0057;EMP-507;ENT-QC;BD-1021;8;320,90;11,80;201,55;Représentant
CMD-101367;2024-08-22;25/08/2024;;CLI-0099;EMP-505;ENT-SAG;BD-1024;3;248,54;25,60;185,46;Représentant
CMD-100227;04-mars-24;09/03/2024;13/04/2024;CLI-0195;EMP-506;ENT-SAG;BD-1170;2;30,27;13,90;16,60;Représentant
CMD-101850;14/10/2024;19/10/2024;06/11/2024;CLI-0070;EMP-503;ENT-MTL;BD-1025;8;225,26;3,70;146,28;Représentant
CMD-101054;02/07/2024;2024-07-08;17/08/2024;CLI-0206;EMP-503;ENT-MTL;BD-1005;6;283,84;13,20;204,06;Représentant
CMD-100367;28/03/2024;2024-04-06;08/05/2024;CLI-0059;EMP-504;ENT-QC;BD-1172;7;341,63;18,40;216,67;Représentant
CMD-100971;19/06/2024;22-juin-24;01/08/2024;CLI-0097;EMP-504;ENT-SAG;BD-1125;8;410,93;6,60;285,25;Représentant
CMD-102216;30/11/2024;04-déc-24;09/01/2025;CLI-0106;EMP-501;ENT-MTL;BD-1133;4;89,03;12,20;61,66;Téléphone
CMD-100494;15/04/2024;19/04/2024;2024-05-12;CLI-0134;EMP-509;ENT-SAG;BD-1161;3;123,94;8,20;62,84;Représentant
CMD-100211;29/02/2024;06/03/2024;2024-04-26;CLI-0207;EMP-501;ENT-QC;BD-1174;3;282,40;4,30;165,53;Représentant
CMD-101161;26/07/2024;01/08/2024;2024-09-29;  CLI-0173;EMP-508;ENT-QC;BD-1056;4;412,83;16,10;287,11;Portail web
CMD-101204;01/08/2024;05/08/2024;2024-08-21;CLI-0029;EMP-506;ENT-QC;BD-1042;11;341,29;22,70;261,53;Représentant
CMD-100574;26/04/2024;01-mai-24;27/06/2024;CLI-0137;EMP-503;ENT-MTL;BD-1170;4;27,97;20,50;16,60;Téléphone
CMD-100944;15/06/2024;20/06/2024;12-juil-24;CLI-0113;EMP-505;ENT-MTL;BD-1113;6;398,13;6,80;276,01;Téléphone
CMD-101428;30/08/2024;08/09/2024;28/09/2024;CLI-0166;EMP-503;ENT-SAG;BD-1063;2;314,28;14,70;242,15;Téléphone
CMD-100327;2024-03-20;22/03/2024;06/05/2024;CLI-0050;EMP-502;ENT-SAG;BD-1110;2;243,26;14,30;178,91;Téléphone
CMD-102308;26/12/2024;01/01/2025;2025-02-03;CLI-0154;EMP-507;ENT-SAG;BD-1150;6;522,33;16,50;339,92;Portail web
CMD-101449;02/09/2024;07/09/2024;08-oct-24;CLI-0076 ;EMP-507;ENT-MTL;BD-1111;5;166,01;25,10;145,84;Téléphone
CMD-101964;2024-10-28;30/10/2024;27/12/2024;CLI-0212;EMP-507;ENT-MTL;BD-1070;5;59,97;21,30;39,88;Représentant
CMD-100068;20/01/2024;2024-01-25;05/03/2024;CLI-0009;EMP-502;ENT-SAG;BD-1031;16;420,17;19,10;294,44;Téléphone
CMD-101688;26/09/2024;02/10/2024;07-oct-24;CLI-0217;EMP-506;ENT-MTL;BD-1068;3;433,91;23,10;284,28;Téléphone
CMD-100601;01/05/2024;09/05/2024;2024-05-30;CLI-0030;EMP-501;ENT-MTL;BD-1023;3;368,53;2,40;239,29;Représentant
CMD-100380;29/03/2024;02/04/2024;10-mai-24;CLI-0162;EMP-508;ENT-QC;BD-1145;2;159,88;13,20;108,83;Portail web
CMD-100294;2024-03-14;23/03/2024;28/04/2024;CLI-0073;EMP-501;ENT-SAG;BD-1004;6;246,38;10,10;155,56;Représentant
CMD-101805;08/10/2024;14/10/2024;10-nov-24;CLI-0137;EMP-503;ENT-SAG;BD-1016;9;310,50;24,90;219,41;Représentant
CMD-100567;25/04/2024;02/05/2024;;CLI-0205;EMP-505;ENT-QC;BD-1041;2;247,26;2,50;159,88;Représentant
CMD-101869;16/10/2024;2024-10-22;29/10/2024;CLI-0009;EMP-502;ENT-MTL;BD-1176;14;506,50;19,70;322,02;Représentant
CMD-101281;12/08/2024;20-août-24;26/09/2024;CLI-0188;EMP-506;ENT-MTL;BD-1050;12;436,88;13,30;291,69;Portail web
CMD-102179;2024-11-26;04/12/2024;19/01/2025;CLI-0147;EMP-506;ENT-QC;BD-1073;2;425,92;5,30;255,00;Représentant
CMD-101936;23/10/2024;2024-10-31;;CLI-0153;EMP-507;ENT-SAG;BD-1061;4;100,05;15,30;75,23;Portail web
CMD-101974;28/10/2024;05-nov-24;15/11/2024;CLI-0043;EMP-506;ENT-SAG;BD-1082;3;424,69;10,60;278,39;Portail web
CMD-100788;24/05/2024;01/06/2024;2024-07-13;CLI-0089;EMP-502;ENT-QC;BD-1018;1;350,32;24,60;242,09;Téléphone
CMD-101018;27/06/2024;05/07/2024;30/08/2024;CLI-0037;EMP-504;ENT-QC;BD-1120;9;233,23;21,40;182,88;Portail web
CMD-100311;18/03/2024;2024-03-23;02/05/2024;CLI-0076;EMP-507;ENT-MTL;BD-1137;2;35,08;18,10;25,06;Représentant
CMD-100746;20/05/2024;28/05/2024;26-juin-24;CLI-0093;EMP-508;ENT-SAG;BD-1029;6;349,55;10,80;238,44;Représentant
CMD-101612;17/09/2024;2024-09-19;03/11/2024;CLI-0195;EMP-506;ENT-MTL;BD-1151;1;132,76;16,50;90,35;Représentant
CMD-100866;04/06/2024;10/06/2024;28/06/2024;CLI-0206;EMP-503;ENT-QC;BD-1047;4;93,34;12,40;70,06;Portail web
CMD-101322;16/08/2024;18-août-24;09/10/2024;CLI-0166;EMP-503;ENT-QC;BD-1051;1;114,78;11,50;78,12;Courriel
CMD-101029;2024-06-28;03/07/2024;16/08/2024;CLI-0085;EMP-503;ENT-SAG;BD-1014;6;43,66;2,30;26,62;Représentant
CMD-101380;23/08/2024;2024-08-28;29/09/2024;  CLI-0068;EMP-505;ENT-QC;BD-1049;6;53,32;2,40;30,58;Courriel
CMD-101886;17/10/2024;2024-10-19;05/12/2024;CLI-0144;EMP-502;ENT-QC;BD-1127;1;267,47;11,20;170,72;Représentant
CMD-101383;24/08/2024;31/08/2024;2024-10-02;CLI-0060;EMP-508;ENT-QC;BD-1064;2;116,32;7,10;69,43;Portail web
CMD-101403;27/08/2024;03-sept-24;29/10/2024;CLI-0007;EMP-508;ENT-MTL;BD-1002;2;440,38;6,00;292,58;Portail web
CMD-102184;27-nov-24;03/12/2024;17/01/2025;CLI-0026;EMP-506;ENT-SAG;BD-1021;4;311,56;14,30;201,55;Téléphone
CMD-100013;04-janv-24;12/01/2024;11/02/2024;CLI-0142;EMP-508;ENT-MTL;BD-1145;12;173,36;5,90;108,83;Courriel
CMD-100024;;12/01/2024;06-mars-24;CLI-0182;EMP-503;ENT-SAG;BD-1147;4;514,67;14,00;339,78;Portail web
CMD-100638;06/05/2024;2024-05-08;16/06/2024;CLI-0095;EMP-505;ENT-MTL;BD-1120;8;282,61;4,80;182,88;Portail web
CMD-102177;26/11/2024;01/12/2024;2025-01-03;CLI-0067;EMP-502;ENT-MTL;BD-1133;3;91,06;10,20;61,66;Portail web
CMD-102249;09/12/2024;2024-12-11;04/01/2025;CLI-0144;EMP-502;ENT-MTL;BD-1144;3;150,49;15,70;96,31;Courriel
CMD-100362;27/03/2024;02/04/2024;2024-04-30;CLI-0037;EMP-504;ENT-QC;BD-1059;4;407,64;22,70;324,94;Courriel
CMD-101688;26-sept-24;02/10/2024;07/10/2024;CLI-0217;EMP-506;ENT-MTL;BD-1102;21;373,01;23,10;255,33;Portail web
CMD-101976;29/10/2024;31/10/2024;2025-01-06;CLI-0106;EMP-501;ENT-QC;BD-1012;2;107,63;11,60;68,19;Représentant
CMD-102315;27/12/2024;31/12/2024;2025-02-06;CLI-0214;EMP-508;ENT-MTL;BD-1139;2;345,94;3,60;198,93;Représentant
CMD-101863;2024-10-15;24/10/2024;02/12/2024;CLI-0072;EMP-501;ENT-QC;BD-1068;6;475,67;15,60;284,28;Portail web
CMD-100584;29/04/2024;06/05/2024;2024-06-13;CLI-0153;EMP-507;ENT-MTL;BD-1061;2;105,36;10,80;75,23;Représentant
CMD-101213;02/08/2024;05/08/2024;22/09/2024;CLI-0205;EMP-505;ENT-MTL;BD-1031;6;489,90;5,70;294,44;Portail web
CMD-100317;19-mars-24;28/03/2024;16/05/2024;CLI-0035;EMP-503;ENT-MTL;BD-1070;3;68,53;10,10;39,88;Téléphone
CMD-100039;2024-01-11;16/01/2024;02/02/2024;CLI-0053;EMP-509;ENT-QC;BD-1006;6;286,51;14,40;178,72;Téléphone
CMD-101382;24-août-24;01/09/2024;23/09/2024;CLI-0121;EMP-508;ENT-QC;BD-1062;3;158,20;12,00;112,54;Représentant
CMD-101523;10/09/2024;2024-09-18;09/10/2024;CLI-0209;EMP-508;ENT-SAG;BD-1054;19;352,49;24,30;257,53;Courriel
CMD-100529;2024-04-19;25/04/2024;03/06/2024;CLI-0037;EMP-504;ENT-MTL;BD-1059;13;409,61;22,30;324,94;Courriel
CMD-100255;08/03/2024;10/03/2024;2024-04-12;CLI-0013;EMP-507;ENT-MTL;BD-1162;4;130,47;4,80;66,97;Représentant
CMD-102208;29/11/2024;01/12/2024;24-déc-24;CLI-0037;EMP-504;ENT-MTL;BD-1141;14;393,86;21,10;307,78;Représentant
CMD-101547;2024-09-11;15/09/2024;27/10/2024;CLI-0053;EMP-509;ENT-QC;BD-1056;12;420,17;14,60;287,11;Représentant
CMD-101765;2024-10-03;12/10/2024;01/11/2024;CLI-0012;EMP-501;ENT-MTL;BD-1091;11;442,72;22,10;279,07;Portail web
CMD-100627;03/05/2024;2024-05-06;03/06/2024;CLI-0131;EMP-502;ENT-QC;BD-1071;6;458,01;14,20;301,72;Téléphone
CMD-100315;19/03/2024;25/03/2024;06-avr-24;CLI-0039;EMP-503;ENT-MTL;BD-1011;24;495,05;5,70;288,46;Salon
CMD-101819;09/10/2024;13/10/2024;2024-11-08;CLI-0084;EMP-503;ENT-MTL;BD-1171;12;142,08;10,30;83,70;Représentant
CMD-101211;02/08/2024;2024-08-05;30/08/2024;CLI-0212;EMP-507;ENT-QC;BD-1033;1;140,71;24,90;110,89;Téléphone
CMD-101993;30/10/2024;08-nov-24;25/12/2024;CLI-0061;EMP-503;ENT-MTL;BD-1082;4;412,08;13,30;278,39;Portail web
CMD-101213;2024-08-02;05/08/2024;22/09/2024;CLI-0205;EMP-505;ENT-MTL;BD-1158;3;329,62;5,70;180,81;Téléphone
CMD-101167;26/07/2024;02/08/2024;21-sept-24;CLI-0029;EMP-506;ENT-QC;BD-1032;16;0,00;22,50;339,97;Représentant
CMD-101910;21/10/2024;2024-10-30;13/11/2024;CLI-0169;EMP-507;ENT-MTL;BD-1134;8;92,90;15,50;60,50;Portail web
CMD-100077;2024-01-24;30/01/2024;11/03/2024;CLI-0076;EMP-507;ENT-MTL;BD-1123;50;174,07;20,00;129,56;Salon
CMD-100086;;28/01/2024;18/03/2024;CLI-0190;EMP-504;ENT-MTL;BD-1058;4;228,78;6,60;146,46;Représentant
CMD-102253;10/12/2024;15/12/2024;12-janv-25;CLI-0029;EMP-506;ENT-QC;BD-1082;15;361,91;23,80;278,39;Représentant
CMD-100195;26/02/2024;01/03/2024;2024-03-29;CLI-0120;EMP-509;ENT-QC;BD-1163;12;578,52;5,70;294,58;Portail web
CMD-101633;2024-09-19;24/09/2024;22/11/2024;CLI-0076;EMP-507;ENT-MTL;BD-1023;52;280,50;25,70;239,29;Représentant
CMD-100108;02/02/2024;11/02/2024;2024-03-19;CLI-0073;EMP-501;ENT-MTL;BD-1167;2;309,86;16,50;205,42;Téléphone
CMD-102169;25/11/2024;01/12/2024;20-déc-24;CLI-0204;EMP-506;ENT-MTL;BD-1101;6;102,21;5,80;62,94;Courriel
CMD-100565;25/04/2024;01/05/2024;2024-06-08;CLI-0073;EMP-501;ENT-QC;BD-1056;3;416,17;15,40;287,11;Représentant
CMD-100124;06/02/2024;2024-02-12;26/03/2024;CLI-0037;EMP-504;ENT-MTL;BD-1159;5;227,73;21,20;166,16;Courriel
CMD-100350;2024-03-25;27/03/2024;17/05/2024;CLI-0121;EMP-508;ENT-QC;BD-1166;1;345,33;16,90;212,88;Représentant
CMD-100846;31/05/2024;05-juin-24;08/07/2024;CLI-0068;EMP-505;ENT-MTL;BD-1062;4;169,95;5,40;112,54;Représentant
CMD-100492;2024-04-12;21/04/2024;01/05/2024;CLI-0129;EMP-508;ENT-QC;BD-1169;3;555,78;3,60;276,47;Représentant
CMD-101327;16/08/2024;23/08/2024;2024-09-28;CLI-0188;EMP-506;ENT-QC;BD-1050;2;438,44;13,00;291,69;Représentant
CMD-100992;24/06/2024;03-juil-24;22/07/2024;CLI-0171;EMP-507;ENT-SAG;BD-1038;6;511,50;7,30;313,36;Représentant
CMD-100439;08/04/2024;13/04/2024;2024-05-15;CLI-0074;EMP-507;ENT-MTL;BD-1059;7;425,33;19,30;324,94;Téléphone
CMD-101114;16/07/2024;24/07/2024;2024-09-14;CLI-0028;EMP-509;ENT-QC;BD-1021;1;331,86;8,80;201,55;Représentant
CMD-100339;22-mars-24;28/03/2024;04/06/2024;CLI-0144;EMP-502;ENT-MTL;BD-1093;1;201,13;10,10;132,18;Portail web
CMD-101188;2024-07-31;08/08/2024;23/08/2024;CLI-0166;EMP-503;ENT-MTL;BD-1009;2;88,10;16,20;66,28;Représentant
CMD-100170;19-févr-24;27/02/2024;22/03/2024;CLI-0169;EMP-507;ENT-SAG;BD-1034;3;213,42;10,20;151,89;Portail web
CMD-100778;23/05/2024;2024-05-26;21/06/2024;  CLI-0102;EMP-506;ENT-MTL;BD-1037;24;28,63;4,30;16,31;Courriel
CMD-101625;19-sept-24;22/09/2024;12/11/2024;cli-0096;EMP-504;ENT-MTL;BD-1080;8;310,20;6,20;173,12;Téléphone
CMD-101512;2024-09-09;13/09/2024;11/10/2024;CLI-0042;EMP-505;ENT-MTL;BD-1108;2;232,29;15,00;166,46;Représentant
CMD-102135;19/11/2024;22-nov-24;15/01/2025;CLI-0214;EMP-508;ENT-MTL;BD-1091;4;521,08;8,30;279,07;Portail web
CMD-100234;05/03/2024;2024-03-08;24/04/2024;CLI-0009;EMP-502;ENT-QC;BD-1105;12;206,94;20,10;166,12;Représentant
CMD-101630;19-sept-24;21/09/2024;10/10/2024;CLI-0114;EMP-502;ENT-QC;BD-1092;3;259,77;8,00;140,04;Téléphone
CMD-100100;2024-01-31;09/02/2024;28/02/2024;CLI-0073;EMP-501;ENT-MTL;BD-1150;3;543,86;13,10;339,92;Représentant
CMD-102055;2024-11-07;12/11/2024;21/12/2024;CLI-0130;EMP-508;ENT-MTL;BD-1155;4;427,98;21,00;322,38;Téléphone
CMD-100536;19/04/2024;27/04/2024;25/05/2024;CLI-0123;EMP-501;ENT-MTL;BD-1054;4;405,28;13,00;257,53;Salon
CMD-101021;27/06/2024;2024-07-04;27/07/2024;CLI-0127;EMP-503;ENT-SAG;BD-1001;2;279,48;16,60;182,30;Portail web
CMD-101116;17/07/2024;22/07/2024;2024-08-23;CLI-0173;EMP-508;ENT-SAG;BD-1108;6;240,95;11,80;166,46;Courriel
CMD-101400;27/08/2024;2024-08-29;13/10/2024;CLI-0110;EMP-507;ENT-SAG;BD-1064;12;117,00;6,60;69,43;Téléphone
CMD-100394;01/04/2024;10/04/2024;2024-05-02;CLI-0093;EMP-508;ENT-QC;BD-1160;12;66,04;16,20;40,71;Représentant
CMD-100663;08/05/2024;11/05/2024;2024-06-18;CLI-0007;EMP-508;ENT-SAG;BD-1016;1;384,04;7,10;219,41;Représentant
CMD-100338;2024-03-22;29/03/2024;14/04/2024;CLI-0220;EMP-506;ENT-SAG;BD-1169;24;498,46;13,60;276,47;Représentant
CMD-101149;23-juil-24;25/07/2024;01/09/2024;CLI-0038;EMP-507;ENT-MTL;BD-1032;8;477,00;12,90;339,97;Salon
CMD-100388;2024-04-01;05/04/2024;11/05/2024;CLI-0107;EMP-506;ENT-MTL;BD-1145;3;177,34;3,70;108,83;Représentant
CMD-100349;25/03/2024;2024-04-01;11/05/2024;CLI-0173 ;EMP-508;ENT-SAG;BD-1160;4;67,09;14,80;40,71;Représentant
CMD-101987;30/10/2024;2024-11-02;06/12/2024;CLI-0056;EMP-502;ENT-MTL;BD-1131;12;53,19;20,70;36,32;Représentant
CMD-100688;13/05/2024;20/05/2024;2024-06-28;CLI-0116;EMP-509;ENT-QC;BD-1013;4;445,97;13,60;308,85;Portail web
CMD-102295;20/12/2024;22/12/2024;12/02/2025;CLI-0101;EMP-509;ENT-MTL;BD-1070;2;70,56;7,40;39,88;Représentant
CMD-101743;02/10/2024;11/10/2024;;CLI-0009;EMP-502;ENT-MTL;BD-1132;11;159,85;19,50;125,81;Téléphone
CMD-101843;11/10/2024;15-oct-24;11/11/2024;CLI-0042;EMP-505;ENT-QC;BD-1179;6;385,46;10,70;226,59;Portail web
CMD-101851;14/10/2024;17/10/2024;18-nov-24;CLI-0118;EMP-504;ENT-SAG;BD-1092;4;253,57;10,20;140,04;Portail web
CMD-102079;12/11/2024;20/11/2024;12/01/2025;CLI-0097;EMP-504;ENT-MTL;BD-1160;1;72,73;7,70;40,71;Représentant
CMD-102018;01/11/2024;04/11/2024;28-nov-24;CLI-0115;EMP-509;ENT-MTL;BD-1094;1;169,23;17,00;121,74;Représentant
CMD-100279;13/03/2024;20-mars-24;05/04/2024;CLI-0093;EMP-508;ENT-MTL;BD-1039;2;176,40;10,90;119,66;Représentant
CMD-100113;2024-02-02;08/02/2024;22/03/2024;CLI-0034;EMP-507;ENT-QC;BD-1134;3;94,54;14,00;60,50;Représentant
CMD-102088;12/11/2024;2024-11-14;07/12/2024;CLI-0059;EMP-504;ENT-QC;BD-1129;12;57,47;20,10;45,49;Représentant
CMD-101061;03/07/2024;2024-07-09;;CLI-0141;EMP-502;ENT-MTL;BD-1009;4;89,78;14,60;66,28;Représentant
CMD-101627;2024-09-19;25/09/2024;04/11/2024;CLI-0201;EMP-504;ENT-QC;BD-1176;8;579,12;8,10;322,02;Portail web
CMD-100356;26/03/2024;02/04/2024;28-mai-24;CLI-0174 ;EMP-502;ENT-QC;BD-1179;6;395,06;8,50;226,59;Représentant
CMD-100107;02-févr-24;07/02/2024;09/03/2024;CLI-0005;EMP-503;ENT-QC;BD-1171;6;151,68;4,20;83,70;Téléphone
CMD-101825;10/10/2024;17/10/2024;2024-12-11;CLI-0125;EMP-509;ENT-MTL;BD-1091;3;533,45;6,10;279,07;Téléphone
CMD-100889;08/06/2024;2024-06-14;06/07/2024;CLI-0054;EMP-507;ENT-MTL;BD-1002;3;406,23;13,30;292,58;Représentant
CMD-102135;2024-11-19;22/11/2024;15/01/2025;CLI-0214;EMP-508;ENT-MTL;BD-1139;6;329,07;8,30;198,93;Courriel
CMD-102251;10/12/2024;18-déc-24;12/01/2025;CLI-0049;EMP-508;ENT-MTL;BD-1173;3;341,61;14,30;207,98;Représentant
CMD-100760;21/05/2024;2024-05-26;07/07/2024;CLI-0211;EMP-504;ENT-QC;BD-1044;3;276,59;14,40;195,45;Représentant
CMD-102231;04/12/2024;09/12/2024;2025-01-15;CLI-0173;EMP-508;ENT-QC;BD-1155;12;456,31;15,80;322,38;Courriel
CMD-100986;21/06/2024;28/06/2024;21-juil-24;CLI-0143;EMP-503;ENT-QC;BD-1064;2;104,04;16,90;69,43;Portail web
CMD-101504;07/09/2024;2024-09-16;04/10/2024;CLI-0130;EMP-508;ENT-QC;BD-1041;9;204,96;19,10;159,88;Portail web
CMD-102166;23/11/2024;2024-11-29;10/01/2025;CLI-0009;EMP-502;ENT-MTL;BD-1137;9;34,05;20,50;25,06;Téléphone
CMD-100095;30/01/2024;07-févr-24;08/03/2024;CLI-0009;EMP-502;ENT-QC;BD-1146;22;306,73;18,30;220,88;Portail web
CMD-100293;14/03/2024;2024-03-16;;CLI-0187;EMP-507;ENT-MTL;BD-1151;2;139,74;12,10;90,35;Représentant
CMD-102102;14/11/2024;17-nov-24;01/12/2024;CLI-0037;EMP-504;ENT-MTL;BD-1079;25;207,68;21,20;144,83;Portail web
CMD-100474;11/04/2024;17/04/2024;;CLI-0147;EMP-506;ENT-QC;BD-1162;8;128,13;6,50;66,97;Représentant
CMD-100427;05/04/2024;11/04/2024;2024-05-21;CLI-0209;EMP-508;ENT-MTL;BD-1048;44;40,49;20,90;32,82;Courriel
CMD-100463;10/04/2024;13/04/2024;10-mai-24;CLI-0130;EMP-508;ENT-MTL;BD-1009;13;83,42;20,70;66,28;
CMD-100859;03/06/2024;10/06/2024;2024-07-23;CLI-0043;EMP-506;ENT-MTL;BD-1043;6;456,24;13,60;294,10;Portail web
CMD-102119;18-nov-24;26/11/2024;28/12/2024;CLI-0116;EMP-509;ENT-SAG;BD-1140;8;53,05;16,50;40,41;Salon
CMD-101765;2024-10-03;12/10/2024;01/11/2024;CLI-0012;EMP-501;ENT-MTL;BD-1145;18;143,52;22,10;108,83;Représentant
CMD-101794;2024-10-07;09/10/2024;30/11/2024;CLI-0076;EMP-507;ENT-MTL;BD-1100;9;399,34;25,60;306,44;Portail web
CMD-102164;22/11/2024;30/11/2024;2025-01-20;CLI-0209;EMP-508;ENT-QC;BD-9248;16;339,01;24,60;255,00;Représentant
CMD-100119;2024-02-05;13/02/2024;21/02/2024;CLI-0175;EMP-505;ENT-MTL;BD-1119;1;89,30;2,70;58,44;Téléphone
CMD-101370;22/08/2024;25/08/2024;30/09/2024;CLI-0095;EMP-505;ENT-QC;BD-1035;6;44,90;7,20;30,00;Représentant
CMD-101077;05/07/2024;12/07/2024;18/08/2024;CLI-0012;EMP-501;ENT-SAG;BD-1062;23;138,95;22,70;112,54;Représentant
CMD-101288;13/08/2024;2024-08-18;14/09/2024;CLI-0158;EMP-507;ENT-MTL;BD-1033;12;182,35;2,70;110,89;Courriel
CMD-100672;10/05/2024;2024-05-16;14/06/2024;CLI-0029;EMP-506;ENT-QC;BD-1027;18;340,70;25,60;249,72;Téléphone
CMD-101537;11/09/2024;18-sept-24;20/10/2024;CLI-0043;EMP-506;ENT-QC;BD-1171;8;136,62;13,70;83,70;Téléphone
CMD-100120;06/02/2024;2024-02-10;15/03/2024;CLI-0137;EMP-503;ENT-QC;BD-1170;4;26,18;25,60;16,60;Portail web
CMD-100461;09/04/2024;16/04/2024;2024-05-03;CLI-0031;EMP-509;ENT-QC;BD-1038;8;473,69;14,20;313,36;Représentant
CMD-101768;03/10/2024;10/10/2024;18/11/2024;CLI-0003;EMP-508;ENT-QC;BD-1152;24;454,31;5,50;265,82;Représentant
CMD-101600;16/09/2024;21-sept-24;23/10/2024;CLI-0146;EMP-503;ENT-QC;BD-1060;2;328,95;16,90;241,90;Représentant
CMD-100304;16/03/2024;24/03/2024;26-avr-24;CLI-0056;EMP-502;ENT-SAG;BD-1161;7;107,97;20,00;62,84;Téléphone
CMD-101937;2024-10-23;26/10/2024;21/11/2024;CLI-0137;EMP-503;ENT-MTL;BD-1001;12;274,73;18,00;182,30;Téléphone
CMD-100237;05/03/2024;10/03/2024;2024-04-01;CLI-0063;EMP-503;ENT-QC;BD-1060;6;333,85;15,60;241,90;Téléphone
CMD-101998;30/10/2024;2024-11-02;15/12/2024;CLI-0029;EMP-506;ENT-MTL;BD-1073;12;343,63;23,60;255,00;Téléphone
CMD-102189;27/11/2024;30/11/2024;2025-01-06;CLI-0187;EMP-507;ENT-SAG;BD-1145;6;155,26;15,70;108,83;Représentant
CMD-101832;2024-10-11;16/10/2024;08/12/2024;CLI-0217;EMP-506;ENT-SAG;BD-1053;12;260,26;20,50;176,84;Portail web
CMD-101250;08/08/2024;15-août-24;02/10/2024;CLI-0191;EMP-504;ENT-SAG;BD-1047;6;92,39;13,30;70,06;Portail web
CMD-102109;15/11/2024;24/11/2024;11-déc-24;CLI-0029;EMP-506;ENT-MTL;BD-1133;13;78,53;22,50;61,66;Représentant
CMD-102167;2024-11-23;28/11/2024;22/12/2024;CLI-0164;EMP-509;ENT-QC;BD-1178;1;187,01;8,90;116,97;Téléphone
CMD-100208;2024-02-29;06/03/2024;03/05/2024;CLI-0094;EMP-502;ENT-QC;BD-1116;24;80,89;8,80;58,93;Portail web
CMD-102050;07/11/2024;10/11/2024;18-déc-24;CLI-0040;EMP-509;ENT-SAG;BD-1032;2;473,67;13,50;339,97;Téléphone
CMD-100024;08/01/2024;12/01/2024;2024-03-06;CLI-0182;EMP-503;ENT-SAG;BD-1148;8;395,70;14,00;296,06;Représentant
CMD-101238;2024-08-06;12/08/2024;30/08/2024;CLI-0191;EMP-504;ENT-MTL;BD-1002;4;420,50;10,20;292,58;Téléphone
CMD-100857;03/06/2024;08/06/2024;26/07/2024;CLI-0188;EMP-506;ENT-MTL;BD-1178;3;176,01;14,30;116,97;Courriel
CMD-100509;16-avr-24;25/04/2024;20/05/2024;CLI-0047;EMP-508;ENT-SAG;BD-1043;4;473,64;10,30;294,10;Représentant
CMD-101345;19/08/2024;27/08/2024;2024-09-25;CLI-0113;EMP-505;ENT-MTL;BD-1171;3;149,12;5,80;83,70;Représentant
CMD-100228;04/03/2024;11/03/2024;20-avr-24;CLI-0153;EMP-507;ENT-SAG;BD-1173;2;333,04;16,50;207,98;Représentant
CMD-100883;07/06/2024;14/06/2024;2024-07-19;CLI-0093;EMP-508;ENT-QC;BD-1050;8;432,02;14,30;291,69;Téléphone
CMD-102071;11/11/2024;2024-11-18;26/11/2024;CLI-0153;EMP-507;ENT-MTL;BD-1136;2;173,82;16,30;110,14;Représentant
CMD-100993;2024-06-24;27/06/2024;17/08/2024;CLI-0037;EMP-504;ENT-MTL;BD-1106;10;429,29;19,10;333,09;Représentant
CMD-102187;27-nov-24;06/12/2024;18/01/2025;CLI-0043;EMP-506;ENT-QC;BD-1152;8;413,93;13,90;265,82;Représentant
CMD-101012;27/06/2024;30-juin-24;09/08/2024;CLI-0145;EMP-504;ENT-MTL;BD-1106;4;491,67;7,30;333,09;Salon
CMD-101256;08/08/2024;14/08/2024;2024-10-05;CLI-0192;EMP-505;ENT-QC;BD-1044;3;302,25;6,40;195,45;Représentant
CMD-101105;12/07/2024;20-juil-24;25/08/2024;CLI-0136;EMP-507;ENT-QC;BD-1110;4;238,53;16,00;178,91;Représentant
CMD-101746;2024-10-02;05/10/2024;04/12/2024;CLI-0160;EMP-508;ENT-MTL;BD-1077;2;325,23;4,90;167,57;Représentant
CMD-100187;24/02/2024;04/03/2024;2024-04-23;CLI-0134;EMP-509;ENT-MTL;BD-1180;2;174,87;7,60;93,34;Représentant
CMD-101542;2024-09-11;13/09/2024;13/11/2024;CLI-0149;EMP-501;ENT-MTL;BD-1058;12;228,88;6,50;146,46;Téléphone
CMD-102028;2024-11-04;08/11/2024;18/12/2024;CLI-0089;EMP-502;ENT-QC;BD-1121;10;61,72;20,70;43,73;Téléphone
CMD-102219;02/12/2024;2024-12-05;15/01/2025;CLI-0071;EMP-503;ENT-SAG;BD-1050;24;473,81;6,00;291,69;Représentant
CMD-100700;14-mai-24;17/05/2024;08/06/2024;CLI-0135;EMP-506;ENT-QC;BD-1158;6;299190,00;14,40;180,81;Portail web
CMD-101205;2024-08-01;08/08/2024;18/09/2024;CLI-0047;EMP-508;ENT-MTL;BD-1055;1;281,16;14,40;209,35;Portail web
CMD-100688;13/05/2024;20-mai-24;28/06/2024;CLI-0116;EMP-509;ENT-QC;BD-1167;4;320,69;13,60;205,42;Téléphone
CMD-100556;24/04/2024;01/05/2024;21/05/2024;CLI-0112;EMP-505;ENT-QC;BD-1044;6;287,66;11,00;195,45;Courriel
CMD-100162;16/02/2024;22/02/2024;16-avr-24;CLI-0105;EMP-502;ENT-MTL;BD-1107;1;209,11;5,10;147,44;Représentant
CMD-102314;27/12/2024;03/01/2025;2025-02-26;CLI-0056;EMP-502;ENT-QC;BD-1098;8;356,41;19,20;257,11;Représentant
CMD-101223;05/08/2024;09/08/2024;2024-09-18;CLI-0195;EMP-506;ENT-SAG;BD-1016;2;351,63;14,90;219,41;Portail web
CMD-101930;23/10/2024;2024-10-28;06/12/2024;CLI-0063;EMP-503;ENT-MTL;BD-1059;8;450,03;14,70;324,94;Téléphone
CMD-101560;12/09/2024;2024-09-17;18/11/2024;CLI-0055;EMP-506;ENT-SAG;BD-1096;12;273,50;7,60;170,74;Portail web
CMD-101455;2024-09-02;08/09/2024;31/10/2024;CLI-0063;EMP-503;ENT-MTL;BD-1075;3;89,68;11,00;59,74;Salon
CMD-102188;27/11/2024;05/12/2024;26-déc-24;CLI-0195;EMP-506;ENT-QC;BD-1097;4;320,63;12,90;210,05;Représentant
CMD-101717;30/09/2024;08-oct-24;27/10/2024;CLI-0185;EMP-508;ENT-QC;BD-1075;8;81,50;19,10;59,74;Salon
CMD-101125;2024-07-19;27/07/2024;;CLI-0137;EMP-503;ENT-MTL;BD-1063;19;300,80;18,30;242,15;Représentant
CMD-101389;26/08/2024;01/09/2024;2024-10-13;CLI-0207;EMP-501;ENT-SAG;BD-1067;3;38,02;8,60;23,77;Téléphone
CMD-102292;19/12/2024;25/12/2024;2025-01-06;CLI-0212;EMP-507;ENT-QC;BD-1026;12;326,73;25,50;241,74;Représentant
CMD-100811;29/05/2024;2024-06-07;19/07/2024;CLI-0205;EMP-505;ENT-MTL;BD-1035;4;44,11;8,80;30,00;Portail web
CMD-100557;24/04/2024;2024-04-26;01/06/2024;CLI-0067;EMP-502;ENT-QC;BD-1043;1;467,75;11,40;294,10;Représentant
CMD-101643;20/09/2024;2024-09-23;25/10/2024;CLI-0062;EMP-507;ENT-SAG;BD-1078;24;335,74;12,40;197,64;Téléphone
CMD-101434;30-août-24;05/09/2024;08/10/2024;CLI-0083;EMP-507;ENT-QC;BD-1147;12;569,21;4,80;339,78;Représentant
CMD-100823;2024-05-29;02/06/2024;02/07/2024;CLI-0209;EMP-508;ENT-QC;BD-1125;6;330,98;24,80;285,25;Téléphone
CMD-100541;22/04/2024;2024-04-25;12/06/2024;CLI-0211;EMP-504;ENT-QC;BD-1052;12;266,42;13,20;179,27;Représentant
CMD-101638;19/09/2024;21/09/2024;15-nov-24;CLI-0093;EMP-508;ENT-MTL;BD-1115;3;64,39;13,80;46,26;Portail web
CMD-101041;01/07/2024;2024-07-05;21/08/2024;CLI-0174;EMP-502;ENT-MTL;BD-1096;6;279,98;5,50;170,74;Portail web
CMD-101728;30/09/2024;02/10/2024;2024-11-06;CLI-0076;EMP-507;ENT-SAG;BD-1049;47;40,72;25,50;30,58;Représentant
CMD-102236;05-déc-24;13/12/2024;23/01/2025;CLI-0212;EMP-507;ENT-MTL;BD-1129;6;53,65;25,40;45,49;Représentant
CMD-101047;01-juil-24;09/07/2024;05/08/2024;CLI-0196;EMP-506;ENT-MTL;BD-1114;6;237,84;5,80;149,59;Téléphone
CMD-101651;23/09/2024;01/10/2024;2024-10-27;CLI-0174;EMP-502;ENT-SAG;BD-1050;12;478,42;5,10;291,69;Représentant
CMD-101702;27/09/2024;01/10/2024;17/11/2024;CLI-0009;EMP-502;ENT-MTL;BD-1040;7;338,02;23,30;268,77;Représentant
CMD-100964;18/06/2024;24/06/2024;2024-08-04;CLI-0056;EMP-502;ENT-QC;BD-1104;3;86,08;22,20;75,12;Portail web
CMD-100440;08/04/2024;2024-04-17;17/05/2024;CLI-0102;EMP-506;ENT-QC;BD-1039;4;191,69;3,20;119,66;Représentant
CMD-101392;26/08/2024;2024-09-02;16/10/2024;CLI-0031;EMP-509;ENT-SAG;BD-1182;3;92,89;14,70;56,87;Téléphone
CMD-101979;2024-10-29;04/11/2024;17/12/2024;CLI-0029;EMP-506;ENT-MTL;BD-1071;63;427,61;19,90;301,72;Téléphone
CMD-101754;03/10/2024;10/10/2024;29-oct-24;CLI-0081;EMP-502;ENT-QC;BD-1037;2;26,63;11,00;16,31;Représentant
CMD-100199;2024-02-27;04/03/2024;21/04/2024;CLI-0212;EMP-507;ENT-SAG;BD-1180;12;145,10;23,40;93,34;Représentant
CMD-101710;2024-09-27;04/10/2024;29/10/2024;CLI-0026;EMP-506;ENT-QC;BD-1159;6;249,83;13,50;166,16;Portail web
CMD-100361;27/03/2024;03-avr-24;16/05/2024;CLI-0137;EMP-503;ENT-SAG;BD-1174;21;235,61;20,20;165,53;Portail web
CMD-100218;01/03/2024;06/03/2024;29-mars-24;CLI-0135;EMP-506;ENT-MTL;BD-1118;8;440,11;11,50;336,11;Représentant
CMD-102053;07/11/2024;11/11/2024;08/01/2025;CLI-0217;EMP-506;ENT-QC;BD-1170;9;26,14;25,60;16,60;Représentant
CMD-100374;2024-03-28;05/04/2024;10/04/2024;CLI-0217;EMP-506;ENT-QC;BD-1106;6;396,51;25,30;333,09;Représentant
CMD-100305;16/03/2024;23/03/2024;10/04/2024;CLI-0103;EMP-502;ENT-QC;BD-1158;12;319,13;8,70;180,81;Portail web
CMD-101255;08/08/2024;16-août-24;12/09/2024;CLI-0057;EMP-507;ENT-QC;BD-1039;3;174,67;11,80;119,66;Représentant
CMD-100086;2024-01-26;28/01/2024;18/03/2024;CLI-0190;EMP-504;ENT-MTL;BD-1140;2;59,36;6,60;40,41;Téléphone
CMD-102009;31/10/2024;07/11/2024;2024-12-07;CLI-0053;EMP-509;ENT-SAG;BD-1171;6;137,83;12,90;83,70;Téléphone
CMD-100513;17-avr-24;21/04/2024;19/06/2024;CLI-0209;EMP-508;ENT-MTL;BD-1048;8;37,90;26,00;32,82;Représentant
CMD-101441;31/08/2024;2024-09-09;10/10/2024;CLI-0056;EMP-502;ENT-QC;BD-1099;7;375,35;24,40;287,66;Représentant
CMD-102207;29/11/2024;05/12/2024;02/01/2025;CLI-0194;EMP-506;ENT-MTL;BD-1151;3;151,59;4,70;90,35;Représentant
CMD-100450;09/04/2024;13/04/2024;17-mai-24;CLI-0174;EMP-502;ENT-QC;BD-1047;3;103,24;3,10;70,06;Téléphone
CMD-100495;15/04/2024;18-avr-24;10/06/2024;CLI-0143;EMP-503;ENT-MTL;BD-1134;6;96,49;12,20;60,50;Représentant
CMD-101402;27/08/2024;01/09/2024;23/10/2024;CLI-0139;EMP-506;ENT-MTL;BD-1070;4;64,74;15,00;39,88;Téléphone
CMD-101651;23/09/2024;2024-10-01;27/10/2024;CLI-0174;EMP-502;ENT-SAG;BD-1061;3;112,10;5,10;75,23;Courriel
CMD-101807;2024-10-08;13/10/2024;21/10/2024;CLI-0172;EMP-502;ENT-QC;BD-1143;24;366,43;2,30;215,92;Salon
CMD-100011;2024-01-03;12/01/2024;17/02/2024;CLI-0156;EMP-502;ENT-QC;BD-1154;12;509,42;4,70;323,13;Représentant
CMD-101060;03/07/2024;11/07/2024;01-août-24;CLI-0185;EMP-508;ENT-QC;BD-1137;18;32,71;23,60;25,06;Portail web
CMD-101942;2024-10-23;01/11/2024;14/12/2024;CLI-0154;EMP-507;ENT-QC;BD-1140;3;53,40;16,00;40,41;Représentant
CMD-101544;11/09/2024;16/09/2024;25-sept-24;CLI-0209;EMP-508;ENT-SAG;BD-1101;18;87,39;19,50;62,94;Représentant
CMD-101835;2024-10-11;19/10/2024;30/11/2024;CLI-0012;EMP-501;ENT-SAG;BD-1076;5;430,94;23,20;281,11;Téléphone
CMD-100314;19-mars-24;23/03/2024;02/05/2024;CLI-0042;EMP-505;ENT-MTL;BD-1020;2;50,21;12,60;32,44;Téléphone
CMD-101920;22/10/2024;29-oct-24;22/11/2024;CLI-0209;EMP-508;ENT-MTL;BD-1099;10;381,01;23,30;287,66;Représentant
CMD-101189;31/07/2024;2024-08-07;16/09/2024;CLI-0089;EMP-502;ENT-QC;BD-1110;6;210,99;25,70;178,91;Salon
CMD-100668;09/05/2024;15-mai-24;;CLI-0206;EMP-503;ENT-QC;BD-1001;8;281,30;16,10;182,30;Représentant
CMD-100160;2024-02-16;23/02/2024;19/03/2024;CLI-0029;EMP-506;ENT-QC;BD-1128;24;118,38;18,30;77,25;Téléphone
CMD-102218;30/11/2024;02/12/2024;2025-01-07;CLI-0080;EMP-506;ENT-MTL;BD-1065;3;218,45;12,40;128,81;Courriel
CMD-101024;28/06/2024;2024-07-01;27/08/2024;CLI-0055;EMP-506;ENT-MTL;BD-1113;6;417,07;2,30;276,01;Représentant
CMD-100675;10/05/2024;15-mai-24;04/06/2024;CLI-0164;EMP-509;ENT-QC;BD-1112;1;111,11;3,30;65,64;Portail web
CMD-100567;2024-04-25;02/05/2024;;CLI-0205;EMP-505;ENT-QC;BD-1086;4;134,35;2,50;80,72;Portail web
CMD-100410;03/04/2024;08-avr-24;11/05/2024;CLI-0089;EMP-502;ENT-MTL;BD-1114;24;190,36;24,60;149,59;Portail web
CMD-100096;30/01/2024;02/02/2024;13/03/2024;CLI-0153;EMP-507;ENT-MTL;BD-1103;3;197,97;13,10;151,66;Représentant
CMD-101062;2024-07-03;06/07/2024;13/08/2024;CLI-0128;EMP-502;ENT-QC;BD-1061;3;99,38;15,90;75,23;Représentant
CMD-100574;26/04/2024;2024-05-01;27/06/2024;CLI-0137;EMP-503;ENT-MTL;BD-1135;10;58,31;20,50;39,89;Portail web
CMD-100336;22-mars-24;28/03/2024;26/04/2024;CLI-0054;EMP-507;ENT-SAG;BD-1126;8;179,71;11,20;130,29;Représentant
CMD-102122;18/11/2024;2024-11-20;27/12/2024;CLI-0056;EMP-502;ENT-QC;BD-1098;1;357,32;19,00;257,11;Représentant
CMD-101898;18/10/2024;21/10/2024;10/12/2024;CLI-0137;EMP-503;ENT-SAG;BD-1098;2;351,00;20,40;257,11;Représentant
CMD-100843;2024-05-31;05/06/2024;24/06/2024;CLI-0038;EMP-507;ENT-MTL;BD-1168;12;344,85;13,80;224,71;Portail web
CMD-102062;08-nov-24;11/11/2024;16/12/2024;CLI-0029;EMP-506;ENT-QC;BD-1094;38;158,33;22,30;121,74;Représentant
CMD-101539;11/09/2024;18/09/2024;21/10/2024;CLI-0208;EMP-507;ENT-QC;BD-1134;3;98,32;10,60;60,50;Représentant
CMD-102229;03/12/2024;10-déc-24;24/01/2025;CLI-0056;EMP-502;ENT-QC;BD-1101;6;86,35;20,40;62,94;Téléphone
CMD-100486;12/04/2024;15/04/2024;2024-05-27;CLI-0134;EMP-509;ENT-SAG;BD-1156;3;295,83;2,10;161,25;Salon
CMD-101312;15/08/2024;24-août-24;24/09/2024;CLI-0191;EMP-504;ENT-MTL;BD-1170;2;31,44;10,60;16,60;Représentant
CMD-100242;06/03/2024;2024-03-08;23/04/2024;CLI-0216;EMP-503;ENT-SAG;BD-1165;8;169,02;8,20;105,70;Représentant
CMD-100118;05/02/2024;2024-02-09;25/03/2024;CLI-0088;EMP-504;ENT-QC;BD-1102;2;402,58;17,00;255,33;Représentant
CMD-100533;19/04/2024;24/04/2024;2024-05-29;CLI-0052;EMP-504;ENT-MTL;BD-1162;4;116,37;15,10;66,97;Courriel
CMD-100672;31/02/2024;16/05/2024;2024-06-14;CLI-0029;EMP-506;ENT-QC;BD-1114;2;187,86;25,60;149,59;Représentant
CMD-102084;2024-11-12;15/11/2024;13/12/2024;CLI-0185;EMP-508;ENT-QC;BD-1129;17;57,82;19,60;45,49;Représentant
CMD-101110;2024-07-15;19/07/2024;29/08/2024;CLI-0193;EMP-509;ENT-MTL;BD-1122;6;299,35;12,30;208,30;Représentant
CMD-100034;10/01/2024;16/01/2024;22-mars-24;CLI-0209;EMP-508;ENT-QC;BD-1161;4;103,31;23,50;62,84;Téléphone
CMD-101262;09/08/2024;13/08/2024;31/08/2024;CLI-0182;EMP-503;ENT-SAG;BD-1116;2;79,03;10,90;58,93;Courriel
CMD-100420;04/04/2024;2024-04-13;24/05/2024;CLI-0034;EMP-507;ENT-MTL;BD-1161;8;119,15;11,80;62,84;Représentant
CMD-100238;2024-03-05;12/03/2024;14/04/2024;CLI-0089;EMP-502;ENT-QC;BD-1157;7;42,07;19,60;24,69;Téléphone
CMD-101633;2024-09-19;24/09/2024;22/11/2024;CLI-0076;EMP-507;ENT-MTL;BD-1074;17;144,29;25,70;108,27;Représentant
CMD-102132;19/11/2024;23/11/2024;2025-01-07;CLI-0053;EMP-509;ENT-SAG;BD-1071;4;457,58;14,30;301,72;Représentant
CMD-101344;19-août-24;21/08/2024;22/09/2024;CLI-0217;EMP-506;ENT-MTL;BD-1046;5;391,36;18,00;308,91;Représentant
CMD-101635;19/09/2024;28/09/2024;2024-10-11;CLI-0217;EMP-506;ENT-SAG;BD-1125;4;337,19;23,40;285,25;Portail web
CMD-100683;11-mai-24;20/05/2024;24/06/2024;CLI-0209;EMP-508;ENT-MTL;BD-1180;8;154,21;18,60;93,34;Téléphone
CMD-100395;2024-04-01;05/04/2024;16/05/2024;CLI-0060;EMP-508;ENT-MTL;BD-1035;2;44,93;7,10;30,00;Représentant
CMD-101547;2024-09-11;15/09/2024;27/10/2024;CLI-0053;EMP-509;ENT-QC;BD-1102;8;414,13;14,60;255,33;Portail web
CMD-101472;04/09/2024;10/09/2024;2024-11-18;CLI-0183;EMP-506;ENT-MTL;BD-1109;3;446,67;2,90;303,82;Téléphone
CMD-102090;13/11/2024;20/11/2024;2025-01-01;CLI-0007;EMP-508;ENT-QC;BD-1140;3;61,71;2,90;40,41;Représentant
CMD-102179;26/11/2024;2024-12-04;19/01/2025;CLI-0147;EMP-506;ENT-QC;BD-1093;12;211,92;5,30;132,18;Représentant
CMD-100706;14/05/2024;20/05/2024;07/06/2024;CLI-0037;EMP-504;ENT-MTL;BD-1072;8;314,72;20,50;196,62;Portail web
CMD-101747;02/10/2024;09/10/2024;31/10/2024;CLI-0009;EMP-502;ENT-QC;BD-1075;13;76,39;24,20;59,74;Représentant
CMD-100417;04/04/2024;2024-04-11;20/04/2024;CLI-0185;EMP-508;ENT-MTL;BD-1038;23;431,08;21,90;313,36;Courriel
CMD-101954;25/10/2024;01-nov-24;14/12/2024;CLI-0017 ;EMP-507;ENT-QC;BD-1100;6;448,14;16,50;306,44;Téléphone
CMD-101490;2024-09-06;15/09/2024;21/09/2024;CLI-0209;EMP-508;ENT-SAG;BD-1097;11;289,22;21,40;210,05;Représentant
CMD-101051;02/07/2024;2024-07-11;20/07/2024;CLI-0012;EMP-501;ENT-MTL;BD-1049;20;40,52;25,80;30,58;Téléphone
CMD-100939;2024-06-14;21/06/2024;23/07/2024;CLI-0089;EMP-502;ENT-MTL;BD-1116;21;72,56;18,20;58,93;Téléphone
CMD-101933;23/10/2024;30/10/2024;2024-12-01;CLI-0099;EMP-505;ENT-MTL;BD-1097;2;292,25;20,60;210,05;Salon
CMD-100700;14/05/2024;17/05/2024;08-juin-24;CLI-0135;EMP-506;ENT-QC;BD-1063;2;315,32;14,40;242,15;Représentant
CMD-102077;2024-11-11;17/11/2024;21/12/2024;CLI-0099;EMP-505;ENT-MTL;BD-1112;24;90,49;21,20;65,64;Portail web
CMD-101450;02-sept-24;06/09/2024;23/10/2024;CLI-0209;EMP-508;ENT-MTL;BD-1022;8;339,12;25,40;247,74;Portail web
CMD-101188;31/07/2024;08/08/2024;2024-08-23;CLI-0166;EMP-503;ENT-MTL;BD-1051;1;108,63;16,20;78,12;Portail web
CMD-101033;28/06/2024;2024-07-03;21/08/2024;CLI-0099;EMP-505;ENT-QC;BD-1132;5;149,27;24,80;125,81;Portail web
CMD-101735;01/10/2024;05/10/2024;2024-11-06;CLI-0081;EMP-502;ENT-MTL;BD-1070;6;64,21;15,70;39,88;Téléphone
CMD-102126;18/11/2024;2024-11-24;17/12/2024;CLI-0056;EMP-502;ENT-QC;BD-1056;10;369,66;24,80;287,11;Téléphone
CMD-102302;24/12/2024;02/01/2025;2025-01-06;CLI-0056;EMP-502;ENT-MTL;BD-1158;6;276,68;20,80;180,81;Représentant
CMD-101245;07/08/2024;2024-08-11;29/09/2024;CLI-0087;EMP-502;ENT-MTL;BD-1158;6;292,77;16,20;180,81;Représentant
CMD-100861;04/06/2024;06-juin-24;26/07/2024;CLI-0209;EMP-508;ENT-QC;BD-1124;6;193,10;24,30;150,61;Portail web
CMD-100160;16/02/2024;23/02/2024;2024-03-19;CLI-0029;EMP-506;ENT-QC;BD-1160;6;64,36;18,30;40,71;Représentant
CMD-100027;08/01/2024;2024-01-17;20/02/2024;CLI-0063;EMP-503;ENT-QC;BD-1180;2;162,91;14,00;93,34;Portail web
CMD-101021;27/06/2024;04/07/2024;27-juil-24;CLI-0127;EMP-503;ENT-SAG;BD-1126;2;168,76;16,60;130,29;Représentant
CMD-101853;2024-10-14;23/10/2024;11/11/2024;CLI-0127;EMP-503;ENT-MTL;BD-1101;1;95,65;11,80;62,94;Représentant
CMD-101676;25/09/2024;29-sept-24;15/11/2024;CLI-0006;EMP-505;ENT-MTL;BD-1070;3;67,28;11,70;39,88;Courriel
CMD-102075;11-nov-24;20/11/2024;20/12/2024;CLI-0108;EMP-503;ENT-QC;BD-1080;1;285,98;13,50;173,12;Représentant
CMD-100856;2024-06-03;05/06/2024;18/07/2024;CLI-0012;EMP-501;ENT-SAG;BD-1056;13;397,78;19,10;287,11;Représentant
CMD-101678;25/09/2024;04-oct-24;19/10/2024;CLI-0018;EMP-503;ENT-MTL;BD-1040;2;413,73;6,10;268,77;Portail web
CMD-100571;25/04/2024;2024-05-04;07/06/2024;CLI-0089;EMP-502;ENT-QC;BD-1049;27;42,06;23,00;30,58;Représentant
CMD-100860;04/06/2024;2024-06-06;08/07/2024;CLI-0118;EMP-504;ENT-QC;BD-1062;12;150,50;16,20;112,54;Courriel
CMD-101336;19/08/2024;2024-08-23;12/09/2024;CLI-0141;EMP-502;ENT-MTL;BD-1005;6;290,36;11,20;204,06;Portail web
CMD-101583;13/09/2024;2024-09-17;07/11/2024;CLI-0151;EMP-504;ENT-QC;BD-1033;1;181,20;3,30;110,89;Représentant
CMD-100944;15/06/2024;2024-06-20;12/07/2024;CLI-0113;EMP-505;ENT-MTL;BD-1103;1;212,38;6,80;151,66;Salon
CMD-101281;12/08/2024;20/08/2024;26-sept-24;CLI-0188;EMP-506;ENT-MTL;BD-1017;3;488,57;13,30;307,26;Téléphone
CMD-100422;04/04/2024;08/04/2024;2024-06-17;CLI-0083;EMP-507;ENT-MTL;BD-1162;12;128,65;6,10;66,97;Téléphone
CMD-102082;12/11/2024;16/11/2024;18-janv-25;CLI-0121;EMP-508;ENT-QC;BD-1155;6;457,25;15,60;322,38;Représentant
CMD-102245;09/12/2024;2024-12-17;04/01/2025;CLI-0099;EMP-505;ENT-QC;BD-1181;8;487,88;21,90;305,97;Téléphone
CMD-100271;11/03/2024;2024-03-14;22/04/2024;CLI-0217;EMP-506;ENT-MTL;BD-1174;23;220,48;25,30;165,53;Représentant
CMD-100224;04/03/2024;12/03/2024;2024-04-16;CLI-0120;EMP-509;ENT-SAG;BD-1174;2;275,73;6,60;165,53;Représentant
CMD-100009;02-janv-24;11/01/2024;07/02/2024;CLI-0141;EMP-502;ENT-QC;BD-1129;4;62,75;12,70;45,49;Courriel
CMD-102318;28/12/2024;03-janv-25;01/02/2025;CLI-0130;EMP-508;ENT-SAG;BD-1135;7;59,75;18,50;39,89;Portail web
CMD-100648;07/05/2024;09/05/2024;2024-05-15;CLI-0067;EMP-502;ENT-QC;BD-1122;24;297,24;12,90;208,30;Téléphone
CMD-102051;07/11/2024;2024-11-09;05/12/2024;CLI-0219;EMP-505;ENT-MTL;BD-1151;4;150,73;5,20;90,35;Téléphone
CMD-100920;12/06/2024;14/06/2024;2024-07-16;CLI-0190;EMP-504;ENT-QC;BD-1165;6;173,92;5,50;105,70;Représentant
CMD-101280;2024-08-12;17/08/2024;20/08/2024;CLI-0029;EMP-506;ENT-QC;BD-1006;20;272,86;18,50;178,72;Représentant
CMD-100699;2024-05-14;23/05/2024;30/06/2024;CLI-0004;EMP-505;ENT-QC;BD-1044;6;295,87;8,40;195,45; 
CMD-100317;19/03/2024;28/03/2024;16/05/2024;CLI-0035;EMP-503;ENT-MTL;BD-1106;1;477,20;10,10;333,09;Représentant
CMD-102082;12/11/2024;16/11/2024;2025-01-18;CLI-0121;EMP-508;ENT-QC;BD-1055;4;277,15;15,60;209,35;Représentant
CMD-101454;02/09/2024;05/09/2024;31-oct-24;CLI-0047;EMP-508;ENT-MTL;BD-1083;8;255,49;16,80;157,14; 
CMD-102279;17/12/2024;25/12/2024;2025-01-17;CLI-0094;EMP-502;ENT-MTL;BD-1175;4;163,01;4,00;94,86;Représentant
CMD-100750;20/05/2024;28/05/2024;07/07/2024;CLI-0199;EMP-504;ENT-QC;BD-1052;4;258,88;15,70;179,27;Téléphone
CMD-100032;09/01/2024;17-janv-24;15/02/2024;CLI-0196;EMP-506;ENT-SAG;BD-1174;3;269,06;8,80;165,53;Courriel
CMD-101713;2024-09-28;07/10/2024;01/11/2024;CLI-0020;EMP-508;ENT-MTL;BD-1106;1;493,45;7,00;333,09;Salon
CMD-101798;2024-10-08;13/10/2024;20/11/2024;CLI-0084;EMP-503;ENT-QC;BD-1139;4;321,18;10,50;198,93;Représentant
CMD-102206;2024-11-29;04/12/2024;25/12/2024;CLI-0088;EMP-504;ENT-QC;BD-1010;8;135,65;16,80;87,08;Représentant
CMD-100382;2024-03-29;04/04/2024;17/05/2024;CLI-0212;EMP-507;ENT-SAG;BD-1179;12;320,16;25,80;226,59;Téléphone
CMD-100097;30/01/2024;02/02/2024;2024-03-16;cli-0033;EMP-504;ENT-MTL;BD-1032;3;455,72;16,70;339,97;Représentant
CMD-100347;25-mars-24;31/03/2024;08/05/2024;CLI-0104;EMP-501;ENT-QC;BD-1113;24;398,05;6,80;276,01;Représentant
CMD-101894;2024-10-18;22/10/2024;17/11/2024;CLI-0089;EMP-502;ENT-QC;BD-1088;6;488,02;22,50;335,85;Représentant
CMD-100687;13-mai-24;19/05/2024;19/06/2024;CLI-0157;EMP-502;ENT-SAG;BD-1124;1;226,17;11,30;150,61;Portail web
CMD-102265;13/12/2024;17/12/2024;;CLI-0074;EMP-507;ENT-MTL;BD-1082;8;386,98;18,60;278,39;Représentant
CMD-100304;16/03/2024;2024-03-24;26/04/2024;CLI-0056;EMP-502;ENT-SAG;BD-1116;3;70,89;20,00;58,93;Portail web
CMD-101217;02/08/2024;09/08/2024;29/08/2024;CLI-0031;EMP-509;ENT-SAG;BD-1013;4;464,44;10,00;308,85;Portail web
CMD-102298;23-déc-24;30/12/2024;07/02/2025;CLI-0126;EMP-502;ENT-SAG;BD-1091;1;501,37;11,70;279,07;Courriel
CMD-100907;11/06/2024;2024-06-20;06/07/2024;CLI-0096;EMP-504;ENT-QC;BD-1112;3;108,97;5,10;65,64;Représentant
CMD-100163;16/02/2024;20-févr-24;30/03/2024;CLI-0050;EMP-502;ENT-QC;BD-1182;24;97,60;10,40;56,87;Représentant
CMD-100012;2024-01-03;06/01/2024;30/01/2024;CLI-0011;EMP-507;ENT-QC;BD-1123;3;212,61;2,30;129,56;Portail web
CMD-101651;23/09/2024;01/10/2024;27-oct-24;CLI-0174;EMP-502;ENT-SAG;BD-1163;4;582,00;5,10;294,58;Courriel
CMD-101856;2024-10-14;21/10/2024;18/11/2024;CLI-0009;EMP-502;ENT-SAG;BD-1128;6;112,64;22,20;77,25;Courriel
CMD-100773;2024-05-23;27/05/2024;22/06/2024;CLI-0074;EMP-507;ENT-SAG;BD-1014;20;34,65;22,50;26,62;Portail web
CMD-101546;11-sept-24;15/09/2024;25/10/2024;CLI-0188;EMP-506;ENT-SAG;BD-1042;2;376,33;14,70;261,53;Portail web
CMD-102188;2024-11-27;05/12/2024;26/12/2024;CLI-0195;EMP-506;ENT-QC;BD-1133;6;88,33;12,90;61,66;Courriel
CMD-101122;18/07/2024;27-juil-24;27/08/2024;CLI-0137;EMP-503;ENT-QC;BD-1124;11;193,16;24,20;150,61;Portail web
CMD-100819;2024-05-29;06/06/2024;05/07/2024;CLI-0006;EMP-505;ENT-SAG;BD-1091;1;495,07;12,80;279,07;Représentant
CMD-100867;05/06/2024;10/06/2024;2024-07-29;CLI-0146;EMP-503;ENT-QC;BD-1113;8;354,77;16,90;276,01;Représentant
CMD-100326;20/03/2024;2024-03-26;;CLI-0029;EMP-506;ENT-MTL;BD-1164;4;159,44;18,20;98,38;Portail web
CMD-101202;01/08/2024;05/08/2024;28-août-24;CLI-0127;EMP-503;ENT-MTL;BD-1043;8;461,09;12,60;294,10;Représentant
CMD-102249;09/12/2024;2024-12-11;04/01/2025;CLI-0144;EMP-502;ENT-MTL;BD-1018;3;391,84;15,70;242,09;Téléphone
CMD-101798;08/10/2024;13-oct-24;20/11/2024;CLI-0084;EMP-503;ENT-QC;BD-1142;6;146,02;10,50;98,85;Portail web
CMD-101735;01/10/2024;2024-10-05;06/11/2024;CLI-0081;EMP-502;ENT-MTL;BD-1075;2;84,91;15,70;59,74;Représentant
CMD-101823;10/10/2024;2024-10-19;04/11/2024;CLI-0195;EMP-506;ENT-MTL;BD-1102;1;416,56;14,10;255,33;Téléphone
CMD-101392;26/08/2024;2024-09-02;16/10/2024;CLI-0031;EMP-509;ENT-SAG;BD-1026;8;374,00;14,70;241,74;Portail web
CMD-101560;12/09/2024;17/09/2024;18-nov-24;CLI-0055;EMP-506;ENT-SAG;BD-1015;4;490,44;7,60;318,69;Téléphone
CMD-101745;02/10/2024;10/10/2024;2024-10-26;CLI-0029;EMP-506;ENT-SAG;BD-1141;16;408,79;18,10;307,78;Représentant
CMD-102202;28/11/2024;05-déc-24;01/01/2025;CLI-0173;EMP-508;ENT-QC;BD-1156;3;261,66;13,40;161,25;Représentant
CMD-102297;2024-12-23;28/12/2024;29/01/2025;CLI-0198;EMP-504;ENT-QC;BD-1138;6;135,85;7,80;86,38;Représentant
CMD-102096;14/11/2024;20/11/2024;2025-01-21;CLI-0199;EMP-504;ENT-MTL;BD-1146;3;314,56;16,20;220,88;Représentant
CMD-102200;2024-11-28;30/11/2024;20/01/2025;CLI-0076;EMP-507;ENT-SAG;BD-1052;5;238,84;22,20;179,27;Portail web
CMD-102326;31/12/2024;06/01/2025;2025-02-20;CLI-0081;EMP-502;ENT-QC;BD-1141;2;427,03;14,50;307,78;Représentant
CMD-102251;10/12/2024;2024-12-18;12/01/2025;CLI-0049;EMP-508;ENT-MTL;BD-1100;6;459,75;14,30;306,44;Portail web
CMD-102145;20/11/2024;22/11/2024;2025-01-22;CLI-0037;EMP-504;ENT-MTL;BD-1074;19;158,69;18,30;108,27;Portail web
CMD-100373;28/03/2024;02/04/2024;25-avr-24;CLI-0088;EMP-504;ENT-QC;BD-1160;3;68,25;13,30;40,71;Représentant
CMD-100413;03/04/2024;12/04/2024;30-avr-24;CLI-0011;EMP-507;ENT-QC;BD-1160;8;75,05;4,70;40,71;Portail web
CMD-100347;2024-03-25;31/03/2024;08/05/2024;CLI-0104;EMP-501;ENT-QC;BD-1033;4;174,67;6,80;110,89;Téléphone
CMD-100770;22-mai-24;31/05/2024;30/06/2024;CLI-0204;EMP-506;ENT-QC;BD-1181;6;599,92;4,00;305,97;Courriel
CMD-101112;15/07/2024;24/07/2024;19/08/2024;CLI-0003;EMP-508;ENT-MTL;BD-1021;3;352,90;3,00;201,55;Représentant
CMD-100485;12/04/2024;17/04/2024;19/05/2024;CLI-0074;EMP-507;ENT-QC;BD-1102;12;383,25;20,90;255,33;Représentant
CMD-101715;30/09/2024;04/10/2024;01-nov-24;CLI-0080;EMP-506;ENT-QC;BD-1079;1;223,83;15,10;144,83;Téléphone
CMD-102151;21/11/2024;29-nov-24;10/12/2024;CLI-0056;EMP-502;ENT-QC;BD-1127;3;246,48;18,20;170,72;Portail web
CMD-101675;25/09/2024;2024-10-01;05/11/2024;CLI-0043;EMP-506;ENT-MTL;BD-1132;24;178,50;10,10;125,81;Téléphone
CMD-100410;03/04/2024;2024-04-08;11/05/2024;CLI-0089;EMP-502;ENT-MTL;BD-1175;11;127,93;24,60;94,86;Téléphone
CMD-100096;2024-01-30;02/02/2024;13/03/2024;CLI-0153;EMP-507;ENT-MTL;BD-1151;4;138,18;13,10;90,35;Représentant
CMD-100241;06/03/2024;12/03/2024;2024-04-12;CLI-0007;EMP-508;ENT-QC;BD-1061;6;110,58;6,40;75,23;Portail web
CMD-100736;17/05/2024;22/05/2024;2024-06-22;CLI-0220;EMP-506;ENT-SAG;BD-1146;6;322,25;14,20;220,88;Représentant
CMD-101376;23/08/2024;2024-08-27;26/10/2024;CLI-0001;EMP-508;ENT-QC;BD-1052;2;294,92;4,00;179,27;Portail web
CMD-101042;2024-07-01;05/07/2024;26/07/2024;CLI-0033;EMP-504;ENT-MTL;BD-1042;4;371,52;15,80;261,53;Téléphone
CMD-101982;2024-10-29;01/11/2024;10/12/2024;CLI-0137;EMP-503;ENT-QC;BD-1086;9;106,68;22,60;80,72;Représentant
CMD-101615;17/09/2024;24/09/2024;2024-11-21;CLI-0199;EMP-504;ENT-MTL;BD-1103;1;200,15;12,10;151,66;Représentant
CMD-100593;30/04/2024;08/05/2024;2024-06-17;CLI-0130;EMP-508;ENT-QC;BD-1166;5;333,09;19,80;212,88;Représentant
CMD-102155;21/11/2024;2024-11-28;31/12/2024;CLI-0062;EMP-507;ENT-QC;BD-1152;3;404,55;15,90;265,82;Représentant
CMD-100391;01/04/2024;2024-04-09;;CLI-0012;EMP-501;ENT-SAG;BD-1007;11;79,31;23,20;55,96;Portail web
CMD-100038;11/01/2024;2024-01-20;29/02/2024;CLI-0022;EMP-506;ENT-QC;BD-1068;4;530,55;5,90;284,28;Représentant
CMD-101525;10-sept-24;19/09/2024;24/10/2024;CLI-0029;EMP-506;ENT-MTL;BD-1172;7;320,71;23,40;216,67;Représentant
CMD-101729;30/09/2024;09/10/2024;04-nov-24;CLI-0146;EMP-503;ENT-MTL;BD-1084;8;502,85;13,40;312,00;Représentant
CMD-101307;15/08/2024;2024-08-20;02/10/2024;CLI-0194;EMP-506;ENT-QC;BD-1022;1;413,88;8,90;247,74;Portail web
CMD-101773;03/10/2024;2024-10-12;16/11/2024;CLI-0132;EMP-507;ENT-QC;BD-1174;2;246,50;16,50;165,53;Représentant
CMD-100571;25/04/2024;2024-05-04;07/06/2024;CLI-0089;EMP-502;ENT-QC;BD-1056;4;378,58;23,00;287,11;Représentant
CMD-102097;14/11/2024;2024-11-23;19/12/2024;CLI-0037;EMP-504;ENT-SAG;BD-1074;2;154,05;20,70;108,27;Représentant
CMD-101822;10/10/2024;16/10/2024;2024-11-24;CLI-0133;EMP-508;ENT-SAG;BD-1039;12;168,73;14,80;119,66;Représentant
CMD-100855;03/06/2024;2024-06-07;03/07/2024;CLI-0069;EMP-508;ENT-QC;BD-1180;4;184,55;2,50;93,34;Représentant
CMD-102111;2024-11-15;23/11/2024;27/12/2024;CLI-0126;EMP-502;ENT-QC;BD-1088;6;547,96;13,00;335,85;Représentant
CMD-102301;24-déc-24;29/12/2024;30/01/2025;CLI-0146;EMP-503;ENT-QC;BD-1046;2;401,29;15,90;308,91;Représentant
CMD-100360;27/03/2024;2024-04-02;07/05/2024;CLI-0012;EMP-501;ENT-QC;BD-1177;7;314,46;22,90;211,22;Portail web
CMD-101533;10/09/2024;12/09/2024;31-oct-24;CLI-0161;EMP-508;ENT-MTL;BD-1046;1;441,48;7,50;308,91;Représentant
CMD-100495;15/04/2024;18/04/2024;10-juin-24;CLI-0143;EMP-503;ENT-MTL;BD-1173;3;349,84;12,20;207,98;Portail web
CMD-101945;24/10/2024;02-nov-24;08/12/2024;CLI-0012;EMP-501;ENT-QC;BD-1150;9;486,90;22,20;339,92;Portail web
CMD-100349;25/03/2024;01/04/2024;11-mai-24;CLI-0173;EMP-508;ENT-SAG;BD-1159;12;246,15;14,80;166,16;Portail web
CMD-101486;05/09/2024;2024-09-13;;CLI-0195;EMP-506;ENT-SAG;BD-1057;1;26,72;10,40;19,26;Représentant
CMD-101827;11/10/2024;2024-10-14;22/11/2024;  CLI-0010;EMP-504;ENT-QC;BD-1101;4;101,14;6,80;62,94;Téléphone
CMD-100742;20-mai-24;27/05/2024;29/06/2024;CLI-0084;EMP-503;ENT-MTL;BD-1031;4;436,39;16,00;294,44;Téléphone
CMD-101546;11/09/2024;2024-09-15;25/10/2024;CLI-0188;EMP-506;ENT-SAG;BD-1085;6;57,30;14,70;40,90;Téléphone
CMD-100963;18/06/2024;23/06/2024;12/07/2024;CLI-0150;EMP-502;ENT-QC;BD-1052;2;282,74;7,90;179,27;Téléphone
CMD-100489;12-avr-24;15/04/2024;11/05/2024;CLI-0209;EMP-508;ENT-MTL;BD-1038;5;410,43;25,60;313,36;Courriel
CMD-101860;15/10/2024;2024-10-23;16/11/2024;CLI-0196;EMP-506;ENT-MTL;BD-1149;4;168,35;8,10;108,85;Portail web
CMD-100936;2024-06-14;19/06/2024;25/07/2024;CLI-0089;EMP-502;ENT-SAG;BD-1107;8;173,56;21,20;147,44;Courriel
CMD-101874;2024-10-16;25/10/2024;27/11/2024;CLI-0040;EMP-509;ENT-QC;BD-1140;8;55,48;12,70;40,41;Représentant
CMD-102244;2024-12-09;12/12/2024;;CLI-0211;EMP-504;ENT-SAG;BD-1092;12;234,93;16,80;140,04;Téléphone
CMD-100920;12/06/2024;2024-06-14;16/07/2024;CLI-0190;EMP-504;ENT-QC;BD-1125;3;415,75;5,50;285,25;Courriel
CMD-100343;23/03/2024;30/03/2024;2024-04-25;CLI-0091;EMP-504;ENT-QC;BD-1115;12;68,06;8,90;46,26;Courriel
CMD-101093;10/07/2024;16/07/2024;22-août-24;CLI-0080;EMP-506;ENT-QC;BD-1178;12;177,07;13,80;116,97;Portail web
CMD-100341;22/03/2024;2024-03-26;30/04/2024;CLI-0200;EMP-509;ENT-QC;BD-1119;2;79,63;13,30;58,44;Salon
CMD-101875;16/10/2024;21/10/2024;2024-11-23;CLI-0042;EMP-505;ENT-QC;BD-1154;8;461,38;13,70;323,13;Téléphone
CMD-100674;10/05/2024;18/05/2024;2024-06-30;CLI-0083;EMP-507;ENT-QC;BD-1024;6;306,59;8,30;185,46;Représentant
CMD-100698;2024-05-13;21/05/2024;11/06/2024;CLI-0219;EMP-505;ENT-MTL;BD-1122;2;319,38;6,40;208,30;Courriel
CMD-101362;21/08/2024;28/08/2024;21-sept-24;CLI-0086;EMP-502;ENT-QC;BD-1015;2;509,64;4,00;318,69;Portail web
CMD-101750;02/10/2024;06/10/2024;2024-11-20;CLI-0076;EMP-507;ENT-SAG;BD-1075;8;77,72;22,90;59,74;Salon
CMD-102119;18/11/2024;26/11/2024;2024-12-28;CLI-0116;EMP-509;ENT-SAG;BD-1122;12;284,95;16,50;208,30;
CMD-100625;03/05/2024;07/05/2024;2024-06-27;CLI-0130;EMP-508;ENT-QC;BD-1028;31;187,99;20,50;140,77;Portail web
CMD-101710;27/09/2024;04/10/2024;29/10/2024;CLI-0026;EMP-506;ENT-QC;BD-1061;4;102,13;13,50;75,23;Portail web
CMD-101436;30/08/2024;03/09/2024;07/10/2024;CLI-0141;EMP-502;ENT-MTL;BD-1026;8;369,54;15,70;241,74;Représentant
CMD-101561;2024-09-12;20/09/2024;18/10/2024;CLI-0037;EMP-504;ENT-SAG;BD-1036;2;190,79;25,70;159,06;Représentant
CMD-101173;29/07/2024;31/07/2024;2024-08-28;CLI-0121;EMP-508;ENT-SAG;BD-1011;2;440,54;16,10;288,46;Téléphone
CMD-100975;19/06/2024;2024-06-24;02/09/2024;CLI-0130;EMP-508;ENT-MTL;BD-1126;13;160,78;20,60;130,29;Représentant
CMD-102100;14-nov-24;17/11/2024;05/12/2024;CLI-0161;EMP-508;ENT-MTL;BD-1085;6;61,50;8,50;40,90;Représentant
CMD-100642;2024-05-07;13/05/2024;14/06/2024;CLI-0089;EMP-502;ENT-SAG;BD-1026;9;325,36;25,80;241,74;Représentant
CMD-101136;22/07/2024;24/07/2024;28/08/2024;CLI-0009;EMP-502;ENT-MTL;BD-1161;17;104,00;23,00;62,84;Portail web
CMD-100210;29/02/2024;2024-03-09;16/04/2024;CLI-0053;EMP-509;ENT-QC;BD-1096;4;252,76;14,60;170,74;Portail web
CMD-101226;05/08/2024;2024-08-13;07/10/2024;CLI-0029;EMP-506;ENT-QC;BD-1165;13;136,37;25,90;105,70;Représentant
CMD-101976;29/10/2024;31/10/2024;2025-01-06;CLI-0106;EMP-501;ENT-QC;BD-1136;24;183,59;11,60;110,14;Portail web
CMD-100888;07/06/2024;2024-06-11;18/07/2024;CLI-0194;EMP-506;ENT-MTL;BD-1060;24;367,52;7,10;241,90;Représentant
CMD-100794;2024-05-27;01/06/2024;05/07/2024;CLI-0012;EMP-501;ENT-MTL;BD-1141;14;372,38;25,40;307,78;Représentant
CMD-100837;31/05/2024;2024-06-07;22/07/2024;CLI-0146;EMP-503;ENT-MTL;BD-1062;2;151,77;15,50;112,54;Représentant
CMD-101252;08/08/2024;2024-08-14;03/09/2024;CLI-0076;EMP-507;ENT-QC;BD-1018;16;364,09;21,70;242,09;Représentant
CMD-101747;02/10/2024;2024-10-09;31/10/2024;CLI-0009;EMP-502;ENT-QC;BD-1089;44;240,01;24,20;157,64;Portail web
CMD-100912;12/06/2024;2024-06-18;26/07/2024;CLI-0103;EMP-502;ENT-MTL;BD-1049;24;51,68;5,40;30,58;Téléphone
CMD-101103;12/07/2024;18/07/2024;20/08/2024;CLI-0139;EMP-506;ENT-QC;BD-1013;4;458,86;11,10;308,85;Portail web
CMD-102028;04/11/2024;08-nov-24;18/12/2024;CLI-0089;EMP-502;ENT-QC;BD-1096;8;234,79;20,70;170,74;Portail web
CMD-102124;18-nov-24;27/11/2024;04/01/2025;CLI-0078;EMP-504;ENT-MTL;BD-1016;3;388,51;6,00;219,41;Portail web
CMD-101814;09/10/2024;16/10/2024;2024-12-26;CLI-0186;EMP-507;ENT-MTL;BD-1152;2;452,32;6,00;265,82;Portail web
CMD-102065;08/11/2024;2024-11-14;18/12/2024;CLI-0212;EMP-507;ENT-MTL;BD-1078;2;294,86;23,10;197,64;Portail web
CMD-101205;01/08/2024;2024-08-08;18/09/2024;CLI-0047;EMP-508;ENT-MTL;BD-1064;2;107,24;14,40;69,43;Portail web
CMD-100168;2024-02-19;28/02/2024;04/04/2024;CLI-0082;EMP-504;ENT-QC;BD-1101;3;102,78;5,30;62,94;Téléphone
CMD-100636;06-mai-24;12/05/2024;27/06/2024;CLI-0217;EMP-506;ENT-MTL;BD-1056;11;394,75;19,70;287,11;Portail web
CMD-100257;2024-03-08;10/03/2024;24/03/2024;CLI-0127;EMP-503;ENT-QC;BD-1176;12;541,02;14,20;322,02;Téléphone
CMD-102268;13/12/2024;22/12/2024;04/02/2025;CLI-0209;EMP-508;ENT-MTL;BD-1038;14;432,31;21,70;313,36;Courriel
CMD-101308;15/08/2024;2024-08-20;16/09/2024;CLI-0182;EMP-503;ENT-MTL;BD-1055;4;287,75;12,40;209,35;Courriel
CMD-100980;20/06/2024;2024-06-27;13/07/2024;CLI-0048;EMP-508;ENT-MTL;BD-1010;3;145,61;10,70;87,08;Représentant
CMD-100496;2024-04-15;23/04/2024;24/05/2024;CLI-0137;EMP-503;ENT-MTL;BD-1040;3;339,32;23,00;268,77;Portail web
CMD-100833;2024-05-30;02/06/2024;25/06/2024;CLI-0212;EMP-507;ENT-QC;BD-1020;5;46,21;19,60;32,44;Téléphone
CMD-101161;26/07/2024;01/08/2024;2024-09-29;CLI-0173;EMP-508;ENT-QC;BD-1112;4;96,42;16,10;65,64;Représentant
CMD-101967;28/10/2024;2024-11-02;29/11/2024;CLI-0059;EMP-504;ENT-MTL;BD-1149;17;136,49;25,50;108,85;Portail web
CMD-101860;15/10/2024;23-oct-24;16/11/2024;CLI-0196;EMP-506;ENT-MTL;BD-1087;3;354,61;8,10;211,22;Représentant
CMD-101772;03/10/2024;12/10/2024;06/12/2024;CLI-0010;EMP-504;ENT-MTL;BD-1071;1;514,67;3,60;301,72;Portail web
CMD-101878;2024-10-16;21/10/2024;13/11/2024;CLI-0056;EMP-502;ENT-MTL;BD-1140;21;49,56;22,00;40,41;Représentant
CMD-101572;13/09/2024;18/09/2024;2024-10-12;CLI-0084;EMP-503;ENT-QC;BD-1052;3;260,71;15,10;179,27;Représentant
CMD-100998;25/06/2024;03-juil-24;04/08/2024;CLI-0212;EMP-507;ENT-MTL;BD-1030;8;137,23;25,00;98,88;Portail web
CMD-100584;29/04/2024;06/05/2024;13-juin-24;CLI-0153;EMP-507;ENT-MTL;BD-1018;4;414,56;10,80;242,09;Courriel
CMD-100628;03-mai-24;05/05/2024;05/07/2024;CLI-0095;EMP-505;ENT-QC;BD-1021;8;355,74;2,20;201,55;Représentant
CMD-100569;25/04/2024;30/04/2024;19/05/2024;CLI-0192;EMP-505;ENT-MTL;BD-1044;6;308,24;4,60;195,45;Portail web
CMD-101659;2024-09-23;25/09/2024;01/10/2024;CLI-0064;EMP-504;ENT-QC;BD-1044;3;313,26;3,00;195,45;Représentant
CMD-102243;07/12/2024;09-déc-24;17/01/2025;CLI-0111;EMP-507;ENT-MTL;BD-1115;3;72,52;2,90;46,26;Courriel
CMD-101428;30/08/2024;08/09/2024;28-sept-24;CLI-0166;EMP-503;ENT-SAG;BD-1038;1;470,82;14,70;313,36;Téléphone
CMD-102059;2024-11-08;13/11/2024;28/12/2024;CLI-0044;EMP-505;ENT-QC;BD-1068;12;502,77;10,80;284,28;Téléphone
CMD-100363;2024-03-27;05/04/2024;09/05/2024;CLI-0168;EMP-509;ENT-SAG;BD-1070;6;74,04;2,80;39,88;Portail web
CMD-102138;19/11/2024;24/11/2024;29-déc-24;CLI-0173;EMP-508;ENT-MTL;BD-1004;2;239,40;12,70;155,56;Représentant
CMD-101147;2024-07-23;28/07/2024;17/09/2024;CLI-0059;EMP-504;ENT-QC;BD-1021;3;285,67;21,50;201,55;N/A
CMD-100225;04/03/2024;2024-03-11;;CLI-0206;EMP-503;ENT-SAG;BD-1029;6;341,35;12,90;238,44;Salon
CMD-102286;2024-12-18;21/12/2024;29/01/2025;CLI-0135;EMP-506;ENT-SAG;BD-1144;24;149,91;16,00;96,31;Téléphone
CMD-101866;15-oct-24;24/10/2024;09/12/2024;CLI-0067;EMP-502;ENT-SAG;BD-1155;2;464,99;14,20;322,38;Représentant
CMD-100043;12/01/2024;16/01/2024;2024-02-17;CLI-0130;EMP-508;ENT-MTL;BD-1114;9;191,09;24,40;149,59;Portail web
CMD-101275;2024-08-12;21/08/2024;21/09/2024;CLI-0213;EMP-508;ENT-MTL;BD-1037;8;28,97;3,20;16,31;Représentant
CMD-101211;02/08/2024;05/08/2024;2024-08-30;CLI-0212;EMP-507;ENT-QC;BD-1113;7;320,66;24,90;276,01;Téléphone
CMD-101380;23/08/2024;28-août-24;29/09/2024;CLI-0068;EMP-505;ENT-QC;BD-1111;3;216,21;2,40;145,84;Téléphone
CMD-100394;01/04/2024;2024-04-10;02/05/2024;CLI-0093;EMP-508;ENT-QC;BD-1043;2;442,53;16,20;294,10;Représentant
CMD-100589;30/04/2024;02-mai-24;19/06/2024;CLI-0112;EMP-505;ENT-QC;BD-1053;2;290,56;11,20;176,84;Représentant
CMD-101474;2024-09-04;12/09/2024;03/10/2024;CLI-0085;EMP-503;ENT-QC;BD-1063;4;355,33;3,50;242,15;Représentant
CMD-102295;20-déc-24;22/12/2024;12/02/2025;CLI-0101;EMP-509;ENT-MTL;BD-1127;3;279,01;7,40;170,72;Téléphone
CMD-100449;08/04/2024;10/04/2024;;CLI-0077;EMP-501;ENT-QC;BD-1043;3;513,71;2,70;294,10;Téléphone
CMD-102071;11/11/2024;2024-11-18;26/11/2024;CLI-0153;EMP-507;ENT-MTL;BD-1129;3;60,18;16,30;45,49;Représentant
CMD-101144;22/07/2024;2024-07-27;04/09/2024;CLI-0040;EMP-509;ENT-QC;BD-1106;3;471,58;11,10;333,09;Représentant
CMD-102326;31/12/2024;2025-01-06;20/02/2025;CLI-0081;EMP-502;ENT-QC;BD-1066;4;294,66;14,50;199,26;Représentant
CMD-100356;26/03/2024;2024-04-02;28/05/2024;CLI-0174;EMP-502;ENT-QC;BD-1048;24;46,87;8,50;32,82;Représentant
CMD-100834;30/05/2024;02/06/2024;19-juin-24;CLI-0132;EMP-507;ENT-SAG;BD-1110;6;254,53;10,40;178,91;Représentant
CMD-101178;2024-07-29;05/08/2024;17/08/2024;CLI-0131;EMP-502;ENT-QC;BD-1109;1;409,32;11,00;303,82;Portail web
CMD-101673;25/09/2024;28/09/2024;11/11/2024;CLI-0130;EMP-508;ENT-MTL;BD-1049;14;42,97;21,40;30,58;Représentant
CMD-100117;05/02/2024;14-févr-24;07/03/2024;CLI-0032;EMP-504;ENT-MTL;BD-1054;24;452,83;2,80;257,53;Portail web
CMD-100057;17/01/2024;21-janv-24;07/03/2024;CLI-0076;EMP-507;ENT-QC;BD-1017;14;454,95;19,30;307,26;Représentant
CMD-100636;2024-05-06;12/05/2024;27/06/2024;CLI-0217;EMP-506;ENT-MTL;BD-1148;78;369,10;19,70;296,06;Portail web
CMD-100035;2024-01-10;16/01/2024;06/03/2024;CLI-0009;EMP-502;ENT-MTL;BD-1052;80;239,16;22,10;179,27;Téléphone
CMD-102045;06/11/2024;13/11/2024;26/12/2024;CLI-0032;EMP-504;ENT-MTL;BD-1147;3;581,71;2,70;339,78;Téléphone
CMD-100361;27-mars-24;03/04/2024;16/05/2024;CLI-0137;EMP-503;ENT-SAG;BD-1175;3;135,52;20,20;94,86;Représentant
CMD-100081;2024-01-25;30/01/2024;20/03/2024;CLI-0207;EMP-501;ENT-QC;BD-1160;4;72,77;7,60;40,71;Représentant
CMD-102003;31/10/2024;03-nov-24;02/01/2025;CLI-0041;EMP-508;ENT-MTL;BD-1012;2;104,20;14,40;68,19;Représentant
CMD-100607;2024-05-01;07/05/2024;04/06/2024;CLI-0137;EMP-503;ENT-QC;BD-1024;15;255,81;23,40;185,46;Représentant
CMD-100908;2024-06-11;18/06/2024;09/07/2024;CLI-0092;EMP-508;ENT-MTL;BD-1009;4;102,96;2,10;66,28;Représentant
CMD-101714;28/09/2024;02/10/2024;2024-11-09;CLI-0212;EMP-507;ENT-MTL;BD-1016;26;320,74;22,40;219,41;Portail web
CMD-102016;2024-11-01;10/11/2024;02/12/2024;CLI-0122;EMP-505;ENT-QC;BD-1094;1;199,29;2,20;121,74;Représentant
CMD-100697;13/05/2024;18/05/2024;23-juin-24;CLI-0169;EMP-507;ENT-QC;BD-1003;6;265,90;10,80;188,61;Représentant
CMD-101367;22/08/2024;25/08/2024;;CLI-0099;EMP-505;ENT-SAG;BD-1091;12;422,48;25,60;279,07;Représentant
CMD-101874;16-oct-24;25/10/2024;27/11/2024;CLI-0040;EMP-509;ENT-QC;BD-1180;3;165,34;12,70;93,34;Représentant
CMD-101184;2024-07-30;07/08/2024;;CLI-0107;EMP-506;ENT-QC;BD-1110;6;272,44;4,00;178,91;Portail web
CMD-100126;07/02/2024;09/02/2024;2024-04-07;CLI-0157;EMP-502;ENT-MTL;BD-1114;12;226,06;10,50;149,59;Portail web
CMD-100764;22/05/2024;27/05/2024;2024-07-28;CLI-0150;EMP-502;ENT-MTL;BD-1048;12;47,10;8,00;32,82;Téléphone
CMD-100806;28/05/2024;02/06/2024;2024-06-26;CLI-0210;EMP-503;ENT-QC;BD-1111;3;212,28;4,20;145,84;Courriel
CMD-100185;23/02/2024;01/03/2024;18-avr-24;CLI-0029;EMP-506;ENT-MTL;BD-1162;5;106,29;22,50;66,97;Portail web
CMD-100661;08/05/2024;2024-05-12;14/06/2024;CLI-0067;EMP-502;ENT-MTL;BD-1023;2;319,67;15,30;239,29;Représentant
CMD-100603;01/05/2024;05-mai-24;10/06/2024;CLI-0212;EMP-507;ENT-MTL;BD-1156;38;238,93;20,90;161,25;Portail web
CMD-101416;28/08/2024;2024-09-04;23/09/2024;CLI-0038;EMP-507;ENT-QC;BD-1033;6;158,88;15,20;110,89;Représentant
CMD-101277;12/08/2024;14/08/2024;2024-09-14;CLI-0083;EMP-507;ENT-QC;BD-1081;3;565,61;4,60;302,82;Représentant
CMD-101029;2024-06-28;03/07/2024;16/08/2024;CLI-0085;EMP-503;ENT-SAG;BD-1182;12;106,37;2,30;56,87;Représentant
CMD-100205;28/02/2024;05/03/2024;15/04/2024;CLI-0109;EMP-501;ENT-MTL;BD-1087;6;363,00;5,90;211,22;Courriel
CMD-100206;28/02/2024;02/03/2024;2024-03-31;CLI-0099;EMP-505;ENT-QC;BD-1174;25;239,95;18,70;165,53;Représentant
CMD-100596;2024-04-30;06/05/2024;31/05/2024;CLI-0193;EMP-509;ENT-MTL;BD-1043;3;449,24;14,90;294,10;Représentant
CMD-101642;20/09/2024;28/09/2024;2024-10-14;CLI-0130;EMP-508;ENT-MTL;BD-1179;2;322,63;25,20;226,59;Téléphone
CMD-100966;18/06/2024;2024-06-26;13/08/2024;CLI-0140;EMP-502;ENT-MTL;BD-1156;8;294,71;2,50;161,25;Portail web
CMD-102127;2024-11-19;21/11/2024;13/12/2024;CLI-0046;EMP-508;ENT-MTL;BD-1098;12;430,37;2,40;257,11;Représentant
CMD-101455;02/09/2024;08/09/2024;31/10/2024;CLI-0063;EMP-503;ENT-MTL;BD-1097;4;327,51;11,00;210,05;Représentant
CMD-100463;10/04/2024;2024-04-13;10/05/2024;CLI-0130;EMP-508;ENT-MTL;BD-1049;20;43,34;20,70;30,58;Représentant
CMD-100727;16/05/2024;21/05/2024;2024-05-27;CLI-0187;EMP-507;ENT-MTL;BD-1004;3;240,70;12,20;155,56;Portail web
CMD-100376;28/03/2024;2024-04-04;15/05/2024;CLI-0217;EMP-506;ENT-MTL;BD-1159;66;228,14;21,10;166,16;Représentant
CMD-101890;17/10/2024;22/10/2024;20-nov-24;CLI-0212;EMP-507;ENT-MTL;BD-1077;6;264,66;22,60;167,57;Représentant
CMD-100321;20/03/2024;2024-03-23;15/05/2024;CLI-0037;EMP-504;ENT-SAG;BD-1158;15;275,67;21,10;180,81;Téléphone
CMD-102205;29/11/2024;05-déc-24;31/12/2024;CLI-0090;EMP-505;ENT-MTL;BD-1143;12;320,47;14,60;215,92;Représentant
CMD-100901;10-juin-24;17/06/2024;07/08/2024;CLI-0188;EMP-506;ENT-QC;BD-1056;3;408,70;16,90;287,11;Représentant
CMD-101269;10/08/2024;2024-08-14;05/09/2024;CLI-0169;EMP-507;ENT-QC;BD-1027;2;391,51;14,50;249,72;Portail web
CMD-101436;2024-08-30;03/09/2024;07/10/2024;CLI-0141;EMP-502;ENT-MTL;BD-1112;4;96,84;15,70;65,64;Téléphone
CMD-101183;30/07/2024;2024-08-01;08/09/2024;CLI-0141;EMP-502;ENT-SAG;BD-1017;8;471,06;16,40;307,26;Représentant
CMD-101628;19/09/2024;2024-09-21;27/10/2024;CLI-0019;EMP-502;ENT-MTL;BD-1069;6;369,74;7,30;198,50;Représentant
CMD-100976;20/06/2024;27/06/2024;30/07/2024;CLI-0074;EMP-507;ENT-SAG;BD-1125;50;338,81;23,00;285,25;Représentant
CMD-100832;30/05/2024;03/06/2024;2024-07-12;CLI-0080;EMP-506;ENT-SAG;BD-1018;6;414,17;10,90;242,09;Portail web
CMD-101656;2024-09-23;27/09/2024;14/11/2024;CLI-0078;EMP-504;ENT-SAG;BD-1177;24;389,03;4,60;211,22; 
CMD-101064;04/07/2024;08/07/2024;17-août-24;CLI-0153;EMP-507;ENT-MTL;BD-1017;4;486,43;13,70;307,26;Courriel
CMD-100667;09/05/2024;2024-05-11;02/07/2024;CLI-0212;EMP-507;ENT-QC;BD-1110;16;232,75;18,00;178,91;Représentant
CMD-101335;19-août-24;28/08/2024;12/09/2024;CLI-0113;EMP-505;ENT-MTL;BD-1178;2;189,07;7,90;116,97;Téléphone
CMD-100321;20/03/2024;23/03/2024;2024-05-15;CLI-0037;EMP-504;ENT-SAG;BD-1148;8;362,74;21,10;296,06;Courriel
CMD-100373;2024-03-28;02/04/2024;25/04/2024;CLI-0088;EMP-504;ENT-QC;BD-1118;6;430,76;13,30;336,11;Portail web
CMD-101323;2024-08-16;20/08/2024;12/09/2024;CLI-0054;EMP-507;ENT-QC;BD-1041;4;219,30;13,50;159,88;Représentant
CMD-101922;22/10/2024;24/10/2024;2024-12-12;CLI-0152;EMP-503;ENT-MTL;BD-1081;4;548,33;7,50;302,82;Représentant
CMD-101754;03/10/2024;2024-10-10;29/10/2024;CLI-0081;EMP-502;ENT-QC;BD-1132;8;176,78;11,00;125,81;Portail web
CMD-101682;25/09/2024;2024-09-29;;CLI-0216;EMP-503;ENT-QC;BD-1042;4;432,20;2,10;261,53;Portail web
CMD-101037;29/06/2024;2024-07-04;19/08/2024;CLI-0090;EMP-505;ENT-MTL;BD-1060;3;354,24;10,50;241,90;Représentant
CMD-100886;2024-06-07;09/06/2024;02/07/2024;CLI-0130;EMP-508;ENT-QC;BD-1141;16;376,93;24,50;307,78;Représentant
CMD-101256;08/08/2024;14/08/2024;05-oct-24;CLI-0192;EMP-505;ENT-QC;BD-1101;4;101,51;6,40;62,94;Portail web
CMD-100991;24/06/2024;28/06/2024;19/08/2024;CLI-0028;EMP-509;ENT-QC;BD-1118;1;464,26;6,60;336,11;Représentant
CMD-101679;2024-09-25;02/10/2024;26/10/2024;CLI-0185;EMP-508;ENT-MTL;BD-1101;5;84,67;22,00;62,94;Portail web
CMD-101496;06/09/2024;2024-09-14;17/09/2024;CLI-0164;EMP-509;ENT-MTL;BD-1110;3;273,04;3,80;178,91;Représentant
CMD-101261;09/08/2024;2024-08-14;06/10/2024;CLI-0099;EMP-505;ENT-QC;BD-1077;4;276,87;19,00;167,57;Représentant
CMD-101291;13/08/2024;17/08/2024;17/09/2024;CLI-0148;EMP-501;ENT-QC;BD-1061;8;104,21;11,80;75,23;Portail web
CMD-101988;2024-10-30;04/11/2024;25/12/2024;CLI-0110;EMP-507;ENT-MTL;BD-1136;4;196,21;5,50;110,14;Téléphone
CMD-100959;18/06/2024;22/06/2024;03-août-24;CLI-0131;EMP-502;ENT-MTL;BD-1116;8;76,34;13,90;58,93;Courriel
CMD-100114;02-févr-24;05/02/2024;02/03/2024;CLI-0090;EMP-505;ENT-MTL;BD-1071;6;470,17;11,90;301,72;Représentant
CMD-101722;30/09/2024;2024-10-03;10/11/2024;CLI-0141;EMP-502;ENT-QC;BD-1096;3;261,32;11,80;170,74;Représentant
CMD-100250;07/03/2024;16/03/2024;02/04/2024;CLI-0091;EMP-504;ENT-MTL;BD-1145;8;177,10;3,80;108,83;Portail web
CMD-100303;16/03/2024;22/03/2024;2024-04-21;CLI-0185;EMP-508;ENT-MTL;BD-1075;26;75,24;25,30;59,74;Courriel
CMD-100492;12/04/2024;21-avr-24;01/05/2024;CLI-0129;EMP-508;ENT-QC;BD-1056;8;474,01;3,60;287,11;Représentant
CMD-100394;01/04/2024;10/04/2024;2024-05-02;CLI-0093;EMP-508;ENT-QC;BD-1036;8;215,31;16,20;159,06;Représentant
CMD-101607;17/09/2024;20/09/2024;25/10/2024;CLI-0076;EMP-507;ENT-QC;BD-1038;5;423,35;23,30;313,36;Représentant
CMD-100717;16/05/2024;18/05/2024;2024-06-24;CLI-0217;EMP-506;ENT-MTL;BD-1008;11;185,91;20,50;128,94;Représentant
CMD-100407;03/04/2024;12/04/2024;2024-05-14;CLI-0148;EMP-501;ENT-QC;BD-1061;8;100,70;14,80;75,23;Portail web
CMD-100702;2024-05-14;23/05/2024;25/06/2024;CLI-0082;EMP-504;ENT-QC;BD-1115;2;68,80;7,90;46,26;Représentant
CMD-100149;2024-02-14;17/02/2024;10/03/2024;CLI-0125;EMP-509;ENT-SAG;BD-1026;24;423,24;3,40;241,74;Représentant
CMD-100568;25/04/2024;29-avr-24;12/05/2024;CLI-0029;EMP-506;ENT-QC;BD-1051;9;99,03;23,60;78,12;Courriel
CMD-102101;14/11/2024;17/11/2024;06-janv-25;CLI-0142;EMP-508;ENT-MTL;BD-1024;4;311,24;6,90;185,46;Courriel
CMD-100162;16/02/2024;22/02/2024;2024-04-16;CLI-0105;EMP-502;ENT-MTL;BD-1171;4;150,29;5,10;83,70;Représentant
CMD-102325;31-déc-24;02/01/2025;07/02/2025;CLI-0137;EMP-503;ENT-SAG;BD-1052;6;245,75;20,00;179,27;Représentant
CMD-101289;13/08/2024;22/08/2024;2024-10-14;CLI-0130;EMP-508;ENT-QC;BD-1179;5;345,31;20,00;226,59;Représentant
CMD-100390;01/04/2024;08/04/2024;2024-05-01;CLI-0137;EMP-503;ENT-QC;BD-1040;9;354,08;19,70;268,77;Portail web

TOTAL GENERAL;;;;;;;;;;;;
Export du 31/12/2025 - Boréal Distribution inc.;;;;;;;;;;;;
