NO COMMANDE;DATE COMMANDE;DATE LIVRAISON;DATE PAIEMENT;CODE CLIENT;REPRESENTANT;ENTREPOT;CODE ARTICLE;QTE;PRIX UNITAIRE;REMISE %;COUT UNITAIRE;CANAL DE VENTE
CMD-102469;31/01/2025;2025-02-02;21/03/2025;CLI-0155;EMP-506;ENT-SAG;BD-1178;8;171,28;16,60;119,43;Représentant
CMD-103699;25/07/2025;01/08/2025;22/09/2025;CLI-0217;EMP-506;ENT-MTL;BD-1058;38;192,48;21,40;149,54;Représentant
CMD-104591;21/10/2025;28/10/2025;27/11/2025;CLI-0049;EMP-508;ENT-MTL;BD-1141;2;435,78;12,70;314,24;Représentant
CMD-103140;12-mai-25;14/05/2025;17/07/2025;CLI-0009 ;EMP-502;ENT-MTL;BD-1105;20;197,70;23,70;169,61;Portail web
CMD-102415;20/01/2025;24-janv-25;01/04/2025;CLI-0079;EMP-509;ENT-MTL;BD-1169;24;545,16;5,50;282,28;Courriel
CMD-104775;10/11/2025;12-nov-25;30/12/2025;CLI-0137;EMP-503;ENT-SAG;BD-1142;3;129,86;20,40;100,93;Représentant
CMD-103105;08/05/2025;2025-05-14;14/06/2025;CLI-0147;EMP-506;ENT-QC;BD-1032;12;516,46;5,60;409,59;Représentant
CMD-103947;25-août-25;28/08/2025;15/10/2025;CLI-0076;EMP-507;ENT-SAG;BD-1002;9;379,04;19,10;298,72;Courriel
CMD-103084;06-mai-25;12/05/2025;30/06/2025;CLI-0207;EMP-501;ENT-MTL;BD-1008;6;214,81;8,10;155,34;
CMD-104712;31/10/2025;2025-11-02;17/12/2025;CLI-0097;EMP-504;ENT-SAG;BD-1177;2;387,45;4,90;215,66;Téléphone
CMD-104071;08-sept-25;14/09/2025;03/11/2025;CLI-0169;EMP-507;ENT-MTL;BD-1079;2;235,58;10,70;147,87;Téléphone
CMD-105095;25/12/2025;2026-01-02;;CLI-0192;EMP-505;ENT-SAG;BD-1068;12;514,38;8,80;342,49;Représentant
CMD-103114;09/05/2025;16/05/2025;2025-06-28;CLI-0154;EMP-507;ENT-QC;BD-1153;2;179,71;10,40;116,00;Représentant
CMD-102608;2025-03-04;08/03/2025;31/03/2025;CLI-0185;EMP-508;ENT-QC;BD-1173;11;314,55;21,10;212,35;Représentant
CMD-105081;23/12/2025;26/12/2025;;CLI-0048;EMP-508;ENT-SAG;BD-1112;3;99,49;13,40;67,02;Courriel
CMD-103835;2025-08-13;21/08/2025;11/10/2025;CLI-0009;EMP-502;ENT-SAG;BD-1044;7;250,67;22,40;199,55;Représentant
CMD-103716;29/07/2025;04/08/2025;19-sept-25;CLI-0003;EMP-508;ENT-MTL;BD-1008;4;221,02;5,50;155,34;Représentant
CMD-103911;20/08/2025;28/08/2025;2025-10-17;CLI-0130;EMP-508;ENT-MTL;BD-1105;5;210,14;18,90;169,61;Courriel
CMD-103242;2025-05-23;31/05/2025;24/07/2025;CLI-0003;EMP-508;ENT-MTL;BD-1113;4;415,48;2,70;281,81;Représentant
CMD-102785;2025-03-28;03/04/2025;03/05/2025;CLI-0059;EMP-504;ENT-QC;BD-1098;8;346,45;21,40;262,51;Courriel
CMD-102692;14/03/2025;2025-03-18;;CLI-0072;EMP-501;ENT-QC;BD-1163;8;527,01;14,10;300,77;Représentant
CMD-103907;2025-08-20;24/08/2025;06/10/2025;CLI-0116;EMP-509;ENT-SAG;BD-1028;8;211,10;10,70;143,73;Représentant
CMD-103538;30/06/2025;07/07/2025;2025-08-27;CLI-0164;EMP-509;ENT-MTL;BD-1123;4;210,54;3,20;132,28;Représentant
CMD-102601;03/03/2025;06/03/2025;2025-05-18;CLI-0068;EMP-505;ENT-MTL;BD-1166;3;396,05;4,70;217,35;Portail web
CMD-104687;30/10/2025;08/11/2025;29-déc-25;CLI-0117;EMP-504;ENT-QC;BD-1172;3;406,35;2,90;221,22;Téléphone
CMD-102436;2025-01-24;02/02/2025;21/03/2025;CLI-0001;EMP-508;ENT-QC;BD-1163;2;565,07;7,90;300,77;Représentant
CMD-104911;26/11/2025;03-déc-25;;CLI-0130;EMP-508;ENT-MTL;BD-1086;19;108,23;21,40;97,25;Portail web
CMD-104395;04-oct-25;06/10/2025;15/11/2025;CLI-0185;EMP-508;ENT-MTL;BD-1128;7;115,11;20,50;78,87;Portail web
CMD-102750;24/03/2025;2025-03-26;02/05/2025;CLI-0074;EMP-507;ENT-QC;BD-1181;69;491,34;21,40;312,40;Représentant
CMD-102531;2025-02-14;18/02/2025;13/04/2025;CLI-0033;EMP-504;ENT-QC;BD-1165;12;164,37;10,70;107,92;Portail web
CMD-102475;2025-02-03;10/02/2025;30/03/2025;CLI-0054;EMP-507;ENT-SAG;BD-1125;8;374,11;15,00;291,24;Portail web
CMD-104687;30/10/2025;2025-11-08;29/12/2025;CLI-0117;EMP-504;ENT-QC;BD-1181;4;606,55;2,90;312,40;Courriel
CMD-103244;2025-05-23;25/05/2025;05/07/2025;CLI-0012;EMP-501;ENT-QC;BD-1019;4;235,02;21,90;205,07;Téléphone
CMD-103288;28/05/2025;30/05/2025;23/07/2025;CLI-0032;EMP-504;ENT-SAG;BD-1010;1;154,42;5,30;88,91;Téléphone
CMD-103440;17/06/2025;22/06/2025;03-août-25;CLI-0029;EMP-506;ENT-SAG;BD-1122;18;274,35;19,60;212,67;Portail web
CMD-104230;19/09/2025;26/09/2025;;CLI-0066;EMP-507;ENT-MTL;BD-1121;4;66,69;14,30;44,65;Portail web
CMD-104978;2025-12-04;06/12/2025;;CLI-0102;EMP-506;ENT-MTL;BD-1129;6;69,60;3,20;46,45;Représentant
CMD-103534;28/06/2025;07/07/2025;22/08/2025;CLI-0089;EMP-502;ENT-QC;BD-1124;25;197,62;22,50;153,77;Courriel
CMD-103423;14/06/2025;2025-06-21;06/08/2025;CLI-0161;EMP-508;ENT-QC;BD-1045;12;121,80;7,10;78,37;Portail web
CMD-102921;16/04/2025;21/04/2025;14-juil-25;CLI-0088;EMP-504;ENT-MTL;BD-1050;24;422,76;16,10;297,82;Portail web
CMD-103050;01/05/2025;09-mai-25;27/06/2025;CLI-0187;EMP-507;ENT-QC;BD-1176;4;530,99;15,80;328,78;Téléphone
CMD-102976;2025-04-23;30/04/2025;01/06/2025;CLI-0047;EMP-508;ENT-QC;BD-1029;12;326,29;16,70;243,45;Téléphone
CMD-104330;2025-09-29;01/10/2025;20/11/2025;CLI-0089;EMP-502;ENT-QC;BD-1096;6;234,51;20,80;205,70;Portail web
CMD-104091;09/09/2025;14/09/2025;2025-10-13;CLI-0073;EMP-501;ENT-MTL;BD-1075;6;84,85;15,80;71,97;Courriel
CMD-102484;04/02/2025;2025-02-08;21/03/2025;CLI-0151;EMP-504;ENT-QC;BD-1133;12;93,53;7,70;62,95;Téléphone
CMD-102526;14-févr-25;17/02/2025;02/04/2025;CLI-0061;EMP-503;ENT-MTL;BD-1110;3;242,54;14,60;182,67;Portail web
CMD-103919;20/08/2025;2025-08-22;04/09/2025;CLI-0002;EMP-509;ENT-QC;BD-1037;4;28,53;4,60;16,65;Téléphone
CMD-102778;28/03/2025;31/03/2025;2025-06-23;CLI-0048;EMP-508;ENT-MTL;BD-1090;3;81,46;15,00;58,79;Portail web
CMD-102833;03/04/2025;2025-04-06;31/05/2025;CLI-0037;EMP-504;ENT-MTL;BD-1053;4;264,74;19,10;180,55;Représentant
CMD-104856;2025-11-19;24/11/2025;;CLI-0124;EMP-509;ENT-SAG;BD-1132;8;191,33;3,70;128,45;Représentant
CMD-102864;08/04/2025;2025-04-12;31/05/2025;CLI-0160;EMP-508;ENT-QC;BD-1166;6;381,48;8,20;217,35;Représentant
CMD-103727;31/07/2025;07/08/2025;2025-09-20;CLI-0116;EMP-509;ENT-QC;BD-1105;2;226,43;12,60;169,61;Téléphone
CMD-102662;11/03/2025;15/03/2025;13-mai-25;CLI-0036;EMP-505;ENT-QC;BD-1182;4;97,56;10,40;58,06;Représentant
CMD-103461;19/06/2025;2025-06-24;26/07/2025;CLI-0211;EMP-504;ENT-SAG;BD-1001;4;288,83;13,80;219,63;Représentant
CMD-103510;26/06/2025;03/07/2025;05-août-25;CLI-0113;EMP-505;ENT-QC;BD-1105;3;238,40;8,00;169,61;Représentant
CMD-102538;17/02/2025;19-févr-25;24/03/2025;CLI-0132;EMP-507;ENT-MTL;BD-1011;2;436,66;16,90;294,52;Représentant
CMD-104927;27/11/2025;05/12/2025;;CLI-0148;EMP-501;ENT-QC;BD-1084;2;497,91;14,20;375,89;Représentant
CMD-102650;10/03/2025;15/03/2025;2025-05-22;CLI-0139;EMP-506;ENT-QC;BD-1069;8;354,71;11,00;202,67;Téléphone
CMD-104307;26/09/2025;29-sept-25;06/12/2025;CLI-0012;EMP-501;ENT-QC;BD-1139;25;294,00;18,00;203,11;Portail web
CMD-103672;21/07/2025;29/07/2025;2025-09-30;CLI-0052;EMP-504;ENT-QC;BD-1125;12;369,63;16,00;291,24;Portail web
CMD-103555;01/07/2025;2025-07-09;03/08/2025;CLI-0008;EMP-506;ENT-QC;BD-1022;6;441,08;2,90;298,47;Portail web
CMD-104263;23/09/2025;25/09/2025;09/11/2025;CLI-0045;EMP-502;ENT-MTL;BD-1149;3;161,38;11,90;111,14;Téléphone
CMD-102627;2025-03-05;08/03/2025;01/05/2025;CLI-0179;EMP-509;ENT-MTL;BD-1035;4;44,21;8,60;30,63;Représentant
CMD-103872;16/08/2025;2025-08-20;27/10/2025;CLI-0128;EMP-502;ENT-MTL;BD-1009;4;89,66;14,70;67,67;Représentant
CMD-103828;12/08/2025;15/08/2025;2025-10-21;CLI-0089;EMP-502;ENT-QC;BD-1036;17;194,51;24,30;191,63;Représentant
CMD-103431;2025-06-16;21/06/2025;22/08/2025;CLI-0185;EMP-508;ENT-QC;BD-1124;7;193,43;24,10;153,77;Portail web
CMD-103168;2025-05-15;22/05/2025;12/07/2025;CLI-0166;EMP-503;ENT-MTL;BD-1059;8;466,22;11,60;391,48;Représentant
CMD-103170;16/05/2025;19/05/2025;2025-06-28;CLI-0067;EMP-502;ENT-MTL;BD-1010;6;138,77;14,90;88,91;Représentant
CMD-102647;2025-03-10;13/03/2025;12/04/2025;CLI-0026;EMP-506;ENT-MTL;BD-1078;6;342,11;10,80;201,79;Téléphone
CMD-104149;13/09/2025;17-sept-25;03/11/2025;CLI-0034;EMP-507;ENT-QC;BD-1125;3;369,15;16,10;291,24;Représentant
CMD-102401;16/01/2025;2025-01-24;12/03/2025;CLI-0127;EMP-503;ENT-MTL;BD-1047;3;90,79;14,80;71,53;Représentant
CMD-102856;07/04/2025;10-avr-25;18/05/2025;CLI-0036;EMP-505;ENT-MTL;BD-1045;8;111,48;14,90;78,37;Représentant
CMD-102591;27/02/2025;04-mars-25;12/04/2025;CLI-0033;EMP-504;ENT-MTL;BD-1135;6;62,63;14,60;40,73;Représentant
CMD-102768;27/03/2025;04/04/2025;21/05/2025;CLI-0044;EMP-505;ENT-QC;BD-1031;2;435,42;16,20;300,62;Courriel
CMD-103872;16/08/2025;20-août-25;27/10/2025;CLI-0128;EMP-502;ENT-MTL;BD-1009;12;89,66;14,70;67,67;Courriel
CMD-103634;14/07/2025;16-juil-25;29/09/2025;CLI-0041;EMP-508;ENT-QC;BD-1009;3;89,94;14,50;67,67;Téléphone
CMD-104538;16/10/2025;21/10/2025;2025-12-14;CLI-0013;EMP-507;ENT-QC;BD-1085;4;61,32;8,70;49,28;Représentant
CMD-102327;01/01/2025;2025-01-10;04/02/2025;CLI-0012;EMP-501;ENT-QC;BD-1033;26;153,52;18,10;113,22;N/A
CMD-102714;18-mars-25;26/03/2025;10/05/2025;CLI-0073;EMP-501;ENT-SAG;BD-1093;6;185,87;16,90;134,96;Représentant
CMD-104236;20/09/2025;27/09/2025;;CLI-0209;EMP-508;ENT-QC;BD-1168;17;306,85;23,30;229,43;Portail web
CMD-104827;15/11/2025;19/11/2025;20/12/2025;CLI-0046;EMP-508;ENT-MTL;BD-1145;3;170,95;7,20;111,12;Portail web
CMD-103129;10-mai-25;16/05/2025;08/07/2025;CLI-0176;EMP-503;ENT-QC;BD-1106;3;497,71;6,20;340,08;Téléphone
CMD-102896;12/04/2025;2025-04-18;26/05/2025;CLI-0052;EMP-504;ENT-QC;BD-1063;3;317,53;13,80;247,24;Représentant
CMD-104143;12-sept-25;21/09/2025;30/10/2025;CLI-0076;EMP-507;ENT-MTL;BD-1035;73;38,88;19,60;30,63;Portail web
CMD-103529;27/06/2025;02/07/2025;28-août-25;CLI-0212;EMP-507;ENT-SAG;BD-1043;3;420,31;20,40;300,28;Portail web
CMD-102904;14/04/2025;19/04/2025;2025-06-16;CLI-0198;EMP-504;ENT-QC;BD-1061;2;111,37;5,70;76,81;Représentant
CMD-104838;18/11/2025;26/11/2025;;CLI-0050;EMP-502;ENT-QC;BD-1128;12;126,40;12,70;78,87;Représentant
CMD-102827;03/04/2025;08/04/2025;2025-05-07;CLI-0194;EMP-506;ENT-SAG;BD-1177;2;382,15;6,20;215,66;Représentant
CMD-103159;2025-05-14;23/05/2025;08/07/2025;CLI-0212;EMP-507;ENT-MTL;BD-1034;4;181,82;23,50;182,99;Téléphone
CMD-104014;02/09/2025;2025-09-04;11/11/2025;CLI-0111;EMP-507;ENT-MTL;BD-1133;6;95,70;5,60;62,95;Portail web
CMD-104343;30/09/2025;05/10/2025;2025-12-05;CLI-0207;EMP-501;ENT-QC;BD-1039;1;193,10;2,50;122,17;Courriel
CMD-104390;03-oct-25;05/10/2025;22/11/2025;CLI-0081;EMP-502;ENT-QC;BD-1100;4;455,55;15,10;369,19;Portail web
CMD-102557;20/02/2025;28/02/2025;2025-04-05;CLI-0056;EMP-502;ENT-MTL;BD-1005;7;250,26;23,50;208,35;Portail web
CMD-103152;14/05/2025;23/05/2025;;CLI-0094;EMP-502;ENT-QC;BD-1040;24;416,12;5,60;274,41;Portail web
CMD-103355;06/06/2025;13/06/2025;2025-07-31;CLI-0028;EMP-509;ENT-MTL;BD-1059;4;496,13;5,90;391,48;Téléphone
CMD-103948;25/08/2025;2025-09-01;21/09/2025;CLI-0194;EMP-506;ENT-MTL;BD-1124;12;244,01;4,30;153,77;Représentant
CMD-103651;2025-07-16;25/07/2025;17/09/2025;CLI-0169;EMP-507;ENT-MTL;BD-1120;4;254,02;14,40;186,72;Portail web
CMD-102467;31-janv-25;02/02/2025;17/04/2025;CLI-0060;EMP-508;ENT-MTL;BD-1013;6;483,86;6,30;315,34;Représentant
CMD-104579;21-oct-25;25/10/2025;15/12/2025;CLI-0045;EMP-502;ENT-MTL;BD-1086;2;114,47;16,90;97,25;Téléphone
CMD-103320;02/06/2025;09/06/2025;02-août-25;CLI-0141;EMP-502;ENT-MTL;BD-1054;12;403,30;13,40;262,94;Représentant
CMD-103816;11/08/2025;20/08/2025;2025-09-23;CLI-0073;EMP-501;ENT-MTL;BD-1021;2;303,12;16,70;242,82;Téléphone
CMD-102372;10/01/2025;2025-01-13;13/02/2025;CLI-0162;EMP-508;ENT-MTL;BD-1129;12;63,39;11,80;46,45;Téléphone
CMD-103713;29-juil-25;06/08/2025;22/09/2025;CLI-0173;EMP-508;ENT-QC;BD-1001;6;289,72;13,60;219,63;Représentant
CMD-104646;27/10/2025;31/10/2025;2025-12-18;CLI-0128;EMP-502;ENT-QC;BD-1132;2;168,00;15,40;128,45;Représentant
CMD-104880;20-nov-25;23/11/2025;;CLI-0059;EMP-504;ENT-MTL;BD-1127;5;223,25;25,90;174,31;Représentant
CMD-103758;05/08/2025;2025-08-14;14/10/2025;CLI-0137;EMP-503;ENT-QC;BD-1055;9;246,83;24,80;213,75;Salon
CMD-104123;11/09/2025;2025-09-16;10/11/2025;CLI-0059;EMP-504;ENT-QC;BD-1086;80;103,18;25,10;97,25;Représentant
CMD-104508;14/10/2025;16/10/2025;2025-11-20;CLI-0043;EMP-506;ENT-QC;BD-1181;4;535,41;14,30;312,40;Téléphone
CMD-104083;09/09/2025;12/09/2025;2025-11-09;CLI-0160;EMP-508;ENT-QC;BD-1030;24;176,36;3,70;119,13;Représentant
CMD-102625;05/03/2025;14/03/2025;21/04/2025;CLI-0076;EMP-507;ENT-SAG;BD-1155;17;417,71;22,90;329,15;Représentant
CMD-102607;2025-03-03;12/03/2025;17/04/2025;CLI-0131;EMP-502;ENT-MTL;BD-1166;1;372,97;10,20;217,35;Représentant
CMD-103135;12/05/2025;16/05/2025;01/07/2025;CLI-0126;EMP-502;ENT-MTL;BD-1010;6;135,76;16,70;88,91;Téléphone
CMD-103681;21/07/2025;30-juil-25;17/09/2025;CLI-0006;EMP-505;ENT-MTL;BD-1120;4;254,17;14,40;186,72;Représentant
CMD-102652;2025-03-10;13/03/2025;25/04/2025;CLI-0120;EMP-509;ENT-QC;BD-1056;6;478,54;2,70;293,14;Représentant
CMD-103520;27/06/2025;2025-06-29;04/08/2025;CLI-0053;EMP-509;ENT-QC;BD-1049;3;48,05;12,10;31,22;Courriel
CMD-104863;20/11/2025;2025-11-26;;CLI-0047;EMP-508;ENT-QC;BD-1148;6;392,95;14,60;302,28;Représentant
CMD-105059;20-déc-25;22/12/2025;;CLI-0126;EMP-502;ENT-QC;BD-1139;1;314,70;12,30;203,11;Représentant
CMD-104411;06/10/2025;12/10/2025;26/11/2025;CLI-0137;EMP-503;ENT-QC;BD-1126;2;151,39;25,20;133,03;Téléphone
CMD-103610;09/07/2025;12/07/2025;2025-08-25;CLI-0183;EMP-506;ENT-SAG;BD-1024;6;310,40;7,10;189,35;Portail web
CMD-103969;27/08/2025;03-sept-25;27/09/2025;CLI-0106;EMP-501;ENT-MTL;BD-1098;1;393,62;10,70;309,76;Représentant
CMD-103549;01/07/2025;08/07/2025;21-août-25;CLI-0130;EMP-508;ENT-MTL;BD-1124;8;203,83;20,10;153,77;Portail web
CMD-102820;02-avr-25;10/04/2025;16/05/2025;CLI-0031;EMP-509;ENT-SAG;BD-1051;4;115,35;11,00;79,76;Représentant
CMD-103696;24/07/2025;28/07/2025;2025-09-07;CLI-0103;EMP-502;ENT-QC;BD-1065;12;240,09;3,70;155,19;Représentant
CMD-103203;20/05/2025;2025-05-24;24/06/2025;CLI-0200;EMP-509;ENT-QC;BD-1002;3;398,99;14,80;298,72;Représentant
CMD-103457;19/06/2025;23/06/2025;2025-07-20;CLI-0141;EMP-502;ENT-SAG;BD-1108;12;234,39;14,20;169,96;Téléphone
CMD-104437;08/10/2025;17/10/2025;2025-11-10;CLI-0039;EMP-503;ENT-QC;BD-1008;6;218,91;6,40;155,34;Téléphone
CMD-102554;19/02/2025;27/02/2025;04-avr-25;CLI-0130;EMP-508;ENT-QC;BD-1108;8;218,28;20,10;169,96;Représentant
CMD-104363;01/10/2025;2025-10-06;04/12/2025;CLI-0115;EMP-509;ENT-MTL;BD-1137;6;38,14;10,90;25,59;Représentant
CMD-104577;20/10/2025;27/10/2025;28-nov-25;CLI-0185;EMP-508;ENT-QC;BD-1002;3;353,55;24,50;298,72;Représentant
CMD-102759;25/03/2025;29/03/2025;2025-05-31;CLI-0104;EMP-501;ENT-MTL;BD-1041;3;232,51;8,30;163,24;Représentant
CMD-103988;2025-08-29;03/09/2025;12/11/2025;CLI-0131;EMP-502;ENT-SAG;BD-1003;4;247,87;16,90;227,23;Courriel
CMD-103074;2025-05-05;12/05/2025;30/05/2025;CLI-0015;EMP-509;ENT-QC;BD-1035;24;45,41;6,10;30,63;Représentant
CMD-103043;30/04/2025;2025-05-03;13/06/2025;CLI-0089;EMP-502;ENT-QC;BD-1158;19;267,85;23,40;184,61;Représentant
CMD-104786;2025-11-11;13/11/2025;06/12/2025;CLI-0049;EMP-508;ENT-MTL;BD-1152;12;400,80;16,70;271,40;Représentant
CMD-104112;10/09/2025;13/09/2025;2025-10-17;CLI-0029;EMP-506;ENT-SAG;BD-1118;18;377,82;24,00;343,17;Téléphone
CMD-103183;16-mai-25;22/05/2025;08/06/2025;CLI-0115;EMP-509;ENT-MTL;BD-1044;6;289,75;10,30;199,55;Portail web
CMD-102537;17/02/2025;2025-02-23;08/04/2025;CLI-0153;EMP-507;ENT-QC;BD-1150;2;529,21;15,40;347,06;Représentant
CMD-104083;09/09/2025;12/09/2025;09/11/2025;CLI-0160;EMP-508;ENT-QC;BD-1179;12;415,79;3,70;231,35;Représentant
CMD-104212;18-sept-25;21/09/2025;19/10/2025;CLI-0106;EMP-501;ENT-MTL;BD-1084;3;500,73;13,80;375,89;Représentant
CMD-102972;22/04/2025;01-mai-25;29/06/2025;CLI-0209;EMP-508;ENT-MTL;BD-1092;14;214,92;23,80;142,98;Téléphone
CMD-102442;27/01/2025;30-janv-25;22/03/2025;CLI-0059;EMP-504;ENT-QC;BD-1161;18;103,73;23,20;64,16;Téléphone
CMD-103546;30/06/2025;05/07/2025;2025-08-23;CLI-0211;EMP-504;ENT-QC;BD-1110;24;247,17;12,90;182,67;Téléphone
CMD-102536;2025-02-17;25/02/2025;21/04/2025;CLI-0196;EMP-506;ENT-SAG;BD-1168;4;369,86;7,50;229,43;Téléphone
CMD-102386;2025-01-14;16/01/2025;01/03/2025;CLI-0108;EMP-503;ENT-QC;BD-1093;4;191,79;14,30;134,96;Représentant
CMD-103935;23/08/2025;26/08/2025;17-oct-25;CLI-0212;EMP-507;ENT-QC;BD-1169;6;453,72;21,30;282,28;Téléphone
CMD-104121;2025-09-11;15/09/2025;11/11/2025;CLI-0054;EMP-507;ENT-QC;BD-1037;8;25,98;13,20;16,65;Représentant
CMD-102929;17/04/2025;2025-04-20;31/05/2025;CLI-0076;EMP-507;ENT-MTL;BD-1103;2;169,38;25,60;154,84;Salon
CMD-103501;25/06/2025;2025-06-30;07/08/2025;CLI-0097;EMP-504;ENT-QC;BD-1045;12;123,38;5,90;78,37;Représentant
CMD-104813;13/11/2025;22-nov-25;19/12/2025;CLI-0099;EMP-505;ENT-QC;BD-1162;23;101,51;25,90;68,38;Représentant
CMD-103391;11/06/2025;14/06/2025;13/08/2025;CLI-0041;EMP-508;ENT-MTL;BD-1028;6;209,60;11,30;143,73;Téléphone
CMD-103840;13/08/2025;22/08/2025;28-sept-25;CLI-0081;EMP-502;ENT-QC;BD-1045;1;110,76;15,50;78,37;Téléphone
CMD-105044;18/12/2025;27/12/2025;;CLI-0204;EMP-506;ENT-SAG;BD-1149;3;178,05;2,80;111,14;Téléphone
CMD-104366;02/10/2025;10/10/2025;07/11/2025;CLI-0107;EMP-506;ENT-QC;BD-1117;8;136,65;7,80;100,34;Représentant
CMD-102340;03/01/2025;2025-01-10;08/03/2025;CLI-0074;EMP-507;ENT-MTL;BD-1145;31;147,92;19,70;111,12;Représentant
CMD-104570;18/10/2025;25/10/2025;2025-12-04;CLI-0081;EMP-502;ENT-MTL;BD-1176;6;559,68;11,20;328,78;Portail web
CMD-104578;2025-10-21;30/10/2025;12/12/2025;CLI-0198;EMP-504;ENT-SAG;BD-1156;2;281,75;6,70;164,64;Portail web
CMD-103172;16/05/2025;2025-05-24;21/06/2025;CLI-0006;EMP-505;ENT-MTL;BD-1002;1;421,58;10,00;298,72;Représentant
CMD-104821;14/11/2025;16-nov-25;;CLI-0084;EMP-503;ENT-MTL;BD-1136;4;178,46;14,00;112,45;Salon
CMD-104882;21/11/2025;2025-11-24;;CLI-0212;EMP-507;ENT-MTL;BD-1181;15;474,84;24,00;312,40;Représentant
CMD-104642;27/10/2025;01/11/2025;18-nov-25;CLI-0099;EMP-505;ENT-MTL;BD-1162;4;108,02;21,20;68,38;Représentant
CMD-103208;2025-05-20;27/05/2025;25/06/2025;CLI-0131;EMP-502;ENT-SAG;BD-1178;24;181,84;11,40;119,43;Représentant
CMD-103305;2025-05-30;06/06/2025;15/07/2025;CLI-0143;EMP-503;ENT-MTL;BD-1024;6;292,32;12,50;189,35;Représentant
CMD-102441;27/01/2025;2025-01-30;19/03/2025;CLI-0125;EMP-509;ENT-MTL;BD-1130;1;523,99;7,20;323,89;Portail web
CMD-104239;22/09/2025;29/09/2025;2025-12-08;CLI-0074;EMP-507;ENT-MTL;BD-1039;3;159,09;19,60;122,17;Représentant
CMD-105071;2025-12-22;26/12/2025;;CLI-0217;EMP-506;ENT-QC;BD-1092;4;227,47;19,40;168,72;Représentant
CMD-104714;31/10/2025;09/11/2025;;CLI-0075;EMP-506;ENT-QC;BD-1175;12;161,04;5,10;96,85;Représentant
CMD-104435;08/10/2025;10/10/2025;2025-11-16;CLI-0061;EMP-503;ENT-SAG;BD-1102;2;425,15;12,30;260,69;Représentant
CMD-103815;11/08/2025;16/08/2025;28/10/2025;CLI-0131;EMP-502;ENT-QC;BD-1023;1;321,62;14,80;244,32;Téléphone
CMD-103442;17-juin-25;22/06/2025;21/08/2025;CLI-0153;EMP-507;ENT-QC;BD-1126;4;174,67;13,70;133,03;Portail web
CMD-104951;2025-12-01;05/12/2025;;CLI-0162;EMP-508;ENT-MTL;BD-1160;24;70,86;10,00;41,56;Représentant
CMD-102463;2025-01-30;05/02/2025;12/04/2025;CLI-0191;EMP-504;ENT-QC;BD-1163;3;510,20;16,80;300,77;N/A
CMD-105068;22/12/2025;31/12/2025;;CLI-0191;EMP-504;ENT-QC;BD-1169;6;482,68;16,30;282,28;Représentant
CMD-104337;30/09/2025;07/10/2025;2025-11-24;CLI-0130;EMP-508;ENT-MTL;BD-1052;34;250,83;18,30;183,03;Téléphone
CMD-104172;16/09/2025;23/09/2025;30-oct-25;CLI-0161;EMP-508;ENT-SAG;BD-1019;3;281,37;6,50;205,07;Téléphone
CMD-103114;09-mai-25;16/05/2025;28/06/2025;CLI-0154;EMP-507;ENT-QC;BD-1103;4;204,03;10,40;154,84;Représentant
CMD-104714;31/10/2025;09/11/2025;;CLI-0075;EMP-506;ENT-QC;BD-1080;2;313,66;5,10;208,57;Portail web
CMD-103648;16/07/2025;2025-07-23;02/09/2025;CLI-0121;EMP-508;ENT-QC;BD-1119;12;82,02;10,70;59,67;Portail web
CMD-105097;26/12/2025;30/12/2025;;  CLI-0167;EMP-506;ENT-MTL;BD-1083;4;299,58;2,50;189,32;Portail web
CMD-104396;04/10/2025;12/10/2025;2025-11-13;CLI-0087;EMP-502;ENT-MTL;BD-1162;4;121,41;11,40;68,38;Représentant
CMD-103376;10/06/2025;2025-06-12;02/08/2025;CLI-0056;EMP-502;ENT-QC;BD-1106;19;410,81;22,60;340,08;Portail web
CMD-103446;17-juin-25;26/06/2025;09/08/2025;CLI-0056;EMP-502;ENT-MTL;BD-1055;20;262,63;20,00;213,75;Courriel
CMD-104730;04/11/2025;12/11/2025;2025-12-15;CLI-0071;EMP-503;ENT-MTL;BD-1101;2;105,29;3,00;75,83;Représentant
CMD-104460;10/10/2025;15/10/2025;2025-11-06;CLI-0056;EMP-502;ENT-QC;BD-1081;14;475,51;19,80;364,83;Représentant
CMD-103337;2025-06-04;09/06/2025;17/07/2025;CLI-0054;EMP-507;ENT-MTL;BD-1181;1;521,34;16,60;312,40;Représentant
CMD-102975;23/04/2025;28-avr-25;30/05/2025;CLI-0187;EMP-507;ENT-MTL;BD-1145;1;158,83;13,70;111,12;Représentant
CMD-104466;10/10/2025;18/10/2025;12-déc-25;CLI-0200;EMP-509;ENT-QC;BD-1146;4;321,67;14,40;225,52;Représentant
CMD-103155;14/05/2025;21/05/2025;14-juin-25;CLI-0040;EMP-509;ENT-QC;BD-1153;24;172,46;14,00;116,00;Représentant
CMD-102957;2025-04-21;28/04/2025;27/05/2025;CLI-0197;EMP-507;ENT-MTL;BD-1160;3;75,96;3,50;41,56;Représentant
CMD-104532;15-oct-25;17/10/2025;21/11/2025;CLI-0157;EMP-502;ENT-SAG;BD-1134;2;96,88;11,90;61,77;Représentant
CMD-104155;15/09/2025;21-sept-25;30/10/2025;CLI-0080;EMP-506;ENT-QC;BD-1179;4;367,15;14,90;231,35;Représentant
CMD-103241;2025-05-23;30/05/2025;30/06/2025;CLI-0089;EMP-502;ENT-QC;BD-1017;8;440,43;21,90;313,71;Courriel
CMD-103128;10/05/2025;17/05/2025;14/06/2025;CLI-0132;EMP-507;ENT-MTL;BD-1166;6;344,90;17,00;217,35;Représentant
CMD-102348;07/01/2025;11-janv-25;08/02/2025;CLI-0112;EMP-505;ENT-QC;BD-1014;3;39,68;11,20;27,18;Portail web
CMD-104385;03/10/2025;11-oct-25;03/12/2025;CLI-0076;EMP-507;ENT-SAG;BD-1140;4;49,11;22,70;41,26;Représentant
CMD-103322;02/06/2025;04/06/2025;10/07/2025;CLI-0220;EMP-506;ENT-QC;BD-1109;4;409,89;10,90;310,20;Représentant
CMD-102435;24/01/2025;2025-01-29;24/03/2025;CLI-0029;EMP-506;ENT-QC;BD-1140;5;48,01;24,40;41,26;Représentant
CMD-105081;23/12/2025;26/12/2025;;CLI-0048;EMP-508;ENT-SAG;BD-1137;3;37,08;13,40;25,59;Portail web
CMD-102371;10/01/2025;2025-01-17;06/03/2025;CLI-0066;EMP-507;ENT-QC;BD-1116;3;74,82;15,60;60,17;Téléphone
CMD-102354;07/01/2025;14/01/2025;17/02/2025;CLI-0211;EMP-504;ENT-MTL;BD-1127;2;257,39;14,60;174,31;Téléphone
CMD-103206;20/05/2025;24-mai-25;;CLI-0184;EMP-503;ENT-QC;BD-1061;3;110,06;6,80;76,81;Représentant
CMD-102372;2025-01-10;13/01/2025;13/02/2025;CLI-0162;EMP-508;ENT-MTL;BD-1111;6;195,39;11,80;148,90;Représentant
CMD-103723;30/07/2025;2025-08-02;30/09/2025;CLI-0205;EMP-505;ENT-QC;BD-1008;4;216,10;7,60;155,34;Représentant
CMD-102933;17/04/2025;25/04/2025;22/06/2025;CLI-0056;EMP-502;ENT-QC;BD-1040;38;330,99;24,90;274,41;Représentant
CMD-103520;27/06/2025;29/06/2025;2025-08-04;CLI-0053;EMP-509;ENT-QC;BD-1129;6;63,22;12,10;46,45;Représentant
CMD-103141;13/05/2025;2025-05-16;13/07/2025;CLI-0053;EMP-509;ENT-QC;BD-1122;4;306,36;10,20;212,67;Courriel
CMD-104421;07-oct-25;15/10/2025;30/11/2025;CLI-0133;EMP-508;ENT-MTL;BD-1100;1;458,79;14,50;369,19;Représentant
CMD-104957;2025-12-01;03/12/2025;;CLI-0173;EMP-508;ENT-QC;BD-1098;12;374,22;15,10;309,76;Représentant
CMD-104526;15/10/2025;20-oct-25;30/11/2025;CLI-0143;EMP-503;ENT-QC;BD-1111;6;191,72;13,50;148,90;Portail web
CMD-104218;2025-09-18;23/09/2025;13/11/2025;  CLI-0158;EMP-507;ENT-QC;BD-1082;2;435,49;8,40;335,40;Représentant
CMD-103373;10/06/2025;14/06/2025;10-juil-25;CLI-0005;EMP-503;ENT-QC;BD-1034;6;227,06;4,40;182,99;Représentant
CMD-104018;02/09/2025;07-sept-25;;CLI-0073;EMP-501;ENT-SAG;BD-1180;2;167,09;11,80;95,30;Téléphone
CMD-102713;18/03/2025;21/03/2025;23-avr-25;cli-0061;EMP-503;ENT-QC;BD-1085;3;58,86;12,40;41,76;Portail web
CMD-104045;2025-09-04;12/09/2025;29/10/2025;CLI-0130;EMP-508;ENT-QC;BD-1136;2;156,74;24,50;112,45;Téléphone
CMD-103144;13/05/2025;17/05/2025;2025-06-16;CLI-0093;EMP-508;ENT-MTL;BD-1050;3;430,46;14,60;297,82;Représentant
CMD-103505;25/06/2025;27-juin-25;03/09/2025;CLI-0153;EMP-507;ENT-QC;BD-1045;6;110,41;15,80;78,37;Portail web
CMD-102810;01/04/2025;07/04/2025;30/05/2025;CLI-0057;EMP-507;ENT-SAG;BD-1029;4;340,98;13,00;243,45;Représentant
CMD-102365;09/01/2025;17/01/2025;2025-02-10;CLI-0114;EMP-502;ENT-QC;BD-1149;6;178,90;2,30;111,14;Portail web
CMD-102695;14/03/2025;18/03/2025;07-mai-25;CLI-0138;EMP-506;ENT-MTL;BD-1161;4;125,14;7,30;64,16;Représentant
CMD-103189;19/05/2025;25-mai-25;10/07/2025;CLI-0217;EMP-506;ENT-MTL;BD-1063;12;298,57;18,90;247,24;Courriel
CMD-102379;13/01/2025;19/01/2025;20/02/2025;CLI-0090;EMP-505;ENT-SAG;BD-1008;4;208,65;10,80;131,65;Téléphone
CMD-104930;27/11/2025;05-déc-25;;CLI-0072;EMP-501;ENT-MTL;BD-1092;1;239,17;15,30;168,72;Représentant
CMD-104452;2025-10-09;18/10/2025;08/12/2025;CLI-0157;EMP-502;ENT-QC;BD-1133;4;87,44;13,80;62,95;Portail web
CMD-103214;21/05/2025;25/05/2025;2025-07-11;CLI-0131;EMP-502;ENT-QC;BD-1053;6;272,65;16,70;180,55;Portail web
CMD-103585;04/07/2025;2025-07-09;31/08/2025;CLI-0215;EMP-503;ENT-QC;BD-1106;3;487,26;8,20;340,08;Représentant
CMD-102844;2025-04-04;08/04/2025;10/05/2025;CLI-0056;EMP-502;ENT-QC;BD-1014;31;35,02;21,60;27,18;Téléphone
CMD-103743;01/08/2025;03/08/2025;;CLI-0197;EMP-507;ENT-QC;BD-1019;2;279,40;7,20;205,07;Représentant
CMD-104777;10-nov-25;14/11/2025;11/12/2025;CLI-0052;EMP-504;ENT-QC;BD-9627;1;472,74;16,80;336,22;Représentant
CMD-103928;2025-08-22;24/08/2025;23/09/2025;CLI-0200;EMP-509;ENT-SAG;BD-1091;4;493,12;13,20;336,22;Courriel
CMD-104326;29/09/2025;2025-10-01;09/11/2025;CLI-0160;EMP-508;ENT-QC;BD-1039;6;189,88;4,10;122,17;Représentant
CMD-103437;17/06/2025;2025-06-26;06/08/2025;CLI-0090;EMP-505;ENT-QC;BD-1043;24;445,27;15,60;300,28;Représentant
CMD-102575;24/02/2025;2025-02-26;01/04/2025;CLI-0064;EMP-504;ENT-QC;BD-1021;8;353,29;2,90;205,78;Représentant
CMD-105079;23/12/2025;2025-12-30;;CLI-0160;EMP-508;ENT-SAG;BD-1089;3;307,83;2,80;189,92;Téléphone
CMD-102539;17/02/2025;23/02/2025;2025-03-22;CLI-0208;EMP-507;ENT-MTL;BD-1108;4;240,18;12,10;169,96;Téléphone
CMD-104434;08-oct-25;17/10/2025;10/12/2025;CLI-0097;EMP-504;ENT-SAG;BD-1136;12;196,20;5,50;112,45;Courriel
CMD-103711;28/07/2025;2025-08-04;28/09/2025;CLI-0090;EMP-505;ENT-MTL;BD-1131;4;58,54;12,70;37,08;Salon
CMD-103073;05/05/2025;2025-05-10;17/06/2025;CLI-0032;EMP-504;ENT-QC;BD-1096;4;281,40;5,00;205,70;Représentant
CMD-103264;2025-05-27;03/06/2025;07/07/2025;CLI-0070;EMP-503;ENT-SAG;BD-1010;4;150,45;7,70;88,91;Portail web
CMD-102864;08/04/2025;2025-04-12;31/05/2025;CLI-0160;EMP-508;ENT-QC;BD-1062;6;164,98;8,20;114,90;Représentant
CMD-103929;22/08/2025;25/08/2025;2025-10-03;CLI-0217;EMP-506;ENT-MTL;BD-1108;18;211,59;22,50;169,96;Représentant
CMD-104386;2025-10-03;12/10/2025;16/11/2025;CLI-0217;EMP-506;ENT-QC;BD-1154;9;398,39;25,50;329,92;Représentant
CMD-102674;12-mars-25;19/03/2025;03/05/2025;CLI-0093;EMP-508;ENT-QC;BD-1179;3;375,86;12,90;231,35;Téléphone
CMD-104316;27/09/2025;01/10/2025;25/11/2025;CLI-0019;EMP-502;ENT-SAG;BD-1052;1;299,15;2,60;183,03;Portail web
CMD-103236;2025-05-23;28/05/2025;15/07/2025;CLI-0039;EMP-503;ENT-SAG;BD-1062;24;168,20;6,40;135,59;N/A
CMD-105094;25/12/2025;03/01/2026;;CLI-0099;EMP-505;ENT-MTL;BD-1135;21;59,93;18,30;40,73;Représentant
CMD-103740;2025-08-01;06/08/2025;09/09/2025;CLI-0054;EMP-507;ENT-QC;BD-1059;2;467,79;11,30;391,48;Téléphone
CMD-103290;28/05/2025;01-juin-25;15/07/2025;CLI-0087;EMP-502;ENT-MTL;BD-1013;12;460,72;10,80;315,34;Représentant
CMD-103356;06/06/2025;14/06/2025;09-août-25;CLI-0107;EMP-506;ENT-QC;BD-1120;4;278,14;6,30;186,72;Courriel
CMD-104887;21/11/2025;27/11/2025;;CLI-0089;EMP-502;ENT-QC;BD-1074;9;144,12;25,80;130,44;Téléphone
CMD-102478;03/02/2025;05/02/2025;26/03/2025;CLI-0217;EMP-506;ENT-SAG;BD-1030;5;142,73;22,00;100,96;Téléphone
CMD-103018;2025-04-28;04/05/2025;27/06/2025;CLI-0056;EMP-502;ENT-MTL;BD-1027;25;363,83;20,60;254,96;Courriel
CMD-104198;17/09/2025;2025-09-21;02/11/2025;CLI-0182;EMP-503;ENT-MTL;BD-1056;6;409,77;16,70;293,14;Représentant
CMD-104992;09/12/2025;14/12/2025;;CLI-0029;EMP-506;ENT-MTL;BD-1134;13;89,96;18,20;61,77;Représentant
CMD-103692;23/07/2025;01-août-25;01/09/2025;CLI-0092;EMP-508;ENT-QC;BD-1176;8;610,49;3,20;328,78;Téléphone
CMD-104122;11-sept-25;20/09/2025;07/11/2025;CLI-0084;EMP-503;ENT-SAG;BD-1142;4;146,40;10,20;100,93;Téléphone
CMD-104408;06/10/2025;09/10/2025;2025-11-16;CLI-0209;EMP-508;ENT-QC;BD-1059;44;420,46;20,30;391,48;Représentant
CMD-103632;12/07/2025;16/07/2025;21/09/2025;CLI-0049;EMP-508;ENT-MTL;BD-1026;8;383,43;12,50;246,82;Représentant
CMD-104945;29/11/2025;2025-12-01;24/12/2025;CLI-0178;EMP-501;ENT-MTL;BD-1141;8;470,51;5,80;314,24;Portail web
CMD-104747;05/11/2025;2025-11-10;20/12/2025;CLI-0109;EMP-501;ENT-MTL;BD-1153;2;187,18;6,70;116,00;Représentant
CMD-104376;02-oct-25;04/10/2025;;CLI-0126;EMP-502;ENT-SAG;BD-1117;1;125,78;15,10;100,34;Téléphone
CMD-104507;14-oct-25;19/10/2025;29/11/2025;CLI-0157;EMP-502;ENT-MTL;BD-1080;6;292,64;11,50;208,57;Représentant
CMD-102786;28/03/2025;04/04/2025;2025-05-08;CLI-0055;EMP-506;ENT-QC;BD-1084;3;537,54;7,40;318,55;Représentant
CMD-104751;05/11/2025;13-nov-25;19/12/2025;CLI-0034;EMP-507;ENT-SAG;BD-1071;3;460,68;13,70;363,51;Téléphone
CMD-102641;2025-03-07;15/03/2025;13/04/2025;CLI-0066;EMP-507;ENT-SAG;BD-1172;6;363,33;13,20;221,22;Représentant
CMD-103977;28-août-25;05/09/2025;20/10/2025;CLI-0132;EMP-507;ENT-QC;BD-1005;8;284,42;13,00;208,35;Représentant
CMD-104345;2025-09-30;09/10/2025;27/12/2025;CLI-0044;EMP-505;ENT-QC;BD-1058;24;219,88;10,20;149,54;Téléphone
CMD-104158;15/09/2025;17/09/2025;08-nov-25;CLI-0102;EMP-506;ENT-QC;BD-1096;12;276,10;6,80;205,70;Représentant
CMD-103728;31/07/2025;2025-08-08;08/09/2025;CLI-0059;EMP-504;ENT-QC;BD-1048;6;41,56;18,80;33,51;Portail web
CMD-105046;18/12/2025;27-déc-25;;CLI-0037;EMP-504;ENT-QC;BD-1071;26;408,90;23,40;363,51;Représentant
CMD-104859;19/11/2025;22/11/2025;;CLI-0120;EMP-509;ENT-SAG;BD-1109;1;448,50;2,50;310,20;Portail web
CMD-102426;22/01/2025;26/01/2025;24-févr-25;CLI-0112;EMP-505;ENT-QC;BD-1026;3;372,49;15,00;246,82;Courriel
CMD-103830;12/08/2025;14-août-25;02/09/2025;CLI-0044;EMP-505;ENT-QC;BD-1052;1;270,11;12,00;183,03;Portail web
CMD-102756;25/03/2025;30/03/2025;2025-04-27;CLI-0049;EMP-508;ENT-MTL;BD-1008;6;202,06;13,60;131,65;Téléphone
CMD-102348;2025-01-07;11/01/2025;08/02/2025;CLI-0112;EMP-505;ENT-QC;BD-1145;3;163,49;11,20;111,12;Représentant
CMD-104547;16-oct-25;23/10/2025;15/12/2025;CLI-0036;EMP-505;ENT-MTL;BD-1177;24;339,39;16,70;215,66;Représentant
CMD-104165;15/09/2025;17-sept-25;09/11/2025;CLI-0026;EMP-506;ENT-QC;BD-1041;6;224,04;11,60;163,24;Téléphone
CMD-103404;12/06/2025;18/06/2025;06-août-25;CLI-0065;EMP-504;ENT-MTL;BD-1071;12;513,86;3,70;363,51;Téléphone
CMD-102388;15/01/2025;23/01/2025;07/03/2025;CLI-0199;EMP-504;ENT-SAG;BD-1128;6;126,90;12,40;78,87;Représentant
CMD-103059;2025-05-02;09/05/2025;29/06/2025;CLI-0008;EMP-506;ENT-QC;BD-1107;1;200,91;8,80;150,54;Portail web
CMD-104575;20/10/2025;2025-10-28;17/12/2025;CLI-0012;EMP-501;ENT-QC;BD-1146;3;290,59;22,60;225,52;Représentant
CMD-102498;07/02/2025;13/02/2025;2025-04-28;CLI-0085;EMP-503;ENT-MTL;BD-1003;1;272,55;8,60;192,57;Portail web
CMD-102373;10/01/2025;14/01/2025;17/03/2025;CLI-0106;EMP-501;ENT-QC;BD-1041;4;214,89;15,20;163,24;Portail web
CMD-103132;2025-05-12;21/05/2025;20/06/2025;CLI-0116 ;EMP-509;ENT-MTL;BD-1013;2;437,79;15,20;315,34;Représentant
CMD-104427;08/10/2025;2025-10-16;02/12/2025;CLI-0102;EMP-506;ENT-SAG;BD-1087;4;354,17;8,20;215,66;Représentant
CMD-102765;26/03/2025;2025-03-31;28/05/2025;CLI-0056;EMP-502;ENT-MTL;BD-1030;13;137,17;25,10;100,96;Téléphone
CMD-104968;03/12/2025;2025-12-11;;CLI-0212;EMP-507;ENT-MTL;BD-1102;1;377,29;22,20;260,69;Téléphone
CMD-105054;19/12/2025;23/12/2025;;CLI-0182;EMP-503;ENT-QC;BD-1144;3;157,22;11,90;98,33;Représentant
CMD-104857;2025-11-19;23/11/2025;;CLI-0212;EMP-507;ENT-QC;BD-1133;5;81,96;19,20;62,95;Représentant
CMD-103278;2025-05-28;05/06/2025;09/07/2025;CLI-0209;EMP-508;ENT-MTL;BD-1124;12;203,03;20,40;153,77;Téléphone
CMD-102561;20-févr-25;24/02/2025;28/04/2025;CLI-0056;EMP-502;ENT-QC;BD-1140;8;48,44;23,80;41,26;Portail web
CMD-102560;20/02/2025;2025-02-27;11/04/2025;CLI-0217;EMP-506;ENT-QC;BD-1125;2;349,08;20,60;291,24;Représentant
CMD-103614;09/07/2025;11/07/2025;2025-08-22;CLI-0137;EMP-503;ENT-QC;BD-1053;43;257,06;21,40;180,55;Téléphone
CMD-102688;13/03/2025;18/03/2025;2025-04-22;CLI-0201;EMP-504;ENT-QC;BD-1182;2;101,14;7,10;58,06;Représentant
CMD-104050;04/09/2025;07/09/2025;11/10/2025;CLI-0185;EMP-508;ENT-QC;BD-1042;81;351,10;20,40;267,02;Portail web
CMD-102832;03/04/2025;06/04/2025;04-juin-25;CLI-0137;EMP-503;ENT-MTL;BD-1041;52;191,99;24,30;163,24;Courriel
CMD-104872;20-nov-25;25/11/2025;;CLI-0092;EMP-508;ENT-MTL;BD-1082;12;459,09;3,40;335,40;Représentant
CMD-102663;2025-03-11;19/03/2025;19/04/2025;CLI-0029;EMP-506;ENT-MTL;BD-1043;6;418,09;20,80;300,28;Représentant
CMD-104255;2025-09-23;30/09/2025;25/11/2025;CLI-0175;EMP-505;ENT-QC;BD-1065;1;236,19;5,30;155,19;Portail web
CMD-104878;20/11/2025;22/11/2025;;CLI-0169;EMP-507;ENT-SAG;BD-1163;2;551,32;10,10;300,77;Représentant
CMD-103898;19-août-25;24/08/2025;10/10/2025;CLI-0024;EMP-504;ENT-QC;BD-1021;6;341,51;6,10;242,82;Représentant
CMD-103012;28/04/2025;07/05/2025;26/06/2025;CLI-0085;EMP-503;ENT-MTL;BD-1021;4;334,14;8,10;205,78;Téléphone
CMD-104154;15/09/2025;18/09/2025;11/11/2025;CLI-0081;EMP-502;ENT-SAG;BD-1115;3;66,47;11,00;47,23;Portail web
CMD-103644;2025-07-15;21/07/2025;10/09/2025;CLI-0006;EMP-505;ENT-MTL;BD-1125;3;386,53;12,10;291,24;Salon
CMD-103085;06/05/2025;2025-05-14;25/07/2025;CLI-0047;EMP-508;ENT-MTL;BD-1039;6;172,00;13,10;122,17;Portail web
CMD-103610;09/07/2025;12/07/2025;25-août-25;CLI-0183;EMP-506;ENT-SAG;BD-1117;12;137,63;7,10;100,34;Représentant
CMD-105077;2025-12-23;31/12/2025;;CLI-0212;EMP-507;ENT-MTL;BD-1182;9;86,47;20,60;58,06;Représentant
CMD-103617;2025-07-09;18/07/2025;03/08/2025;CLI-0162;EMP-508;ENT-SAG;BD-1103;4;200,69;11,90;154,84;Courriel
CMD-104932;27/11/2025;03/12/2025;;CLI-0190;EMP-504;ENT-SAG;BD-1084;4;558,93;3,70;375,89;Portail web
CMD-103917;20/08/2025;28/08/2025;2025-10-12;CLI-0186;EMP-507;ENT-QC;BD-1047;6;100,50;5,70;71,53;Téléphone
CMD-104182;17-sept-25;26/09/2025;01/11/2025;CLI-0059;EMP-504;ENT-QC;BD-1051;63;101,42;21,80;79,76;Représentant
CMD-104820;14/11/2025;2025-11-19;;CLI-0009;EMP-502;ENT-MTL;BD-1168;12;301,93;24,50;229,43;Représentant
CMD-102977;23/04/2025;29/04/2025;2025-06-13;CLI-0108;EMP-503;ENT-QC;BD-1147;3;525,27;12,20;346,92;Portail web
CMD-104324;2025-09-29;01/10/2025;15/11/2025;CLI-0091;EMP-504;ENT-MTL;BD-1061;4;111,97;5,20;76,81;Téléphone
CMD-104938;28-nov-25;30/11/2025;;CLI-0034;EMP-507;ENT-QC;BD-1070;3;67,57;11,30;48,05;Représentant
CMD-104752;05/11/2025;2025-11-14;;CLI-0123;EMP-501;ENT-QC;BD-1091;8;494,39;13,00;336,22;Téléphone
CMD-103781;07/08/2025;2025-08-16;12/10/2025;CLI-0123;EMP-501;ENT-QC;BD-1050;3;429,77;14,70;297,82;Téléphone
CMD-104412;07/10/2025;2025-10-13;04/12/2025;CLI-0109;EMP-501;ENT-MTL;BD-1069;4;372,01;6,70;239,15;Courriel
CMD-103448;18/06/2025;27/06/2025;2025-07-17;CLI-0054;EMP-507;ENT-SAG;BD-1029;2;339,93;13,30;243,45;Portail web
CMD-103037;30/04/2025;2025-05-09;13/06/2025;CLI-0076;EMP-507;ENT-SAG;BD-1055;7;249,53;24,00;213,75;Représentant
CMD-105085;24/12/2025;2026-01-02;;CLI-0211;EMP-504;ENT-MTL;BD-1092;6;243,81;13,60;168,72;Portail web
CMD-103052;01/05/2025;08/05/2025;07/07/2025;CLI-0129;EMP-508;ENT-SAG;BD-1035;1;44,85;7,30;30,63;Représentant
CMD-103392;12/06/2025;16/06/2025;2025-07-30;CLI-0012;EMP-501;ENT-QC;BD-1105;33;203,35;21,50;169,61;Portail web
CMD-103192;19/05/2025;22/05/2025;2025-07-15;CLI-0216;EMP-503;ENT-QC;BD-1123;3;209,25;3,80;132,28;Courriel
CMD-102600;03-mars-25;10/03/2025;25/04/2025;CLI-0050;EMP-502;ENT-MTL;BD-1083;2;268,66;12,50;160,44;Représentant
CMD-103270;27/05/2025;05/06/2025;12-juil-25;CLI-0185;EMP-508;ENT-MTL;BD-1146;2;299,59;20,20;225,52;Représentant
CMD-104957;2025-12-01;03/12/2025;;CLI-0173;EMP-508;ENT-QC;BD-1074;4;164,81;15,10;130,44;Représentant
CMD-103138;12/05/2025;2025-05-14;22/06/2025;CLI-0174;EMP-502;ENT-QC;BD-1048;6;49,06;4,20;33,51;Courriel
CMD-102913;2025-04-15;19/04/2025;09/06/2025;CLI-0019;EMP-502;ENT-QC;BD-1042;12;430,58;2,40;267,02;Portail web
CMD-103943;25/08/2025;2025-09-01;19/10/2025;CLI-0127;EMP-503;ENT-QC;BD-1013;3;454,11;12,00;315,34;Représentant
CMD-104533;16/10/2025;20/10/2025;07-déc-25;CLI-0191;EMP-504;ENT-MTL;BD-1093;1;188,14;15,90;159,25;Représentant
CMD-103872;2025-08-16;20/08/2025;27/10/2025;CLI-0128;EMP-502;ENT-MTL;BD-1012;8;103,77;14,70;69,62;Téléphone
CMD-103871;16/08/2025;20/08/2025;2025-09-27;CLI-0134;EMP-509;ENT-QC;BD-1040;3;429,69;2,50;274,41;Portail web
CMD-104160;2025-09-15;19/09/2025;08/11/2025;CLI-0191;EMP-504;ENT-MTL;BD-1098;6;369,86;16,10;309,76;Téléphone
CMD-103375;10/06/2025;14/06/2025;2025-07-21;CLI-0009;EMP-502;ENT-QC;BD-1014;17;34,95;21,80;27,18;Téléphone
CMD-103828;12/08/2025;2025-08-15;21/10/2025;CLI-0089;EMP-502;ENT-QC;BD-1094;19;154,42;24,30;124,30;Représentant
CMD-104052;2025-09-04;11/09/2025;28/10/2025;CLI-0035;EMP-503;ENT-MTL;BD-1062;2;151,72;15,60;135,59;Portail web
CMD-104285;2025-09-25;02/10/2025;11/11/2025;CLI-0115;EMP-509;ENT-QC;BD-1056;12;424,66;13,70;293,14;Portail web
CMD-104785;10/11/2025;19-nov-25;;CLI-0143;EMP-503;ENT-MTL;BD-1169;6;485,41;15,80;282,28;Téléphone
CMD-103611;09/07/2025;2025-07-15;10/08/2025;CLI-0212;EMP-507;ENT-MTL;BD-1038;4;446,65;19,10;319,94;Représentant
CMD-104928;27/11/2025;01-déc-25;;CLI-0102;EMP-506;ENT-MTL;BD-1128;8;137,19;5,30;78,87;Portail web
CMD-103266;27/05/2025;30/05/2025;25-juil-25;CLI-0038;EMP-507;ENT-MTL;BD-1063;8;325,30;11,70;247,24;Portail web
CMD-104687;30/10/2025;08/11/2025;2025-12-29;CLI-0117;EMP-504;ENT-QC;BD-1065;6;242,09;2,90;155,19;Représentant
CMD-105107;27-déc-25;01/01/2026;;CLI-0045;EMP-502;ENT-QC;BD-1139;6;320,39;10,70;203,11;Représentant
CMD-102696;14/03/2025;2025-03-23;07/05/2025;CLI-0209;EMP-508;ENT-QC;BD-1048;2;40,81;20,30;33,51;Téléphone
CMD-103147;13/05/2025;18/05/2025;17-juil-25;CLI-0059;EMP-504;ENT-QC;BD-1072;19;318,11;19,60;236,88;Représentant
CMD-103567;02/07/2025;04-juil-25;31/08/2025;CLI-0057;EMP-507;ENT-QC;BD-1015;1;453,63;14,60;325,38;Représentant
CMD-103038;30/04/2025;2025-05-08;24/06/2025;CLI-0031;EMP-509;ENT-MTL;BD-1062;4;153,10;14,80;114,90;Téléphone
CMD-105011;n/d;20/12/2025;;CLI-0063;EMP-503;ENT-MTL;BD-1160;1;67,13;14,80;41,56;Téléphone
CMD-102475;03/02/2025;10-févr-25;30/03/2025;CLI-0054;EMP-507;ENT-SAG;BD-1019;3;256,01;15,00;173,78;Représentant
CMD-103989;2025-08-29;01/09/2025;12/10/2025;CLI-0047;EMP-508;ENT-MTL;BD-1022;4;382,43;15,80;298,47;Représentant
CMD-103227;22-mai-25;29/05/2025;18/06/2025;CLI-0169;EMP-507;ENT-SAG;BD-1064;2;112,62;10,10;70,89;Représentant
CMD-104930;27/11/2025;2025-12-05;;CLI-0072;EMP-501;ENT-MTL;BD-1178;3;173,98;15,30;119,43;Téléphone
CMD-103477;2025-06-23;26/06/2025;09/08/2025;CLI-0074;EMP-507;ENT-QC;BD-1053;25;249,84;23,60;180,55;Représentant
CMD-102643;2025-03-08;15/03/2025;18/04/2025;CLI-0118;EMP-504;ENT-MTL;BD-1020;12;48,23;16,10;33,12;Téléphone
CMD-102476;03/02/2025;10/02/2025;2025-03-18;CLI-0043;EMP-506;ENT-MTL;BD-1180;6;169,32;10,60;95,30;Représentant
CMD-103686;22/07/2025;24/07/2025;2025-09-16;CLI-0017;EMP-507;ENT-SAG;BD-1036;24;216,09;15,80;191,63;Téléphone
CMD-102537;17/02/2025;23/02/2025;2025-04-08;CLI-0153;EMP-507;ENT-QC;BD-1138;2;124,55;15,40;88,19;Portail web
CMD-104233;20/09/2025;2025-09-27;06/11/2025;CLI-0014;EMP-502;ENT-MTL;BD-1035;4;47,22;2,40;30,63;Portail web
CMD-104540;2025-10-16;21/10/2025;21/11/2025;CLI-0188;EMP-506;ENT-MTL;BD-1077;2;285,61;16,50;171,09;Téléphone
CMD-104658;28/10/2025;06/11/2025;08-déc-25;CLI-0048;EMP-508;ENT-MTL;BD-1094;6;178,91;12,20;124,30;Représentant
CMD-104910;26/11/2025;03/12/2025;;CLI-0138;EMP-506;ENT-QC;BD-1002;2;444,26;5,20;298,72;Portail web
CMD-102344;06/01/2025;2025-01-13;16/02/2025;CLI-0002;EMP-509;ENT-MTL;BD-1179;3;394,17;8,70;231,35;Représentant
CMD-104786;2025-11-11;13/11/2025;06/12/2025;CLI-0049;EMP-508;ENT-MTL;BD-1135;2;61,09;16,70;40,73;Représentant
CMD-103153;14/05/2025;2025-05-22;16/07/2025;CLI-0040;EMP-509;ENT-MTL;BD-1126;6;175,45;13,30;133,03;Courriel
CMD-103850;14-août-25;19/08/2025;17/10/2025;CLI-0151;EMP-504;ENT-SAG;BD-1045;6;123,83;5,50;78,37;Téléphone
CMD-104747;05/11/2025;2025-11-10;20/12/2025;CLI-0109;EMP-501;ENT-MTL;BD-1100;4;500,56;6,70;369,19;Portail web
CMD-103189;19/05/2025;2025-05-25;10/07/2025;CLI-0217;EMP-506;ENT-MTL;BD-1124;15;206,67;18,90;153,77;Représentant
CMD-103478;23/06/2025;29/06/2025;2025-07-30;CLI-0145;EMP-504;ENT-MTL;BD-1167;8;352,17;5,10;209,73;Portail web
CMD-102346;06/01/2025;09/01/2025;20/02/2025;CLI-0137;EMP-503;ENT-MTL;BD-1069;49;297,13;25,50;202,67;Courriel
CMD-103863;15/08/2025;2025-08-18;13/10/2025;CLI-0160;EMP-508;ENT-QC;BD-1059;4;497,14;5,70;391,48;Représentant
CMD-103921;21/08/2025;28/08/2025;2025-10-07;CLI-0093;EMP-508;ENT-MTL;BD-1010;2;135,93;16,60;88,91;Portail web
CMD-103171;2025-05-16;25/05/2025;08/07/2025;CLI-0105;EMP-502;ENT-QC;BD-1101;2;102,44;5,60;75,83;Portail web
CMD-103823;2025-08-12;21/08/2025;26/09/2025;CLI-0061;EMP-503;ENT-QC;BD-1017;3;474,33;15,90;313,71;Téléphone
CMD-103905;2025-08-20;26/08/2025;;CLI-0099;EMP-505;ENT-MTL;BD-1045;6;101,49;22,60;78,37;Représentant
CMD-103286;28/05/2025;30/05/2025;2025-07-02;CLI-0187;EMP-507;ENT-MTL;BD-1107;6;188,07;14,60;150,54;Représentant
CMD-104205;18/09/2025;26/09/2025;;CLI-0080;EMP-506;ENT-SAG;BD-1067;1;35,99;13,50;28,64;Courriel
CMD-103478;23/06/2025;29/06/2025;30-juil-25;CLI-0145;EMP-504;ENT-MTL;BD-1124;24;241,89;5,10;153,77;Téléphone
CMD-102613;2025-03-04;10/03/2025;09/05/2025;CLI-0011;EMP-507;ENT-SAG;BD-1038;8;537,09;2,70;319,94;Téléphone
CMD-104246;22-sept-25;28/09/2025;30/10/2025;CLI-0073;EMP-501;ENT-MTL;BD-1175;3;143,29;15,60;96,85;Courriel
CMD-104290;25/09/2025;03-oct-25;04/12/2025;CLI-0133;EMP-508;ENT-MTL;BD-1059;3;445,73;15,50;391,48;Portail web
CMD-103787;07/08/2025;13-août-25;02/10/2025;CLI-0152;EMP-503;ENT-MTL;BD-1006;4;320,67;4,20;182,47;Téléphone
CMD-103352;05/06/2025;11/06/2025;2025-08-07;CLI-0148;EMP-501;ENT-SAG;BD-1103;8;191,21;16,10;154,84;Représentant
CMD-102538;17/02/2025;19/02/2025;24/03/2025;CLI-0132;EMP-507;ENT-MTL;BD-1149;4;152,25;16,90;111,14;Représentant
CMD-104177;16/09/2025;20/09/2025;24-oct-25;CLI-0183;EMP-506;ENT-QC;BD-1141;8;467,60;6,30;314,24;Téléphone
CMD-105081;23-déc-25;26/12/2025;;CLI-0048;EMP-508;ENT-SAG;BD-1144;6;154,62;13,40;98,33;Représentant
CMD-102450;28/01/2025;2025-01-30;07/03/2025;CLI-0026;EMP-506;ENT-QC;BD-1025;12;203,59;12,90;149,35;Portail web
CMD-104331;29/09/2025;2025-10-01;02/11/2025;CLI-0207;EMP-501;ENT-SAG;BD-1181;8;577,71;7,50;312,40;Représentant
CMD-102960;21/04/2025;2025-04-27;13/06/2025;CLI-0009;EMP-502;ENT-MTL;BD-1101;15;86,64;20,10;64,26;Représentant
CMD-103892;19/08/2025;22/08/2025;2025-09-26;CLI-0006;EMP-505;ENT-QC;BD-1020;6;48,46;15,70;33,12;Téléphone
CMD-104907;25/11/2025;28/11/2025;;CLI-0136;EMP-507;ENT-QC;BD-1072;4;339,87;14,10;236,88;Représentant
CMD-104097;2025-09-09;17/09/2025;22/11/2025;CLI-0041;EMP-508;ENT-MTL;BD-1157;6;46,89;10,40;25,21;Représentant
CMD-102457;2025-01-29;31/01/2025;16/04/2025;CLI-0052;EMP-504;ENT-MTL;BD-1173;4;334,39;16,10;212,35;Représentant
CMD-104623;24/10/2025;31/10/2025;;CLI-0035;EMP-503;ENT-QC;BD-1142;6;140,73;13,70;100,93;Portail web
CMD-104372;02/10/2025;04/10/2025;;CLI-0092;EMP-508;ENT-MTL;BD-1095;6;98,79;4,70;64,62;Représentant
CMD-102433;23/01/2025;26/01/2025;2025-03-13;CLI-0087;EMP-502;ENT-QC;BD-1141;3;421,73;15,50;314,24;Représentant
CMD-104489;13-oct-25;16/10/2025;08/12/2025;CLI-0085;EMP-503;ENT-QC;BD-1078;12;363,52;5,20;238,11;Salon
CMD-104710;31-oct-25;03/11/2025;29/11/2025;CLI-0012;EMP-501;ENT-SAG;BD-1079;9;214,28;18,70;147,87;Portail web
CMD-102892;11/04/2025;20/04/2025;03/06/2025;CLI-0172;EMP-502;ENT-QC;BD-1159;4;277,36;4,00;169,65;Courriel
CMD-102820;2025-04-02;10/04/2025;16/05/2025;CLI-0031;EMP-509;ENT-SAG;BD-1040;4;392,06;11,00;274,41;Représentant
CMD-103400;12-juin-25;20/06/2025;19/07/2025;CLI-0131;EMP-502;ENT-QC;BD-1115;24;64,24;14,00;47,23;Représentant
CMD-103818;2025-08-11;20/08/2025;24/09/2025;CLI-0014;EMP-502;ENT-SAG;BD-1009;6;102,47;2,60;67,67;Portail web
CMD-102366;09/01/2025;2025-01-12;14/02/2025;CLI-0041;EMP-508;ENT-SAG;BD-1153;4;167,22;16,70;116,00;Représentant
CMD-102457;29-janv-25;31/01/2025;16/04/2025;CLI-0052;EMP-504;ENT-MTL;BD-1058;12;205,35;16,10;149,54;Portail web
CMD-103158;14/05/2025;16/05/2025;;CLI-0056;EMP-502;ENT-QC;BD-1030;10;137,57;24,80;119,13;Représentant
CMD-104229;2025-09-19;23/09/2025;14/11/2025;CLI-0109;EMP-501;ENT-MTL;BD-1097;3;356,53;3,10;253,06;Portail web
CMD-102938;17/04/2025;26-avr-25;05/06/2025;CLI-0081;EMP-502;ENT-MTL;BD-1101;2;93,47;13,80;64,26;Représentant
CMD-103941;25/08/2025;03/09/2025;2025-10-22;CLI-0186;EMP-507;ENT-SAG;BD-1134;2;103,53;5,80;61,77;Courriel
CMD-104061;05/09/2025;11/09/2025;21-nov-25;CLI-0060;EMP-508;ENT-QC;BD-1167;12;345,41;6,90;209,73;Portail web
CMD-103204;2025-05-20;29/05/2025;;CLI-0169;EMP-507;ENT-MTL;BD-1035;8;42,77;11,60;30,63;Représentant
CMD-103592;2025-07-07;16/07/2025;05/08/2025;CLI-0167;EMP-506;ENT-SAG;BD-1107;12;205,01;6,90;150,54;Représentant
CMD-102339;03/01/2025;08/01/2025;2025-02-20;CLI-0049;EMP-508;ENT-QC;BD-1148;12;384,80;16,30;302,28;Salon
CMD-104253;23/09/2025;02/10/2025;27-nov-25;CLI-0076;EMP-507;ENT-SAG;BD-1055;5;244,22;25,60;213,75;Représentant
CMD-102624;05/03/2025;10-mars-25;23/04/2025;CLI-0167;EMP-506;ENT-MTL;BD-1180;1;176,54;6,80;95,30;Représentant
CMD-102801;2025-03-31;05/04/2025;05/05/2025;CLI-0056;EMP-502;ENT-MTL;BD-1081;14;471,00;20,60;309,18;Téléphone
CMD-104428;2025-10-08;10/10/2025;06/11/2025;CLI-0193;EMP-509;ENT-QC;BD-1108;2;244,49;10,50;169,96;Représentant
CMD-104264;23/09/2025;25/09/2025;18-nov-25;CLI-0099;EMP-505;ENT-QC;BD-1049;28;41,66;23,70;31,22;Portail web
CMD-102390;15/01/2025;20/01/2025;05/03/2025;CLI-0047;EMP-508;ENT-QC;BD-1164;3;172,21;11,70;100,45;Téléphone
CMD-104836;18/11/2025;26-nov-25;;CLI-0130;EMP-508;ENT-MTL;BD-1092;10;221,92;21,40;168,72;Représentant
CMD-103487;23-juin-25;29/06/2025;19/08/2025;CLI-0209;EMP-508;ENT-QC;BD-1170;9;26,88;23,50;16,95;Représentant
CMD-104222;19/09/2025;23/09/2025;31/10/2025;CLI-0180;EMP-509;ENT-QC;BD-1094;4;0,00;3,20;124,30;Portail web
CMD-104965;03/12/2025;2025-12-05;;CLI-0062;EMP-507;ENT-SAG;BD-1092;3;250,71;11,20;168,72;Téléphone
CMD-102531;14/02/2025;2025-02-18;13/04/2025;CLI-0033;EMP-504;ENT-QC;BD-1062;2;160,49;10,70;114,90;Téléphone
CMD-104963;02/12/2025;2025-12-10;;CLI-0074;EMP-507;ENT-SAG;BD-1131;16;52,20;22,10;37,08;Représentant
CMD-103105;08/05/2025;14/05/2025;14-juin-25;CLI-0147;EMP-506;ENT-QC;BD-1052;1;289,71;5,60;183,03;Téléphone
CMD-102455;2025-01-29;07/02/2025;21/03/2025;CLI-0088;EMP-504;ENT-QC;BD-1022;6;395,95;12,90;252,94;Représentant
CMD-102510;11/02/2025;2025-02-16;07/04/2025;CLI-0076;EMP-507;ENT-QC;BD-1087;4;303,83;21,20;215,66;Représentant
CMD-102460;2025-01-30;05/02/2025;26/03/2025;CLI-0209;EMP-508;ENT-SAG;BD-1077;7;260,84;23,70;171,09;Portail web
CMD-104033;2025-09-03;05/09/2025;06/11/2025;CLI-0063;EMP-503;ENT-QC;BD-1059;3;442,96;16,00;391,48;Téléphone
CMD-104920;27/11/2025;2025-12-05;;CLI-0118;EMP-504;ENT-MTL;BD-1165;24;160,22;12,90;107,92;Courriel
CMD-102961;21/04/2025;29/04/2025;2025-06-12;CLI-0089;EMP-502;ENT-MTL;BD-1157;22;38,98;25,50;25,21;Téléphone
CMD-103358;2025-06-06;12/06/2025;16/08/2025;CLI-0044;EMP-505;ENT-QC;BD-1036;12;213,48;16,90;191,63;Portail web
CMD-104262;2025-09-23;01/10/2025;19/11/2025;CLI-0115;EMP-509;ENT-MTL;BD-1098;4;381,54;13,50;309,76;Téléphone
CMD-104501;14/10/2025;22/10/2025;2025-12-04;CLI-0056;EMP-502;ENT-MTL;BD-1082;15;379,37;20,20;335,40;Portail web
CMD-103301;30-mai-25;08/06/2025;11/07/2025;CLI-0025;EMP-509;ENT-MTL;BD-1114;6;210,80;16,50;152,73;Portail web
CMD-102647;2025-03-10;13/03/2025;12/04/2025;CLI-0026;EMP-506;ENT-MTL;BD-1156;2;269,57;10,80;164,64;Courriel
CMD-103317;02/06/2025;2025-06-04;27/07/2025;CLI-0106;EMP-501;ENT-QC;BD-1116;1;77,62;12,50;60,17;Représentant
CMD-103137;2025-05-12;14/05/2025;30/06/2025;CLI-0204;EMP-506;ENT-MTL;BD-1041;2;232,59;8,30;163,24;Représentant
CMD-102363;08/01/2025;15/01/2025;2025-02-14;CLI-0132;EMP-507;ENT-QC;BD-1117;8;123,64;16,60;100,34;Portail web
CMD-103887;18-août-25;20/08/2025;;CLI-0209;EMP-508;ENT-QC;BD-1017;5;437,92;22,30;313,71;Représentant
CMD-103466;2025-06-19;24/06/2025;05/08/2025;CLI-0108;EMP-503;ENT-MTL;BD-1109;2;411,71;10,50;310,20;Courriel
CMD-104846;18/11/2025;2025-11-20;;CLI-0139;EMP-506;ENT-QC;BD-1038;2;465,24;15,70;319,94;Représentant
CMD-103081;06/05/2025;09-mai-25;28/06/2025;CLI-0056;EMP-502;ENT-QC;BD-1163;54;494,61;19,40;300,77;Représentant
CMD-104181;2025-09-16;25/09/2025;16/11/2025;CLI-0024;EMP-504;ENT-SAG;BD-1055;3;319,13;2,80;213,75;Téléphone
CMD-104316;27/09/2025;01/10/2025;2025-11-25;CLI-0019;EMP-502;ENT-SAG;BD-1169;6;561,82;2,60;282,28;Représentant
CMD-104575;20/10/2025;2025-10-28;17/12/2025;CLI-0012;EMP-501;ENT-QC;BD-1153;12;155,23;22,60;116,00;Représentant
CMD-104443;09/10/2025;16/10/2025;2025-12-18;CLI-0132;EMP-507;ENT-QC;BD-1129;6;62,01;13,70;46,45;Portail web
CMD-102579;26-févr-25;02/03/2025;02/05/2025;CLI-0055;EMP-506;ENT-MTL;BD-1179;1;418,47;3,00;231,35;Portail web
CMD-103500;25/06/2025;03/07/2025;09/08/2025;CLI-0059;EMP-504;ENT-QC;BD-1042;12;343,39;22,20;267,02;Courriel
CMD-103974;27-août-25;01/09/2025;06/10/2025;CLI-0089;EMP-502;ENT-MTL;BD-1016;22;334,09;19,20;224,02;Représentant
CMD-102435;24/01/2025;29/01/2025;24-mars-25;CLI-0029;EMP-506;ENT-QC;BD-1135;5;55,40;24,40;40,73;Représentant
CMD-104340;2025-09-30;07/10/2025;12/11/2025;CLI-0195;EMP-506;ENT-QC;BD-1091;6;473,86;16,60;336,22;Représentant
CMD-104823;14/11/2025;2025-11-23;;CLI-0098;EMP-509;ENT-SAG;BD-1031;12;477,31;8,10;300,62;Portail web
CMD-102485;04/02/2025;08-févr-25;16/04/2025;  CLI-0148;EMP-501;ENT-QC;BD-1179;8;387,95;10,10;231,35;Représentant
CMD-103431;16-juin-25;21/06/2025;22/08/2025;CLI-0185;EMP-508;ENT-QC;BD-1162;8;103,98;24,10;68,38;Représentant
CMD-102511;2025-02-11;17/02/2025;16/04/2025;CLI-0032;EMP-504;ENT-MTL;BD-1130;2;514,46;8,80;323,89;Téléphone
CMD-104640;2025-10-27;02/11/2025;09/12/2025;CLI-0078;EMP-504;ENT-MTL;BD-1072;2;374,35;5,40;236,88;Représentant
CMD-103645;15/07/2025;21/07/2025;2025-09-06;CLI-0012;EMP-501;ENT-MTL;BD-1012;5;93,57;23,10;69,62;Représentant
CMD-104555;17/10/2025;22/10/2025;;CLI-0132;EMP-507;ENT-MTL;BD-1043;2;462,05;12,50;300,28;Courriel
CMD-104229;19-sept-25;23/09/2025;14/11/2025;CLI-0109;EMP-501;ENT-MTL;BD-1076;4;543,55;3,10;338,68;Représentant
CMD-105068;2025-12-22;31/12/2025;;CLI-0191;EMP-504;ENT-QC;BD-1152;2;402,57;16,30;271,40;Téléphone
CMD-104009;2025-09-01;09/09/2025;30/10/2025;CLI-0037;EMP-504;ENT-MTL;BD-1114;17;200,53;20,60;152,73;Représentant
CMD-104814;13-nov-25;17/11/2025;;CLI-0216;EMP-503;ENT-QC;BD-1118;8;482,92;2,80;343,17;Représentant
CMD-102619;2025-03-05;12/03/2025;14/04/2025;CLI-0217;EMP-506;ENT-QC;BD-1057;5;24,39;18,30;19,66;Représentant
CMD-103971;27/08/2025;04/09/2025;12-nov-25;CLI-0044;EMP-505;ENT-MTL;BD-1005;8;274,29;16,10;208,35;Représentant
CMD-102494;06-févr-25;14/02/2025;20/03/2025;CLI-0093;EMP-508;ENT-MTL;BD-1133;3;90,66;10,60;62,95;Représentant
CMD-103111;09/05/2025;17/05/2025;2025-07-01;CLI-0075;EMP-506;ENT-SAG;BD-1115;3;69,62;6,80;47,23;Représentant
CMD-103988;29/08/2025;03/09/2025;2025-11-12;CLI-0131;EMP-502;ENT-SAG;BD-1054;24;387,29;16,90;262,94;Portail web
CMD-103643;15/07/2025;2025-07-17;12/08/2025;CLI-0045;EMP-502;ENT-MTL;BD-1145;3;162,29;11,90;111,12;Représentant
CMD-103676;21/07/2025;27/07/2025;2025-09-26;CLI-0102;EMP-506;ENT-MTL;BD-1108;2;262,97;3,70;169,96;Portail web
CMD-104415;07/10/2025;11/10/2025;06/12/2025;CLI-0053;EMP-509;ENT-QC;BD-1069;2;332,24;16,70;239,15;Portail web
CMD-104864;2025-11-20;22/11/2025;;CLI-0188;EMP-506;ENT-MTL;BD-1155;8;485,60;10,40;329,15;Téléphone
CMD-102696;14/03/2025;2025-03-23;07/05/2025;CLI-0209;EMP-508;ENT-QC;BD-1175;6;135,30;20,30;96,85;Représentant
CMD-103166;15-mai-25;22/05/2025;27/06/2025;CLI-0182;EMP-503;ENT-MTL;BD-1121;4;68,94;11,40;44,65;Représentant
CMD-104209;18/09/2025;24/09/2025;2025-11-06;CLI-0127;EMP-503;ENT-MTL;BD-1163;3;546,40;10,90;300,77;Représentant
CMD-102940;17/04/2025;2025-04-25;04/06/2025;CLI-0106;EMP-501;ENT-QC;BD-1027;3;408,18;10,90;254,96;Portail web
CMD-102727;20/03/2025;2025-03-29;04/05/2025;CLI-0056;EMP-502;ENT-MTL;BD-1169;2;459,56;20,30;282,28;Portail web
CMD-103524;27/06/2025;06/07/2025;03/09/2025;CLI-0220;EMP-506;ENT-MTL;BD-1179;2;387,65;10,20;231,35;Représentant
CMD-104933;28/11/2025;07/12/2025;;CLI-0009;EMP-502;ENT-QC;BD-1085;6;52,44;22,00;49,28;Portail web
CMD-104903;2025-11-25;28/11/2025;26/12/2025;CLI-0137;EMP-503;ENT-MTL;BD-1170;64;26,99;23,20;16,95;Représentant
CMD-104678;29/10/2025;04/11/2025;14/12/2025;CLI-0074;EMP-507;ENT-MTL;BD-1072;8;315,31;20,30;236,88;Portail web
CMD-103748;04-août-25;08/08/2025;22/09/2025;CLI-0166;EMP-503;ENT-QC;BD-1037;3;26,44;11,60;16,65;Représentant
CMD-103701;25/07/2025;02/08/2025;14-sept-25;CLI-0076;EMP-507;ENT-SAG;BD-1126;7;152,14;24,80;133,03;Portail web
CMD-104402;06/10/2025;11/10/2025;2025-12-13;CLI-0192;EMP-505;ENT-MTL;BD-1127;4;286,10;5,00;174,31;Représentant
CMD-102741;21/03/2025;29/03/2025;24/05/2025;CLI-0107;EMP-506;ENT-QC;BD-1065;3;233,88;6,20;131,52;Représentant
CMD-104708;31/10/2025;08/11/2025;2025-12-23;CLI-0112;EMP-505;ENT-MTL;BD-1048;2;45,05;12,00;33,51;Téléphone
CMD-102687;13/03/2025;21/03/2025;2025-04-30;CLI-0211;EMP-504;ENT-MTL;BD-1050;12;452,79;10,20;297,82;Téléphone
CMD-104523;15/10/2025;23/10/2025;20-nov-25;CLI-0185;EMP-508;ENT-QC;BD-1065;6;194,21;22,10;155,19;Représentant
CMD-103932;22/08/2025;2025-08-27;28/09/2025;CLI-0047;EMP-508;ENT-MTL;BD-1040;6;393,45;10,70;274,41;Représentant
CMD-104110;10/09/2025;2025-09-19;02/11/2025;CLI-0004;EMP-505;ENT-QC;BD-1051;3;121,72;6,10;79,76;Courriel
CMD-103281;28-mai-25;03/06/2025;25/07/2025;CLI-0047;EMP-508;ENT-MTL;BD-1018;3;401,14;13,70;247,17;Représentant
CMD-103165;15/05/2025;19/05/2025;2025-06-27;CLI-0070;EMP-503;ENT-QC;BD-1110;12;267,34;5,80;182,67;Représentant
CMD-103085;06/05/2025;14/05/2025;2025-07-25;CLI-0047;EMP-508;ENT-MTL;BD-1004;6;238,15;13,10;158,83;Représentant
CMD-103366;09/06/2025;2025-06-15;02/08/2025;CLI-0061;EMP-503;ENT-QC;BD-1061;8;101,29;14,30;76,81;Représentant
CMD-102579;26/02/2025;2025-03-02;02/05/2025;CLI-0055;EMP-506;ENT-MTL;BD-1016;2;400,74;3,00;224,02;Représentant
CMD-105092;25-déc-25;28/12/2025;;CLI-0034;EMP-507;ENT-SAG;BD-1065;12;216,52;13,20;155,19;Représentant
CMD-103372;10/06/2025;17/06/2025;2025-07-28;CLI-0089;EMP-502;ENT-MTL;BD-1024;12;266,09;20,40;189,35;Téléphone
CMD-104377;02/10/2025;05-oct-25;03/11/2025;CLI-0066;EMP-507;ENT-MTL;BD-1134;12;95,16;13,50;61,77;Portail web
CMD-103920;2025-08-20;29/08/2025;08/10/2025;CLI-0120;EMP-509;ENT-QC;BD-1004;2;257,49;6,10;158,83;Représentant
CMD-104329;29/09/2025;2025-10-07;02/12/2025;CLI-0057;EMP-507;ENT-MTL;BD-1042;4;375,05;15,00;267,02;Représentant
CMD-102566;21/02/2025;2025-02-23;24/03/2025;CLI-0216;EMP-503;ENT-MTL;BD-1174;6;281,11;4,70;169,01;Portail web
CMD-103557;01/07/2025;09/07/2025;2025-09-07;CLI-0009;EMP-502;ENT-MTL;BD-1178;2;157,81;23,10;119,43;Portail web
CMD-104600;22/10/2025;27/10/2025;27-déc-25;CLI-0011;EMP-507;ENT-QC;BD-1178;4;197,47;3,80;119,43;Représentant
CMD-103945;25-août-25;29/08/2025;06/10/2025;CLI-0038;EMP-507;ENT-QC;BD-1168;3;352,04;12,00;229,43;Représentant
CMD-104741;04-nov-25;10/11/2025;18/12/2025;CLI-0059;EMP-504;ENT-QC;BD-1052;2;239,98;21,80;183,03;Représentant
CMD-104461;10/10/2025;2025-10-19;04/12/2025;CLI-0208;EMP-507;ENT-MTL;BD-1094;2;172,64;15,30;124,30;Téléphone
CMD-104105;10/09/2025;14/09/2025;2025-10-25;CLI-0009;EMP-502;ENT-MTL;BD-1003;19;236,62;20,60;227,23;Téléphone
CMD-104044;04/09/2025;10/09/2025;2025-10-12;CLI-0074;EMP-507;ENT-QC;BD-1098;17;343,16;22,20;309,76;Représentant
CMD-103468;20/06/2025;25/06/2025;26-août-25;CLI-0164;EMP-509;ENT-QC;BD-1064;3;119,02;5,00;70,89;Représentant
CMD-103383;11/06/2025;16/06/2025;2025-08-22;CLI-0144;EMP-502;ENT-MTL;BD-1063;1;315,10;14,50;247,24;Représentant
CMD-104114;2025-09-10;18/09/2025;15/11/2025;CLI-0089;EMP-502;ENT-QC;BD-1051;5;104,03;19,80;79,76;Représentant
CMD-104969;03/12/2025;08-déc-25;;CLI-0056;EMP-502;ENT-MTL;BD-1139;4;291,17;18,80;203,11;Portail web
CMD-104872;20/11/2025;25/11/2025;;CLI-0092;EMP-508;ENT-MTL;BD-1068;2;544,73;3,40;342,49;Représentant
CMD-104976;2025-12-04;08/12/2025;;CLI-0009;EMP-502;ENT-MTL;BD-1156;10;227,65;24,60;164,64;Représentant
CMD-103870;16/08/2025;21/08/2025;29/09/2025;CLI-0056;EMP-502;ENT-MTL;BD-1083;23;237,90;22,60;189,32;Téléphone
CMD-103048;01/05/2025;06/05/2025;10/06/2025;CLI-0059;EMP-504;ENT-SAG;BD-1046;17;390,81;18,10;372,17;Portail web
CMD-104845;18/11/2025;25/11/2025;;CLI-0056;EMP-502;ENT-MTL;BD-1065;5;200,52;19,60;155,19;Représentant
CMD-103483;23/06/2025;25/06/2025;01-août-25;CLI-0033;EMP-504;ENT-MTL;BD-1038;8;482,02;12,60;319,94;Portail web
CMD-104007;01/09/2025;03/09/2025;12-nov-25;CLI-0067;EMP-502;ENT-MTL;BD-1015;6;449,05;15,40;325,38;Représentant
CMD-103450;18/06/2025;25/06/2025;31/07/2025;CLI-0035;EMP-503;ENT-MTL;BD-1123;3;182,70;16,00;132,28;Téléphone
CMD-105036;17/12/2025;20-déc-25;;CLI-0014;EMP-502;ENT-MTL;BD-1144;3;162,78;8,80;98,33;Téléphone
CMD-103527;27/06/2025;2025-07-02;30/07/2025;CLI-0063;EMP-503;ENT-SAG;BD-1108;2;243,06;11,00;169,96;Représentant
CMD-104831;17/11/2025;25/11/2025;;CLI-0012;EMP-501;ENT-SAG;BD-1037;8;23,43;21,70;16,65;Représentant
CMD-103645;15/07/2025;21/07/2025;2025-09-06;CLI-0012;EMP-501;ENT-MTL;BD-1016;3;317,69;23,10;224,02;Représentant
CMD-103621;10/07/2025;15-juil-25;27/09/2025;CLI-0037;EMP-504;ENT-QC;BD-1031;26;413,93;20,30;300,62;Téléphone
CMD-103043;30/04/2025;03/05/2025;2025-06-13;CLI-0089;EMP-502;ENT-QC;BD-1060;7;303,31;23,40;246,98;Téléphone
CMD-105073;23/12/2025;28-déc-25;;CLI-0182;EMP-503;ENT-MTL;BD-1129;1;60,00;16,50;46,45;Représentant
CMD-104493;13-oct-25;21/10/2025;11/12/2025;CLI-0124;EMP-509;ENT-MTL;BD-1140;4;61,70;2,90;41,26;Représentant
CMD-104492;13/10/2025;22-oct-25;30/11/2025;CLI-0061;EMP-503;ENT-SAG;BD-1140;8;55,87;12,10;41,26;Portail web
CMD-102408;2025-01-17;22/01/2025;20/03/2025;CLI-0043;EMP-506;ENT-QC;BD-1093;8;200,09;10,60;134,96;Représentant
CMD-103636;14/07/2025;18/07/2025;2025-09-10;CLI-0148;EMP-501;ENT-MTL;BD-1008;24;204,06;12,70;155,34;Représentant
CMD-103008;26/04/2025;03/05/2025;2025-06-27;CLI-0118;EMP-504;ENT-SAG;BD-1038;2;476,62;13,60;319,94;Téléphone
CMD-104441;08/10/2025;11/10/2025;28-nov-25;CLI-0016;EMP-505;ENT-MTL;BD-1070;3;70,77;7,10;48,05;Portail web
CMD-103222;22/05/2025;2025-05-24;24/06/2025;CLI-0142;EMP-508;ENT-QC;BD-1157;24;47,88;8,50;25,21;Représentant
CMD-103118;09/05/2025;18/05/2025;26-juin-25;CLI-0115;EMP-509;ENT-MTL;BD-1041;6;227,74;10,20;163,24;Représentant
CMD-104587;21/10/2025;23/10/2025;2025-11-22;CLI-0206;EMP-503;ENT-QC;BD-1170;12;30,30;13,80;16,95;Téléphone
CMD-104389;03/10/2025;05-oct-25;02/12/2025;CLI-0166;EMP-503;ENT-SAG;BD-1097;6;307,37;16,50;253,06;Représentant
CMD-104945;2025-11-29;01/12/2025;24/12/2025;CLI-0178;EMP-501;ENT-MTL;BD-1099;3;467,95;5,80;346,57;Représentant
CMD-102494;06/02/2025;14/02/2025;20/03/2025;CLI-0093;EMP-508;ENT-MTL;BD-1163;1;548,45;10,60;300,77;Représentant
CMD-104052;04-sept-25;11/09/2025;28/10/2025;CLI-0035;EMP-503;ENT-MTL;BD-1071;4;450,67;15,60;363,51;Téléphone
CMD-104445;09/10/2025;18-oct-25;13/12/2025;CLI-0107;EMP-506;ENT-MTL;BD-1144;1;166,05;7,00;98,33;Représentant
CMD-104724;03/11/2025;07/11/2025;;CLI-0057;EMP-507;ENT-MTL;BD-1073;1;400,71;10,90;307,22;Téléphone
CMD-104172;16-sept-25;23/09/2025;30/10/2025;CLI-0161;EMP-508;ENT-SAG;BD-1157;1;48,93;6,50;25,21;Courriel
CMD-103665;18-juil-25;24/07/2025;02/10/2025;CLI-0210;EMP-503;ENT-QC;BD-1062;3;168,56;6,20;135,59;Téléphone
CMD-102723;19-mars-25;26/03/2025;17/05/2025;CLI-0212;EMP-507;ENT-MTL;BD-1180;-1;140,92;25,60;95,30;Représentant
CMD-102688;13/03/2025;18/03/2025;22/04/2025;CLI-0201;EMP-504;ENT-QC;BD-1037;2;27,80;7,10;16,65;Téléphone
CMD-102742;22/03/2025;2025-03-25;05/05/2025;CLI-0201;EMP-504;ENT-QC;BD-1134;6;105,56;4,00;61,77;Représentant
CMD-102451;2025-01-28;02/02/2025;08/03/2025;CLI-0163;EMP-505;ENT-MTL;BD-1131;1;62,65;6,60;37,08;Représentant
CMD-102930;17-avr-25;22/04/2025;19/06/2025;CLI-0136;EMP-507;ENT-SAG;BD-1112;4;102,29;10,90;67,02;Salon
CMD-102918;16-avr-25;22/04/2025;11/06/2025;CLI-0137;EMP-503;ENT-MTL;BD-1148;8;369,82;19,60;302,28;Représentant
CMD-103747;2025-08-04;13/08/2025;11/10/2025;CLI-0005;EMP-503;ENT-QC;BD-1171;4;150,74;4,80;85,46;Représentant
CMD-103287;2025-05-28;31/05/2025;31/07/2025;CLI-0091;EMP-504;ENT-SAG;BD-1178;6;192,76;6,10;119,43;Portail web
CMD-102923;2025-04-16;21/04/2025;22/05/2025;CLI-0106;EMP-501;ENT-MTL;BD-1174;12;254,48;13,80;169,01;Téléphone
CMD-103469;2025-06-20;24/06/2025;;CLI-0182;EMP-503;ENT-SAG;BD-1084;8;500,47;13,80;375,89;Portail web
CMD-103759;05/08/2025;07/08/2025;09/09/2025;CLI-0012;EMP-501;ENT-QC;BD-1052;6;240,02;21,80;183,03;Téléphone
CMD-103330;03/06/2025;2025-06-08;19/08/2025;CLI-0144;EMP-502;ENT-QC;BD-1159;24;241,02;16,60;169,65;Téléphone
CMD-102444;27/01/2025;04/02/2025;30-mars-25;CLI-0200;EMP-509;ENT-QC;BD-1047;4;91,14;14,50;71,53;Représentant
CMD-104927;27/11/2025;2025-12-05;;CLI-0148;EMP-501;ENT-QC;BD-1030;1;156,98;14,20;119,13;Courriel
CMD-102366;2025-01-09;12/01/2025;14/02/2025;CLI-0041;EMP-508;ENT-SAG;BD-1133;6;84,50;16,70;62,95;Représentant
CMD-103321;02/06/2025;05-juin-25;26/07/2025;CLI-0176;EMP-503;ENT-MTL;BD-1064;2;122,21;2,40;70,89;Portail web
CMD-104481;11/10/2025;13/10/2025;2025-12-15;CLI-0218;EMP-503;ENT-QC;BD-1017;12;548,00;2,80;313,71;Représentant
CMD-103737;01-août-25;07/08/2025;22/09/2025;CLI-0108;EMP-503;ENT-MTL;BD-1065;2;220,95;11,40;155,19;Courriel
CMD-103910;2025-08-20;23/08/2025;17/10/2025;CLI-0099;EMP-505;ENT-QC;BD-1027;1;350,66;23,50;254,96;Portail web
CMD-102757;2025-03-25;28/03/2025;16/05/2025;CLI-0031;EMP-509;ENT-MTL;BD-1175;1;151,50;10,80;96,85;Téléphone
CMD-102630;06/03/2025;11/03/2025;04-mai-25;CLI-0034;EMP-507;ENT-MTL;BD-1140;3;53,44;15,90;41,26;Représentant
CMD-103545;2025-06-30;04/07/2025;31/08/2025;CLI-0072;EMP-501;ENT-MTL;BD-1015;4;463,51;12,70;325,38;Représentant
CMD-105066;22/12/2025;26/12/2025;;CLI-0131;EMP-502;ENT-MTL;BD-1073;12;390,33;13,20;307,22;Représentant
CMD-103670;2025-07-19;28/07/2025;10/09/2025;CLI-0137;EMP-503;ENT-SAG;BD-1106;11;406,71;23,30;340,08;Portail web
CMD-102464;30/01/2025;03/02/2025;20-mars-25;CLI-0148;EMP-501;ENT-SAG;BD-1009;1;93,87;10,70;67,67;Téléphone
CMD-102834;03/04/2025;11/04/2025;2025-05-09;CLI-0049;EMP-508;ENT-SAG;BD-1125;1;373,13;15,20;291,24;Représentant
CMD-102676;12/03/2025;2025-03-18;17/05/2025;CLI-0074;EMP-507;ENT-MTL;BD-1004;10;212,43;22,50;158,83;Téléphone
CMD-102890;11/04/2025;16-avr-25;18/06/2025;CLI-0075;EMP-506;ENT-MTL;BD-1060;4;383,15;3,20;246,98;Téléphone
CMD-102851;07/04/2025;2025-04-15;06/05/2025;CLI-0146;EMP-503;ENT-QC;BD-1112;4;100,33;12,70;67,02;Représentant
CMD-103213;2025-05-21;24/05/2025;12/07/2025;CLI-0211;EMP-504;ENT-MTL;BD-1044;2;288,28;10,80;199,55;Représentant
CMD-102578;25/02/2025;2025-03-04;09/04/2025;CLI-0044;EMP-505;ENT-SAG;BD-1116;2;76,64;13,60;60,17;Téléphone
CMD-103003;25/04/2025;2025-04-30;01/07/2025;CLI-0017;EMP-507;ENT-MTL;BD-1084;1;488,56;15,90;318,55;Portail web
CMD-104284;25/09/2025;2025-10-03;30/10/2025;CLI-0155;EMP-506;ENT-MTL;BD-1110;2;239,29;15,70;182,67;Téléphone
CMD-104720;03/11/2025;07/11/2025;31/12/2025;CLI-0204;EMP-506;ENT-SAG;BD-1071;8;511,79;4,10;363,51;Portail web
CMD-104287;25-sept-25;27/09/2025;24/11/2025;CLI-0012;EMP-501;ENT-SAG;BD-1083;2;240,66;21,70;189,32;Portail web
CMD-104462;10-oct-25;19/10/2025;07/12/2025;CLI-0184;EMP-503;ENT-MTL;BD-1104;24;108,20;2,20;76,70;Courriel
CMD-104515;2025-10-15;20/10/2025;26/11/2025;CLI-0132;EMP-507;ENT-SAG;BD-1141;3;439,73;11,90;314,24;Courriel
CMD-104164;15/09/2025;19/09/2025;2025-11-06;CLI-0135;EMP-506;ENT-QC;BD-1058;8;209,71;14,30;149,54;Portail web
CMD-104175;16/09/2025;2025-09-24;16/11/2025;CLI-0121;EMP-508;ENT-SAG;BD-1079;2;233,82;11,30;147,87;Représentant
CMD-103560;02/07/2025;05/07/2025;30-août-25;CLI-0130;EMP-508;ENT-QC;BD-1006;4;259,64;22,40;182,47;Représentant
CMD-103040;30/04/2025;2025-05-03;12/06/2025;CLI-0033;EMP-504;ENT-QC;BD-1012;4;101,43;16,70;69,62;Portail web
CMD-104368;02/10/2025;08/10/2025;2025-12-06;CLI-0031;EMP-509;ENT-MTL;BD-1110;2;244,42;13,90;182,67;Représentant
CMD-103265;27/05/2025;30/05/2025;2025-07-20;CLI-0141;EMP-502;ENT-MTL;BD-1049;6;45,60;16,60;31,22;Représentant
CMD-105103;26-déc-25;03/01/2026;;CLI-0099;EMP-505;ENT-QC;BD-1067;2;33,28;20,00;28,64;Représentant
CMD-104301;26/09/2025;02-oct-25;06/11/2025;CLI-0063;EMP-503;ENT-QC;BD-1042;1;392,25;11,10;267,02;Représentant
CMD-104740;04/11/2025;09/11/2025;13-déc-25;CLI-0104;EMP-501;ENT-QC;BD-1150;2;604,01;3,50;347,06;Représentant
CMD-104000;01/09/2025;08/09/2025;2025-10-30;CLI-0014;EMP-502;ENT-QC;BD-1165;6;175,45;4,70;107,92;Représentant
CMD-104861;19/11/2025;21/11/2025;;CLI-0185;EMP-508;ENT-MTL;BD-1095;5;81,46;21,40;64,62;Portail web
CMD-104045;04/09/2025;12/09/2025;29/10/2025;CLI-0130;EMP-508;ENT-QC;BD-1164;14;147,18;24,50;100,45;Portail web
CMD-103019;28/04/2025;01/05/2025;03-juin-25;CLI-0065;EMP-504;ENT-QC;BD-1064;6;120,04;4,20;70,89;Courriel
CMD-102868;08/04/2025;12/04/2025;07-juin-25;CLI-0191;EMP-504;ENT-SAG;BD-1063;8;324,46;11,90;247,24;Représentant
CMD-102440;25/01/2025;2025-01-28;21/03/2025;CLI-0193;EMP-509;ENT-QC;BD-1148;2;400,51;12,90;302,28;Représentant
CMD-102683;13/03/2025;21-mars-25;27/04/2025;CLI-0062;EMP-507;ENT-SAG;BD-1005;6;275,24;15,80;208,35;Portail web
CMD-103502;25/06/2025;27/06/2025;27/07/2025;CLI-0169;EMP-507;ENT-QC;BD-1015;2;457,62;13,80;325,38;Téléphone
CMD-103247;2025-05-23;30/05/2025;12/07/2025;CLI-0134;EMP-509;ENT-QC;BD-1130;6;548,63;2,80;323,89;Représentant
CMD-104378;02-oct-25;04/10/2025;26/11/2025;CLI-0130;EMP-508;ENT-QC;BD-1131;24;50,19;25,10;37,08;Téléphone
CMD-104608;23/10/2025;27/10/2025;2025-12-21;CLI-0034;EMP-507;ENT-MTL;BD-1150;4;540,82;13,60;347,06;Téléphone
CMD-104222;19-sept-25;23/09/2025;31/10/2025;  CLI-0180;EMP-509;ENT-QC;BD-1139;24;347,37;3,20;203,11;Téléphone
CMD-104833;2025-11-17;23/11/2025;;CLI-0089;EMP-502;ENT-MTL;BD-1090;6;76,13;20,60;69,37;Portail web
CMD-105019;15/12/2025;17/12/2025;;CLI-0130;EMP-508;ENT-QC;BD-1144;1;135,44;24,10;98,33;Téléphone
CMD-103054;01/05/2025;08-mai-25;26/06/2025;CLI-0137;EMP-503;ENT-MTL;BD-1109;21;345,95;24,80;310,20;Portail web
CMD-102833;03/04/2025;2025-04-06;31/05/2025;CLI-0037;EMP-504;ENT-MTL;BD-1115;5;60,43;19,10;47,23;Téléphone
CMD-103992;30/08/2025;2025-09-03;12/10/2025;  CLI-0130;EMP-508;ENT-QC;BD-1010;6;121,76;25,30;88,91;Portail web
CMD-104955;01-déc-25;04/12/2025;;CLI-0161;EMP-508;ENT-QC;BD-1074;3;185,11;4,70;130,44;Représentant
CMD-103386;2025-06-11;19/06/2025;11/08/2025;CLI-0120;EMP-509;ENT-SAG;BD-1151;24;147,96;6,90;92,25;Représentant
CMD-103288;28-mai-25;30/05/2025;23/07/2025;CLI-0032;EMP-504;ENT-SAG;BD-1121;6;73,75;5,30;44,65;Courriel
CMD-103141;13/05/2025;16/05/2025;2025-07-13;CLI-0053;EMP-509;ENT-QC;BD-1013;6;463,50;10,20;315,34;Téléphone
CMD-102769;27/03/2025;2025-04-04;04/05/2025;CLI-0076;EMP-507;ENT-MTL;BD-1013;2;384,00;25,60;315,34;Téléphone
CMD-102998;2025-04-25;27/04/2025;21/06/2025;CLI-0115;EMP-509;ENT-MTL;BD-1049;2;47,97;12,20;31,22;Téléphone
CMD-104801;11/11/2025;16/11/2025;;CLI-0194;EMP-506;ENT-MTL;BD-1170;6;33,97;3,40;16,95;Représentant
CMD-103774;06/08/2025;14/08/2025;2025-10-01;CLI-0208;EMP-507;ENT-MTL;BD-1001;3;294,77;12,10;219,63;Portail web
CMD-102648;10/03/2025;18/03/2025;2025-05-09;CLI-0017;EMP-507;ENT-QC;BD-1079;3;234,21;11,20;147,87;Téléphone
CMD-103627;11/07/2025;17-juil-25;27/08/2025;CLI-0162;EMP-508;ENT-SAG;BD-1045;4;115,36;12,00;78,37;Représentant
CMD-105042;18/12/2025;2025-12-27;;CLI-0031;EMP-509;ENT-SAG;BD-1155;1;464,44;14,30;329,15;Courriel
CMD-103576;03/07/2025;10/07/2025;08/08/2025;CLI-0217;EMP-506;ENT-MTL;BD-1004;22;203,51;25,80;158,83;Courriel
CMD-104086;2025-09-09;16/09/2025;22/10/2025;CLI-0006;EMP-505;ENT-QC;BD-1075;3;90,63;10,10;71,97;Portail web
CMD-104801;11/11/2025;16/11/2025;;CLI-0194;EMP-506;ENT-MTL;BD-1137;8;41,36;3,40;25,59;Représentant
CMD-103661;17/07/2025;26/07/2025;18-sept-25;CLI-0131;EMP-502;ENT-SAG;BD-1147;2;525,89;12,10;346,92;Représentant
CMD-102598;03/03/2025;06/03/2025;2025-04-28;CLI-0166;EMP-503;ENT-MTL;BD-1135;3;65,94;10,10;40,73;Représentant
CMD-104587;21/10/2025;2025-10-23;22/11/2025;CLI-0206;EMP-503;ENT-QC;BD-1014;4;38,51;13,80;27,18;Portail web
CMD-103218;21/05/2025;2025-05-30;06/07/2025;CLI-0217;EMP-506;ENT-SAG;BD-1081;3;469,46;20,80;364,83;Représentant
CMD-103998;01/09/2025;09-sept-25;28/10/2025;CLI-0075;EMP-506;ENT-MTL;BD-1047;3;103,03;3,30;71,53;Portail web
CMD-103536;30/06/2025;2025-07-05;29/08/2025;CLI-0182;EMP-503;ENT-MTL;BD-1026;6;368,86;15,90;246,82;Représentant
CMD-103032;30/04/2025;2025-05-08;05/06/2025;CLI-0088;EMP-504;ENT-QC;BD-1056;12;415,81;15,50;293,14;Portail web
CMD-104065;06/09/2025;10/09/2025;23-oct-25;CLI-0199;EMP-504;ENT-QC;BD-1069;6;342,68;14,10;239,15;Représentant
CMD-103987;29/08/2025;2025-09-01;24/10/2025;CLI-0209;EMP-508;ENT-MTL;BD-1024;31;262,03;21,60;189,35;Téléphone
CMD-105018;15/12/2025;19-déc-25;;CLI-0076;EMP-507;ENT-MTL;BD-1155;36;408,21;24,70;329,15;Représentant
CMD-103641;15/07/2025;2025-07-18;13/08/2025;CLI-0183;EMP-506;ENT-QC;BD-1029;3;372,78;4,90;243,45;Courriel
CMD-103158;14/05/2025;16/05/2025;;CLI-0056;EMP-502;ENT-QC;BD-1041;2;190,52;24,80;163,24;Portail web
CMD-102766;2025-03-26;28/03/2025;23/05/2025;CLI-0156;EMP-502;ENT-SAG;BD-1086;2;132,51;3,80;82,42;Téléphone
CMD-103426;16/06/2025;22/06/2025;14-août-25;CLI-0212;EMP-507;ENT-SAG;BD-1011;17;402,22;23,40;294,52;Courriel
CMD-104157;15/09/2025;20/09/2025;29/10/2025;CLI-0029;EMP-506;ENT-MTL;BD-1141;25;380,70;23,70;314,24;Représentant
CMD-104315;27/09/2025;2025-10-04;24/11/2025;CLI-0059;EMP-504;ENT-QC;BD-1100;5;404,13;24,70;369,19;Téléphone
CMD-104167;16/09/2025;20-sept-25;15/11/2025;CLI-0190;EMP-504;ENT-QC;BD-1079;4;249,61;5,30;147,87;Portail web
CMD-103843;14/08/2025;23/08/2025;30-sept-25;CLI-0206;EMP-503;ENT-MTL;BD-1101;3;93,06;14,20;75,83;Représentant
CMD-103513;26/06/2025;2025-06-30;11/08/2025;CLI-0181;EMP-504;ENT-MTL;BD-1114;24;234,79;7,10;152,73;Téléphone
CMD-104771;2025-11-08;14/11/2025;26/12/2025;CLI-0073;EMP-501;ENT-MTL;BD-1155;1;463,23;14,50;329,15;Courriel
CMD-104939;28/11/2025;07/12/2025;;CLI-0056;EMP-502;ENT-SAG;BD-1104;11;83,80;24,30;76,70;Représentant
CMD-104018;02/09/2025;2025-09-07;;CLI-0073;EMP-501;ENT-SAG;BD-1074;8;171,35;11,80;130,44;Représentant
CMD-102693;14-mars-25;16/03/2025;22/05/2025;CLI-0123;EMP-501;ENT-MTL;BD-1021;2;310,36;14,70;205,78;Représentant
CMD-103664;18/07/2025;24/07/2025;2025-09-03;CLI-0172;EMP-502;ENT-QC;BD-1059;2;499,91;5,20;391,48;Représentant
CMD-103692;2025-07-23;01/08/2025;01/09/2025;CLI-0092;EMP-508;ENT-QC;BD-1032;12;530,02;3,20;409,59;Portail web
CMD-104969;2025-12-03;08/12/2025;;CLI-0056;EMP-502;ENT-MTL;BD-1115;8;60,62;18,80;47,23;Représentant
CMD-104161;15-sept-25;18/09/2025;08/11/2025;CLI-0201;EMP-504;ENT-MTL;BD-1086;6;128,12;7,00;97,25;Courriel
CMD-105090;24/12/2025;01/01/2026;;CLI-0037;EMP-504;ENT-MTL;BD-1152;10;385,27;19,90;271,40;Portail web
CMD-104746;05-nov-25;09/11/2025;;CLI-0220;EMP-506;ENT-MTL;BD-1169;3;507,21;12,00;282,28;Portail web
CMD-103764;2025-08-05;14/08/2025;28/09/2025;CLI-0187;EMP-507;ENT-QC;BD-1159;4;242,76;16,00;169,65;Représentant
CMD-102525;13/02/2025;2025-02-21;24/03/2025;CLI-0118;EMP-504;ENT-MTL;BD-1181;4;528,08;15,50;312,40;Représentant
CMD-102788;2025-03-28;01/04/2025;19/05/2025;CLI-0037;EMP-504;ENT-SAG;BD-1105;2;204,45;21,10;169,61;Représentant
CMD-104523;2025-10-15;23/10/2025;20/11/2025;CLI-0185;EMP-508;ENT-QC;BD-1141;16;388,78;22,10;314,24;Portail web
CMD-104945;29/11/2025;2025-12-01;24/12/2025;CLI-0178;EMP-501;ENT-MTL;BD-1098;12;415,52;5,80;309,76;Représentant
CMD-103097;2025-05-07;16/05/2025;25/06/2025;CLI-0201;EMP-504;ENT-MTL;BD-1017;8;549,52;2,50;313,71;Représentant
CMD-102888;2025-04-11;19/04/2025;20/05/2025;CLI-0199;EMP-504;ENT-SAG;BD-1062;8;154,81;13,80;114,90;Représentant
CMD-102499;08/02/2025;2025-02-10;05/04/2025;CLI-0012;EMP-501;ENT-MTL;BD-1050;7;377,43;25,10;297,82;Portail web
CMD-104507;14/10/2025;19/10/2025;29/11/2025;CLI-0157;EMP-502;ENT-MTL;BD-1033;4;165,85;11,50;113,22;Représentant
CMD-104980;04/12/2025;06/12/2025;;CLI-0123;EMP-501;ENT-QC;BD-1156;4;270,39;10,50;164,64;Représentant
CMD-102760;25/03/2025;27/03/2025;20-mai-25;CLI-0088;EMP-504;ENT-QC;BD-1112;3;99,51;13,40;67,02;Salon
CMD-103676;21/07/2025;27/07/2025;2025-09-26;CLI-0102;EMP-506;ENT-MTL;BD-1049;1;52,60;3,70;31,22;Téléphone
CMD-103541;30-juin-25;06/07/2025;02/09/2025;CLI-0029;EMP-506;ENT-QC;BD-1121;9;60,50;22,30;44,65;Courriel
CMD-103895;19/08/2025;26/08/2025;2025-10-13;CLI-0161;EMP-508;ENT-MTL;BD-1060;4;382,69;3,30;291,44;Représentant
CMD-103208;20/05/2025;2025-05-27;25/06/2025;CLI-0131;EMP-502;ENT-SAG;BD-1022;24;402,54;11,40;298,47;Représentant
CMD-104553;2025-10-17;24/10/2025;14/12/2025;CLI-0059;EMP-504;ENT-MTL;BD-1129;6;58,13;19,10;46,45;Courriel
CMD-104779;10/11/2025;15-nov-25;;CLI-0005;EMP-503;ENT-QC;BD-1006;24;318,78;4,80;182,47;Représentant
CMD-104485;2025-10-13;22/10/2025;;CLI-0029;EMP-506;ENT-MTL;BD-1156;4;238,91;20,90;164,64;Représentant
CMD-104115;10/09/2025;18/09/2025;15/10/2025;CLI-0033;EMP-504;ENT-QC;BD-1073;3;374,32;16,80;307,22;Portail web
CMD-102741;21/03/2025;29/03/2025;2025-05-24;CLI-0107;EMP-506;ENT-QC;BD-1132;12;186,26;6,20;128,45;Téléphone
CMD-104413;07/10/2025;2025-10-10;03/12/2025;CLI-0131;EMP-502;ENT-MTL;BD-1032;4;482,16;11,90;409,59;Portail web
CMD-104423;07/10/2025;2025-10-13;08/11/2025;CLI-0132 ;EMP-507;ENT-QC;BD-1039;8;175,82;11,20;122,17;Téléphone
CMD-104492;13/10/2025;22/10/2025;30-nov-25;CLI-0061;EMP-503;ENT-SAG;BD-1099;8;436,61;12,10;346,57;Représentant
CMD-103595;07/07/2025;14/07/2025;2025-09-05;CLI-0074;EMP-507;ENT-QC;BD-1035;6;38,98;19,40;30,63;Portail web
CMD-103974;2025-08-27;01/09/2025;06/10/2025;CLI-0089;EMP-502;ENT-MTL;BD-1023;18;305,13;19,20;244,32;Portail web
CMD-103551;01-juil-25;06/07/2025;17/09/2025;CLI-0012;EMP-501;ENT-QC;BD-1106;6;420,21;20,80;340,08;Représentant
CMD-103484;23-juin-25;30/06/2025;25/08/2025;CLI-0137;EMP-503;ENT-SAG;BD-1179;3;345,97;19,80;231,35;Téléphone
CMD-102581;26/02/2025;07/03/2025;;CLI-0053;EMP-509;ENT-MTL;BD-1114;1;212,99;15,70;152,73;Représentant
CMD-103796;08/08/2025;15-août-25;22/09/2025;CLI-0115;EMP-509;ENT-QC;BD-1048;3;43,62;14,80;33,51;Représentant
CMD-104985;05/12/2025;07/12/2025;;CLI-0045;EMP-502;ENT-SAG;BD-1084;8;494,32;14,90;375,89;Représentant
CMD-102594;28/02/2025;06/03/2025;18-avr-25;CLI-0185;EMP-508;ENT-MTL;BD-1158;5;259,14;25,90;184,61;Représentant
CMD-104783;10/11/2025;14/11/2025;;CLI-0167;EMP-506;ENT-SAG;BD-1177;24;387,17;5,00;215,66;Représentant
CMD-103344;04/06/2025;2025-06-07;14/08/2025;CLI-0056;EMP-502;ENT-MTL;BD-1124;2;193,30;24,20;153,77;Courriel
CMD-103961;26/08/2025;02/09/2025;29-sept-25;CLI-0089;EMP-502;ENT-QC;BD-1044;11;264,46;18,10;199,55;Courriel
CMD-102979;23/04/2025;30/04/2025;2025-07-09;CLI-0076;EMP-507;ENT-QC;BD-1025;14;176,96;24,30;149,35;Représentant
CMD-104647;27/10/2025;05/11/2025;09-déc-25;CLI-0136;EMP-507;ENT-MTL;BD-1028;12;204,81;13,40;143,73;Représentant
CMD-102589;27/02/2025;02/03/2025;2025-04-08;CLI-0177;EMP-505;ENT-QC;BD-1126;12;194,44;3,90;133,03;Téléphone
CMD-104483;13/10/2025;2025-10-19;;CLI-0173;EMP-508;ENT-MTL;BD-1093;4;192,44;14,00;159,25;Salon
CMD-103416;13/06/2025;2025-06-19;10/08/2025;CLI-0144;EMP-502;ENT-MTL;BD-1080;1;274,93;16,80;208,57;Téléphone
CMD-104867;20/11/2025;24-nov-25;;CLI-0109;EMP-501;ENT-QC;BD-1168;6;365,57;8,60;229,43;Portail web
CMD-104035;03/09/2025;07/09/2025;29/10/2025;CLI-0191;EMP-504;ENT-MTL;BD-1096;8;254,83;13,90;205,70;Portail web
CMD-103667;18/07/2025;22/07/2025;2025-08-23;CLI-0032;EMP-504;ENT-QC;BD-1116;3;84,67;4,50;60,17;Représentant
CMD-102465;30/01/2025;2025-02-05;07/04/2025;CLI-0037;EMP-504;ENT-MTL;BD-1051;17;100,73;22,30;79,76;Portail web
CMD-104699;30-oct-25;01/11/2025;26/12/2025;CLI-0073;EMP-501;ENT-SAG;BD-1128;6;123,37;14,80;78,87;Représentant
CMD-104380;00/00/0000;11/10/2025;02-déc-25;CLI-0130;EMP-508;ENT-MTL;BD-1153;4;163,07;18,70;116,00;Portail web
CMD-103146;2025-05-13;17/05/2025;16/06/2025;CLI-0085;EMP-503;ENT-MTL;BD-1146;8;366,76;2,30;225,52;Salon
CMD-104759;06/11/2025;09/11/2025;18-déc-25;CLI-0130;EMP-508;ENT-QC;BD-1161;31;107,16;20,70;64,16;Représentant
CMD-103402;2025-06-12;21/06/2025;25/07/2025;CLI-0076;EMP-507;ENT-SAG;BD-1136;6;168,40;18,90;112,45;Salon
CMD-102683;;2025-03-21;27/04/2025;CLI-0062;EMP-507;ENT-SAG;BD-1135;6;61,71;15,80;40,73;Représentant
CMD-102730;20/03/2025;2025-03-23;14/04/2025;CLI-0160;EMP-508;ENT-QC;BD-1105;12;238,55;7,90;169,61;Portail web
CMD-102998;25/04/2025;27/04/2025;21/06/2025;CLI-0115;EMP-509;ENT-MTL;BD-1148;4;403,75;12,20;302,28;Représentant
CMD-105052;2025-12-18;22/12/2025;;CLI-0099;EMP-505;ENT-MTL;BD-1130;2;440,33;22,00;323,89;Représentant
CMD-104659;2025-10-28;03/11/2025;;CLI-0056;EMP-502;ENT-QC;BD-1092;17;230,97;18,20;168,72;Représentant
CMD-104846;18/11/2025;20/11/2025;;CLI-0139;EMP-506;ENT-QC;BD-1127;2;254,00;15,70;174,31;Téléphone
CMD-102712;18/03/2025;26/03/2025;2025-04-16;CLI-0082;EMP-504;ENT-QC;BD-1041;2;243,49;4,00;163,24;Représentant
CMD-103742;01/08/2025;2025-08-03;13/09/2025;CLI-0130;EMP-508;ENT-MTL;BD-1050;26;397,70;21,10;297,82;Représentant
CMD-104449;2025-10-09;17/10/2025;21/11/2025;CLI-0187;EMP-507;ENT-MTL;BD-1173;24;332,35;16,60;212,35;Représentant
CMD-103395;12/06/2025;15/06/2025;2025-08-03;CLI-0153;EMP-507;ENT-QC;BD-1028;6;207,89;12,10;143,73;Représentant
CMD-103483;23/06/2025;2025-06-25;01/08/2025;cli-0033;EMP-504;ENT-MTL;BD-1044;2;282,19;12,60;199,55;Représentant
CMD-102552;19/02/2025;23/02/2025;06-avr-25;CLI-0076;EMP-507;ENT-QC;BD-1145;8;150,90;18,00;111,12;Courriel
CMD-102612;04/03/2025;06/03/2025;19-avr-25;CLI-0020;EMP-508;ENT-MTL;BD-1139;6;346,05;3,50;203,11;Téléphone
CMD-102656;11/03/2025;2025-03-18;22/04/2025;CLI-0158;EMP-507;ENT-QC;BD-1112;2;105,76;7,90;67,02;Représentant
CMD-103353;06/06/2025;11/06/2025;22-juil-25;CLI-0139;EMP-506;ENT-MTL;BD-1001;6;280,84;16,20;219,63;Salon
CMD-102987;2025-04-24;02/05/2025;05/07/2025;CLI-0012;EMP-501;ENT-MTL;BD-1063;39;277,55;24,60;247,24;Représentant
CMD-104634;25/10/2025;2025-10-27;25/11/2025;CLI-0029;EMP-506;ENT-QC;BD-1142;10;128,17;21,40;100,93;Courriel
CMD-103413;13/06/2025;2025-06-21;02/07/2025;CLI-0173;EMP-508;ENT-MTL;BD-1103;3;191,20;16,10;154,84;Salon
CMD-102927;17/04/2025;26/04/2025;25-mai-25;CLI-0050;EMP-502;ENT-QC;BD-1040;2;388,53;11,80;274,41;Téléphone
CMD-104065;06/09/2025;10/09/2025;2025-10-23;CLI-0199;EMP-504;ENT-QC;BD-1079;2;226,61;14,10;147,87;Représentant
CMD-104055;2025-09-05;10/09/2025;19/11/2025;CLI-0148;EMP-501;ENT-MTL;BD-1050;6;433,69;14,00;297,82;Téléphone
CMD-103574;03/07/2025;2025-07-09;08/08/2025;CLI-0130;EMP-508;ENT-QC;BD-1029;5;299,08;23,70;243,45;Téléphone
CMD-103379;10/06/2025;2025-06-17;21/08/2025;CLI-0058;EMP-508;ENT-MTL;BD-1077;1;321,11;6,10;171,09;Représentant
CMD-105011;12/12/2025;2025-12-20;;CLI-0063;EMP-503;ENT-MTL;BD-1147;12;509,83;14,80;346,92;Portail web
CMD-104952;01/12/2025;05/12/2025;;CLI-0063;EMP-503;ENT-QC;BD-1138;1;124,65;15,40;88,19;Représentant
CMD-104771;2025-11-08;14/11/2025;26/12/2025;CLI-0073;EMP-501;ENT-MTL;BD-1054;8;398,29;14,50;262,94;Salon
CMD-103429;16/06/2025;25/06/2025;30/07/2025;CLI-0175;EMP-505;ENT-QC;BD-1117;1;143,67;3,00;100,34;Représentant
CMD-102390;15/01/2025;2025-01-20;05/03/2025;CLI-0047;EMP-508;ENT-QC;BD-1122;2;301,38;11,70;212,67;Représentant
CMD-103056;01/05/2025;06/05/2025;11/06/2025;CLI-0062;EMP-507;ENT-SAG;BD-1050;6;426,33;15,40;297,82;Téléphone
CMD-102457;2025-01-29;31/01/2025;16/04/2025;CLI-0052;EMP-504;ENT-MTL;BD-1159;4;242,38;16,10;169,65;Représentant
CMD-104096;2025-09-09;13/09/2025;16/10/2025;CLI-0009;EMP-502;ENT-QC;BD-1050;9;397,58;21,10;297,82;Courriel
CMD-103449;18/06/2025;26/06/2025;05-août-25;CLI-0095;EMP-505;ENT-QC;BD-1167;1;344,45;7,20;209,73;Représentant
CMD-103361;06/06/2025;15/06/2025;2025-07-21;CLI-0216;EMP-503;ENT-MTL;BD-1011;4;499,53;4,90;294,52;Représentant
CMD-105070;22/12/2025;2025-12-26;;CLI-0009;EMP-502;ENT-MTL;BD-1155;12;406,75;24,90;329,15;Téléphone
CMD-103691;23/07/2025;2025-07-31;14/09/2025;CLI-0137;EMP-503;ENT-SAG;BD-1042;5;358,85;18,70;267,02;Téléphone
CMD-103059;2025-05-02;09/05/2025;29/06/2025;CLI-0008;EMP-506;ENT-QC;BD-1020;2;0,00;8,80;33,12;Représentant
CMD-103447;17/06/2025;22-juin-25;04/08/2025;CLI-0171;EMP-507;ENT-MTL;BD-1038;12;510,43;7,50;319,94;Portail web
CMD-104794;11/11/2025;15/11/2025;;CLI-0067;EMP-502;ENT-SAG;BD-1129;3;62,40;13,20;46,45;Téléphone
CMD-102686;13-mars-25;21/03/2025;12/05/2025;CLI-0185;EMP-508;ENT-MTL;BD-1109;7;360,59;21,60;310,20;Représentant
CMD-103613;2025-07-09;12/07/2025;20/08/2025;CLI-0212;EMP-507;ENT-QC;BD-1112;6;90,81;20,90;67,02;Représentant
CMD-104441;08/10/2025;11/10/2025;2025-11-28;CLI-0016;EMP-505;ENT-MTL;BD-1181;4;580,33;7,10;312,40;Portail web
CMD-104884;21/11/2025;28/11/2025;;CLI-0190;EMP-504;ENT-MTL;BD-1162;2;133,96;2,30;68,38;Téléphone
CMD-104531;2025-10-15;17/10/2025;01/12/2025;CLI-0042;EMP-505;ENT-QC;BD-1140;6;54,78;13,80;41,26;Représentant
CMD-103061;02/05/2025;2025-05-05;11/06/2025;CLI-0173;EMP-508;ENT-MTL;BD-1027;8;382,07;16,60;254,96;Portail web
CMD-102840;04/04/2025;06/04/2025;2025-05-23;CLI-0042;EMP-505;ENT-SAG;BD-1124;4;220,77;13,40;153,77;Téléphone
CMD-102379;2025-01-13;19/01/2025;20/02/2025;CLI-0090;EMP-505;ENT-SAG;BD-1102;4;432,49;10,80;260,69;Portail web
CMD-103002;25/04/2025;03/05/2025;2025-05-30;CLI-0190;EMP-504;ENT-QC;BD-1014;1;41,20;7,80;27,18;Courriel
CMD-104114;2025-09-10;18/09/2025;15/11/2025;CLI-0089;EMP-502;ENT-QC;BD-1067;32;33,37;19,80;28,64;Téléphone
CMD-104274;24/09/2025;2025-09-29;09/11/2025;CLI-0036;EMP-505;ENT-SAG;BD-1060;24;343,97;13,10;291,44;Représentant
CMD-102443;2025-01-27;01/02/2025;15/03/2025;CLI-0116;EMP-509;ENT-QC;BD-1151;1;139,30;12,40;92,25;Représentant
CMD-104145;12/09/2025;2025-09-14;18/10/2025;CLI-0112;EMP-505;ENT-QC;BD-1075;2;88,17;12,50;71,97;Courriel
CMD-104287;25/09/2025;27-sept-25;24/11/2025;CLI-0012;EMP-501;ENT-SAG;BD-1059;6;413,12;21,70;391,48;Portail web
CMD-102946;18-avr-25;25/04/2025;16/06/2025;CLI-0026;EMP-506;ENT-MTL;BD-1162;8;121,95;11,00;68,38;Courriel
CMD-105112;29/12/2025;07/01/2026;;CLI-0074;EMP-507;ENT-QC;BD-9352;8;277,01;19,00;171,09;Courriel
CMD-103189;19/05/2025;2025-05-25;10/07/2025;CLI-0217;EMP-506;ENT-MTL;BD-1112;17;93,11;18,90;67,02;Salon
CMD-102673;12/03/2025;2025-03-20;19/04/2025;CLI-0155;EMP-506;ENT-QC;BD-1136;4;183,01;11,90;112,45; 
CMD-103995;2025-09-01;09/09/2025;16/10/2025;CLI-0076;EMP-507;ENT-QC;BD-1173;70;312,13;21,70;212,35;Courriel
CMD-103107;08/05/2025;15/05/2025;23/06/2025;CLI-0047;EMP-508;ENT-MTL;BD-1123;4;193,31;11,10;132,28;Représentant
CMD-104652;27/10/2025;29/10/2025;2025-12-04;CLI-0091;EMP-504;ENT-MTL;BD-1141;2;465,96;6,70;314,24;Téléphone
CMD-104713;2025-10-31;07/11/2025;13/12/2025;CLI-0076;EMP-507;ENT-QC;BD-1090;12;78,10;18,50;69,37;Salon
CMD-103766;05/08/2025;10-août-25;21/09/2025;CLI-0048;EMP-508;ENT-QC;BD-1058;2;208,15;15,00;149,54;Portail web
CMD-103120;09/05/2025;13/05/2025;20/06/2025;CLI-0203;EMP-503;ENT-QC;BD-1068;8;517,45;8,20;342,49;Représentant
CMD-102507;10/02/2025;2025-02-18;23/03/2025;CLI-0165;EMP-507;ENT-MTL;BD-1056;8;479,04;2,60;293,14;Téléphone
CMD-104124;11-sept-25;17/09/2025;17/11/2025;CLI-0025;EMP-509;ENT-MTL;BD-1073;12;379,53;15,60;307,22;Représentant
CMD-103714;29/07/2025;03/08/2025;16/09/2025;CLI-0204;EMP-506;ENT-QC;BD-1117;8;143,58;3,10;100,34;Représentant
CMD-103903;20/08/2025;27/08/2025;02-oct-25;CLI-0065;EMP-504;ENT-QC;BD-1075;2;96,07;4,70;71,97;Représentant
CMD-104875;2025-11-20;22/11/2025;;CLI-0212;EMP-507;ENT-QC;BD-1154;10;437,98;18,10;329,92;Téléphone
CMD-104917;26/11/2025;03/12/2025;29-déc-25;CLI-0034;EMP-507;ENT-QC;BD-1067;6;35,88;13,80;28,64;Représentant
CMD-102363;08/01/2025;15/01/2025;2025-02-14;CLI-0132;EMP-507;ENT-QC;BD-1147;2;499,15;16,60;346,92;Représentant
CMD-103959;2025-08-26;28/08/2025;13/10/2025;CLI-0144;EMP-502;ENT-SAG;BD-1015;2;473,17;10,90;325,38;Portail web
CMD-103444;17/06/2025;2025-06-19;23/07/2025;CLI-0217;EMP-506;ENT-MTL;BD-1104;6;83,13;24,90;76,70;Téléphone
CMD-102964;21-avr-25;29/04/2025;10/06/2025;CLI-0136;EMP-507;ENT-MTL;BD-1166;6;350,49;15,60;217,35;Portail web
CMD-102849;05/04/2025;10/04/2025;2025-06-02;CLI-0003;EMP-508;ENT-MTL;BD-1039;8;192,93;2,50;122,17;Représentant
CMD-102348;07/01/2025;2025-01-11;08/02/2025;CLI-0112;EMP-505;ENT-QC;BD-1048;3;45,46;11,20;33,51;Portail web
CMD-104211;18/09/2025;2025-09-20;08/11/2025;CLI-0138 ;EMP-506;ENT-SAG;BD-1035;2;45,54;5,90;30,63;Représentant
CMD-103489;23/06/2025;2025-06-28;21/08/2025;CLI-0185;EMP-508;ENT-SAG;BD-1105;16;211,22;18,50;169,61;Portail web
CMD-102497;07-févr-25;16/02/2025;09/04/2025;CLI-0099;EMP-505;ENT-MTL;BD-1158;17;269,24;23,00;184,61;Représentant
CMD-102853;2025-04-07;13/04/2025;23/05/2025;CLI-0140;EMP-502;ENT-SAG;BD-1170;1;33,43;4,90;16,95;Représentant
CMD-104348;30/09/2025;03/10/2025;29/11/2025;CLI-0048;EMP-508;ENT-QC;BD-1089;4;278,60;12,00;189,92;Portail web
CMD-104030;03/09/2025;2025-09-06;27/10/2025;CLI-0076;EMP-507;ENT-QC;BD-1066;61;280,05;18,70;240,06;Salon
CMD-102564;2025-02-21;01/03/2025;21/04/2025;CLI-0108;EMP-503;ENT-MTL;BD-1098;12;368,36;16,40;262,51;Représentant
CMD-103240;23/05/2025;01/06/2025;30-juin-25;CLI-0056;EMP-502;ENT-MTL;BD-1123;13;167,21;23,10;132,28;Portail web
CMD-103614;09/07/2025;11/07/2025;22/08/2025;CLI-0137;EMP-503;ENT-QC;BD-1119;63;72,14;21,40;59,67;Représentant
CMD-104337;2025-09-30;07/10/2025;24/11/2025;CLI-0130;EMP-508;ENT-MTL;BD-1092;11;230,54;18,30;168,72;Téléphone
CMD-104819;14/11/2025;18/11/2025;;CLI-0139;EMP-506;ENT-MTL;BD-1086;12;117,02;15,10;97,25;Représentant
CMD-102619;05/03/2025;2025-03-12;14/04/2025;CLI-0217;EMP-506;ENT-QC;BD-1160;3;64,37;18,30;41,56;Représentant
CMD-103091;2025-05-06;14/05/2025;01/07/2025;CLI-0188;EMP-506;ENT-MTL;BD-1041;1;214,05;15,60;163,24;Représentant
CMD-105060;20/12/2025;29/12/2025;;CLI-0208;EMP-507;ENT-MTL;BD-1117;2;133,13;10,10;100,34;Courriel
CMD-103149;14-mai-25;16/05/2025;05/07/2025;CLI-0123;EMP-501;ENT-MTL;BD-1024;6;282,39;15,50;189,35;Représentant
CMD-104210;18/09/2025;26/09/2025;2025-10-31;CLI-0074;EMP-507;ENT-MTL;BD-1042;5;344,42;22,00;267,02;Téléphone
CMD-104210;2025-09-18;26/09/2025;31/10/2025;CLI-0074;EMP-507;ENT-MTL;BD-1171;63;123,55;22,00;85,46;Téléphone
CMD-103488;23/06/2025;28/06/2025;2025-07-29;CLI-0164;EMP-509;ENT-QC;BD-1117;6;143,28;3,30;100,34;Téléphone
CMD-102782;28/03/2025;05/04/2025;22/05/2025;CLI-0116;EMP-509;ENT-MTL;BD-1173;3;352,74;11,50;212,35;Téléphone
CMD-105041;17/12/2025;20/12/2025;;CLI-0169;EMP-507;ENT-QC;BD-1130;4;482,00;14,60;323,89;Représentant
CMD-103861;15/08/2025;20/08/2025;21/09/2025;CLI-0009;EMP-502;ENT-QC;BD-1033;4;145,11;22,60;113,22;Représentant
CMD-102329;01/01/2025;05/01/2025;02/02/2025;CLI-0199;EMP-504;ENT-MTL;BD-1069;24;332,88;16,50;202,67;Téléphone
CMD-103846;14/08/2025;2025-08-21;26/10/2025;CLI-0009;EMP-502;ENT-MTL;BD-1179;7;325,21;24,60;231,35;Représentant
CMD-104892;2025-11-22;30/11/2025;;CLI-0116;EMP-509;ENT-SAG;BD-1089;4;274,56;13,30;189,92;Portail web
CMD-103563;02/07/2025;04/07/2025;2025-08-23;CLI-0137;EMP-503;ENT-QC;BD-1174;20;220,42;25,30;169,01;Téléphone
CMD-104621;24/10/2025;30/10/2025;2025-12-28;CLI-0120;EMP-509;ENT-MTL;BD-1091;3;529,62;6,80;336,22;Courriel
CMD-104288;25/09/2025;01/10/2025;2025-11-06;CLI-0112;EMP-505;ENT-MTL;BD-1040;6;396,42;10,10;274,41;Représentant
CMD-103943;25/08/2025;2025-09-01;19/10/2025;CLI-0127;EMP-503;ENT-QC;BD-1047;3;93,76;12,00;71,53;Téléphone
CMD-103209;2025-05-20;24/05/2025;09/07/2025;CLI-0072;EMP-501;ENT-MTL;BD-1131;3;55,74;16,90;37,08;Représentant
CMD-102741;21-mars-25;29/03/2025;24/05/2025;CLI-0107;EMP-506;ENT-QC;BD-1179;8;404,74;6,20;231,35;Téléphone
CMD-102941;2025-04-18;25/04/2025;10/06/2025;CLI-0093;EMP-508;ENT-QC;BD-1127;8;255,13;15,30;174,31;Portail web
CMD-104081;08/09/2025;2025-09-14;;CLI-0137;EMP-503;ENT-MTL;BD-1081;4;478,88;19,30;364,83;Courriel
CMD-103686;22/07/2025;24/07/2025;16-sept-25;CLI-0017;EMP-507;ENT-SAG;BD-1162;3;115,34;15,80;68,38;Téléphone
CMD-105072;23/12/2025;29/12/2025;;CLI-0147;EMP-506;ENT-QC;BD-1069;3;368,43;7,60;239,15;Représentant
CMD-103840;13/08/2025;22/08/2025;2025-09-28;CLI-0081;EMP-502;ENT-QC;BD-1074;1;164,08;15,50;130,44;Représentant
CMD-103245;23/05/2025;31/05/2025;18/07/2025;CLI-0211;EMP-504;ENT-SAG;BD-1023;12;329,80;12,60;244,32;Téléphone
CMD-102556;19/02/2025;24/02/2025;2025-04-11;CLI-0180;EMP-509;ENT-SAG;BD-1159;6;272,23;5,80;169,65;Portail web
CMD-104170;16/09/2025;20/09/2025;22-oct-25;CLI-0150;EMP-502;ENT-MTL;BD-1160;8;74,25;5,70;41,56;Téléphone
CMD-104122;11/09/2025;20/09/2025;07/11/2025;CLI-0084;EMP-503;ENT-SAG;BD-1044;3;289,99;10,20;199,55;Portail web
CMD-103587;04-juil-25;06/07/2025;07/09/2025;CLI-0099;EMP-505;ENT-MTL;BD-1013;5;411,51;20,30;315,34;Représentant
CMD-104643;27/10/2025;2025-11-01;26/11/2025;CLI-0048;EMP-508;ENT-SAG;BD-1143;6;319,12;14,90;220,45;Courriel
CMD-104107;2025-09-10;14/09/2025;27/10/2025;CLI-0073;EMP-501;ENT-QC;BD-1066;2;295,79;14,10;240,06;Courriel
CMD-104499;13-oct-25;15/10/2025;21/12/2025;CLI-0180;EMP-509;ENT-QC;BD-1065;3;238,15;4,50;155,19;Portail web
CMD-102971;22/04/2025;01/05/2025;07-juin-25;CLI-0155;EMP-506;ENT-MTL;BD-1044;4;278,98;13,60;199,55;Téléphone
CMD-103898;19/08/2025;24/08/2025;2025-10-10;CLI-0024;EMP-504;ENT-QC;BD-1047;1;100,09;6,10;71,53;Portail web
CMD-104963;02/12/2025;2025-12-10;;CLI-0074;EMP-507;ENT-SAG;BD-1084;14;452,06;22,10;375,89;Téléphone
CMD-104086;2025-09-09;16/09/2025;22/10/2025;CLI-0006;EMP-505;ENT-QC;BD-1078;6;344,84;10,10;238,11;Représentant
CMD-103520;27/06/2025;29/06/2025;2025-08-04;CLI-0053;EMP-509;ENT-QC;BD-1031;3;456,83;12,10;300,62;Téléphone
CMD-104555;17/10/2025;2025-10-22;;CLI-0132;EMP-507;ENT-MTL;BD-1149;6;160,33;12,50;111,14;Portail web
CMD-103578;03/07/2025;2025-07-06;26/08/2025;CLI-0193;EMP-509;ENT-MTL;BD-1002;8;421,44;10,00;298,72;Portail web
CMD-104249;22/09/2025;25/09/2025;2025-11-07;CLI-0053;EMP-509;ENT-QC;BD-1070;2;68,52;10,10;48,05;Courriel
CMD-104974;2025-12-04;11/12/2025;;CLI-0190;EMP-504;ENT-MTL;BD-1133;1;95,46;5,80;62,95;Portail web
CMD-103893;19/08/2025;2025-08-24;27/10/2025;CLI-0136;EMP-507;ENT-QC;BD-1051;2;112,97;12,90;79,76;Représentant
CMD-103216;2025-05-21;29/05/2025;16/07/2025;CLI-0065;EMP-504;ENT-SAG;BD-1028;4;227,17;3,90;143,73;Représentant
CMD-104609;23/10/2025;2025-10-28;12/12/2025;CLI-0110;EMP-507;ENT-QC;BD-1155;12;503,73;7,00;329,15;Portail web
CMD-104794;11/11/2025;15/11/2025;;CLI-0067;EMP-502;ENT-SAG;BD-1034;2;206,17;13,20;182,99;Représentant
CMD-103742;01/08/2025;03-août-25;13/09/2025;CLI-0130;EMP-508;ENT-MTL;BD-1060;6;312,21;21,10;291,44;Représentant
CMD-102817;2025-04-02;07/04/2025;09/06/2025;CLI-0143;EMP-503;ENT-MTL;BD-1061;8;98,16;16,90;76,81;Représentant
CMD-103591;07/07/2025;16/07/2025;2025-09-15;CLI-0089;EMP-502;ENT-QC;BD-1054;4;367,95;21,00;262,94;Représentant
CMD-102677;12-mars-25;18/03/2025;10/05/2025;CLI-0208;EMP-507;ENT-MTL;BD-1017;24;501,88;11,00;313,71;Portail web
CMD-104406;06/10/2025;11/10/2025;24-nov-25;CLI-0142;EMP-508;ENT-SAG;BD-1177;4;396,57;2,70;215,66;Portail web
CMD-104210;18/09/2025;26/09/2025;31/10/2025;CLI-0074;EMP-507;ENT-MTL;BD-1149;12;142,92;22,00;111,14;Représentant
CMD-104726;03/11/2025;07/11/2025;21/12/2025;CLI-0202;EMP-504;ENT-MTL;BD-1079;2;258,13;2,10;147,87;Portail web
CMD-104926;2025-11-27;04/12/2025;;CLI-0102;EMP-506;ENT-QC;BD-1146;4;358,29;4,60;225,52;Portail web
CMD-104544;16/10/2025;24/10/2025;2025-12-26;CLI-0086;EMP-502;ENT-QC;BD-1074;24;176,78;9,00;130,44;Représentant
CMD-104635;2025-10-25;02/11/2025;28/12/2025;CLI-0112;EMP-505;ENT-QC;BD-1148;6;392,50;14,70;302,28;Représentant
CMD-103953;26-août-25;30/08/2025;29/09/2025;CLI-0026;EMP-506;ENT-SAG;BD-1041;3;220,74;12,90;163,24;Représentant
CMD-103642;15/07/2025;24/07/2025;2025-08-21;CLI-0093;EMP-508;ENT-QC;BD-1031;12;437,39;15,80;300,62;Portail web
CMD-103007;26/04/2025;2025-05-03;08/06/2025;CLI-0160;EMP-508;ENT-MTL;BD-1068;12;532,60;5,60;290,25;Représentant
CMD-103312;30/05/2025;2025-06-03;;CLI-0110;EMP-507;ENT-MTL;BD-1122;6;320,55;6,10;212,67;Portail web
CMD-103403;12-juin-25;21/06/2025;24/07/2025;CLI-0042;EMP-505;ENT-MTL;BD-1047;4;95,35;10,50;71,53;Portail web
CMD-103124;09/05/2025;2025-05-15;13/07/2025;CLI-0157;EMP-502;ENT-SAG;BD-1123;8;187,18;13,90;132,28;Courriel
CMD-103991;2025-08-30;02/09/2025;09/10/2025;CLI-0209;EMP-508;ENT-QC;BD-1014;29;33,75;24,50;27,18;Représentant
CMD-103171;16-mai-25;25/05/2025;08/07/2025;CLI-0105;EMP-502;ENT-QC;BD-1108;24;257,96;5,60;169,96;Représentant
CMD-102393;15-janv-25;18/01/2025;25/03/2025;CLI-0189;EMP-501;ENT-QC;BD-1116;4;82,64;6,80;60,17;Courriel
CMD-102482;04/02/2025;2025-02-06;11/04/2025;CLI-0121;EMP-508;ENT-QC;BD-1144;2;155,04;13,20;98,33;Téléphone
CMD-102894;2025-04-12;16/04/2025;15/05/2025;cli-0209;EMP-508;ENT-MTL;BD-1042;71;361,18;18,20;267,02;Représentant
CMD-105012;12/12/2025;18-déc-25;;CLI-0036;EMP-505;ENT-QC;BD-1037;6;25,33;15,30;16,65;Représentant
CMD-102668;12/03/2025;21/03/2025;2025-05-01;CLI-0158;EMP-507;ENT-QC;BD-1008;4;219,39;6,20;131,65;Représentant
CMD-103651;16/07/2025;25/07/2025;2025-09-17;CLI-0169;EMP-507;ENT-MTL;BD-1013;4;441,80;14,40;315,34;Salon
CMD-105035;17/12/2025;2025-12-21;;CLI-0155;EMP-506;ENT-SAG;BD-1152;12;428,64;10,90;271,40;Représentant
CMD-103071;03/05/2025;10/05/2025;02/07/2025;CLI-0148;EMP-501;ENT-QC;BD-1014;4;37,15;16,90;27,18;Représentant
CMD-104149;13/09/2025;17/09/2025;03/11/2025;CLI-0034;EMP-507;ENT-QC;BD-1179;4;362,15;16,10;231,35;Représentant
CMD-104329;29/09/2025;07/10/2025;02-déc-25;CLI-0057;EMP-507;ENT-MTL;BD-1161;6;114,77;15,00;64,16;Représentant
CMD-104371;02/10/2025;08/10/2025;;CLI-0056;EMP-502;ENT-MTL;BD-1171;2;119,80;24,30;85,46;Portail web
CMD-102746;24/03/2025;28/03/2025;2025-05-19;CLI-0031;EMP-509;ENT-MTL;BD-1061;2;102,40;13,30;76,81;Représentant
CMD-102445;27/01/2025;03/02/2025;2025-03-13;CLI-0200;EMP-509;ENT-QC;BD-1111;4;195,97;11,60;148,90;Téléphone
CMD-104252;22/09/2025;2025-09-28;18/11/2025;CLI-0123;EMP-501;ENT-QC;BD-1042;1;393,03;10,90;267,02;Téléphone
CMD-104523;15/10/2025;23-oct-25;20/11/2025;CLI-0185;EMP-508;ENT-QC;BD-1081;6;461,90;22,10;364,83;Représentant
CMD-102976;2025-04-23;30/04/2025;01/06/2025;CLI-0047;EMP-508;ENT-QC;BD-1164;6;162,34;16,70;100,45;Représentant
CMD-102795;2025-03-31;09/04/2025;22/05/2025;CLI-0210;EMP-503;ENT-MTL;BD-1055;4;315,90;3,80;213,75;Représentant
CMD-104139;2025-09-12;20/09/2025;30/10/2025;CLI-0112;EMP-505;ENT-QC;BD-1097;8;321,43;12,70;253,06;Représentant
CMD-103263;2025-05-27;31/05/2025;19/07/2025;CLI-0017;EMP-507;ENT-QC;BD-1104;24;91,87;17,00;76,70;Représentant
CMD-104563;17/10/2025;19/10/2025;;CLI-0193;EMP-509;ENT-QC;BD-1095;2;93,19;10,10;64,62;Portail web
CMD-104572;n/d;25/10/2025;15/12/2025;CLI-0115;EMP-509;ENT-QC;BD-1132;6;170,74;14,00;128,45;Représentant
CMD-104448;09/10/2025;2025-10-12;04/12/2025;CLI-0118;EMP-504;ENT-QC;BD-1161;3;119,26;11,70;64,16;Portail web
CMD-102536;2025-02-17;25/02/2025;21/04/2025;CLI-0196;EMP-506;ENT-SAG;BD-1129;2;66,47;7,50;46,45;Portail web
CMD-104013;02/09/2025;10/09/2025;2025-11-09;CLI-0089;EMP-502;ENT-MTL;BD-1123;18;162,87;25,10;132,28;Représentant
CMD-102625;05/03/2025;14/03/2025;2025-04-21;CLI-0076;EMP-507;ENT-SAG;BD-1092;8;217,56;22,90;142,98;Représentant
CMD-104792;11/11/2025;17/11/2025;2025-12-19;CLI-0074;EMP-507;ENT-MTL;BD-1066;25;276,12;19,80;240,06;Représentant
CMD-102649;2025-03-10;14/03/2025;06/05/2025;CLI-0123;EMP-501;ENT-MTL;BD-1113;4;364,22;14,70;281,81;Représentant
CMD-104066;06/09/2025;2025-09-14;02/10/2025;CLI-0208;EMP-507;ENT-MTL;BD-1021;4;317,89;12,60;242,82;Salon
CMD-102839;04-avr-25;11/04/2025;08/06/2025;CLI-0074;EMP-507;ENT-SAG;BD-1044;25;263,45;18,40;199,55;Représentant
CMD-104055;2025-09-05;10/09/2025;19/11/2025;CLI-0148;EMP-501;ENT-MTL;BD-1043;3;454,02;14,00;300,28;Représentant
CMD-105063;22/12/2025;29/12/2025;;CLI-0124;EMP-509;ENT-QC;BD-1143;24;365,03;2,70;220,45;Représentant
CMD-103249;24/05/2025;01/06/2025;;CLI-0144;EMP-502;ENT-MTL;BD-1061;3;106,05;10,20;76,81;Représentant
CMD-102694;14/03/2025;20/03/2025;29/04/2025;CLI-0199;EMP-504;ENT-QC;BD-1168;6;332,94;16,80;229,43;Portail web
CMD-103020;29/04/2025;02-mai-25;16/06/2025;CLI-0048;EMP-508;ENT-MTL;BD-1090;6;83,10;13,30;58,79;Représentant
CMD-102477;03/02/2025;2025-02-11;28/03/2025;CLI-0059;EMP-504;ENT-QC;BD-1164;2;144,75;25,80;100,45;Téléphone
CMD-104629;24/10/2025;26/10/2025;2025-12-04;CLI-0185;EMP-508;ENT-MTL;BD-1098;5;350,27;20,60;309,76;Représentant
CMD-103951;25/08/2025;03/09/2025;2025-10-16;CLI-0114;EMP-502;ENT-MTL;BD-1001;1;318,57;5,00;219,63;Portail web
CMD-104886;2025-11-21;27/11/2025;;CLI-0073;EMP-501;ENT-MTL;BD-1132;8;175,15;11,80;128,45;Représentant
CMD-104484;13/10/2025;2025-10-21;26/12/2025;CLI-0055;EMP-506;ENT-MTL;BD-1106;6;487,27;8,20;340,08;Téléphone
CMD-103850;2025-08-14;19/08/2025;17/10/2025;CLI-0151;EMP-504;ENT-SAG;BD-1047;3;100,70;5,50;71,53;Représentant
CMD-104725;2025-11-03;05/11/2025;19/12/2025;CLI-0009;EMP-502;ENT-QC;BD-1127;23;243,58;19,10;174,31;Téléphone
CMD-105091;2025-12-24;30/12/2025;;CLI-0191;EMP-504;ENT-QC;BD-1144;2;153,95;13,80;98,33;Représentant
CMD-103071;03-mai-25;10/05/2025;02/07/2025;CLI-0148;EMP-501;ENT-QC;BD-1118;6;413,26;16,90;343,17;Portail web
CMD-104466;10/10/2025;18-oct-25;12/12/2025;CLI-0200;EMP-509;ENT-QC;BD-1113;1;365,73;14,40;281,81;Représentant
CMD-103664;18/07/2025;24/07/2025;03-sept-25;CLI-0172;EMP-502;ENT-QC;BD-9076;2;417,03;5,20;291,24;Portail web
CMD-104266;2025-09-23;01/10/2025;28/11/2025;CLI-0169;EMP-507;ENT-SAG;BD-1162;6;118,40;13,60;68,38;Représentant
CMD-102504;10-févr-25;12/02/2025;17/04/2025;CLI-0169;EMP-507;ENT-SAG;BD-1044;8;274,06;15,20;199,55;Représentant
CMD-103211;20/05/2025;28/05/2025;2025-07-06;CLI-0048;EMP-508;ENT-QC;BD-1014;1;40,14;10,20;27,18;Représentant
CMD-102901;14/04/2025;21/04/2025;27-mai-25;CLI-0056;EMP-502;ENT-QC;BD-1053;64;246,47;24,70;180,55;Représentant
CMD-104021;02/09/2025;06/09/2025;11/10/2025;CLI-0219;EMP-505;ENT-SAG;BD-1056;6;456,87;7,10;293,14;Portail web
CMD-103314;2025-05-31;08/06/2025;13/06/2025;CLI-0067;EMP-502;ENT-QC;BD-1158;12;313,72;10,20;184,61;Représentant
CMD-104434;2025-10-08;17/10/2025;10/12/2025;CLI-0097;EMP-504;ENT-SAG;BD-1090;8;90,57;5,50;69,37;Courriel
CMD-103296;29/05/2025;05/06/2025;01/08/2025;CLI-0035;EMP-503;ENT-QC;BD-1057;24;25,64;14,10;23,20;Représentant
CMD-104178;16/09/2025;24-sept-25;06/12/2025;CLI-0063;EMP-503;ENT-SAG;BD-1181;2;551,28;11,80;312,40;Téléphone
CMD-104024;2025-09-02;08/09/2025;11/10/2025;CLI-0220;EMP-506;ENT-QC;BD-1164;1;166,84;14,40;100,45;Représentant
CMD-104054;05/09/2025;07-sept-25;09/10/2025;CLI-0193;EMP-509;ENT-QC;BD-1164;8;167,22;14,20;100,45;Téléphone
CMD-104991;2025-12-08;11/12/2025;;CLI-0104;EMP-501;ENT-SAG;BD-1005;1;304,89;6,70;208,35;Portail web
CMD-103077;2025-05-05;11/05/2025;14/06/2025;CLI-0212;EMP-507;ENT-MTL;BD-1026;21;340,38;22,30;246,82;Représentant
CMD-102905;14/04/2025;18-avr-25;19/05/2025;CLI-0137;EMP-503;ENT-QC;BD-1048;2;38,22;25,30;33,51;Téléphone
CMD-103851;14/08/2025;22/08/2025;21-sept-25;CLI-0157;EMP-502;ENT-SAG;BD-1089;4;279,70;11,70;189,92;Courriel
CMD-104253;23/09/2025;02/10/2025;2025-11-27;CLI-0076;EMP-507;ENT-SAG;BD-1106;5;394,54;25,60;340,08;Représentant
CMD-104105;2025-09-10;14/09/2025;25/10/2025;CLI-0009;EMP-502;ENT-MTL;BD-1091;13;450,75;20,60;336,22;Téléphone
CMD-103542;2025-06-30;08/07/2025;09/08/2025;CLI-0084;EMP-503;ENT-QC;BD-1179;1;365,77;15,20;231,35;Représentant
CMD-103147;13/05/2025;18/05/2025;2025-07-17;CLI-0059;EMP-504;ENT-QC;BD-1152;14;386,60;19,60;271,40;Portail web
CMD-102962;21/04/2025;2025-04-23;09/06/2025;CLI-0135;EMP-506;ENT-QC;BD-1019;4;255,59;15,10;173,78;Représentant
CMD-102927;17/04/2025;26/04/2025;2025-05-25;CLI-0050;EMP-502;ENT-QC;BD-1056;3;433,56;11,80;293,14;Représentant
CMD-102449;28/01/2025;05/02/2025;2025-04-09;CLI-0057;EMP-507;ENT-SAG;BD-1167;3;332,61;10,40;209,73;Portail web
CMD-104818;14/11/2025;20/11/2025;;CLI-0212;EMP-507;ENT-MTL;BD-1129;18;55,81;22,40;46,45;Représentant
CMD-104645;27/10/2025;31/10/2025;2025-12-30;CLI-0069;EMP-508;ENT-QC;BD-1170;2;34,33;2,40;16,95;Téléphone
CMD-103764;05-août-25;14/08/2025;28/09/2025;CLI-0187;EMP-507;ENT-QC;BD-1067;6;34,95;16,00;28,64;Téléphone
CMD-104825;14/11/2025;2025-11-18;;CLI-0217;EMP-506;ENT-MTL;BD-1067;7;32,63;21,60;28,64;Représentant
CMD-103504;25/06/2025;2025-06-27;24/08/2025;CLI-0056;EMP-502;ENT-MTL;BD-1071;18;401,72;24,70;363,51;Représentant
CMD-104727;2025-11-03;06/11/2025;02/12/2025;CLI-0090;EMP-505;ENT-MTL;BD-1130;8;488,86;13,40;323,89;Représentant
CMD-103260;2025-05-27;04/06/2025;02/08/2025;CLI-0061;EMP-503;ENT-MTL;BD-1123;1;182,33;16,20;132,28;Représentant
CMD-102588;2025-02-27;05/03/2025;05/05/2025;CLI-0195;EMP-506;ENT-MTL;BD-1172;24;367,11;12,30;221,22;Portail web
CMD-103287;2025-05-28;31/05/2025;31/07/2025;CLI-0091;EMP-504;ENT-SAG;BD-1121;2;73,09;6,10;44,65;Téléphone
CMD-102375;11/01/2025;2025-01-13;02/02/2025;CLI-0009;EMP-502;ENT-MTL;BD-1181;2;509,01;18,50;312,40;Courriel
CMD-104543;2025-10-16;18/10/2025;17/12/2025;CLI-0212;EMP-507;ENT-MTL;BD-1169;6;465,95;19,20;282,28;Représentant
CMD-102879;2025-04-10;13/04/2025;13/06/2025;CLI-0048;EMP-508;ENT-SAG;BD-1061;4;102,33;13,40;76,81;Représentant
CMD-102870;09/04/2025;12/04/2025;2025-05-18;CLI-0099;EMP-505;ENT-MTL;BD-1035;13;37,29;22,90;30,63;Portail web
CMD-103990;29/08/2025;2025-09-04;06/10/2025;  CLI-0100;EMP-505;ENT-MTL;BD-1173;1;368,94;7,50;212,35;Représentant
CMD-103435;16-juin-25;22/06/2025;08/07/2025;CLI-0037;EMP-504;ENT-QC;BD-1061;30;95,81;18,90;76,81;Salon
CMD-104463;10/10/2025;13/10/2025;05-déc-25;CLI-0042;EMP-505;ENT-QC;BD-1145;12;158,95;13,70;111,12;Portail web
CMD-104064;06/09/2025;12-sept-25;08/10/2025;CLI-0130;EMP-508;ENT-MTL;BD-1094;20;162,71;20,20;124,30;Représentant
CMD-102372;10/01/2025;13-janv-25;13/02/2025;CLI-0162;EMP-508;ENT-MTL;BD-1169;6;508,51;11,80;282,28;Salon
CMD-104905;25/11/2025;2025-12-01;;CLI-0191;EMP-504;ENT-SAG;BD-1146;6;319,90;14,80;225,52;Téléphone
CMD-104313;26/09/2025;2025-09-30;12/11/2025;CLI-0033;EMP-504;ENT-QC;BD-1059;3;465,77;11,70;391,48;Représentant
CMD-102727;20/03/2025;2025-03-29;04/05/2025;CLI-0056;EMP-502;ENT-MTL;BD-1023;9;300,81;20,30;244,32;Portail web
CMD-103916;20/08/2025;28/08/2025;01/10/2025;CLI-0209;EMP-508;ENT-SAG;BD-1046;4;385,77;19,20;372,17;Représentant
CMD-102428;23/01/2025;29-janv-25;27/03/2025;CLI-0029;EMP-506;ENT-QC;BD-1154;9;419,50;21,50;329,92;Représentant
CMD-104818;14/11/2025;20/11/2025;;CLI-0212;EMP-507;ENT-MTL;BD-1090;12;74,41;22,40;69,37;Représentant
CMD-104923;27/11/2025;02-déc-25;28/12/2025;CLI-0060;EMP-508;ENT-QC;BD-1076;6;547,29;2,40;338,68;Courriel
CMD-103483;2025-06-23;25/06/2025;01/08/2025;CLI-0033;EMP-504;ENT-MTL;BD-1110;4;248,02;12,60;182,67;Représentant
CMD-103430;16/06/2025;20/06/2025;02-août-25;CLI-0055;EMP-506;ENT-MTL;BD-1112;6;107,51;6,40;67,02;Représentant
CMD-104567;17/10/2025;19/10/2025;03-déc-25;CLI-0182;EMP-503;ENT-QC;BD-1148;8;408,43;11,20;302,28;Téléphone
CMD-105019;15/12/2025;17/12/2025;;CLI-0130;EMP-508;ENT-QC;BD-1075;34;76,44;24,10;71,97;Téléphone
CMD-104130;11/09/2025;18/09/2025;2025-11-03;CLI-0187;EMP-507;ENT-MTL;BD-1125;4;375,56;14,60;291,24;Courriel
CMD-103694;23/07/2025;2025-07-31;19/09/2025;CLI-0089;EMP-502;ENT-MTL;BD-1008;17;187,45;19,80;155,34;Courriel
CMD-103191;19/05/2025;22/05/2025;22/07/2025;CLI-0001;EMP-508;ENT-MTL;BD-1108;2;259,93;4,80;169,96;Représentant
CMD-103933;2025-08-22;31/08/2025;27/10/2025;CLI-0137;EMP-503;ENT-QC;BD-1049;5;42,25;22,70;31,22;Portail web
CMD-104964;02/12/2025;10/12/2025;;CLI-0037;EMP-504;ENT-QC;BD-1068;9;438,60;22,20;342,49;
CMD-102931;17/04/2025;24/04/2025;2025-06-21;CLI-0083;EMP-507;ENT-QC;BD-1050;8;469,32;6,90;297,82;Représentant
CMD-103909;20/08/2025;2025-08-22;28/10/2025;CLI-0206;EMP-503;ENT-MTL;BD-1024;2;278,99;16,50;189,35;Téléphone
CMD-102901;14/04/2025;2025-04-21;27/05/2025;CLI-0056;EMP-502;ENT-QC;BD-1053;10;246,47;24,70;180,55;Téléphone
CMD-104072;08/09/2025;15/09/2025;11-nov-25;CLI-0190;EMP-504;ENT-QC;BD-1035;2;44,50;8,00;30,63;Représentant
CMD-104367;02/10/2025;11/10/2025;13-nov-25;CLI-0054;EMP-507;ENT-QC;BD-1083;8;267,14;13,00;189,32;Courriel
CMD-104729;04/11/2025;13/11/2025;2025-12-27;CLI-0209;EMP-508;ENT-MTL;BD-1090;6;76,80;19,90;69,37;Portail web
CMD-103981;28/08/2025;03/09/2025;2025-10-20;CLI-0012;EMP-501;ENT-SAG;BD-1009;26;85,51;18,70;67,67;Portail web
CMD-103282;28/05/2025;01/06/2025;;CLI-0033;EMP-504;ENT-MTL;BD-1114;1;213,09;15,60;152,73;Courriel
CMD-102509;11/02/2025;15/02/2025;2025-03-30;CLI-0141;EMP-502;ENT-SAG;BD-1130;6;478,48;15,20;323,89;Représentant
CMD-102927;17/04/2025;2025-04-26;25/05/2025;CLI-0050;EMP-502;ENT-QC;BD-1051;3;114,31;11,80;79,76;Représentant
CMD-103456;19/06/2025;21/06/2025;21/07/2025;CLI-0132;EMP-507;ENT-MTL;BD-1050;3;426,09;15,50;297,82;Courriel
CMD-102767;2025-03-27;01/04/2025;16/05/2025;CLI-0185;EMP-508;ENT-QC;BD-1176;8;496,22;21,30;328,78;Portail web
CMD-104449;09/10/2025;17-oct-25;21/11/2025;CLI-0187;EMP-507;ENT-MTL;BD-1170;12;29,31;16,60;16,95;Courriel
CMD-103845;14/08/2025;18/08/2025;2025-10-27;CLI-0048;EMP-508;ENT-MTL;BD-1122;4;306,48;10,20;212,67;Portail web
CMD-104254;23/09/2025;2025-09-27;14/12/2025;CLI-0026;EMP-506;ENT-SAG;BD-1064;12;107,41;14,30;70,89;Représentant
CMD-104565;17/10/2025;23-oct-25;31/12/2025;CLI-0099;EMP-505;ENT-SAG;BD-1144;13;142,20;20,30;98,33;Représentant
CMD-103745;02/08/2025;09/08/2025;17/09/2025;CLI-0005;EMP-503;ENT-SAG;BD-1165;4;177,37;3,60;107,92;Représentant
CMD-103531;27-juin-25;30/06/2025;16/09/2025;CLI-0026;EMP-506;ENT-MTL;BD-1058;4;219,18;10,50;149,54;Téléphone
CMD-103958;26/08/2025;30/08/2025;02-nov-25;CLI-0100;EMP-505;ENT-SAG;BD-1061;4;113,64;3,80;76,81;Téléphone
CMD-102348;07/01/2025;2025-01-11;08/02/2025;CLI-0112;EMP-505;ENT-QC;BD-1131;12;59,52;11,20;37,08;Portail web
CMD-103291;29-mai-25;04/06/2025;30/07/2025;CLI-0045;EMP-502;ENT-QC;BD-1123;2;187,05;14,00;132,28;Courriel
CMD-104983;05/12/2025;2025-12-12;;CLI-0031;EMP-509;ENT-MTL;BD-1091;1;485,10;14,60;336,22;Portail web
CMD-104072;08/09/2025;2025-09-15;11/11/2025;CLI-0190;EMP-504;ENT-QC;BD-1056;6;452,38;8,00;293,14;Téléphone
CMD-105089;24/12/2025;29/12/2025;;CLI-0099;EMP-505;ENT-QC;BD-1158;9;267,74;23,40;184,61;Portail web
CMD-103927;22/08/2025;24/08/2025;03-oct-25;CLI-0130;EMP-508;ENT-MTL;BD-1042;3;351,56;20,30;267,02;Salon
CMD-103179;16/05/2025;24/05/2025;2025-07-14;CLI-0080;EMP-506;ENT-QC;BD-1029;8;333,17;15,00;243,45;Téléphone
CMD-104864;20/11/2025;22-nov-25;;CLI-0188;EMP-506;ENT-MTL;BD-1100;4;480,83;10,40;369,19;Représentant
CMD-104686;30/10/2025;01/11/2025;;CLI-0183;EMP-506;ENT-MTL;BD-1168;1;378,49;5,40;229,43;Représentant
CMD-103692;23/07/2025;2025-08-01;01/09/2025;CLI-0092;EMP-508;ENT-QC;BD-1031;24;502,97;3,20;300,62;Représentant
CMD-105065;2025-12-22;29/12/2025;;CLI-0211;EMP-504;ENT-MTL;BD-1123;6;184,51;15,20;132,28;Représentant
CMD-103025;29/04/2025;2025-05-08;02/06/2025;CLI-0074;EMP-507;ENT-MTL;BD-1060;12;299,06;24,40;246,98;Portail web
CMD-103416;13/06/2025;19/06/2025;10-août-25;CLI-0144;EMP-502;ENT-MTL;BD-1044;3;268,62;16,80;199,55;Représentant
CMD-102908;2025-04-15;17/04/2025;03/06/2025;CLI-0054;EMP-507;ENT-MTL;BD-1059;2;459,01;13,00;331,76;Représentant
CMD-103019;28/04/2025;01/05/2025;03/06/2025;CLI-0065;EMP-504;ENT-QC;BD-1055;12;314,72;4,20;213,75;Courriel
CMD-105025;15/12/2025;19-déc-25;;CLI-0009;EMP-502;ENT-QC;BD-1173;35;299,77;24,80;212,35;Téléphone
CMD-104455;09/10/2025;17/10/2025;28/11/2025;CLI-0066;EMP-507;ENT-MTL;BD-1076;8;489,52;12,70;338,68;Courriel
CMD-102995;25/04/2025;28/04/2025;2025-06-10;CLI-0087;EMP-502;ENT-MTL;BD-1082;6;420,71;11,50;284,24;Représentant
CMD-102620;05-mars-25;09/03/2025;05/05/2025;CLI-0078;EMP-504;ENT-MTL;BD-1160;3;71,93;8,70;41,56;Portail web
CMD-104569;18/10/2025;2025-10-21;08/12/2025;CLI-0171;EMP-507;ENT-QC;BD-1072;6;372,66;5,80;236,88;Courriel
CMD-105111;2025-12-29;07/01/2026;;CLI-0015;EMP-509;ENT-QC;BD-1099;24;456,07;8,10;346,57;Représentant
CMD-102780;28-mars-25;31/03/2025;04/06/2025;CLI-0214;EMP-508;ENT-MTL;BD-1115;3;68,67;8,00;47,23;Portail web
CMD-104842;18/11/2025;25/11/2025;;CLI-0012;EMP-501;ENT-SAG;BD-1144;7;142,90;20,00;98,33;Portail web
CMD-103796;08/08/2025;15/08/2025;22-sept-25;CLI-0115;EMP-509;ENT-QC;BD-1124;12;217,20;14,80;153,77;Salon
CMD-104114;10/09/2025;18-sept-25;15/11/2025;CLI-0089;EMP-502;ENT-QC;BD-1101;9;87,03;19,80;75,83;Représentant
CMD-103823;12-août-25;21/08/2025;26/09/2025;CLI-0061;EMP-503;ENT-QC;BD-1043;1;444,04;15,90;300,28;Courriel
CMD-104879;20/11/2025;2025-11-28;;CLI-0137;EMP-503;ENT-MTL;BD-1080;8;269,16;18,60;208,57;Portail web
CMD-103135;12/05/2025;16/05/2025;2025-07-01;CLI-0126;EMP-502;ENT-MTL;BD-1033;2;156,06;16,70;113,22;Téléphone
CMD-103507;26-juin-25;30/06/2025;13/09/2025;CLI-0029;EMP-506;ENT-QC;BD-1118;3;387,80;22,00;343,17;Représentant
CMD-104464;2025-10-10;13/10/2025;11/12/2025;CLI-0156;EMP-502;ENT-SAG;BD-1034;12;221,05;6,90;182,99;Salon
CMD-104537;16-oct-25;21/10/2025;23/12/2025;CLI-0053;EMP-509;ENT-QC;BD-1048;8;43,24;15,60;33,51;Représentant
CMD-102707;17/03/2025;2025-03-26;26/05/2025;CLI-0053;EMP-509;ENT-MTL;BD-1170;6;30,28;13,90;16,95;Représentant
CMD-104628;2025-10-24;01/11/2025;;CLI-0141;EMP-502;ENT-QC;BD-1102;12;429,86;11,30;260,69;Portail web
CMD-105039;17/12/2025;21-déc-25;;CLI-0185;EMP-508;ENT-MTL;BD-1070;9;56,79;25,50;48,05;Portail web
CMD-104131;11/09/2025;2025-09-18;26/10/2025;CLI-0212;EMP-507;ENT-QC;BD-1057;6;22,41;24,90;23,20;Représentant
CMD-103034;30/04/2025;2025-05-08;10/07/2025;CLI-0154;EMP-507;ENT-SAG;BD-1166;4;373,20;10,20;217,35;Portail web
CMD-102396;16/01/2025;2025-01-22;05/03/2025;CLI-0026;EMP-506;ENT-QC;BD-1015;6;465,53;12,30;325,38;Représentant
CMD-104510;14-oct-25;23/10/2025;04/12/2025;CLI-0099;EMP-505;ENT-QC;BD-1179;2;326,44;24,40;231,35;Téléphone
CMD-102969;22/04/2025;24-avr-25;24/05/2025;CLI-0099;EMP-505;ENT-MTL;BD-1127;17;234,55;22,10;174,31;Portail web
CMD-103800;2025-08-08;12/08/2025;11/10/2025;CLI-0056;EMP-502;ENT-SAG;BD-1015;8;407,29;23,30;325,38;Téléphone
CMD-105107;27/12/2025;01/01/2026;;CLI-0045;EMP-502;ENT-QC;BD-1094;6;182,08;10,70;124,30;Courriel
CMD-103843;14/08/2025;23/08/2025;2025-09-30;CLI-0206;EMP-503;ENT-MTL;BD-1011;3;450,53;14,20;294,52;Portail web
CMD-104010;02/09/2025;04/09/2025;2025-11-02;CLI-0128;EMP-502;ENT-MTL;BD-1082;6;424,41;10,70;335,40;Téléphone
CMD-105052;18-déc-25;22/12/2025;;CLI-0099;EMP-505;ENT-MTL;BD-1156;9;235,70;22,00;164,64;Courriel
CMD-105084;2025-12-24;29/12/2025;;CLI-0170;EMP-504;ENT-MTL;BD-1073;6;433,36;3,60;307,22;Téléphone
CMD-104328;29/09/2025;06/10/2025;2025-10-29;CLI-0099;EMP-505;ENT-MTL;BD-1006;21;248,25;25,80;182,47;Représentant
CMD-105018;2025-12-15;19/12/2025;;CLI-0076;EMP-507;ENT-MTL;BD-1129;8;54,16;24,70;46,45;Représentant
CMD-103664;18/07/2025;2025-07-24;03/09/2025;CLI-0172;EMP-502;ENT-QC;BD-1006;3;317,36;5,20;182,47;Courriel
CMD-103300;29/05/2025;01/06/2025;2025-07-13;CLI-0132;EMP-507;ENT-QC;BD-1104;1;96,68;12,60;76,70;Représentant
CMD-103563;02/07/2025;04-juil-25;23/08/2025;CLI-0137;EMP-503;ENT-QC;BD-1059;8;393,85;25,30;391,48;Portail web
CMD-102684;13/03/2025;18/03/2025;2025-05-20;CLI-0219;EMP-505;ENT-MTL;BD-1107;8;207,89;5,60;150,54;Portail web
CMD-102615;2025-03-04;06/03/2025;05/04/2025;CLI-0066;EMP-507;ENT-MTL;BD-1182;8;90,38;17,00;58,06;Représentant
CMD-102724;19/03/2025;2025-03-27;12/05/2025;CLI-0073;EMP-501;ENT-QC;BD-1152;3;422,90;12,10;271,40;Salon
CMD-103519;26/06/2025;29-juin-25;05/08/2025;CLI-0080;EMP-506;ENT-SAG;BD-1027;12;396,44;13,50;254,96;Représentant
CMD-104795;11/11/2025;2025-11-19;24/12/2025;CLI-0038;EMP-507;ENT-SAG;BD-1095;12;91,98;11,30;64,62;Représentant
CMD-105056;19/12/2025;25/12/2025;;CLI-0185;EMP-508;ENT-MTL;BD-1068;14;459,86;18,50;342,49;Représentant
CMD-104596;22/10/2025;25/10/2025;2025-11-29;CLI-0009;EMP-502;ENT-MTL;BD-9013;2;336,51;19,60;221,22;Représentant
CMD-103899;19/08/2025;27/08/2025;27-sept-25;CLI-0131;EMP-502;ENT-QC;BD-1126;24;169,21;16,40;133,03;Téléphone
CMD-104759;06/11/2025;2025-11-09;18/12/2025;CLI-0130;EMP-508;ENT-QC;BD-1013;7;409,62;20,70;315,34;Téléphone
CMD-103862;15/08/2025;21/08/2025;04-oct-25;CLI-0029;EMP-506;ENT-QC;BD-1049;12;41,55;24,00;31,22;Téléphone
CMD-102803;31/03/2025;09/04/2025;2025-05-17;CLI-0137;EMP-503;ENT-MTL;BD-1041;9;198,11;21,90;163,24;Représentant
CMD-103947;2025-08-25;28/08/2025;15/10/2025;CLI-0076;EMP-507;ENT-SAG;BD-1042;3;357,07;19,10;267,02;Téléphone
CMD-102592;2025-02-28;04/03/2025;;CLI-0220;EMP-506;ENT-QC;BD-1146;3;323,20;13,90;225,52;Représentant
CMD-104959;02/12/2025;07/12/2025;;CLI-0066;EMP-507;ENT-SAG;BD-1130;24;499,78;11,40;323,89;Courriel
CMD-103120;09/05/2025;13-mai-25;20/06/2025;CLI-0203;EMP-503;ENT-QC;BD-1062;12;164,88;8,20;135,59;Téléphone
CMD-104798;2025-11-11;14/11/2025;;CLI-0153;EMP-507;ENT-QC;BD-1142;6;143,23;12,20;100,93;Représentant
CMD-103859;15/08/2025;24/08/2025;15-oct-25;CLI-0033;EMP-504;ENT-MTL;BD-1058;8;211,89;13,50;149,54;Portail web
CMD-104474;11/10/2025;15/10/2025;2025-11-18;CLI-0185;EMP-508;ENT-QC;BD-1144;5;140,16;21,50;98,33;Courriel
CMD-104862;19/11/2025;23-nov-25;;CLI-0056;EMP-502;ENT-MTL;BD-1138;16;0,00;21,00;88,19;Représentant
CMD-102629;05/03/2025;2025-03-09;26/05/2025;CLI-0166;EMP-503;ENT-QC;BD-1113;8;382,75;10,40;281,81;Représentant
CMD-102549;19/02/2025;2025-02-21;18/04/2025;CLI-0160;EMP-508;ENT-MTL;BD-1046;2;447,59;6,20;315,40;Représentant
CMD-103368;09/06/2025;2025-06-12;09/07/2025;CLI-0056;EMP-502;ENT-MTL;BD-1056;11;379,99;22,70;293,14;Courriel
CMD-104809;13/11/2025;22/11/2025;;CLI-0133;EMP-508;ENT-SAG;BD-1128;2;122,82;15,20;78,87;Portail web
CMD-104689;30-oct-25;06/11/2025;25/12/2025;CLI-0033;EMP-504;ENT-MTL;BD-1174;1;258,22;12,50;169,01;Courriel
CMD-104563;2025-10-17;19/10/2025;;CLI-0193;EMP-509;ENT-QC;BD-1152;3;432,30;10,10;271,40;Courriel
CMD-104976;04/12/2025;2025-12-08;;CLI-0009;EMP-502;ENT-MTL;BD-1116;48;66,82;24,60;60,17;Courriel
CMD-103062;2025-05-02;11/05/2025;30/06/2025;CLI-0096;EMP-504;ENT-SAG;BD-1164;1;182,90;6,20;100,45;Représentant
CMD-104265;23/09/2025;2025-10-02;31/10/2025;CLI-0192;EMP-505;ENT-QC;BD-1044;8;298,74;7,50;199,55;Téléphone
CMD-103394;12/06/2025;18/06/2025;13/08/2025;CLI-0113;EMP-505;ENT-MTL;BD-1102;1;448,92;7,40;260,69;Représentant
CMD-104584;21/10/2025;2025-10-28;17/11/2025;CLI-0026;EMP-506;ENT-QC;BD-1146;12;316,68;15,70;225,52;Représentant
CMD-103115;09/05/2025;15-mai-25;27/06/2025;CLI-0015;EMP-509;ENT-MTL;BD-1176;24;614,58;2,50;328,78;Téléphone
CMD-103915;20/08/2025;2025-08-26;22/10/2025;CLI-0009;EMP-502;ENT-SAG;BD-1044;26;252,41;21,90;199,55;Portail web
CMD-104603;2025-10-22;25/10/2025;06/12/2025;CLI-0005;EMP-503;ENT-SAG;BD-1081;3;557,76;6,00;364,83;Portail web
CMD-104606;2025-10-23;31/10/2025;29/12/2025;CLI-0209;EMP-508;ENT-QC;BD-1098;7;331,81;24,70;309,76;Représentant
CMD-102774;2025-03-27;05/04/2025;19/05/2025;CLI-0217;EMP-506;ENT-SAG;BD-1110;3;221,47;22,00;182,67;Représentant
CMD-102534;15/02/2025;2025-02-23;18/04/2025;CLI-0021;EMP-501;ENT-MTL;BD-1049;1;51,70;5,40;31,22;Téléphone
CMD-102339;03/01/2025;2025-01-08;20/02/2025;CLI-0049;EMP-508;ENT-QC;BD-1139;6;300,14;16,30;203,11;Téléphone
CMD-104036;03/09/2025;2025-09-11;14/10/2025;CLI-0002;EMP-509;ENT-QC;BD-1044;2;311,42;3,60;199,55;Courriel
CMD-103678;2025-07-21;26/07/2025;20/08/2025;CLI-0175;EMP-505;ENT-QC;BD-1103;12;207,31;9,00;154,84;Représentant
CMD-102645;08/03/2025;17/03/2025;2025-04-13;CLI-0067;EMP-502;ENT-MTL;BD-1165;1;152,89;16,90;107,92;Portail web
CMD-105059;20/12/2025;22/12/2025;;CLI-0126;EMP-502;ENT-QC;BD-1145;8;161,55;12,30;111,12;Salon
CMD-103949;2025-08-25;28/08/2025;28/10/2025;CLI-0063;EMP-503;ENT-QC;BD-1034;6;208,14;12,40;182,99;Représentant
CMD-104576;20/10/2025;29/10/2025;2025-11-16;CLI-0185;EMP-508;ENT-QC;BD-1136;9;154,88;25,40;112,45;Téléphone
CMD-104708;31/10/2025;08-nov-25;23/12/2025;CLI-0112;EMP-505;ENT-MTL;BD-1079;2;232,05;12,00;147,87;Représentant
CMD-104606;23/10/2025;2025-10-31;29/12/2025;CLI-0209;EMP-508;ENT-QC;BD-1179;21;324,80;24,70;231,35;Représentant
CMD-102670;12/03/2025;19/03/2025;;CLI-0199;EMP-504;ENT-QC;BD-1017;8;473,77;16,00;313,71;Représentant
CMD-103315;31/05/2025;07/06/2025;10/08/2025;CLI-0174;EMP-502;ENT-QC;BD-1124;6;247,84;2,80;153,77;Portail web
CMD-104897;2025-11-24;01/12/2025;;CLI-0042;EMP-505;ENT-QC;BD-1088;2;563,02;10,60;404,63;Téléphone
CMD-105037;17/12/2025;20/12/2025;;CLI-0082;EMP-504;ENT-QC;BD-1129;6;65,64;8,70;46,45;Portail web
CMD-102630;06/03/2025;2025-03-11;04/05/2025;CLI-0034;EMP-507;ENT-MTL;BD-1062;1;151,14;15,90;114,90;Représentant
CMD-103383;11-juin-25;16/06/2025;22/08/2025;CLI-0144;EMP-502;ENT-MTL;BD-1111;6;189,55;14,50;148,90;Courriel
CMD-103023;29/04/2025;2025-05-08;01/06/2025;CLI-0154;EMP-507;ENT-QC;BD-1059;24;454,29;13,90;331,76;Téléphone
CMD-103223;2025-05-22;31/05/2025;02/07/2025;CLI-0031;EMP-509;ENT-SAG;BD-1006;3;290,09;13,30;182,47;Représentant
CMD-104185;17/09/2025;22-sept-25;09/11/2025;CLI-0180;EMP-509;ENT-MTL;BD-1029;6;383,02;2,30;243,45;Téléphone
CMD-103891;19/08/2025;2025-08-25;;CLI-0089;EMP-502;ENT-QC;BD-1011;21;403,03;23,30;294,52;Téléphone
CMD-104266;23/09/2025;01-oct-25;28/11/2025;CLI-0169;EMP-507;ENT-SAG;BD-1074;12;167,73;13,60;130,44;Représentant
CMD-105085;24/12/2025;02/01/2026;;CLI-0211;EMP-504;ENT-MTL;BD-1081;4;512,39;13,60;364,83;Représentant
CMD-103584;04/07/2025;09/07/2025;2025-08-27;CLI-0108;EMP-503;ENT-MTL;BD-1116;1;75,86;14,40;60,17;Représentant
CMD-103852;2025-08-14;18/08/2025;03/10/2025;CLI-0048;EMP-508;ENT-MTL;BD-1045;12;112,58;14,10;78,37;Représentant
CMD-103704;25/07/2025;29/07/2025;30-août-25;CLI-0122;EMP-505;ENT-QC;BD-1006;4;306,67;8,40;182,47;Courriel
CMD-103989;29/08/2025;01-sept-25;12/10/2025;CLI-0047;EMP-508;ENT-MTL;BD-1111;3;186,46;15,80;148,90;Salon
CMD-104400;06/10/2025;2025-10-11;28/11/2025;CLI-0087;EMP-502;ENT-QC;BD-1090;3;80,85;15,60;69,37;Représentant
CMD-103675;21/07/2025;25-juil-25;05/09/2025;CLI-0119;EMP-503;ENT-QC;BD-1021;3;339,61;6,60;242,82;Portail web
CMD-103083;06/05/2025;11/05/2025;2025-06-26;CLI-0130;EMP-508;ENT-MTL;BD-1045;11;106,13;19,00;78,37;Portail web
CMD-102960;21/04/2025;27/04/2025;13-juin-25;CLI-0009;EMP-502;ENT-MTL;BD-1136;2;165,81;20,10;112,45;Représentant
CMD-103718;29/07/2025;01/08/2025;2025-09-23;CLI-0143;EMP-503;ENT-MTL;BD-1156;1;260,97;13,60;164,64;Portail web
CMD-102799;31/03/2025;05/04/2025;05-juin-25;CLI-0081;EMP-502;ENT-MTL;BD-1072;1;349,67;11,60;200,75;Portail web
CMD-104611;23/10/2025;28/10/2025;2025-11-25;CLI-0034;EMP-507;ENT-MTL;BD-1138;24;124,36;15,60;88,19;Portail web
CMD-102351;07/01/2025;10/01/2025;2025-02-27;CLI-0144;EMP-502;ENT-MTL;BD-1130;1;497,97;11,80;323,89;Représentant
CMD-104458;10/10/2025;16-oct-25;04/12/2025;CLI-0061;EMP-503;ENT-QC;BD-1164;1;168,59;13,50;100,45;Représentant
CMD-102635;07/03/2025;11-mars-25;14/04/2025;CLI-0179;EMP-509;ENT-QC;BD-1106;1;498,70;6,00;340,08;Téléphone
CMD-103304;30/05/2025;05/06/2025;2025-08-25;CLI-0051;EMP-509;ENT-SAG;BD-1050;3;490,29;2,70;297,82;Téléphone
CMD-104539;16/10/2025;2025-10-21;17/11/2025;CLI-0220;EMP-506;ENT-QC;BD-1127;6;260,08;13,70;174,31;Portail web
CMD-103542;30/06/2025;08-juil-25;09/08/2025;CLI-0084;EMP-503;ENT-QC;BD-1062;24;152,30;15,20;135,59;Représentant
CMD-103870;16-août-25;21/08/2025;29/09/2025;CLI-0056;EMP-502;ENT-MTL;BD-1015;17;411,24;22,60;325,38;Représentant
CMD-103206;20/05/2025;2025-05-24;;CLI-0184;EMP-503;ENT-QC;BD-1072;3;368,72;6,80;236,88;Représentant
CMD-103164;15-mai-25;21/05/2025;08/07/2025;CLI-0027;EMP-502;ENT-QC;BD-1056;1;463,27;5,80;293,14;Représentant
CMD-104732;04/11/2025;07/11/2025;21/12/2025;CLI-0052;EMP-504;ENT-MTL;BD-1159;6;242,85;16,00;169,65;Téléphone
CMD-103470;20/06/2025;2025-06-29;01/08/2025;CLI-0194;EMP-506;ENT-QC;BD-1063;4;349,87;5,00;247,24;Portail web
CMD-104089;2025-09-09;13/09/2025;29/10/2025;CLI-0191;EMP-504;ENT-QC;BD-1039;3;168,70;14,80;122,17;Courriel
CMD-102974;23/04/2025;02/05/2025;2025-06-02;CLI-0204;EMP-506;ENT-MTL;BD-1178;2;198,50;3,30;119,43;Représentant
CMD-104833;17/11/2025;23-nov-25;;CLI-0089;EMP-502;ENT-MTL;BD-1139;6;284,92;20,60;203,11;Représentant
CMD-104876;20/11/2025;28/11/2025;;CLI-0088;EMP-504;ENT-SAG;BD-1173;2;355,75;10,80;212,35;Représentant
CMD-103223;2025-05-22;31/05/2025;02/07/2025;CLI-0031;EMP-509;ENT-SAG;BD-1126;12;175,40;13,30;133,03;Téléphone
CMD-104800;2025-11-11;16/11/2025;04/12/2025;CLI-0059;EMP-504;ENT-MTL;BD-1110;2;212,47;25,20;182,67;Téléphone
CMD-104472;10/10/2025;13-oct-25;06/12/2025;CLI-0009;EMP-502;ENT-QC;BD-1145;79;139,84;24,10;111,12;Portail web
CMD-104400;06/10/2025;11/10/2025;28-nov-25;CLI-0087;EMP-502;ENT-QC;BD-1103;1;192,14;15,60;154,84;Portail web
CMD-103490;2025-06-24;30/06/2025;06/09/2025;CLI-0029;EMP-506;ENT-MTL;BD-1103;3;180,01;21,00;154,84;Salon
CMD-104125;11/09/2025;16/09/2025;2025-10-24;CLI-0025;EMP-509;ENT-SAG;BD-1073;1;384,94;14,40;307,22;Courriel
CMD-103554;01/07/2025;10/07/2025;10-sept-25;CLI-0185;EMP-508;ENT-QC;BD-1153;4;149,56;25,50;116,00;Représentant
CMD-102947;18/04/2025;22/04/2025;27/05/2025;CLI-0026;EMP-506;ENT-MTL;BD-1050;2;450,83;10,60;297,82;Représentant
CMD-104780;10-nov-25;13/11/2025;;CLI-0198;EMP-504;ENT-SAG;BD-1006;3;310,90;7,10;182,47;Courriel
CMD-103161;14/05/2025;2025-05-16;23/06/2025;CLI-0137;EMP-503;ENT-QC;BD-1107;32;173,59;21,20;150,54;Représentant
CMD-104295;25/09/2025;30/09/2025;2025-12-04;CLI-0073;EMP-501;ENT-QC;BD-1092;3;240,16;14,90;168,72;Portail web
CMD-104485;13/10/2025;22/10/2025;;CLI-0029;EMP-506;ENT-MTL;BD-1085;4;53,14;20,90;49,28;Représentant
CMD-104174;16/09/2025;19/09/2025;;CLI-0076;EMP-507;ENT-SAG;BD-1039;18;150,72;23,90;122,17;Portail web
CMD-102570;22/02/2025;2025-03-03;04/04/2025;CLI-0218;EMP-503;ENT-MTL;BD-1051;1;125,73;3,00;79,76;Courriel
CMD-103886;18/08/2025;22-août-25;12/10/2025;CLI-0147;EMP-506;ENT-QC;BD-1020;6;55,61;3,20;33,12;Téléphone
CMD-103619;10/07/2025;16/07/2025;2025-09-08;CLI-0127;EMP-503;ENT-SAG;BD-1032;4;490,38;10,40;409,59;Représentant
CMD-104846;18/11/2025;20/11/2025;;CLI-0139;EMP-506;ENT-QC;BD-1178;8;173,09;15,70;119,43;Représentant
CMD-103228;22/05/2025;30/05/2025;2025-07-03;CLI-0049;EMP-508;ENT-QC;BD-1124;1;217,17;14,80;153,77;Portail web
CMD-104175;2025-09-16;24/09/2025;16/11/2025;CLI-0121;EMP-508;ENT-SAG;BD-1179;6;382,67;11,30;231,35;Représentant
CMD-102996;25/04/2025;2025-04-27;26/06/2025;CLI-0131;EMP-502;ENT-SAG;BD-1118;2;415,00;16,50;343,17;Représentant
CMD-103248;24-mai-25;29/05/2025;12/07/2025;CLI-0085;EMP-503;ENT-MTL;BD-1068;4;539,79;4,30;342,49;Téléphone
CMD-105053;19/12/2025;2025-12-27;;CLI-0173;EMP-508;ENT-QC;BD-1129;4;61,43;14,60;46,45;Portail web
CMD-104624;2025-10-24;01/11/2025;25/12/2025;CLI-0076;EMP-507;ENT-QC;BD-1069;2;326,70;18,10;239,15;Téléphone
CMD-103938;25/08/2025;28/08/2025;28/10/2025;CLI-0108;EMP-503;ENT-QC;BD-1031;2;440,00;15,30;300,62;Courriel
CMD-103822;12/08/2025;2025-08-16;03/10/2025;CLI-0099;EMP-505;ENT-QC;BD-1030;5;143,58;21,60;119,13;Téléphone
CMD-104045;04/09/2025;12-sept-25;29/10/2025;CLI-0130;EMP-508;ENT-QC;BD-1062;7;135,65;24,50;135,59;Représentant
CMD-102897;12/04/2025;15-avr-25;13/06/2025;CLI-0146;EMP-503;ENT-MTL;BD-1125;2;365,92;16,80;291,24;Représentant
CMD-104209;18/09/2025;24/09/2025;2025-11-06;CLI-0127;EMP-503;ENT-MTL;BD-1057;2;26,59;10,90;23,20; 
CMD-103228;22/05/2025;30/05/2025;03-juil-25;CLI-0049;EMP-508;ENT-QC;BD-1119;3;78,21;14,80;59,67;Représentant
CMD-104264;23/09/2025;25/09/2025;2025-11-18;CLI-0099;EMP-505;ENT-QC;BD-1053;9;249,47;23,70;180,55;Représentant
CMD-103755;;07/08/2025;2025-10-29;CLI-0153;EMP-507;ENT-QC;BD-1175;2;151,27;10,90;96,85;Représentant
CMD-103052;01/05/2025;08/05/2025;2025-07-07;CLI-0129;EMP-508;ENT-SAG;BD-1061;8;109,50;7,30;76,81;Courriel
CMD-104163;15/09/2025;2025-09-17;10/11/2025;CLI-0089;EMP-502;ENT-SAG;BD-1095;28;79,94;22,90;64,62;Portail web
CMD-104516;15-oct-25;19/10/2025;10/12/2025;CLI-0107;EMP-506;ENT-QC;BD-1068;3;549,54;2,60;342,49;Portail web
CMD-103842;14-août-25;17/08/2025;08/09/2025;CLI-0119;EMP-503;ENT-MTL;BD-1143;4;358,21;4,50;220,45;Représentant
CMD-105091;2025-12-24;30/12/2025;;CLI-0191;EMP-504;ENT-QC;BD-1026;3;378,01;13,80;246,82;Téléphone
CMD-104938;28/11/2025;30/11/2025;;CLI-0034;EMP-507;ENT-QC;BD-1060;1;351,01;11,30;291,44;Téléphone
CMD-103655;16/07/2025;21/07/2025;;CLI-0154;EMP-507;ENT-MTL;BD-1112;6;97,41;15,20;67,02;Représentant
CMD-103889;19/08/2025;24/08/2025;2025-10-13;CLI-0190;EMP-504;ENT-QC;BD-1114;3;237,04;6,20;152,73;Représentant
CMD-104936;28/11/2025;02/12/2025;;CLI-0024;EMP-504;ENT-MTL;BD-1084;1;561,41;3,30;375,89;Représentant
CMD-104420;07/10/2025;2025-10-11;25/10/2025;CLI-0076;EMP-507;ENT-QC;BD-1113;25;349,62;18,10;281,81;Représentant
CMD-103620;10/07/2025;2025-07-15;19/08/2025;CLI-0209;EMP-508;ENT-MTL;BD-1104;5;85,95;22,30;76,70;Représentant
CMD-103488;23/06/2025;28/06/2025;29-juil-25;CLI-0164;EMP-509;ENT-QC;BD-1013;4;499,24;3,30;315,34;Représentant
CMD-102648;10/03/2025;18/03/2025;09-mai-25;CLI-0017;EMP-507;ENT-QC;BD-1166;2;369,02;11,20;217,35;Téléphone
CMD-104629;24/10/2025;26/10/2025;04-déc-25;CLI-0185;EMP-508;ENT-MTL;BD-1112;13;91,26;20,60;67,02;Portail web
CMD-103913;20/08/2025;27-août-25;23/10/2025;CLI-0154;EMP-507;ENT-QC;BD-1010;8;138,09;15,30;88,91;Représentant
CMD-102980;23/04/2025;2025-04-29;15/06/2025;CLI-0064;EMP-504;ENT-SAG;BD-1040;1;409,03;7,20;274,41;Téléphone
CMD-104911;2025-11-26;03/12/2025;;CLI-0130;EMP-508;ENT-MTL;BD-1076;8;440,79;21,40;338,68;Courriel
CMD-102424;22/01/2025;25-janv-25;18/04/2025;CLI-0012;EMP-501;ENT-QC;BD-1093;11;183,02;18,20;134,96;Téléphone
CMD-102513;11/02/2025;13/02/2025;;CLI-0144;EMP-502;ENT-QC;BD-1047;8;88,57;16,90;71,53;Représentant
CMD-103215;21/05/2025;2025-05-30;13/07/2025;CLI-0213;EMP-508;ENT-MTL;BD-1110;6;275,53;3,00;182,67;Téléphone
CMD-102875;2025-04-09;17/04/2025;20/06/2025;CLI-0112;EMP-505;ENT-MTL;BD-1179;4;376,84;12,70;231,35;Représentant
CMD-102658;11/03/2025;13/03/2025;15-avr-25;CLI-0002;EMP-509;ENT-MTL;BD-1067;4;40,13;3,50;24,27;Représentant
CMD-103181;16-mai-25;21/05/2025;02/07/2025;CLI-0033;EMP-504;ENT-QC;BD-1111;3;188,15;15,10;148,90;Portail web
CMD-103270;27/05/2025;2025-06-05;12/07/2025;CLI-0185;EMP-508;ENT-MTL;BD-1111;20;176,75;20,20;148,90;Représentant
CMD-103439;17/06/2025;20/06/2025;2025-07-22;CLI-0219;EMP-505;ENT-QC;BD-1022;3;439,63;3,30;298,47;Représentant
CMD-103333;03/06/2025;11/06/2025;2025-08-24;CLI-0107;EMP-506;ENT-SAG;BD-1033;1;177,56;5,20;113,22;Téléphone
CMD-103003;25/04/2025;2025-04-30;01/07/2025;CLI-0017;EMP-507;ENT-MTL;BD-1037;1;25,18;15,90;16,65;Représentant
CMD-104616;23/10/2025;27/10/2025;2025-12-15;CLI-0006;EMP-505;ENT-SAG;BD-1137;4;36,67;14,30;25,59;Représentant
CMD-103769;06/08/2025;14-août-25;14/09/2025;CLI-0013;EMP-507;ENT-QC;BD-1003;4;275,06;7,80;227,23;Représentant
CMD-103607;09/07/2025;18/07/2025;11-sept-25;CLI-0112;EMP-505;ENT-QC;BD-1052;4;267,70;12,80;183,03;Représentant
CMD-103074;05/05/2025;2025-05-12;30/05/2025;CLI-0015;EMP-509;ENT-QC;BD-1055;2;308,24;6,10;213,75;Représentant
CMD-104005;2025-09-01;08/09/2025;22/10/2025;CLI-0006;EMP-505;ENT-QC;BD-1055;6;291,38;11,30;213,75;Représentant
CMD-104378;2025-10-02;04/10/2025;26/11/2025;CLI-0130;EMP-508;ENT-QC;BD-1067;7;31,15;25,10;28,64;Représentant
CMD-103417;2025-06-13;17/06/2025;06/08/2025;CLI-0020;EMP-508;ENT-SAG;BD-1039;8;185,72;6,20;122,17;Représentant
CMD-104705;31/10/2025;2025-11-06;29/12/2025;CLI-0136;EMP-507;ENT-SAG;BD-1160;3;65,57;16,70;41,56;Téléphone
CMD-103225;22/05/2025;2025-05-27;08/07/2025;CLI-0029;EMP-506;ENT-MTL;BD-1049;5;43,77;19,90;31,22;Représentant
CMD-104622;2025-10-24;26/10/2025;02/12/2025;CLI-0031;EMP-509;ENT-MTL;BD-1108;12;237,02;13,20;169,96;Téléphone
CMD-103124;09/05/2025;15/05/2025;2025-07-13;CLI-0157;EMP-502;ENT-SAG;BD-1003;2;256,60;13,90;227,23;Téléphone
CMD-102787;28/03/2025;2025-04-05;23/05/2025;CLI-0198;EMP-504;ENT-QC;BD-1085;4;63,09;6,10;41,76;Portail web
CMD-102866;2025-04-08;17/04/2025;18/05/2025;CLI-0018;EMP-503;ENT-SAG;BD-9030;1;112,06;5,10;76,81;Représentant
CMD-103138;12/05/2025;2025-05-14;22/06/2025;CLI-0174;EMP-502;ENT-QC;BD-1058;6;234,59;4,20;149,54;Représentant
CMD-103839;13-août-25;16/08/2025;06/10/2025;CLI-0063;EMP-503;ENT-QC;BD-1060;4;355,78;10,10;291,44;Téléphone
CMD-103537;30/06/2025;03/07/2025;2025-09-02;CLI-0157;EMP-502;ENT-MTL;BD-1062;24;150,43;16,30;135,59;Représentant
CMD-104856;19-nov-25;24/11/2025;;CLI-0124;EMP-509;ENT-SAG;BD-1040;6;424,59;3,70;274,41;Représentant
CMD-102678;12/03/2025;20/03/2025;29/04/2025;CLI-0217;EMP-506;ENT-MTL;BD-1048;19;38,64;24,50;33,51;Représentant
CMD-104453;09/10/2025;16/10/2025;25-nov-25;CLI-0114;EMP-502;ENT-MTL;BD-1162;3;127,06;7,30;68,38;Courriel
CMD-104308;26/09/2025;28/09/2025;2025-11-28;CLI-0187;EMP-507;ENT-QC;BD-1054;1;396,62;14,90;262,94;Courriel
CMD-103658;17/07/2025;23-juil-25;20/08/2025;CLI-0185;EMP-508;ENT-SAG;BD-1047;19;83,04;22,10;71,53;Représentant
CMD-102599;03/03/2025;2025-03-11;06/04/2025;CLI-0001;EMP-508;ENT-QC;BD-1156;1;282,18;6,60;164,64;Représentant
CMD-104057;05/09/2025;2025-09-09;29/10/2025;CLI-0023;EMP-505;ENT-QC;BD-1047;2;103,10;3,30;71,53;Téléphone
CMD-103063;02/05/2025;11/05/2025;2025-06-09;CLI-0015;EMP-509;ENT-QC;BD-1007;8;98,15;5,00;57,14;Représentant
CMD-104774;10-nov-25;19/11/2025;20/12/2025;  CLI-0037;EMP-504;ENT-MTL;BD-1075;6;76,21;24,40;71,97;Portail web
CMD-103650;16/07/2025;25-juil-25;23/09/2025;CLI-0099;EMP-505;ENT-QC;BD-1116;26;68,70;22,50;60,17;Représentant
CMD-103446;17/06/2025;26/06/2025;2025-08-09;CLI-0056;EMP-502;ENT-MTL;BD-1158;3;279,48;20,00;184,61;Téléphone
CMD-103953;2025-08-26;30/08/2025;29/09/2025;CLI-0026;EMP-506;ENT-SAG;BD-1053;1;284,87;12,90;180,55;Représentant
CMD-104442;2025-10-08;17/10/2025;18/11/2025;CLI-0173;EMP-508;ENT-MTL;BD-1081;6;497,05;16,20;364,83;Représentant
CMD-104724;03/11/2025;07/11/2025;;CLI-0057;EMP-507;ENT-MTL;BD-1131;3;59,73;10,90;37,08;Salon
CMD-102378;13/01/2025;2025-01-16;17/03/2025;CLI-0059;EMP-504;ENT-SAG;BD-1128;11;118,14;18,40;78,87;Portail web
CMD-104031;2025-09-03;11/09/2025;25/10/2025;CLI-0076;EMP-507;ENT-MTL;BD-1058;4;189,98;22,40;149,54;Salon
CMD-102422;22/01/2025;24/01/2025;21-mars-25;CLI-0152;EMP-503;ENT-SAG;BD-1074;6;190,27;2,00;110,54;Courriel
CMD-104027;03/09/2025;12-sept-25;02/11/2025;CLI-0217;EMP-506;ENT-MTL;BD-1117;15;112,25;24,20;100,34;Représentant
CMD-102331;01/01/2025;2025-01-07;08/03/2025;CLI-0098;EMP-509;ENT-SAG;BD-1025;6;222,12;5,00;149,35;Portail web
CMD-104263;2025-09-23;25/09/2025;09/11/2025;CLI-0045;EMP-502;ENT-MTL;BD-1083;4;270,72;11,90;189,32;Portail web
CMD-102577;25/02/2025;06/03/2025;2025-04-13;CLI-0146;EMP-503;ENT-MTL;BD-1179;4;358,78;16,90;231,35;Téléphone
CMD-104683;29/10/2025;01/11/2025;2025-12-26;CLI-0212;EMP-507;ENT-SAG;BD-1169;26;432,50;25,00;282,28;Représentant
CMD-104680;2025-10-29;07/11/2025;08/12/2025;CLI-0165;EMP-507;ENT-SAG;BD-1142;12;148,78;8,80;100,93;Courriel
CMD-104082;2025-09-08;14/09/2025;16/11/2025;CLI-0174;EMP-502;ENT-QC;BD-1159;6;274,08;5,20;169,65;Portail web
CMD-104087;09/09/2025;17/09/2025;2025-11-08;CLI-0037;EMP-504;ENT-QC;BD-1180;26;150,02;20,80;95,30;Représentant
CMD-103136;12/05/2025;2025-05-19;27/06/2025;CLI-0056;EMP-502;ENT-MTL;BD-1109;17;375,91;18,30;310,20;Portail web
CMD-103092;07/05/2025;2025-05-10;18/06/2025;CLI-0057;EMP-507;ENT-SAG;BD-1058;4;215,02;12,20;149,54;Téléphone
CMD-102882;11/04/2025;15/04/2025;25-mai-25;CLI-0089;EMP-502;ENT-MTL;BD-1037;61;22,93;23,40;16,65;Téléphone
CMD-102455;2025-01-29;07/02/2025;21/03/2025;CLI-0088;EMP-504;ENT-QC;BD-1156;3;263,21;12,90;164,64;Représentant
CMD-104508;14/10/2025;16/10/2025;20-nov-25;CLI-0043;EMP-506;ENT-QC;BD-1101;3;92,97;14,30;75,83;Représentant
CMD-102779;28/03/2025;2025-04-04;26/04/2025;CLI-0209;EMP-508;ENT-MTL;BD-1163;2;495,98;19,10;300,77;Représentant
CMD-104736;04-nov-25;09/11/2025;08/12/2025;CLI-0118;EMP-504;ENT-QC;BD-1148;3;387,96;15,60;302,28;Téléphone
CMD-105109;29/12/2025;2025-12-31;;CLI-0029;EMP-506;ENT-MTL;BD-1136;6;163,73;21,10;112,45;Téléphone
CMD-102634;07/03/2025;09/03/2025;03-mai-25;CLI-0067;EMP-502;ENT-QC;BD-1118;12;413,37;16,80;343,17;Représentant
CMD-103289;28/05/2025;2025-05-31;20/07/2025;CLI-0193;EMP-509;ENT-MTL;BD-1046;8;413,09;13,50;372,17;Portail web
CMD-104761;2025-11-06;15/11/2025;;CLI-0188;EMP-506;ENT-QC;BD-1022;2;396,87;12,70;298,47;Téléphone
CMD-104715;2025-10-31;04/11/2025;;CLI-0089;EMP-502;ENT-QC;BD-1022;6;342,86;24,60;298,47;Représentant
CMD-103025;29/04/2025;08-mai-25;02/06/2025;CLI-0074;EMP-507;ENT-MTL;BD-1036;18;194,03;24,40;162,40;Portail web
CMD-104256;23/09/2025;29/09/2025;2025-11-07;CLI-0019;EMP-502;ENT-SAG;BD-1077;2;318,66;6,80;171,09;Représentant
CMD-105124;31/12/2025;02/01/2026;;CLI-0154;EMP-507;ENT-QC;BD-1072;3;348,74;11,90;236,88;Téléphone
CMD-103989;29/08/2025;2025-09-01;12/10/2025;CLI-0047;EMP-508;ENT-MTL;BD-1059;1;443,75;15,80;391,48;Portail web
CMD-102411;20/01/2025;2025-01-24;07/04/2025;CLI-0217;EMP-506;ENT-QC;BD-1129;18;53,96;24,90;46,45;Représentant
CMD-103612;2025-07-09;15/07/2025;23/08/2025;CLI-0119;EMP-503;ENT-QC;BD-1158;24;340,47;2,60;184,61;Représentant
CMD-104014;02/09/2025;04-sept-25;11/11/2025;CLI-0111;EMP-507;ENT-MTL;BD-1118;1;469,25;5,60;343,17;Représentant
CMD-104563;17-oct-25;19/10/2025;;CLI-0193;EMP-509;ENT-QC;BD-1171;2;142,29;10,10;85,46;Téléphone
CMD-104093;09/09/2025;16/09/2025;03/11/2025;CLI-0185;EMP-508;ENT-SAG;BD-1039;24;156,74;20,80;122,17;Représentant
CMD-102893;11/04/2025;13/04/2025;02-juin-25;CLI-0212;EMP-507;ENT-MTL;BD-1109;7;372,61;19,00;310,20;Téléphone
CMD-103217;21/05/2025;24/05/2025;2025-07-27;CLI-0073;EMP-501;ENT-QC;BD-1169;2;482,38;16,40;282,28;Courriel
CMD-102954;19/04/2025;21/04/2025;2025-06-07;CLI-0154;EMP-507;ENT-QC;BD-1010;4;144,34;11,50;88,91;Courriel
CMD-103418;13/06/2025;22/06/2025;2025-07-23;CLI-0148;EMP-501;ENT-SAG;BD-1026;3;386,25;11,90;246,82;Représentant
CMD-102890;11/04/2025;16/04/2025;18-juin-25;CLI-0075;EMP-506;ENT-MTL;BD-1157;2;50,68;3,20;25,21;Salon
CMD-104598;22/10/2025;25/10/2025;15/12/2025;CLI-0083;EMP-507;ENT-QC;BD-1144;4;165,18;7,50;98,33;Représentant
CMD-104038;04/09/2025;07/09/2025;01/11/2025;CLI-0023;EMP-505;ENT-SAG;BD-1168;2;372,72;6,80;229,43;Téléphone
CMD-104923;27/11/2025;02/12/2025;28/12/2025;CLI-0060;EMP-508;ENT-QC;BD-1121;8;75,95;2,40;44,65;Courriel
CMD-103390;11/06/2025;2025-06-14;30/07/2025;CLI-0024;EMP-504;ENT-QC;BD-1117;1;143,32;3,30;100,34;Téléphone
CMD-102776;27/03/2025;2025-03-29;14/05/2025;CLI-0049;EMP-508;ENT-MTL;BD-1167;2;327,03;11,90;209,73;Représentant
CMD-104407;2025-10-06;09/10/2025;28/11/2025;CLI-0157;EMP-502;ENT-QC;BD-1149;4;153,30;16,30;111,14;Téléphone
CMD-103557;01/07/2025;09/07/2025;07-sept-25;CLI-0009;EMP-502;ENT-MTL;BD-1182;3;83,69;23,10;58,06;Représentant
CMD-104648;2025-10-27;04/11/2025;10/12/2025;CLI-0167;EMP-506;ENT-QC;BD-1007;24;96,03;7,10;57,14;Représentant
CMD-104258;23/09/2025;2025-10-02;22/10/2025;CLI-0184;EMP-503;ENT-QC;BD-1062;3;170,16;5,30;135,59;Portail web
CMD-104035;03/09/2025;07/09/2025;29-oct-25;CLI-0191;EMP-504;ENT-MTL;BD-1156;2;259,97;13,90;164,64;Représentant
CMD-102475;2025-02-03;10/02/2025;30/03/2025;CLI-0054;EMP-507;ENT-SAG;BD-1168;1;340,17;15,00;229,43;Portail web
CMD-102712;18/03/2025;26/03/2025;16/04/2025;cli-0082;EMP-504;ENT-QC;BD-1112;3;110,33;4,00;67,02;Portail web
CMD-103496;24/06/2025;28-juin-25;24/08/2025;CLI-0148;EMP-501;ENT-QC;BD-1169;2;480,89;16,60;282,28;Portail web
CMD-103113;2025-05-09;14/05/2025;30/06/2025;CLI-0012;EMP-501;ENT-QC;BD-1040;10;338,32;23,20;274,41;Représentant
CMD-103483;23/06/2025;25-juin-25;01/08/2025;CLI-0033;EMP-504;ENT-MTL;BD-1113;8;373,02;12,60;281,81;Téléphone
CMD-102727;20/03/2025;29-mars-25;04/05/2025;CLI-0056;EMP-502;ENT-MTL;BD-1135;6;58,42;20,30;40,73;Portail web
CMD-102939;17/04/2025;20/04/2025;09-juin-25;CLI-0005;EMP-503;ENT-MTL;BD-1068;2;548,59;2,70;290,25;Représentant
CMD-103644;2025-07-15;21/07/2025;10/09/2025;CLI-0006;EMP-505;ENT-MTL;BD-1039;3;173,95;12,10;122,17;Représentant
CMD-104544;16/10/2025;24/10/2025;26/12/2025;CLI-0086;EMP-502;ENT-QC;BD-1089;6;288,23;9,00;189,92;Représentant
CMD-103592;07/07/2025;16-juil-25;05/08/2025;CLI-0167;EMP-506;ENT-SAG;BD-1006;2;311,57;6,90;182,47;Représentant
CMD-103152;14-mai-25;23/05/2025;;CLI-0094;EMP-502;ENT-QC;BD-1017;8;532,27;5,60;313,71;Portail web
CMD-104810;2025-11-13;16/11/2025;;CLI-0139;EMP-506;ENT-SAG;BD-1072;3;337,83;14,60;236,88;Portail web
CMD-104212;18/09/2025;21/09/2025;19/10/2025;CLI-0106;EMP-501;ENT-MTL;BD-1007;8;89,11;13,80;57,14;Courriel
CMD-103536;30/06/2025;2025-07-05;29/08/2025;CLI-0182;EMP-503;ENT-MTL;BD-1064;12;105,41;15,90;70,89;Représentant
CMD-102577;25/02/2025;06/03/2025;2025-04-13;CLI-0146;EMP-503;ENT-MTL;BD-1036;1;213,47;16,90;162,40;Portail web
CMD-103814;11-août-25;20/08/2025;10/10/2025;CLI-0187;EMP-507;ENT-MTL;BD-1056;1;431,86;12,20;293,14;Salon
CMD-104566;17/10/2025;24/10/2025;21/11/2025;CLI-0048;EMP-508;ENT-SAG;BD-1064;6;105,91;15,50;70,89;Représentant
CMD-103291;2025-05-29;04/06/2025;30/07/2025;CLI-0045;EMP-502;ENT-QC;BD-1005;3;281,17;14,00;208,35;Représentant
CMD-103234;23/05/2025;01/06/2025;04-juil-25;CLI-0093;EMP-508;ENT-MTL;BD-1017;2;496,20;12,00;313,71;Téléphone
CMD-104782;2025-11-10;17/11/2025;;CLI-0217;EMP-506;ENT-QC;BD-1175;10;138,72;18,30;96,85;Téléphone
CMD-102525;13/02/2025;2025-02-21;24/03/2025;CLI-0118;EMP-504;ENT-MTL;BD-1103;4;192,52;15,50;154,84;Représentant
CMD-102947;18/04/2025;22/04/2025;2025-05-27;CLI-0026;EMP-506;ENT-MTL;BD-1040;4;394,15;10,60;274,41;Portail web
CMD-104463;10/10/2025;2025-10-13;05/12/2025;CLI-0042;EMP-505;ENT-QC;BD-1021;12;313,95;13,70;242,82;Représentant
CMD-102538;2025-02-17;19/02/2025;24/03/2025;CLI-0132;EMP-507;ENT-MTL;BD-1174;1;245,36;16,90;169,01;Représentant
CMD-104746;05/11/2025;09/11/2025;;CLI-0220;EMP-506;ENT-MTL;BD-1137;1;37,65;12,00;25,59;Téléphone
CMD-102472;01/02/2025;2025-02-03;24/03/2025;CLI-0130;EMP-508;ENT-MTL;BD-1076;2;420,96;25,00;287,01;Représentant
CMD-104852;00/00/0000;26/11/2025;;CLI-0195;EMP-506;ENT-MTL;BD-1078;3;328,08;14,40;238,11;Représentant
CMD-102854;07-avr-25;11/04/2025;09/06/2025;CLI-0165;EMP-507;ENT-QC;BD-1047;2;97,04;9,00;71,53;Représentant
CMD-103885;18/08/2025;2025-08-22;28/09/2025;CLI-0041;EMP-508;ENT-MTL;BD-1174;2;252,46;14,50;169,01;Portail web
CMD-104678;2025-10-29;04/11/2025;14/12/2025;CLI-0074;EMP-507;ENT-MTL;BD-1127;10;240,02;20,30;174,31;Représentant
CMD-104714;31/10/2025;09/11/2025;;CLI-0075;EMP-506;ENT-QC;BD-1145;6;174,69;5,10;111,12;Représentant
CMD-103220;22-mai-25;29/05/2025;30/07/2025;CLI-0012;EMP-501;ENT-MTL;BD-1177;9;329,47;19,20;215,66;Portail web
CMD-103612;09/07/2025;15/07/2025;23/08/2025;CLI-0119;EMP-503;ENT-QC;BD-1108;4;266,12;2,60;169,96;Téléphone
CMD-102987;2025-04-24;02/05/2025;05/07/2025;CLI-0012;EMP-501;ENT-MTL;BD-1046;20;359,65;24,60;315,40;Représentant
CMD-103049;01/05/2025;05/05/2025;2025-06-25;CLI-0212;EMP-507;ENT-QC;BD-1061;30;89,24;24,50;76,81;Courriel
CMD-103271;27/05/2025;2025-06-03;17/07/2025;CLI-0047;EMP-508;ENT-QC;BD-1110;1;239,49;15,60;182,67;Représentant
CMD-104490;13/10/2025;22-oct-25;20/11/2025;CLI-0057;EMP-507;ENT-QC;BD-1061;24;100,34;15,10;76,81;Portail web
CMD-104978;04/12/2025;2025-12-06;;CLI-0102;EMP-506;ENT-MTL;BD-1123;3;210,59;3,20;132,28;Représentant
CMD-103852;2025-08-14;18/08/2025;03/10/2025;CLI-0048;EMP-508;ENT-MTL;BD-1004;8;235,43;14,10;158,83;Courriel
CMD-102642;07/03/2025;2025-03-10;05/04/2025;CLI-0037;EMP-504;ENT-MTL;BD-1112;15;93,09;19,00;67,02;Représentant
CMD-104433;08/10/2025;2025-10-16;30/11/2025;CLI-0149;EMP-501;ENT-QC;BD-1077;4;314,71;7,90;171,09;Représentant
CMD-104764;06-nov-25;09/11/2025;19/12/2025;CLI-0099;EMP-505;ENT-MTL;BD-1131;3;50,40;24,80;37,08;Portail web
CMD-103047;2025-05-01;06/05/2025;23/06/2025;CLI-0049;EMP-508;ENT-SAG;BD-1019;1;254,57;15,40;205,07;Portail web
CMD-102911;15-avr-25;22/04/2025;28/05/2025;CLI-0169;EMP-507;ENT-MTL;BD-1055;6;286,40;12,80;213,75;Téléphone
CMD-104866;20/11/2025;29/11/2025;;CLI-0012;EMP-501;ENT-MTL;BD-1020;68;46,55;19,00;33,12;Téléphone
CMD-104459;2025-10-10;16/10/2025;;CLI-0102;EMP-506;ENT-SAG;BD-1151;3;149,19;6,20;92,25;Représentant
CMD-105017;13/12/2025;21/12/2025;;CLI-0012;EMP-501;ENT-QC;BD-1004;12;208,22;24,00;158,83;Téléphone
CMD-104041;04/09/2025;08/09/2025;03/11/2025;CLI-0013;EMP-507;ENT-QC;BD-1047;4;103,39;3,00;71,53;Courriel
CMD-104400;06/10/2025;2025-10-11;28/11/2025;CLI-0087;EMP-502;ENT-QC;BD-1153;4;169,23;15,60;116,00;Portail web
CMD-103975;28/08/2025;31-août-25;18/10/2025;CLI-0074;EMP-507;ENT-MTL;BD-1045;65;106,00;19,10;78,37;Représentant
CMD-104045;2025-09-04;12/09/2025;29/10/2025;CLI-0130;EMP-508;ENT-QC;BD-1078;13;289,43;24,50;238,11;Représentant
CMD-104143;12/09/2025;21/09/2025;30/10/2025;CLI-0076;EMP-507;ENT-MTL;BD-1052;16;246,79;19,60;183,03;Représentant
CMD-104882;21/11/2025;24/11/2025;;CLI-0212;EMP-507;ENT-MTL;BD-1154;12;406,24;24,00;329,92;Représentant
CMD-104814;13/11/2025;17/11/2025;;CLI-0216;EMP-503;ENT-QC;BD-1151;24;154,46;2,80;92,25;Représentant
CMD-102775;27/03/2025;05/04/2025;2025-05-17;CLI-0130;EMP-508;ENT-MTL;BD-1163;9;488,94;20,30;300,77;Représentant
CMD-104862;19/11/2025;2025-11-23;;CLI-0056;EMP-502;ENT-MTL;BD-1065;13;196,94;21,00;155,19;Portail web
CMD-104086;09/09/2025;16-sept-25;22/10/2025;CLI-0006;EMP-505;ENT-QC;BD-1139;8;322,63;10,10;203,11;Représentant
CMD-102354;07/01/2025;14/01/2025;2025-02-17;CLI-0211;EMP-504;ENT-MTL;BD-1174;4;252,14;14,60;169,01;Représentant
CMD-103736;2025-08-01;07/08/2025;11/09/2025;CLI-0211;EMP-504;ENT-QC;BD-1051;8;116,18;10,40;79,76;Portail web
CMD-104538;16/10/2025;21/10/2025;14-déc-25;CLI-0013;EMP-507;ENT-QC;BD-1091;1;518,34;8,70;336,22;Représentant
CMD-104785;10/11/2025;2025-11-19;;CLI-0143;EMP-503;ENT-MTL;BD-1169;4;485,41;15,80;282,28;Téléphone
CMD-103924;21/08/2025;2025-08-25;27/10/2025;CLI-0052;EMP-504;ENT-QC;BD-1033;4;163,65;12,70;113,22;Représentant
CMD-102817;02/04/2025;2025-04-07;09/06/2025;CLI-0143;EMP-503;ENT-MTL;BD-1047;2;88,57;16,90;71,53;Téléphone
CMD-104982;05/12/2025;07/12/2025;;CLI-0155;EMP-506;ENT-MTL;BD-1167;4;318,60;14,20;209,73;Téléphone
CMD-105103;26/12/2025;03/01/2026;;CLI-0099;EMP-505;ENT-QC;BD-1066;18;275,58;20,00;240,06;Téléphone
CMD-103260;2025-05-27;04/06/2025;02/08/2025;CLI-0061;EMP-503;ENT-MTL;BD-1128;4;121,43;16,20;78,87;Courriel
CMD-103758;2025-08-05;14/08/2025;14/10/2025;CLI-0137;EMP-503;ENT-QC;BD-1021;25;273,34;24,80;242,82;Représentant
CMD-104405;2025-10-06;15/10/2025;12/11/2025;CLI-0009;EMP-502;ENT-QC;BD-1081;9;482060,00;18,70;364,83;Représentant
CMD-105070;22/12/2025;2025-12-26;;CLI-0009;EMP-502;ENT-MTL;BD-1132;19;149,09;24,90;128,45;Représentant
CMD-103718;29/07/2025;01/08/2025;23/09/2025;CLI-0143;EMP-503;ENT-MTL;BD-1044;4;279,05;13,60;199,55;Représentant
CMD-103293;29/05/2025;2025-06-05;29/07/2025;CLI-0029;EMP-506;ENT-QC;BD-1125;24;351,74;20,00;291,24;Représentant
CMD-103386;2025-06-11;19/06/2025;11/08/2025;CLI-0120;EMP-509;ENT-SAG;BD-1038;3;513,53;6,90;319,94;Téléphone
CMD-102808;01/04/2025;04-avr-25;07/05/2025;CLI-0033;EMP-504;ENT-QC;BD-1059;6;451,92;14,30;331,76;Salon
CMD-102629;2025-03-05;09/03/2025;26/05/2025;CLI-0166;EMP-503;ENT-QC;BD-1180;12;169,71;10,40;95,30;Représentant
CMD-102987;24/04/2025;02/05/2025;2025-07-05;CLI-0012;EMP-501;ENT-MTL;BD-1062;4;135,40;24,60;114,90;Représentant
CMD-103512;26/06/2025;29/06/2025;2025-09-09;CLI-0099;EMP-505;ENT-MTL;BD-1054;11;377,92;18,90;262,94;Représentant
CMD-103983;28/08/2025;03-sept-25;26/09/2025;CLI-0118;EMP-504;ENT-MTL;BD-1057;12;26,67;10,60;23,20;Représentant
CMD-104601;22/10/2025;2025-10-28;31/12/2025;CLI-0074;EMP-507;ENT-QC;BD-1162;13;108,60;20,80;68,38;Téléphone
CMD-104968;03/12/2025;11/12/2025;;CLI-0212;EMP-507;ENT-MTL;BD-1078;10;298,40;22,20;238,11;Représentant
CMD-103141;13/05/2025;2025-05-16;13/07/2025;CLI-0053;EMP-509;ENT-QC;BD-1116;24;79,61;10,20;60,17;Téléphone
CMD-103918;20/08/2025;27/08/2025;07-oct-25;CLI-0166;EMP-503;ENT-SAG;BD-1121;4;64,85;16,70;44,65;Courriel
CMD-102579;2025-02-26;02/03/2025;02/05/2025;CLI-0055;EMP-506;ENT-MTL;BD-1103;8;220,87;3,00;154,84;Téléphone
CMD-104123;11/09/2025;2025-09-16;10/11/2025;CLI-0059;EMP-504;ENT-QC;BD-1086;80;103,18;25,10;97,25;Représentant
CMD-103640;15/07/2025;23/07/2025;2025-09-22;CLI-0177;EMP-505;ENT-SAG;BD-1114;3;245,49;2,80;152,73;Courriel
CMD-103681;2025-07-21;30/07/2025;17/09/2025;CLI-0006;EMP-505;ENT-MTL;BD-1108;4;233,93;14,40;169,96;Courriel
CMD-102446;27/01/2025;2025-02-04;;CLI-0076;EMP-507;ENT-SAG;BD-1011;5;411,84;21,60;294,52;Représentant
CMD-103632;12-juil-25;16/07/2025;21/09/2025;CLI-0049;EMP-508;ENT-MTL;BD-1116;3;77,56;12,50;60,17;Téléphone
CMD-104340;30-sept-25;07/10/2025;12/11/2025;CLI-0195;EMP-506;ENT-QC;BD-1062;8;149,90;16,60;135,59;Représentant
CMD-102844;04/04/2025;08/04/2025;10-mai-25;CLI-0056;EMP-502;ENT-QC;BD-1046;7;373,98;21,60;315,40;Téléphone
CMD-102833;2025-04-03;06/04/2025;31/05/2025;CLI-0037;EMP-504;ENT-MTL;BD-1037;16;24,21;19,10;16,65;Téléphone
CMD-104990;08/12/2025;2025-12-14;;CLI-0154;EMP-507;ENT-SAG;BD-1164;4;164,66;15,50;100,45;Représentant
CMD-104954;01/12/2025;2025-12-09;;CLI-0152;EMP-503;ENT-MTL;BD-1148;12;439,40;4,50;302,28;Représentant
CMD-102547;18/02/2025;2025-02-21;29/04/2025;CLI-0202;EMP-504;ENT-MTL;BD-1019;4;288,17;4,30;173,78;Représentant
CMD-104984;2025-12-05;07/12/2025;;CLI-0095;EMP-505;ENT-MTL;BD-1146;2;343,48;8,50;225,52;Représentant
CMD-104366;02-oct-25;10/10/2025;07/11/2025;CLI-0107;EMP-506;ENT-QC;BD-1167;3;342,36;7,80;209,73;Représentant
CMD-103294;29/05/2025;03/06/2025;13/07/2025;CLI-0051;EMP-509;ENT-MTL;BD-1013;8;472,62;8,40;315,34; 
CMD-103146;13/05/2025;17-mai-25;16/06/2025;CLI-0085;EMP-503;ENT-MTL;BD-1121;4;76,02;2,30;44,65;Portail web
CMD-102469;31/01/2025;02-févr-25;21/03/2025;CLI-0155;EMP-506;ENT-SAG;BD-1027;8;382,20;16,60;254,96;Portail web
CMD-103379;10/06/2025;2025-06-17;21/08/2025;CLI-0058;EMP-508;ENT-MTL;BD-1115;2;70,14;6,10;47,23;Représentant
CMD-103294;;03/06/2025;13-juil-25;CLI-0051;EMP-509;ENT-MTL;BD-1156;12;276,59;8,40;164,64;Téléphone
CMD-102823;02/04/2025;04-avr-25;17/05/2025;CLI-0059;EMP-504;ENT-QC;BD-1040;15;360,55;18,20;274,41;Courriel
CMD-104745;05/11/2025;2025-11-07;23/12/2025;CLI-0185;EMP-508;ENT-MTL;BD-1138;26;115,02;21,90;88,19;Courriel
CMD-104118;2025-09-10;17/09/2025;14/10/2025;CLI-0080;EMP-506;ENT-QC;BD-1027;24;395,39;13,70;254,96;Téléphone
CMD-103452;18/06/2025;27/06/2025;29-juil-25;CLI-0139;EMP-506;ENT-MTL;BD-1038;1;482,08;12,60;319,94;Représentant
CMD-104166;16/09/2025;19/09/2025;2025-12-04;CLI-0200;EMP-509;ENT-MTL;BD-1067;4;36,13;13,10;28,64;Représentant
CMD-102795;31/03/2025;2025-04-09;22/05/2025;CLI-0210;EMP-503;ENT-MTL;BD-1063;3;354,29;3,80;247,24;Portail web
CMD-103474;21-juin-25;23/06/2025;23/07/2025;CLI-0088;EMP-504;ENT-MTL;BD-1171;2;134,43;15,10;85,46;Portail web
CMD-104026;03/09/2025;2025-09-08;31/10/2025;CLI-0043;EMP-506;ENT-QC;BD-1176;4;556,30;11,80;328,78;Représentant
CMD-104381;02/10/2025;2025-10-10;30/11/2025;CLI-0035;EMP-503;ENT-MTL;BD-1137;2;37,30;12,90;25,59;Représentant
CMD-102610;04/03/2025;09-mars-25;06/05/2025;CLI-0089;EMP-502;ENT-QC;BD-1166;8;316,58;23,80;217,35;Portail web
CMD-103907;20/08/2025;24-août-25;06/10/2025;CLI-0116;EMP-509;ENT-SAG;BD-1132;3;177,33;10,70;128,45;Portail web
CMD-102982;24/04/2025;29/04/2025;25/06/2025;CLI-0186;EMP-507;ENT-QC;BD-1061;24;114,37;3,20;76,81;Courriel
CMD-104944;28/11/2025;04/12/2025;;CLI-0063;EMP-503;ENT-QC;BD-1181;8;541,17;13,40;312,40;Représentant
CMD-102481;04/02/2025;07/02/2025;2025-04-13;CLI-0208;EMP-507;ENT-QC;BD-1148;6;387,46;15,80;302,28;Représentant
CMD-103978;28/08/2025;04/09/2025;18-oct-25;CLI-0023;EMP-505;ENT-QC;BD-1020;3;52,54;8,60;33,12;Portail web
CMD-104163;15/09/2025;2025-09-17;10/11/2025;CLI-0089;EMP-502;ENT-SAG;BD-1051;6;99,99;22,90;79,76;Représentant
CMD-102605;03-mars-25;08/03/2025;30/04/2025;CLI-0135;EMP-506;ENT-QC;BD-1045;1;115,94;11,50;78,37;Représentant
CMD-102536;17-févr-25;25/02/2025;21/04/2025;CLI-0196;EMP-506;ENT-SAG;BD-1089;4;292,74;7,50;160,95;Représentant
CMD-103924;21/08/2025;25/08/2025;2025-10-27;CLI-0052;EMP-504;ENT-QC;BD-1008;1;204,25;12,70;155,34;Représentant
CMD-103945;25/08/2025;29/08/2025;06/10/2025;CLI-0038;EMP-507;ENT-QC;BD-1017;1;496,18;12,00;313,71;Représentant
CMD-102388;15/01/2025;23/01/2025;07-mars-25;CLI-0199;EMP-504;ENT-SAG;BD-1114;4;221,28;12,40;152,73;Représentant
CMD-102528;2025-02-14;17/02/2025;10/03/2025;CLI-0037;EMP-504;ENT-QC;BD-1005;9;249,45;23,70;208,35;Portail web
CMD-103855;15/08/2025;24/08/2025;21-sept-25;CLI-0212;EMP-507;ENT-QC;BD-1113;9;336,23;21,30;281,81;Portail web
CMD-104414;07-oct-25;13/10/2025;06/12/2025;CLI-0153;EMP-507;ENT-SAG;BD-1023;4;326,83;13,40;244,32;Portail web
CMD-102481;04/02/2025;07/02/2025;13-avr-25;CLI-0208;EMP-507;ENT-QC;BD-1160;4;66,36;15,80;41,56;Représentant
CMD-102363;08-janv-25;15/01/2025;14/02/2025;CLI-0132;EMP-507;ENT-QC;BD-1039;2;165,20;16,60;122,17;Téléphone
CMD-103588;05/07/2025;2025-07-10;25/08/2025;CLI-0054;EMP-507;ENT-QC;BD-1152;1;414,17;13,90;271,40;Représentant
CMD-103993;30/08/2025;08-sept-25;24/10/2025;CLI-0051;EMP-509;ENT-QC;BD-1053;2;314,29;3,90;180,55;Courriel
CMD-104178;2025-09-16;24/09/2025;06/12/2025;CLI-0063;EMP-503;ENT-SAG;BD-1041;6;223,67;11,80;163,24;Courriel
CMD-103135;2025-05-12;16/05/2025;01/07/2025;CLI-0126;EMP-502;ENT-MTL;BD-1122;4;284,18;16,70;212,67;Représentant
CMD-103026;29-avr-25;03/05/2025;18/06/2025;CLI-0061;EMP-503;ENT-QC;BD-1001;24;295,92;11,70;186,13;Représentant
CMD-104109;10/09/2025;2025-09-17;16/10/2025;CLI-0087;EMP-502;ENT-QC;BD-1019;4;260,51;13,50;205,07;Représentant
CMD-103250;24/05/2025;02-juin-25;31/07/2025;cli-0185;EMP-508;ENT-SAG;BD-1056;15;368,81;25,00;293,14;Téléphone
CMD-102565;21/02/2025;28/02/2025;10-avr-25;CLI-0207;EMP-501;ENT-QC;BD-1082;8;454,58;4,40;284,24;Représentant
CMD-103590;07-juil-25;10/07/2025;;CLI-0063;EMP-503;ENT-QC;BD-1112;4;100,83;12,20;67,02;Téléphone
CMD-102826;2025-04-03;10/04/2025;12/05/2025;CLI-0144;EMP-502;ENT-QC;BD-1089;3;276,24;12,70;160,95;Représentant
CMD-102399;2025-01-16;22/01/2025;01/03/2025;CLI-0157;EMP-502;ENT-MTL;BD-1097;4;326,69;11,20;214,46;Représentant
CMD-104199;17/09/2025;26/09/2025;04/11/2025;CLI-0004;EMP-505;ENT-MTL;BD-1054;3;439,33;5,70;262,94;Représentant
CMD-103493;2025-06-24;28/06/2025;16/08/2025;CLI-0191;EMP-504;ENT-MTL;BD-1117;3;123,98;16,30;100,34;Représentant
CMD-103142;2025-05-13;20/05/2025;01/06/2025;CLI-0208;EMP-507;ENT-QC;BD-1011;2;439,61;16,30;294,52;Téléphone
CMD-104853;19-nov-25;25/11/2025;;CLI-0047;EMP-508;ENT-QC;BD-1102;3;414,67;14,50;260,69;Portail web
CMD-104270;24/09/2025;02/10/2025;22/11/2025;CLI-0074;EMP-507;ENT-MTL;BD-1117;8;110,16;25,60;100,34;Représentant
CMD-104564;17/10/2025;2025-10-22;20/12/2025;CLI-0144;EMP-502;ENT-QC;BD-1088;1;547,05;13,10;404,63;Représentant
CMD-104759;06/11/2025;09/11/2025;2025-12-18;CLI-0130;EMP-508;ENT-QC;BD-1097;9;291,98;20,70;253,06;Représentant
CMD-102913;15-avr-25;19/04/2025;09/06/2025;CLI-0019;EMP-502;ENT-QC;BD-1071;3;520,75;2,40;308,06;Téléphone
CMD-103724;2025-07-30;06/08/2025;21/09/2025;CLI-0185;EMP-508;ENT-MTL;BD-1025;10;179,85;23,10;149,35;Représentant
CMD-103385;11/06/2025;16-juin-25;24/08/2025;CLI-0130;EMP-508;ENT-MTL;BD-1018;7;365,59;21,30;247,17;Portail web
CMD-103155;2025-05-14;21/05/2025;14/06/2025;CLI-0040;EMP-509;ENT-QC;BD-1105;12;222,70;14,00;169,61;Téléphone
CMD-105046;18/12/2025;2025-12-27;;CLI-0037;EMP-504;ENT-QC;BD-1160;10;60,34;23,40;41,56;Portail web
CMD-103554;01/07/2025;10/07/2025;2025-09-10;CLI-0185;EMP-508;ENT-QC;BD-1063;26;274,58;25,50;247,24;Portail web
CMD-102399;16-janv-25;22/01/2025;01/03/2025;CLI-0157;EMP-502;ENT-MTL;BD-1144;12;158,49;11,20;98,33;Représentant
CMD-103190;2025-05-19;28/05/2025;06/07/2025;CLI-0054;EMP-507;ENT-MTL;BD-1104;12;98,94;10,60;76,70;Téléphone
CMD-103356;06/06/2025;2025-06-14;09/08/2025;CLI-0107;EMP-506;ENT-QC;BD-1086;3;129,08;6,30;97,25;Représentant
CMD-103746;02/08/2025;2025-08-10;21/09/2025;CLI-0074;EMP-507;ENT-MTL;BD-1050;26;389,30;22,80;297,82;Téléphone
CMD-103383;11/06/2025;16/06/2025;22/08/2025;CLI-0144;EMP-502;ENT-MTL;BD-1063;3;315,10;14,50;247,24;Représentant
CMD-102502;10/02/2025;15/02/2025;2025-03-26;CLI-0040;EMP-509;ENT-QC;BD-1105;6;215,69;16,70;169,61;Représentant
CMD-102372;2025-01-10;13/01/2025;13/02/2025;CLI-0162;EMP-508;ENT-MTL;BD-1160;8;69,45;11,80;41,56;Portail web
CMD-103240;23/05/2025;01-juin-25;30/06/2025;CLI-0056;EMP-502;ENT-MTL;BD-1062;28;138,14;23,10;135,59;Portail web
CMD-103915;20/08/2025;2025-08-26;22/10/2025;CLI-0009;EMP-502;ENT-SAG;BD-1024;2;261,10;21,90;189,35;Portail web
CMD-103217;21/05/2025;24/05/2025;2025-07-27;CLI-0073;EMP-501;ENT-QC;BD-1120;6;248,29;16,40;186,72;Courriel
CMD-102752;24/03/2025;02/04/2025;08-mai-25;CLI-0012;EMP-501;ENT-QC;BD-1117;9;110,76;25,20;100,34;Représentant
CMD-104261;23/09/2025;25/09/2025;2025-10-27;CLI-0099;EMP-505;ENT-QC;BD-1132;19;150,83;24,10;128,45;Courriel
CMD-104900;25/11/2025;2025-11-27;;CLI-0059;EMP-504;ENT-MTL;BD-1178;9;161,41;21,40;119,43;Courriel
CMD-105042;18/12/2025;27/12/2025;;CLI-0031;EMP-509;ENT-SAG;BD-1143;6;321,54;14,30;220,45;Représentant
CMD-102801;31-mars-25;05/04/2025;05/05/2025;CLI-0056;EMP-502;ENT-MTL;BD-1003;17;236,79;20,60;192,57;Téléphone
CMD-104662;28/10/2025;2025-10-30;23/12/2025;CLI-0056;EMP-502;ENT-MTL;BD-1153;20;164,16;18,20;116,00;Téléphone
CMD-102506;10/02/2025;2025-02-19;14/03/2025;CLI-0018;EMP-503;ENT-SAG;BD-1178;4;188,41;8,20;119,43;Téléphone
CMD-104437;08/10/2025;17/10/2025;10/11/2025;CLI-0039;EMP-503;ENT-QC;BD-1177;2;381,54;6,40;215,66;Courriel
CMD-104000;01/09/2025;08/09/2025;30-oct-25;CLI-0014;EMP-502;ENT-QC;BD-1048;3;48,81;4,70;33,51;Salon
CMD-104934;2025-11-28;01/12/2025;;CLI-0185;EMP-508;ENT-QC;BD-1156;4;225,48;25,40;164,64;Représentant
CMD-102481;04-févr-25;07/02/2025;13/04/2025;CLI-0208;EMP-507;ENT-QC;BD-1127;2;253,81;15,80;174,31;Représentant
CMD-103133;12/05/2025;15/05/2025;2025-06-24;CLI-0076;EMP-507;ENT-QC;BD-1113;11;342,87;19,70;281,81;Représentant
CMD-105079;23/12/2025;30/12/2025;;CLI-0160;EMP-508;ENT-SAG;BD-1071;4;518,97;2,80;363,51;Courriel
CMD-103970;27/08/2025;30/08/2025;31/10/2025;CLI-0199;EMP-504;ENT-SAG;BD-1027;3;407,60;11,00;254,96;Courriel
CMD-103143;13/05/2025;19/05/2025;11/07/2025;CLI-0195;EMP-506;ENT-SAG;BD-1033;6;165,42;11,70;113,22;Téléphone
CMD-104710;2025-10-31;03/11/2025;29/11/2025;CLI-0012;EMP-501;ENT-SAG;BD-1144;6;145,06;18,70;98,33;Portail web
CMD-102626;05/03/2025;2025-03-09;30/04/2025;CLI-0212;EMP-507;ENT-QC;BD-1177;12;321,97;21,00;215,66;Représentant
CMD-104971;03/12/2025;09/12/2025;;CLI-0106;EMP-501;ENT-SAG;BD-1148;4;411,24;10,60;302,28;Portail web
CMD-104746;05/11/2025;09/11/2025;;CLI-0220;EMP-506;ENT-MTL;BD-1147;24;526,09;12,00;346,92;Représentant
CMD-102985;24/04/2025;29/04/2025;2025-06-18;CLI-0026;EMP-506;ENT-SAG;BD-1167;1;308,99;16,80;209,73;Représentant
CMD-103547;30/06/2025;02-juil-25;08/08/2025;CLI-0192;EMP-505;ENT-MTL;BD-1012;8;114,33;6,10;69,62;
CMD-103514;26/06/2025;29/06/2025;10-août-25;CLI-0041;EMP-508;ENT-MTL;BD-1117;12;132,51;10,60;100,34;Téléphone
CMD-104011;02/09/2025;2025-09-11;01/11/2025;CLI-0127;EMP-503;ENT-MTL;BD-1055;8;287,66;12,40;213,75;Portail web
CMD-104321;29/09/2025;01/10/2025;16/10/2025;CLI-0157;EMP-502;ENT-MTL;BD-1060;1;343,00;13,30;291,44;Représentant
CMD-102749;24-mars-25;31/03/2025;01/06/2025;CLI-0043;EMP-506;ENT-MTL;BD-1036;12;221,31;13,80;162,40;Représentant
CMD-103032;31/02/2024;08-mai-25;05/06/2025;CLI-0088;EMP-504;ENT-QC;BD-1102;3;409,83;15,50;260,69;Téléphone
CMD-104995;2025-12-10;19/12/2025;;CLI-0012;EMP-501;ENT-MTL;BD-1016;20;338,31;18,10;224,02;Représentant
CMD-104621;24/10/2025;2025-10-30;28/12/2025;CLI-0120;EMP-509;ENT-MTL;BD-1033;3;174,71;6,80;113,22;Représentant
CMD-104866;20/11/2025;29/11/2025;;CLI-0012;EMP-501;ENT-MTL;BD-1076;26;454,45;19,00;338,68;Téléphone
CMD-104902;25/11/2025;2025-11-29;;cli-0215;EMP-503;ENT-QC;BD-1129;4;70,25;2,30;46,45;Téléphone
CMD-104841;2025-11-18;25/11/2025;20/12/2025;CLI-0173;EMP-508;ENT-MTL;BD-1152;1;404,33;15,90;271,40;Téléphone
CMD-104472;10/10/2025;13/10/2025;06-déc-25;CLI-0009;EMP-502;ENT-QC;BD-1003;6;226,45;24,10;227,23;Téléphone
CMD-103125;09/05/2025;14-mai-25;18/06/2025;CLI-0040;EMP-509;ENT-MTL;BD-1057;6;25,64;14,10;23,20;Portail web
CMD-102846;04/04/2025;12/04/2025;2025-06-05;CLI-0134;EMP-509;ENT-QC;BD-1003;12;292,21;2,00;192,57;Représentant
CMD-102813;02/04/2025;05/04/2025;17-mai-25;CLI-0208;EMP-507;ENT-MTL;BD-1038;6;480,91;12,80;319,94;Portail web
CMD-103464;19/06/2025;23/06/2025;23-août-25;CLI-0120;EMP-509;ENT-QC;BD-1123;12;204,96;5,80;132,28;Portail web
CMD-103689;2025-07-22;28/07/2025;25/08/2025;CLI-0053;EMP-509;ENT-MTL;BD-1038;8;469,23;15,00;319,94;Portail web
CMD-102791;28/03/2025;03-avr-25;11/06/2025;CLI-0210;EMP-503;ENT-QC;BD-1178;4;190,46;7,20;119,43;Représentant
CMD-102379;2025-01-13;19/01/2025;20/02/2025;CLI-0090;EMP-505;ENT-SAG;BD-1154;8;476,90;10,80;329,92;Représentant
CMD-103760;05/08/2025;2025-08-13;12/09/2025;CLI-0123;EMP-501;ENT-MTL;BD-1039;3;174,26;12,00;122,17;Représentant
CMD-103460;19/06/2025;28/06/2025;2025-08-07;CLI-0209;EMP-508;ENT-SAG;BD-1137;25;33,56;21,60;25,59;Représentant
CMD-102882;11/04/2025;15/04/2025;2025-05-25;CLI-0089;EMP-502;ENT-MTL;BD-1174;17;226,19;23,40;169,01;Représentant
CMD-103038;2025-04-30;08/05/2025;24/06/2025;CLI-0031;EMP-509;ENT-MTL;BD-1044;8;275,23;14,80;199,55;Représentant
CMD-104121;11/09/2025;2025-09-15;11/11/2025;CLI-0054;EMP-507;ENT-QC;BD-1047;6;92,55;13,20;71,53;Courriel
CMD-103561;2025-07-02;09/07/2025;09/09/2025;CLI-0209;EMP-508;ENT-MTL;BD-1064;16;96,51;23,00;70,89;Représentant
CMD-104746;05/11/2025;09/11/2025;;CLI-0220;EMP-506;ENT-MTL;BD-1127;12;264,97;12,00;174,31;Téléphone
CMD-103601;08/07/2025;10-juil-25;11/09/2025;CLI-0206;EMP-503;ENT-MTL;BD-1016;2;367,24;11,10;224,02;Portail web
CMD-104473;00/00/0000;12/10/2025;18/12/2025;CLI-0089;EMP-502;ENT-QC;BD-1056;12;401,62;18,30;293,14;Représentant
CMD-102481;04/02/2025;07/02/2025;13/04/2025;CLI-0208;EMP-507;ENT-QC;BD-1121;3;65,59;15,80;44,65;Représentant
CMD-104329;29/09/2025;07/10/2025;2025-12-02;CLI-0057;EMP-507;ENT-MTL;BD-1087;4;327,82;15,00;215,66;Portail web
CMD-104210;18-sept-25;26/09/2025;31/10/2025;CLI-0074;EMP-507;ENT-MTL;BD-1120;22;231,65;22,00;186,72;Téléphone
CMD-103068;03/05/2025;07/05/2025;2025-06-07;CLI-0146;EMP-503;ENT-QC;BD-1150;12;529,62;15,40;347,06;Représentant
CMD-102767;27/03/2025;01/04/2025;16-mai-25;CLI-0185;EMP-508;ENT-QC;BD-1137;12;33,69;21,30;25,59;Portail web
CMD-103045;30/04/2025;03/05/2025;2025-06-16;CLI-0029;EMP-506;ENT-SAG;BD-1011;10;397,29;24,40;294,52;Portail web
CMD-103543;30/06/2025;06/07/2025;11/09/2025;CLI-0085;EMP-503;ENT-MTL;BD-1122;2;332,63;2,50;212,67;Représentant
CMD-104392;03/10/2025;12/10/2025;;CLI-0012;EMP-501;ENT-MTL;BD-1161;1;105,51;21,90;64,16;Téléphone
CMD-104225;19/09/2025;28/09/2025;27/10/2025;CLI-0009;EMP-502;ENT-MTL;BD-1064;20;98,76;21,20;70,89;Courriel
CMD-104036;03/09/2025;11-sept-25;14/10/2025;CLI-0002;EMP-509;ENT-QC;BD-1080;2;318,74;3,60;208,57;Représentant
CMD-104474;11/10/2025;15/10/2025;2025-11-18;CLI-0185;EMP-508;ENT-QC;BD-1137;5;33,61;21,50;25,59;Téléphone
CMD-104740;04/11/2025;09/11/2025;2025-12-13;CLI-0104;EMP-501;ENT-QC;BD-1150;6;604,01;3,50;347,06;Représentant
CMD-105003;2025-12-11;14/12/2025;;CLI-0066;EMP-507;ENT-MTL;BD-1043;12;466,66;11,60;300,28;Représentant
CMD-104324;29/09/2025;01/10/2025;2025-11-15;CLI-0091;EMP-504;ENT-MTL;BD-1104;1;104,90;5,20;76,70;Téléphone
CMD-102621;05/03/2025;12/03/2025;2025-04-09;CLI-0212;EMP-507;ENT-QC;BD-1096;9;237,70;19,70;174,33;Représentant
CMD-104826;15-nov-25;19/11/2025;;CLI-0029;EMP-506;ENT-SAG;BD-1081;12;443,64;25,20;364,83;Courriel
CMD-102987;24/04/2025;02/05/2025;05/07/2025;CLI-0012;EMP-501;ENT-MTL;BD-1057;19;22,49;24,60;19,66;Représentant
CMD-103278;28/05/2025;05/06/2025;2025-07-09;CLI-0209;EMP-508;ENT-MTL;BD-1025;6;186,19;20,40;149,35;Représentant
CMD-103101;07/05/2025;14-mai-25;28/06/2025;CLI-0001;EMP-508;ENT-MTL;BD-1118;3;456,82;8,10;343,17;Représentant
CMD-102498;07/02/2025;13/02/2025;28/04/2025;CLI-0085;EMP-503;ENT-MTL;BD-1149;1;167,39;8,60;111,14;Téléphone
CMD-102639;07/03/2025;2025-03-11;01/05/2025;CLI-0143;EMP-503;ENT-MTL;BD-1169;12;481,52;16,50;282,28;Courriel
CMD-102388;15/01/2025;23/01/2025;2025-03-07;CLI-0199;EMP-504;ENT-SAG;BD-1170;2;30,80;12,40;16,95;Représentant
CMD-103170;;19/05/2025;28/06/2025;CLI-0067;EMP-502;ENT-MTL;BD-1020;4;48,93;14,90;33,12;Représentant
CMD-104209;18/09/2025;24/09/2025;06-nov-25;CLI-0127;EMP-503;ENT-MTL;BD-1106;6;472,71;10,90;340,08;Représentant
CMD-104740;04/11/2025;09-nov-25;13/12/2025;CLI-0104;EMP-501;ENT-QC;BD-1031;6;501,30;3,50;300,62;Représentant
CMD-104630;25/10/2025;2025-11-02;19/11/2025;CLI-0209;EMP-508;ENT-QC;BD-1053;5;262,99;19,60;180,55;Téléphone
CMD-103152;14/05/2025;23/05/2025;;CLI-0094;EMP-502;ENT-QC;BD-1056;4;464,36;5,60;293,14;Portail web
CMD-104593;22/10/2025;29/10/2025;2025-12-13;CLI-0080;EMP-506;ENT-MTL;BD-1172;4;363,27;13,20;221,22;Téléphone
CMD-104324;29/09/2025;01/10/2025;2025-11-15;CLI-0091;EMP-504;ENT-MTL;BD-1073;4;426,32;5,20;307,22;Téléphone
CMD-103958;26/08/2025;2025-08-30;02/11/2025;CLI-0100;EMP-505;ENT-SAG;BD-1175;6;163,29;3,80;96,85;Portail web
CMD-104942;28/11/2025;2025-12-02;28/12/2025;CLI-0006;EMP-505;ENT-QC;BD-1143;6;330,13;12,00;220,45;Représentant
CMD-104778;10/11/2025;19/11/2025;;CLI-0045;EMP-502;ENT-QC;BD-1166;2;346,05;16,70;217,35;Représentant
CMD-102660;11/03/2025;18/03/2025;20/05/2025;CLI-0166;EMP-503;ENT-QC;BD-1120;3;254,70;14,20;186,72;Représentant
CMD-102767;27/03/2025;2025-04-01;16/05/2025;CLI-0185;EMP-508;ENT-QC;BD-1129;46;56,58;21,30;46,45;Représentant
CMD-104492;13/10/2025;2025-10-22;30/11/2025;CLI-0061;EMP-503;ENT-SAG;BD-1065;8;219,30;12,10;155,19;Téléphone
CMD-102954;2025-04-19;21/04/2025;07/06/2025;CLI-0154;EMP-507;ENT-QC;BD-1175;24;150,31;11,50;96,85;Représentant
CMD-105077;23/12/2025;31-déc-25;;CLI-0212;EMP-507;ENT-MTL;BD-1077;8;271,52;20,60;171,09;Représentant
CMD-102870;09/04/2025;12/04/2025;18/05/2025;CLI-0099;EMP-505;ENT-MTL;BD-1049;6;42,12;22,90;31,22;Représentant
CMD-103062;02/05/2025;2025-05-11;30/06/2025;CLI-0096;EMP-504;ENT-SAG;BD-1020;2;53,91;6,20;33,12;Représentant
CMD-102973;2025-04-23;29/04/2025;07/06/2025;CLI-0102;EMP-506;ENT-SAG;BD-1051;2;122,55;5,50;79,76;Courriel
CMD-103630;11/07/2025;2025-07-13;20/08/2025;CLI-0200;EMP-509;ENT-QC;BD-1008;4;204,74;12,50;155,34;Représentant
CMD-102939;17/04/2025;2025-04-20;09/06/2025;CLI-0005;EMP-503;ENT-MTL;BD-1018;3;452,20;2,70;247,17;Téléphone
CMD-102912;15/04/2025;22/04/2025;29-mai-25;CLI-0209;EMP-508;ENT-MTL;BD-1134;13;85,67;22,10;61,77;Représentant
CMD-104473;2025-10-10;12/10/2025;18/12/2025;CLI-0089;EMP-502;ENT-QC;BD-1093;71;182,74;18,30;159,25;Portail web
CMD-104944;28/11/2025;04/12/2025;;CLI-0063;EMP-503;ENT-QC;BD-1032;1;474,11;13,40;409,59;Téléphone
CMD-105019;n/d;17/12/2025;;CLI-0130;EMP-508;ENT-QC;BD-1067;9;31,56;24,10;28,64;Courriel
CMD-104477;2025-10-11;18/10/2025;29/11/2025;CLI-0146;EMP-503;ENT-SAG;BD-1099;3;444,20;10,50;346,57;Courriel
CMD-104315;27/09/2025;04/10/2025;24-nov-25;CLI-0059;EMP-504;ENT-QC;BD-1044;6;243,32;24,70;199,55;Représentant
CMD-104065;2025-09-06;10/09/2025;23/10/2025;CLI-0199;EMP-504;ENT-QC;BD-1144;4;153,41;14,10;98,33;Portail web
CMD-104489;2025-10-13;16/10/2025;08/12/2025;CLI-0085;EMP-503;ENT-QC;BD-1102;8;459,64;5,20;260,69;Portail web
CMD-104424;07/10/2025;10/10/2025;2025-12-06;CLI-0090;EMP-505;ENT-SAG;BD-1149;24;159,66;12,80;111,14;Téléphone
CMD-102381;13/01/2025;20/01/2025;24-févr-25;CLI-0137;EMP-503;ENT-MTL;BD-1127;28;227,63;24,40;174,31;Représentant
CMD-103365;09-juin-25;18/06/2025;03/07/2025;CLI-0127;EMP-503;ENT-QC;BD-1043;6;474,13;10,20;300,28;Représentant
CMD-104997;10/12/2025;2025-12-16;;CLI-0160;EMP-508;ENT-MTL;BD-1087;6;361,63;6,30;215,66;Portail web
CMD-104966;2025-12-03;06/12/2025;;CLI-0137;EMP-503;ENT-MTL;BD-1138;9;115,45;21,60;88,19;Téléphone
CMD-104210;2025-09-18;26/09/2025;31/10/2025;CLI-0074;EMP-507;ENT-MTL;BD-1159;28;225,52;22,00;169,65;Téléphone
CMD-104774;10/11/2025;19/11/2025;20/12/2025;CLI-0037;EMP-504;ENT-MTL;BD-1151;26;120,25;24,40;92,25;Représentant
CMD-102550;2025-02-19;21/02/2025;03/04/2025;CLI-0037;EMP-504;ENT-QC;BD-1092;12;222,87;21,00;142,98;Représentant
CMD-102622;05/03/2025;08/03/2025;10-avr-25;CLI-0088;EMP-504;ENT-QC;BD-1175;6;145,93;14,00;96,85;Portail web
CMD-104767;2025-11-07;11/11/2025;10/12/2025;CLI-0195;EMP-506;ENT-MTL;BD-1148;12;405,12;11,90;302,28;Portail web
CMD-103553;01/07/2025;08/07/2025;2025-08-28;CLI-0031;EMP-509;ENT-QC;BD-1016;3;345,13;16,50;224,02;Salon
CMD-104634;25/10/2025;27-oct-25;25/11/2025;CLI-0029;EMP-506;ENT-QC;BD-1047;9;83,78;21,40;71,53;Téléphone
CMD-103216;21-mai-25;29/05/2025;16/07/2025;CLI-0065;EMP-504;ENT-SAG;BD-1007;6;99,28;3,90;57,14;Courriel
CMD-103442;17/06/2025;2025-06-22;21/08/2025;CLI-0153;EMP-507;ENT-QC;BD-1032;24;472,34;13,70;409,59;Représentant
CMD-103784;07/08/2025;2025-08-13;14/09/2025;CLI-0108;EMP-503;ENT-SAG;BD-1022;1;403,56;11,20;298,47;Portail web
CMD-103472;20/06/2025;25/06/2025;2025-07-26;CLI-0099;EMP-505;ENT-MTL;BD-1004;15;213,82;22,00;158,83;Représentant
CMD-103495;24/06/2025;29/06/2025;2025-08-11;CLI-0137;EMP-503;ENT-QC;BD-1049;3;40,77;25,40;31,22;Représentant
CMD-104047;04/09/2025;06/09/2025;23-oct-25;CLI-0185;EMP-508;ENT-MTL;BD-1152;6;370,42;23,00;271,40;Représentant
CMD-103975;28/08/2025;2025-08-31;18/10/2025;CLI-0074;EMP-507;ENT-MTL;BD-1059;37;426,45;19,10;391,48;Représentant
CMD-102511;2025-02-11;17/02/2025;16/04/2025;CLI-0032;EMP-504;ENT-MTL;BD-1115;12;68,07;8,80;47,23;Représentant
CMD-102480;2025-02-04;11/02/2025;22/04/2025;CLI-0040;EMP-509;ENT-MTL;BD-1111;3;190,72;13,90;148,90;Représentant
CMD-104124;2025-09-11;17/09/2025;17/11/2025;cli-0025;EMP-509;ENT-MTL;BD-1129;6;60,66;15,60;46,45;Représentant
CMD-102909;15/04/2025;21/04/2025;2025-05-25;CLI-0090;EMP-505;ENT-QC;BD-1044;2;281,86;12,70;199,55;Portail web
CMD-104121;11/09/2025;2025-09-15;11/11/2025;CLI-0054;EMP-507;ENT-QC;BD-1056;8;427,05;13,20;293,14;Portail web
CMD-103045;2025-04-30;03/05/2025;16/06/2025;CLI-0029;EMP-506;ENT-SAG;BD-1168;5;302,58;24,40;229,43;Portail web
CMD-103938;25/08/2025;28/08/2025;2025-10-28;CLI-0108;EMP-503;ENT-QC;BD-1006;8;283,57;15,30;182,47;Portail web
CMD-104182;17/09/2025;26/09/2025;01/11/2025;CLI-0059;EMP-504;ENT-QC;BD-1060;9;309,54;21,80;291,44;Représentant
CMD-105097;26/12/2025;30/12/2025;;CLI-0167;EMP-506;ENT-MTL;BD-1135;6;71,49;2,50;40,73;Courriel
CMD-104738;04/11/2025;07-nov-25;;CLI-0033;EMP-504;ENT-MTL;BD-1104;3;92,57;16,40;76,70;Portail web
CMD-104773;08/11/2025;10-nov-25;20/12/2025;CLI-0051;EMP-509;ENT-MTL;BD-1175;3;161,94;4,60;96,85;Courriel
CMD-104693;30/10/2025;2025-11-08;28/12/2025;CLI-0144;EMP-502;ENT-QC;BD-1087;12;343,61;10,90;215,66;Représentant
CMD-104707;2025-10-31;05/11/2025;31/12/2025;CLI-0144;EMP-502;ENT-MTL;BD-1162;24;120,89;11,80;68,38;Téléphone
CMD-102862;08-avr-25;14/04/2025;23/05/2025;CLI-0151;EMP-504;ENT-MTL;BD-1051;1;125,65;3,10;79,76;Représentant
CMD-104967;03/12/2025;06/12/2025;;CLI-0087;EMP-502;ENT-SAG;BD-1009;8;91,32;13,20;67,67;Représentant
CMD-103085;06/05/2025;14/05/2025;2025-07-25;CLI-0047;EMP-508;ENT-MTL;BD-1100;24;466,16;13,10;369,19;Portail web
CMD-102939;17/04/2025;20/04/2025;09/06/2025;CLI-0005;EMP-503;ENT-MTL;BD-1165;4;179,03;2,70;107,92;Téléphone
CMD-103301;2025-05-30;08/06/2025;11/07/2025;CLI-0025;EMP-509;ENT-MTL;BD-1039;3;165,21;16,50;122,17;Téléphone
CMD-102340;03/01/2025;10-janv-25;08/03/2025;CLI-0074;EMP-507;ENT-MTL;BD-1116;28;71,23;19,70;60,17;Salon
CMD-104903;25/11/2025;2025-11-28;26/12/2025;CLI-0137;EMP-503;ENT-MTL;BD-1181;6;479,68;23,20;312,40;Représentant
CMD-104522;15/10/2025;19/10/2025;19/11/2025;CLI-0115;EMP-509;ENT-SAG;BD-1003;8;256,13;14,10;227,23;Courriel
CMD-103082;06-mai-25;14/05/2025;30/06/2025;CLI-0009;EMP-502;ENT-MTL;BD-1122;18;277,79;18,60;212,67;Représentant
CMD-105004;11/12/2025;20/12/2025;;CLI-0129;EMP-508;ENT-MTL;BD-1080;24;306,38;7,30;208,57;Représentant
CMD-103111;09/05/2025;2025-05-17;01/07/2025;CLI-0075;EMP-506;ENT-SAG;BD-1023;4;351,92;6,80;244,32;Téléphone
CMD-102934;17/04/2025;25/04/2025;25-juin-25;CLI-0143;EMP-503;ENT-SAG;BD-1158;6;311,44;10,90;184,61;Représentant
CMD-105099;26-déc-25;31/12/2025;;CLI-0112;EMP-505;ENT-QC;BD-1093;12;188,21;15,90;159,25;Représentant
CMD-104172;16/09/2025;2025-09-23;30/10/2025;CLI-0161;EMP-508;ENT-SAG;BD-1061;8;110,42;6,50;76,81;Représentant
CMD-104316;2025-09-27;01/10/2025;25/11/2025;CLI-0019;EMP-502;ENT-SAG;BD-1055;3;319,97;2,60;213,75;Salon
CMD-104862;2025-11-19;23/11/2025;;CLI-0056;EMP-502;ENT-MTL;BD-1103;12;179,89;21,00;154,84;Représentant
CMD-103545;30/06/2025;2025-07-04;31/08/2025;CLI-0072;EMP-501;ENT-MTL;BD-1103;6;198,83;12,70;154,84;Téléphone
CMD-104346;30/09/2025;2025-10-07;26/11/2025;CLI-0209;EMP-508;ENT-SAG;BD-1081;23;443,85;25,20;364,83;Salon
CMD-102350;2025-01-07;15/01/2025;15/02/2025;CLI-0043;EMP-506;ENT-QC;BD-1026;4;387,27;11,70;246,82;Représentant
CMD-102818;02/04/2025;09/04/2025;29-mai-25;CLI-0076;EMP-507;ENT-MTL;BD-1050;2;388,22;23,00;297,82;Représentant
CMD-103156;14/05/2025;22-mai-25;14/07/2025;CLI-0037;EMP-504;ENT-QC;BD-1067;15;32,19;22,60;28,64;Téléphone
CMD-104454;09/10/2025;2025-10-13;04/11/2025;CLI-0194;EMP-506;ENT-SAG;BD-1073;3;424,76;5,60;307,22;Représentant
CMD-105026;2025-12-16;22/12/2025;;CLI-0099;EMP-505;ENT-QC;BD-1130;10;446,67;20,90;323,89;Représentant
CMD-103074;2025-05-05;12/05/2025;30/05/2025;CLI-0015;EMP-509;ENT-QC;BD-1063;3;345,70;6,10;247,24;Portail web
CMD-102925;16/04/2025;25-avr-25;07/06/2025;CLI-0141;EMP-502;ENT-QC;BD-1091;8;506,02;10,90;284,93;Représentant
CMD-104621;24/10/2025;30/10/2025;28-déc-25;CLI-0120;EMP-509;ENT-MTL;BD-1154;3;498,42;6,80;329,92;Représentant
CMD-104727;03/11/2025;2025-11-06;02/12/2025;CLI-0090;EMP-505;ENT-MTL;BD-1045;2;113,53;13,40;78,37;Portail web
CMD-103385;11/06/2025;2025-06-16;24/08/2025;CLI-0130;EMP-508;ENT-MTL;BD-1024;9;262,82;21,30;189,35;Représentant
CMD-102393;15/01/2025;2025-01-18;25/03/2025;CLI-0189;EMP-501;ENT-QC;BD-1176;12;587,65;6,80;328,78;Représentant
CMD-102667;2025-03-12;14/03/2025;17/04/2025;CLI-0169;EMP-507;ENT-MTL;BD-1181;24;543,75;13,00;312,40;Portail web
CMD-105036;17/12/2025;2025-12-20;;CLI-0014;EMP-502;ENT-MTL;BD-1125;1;401,13;8,80;291,24;Représentant
CMD-103204;20-mai-25;29/05/2025;;CLI-0169;EMP-507;ENT-MTL;BD-1064;3;110,74;11,60;70,89;Téléphone
CMD-104232;20/09/2025;26-sept-25;02/11/2025;CLI-0212;EMP-507;ENT-QC;BD-1177;2;330,03;19,00;215,66;Représentant
CMD-103934;22/08/2025;30/08/2025;2025-11-03;CLI-0220;EMP-506;ENT-MTL;BD-1026;6;391,10;10,80;246,82;Salon
CMD-104509;14/10/2025;2025-10-16;02/12/2025;CLI-0217;EMP-506;ENT-QC;BD-1084;7;455,39;21,60;375,89;Portail web
CMD-104308;2025-09-26;28/09/2025;28/11/2025;CLI-0187;EMP-507;ENT-QC;BD-1041;12;215,81;14,90;163,24;Portail web
CMD-104701;2025-10-31;04/11/2025;;CLI-0025;EMP-509;ENT-QC;BD-1148;2;405,83;11,80;302,28;Portail web
CMD-105122;31/12/2025;08/01/2026;;CLI-0179;EMP-509;ENT-SAG;BD-1130;12;547,88;2,90;323,89;Portail web
CMD-104165;2025-09-15;17/09/2025;09/11/2025;CLI-0026;EMP-506;ENT-QC;BD-1008;3;206,68;11,60;155,34;Représentant
CMD-103744;02/08/2025;05-août-25;02/10/2025;CLI-0025;EMP-509;ENT-SAG;BD-1018;6;404,21;13,00;247,17;Téléphone
CMD-103300;29/05/2025;2025-06-01;13/07/2025;CLI-0132;EMP-507;ENT-QC;BD-1054;2;407,00;12,60;262,94;Portail web
CMD-102872;2025-04-09;11/04/2025;10/06/2025;CLI-0137;EMP-503;ENT-QC;BD-1049;22;43,36;20,70;31,22;Représentant
CMD-103154;14/05/2025;18-mai-25;07/07/2025;CLI-0146;EMP-503;ENT-QC;BD-1055;8;276,67;15,80;213,75;Représentant
CMD-103390;11/06/2025;14/06/2025;30-juil-25;CLI-0024;EMP-504;ENT-QC;BD-1117;1;143,32;3,30;100,34;Représentant
CMD-104682;29-oct-25;05/11/2025;;CLI-0009;EMP-502;ENT-QC;BD-1119;9;68,08;25,90;59,67;Représentant
CMD-103002;25/04/2025;03/05/2025;2025-05-30;CLI-0190;EMP-504;ENT-QC;BD-1007;3;95,26;7,80;57,14;Représentant
CMD-103334;03/06/2025;10/06/2025;01/08/2025;CLI-0147;EMP-506;ENT-SAG;BD-1007;8;100,85;2,40;57,14;Portail web
CMD-103485;23/06/2025;01/07/2025;03-août-25;CLI-0115;EMP-509;ENT-SAG;BD-1030;2;161,88;11,60;119,13;Représentant
CMD-104303;26/09/2025;01/10/2025;19-nov-25;CLI-0005;EMP-503;ENT-SAG;BD-1058;8;224,74;8,20;149,54;Téléphone
CMD-104262;23/09/2025;01-oct-25;19/11/2025;CLI-0115;EMP-509;ENT-MTL;BD-1160;1;68,16;13,50;41,56;Représentant
CMD-103795;2025-08-08;13/08/2025;29/09/2025;CLI-0004;EMP-505;ENT-SAG;BD-1009;8;97,52;7,30;67,67;Courriel
CMD-104950;01/12/2025;10/12/2025;;CLI-0012;EMP-501;ENT-SAG;BD-1109;24;367,30;20,20;310,20;Représentant
CMD-104469;10/10/2025;2025-10-18;19/11/2025;CLI-0088;EMP-504;ENT-SAG;BD-1168;3;352,65;11,80;229,43;Salon
CMD-103443;17/06/2025;24/06/2025;17/08/2025;CLI-0183;EMP-506;ENT-QC;BD-1137;6;39,29;8,20;25,59;Téléphone
CMD-103123;2025-05-09;16/05/2025;18/06/2025;CLI-0162;EMP-508;ENT-QC;BD-1046;6;427,11;10,50;372,17;Portail web
CMD-103113;2025-05-09;14/05/2025;30/06/2025;CLI-0012;EMP-501;ENT-QC;BD-1040;10;338,32;23,20;274,41;Représentant
CMD-104624;24/10/2025;01-nov-25;25/12/2025;CLI-0076;EMP-507;ENT-QC;BD-1045;2;107,38;18,10;78,37;Représentant
CMD-102765;26/03/2025;31/03/2025;28-mai-25;CLI-0056;EMP-502;ENT-MTL;BD-1123;6;162,99;25,10;132,28;Représentant
CMD-103343;04/06/2025;06/06/2025;2025-07-27;CLI-0027;EMP-502;ENT-MTL;BD-1100;6;490,29;8,60;369,19;Portail web
CMD-105011;12/12/2025;20/12/2025;;CLI-0063;EMP-503;ENT-MTL;BD-1180;2;161,38;14,80;95,30;Représentant
CMD-102539;17/02/2025;23/02/2025;22-mars-25;CLI-0208;EMP-507;ENT-MTL;BD-1165;8;161,80;12,10;107,92;Téléphone
CMD-102796;31-mars-25;02/04/2025;24/04/2025;CLI-0153;EMP-507;ENT-QC;BD-1023;2;322,22;14,60;244,32;Représentant
CMD-104146;12-sept-25;20/09/2025;08/11/2025;CLI-0145;EMP-504;ENT-MTL;BD-1062;3;173,46;3,50;135,59;Portail web
CMD-103511;2025-06-26;01/07/2025;19/08/2025;CLI-0057;EMP-507;ENT-MTL;BD-1117;1;129,03;12,90;100,34;Téléphone
CMD-104337;30/09/2025;07-oct-25;24/11/2025;CLI-0130;EMP-508;ENT-MTL;BD-1066;7;281,39;18,30;240,06;Représentant
CMD-103607;09/07/2025;18/07/2025;2025-09-11;CLI-0112;EMP-505;ENT-QC;BD-1003;6;259,95;12,80;227,23;Salon
CMD-104677;29/10/2025;2025-11-03;21/12/2025;CLI-0012;EMP-501;ENT-MTL;BD-1112;20;90,89;20,90;67,02;Représentant
CMD-104912;2025-11-26;05/12/2025;;CLI-0056;EMP-502;ENT-SAG;BD-1128;9;116,10;19,90;78,87;Représentant
CMD-103520;27/06/2025;2025-06-29;04/08/2025;CLI-0053;EMP-509;ENT-QC;BD-1036;1;225,82;12,10;191,63;
CMD-104488;13/10/2025;2025-10-15;28/11/2025;CLI-0097;EMP-504;ENT-MTL;BD-1125;3;424,47;3,50;291,24;
CMD-104701;31/10/2025;04/11/2025;;CLI-0025 ;EMP-509;ENT-QC;BD-1146;3;331,42;11,80;225,52;Représentant
CMD-102345;2025-01-06;15/01/2025;23/03/2025;CLI-0081;EMP-502;ENT-SAG;BD-1119;2;77,93;15,10;59,67;Portail web
CMD-102804;2025-04-01;04/04/2025;09/05/2025;CLI-0219;EMP-505;ENT-MTL;BD-1045;12;123,04;6,10;78,37;Représentant
CMD-103603;08/07/2025;13/07/2025;26/08/2025;CLI-0004;EMP-505;ENT-SAG;BD-1037;2;28,51;4,70;16,65;Portail web
CMD-104999;2025-12-11;18/12/2025;;CLI-0056;EMP-502;ENT-QC;BD-1097;37;298,35;18,90;253,06;Représentant
CMD-103183;16/05/2025;2025-05-22;08/06/2025;CLI-0115;EMP-509;ENT-MTL;BD-1034;4;213,06;10,30;182,99;Téléphone
CMD-104484;2025-10-13;21/10/2025;26/12/2025;CLI-0055;EMP-506;ENT-MTL;BD-1113;8;392,17;8,20;281,81;Représentant
CMD-104792;11/11/2025;17/11/2025;2025-12-19;CLI-0074;EMP-507;ENT-MTL;BD-1070;25;61,07;19,80;48,05;Représentant
CMD-103033;2025-04-30;04/05/2025;11/07/2025;CLI-0130;EMP-508;ENT-MTL;BD-1095;4;80,99;21,90;54,77;Téléphone
CMD-103151;14/05/2025;2025-05-17;11/07/2025;CLI-0148;EMP-501;ENT-MTL;BD-1059;1;464,59;11,90;391,48;Représentant
CMD-104347;2025-09-30;05/10/2025;15/12/2025;CLI-0076;EMP-507;ENT-QC;BD-1036;13;195,63;23,80;191,63;Téléphone
CMD-102402;2025-01-16;24/01/2025;27/02/2025;CLI-0067;EMP-502;ENT-MTL;BD-1180;3;158,33;16,40;95,30;Représentant
CMD-104309;26/09/2025;2025-10-03;14/11/2025;CLI-0050;EMP-502;ENT-MTL;BD-1040;1;368,62;16,40;274,41;Représentant
CMD-102701;2025-03-15;21/03/2025;22/04/2025;CLI-0184;EMP-503;ENT-QC;BD-1120;6;272,42;8,20;186,72;Représentant
CMD-103974;27/08/2025;01/09/2025;2025-10-06;CLI-0089;EMP-502;ENT-MTL;BD-1013;3;417,30;19,20;315,34;Représentant
CMD-104822;14/11/2025;19/11/2025;;CLI-0009;EMP-502;ENT-QC;BD-1068;15;455,63;19,20;342,49;Représentant
CMD-105113;29/12/2025;2026-01-04;;CLI-0131;EMP-502;ENT-MTL;BD-1175;8;145,98;14,00;96,85;Représentant
CMD-104891;22/11/2025;2025-11-26;;CLI-0175;EMP-505;ENT-MTL;BD-1145;2;169,13;8,20;111,12;Portail web
CMD-104449;2025-10-09;17/10/2025;21/11/2025;CLI-0187;EMP-507;ENT-MTL;BD-1123;8;181,33;16,60;132,28;Représentant
CMD-105117;30/12/2025;06/01/2026;;CLI-0153;EMP-507;ENT-QC;BD-1090;12;85,36;10,90;69,37;Salon
CMD-104011;02/09/2025;11-sept-25;01/11/2025;CLI-0127;EMP-503;ENT-MTL;BD-1083;3;269,06;12,40;189,32;Téléphone
CMD-102604;03/03/2025;10-mars-25;11/05/2025;CLI-0037;EMP-504;ENT-QC;BD-1128;18;110,03;24,00;78,87;Salon
CMD-103177;16/05/2025;21/05/2025;09-juil-25;CLI-0029;EMP-506;ENT-QC;BD-1010;8;132,84;18,50;88,91;Représentant
CMD-102872;09/04/2025;11-avr-25;10/06/2025;CLI-0137;EMP-503;ENT-QC;BD-1044;73;256,33;20,70;199,55;Téléphone
CMD-102799;31/03/2025;05/04/2025;2025-06-05;CLI-0081;EMP-502;ENT-MTL;BD-1047;8;94,18;11,60;71,53;Représentant
CMD-103426;16/06/2025;2025-06-22;14/08/2025;CLI-0212;EMP-507;ENT-SAG;BD-1111;11;169,69;23,40;148,90;Portail web
CMD-103439;17/06/2025;20/06/2025;2025-07-22;CLI-0219;EMP-505;ENT-QC;BD-1126;3;195,82;3,30;133,03;Téléphone
CMD-103885;18/08/2025;22/08/2025;2025-09-28;CLI-0041;EMP-508;ENT-MTL;BD-1005;6;279,69;14,50;208,35;Représentant
CMD-103922;21/08/2025;2025-08-29;22/10/2025;CLI-0096;EMP-504;ENT-SAG;BD-1033;2;173,25;7,50;113,22;Représentant
CMD-102338;03-janv-25;09/01/2025;16/02/2025;CLI-0031;EMP-509;ENT-MTL;BD-1132;4;169,34;14,70;128,45;Représentant
CMD-104332;29/09/2025;02-oct-25;29/11/2025;CLI-0130;EMP-508;ENT-QC;BD-1161;15;102,03;24,50;64,16;Représentant
CMD-102453;28/01/2025;02/02/2025;01-mars-25;CLI-0037;EMP-504;ENT-SAG;BD-1020;3;45,89;20,10;33,12;Téléphone
CMD-102517;12/02/2025;2025-02-15;26/04/2025;CLI-0044;EMP-505;ENT-MTL;BD-1178;3;172,07;16,20;119,43;Représentant
CMD-103833;13/08/2025;17/08/2025;2025-09-30;CLI-0034;EMP-507;ENT-MTL;BD-1046;3;398,60;16,50;372,17;Représentant
CMD-103181;16/05/2025;21/05/2025;02/07/2025;CLI-0033;EMP-504;ENT-QC;BD-1051;1;110,11;15,10;79,76;Portail web
CMD-102981;2025-04-24;26/04/2025;08/07/2025;CLI-0084;EMP-503;ENT-MTL;BD-1037;6;25,12;16,00;16,65;Portail web
CMD-103244;23/05/2025;25-mai-25;05/07/2025;CLI-0012;EMP-501;ENT-QC;BD-1088;26;491,72;21,90;404,63;Représentant
CMD-102702;15/03/2025;20/03/2025;2025-05-09;CLI-0037;EMP-504;ENT-SAG;BD-1048;3;40,78;20,30;33,51;Représentant
CMD-103633;12/07/2025;21/07/2025;05-sept-25;CLI-0081;EMP-502;ENT-MTL;BD-1153;4;168,33;16,10;116,00;Représentant
CMD-103480;2025-06-23;01/07/2025;30/08/2025;CLI-0130;EMP-508;ENT-QC;BD-1105;1;202,55;21,80;169,61;Représentant
CMD-103019;28/04/2025;01/05/2025;2025-06-03;CLI-0065;EMP-504;ENT-QC;BD-1110;4;272,07;4,20;182,67;Représentant
CMD-104494;13/10/2025;17/10/2025;26-nov-25;CLI-0041;EMP-508;ENT-QC;BD-1129;8;64,29;10,60;46,45;Téléphone
CMD-103715;29/07/2025;07/08/2025;2025-08-26;CLI-0182;EMP-503;ENT-MTL;BD-1122;6;305,28;10,50;212,67;Téléphone
CMD-104480;11-oct-25;17/10/2025;;CLI-0047;EMP-508;ENT-SAG;BD-1129;2;60,00;16,50;46,45;Courriel
CMD-102739;21/03/2025;2025-03-30;14/05/2025;CLI-0196;EMP-506;ENT-QC;BD-1009;4;99,28;5,60;67,67;
CMD-102479;03/02/2025;05/02/2025;2025-04-14;CLI-0076;EMP-507;ENT-SAG;BD-1180;11;141,78;25,10;95,30;Téléphone
CMD-103527;27/06/2025;2025-07-02;30/07/2025;CLI-0063;EMP-503;ENT-SAG;BD-1010;1;145,04;11,00;88,91;Portail web
CMD-105101;26/12/2025;01-janv-26;;CLI-0192;EMP-505;ENT-MTL;BD-1139;4;326,47;9,00;203,11;Représentant
CMD-102999;25/04/2025;27/04/2025;2025-06-17;CLI-0045;EMP-502;ENT-QC;BD-1063;12;309,68;15,90;247,24;Représentant
CMD-102871;09/04/2025;12/04/2025;20-mai-25;CLI-0021;EMP-501;ENT-QC;BD-1158;6;326,23;6,70;184,61;Courriel
CMD-104998;2025-12-11;20/12/2025;;CLI-0066;EMP-507;ENT-QC;BD-1099;4;429,27;13,50;346,57;Représentant
CMD-102873;09/04/2025;13/04/2025;2025-05-29;CLI-0081;EMP-502;ENT-MTL;BD-1062;8;161,01;10,40;114,90;Téléphone
CMD-104036;03/09/2025;2025-09-11;14/10/2025;CLI-0002;EMP-509;ENT-QC;BD-1082;8;458,17;3,60;335,40;Téléphone
CMD-103338;04/06/2025;09/06/2025;21/07/2025;CLI-0196;EMP-506;ENT-QC;BD-1176;2;609,18;3,40;328,78;Représentant
CMD-104335;30/09/2025;04/10/2025;2025-11-07;CLI-0008;EMP-506;ENT-SAG;BD-1095;6;99,62;3,90;64,62;Représentant
CMD-103609;2025-07-09;15/07/2025;28/08/2025;CLI-0037;EMP-504;ENT-MTL;BD-1157;4;41,94;19,90;25,21;Portail web
CMD-103501;25/06/2025;30/06/2025;07-août-25;  CLI-0097;EMP-504;ENT-QC;BD-1146;24;353,53;5,90;225,52;Courriel
CMD-104737;04/11/2025;12/11/2025;14-déc-25;CLI-0187;EMP-507;ENT-QC;BD-1081;6;522,72;11,90;364,83;Téléphone
CMD-104622;24-oct-25;26/10/2025;02/12/2025;CLI-0031;EMP-509;ENT-MTL;BD-1085;24;58,30;13,20;49,28;Portail web
CMD-104428;08/10/2025;10/10/2025;06/11/2025;CLI-0193;EMP-509;ENT-QC;BD-1066;1;308,30;10,50;240,06;Courriel
CMD-103788;07/08/2025;13/08/2025;20/10/2025;CLI-0137;EMP-503;ENT-MTL;BD-1052;13;248,05;19,20;183,03;Représentant
CMD-103517;26/06/2025;30/06/2025;2025-09-09;CLI-0134;EMP-509;ENT-MTL;BD-1119;1;85,42;7,00;59,67;Téléphone
CMD-104262;23/09/2025;01/10/2025;2025-11-19;CLI-0115;EMP-509;ENT-MTL;BD-1123;2;188,24;13,50;132,28;Représentant
CMD-104924;27/11/2025;03/12/2025;;CLI-0131;EMP-502;ENT-QC;BD-1073;4;382,13;15,00;307,22;Représentant
CMD-104879;20/11/2025;28/11/2025;;CLI-0137;EMP-503;ENT-MTL;BD-1093;9;182,18;18,60;159,25;Courriel
CMD-104716;2025-11-01;09/11/2025;;CLI-0143;EMP-503;ENT-QC;BD-1148;8;398,08;13,40;302,28;Représentant
CMD-103541;30/06/2025;06/07/2025;02-sept-25;CLI-0029;EMP-506;ENT-QC;BD-1052;5;238,62;22,30;183,03;Portail web
CMD-104556;2025-10-17;20/10/2025;30/12/2025;CLI-0136;EMP-507;ENT-QC;BD-1098;24;396,34;10,10;309,76;Représentant
CMD-104248;22/09/2025;30/09/2025;19-oct-25;CLI-0137;EMP-503;ENT-QC;BD-1068;16;456,45;19,10;342,49;Représentant
CMD-104432;08/10/2025;13/10/2025;02/11/2025;CLI-0057;EMP-507;ENT-MTL;BD-1083;4;266,79;13,20;189,32;Courriel
CMD-103361;06/06/2025;15/06/2025;2025-07-21;CLI-0216;EMP-503;ENT-MTL;BD-1029;3;372,71;4,90;243,45;Portail web
CMD-103565;02-juil-25;08/07/2025;08/09/2025;CLI-0017;EMP-507;ENT-QC;BD-1041;1;226,05;10,80;163,24;Courriel
CMD-104543;16-oct-25;18/10/2025;17/12/2025;CLI-0212;EMP-507;ENT-MTL;BD-1141;11;403,36;19,20;314,24;Portail web
CMD-104550;16/10/2025;2025-10-21;08/12/2025;CLI-0137;EMP-503;ENT-MTL;BD-1136;5;156,14;24,80;112,45;Représentant
CMD-102733;2025-03-20;27/03/2025;30/04/2025;CLI-0193;EMP-509;ENT-QC;BD-1140;6;55,64;12,40;41,26;Salon
CMD-104169;16/09/2025;22/09/2025;20/10/2025;CLI-0165;EMP-507;ENT-SAG;BD-1061;1;111,26;5,80;76,81;Représentant
CMD-102634;07/03/2025;2025-03-09;03/05/2025;CLI-0067;EMP-502;ENT-QC;BD-1171;12;131,65;16,80;85,46;Téléphone
CMD-103497;2025-06-24;26/06/2025;22/08/2025;CLI-0147;EMP-506;ENT-QC;BD-1061;2;107,85;8,70;76,81;Portail web
CMD-103758;05/08/2025;2025-08-14;14/10/2025;  CLI-0137;EMP-503;ENT-QC;BD-1125;39;330,62;24,80;291,24;Portail web
CMD-103685;22/07/2025;26/07/2025;21/08/2025;CLI-0009;EMP-502;ENT-SAG;BD-1157;19;42,39;19,00;25,21;Portail web
CMD-102674;12/03/2025;19/03/2025;03/05/2025;CLI-0093;EMP-508;ENT-QC;BD-1178;3;178,80;12,90;119,43;Représentant
CMD-102986;24/04/2025;01/05/2025;2025-06-06;CLI-0049;EMP-508;ENT-MTL;BD-1062;1;160,22;10,80;114,90;Représentant
CMD-102506;10/02/2025;19/02/2025;14-mars-25;CLI-0018;EMP-503;ENT-SAG;BD-1165;8;168,89;8,20;107,92;Téléphone
CMD-103712;29/07/2025;03-août-25;06/09/2025;CLI-0217;EMP-506;ENT-QC;BD-1116;5;68,70;22,50;60,17;Téléphone
CMD-102563;20/02/2025;28/02/2025;05-avr-25;CLI-0113;EMP-505;ENT-MTL;BD-1168;4;377,15;5,70;229,43;Représentant
CMD-105037;17/12/2025;20/12/2025;;CLI-0082;EMP-504;ENT-QC;BD-1050;4;460,30;8,70;297,82;Représentant
CMD-102835;03/04/2025;11/04/2025;20-mai-25;CLI-0162;EMP-508;ENT-QC;BD-1049;2;46,42;15,00;31,22;Portail web
CMD-102455;29-janv-25;07/02/2025;21/03/2025;CLI-0088;EMP-504;ENT-QC;BD-1067;1;36,24;12,90;24,27;Courriel
CMD-102543;17/02/2025;21-févr-25;26/03/2025;CLI-0044;EMP-505;ENT-QC;BD-1161;3;121,16;10,30;64,16;Téléphone
CMD-103749;04/08/2025;09/08/2025;11-sept-25;CLI-0063;EMP-503;ENT-QC;BD-1109;3;407,41;11,40;310,20;Portail web
CMD-102469;2025-01-31;02/02/2025;21/03/2025;CLI-0155;EMP-506;ENT-SAG;BD-1152;6;401,27;16,60;271,40;Courriel
CMD-104131;11/09/2025;18/09/2025;26-oct-25;CLI-0212;EMP-507;ENT-QC;BD-1173;24;299,34;24,90;212,35;Portail web
CMD-104807;12-nov-25;20/11/2025;22/12/2025;CLI-0016;EMP-505;ENT-QC;BD-1140;4;59,64;6,10;41,26;Représentant
CMD-103412;13/06/2025;20/06/2025;2025-07-27;CLI-0045;EMP-502;ENT-MTL;BD-1038;2;465,00;15,70;319,94;Téléphone
CMD-104831;17/11/2025;25/11/2025;;CLI-0012;EMP-501;ENT-SAG;BD-1017;71;441,50;21,70;313,71;Courriel
CMD-103788;07/08/2025;13/08/2025;20-oct-25;CLI-0137;EMP-503;ENT-MTL;BD-1162;12;110,72;19,20;68,38;Portail web
CMD-103579;04/07/2025;10/07/2025;2025-08-13;CLI-0183;EMP-506;ENT-MTL;BD-1169;3;539,94;6,40;282,28;Portail web
CMD-104021;02-sept-25;06/09/2025;11/10/2025;CLI-0219;EMP-505;ENT-SAG;BD-1043;6;490,25;7,10;300,28;Courriel
CMD-102641;07-mars-25;15/03/2025;13/04/2025;CLI-0066;EMP-507;ENT-SAG;BD-1157;4;45,44;13,20;25,21;Représentant
CMD-102543;2025-02-17;21/02/2025;26/03/2025;CLI-0044;EMP-505;ENT-QC;BD-1165;24;165,10;10,30;107,92;Téléphone
CMD-103312;30/05/2025;03/06/2025;;CLI-0110;EMP-507;ENT-MTL;BD-1051;8;121,83;6,10;79,76;Portail web
CMD-102919;16/04/2025;18/04/2025;16/06/2025;CLI-0139;EMP-506;ENT-QC;BD-1046;3;402,58;15,70;315,40;Représentant
CMD-104797;2025-11-11;15/11/2025;28/12/2025;CLI-0118;EMP-504;ENT-QC;BD-1136;4;174,72;15,80;112,45;Portail web
CMD-104035;03/09/2025;07/09/2025;2025-10-29;CLI-0191;EMP-504;ENT-MTL;BD-1085;4;57,83;13,90;49,28;Téléphone
CMD-102954;19-avr-25;21/04/2025;07/06/2025;CLI-0154;EMP-507;ENT-QC;BD-1060;3;350,45;11,50;246,98;Portail web
CMD-104389;2025-10-03;05/10/2025;02/12/2025;CLI-0166;EMP-503;ENT-SAG;BD-1068;24;471,04;16,50;342,49;Portail web
CMD-105015;12/12/2025;2025-12-20;;CLI-0037;EMP-504;ENT-SAG;BD-1134;25;88,63;19,40;61,77;Représentant
CMD-103362;07/06/2025;2025-06-10;29/07/2025;CLI-0074;EMP-507;ENT-QC;BD-1082;25;382,81;19,50;335,40;Portail web
CMD-103391;11-juin-25;14/06/2025;13/08/2025;CLI-0041;EMP-508;ENT-MTL;BD-1056;12;436,02;11,30;293,14;Représentant
CMD-104922;27/11/2025;04/12/2025;;CLI-0015;EMP-509;ENT-QC;BD-1140;3;58,71;7,60;41,26;Représentant
CMD-103950;25/08/2025;31/08/2025;12/10/2025;CLI-0117;EMP-504;ENT-SAG;BD-1157;24;48,91;6,60;25,21;Portail web
CMD-102363;2025-01-08;15/01/2025;14/02/2025;CLI-0132;EMP-507;ENT-QC;BD-1142;4;136,09;16,60;100,93;Représentant
CMD-103558;01/07/2025;09-juil-25;19/08/2025;CLI-0073;EMP-501;ENT-QC;BD-1119;4;80,81;12,00;59,67;Représentant
CMD-103905;20/08/2025;26-août-25;;CLI-0099;EMP-505;ENT-MTL;BD-1025;21;181,06;22,60;149,35;Courriel
CMD-104216;18/09/2025;26/09/2025;14/10/2025;CLI-0193;EMP-509;ENT-QC;BD-1059;8;451,34;14,40;391,48;Portail web
CMD-102992;24/04/2025;26/04/2025;2025-06-06;CLI-0008;EMP-506;ENT-SAG;BD-1121;1;74,45;4,40;44,65;Représentant
CMD-103518;26/06/2025;2025-07-04;03/09/2025;CLI-0143;EMP-503;ENT-MTL;BD-1042;4;391,78;11,20;267,02;Téléphone
CMD-104267;24/09/2025;01/10/2025;2025-11-11;CLI-0077;EMP-501;ENT-QC;BD-1044;8;303,45;6,10;199,55;Téléphone
CMD-104226;19/09/2025;25/09/2025;2025-10-30;CLI-0209;EMP-508;ENT-SAG;BD-1047;4;84,73;20,50;71,53;Représentant
CMD-105054;2025-12-19;23/12/2025;;CLI-0182;EMP-503;ENT-QC;BD-1091;3;500,26;11,90;336,22;Représentant
CMD-105044;18/12/2025;27/12/2025;;CLI-0204;EMP-506;ENT-SAG;BD-1152;4;467,62;2,80;271,40;Téléphone
CMD-105045;18/12/2025;20/12/2025;;CLI-0123;EMP-501;ENT-SAG;BD-1097;6;321,20;12,70;253,06;Courriel
CMD-104598;2025-10-22;25/10/2025;15/12/2025;CLI-0083;EMP-507;ENT-QC;BD-1080;8;305,92;7,50;208,57;Représentant
CMD-103058;02/05/2025;2025-05-05;06/06/2025;CLI-0108;EMP-503;ENT-MTL;BD-1107;4;185,46;15,80;150,54;Représentant
CMD-103864;2025-08-15;21/08/2025;08/10/2025;CLI-0139;EMP-506;ENT-MTL;BD-1054;4;391,64;15,90;262,94;Courriel
CMD-103789;07/08/2025;2025-08-13;11/10/2025;CLI-0074;EMP-507;ENT-QC;BD-1008;8;186,56;20,20;155,34;Portail web
CMD-103091;06/05/2025;14/05/2025;2025-07-01;CLI-0188;EMP-506;ENT-MTL;BD-1044;2;272,75;15,60;199,55;Téléphone
CMD-103589;05/07/2025;2025-07-12;25/08/2025;CLI-0191;EMP-504;ENT-MTL;BD-1064;1;107,69;14,00;70,89;Représentant
CMD-103529;27/06/2025;2025-07-02;28/08/2025;CLI-0212;EMP-507;ENT-SAG;BD-1105;13;206,32;20,40;169,61;Portail web
CMD-103472;20/06/2025;25/06/2025;26/07/2025;CLI-0099;EMP-505;ENT-MTL;BD-1011;8;409,70;22,00;294,52;Représentant
CMD-104430;08/10/2025;13-oct-25;24/11/2025;CLI-0012;EMP-501;ENT-MTL;BD-1153;1;156,08;22,20;116,00;Représentant
CMD-103537;30-juin-25;03/07/2025;02/09/2025;CLI-0157;EMP-502;ENT-MTL;BD-1005;3;273,72;16,30;208,35;Représentant
CMD-103311;30-mai-25;02/06/2025;17/07/2025;CLI-0130;EMP-508;ENT-MTL;BD-1028;12;191,87;18,80;143,73;Téléphone
CMD-102431;2025-01-23;27/01/2025;24/02/2025;CLI-0012;EMP-501;ENT-QC;BD-1155;25;435,13;19,70;329,15;Représentant
CMD-104734;04/11/2025;08/11/2025;15-déc-25;CLI-0154;EMP-507;ENT-MTL;BD-1077;4;284,77;16,70;171,09;Représentant
CMD-104745;05/11/2025;2025-11-07;23/12/2025;CLI-0185;EMP-508;ENT-MTL;BD-1130;75;440,69;21,90;323,89;Représentant
CMD-103079;05/05/2025;12/05/2025;27-mai-25;CLI-0037;EMP-504;ENT-QC;BD-1045;12;101,55;22,50;78,37;Représentant
CMD-102925;16/04/2025;25/04/2025;07-juin-25;CLI-0141;EMP-502;ENT-QC;BD-1005;24;291,27;10,90;208,35;Représentant
CMD-103040;30/04/2025;2025-05-03;12/06/2025;CLI-0033;EMP-504;ENT-QC;BD-1021;1;303,07;16,70;205,78;Portail web
CMD-104440;2025-10-08;15/10/2025;29/11/2025;CLI-0043;EMP-506;ENT-QC;BD-1089;3;277,87;12,20;189,92;Représentant
CMD-102469;31/01/2025;02/02/2025;21-mars-25;CLI-0155;EMP-506;ENT-SAG;BD-1152;6;401,27;16,60;271,40;Représentant
CMD-102688;2025-03-13;18/03/2025;22/04/2025;CLI-0201;EMP-504;ENT-QC;BD-1165;6;170,97;7,10;107,92;Représentant
CMD-104159;15/09/2025;2025-09-18;29/10/2025;CLI-0059;EMP-504;ENT-QC;BD-1064;-2;96,15;23,20;70,89;Courriel
CMD-102561;2025-02-20;24/02/2025;28/04/2025;CLI-0056;EMP-502;ENT-QC;BD-1077;5;260,65;23,80;171,09;Représentant
CMD-104732;04/11/2025;07/11/2025;2025-12-21;CLI-0052;EMP-504;ENT-MTL;BD-1065;6;209,58;16,00;155,19;Représentant
CMD-102409;18-janv-25;25/01/2025;22/03/2025;CLI-0143;EMP-503;ENT-QC;BD-1138;3;122,28;17,00;88,19;Représentant
CMD-103864;2025-08-15;21/08/2025;08/10/2025;CLI-0139;EMP-506;ENT-MTL;BD-1020;24;48,31;15,90;33,12;Téléphone
CMD-102823;2025-04-02;04/04/2025;17/05/2025;CLI-0059;EMP-504;ENT-QC;BD-1080;21;270,47;18,20;176,76;Courriel
CMD-103212;21/05/2025;2025-05-24;18/06/2025;CLI-0034;EMP-507;ENT-MTL;BD-1058;2;207,01;15,40;149,54;Courriel
CMD-105013;2025-12-12;20/12/2025;;CLI-0036;EMP-505;ENT-QC;BD-1152;1;431,55;10,30;271,40;Représentant
CMD-104228;19/09/2025;24-sept-25;29/11/2025;CLI-0009;EMP-502;ENT-QC;BD-1119;16;70,52;23,20;59,67;Téléphone
CMD-104179;16/09/2025;18/09/2025;14/10/2025;CLI-0074;EMP-507;ENT-QC;BD-1038;2;420,53;23,80;319,94;Téléphone
CMD-104228;2025-09-19;24/09/2025;29/11/2025;CLI-0009;EMP-502;ENT-QC;BD-1169;5;442,90;23,20;282,28;Courriel
CMD-103739;01/08/2025;08/08/2025;2025-09-28;CLI-0182;EMP-503;ENT-QC;BD-1014;2;40,18;10,10;27,18;Représentant
CMD-104511;14/10/2025;18/10/2025;27/12/2025;  CLI-0073;EMP-501;ENT-QC;BD-1097;2;308,31;16,20;253,06;Représentant
CMD-103040;30/04/2025;03-mai-25;12/06/2025;CLI-0033;EMP-504;ENT-QC;BD-1046;12;397,73;16,70;315,40;Portail web
CMD-103007;26/04/2025;2025-05-03;08/06/2025;CLI-0160;EMP-508;ENT-MTL;BD-1056;8;464,53;5,60;293,14;Téléphone
CMD-103239;2025-05-23;25/05/2025;15/07/2025;CLI-0063;EMP-503;ENT-QC;BD-1136;12;185,60;10,60;112,45;Représentant
CMD-102859;07/04/2025;2025-04-16;04/06/2025;CLI-0199;EMP-504;ENT-QC;BD-1056;3;425,92;13,40;293,14;Portail web
CMD-105113;29/12/2025;2026-01-04;;CLI-0131;EMP-502;ENT-MTL;BD-1180;6;162,82;14,00;95,30;Représentant
CMD-104862;19-nov-25;23/11/2025;;CLI-0056;EMP-502;ENT-MTL;BD-1145;16;145,42;21,00;111,12;Représentant
CMD-104037;2025-09-03;08/09/2025;28/10/2025;CLI-0031;EMP-509;ENT-MTL;BD-1019;3;261,43;13,20;205,07;Téléphone
CMD-104356;01/10/2025;05-oct-25;30/11/2025;CLI-0009;EMP-502;ENT-QC;BD-1119;2;69,00;24,90;59,67;Représentant
CMD-104994;09/12/2025;2025-12-14;;CLI-0136;EMP-507;ENT-QC;BD-1087;8;320,68;16,90;215,66;
CMD-102390;15-janv-25;20/01/2025;05/03/2025;CLI-0047;EMP-508;ENT-QC;BD-1135;2;64,75;11,70;40,73;Portail web
CMD-103630;11/07/2025;2025-07-13;20/08/2025;CLI-0200;EMP-509;ENT-QC;BD-1121;3;68,15;12,50;44,65;Portail web
CMD-103398;2025-06-12;16/06/2025;18/07/2025;CLI-0197;EMP-507;ENT-QC;BD-1028;4;219,94;7,00;143,73;Représentant
CMD-102409;18/01/2025;25/01/2025;22/03/2025;CLI-0143;EMP-503;ENT-QC;BD-1176;4;0,00;17,00;328,78;Portail web
CMD-103502;25/06/2025;27/06/2025;27/07/2025;CLI-0169;EMP-507;ENT-QC;BD-1015;2;457,62;13,80;325,38;Téléphone
CMD-103665;18/07/2025;24/07/2025;02/10/2025;CLI-0210;EMP-503;ENT-QC;BD-1027;3;429,73;6,20;254,96;Courriel
CMD-103560;02/07/2025;05/07/2025;30-août-25;CLI-0130;EMP-508;ENT-QC;BD-1006;4;259,64;22,40;182,47;Représentant
CMD-103616;09/07/2025;12-juil-25;29/08/2025;CLI-0066;EMP-507;ENT-SAG;BD-1125;12;395,12;10,20;291,24;Portail web
CMD-105120;30/12/2025;05/01/2026;;CLI-0171;EMP-507;ENT-QC;BD-1078;4;373,64;2,50;238,11;Portail web
CMD-103221;22/05/2025;27/05/2025;2025-07-28;CLI-0195;EMP-506;ENT-MTL;BD-1092;8;243,05;13,90;168,72;Portail web
CMD-102935;17-avr-25;22/04/2025;24/05/2025;CLI-0046;EMP-508;ENT-SAG;BD-1001;24;317,36;5,30;186,13;Représentant
CMD-104744;05/11/2025;14/11/2025;;CLI-0180;EMP-509;ENT-QC;BD-1153;3;195,78;2,40;116,00;Portail web
CMD-103901;19/08/2025;2025-08-26;09/10/2025;CLI-0137;EMP-503;ENT-MTL;BD-1009;4;80,15;23,80;67,67;Représentant
CMD-103627;11/07/2025;2025-07-17;27/08/2025;CLI-0162;EMP-508;ENT-SAG;BD-1103;4;200,48;12,00;154,84;Téléphone
CMD-104012;02-sept-25;11/09/2025;04/10/2025;CLI-0087;EMP-502;ENT-MTL;BD-1147;12;522,69;12,60;346,92;Représentant
CMD-102652;10/03/2025;13-mars-25;25/04/2025;CLI-0120;EMP-509;ENT-QC;BD-1115;2;72,66;2,70;47,23;Représentant
CMD-102653;10/03/2025;14/03/2025;14/04/2025;CLI-0068;EMP-505;ENT-MTL;BD-1114;3;237,88;5,80;152,73;Portail web
CMD-104575;20/10/2025;2025-10-28;17/12/2025;CLI-0012;EMP-501;ENT-QC;BD-1153;12;155,23;22,60;116,00;Représentant
CMD-103387;11/06/2025;20/06/2025;01/08/2025;CLI-0116;EMP-509;ENT-QC;BD-1111;12;191,16;13,70;148,90;Représentant
CMD-102329;01-janv-25;05/01/2025;02/02/2025;CLI-0199;EMP-504;ENT-MTL;BD-1062;6;150,00;16,50;114,90;Représentant
CMD-104490;13/10/2025;22/10/2025;20-nov-25;CLI-0057;EMP-507;ENT-QC;BD-1163;12;520,95;15,10;300,77;Portail web
CMD-102886;11/04/2025;15/04/2025;2025-06-07;CLI-0124;EMP-509;ENT-MTL;BD-1168;4;370,88;7,30;229,43;Portail web
CMD-104477;11-oct-25;18/10/2025;29/11/2025;CLI-0146;EMP-503;ENT-SAG;BD-1070;4;68,16;10,50;48,05;Représentant
CMD-102352;07/01/2025;11-janv-25;07/02/2025;CLI-0137;EMP-503;ENT-MTL;BD-1135;7;58,34;20,40;40,73;Téléphone
CMD-104673;29-oct-25;06/11/2025;29/12/2025;CLI-0059;EMP-504;ENT-QC;BD-1182;4;81,71;24,90;58,06;Portail web
CMD-103360;2025-06-06;10/06/2025;31/07/2025;CLI-0048;EMP-508;ENT-QC;BD-1043;1;458,97;13,00;300,28;Représentant
CMD-102761;26/03/2025;2025-04-04;;CLI-0195;EMP-506;ENT-MTL;BD-1159;-6;246,14;14,80;169,65;Représentant
CMD-105090;24/12/2025;01/01/2026;;CLI-0037;EMP-504;ENT-MTL;BD-1176;18;505,04;19,90;328,78;Téléphone
CMD-104102;10/09/2025;2025-09-12;11/10/2025;CLI-0076;EMP-507;ENT-QC;BD-1132;2;149,87;24,50;128,45;Portail web
CMD-103750;04/08/2025;08/08/2025;23/09/2025;CLI-0035;EMP-503;ENT-MTL;BD-1177;2;359,52;11,80;215,66;Représentant
CMD-104248;22/09/2025;2025-09-30;19/10/2025;CLI-0137;EMP-503;ENT-QC;BD-1059;10;426,84;19,10;391,48;Téléphone
CMD-104760;06/11/2025;2025-11-08;04/12/2025;CLI-0198;EMP-504;ENT-QC;BD-1173;4;386,63;3,00;212,35;Salon
CMD-104497;13/10/2025;20/10/2025;2025-12-01;CLI-0056;EMP-502;ENT-MTL;BD-1068;3;445,47;21,00;342,49;Portail web
CMD-102993;24/04/2025;30-avr-25;20/06/2025;CLI-0081;EMP-502;ENT-SAG;BD-1051;6;111,76;13,80;79,76;Représentant
CMD-103947;25/08/2025;28/08/2025;15/10/2025;CLI-0076;EMP-507;ENT-SAG;BD-1016;18;334,39;19,10;224,02;Représentant
CMD-102842;2025-04-04;11/04/2025;27/05/2025;CLI-0090;EMP-505;ENT-MTL;BD-1058;6;217,70;11,10;149,54;Portail web
CMD-103538;30/06/2025;07/07/2025;27-août-25;CLI-0164;EMP-509;ENT-MTL;BD-1051;2;125,53;3,20;79,76;Téléphone
CMD-103389;11-juin-25;16/06/2025;03/08/2025;CLI-0108;EMP-503;ENT-QC;BD-1029;3;325,44;17,00;243,45;Courriel
CMD-102666;12/03/2025;18/03/2025;14-mai-25;CLI-0213;EMP-508;ENT-MTL;BD-1163;4;597,13;2,60;300,77;Représentant
CMD-104826;2025-11-15;19/11/2025;;CLI-0029;EMP-506;ENT-SAG;BD-1068;81;421,81;25,20;342,49;Téléphone
CMD-104866;20/11/2025;29/11/2025;;CLI-0012;EMP-501;ENT-MTL;BD-1152;5;389,62;19,00;271,40;Représentant
CMD-104421;07/10/2025;15-oct-25;30/11/2025;CLI-0133;EMP-508;ENT-MTL;BD-1152;1;411,27;14,50;271,40;Téléphone
CMD-103196;19/05/2025;21/05/2025;2025-07-23;CLI-0009;EMP-502;ENT-MTL;BD-1063;27;298,03;19,10;247,24;Téléphone
CMD-104917;26/11/2025;2025-12-03;29/12/2025;CLI-0034;EMP-507;ENT-QC;BD-1079;1;227,42;13,80;147,87;Représentant
CMD-103404;12/06/2025;2025-06-18;06/08/2025;CLI-0065;EMP-504;ENT-MTL;BD-1016;6;397,89;3,70;224,02;Représentant
CMD-103294;29/05/2025;2025-06-03;13/07/2025;CLI-0051;EMP-509;ENT-MTL;BD-1109;3;421,19;8,40;310,20;Représentant
CMD-104711;31/10/2025;09/11/2025;2025-12-17;CLI-0158;EMP-507;ENT-MTL;BD-1091;4;518,06;8,80;336,22;Téléphone
CMD-104071;08/09/2025;14/09/2025;2025-11-03;CLI-0169;EMP-507;ENT-MTL;BD-1173;4;356,16;10,70;212,35;Courriel
CMD-104258;23/09/2025;02/10/2025;22-oct-25;CLI-0184;EMP-503;ENT-QC;BD-1028;1;223,90;5,30;143,73;Représentant
CMD-104285;25/09/2025;02-oct-25;11/11/2025;CLI-0115;EMP-509;ENT-QC;BD-1172;4;361,41;13,70;221,22;Représentant
CMD-104057;05/09/2025;09/09/2025;29-oct-25;CLI-0023;EMP-505;ENT-QC;BD-1096;2;286,44;3,30;205,70;Représentant
CMD-103681;21/07/2025;30/07/2025;2025-09-17;CLI-0006;EMP-505;ENT-MTL;BD-1119;3;78,63;14,40;59,67;Représentant
CMD-103792;08/08/2025;17/08/2025;2025-09-30;CLI-0009;EMP-502;ENT-SAG;BD-1043;3;411,64;22,00;300,28;Téléphone
CMD-103895;19/08/2025;26/08/2025;2025-10-13;CLI-0161;EMP-508;ENT-MTL;BD-1170;3;34,00;3,30;16,95;Portail web
CMD-104760;2025-11-06;08/11/2025;04/12/2025;CLI-0198;EMP-504;ENT-QC;BD-1068;2;546,89;3,00;342,49;Représentant
CMD-104908;25-nov-25;28/11/2025;;CLI-0099;EMP-505;ENT-MTL;BD-1146;19;285,49;24,00;225,52;Téléphone
CMD-103006;26/04/2025;01/05/2025;2025-05-23;CLI-0064;EMP-504;ENT-MTL;BD-1054;3;432,72;7,10;262,94;Salon
CMD-102476;03/02/2025;10/02/2025;2025-03-18;CLI-0043;EMP-506;ENT-MTL;BD-1007;8;92,40;10,60;57,14;Représentant
CMD-103019;28-avr-25;01/05/2025;03/06/2025;CLI-0065;EMP-504;ENT-QC;BD-1059;2;505,31;4,20;331,76; 
CMD-103896;19/08/2025;2025-08-23;18/10/2025;CLI-0178;EMP-501;ENT-QC;BD-1139;2;341,86;4,70;203,11;Représentant
CMD-102925;16/04/2025;2025-04-25;07/06/2025;CLI-0141;EMP-502;ENT-QC;BD-1174;2;262,91;10,90;169,01;
CMD-105057;19/12/2025;2025-12-25;;CLI-0137;EMP-503;ENT-QC;BD-1157;25;38,95;25,60;25,21;Portail web
CMD-104385;03/10/2025;11/10/2025;03-déc-25;CLI-0076;EMP-507;ENT-SAG;BD-1148;6;355,52;22,70;302,28;Courriel
CMD-103180;16/05/2025;2025-05-19;26/06/2025;CLI-0047;EMP-508;ENT-QC;BD-1114;2;210,09;16,80;152,73;Téléphone
CMD-102610;04/03/2025;2025-03-09;06/05/2025;CLI-0089;EMP-502;ENT-QC;BD-1117;1;112,89;23,80;100,34;Portail web
CMD-104086;09-sept-25;16/09/2025;22/10/2025;CLI-0006;EMP-505;ENT-QC;BD-1107;3;198,11;10,10;150,54;Salon
CMD-102867;08/04/2025;13/04/2025;2025-06-05;CLI-0059;EMP-504;ENT-MTL;BD-1131;16;51,39;23,40;37,08;Téléphone
CMD-103171;16/05/2025;2025-05-25;08/07/2025;CLI-0105;EMP-502;ENT-QC;BD-1064;4;118,29;5,60;70,89;Téléphone
CMD-104628;24/10/2025;01/11/2025;;CLI-0141;EMP-502;ENT-QC;BD-1146;2;333,03;11,30;225,52;Courriel
CMD-103474;2025-06-21;23/06/2025;23/07/2025;CLI-0088;EMP-504;ENT-MTL;BD-1055;2;278,89;15,10;213,75;Représentant
CMD-102818;02/04/2025;2025-04-09;29/05/2025;CLI-0076;EMP-507;ENT-MTL;BD-1063;5;283,65;23,00;247,24;Représentant
CMD-104799;11/11/2025;20/11/2025;2025-12-28;CLI-0076;EMP-507;ENT-QC;BD-1151;8;127,97;19,50;92,25;Représentant
CMD-103036;30/04/2025;04/05/2025;02/06/2025;CLI-0093;EMP-508;ENT-QC;BD-1123;3;182,87;15,90;132,28;Téléphone
CMD-103882;18/08/2025;23/08/2025;06/10/2025;CLI-0115;EMP-509;ENT-QC;BD-1039;6;176,22;11,00;122,17;Téléphone
CMD-102527;14/02/2025;19/02/2025;2025-03-29;CLI-0057;EMP-507;ENT-MTL;BD-1179;8;369,57;14,40;231,35;Représentant
CMD-104722;2025-11-03;11/11/2025;;CLI-0169;EMP-507;ENT-QC;BD-1066;2;297,96;13,50;240,06;Courriel
CMD-103189;19/05/2025;25/05/2025;10/07/2025;CLI-0217;EMP-506;ENT-MTL;BD-1164;22;158,04;18,90;100,45;Salon
CMD-102668;12/03/2025;2025-03-21;01/05/2025;CLI-0158;EMP-507;ENT-QC;BD-1116;2;83,18;6,20;60,17;Représentant
CMD-103137;12/05/2025;14/05/2025;2025-06-30;CLI-0204;EMP-506;ENT-MTL;BD-1007;8;94,80;8,30;57,14;Représentant
CMD-104849;19/11/2025;2025-11-28;;CLI-0209;EMP-508;ENT-QC;BD-1172;7;329,31;21,30;221,22;Représentant
CMD-104786;11-nov-25;13/11/2025;06/12/2025;CLI-0049;EMP-508;ENT-MTL;BD-1069;2;332,30;16,70;239,15;Téléphone
CMD-102642;07/03/2025;10-mars-25;05/04/2025;CLI-0037;EMP-504;ENT-MTL;BD-1043;25;427,71;19,00;300,28;Portail web
CMD-102961;21/04/2025;29/04/2025;2025-06-12;CLI-0089;EMP-502;ENT-MTL;BD-1041;3;188,74;25,50;163,24;Salon
CMD-102720;19/03/2025;21/03/2025;2025-05-14;CLI-0001;EMP-508;ENT-MTL;BD-1042;6;418,44;5,20;267,02;Portail web
CMD-104090;09/09/2025;12/09/2025;03/11/2025;CLI-0037;EMP-504;ENT-QC;BD-1166;25;318,08;23,40;217,35;Représentant
CMD-104595;2025-10-22;27/10/2025;29/12/2025;CLI-0174;EMP-502;ENT-QC;BD-1072;4;385,82;2,50;236,88;Courriel
CMD-103044;30/04/2025;03-mai-25;05/07/2025;CLI-0017;EMP-507;ENT-MTL;BD-1113;2;370,47;13,20;281,81;Représentant
CMD-103895;19-août-25;26/08/2025;13/10/2025;CLI-0161;EMP-508;ENT-MTL;BD-1062;4;173,75;3,30;135,59;Portail web
CMD-102471;31/01/2025;04/02/2025;2025-04-04;CLI-0178;EMP-501;ENT-MTL;BD-1082;8;446,46;6,10;284,24;Portail web
CMD-104933;28/11/2025;07/12/2025;;CLI-0009;EMP-502;ENT-QC;BD-1130;12;440,39;22,00;323,89;Représentant
CMD-104904;25/11/2025;03/12/2025;;CLI-0133;EMP-508;ENT-MTL;BD-1171;6;132,25;16,50;85,46;Représentant
CMD-105054;19-déc-25;23/12/2025;;CLI-0182;EMP-503;ENT-QC;BD-1036;1;226,15;11,90;191,63;Téléphone
CMD-104410;06-oct-25;14/10/2025;27/11/2025;CLI-0084;EMP-503;ENT-QC;BD-1092;4;240,31;14,90;168,72;Courriel
CMD-102688;13-mars-25;18/03/2025;22/04/2025;CLI-0201;EMP-504;ENT-QC;BD-1180;3;175,91;7,10;95,30;Salon
CMD-104499;13/10/2025;15-oct-25;21/12/2025;CLI-0180;EMP-509;ENT-QC;BD-1132;24;189,66;4,50;128,45;Téléphone
CMD-103759;05/08/2025;07/08/2025;2025-09-09;CLI-0012;EMP-501;ENT-QC;BD-1007;18;80,77;21,80;57,14;Portail web
CMD-103262;27/05/2025;02/06/2025;2025-07-05;CLI-0179;EMP-509;ENT-QC;BD-1053;12;308,99;5,60;180,55;Téléphone
CMD-103213;21-mai-25;24/05/2025;12/07/2025;CLI-0211;EMP-504;ENT-MTL;BD-1009;2;93,85;10,80;67,67;Représentant
CMD-103199;19/05/2025;21/05/2025;2025-06-29;CLI-0050;EMP-502;ENT-MTL;BD-1177;4;338,59;16,90;215,66;Représentant
CMD-104823;14/11/2025;2025-11-23;;CLI-0098;EMP-509;ENT-SAG;BD-1108;24;251,02;8,10;169,96;Représentant
CMD-104368;02/10/2025;08/10/2025;06-déc-25;CLI-0031;EMP-509;ENT-MTL;BD-1103;8;196,10;13,90;154,84;Représentant
CMD-105082;23/12/2025;2025-12-28;;CLI-0066;EMP-507;ENT-QC;BD-1094;4;179,76;11,80;124,30;Portail web
CMD-104009;2025-09-01;09/09/2025;30/10/2025;CLI-0037;EMP-504;ENT-MTL;BD-1057;16;23,69;20,60;23,20;Représentant
CMD-103303;30/05/2025;08-juin-25;08/07/2025;CLI-0106;EMP-501;ENT-MTL;BD-1063;1;320,26;13,10;247,24;Portail web
CMD-103859;15/08/2025;2025-08-24;15/10/2025;CLI-0033;EMP-504;ENT-MTL;BD-1039;2;171,34;13,50;122,17;Représentant
CMD-103450;18-juin-25;25/06/2025;31/07/2025;CLI-0035;EMP-503;ENT-MTL;BD-1049;4;45,90;16,00;31,22;Représentant
CMD-102750;24/03/2025;26/03/2025;02-mai-25;CLI-0074;EMP-507;ENT-QC;BD-1175;16;133,49;21,40;96,85;Représentant
CMD-105036;2025-12-17;20/12/2025;;CLI-0014;EMP-502;ENT-MTL;BD-1073;12;410,12;8,80;307,22;Représentant
CMD-103491;24/06/2025;26/06/2025;2025-09-11;CLI-0116;EMP-509;ENT-MTL;BD-1003;8;260,87;12,50;227,23;Téléphone
CMD-104880;20/11/2025;23-nov-25;;CLI-0059;EMP-504;ENT-MTL;BD-1091;3;420,94;25,90;336,22;Courriel
CMD-102514;11/02/2025;18/02/2025;01-avr-25;CLI-0039;EMP-503;ENT-MTL;BD-1114;3;246,98;2,20;152,73;Représentant
CMD-102993;24/04/2025;30/04/2025;20-juin-25;CLI-0081;EMP-502;ENT-SAG;BD-1055;4;283,06;13,80;213,75;Téléphone
CMD-103641;2025-07-15;18/07/2025;13/08/2025;CLI-0183;EMP-506;ENT-QC;BD-1018;3;442,19;4,90;247,17;Représentant
CMD-104675;29/10/2025;04/11/2025;25/11/2025;CLI-0114;EMP-502;ENT-MTL;BD-1142;-2;153,64;5,80;100,93;Représentant
CMD-102906;14-avr-25;23/04/2025;17/05/2025;CLI-0037;EMP-504;ENT-QC;BD-1177;78;306,08;24,90;215,66;Téléphone
CMD-104300;26/09/2025;04/10/2025;16/11/2025;CLI-0014;EMP-502;ENT-QC;BD-1057;1;28,90;3,20;23,20;Téléphone
CMD-103965;2025-08-26;01/09/2025;17/10/2025;CLI-0036;EMP-505;ENT-MTL;BD-1171;2;134,21;15,20;85,46;Portail web
CMD-102824;02/04/2025;09/04/2025;2025-05-10;CLI-0076;EMP-507;ENT-QC;BD-1021;6;292,53;19,60;205,78;Téléphone
CMD-104862;2025-11-19;23/11/2025;;CLI-0056;EMP-502;ENT-MTL;BD-1142;5;128,79;21,00;100,93;Représentant
CMD-104834;17/11/2025;26/11/2025;;CLI-0205;EMP-505;ENT-MTL;BD-1169;1;558,15;3,20;282,28;Téléphone
CMD-104340;30/09/2025;07/10/2025;12/11/2025;CLI-0195;EMP-506;ENT-QC;BD-1047;24;88,92;16,60;71,53;Portail web
CMD-103848;14/08/2025;19/08/2025;2025-10-11;CLI-0080;EMP-506;ENT-MTL;BD-1034;6;204,07;14,10;182,99;Représentant
CMD-104892;22/11/2025;30/11/2025;;CLI-0116;EMP-509;ENT-SAG;BD-1097;8;319,12;13,30;253,06;Représentant
CMD-102649;10/03/2025;14-mars-25;06/05/2025;CLI-0123;EMP-501;ENT-MTL;BD-1045;4;111,79;14,70;78,37;Représentant
CMD-102327;01/01/2025;10-janv-25;04/02/2025;CLI-0012;EMP-501;ENT-QC;BD-1165;9;150,77;18,10;107,92;Salon
CMD-102402;16/01/2025;24/01/2025;27/02/2025;CLI-0067;EMP-502;ENT-MTL;BD-1163;2;512,83;16,40;300,77;Téléphone
CMD-103183;16/05/2025;22-mai-25;08/06/2025;CLI-0115;EMP-509;ENT-MTL;BD-1112;2;103,03;10,30;67,02;Représentant
CMD-104861;19/11/2025;21/11/2025;;CLI-0185;EMP-508;ENT-MTL;BD-1152;4;377,89;21,40;271,40;Représentant
CMD-104831;17/11/2025;2025-11-25;;CLI-0012;EMP-501;ENT-SAG;BD-1078;10;300,25;21,70;238,11;Courriel
CMD-102458;29/01/2025;31/01/2025;28/03/2025;CLI-0130;EMP-508;ENT-MTL;BD-1137;4;35,04;18,20;25,59;Téléphone
CMD-104492;13/10/2025;2025-10-22;30/11/2025;CLI-0061;EMP-503;ENT-SAG;BD-1088;12;553,85;12,10;404,63;Portail web
CMD-104904;25/11/2025;03/12/2025;;CLI-0133;EMP-508;ENT-MTL;BD-1076;6;468,65;16,50;338,68;Représentant
CMD-104240;22/09/2025;2025-09-26;18/10/2025;CLI-0057;EMP-507;ENT-SAG;BD-1103;8;198,33;12,90;154,84;Représentant
CMD-102418;21/01/2025;2025-01-24;23/03/2025;CLI-0065;EMP-504;ENT-MTL;BD-1147;8;547,20;8,50;346,92;Courriel
CMD-103104;08/05/2025;14/05/2025;;CLI-0037;EMP-504;ENT-MTL;BD-1017;2;447,89;20,60;313,71;Téléphone
CMD-103298;29/05/2025;06/06/2025;2025-07-29;CLI-0043;EMP-506;ENT-MTL;BD-1114;2;215,29;14,80;152,73;Représentant
CMD-103562;02-juil-25;09/07/2025;24/08/2025;CLI-0006;EMP-505;ENT-QC;BD-1022;6;379,87;16,40;298,47;Représentant
CMD-103991;30/08/2025;02-sept-25;09/10/2025;CLI-0209;EMP-508;ENT-QC;BD-1069;57;301,14;24,50;239,15;Représentant
CMD-103360;06-juin-25;10/06/2025;31/07/2025;CLI-0048;EMP-508;ENT-QC;BD-1014;6;38,86;13,00;27,18;Téléphone
CMD-104173;16/09/2025;20-sept-25;13/10/2025;CLI-0150;EMP-502;ENT-MTL;BD-1015;3;508,24;4,30;325,38;Représentant
CMD-103183;2025-05-16;22/05/2025;08/06/2025;CLI-0115;EMP-509;ENT-MTL;BD-1031;2;465,92;10,30;300,62;Portail web
CMD-105061;20/12/2025;2025-12-23;;CLI-0018;EMP-503;ENT-MTL;BD-1095;6;98,54;5,00;64,62;Courriel
CMD-102446;2025-01-27;04/02/2025;;CLI-0076;EMP-507;ENT-SAG;BD-1147;10;469,03;21,60;346,92;Représentant
CMD-104873;20/11/2025;28/11/2025;2025-12-20;CLI-0185;EMP-508;ENT-QC;BD-1140;19;47,42;25,40;41,26;Téléphone
CMD-103581;2025-07-04;12/07/2025;02/09/2025;CLI-0161;EMP-508;ENT-MTL;BD-1028;3;215,65;8,80;143,73;Téléphone
CMD-102333;02-janv-25;11/01/2025;16/02/2025;CLI-0011;EMP-507;ENT-QC;BD-1028;4;221,82;6,20;143,73;Représentant
CMD-104603;22-oct-25;25/10/2025;06/12/2025;CLI-0005;EMP-503;ENT-SAG;BD-1082;4;446,94;6,00;335,40;Représentant
CMD-103410;2025-06-13;18/06/2025;12/08/2025;CLI-0025;EMP-509;ENT-SAG;BD-1026;6;386,39;11,90;246,82;Représentant
CMD-104297;26/09/2025;28-sept-25;;CLI-0037;EMP-504;ENT-MTL;BD-1156;7;245,18;18,80;164,64;Représentant
CMD-102944;18/04/2025;2025-04-24;12/06/2025;CLI-0053;EMP-509;ENT-QC;BD-1017;4;504,95;10,40;313,71;Représentant
CMD-103590;2025-07-07;10/07/2025;;CLI-0063;EMP-503;ENT-QC;BD-1122;12;299,50;12,20;212,67;Téléphone
CMD-102889;11/04/2025;18/04/2025;2025-05-31;CLI-0033;EMP-504;ENT-SAG;BD-1098;2;373,38;15,30;262,51;Représentant
CMD-102680;13/03/2025;2025-03-17;02/05/2025;CLI-0026;EMP-506;ENT-QC;BD-1160;3;69,71;11,50;41,56;Courriel
CMD-102523;2025-02-13;18/02/2025;28/03/2025;CLI-0079;EMP-509;ENT-MTL;BD-1161;12;125,52;7,10;64,16;Portail web
CMD-103108;08/05/2025;17/05/2025;2025-07-10;CLI-0071;EMP-503;ENT-MTL;BD-1061;12;109,67;7,20;76,81;Téléphone
CMD-102736;21/03/2025;2025-03-30;09/05/2025;CLI-0012;EMP-501;ENT-MTL;BD-1146;46;285,35;24,00;225,52;Représentant
CMD-104088;09/09/2025;2025-09-15;17/11/2025;CLI-0126;EMP-502;ENT-MTL;BD-1092;8;252,14;10,70;168,72;Courriel
CMD-105058;2025-12-19;25/12/2025;;CLI-0137;EMP-503;ENT-QC;BD-1100;4;402,77;24,90;369,19;Représentant
CMD-102455;29/01/2025;07/02/2025;2025-03-21;CLI-0088;EMP-504;ENT-QC;BD-1154;3;465,73;12,90;329,92;Portail web
CMD-104641;27-oct-25;04/11/2025;18/12/2025;CLI-0205;EMP-505;ENT-QC;BD-1096;12;273,82;7,50;205,70;Téléphone
CMD-104105;10-sept-25;14/09/2025;25/10/2025;CLI-0009;EMP-502;ENT-MTL;BD-1081;7;470,66;20,60;364,83;Portail web
CMD-103418;13/06/2025;22/06/2025;23-juil-25;CLI-0148;EMP-501;ENT-SAG;BD-1138;2;129,80;11,90;88,19;Salon
CMD-103829;12/08/2025;2025-08-14;10/10/2025;CLI-0061;EMP-503;ENT-MTL;BD-1181;2;536,29;14,20;312,40;Téléphone
CMD-104432;08-oct-25;13/10/2025;02/11/2025;CLI-0057;EMP-507;ENT-MTL;BD-1124;3;221,43;13,20;153,77;Téléphone
CMD-103393;12/06/2025;2025-06-19;29/07/2025;CLI-0148;EMP-501;ENT-SAG;BD-1006;2;293,48;12,30;182,47;Téléphone
CMD-104387;03/10/2025;09/10/2025;07/12/2025;CLI-0012;EMP-501;ENT-QC;BD-1133;10;78,36;22,70;62,95;Téléphone
CMD-104037;03-sept-25;08/09/2025;28/10/2025;CLI-0031;EMP-509;ENT-MTL;BD-1058;4;212,62;13,20;149,54;Représentant
CMD-103551;01/07/2025;2025-07-06;17/09/2025;CLI-0012;EMP-501;ENT-QC;BD-1027;7;362,82;20,80;254,96;Courriel
CMD-104342;2025-09-30;03/10/2025;02/12/2025;CLI-0141;EMP-502;ENT-QC;BD-1099;6;431,13;13,20;346,57;Téléphone
CMD-104602;2025-10-22;26/10/2025;09/12/2025;CLI-0031;EMP-509;ENT-QC;BD-1084;4;501,44;13,60;375,89;Représentant
CMD-102355;07/01/2025;2025-01-13;01/03/2025;CLI-0079;EMP-509;ENT-MTL;BD-1128;6;141,18;2,50;78,87;Courriel
CMD-103953;2025-08-26;30/08/2025;29/09/2025;CLI-0026;EMP-506;ENT-SAG;BD-1002;1;407,91;12,90;298,72;Téléphone
CMD-104654;27/10/2025;02-nov-25;;CLI-0211;EMP-504;ENT-QC;BD-1074;3;170,91;12,00;130,44;Téléphone
CMD-102709;17/03/2025;20/03/2025;12/05/2025;CLI-0074;EMP-507;ENT-SAG;BD-1010;2;124,83;23,40;88,91;Téléphone
CMD-104024;02/09/2025;08/09/2025;11/10/2025;CLI-0220;EMP-506;ENT-QC;BD-1059;3;451,25;14,40;391,48;Téléphone
CMD-103720;2025-07-30;05/08/2025;14/09/2025;CLI-0217;EMP-506;ENT-QC;BD-1119;9;70,48;23,20;59,67;Représentant
CMD-103237;23/05/2025;26/05/2025;2025-08-18;CLI-0132;EMP-507;ENT-MTL;BD-1107;6;187,95;14,70;150,54;Courriel
CMD-102352;07/01/2025;2025-01-11;07/02/2025;CLI-0137;EMP-503;ENT-MTL;BD-1173;2;317,23;20,40;212,35;Portail web
CMD-102847;05/04/2025;2025-04-08;21/05/2025;CLI-0143;EMP-503;ENT-SAG;BD-1051;24;114,48;11,70;79,76;Représentant
CMD-102374;10/01/2025;15/01/2025;2025-03-12;CLI-0209;EMP-508;ENT-QC;BD-1148;13;372,52;19,00;302,28;Représentant
CMD-104667;28-oct-25;05/11/2025;09/12/2025;CLI-0056;EMP-502;ENT-MTL;BD-1166;2;319,72;23,00;217,35;Téléphone
CMD-104598;22-oct-25;25/10/2025;15/12/2025;CLI-0083;EMP-507;ENT-QC;BD-1145;2;170,38;7,50;111,12;Représentant
CMD-102779;28/03/2025;2025-04-04;26/04/2025;CLI-0209;EMP-508;ENT-MTL;BD-1084;8;469,56;19,10;318,55;Téléphone
CMD-103373;10/06/2025;14-juin-25;10/07/2025;CLI-0005;EMP-503;ENT-QC;BD-1030;4;174,98;4,40;119,13;Portail web
CMD-103024;2025-04-29;02/05/2025;21/06/2025;CLI-0144;EMP-502;ENT-SAG;BD-1039;6;167,99;15,10;122,17;Représentant
CMD-104580;21/10/2025;23-oct-25;17/12/2025;CLI-0106;EMP-501;ENT-SAG;BD-1137;8;35,84;16,30;25,59;Représentant
CMD-102705;17/03/2025;24/03/2025;;CLI-0218;EMP-503;ENT-MTL;BD-1181;6;586,98;6,10;312,40;Portail web
CMD-104872;2025-11-20;25/11/2025;;CLI-0092;EMP-508;ENT-MTL;BD-1079;2;254,73;3,40;147,87;Téléphone
CMD-103828;12/08/2025;15/08/2025;21/10/2025;CLI-0089;EMP-502;ENT-QC;BD-1003;12;225,87;24,30;227,23;Représentant
CMD-105031;16-déc-25;25/12/2025;;CLI-0160;EMP-508;ENT-QC;BD-1095;1;96,71;6,70;64,62;Téléphone
CMD-102395;16/01/2025;23/01/2025;24-févr-25;CLI-0134;EMP-509;ENT-MTL;BD-1167;3;354,76;4,40;209,73;Téléphone
CMD-103742;01/08/2025;03/08/2025;13/09/2025;CLI-0130;EMP-508;ENT-MTL;BD-1162;4;108,12;21,10;68,38;Portail web
CMD-103873;16/08/2025;18/08/2025;09-oct-25;CLI-0031;EMP-509;ENT-MTL;BD-1062;12;158,32;11,90;135,59;Téléphone
CMD-104765;06/11/2025;2025-11-11;27/12/2025;CLI-0155;EMP-506;ENT-MTL;BD-1010;4;141,01;13,50;88,91;Représentant
CMD-102530;14/02/2025;23/02/2025;2025-03-24;CLI-0148;EMP-501;ENT-MTL;BD-1008;4;209,05;10,60;131,65;Représentant
CMD-102348;2025-01-07;11/01/2025;08/02/2025;CLI-0112;EMP-505;ENT-QC;BD-1156;6;268,24;11,20;164,64;Représentant
CMD-103799;08/08/2025;11-août-25;23/09/2025;CLI-0137;EMP-503;ENT-MTL;BD-1179;4;331,09;23,30;231,35;Courriel
CMD-103992;30/08/2025;03/09/2025;2025-10-12;CLI-0130;EMP-508;ENT-QC;BD-1126;10;151,19;25,30;133,03;Salon
CMD-104606;23/10/2025;2025-10-31;29/12/2025;CLI-0209;EMP-508;ENT-QC;BD-1174;29;222,11;24,70;169,01;Téléphone
CMD-104029;03/09/2025;08/09/2025;05-nov-25;CLI-0103;EMP-502;ENT-QC;BD-1061;24;114,22;3,30;76,81;Représentant
CMD-104087;09/09/2025;17/09/2025;08/11/2025;CLI-0037;EMP-504;ENT-QC;BD-1072;13;313,58;20,80;236,88;Courriel
CMD-104162;15/09/2025;17/09/2025;2025-10-23;CLI-0072;EMP-501;ENT-SAG;BD-1040;6;390,29;11,40;274,41;Représentant
CMD-103463;19/06/2025;26/06/2025;2025-08-06;CLI-0150;EMP-502;ENT-QC;BD-1011;6;510,15;2,90;294,52;Portail web
CMD-104275;24/09/2025;01-oct-25;26/12/2025;CLI-0141;EMP-502;ENT-MTL;BD-1095;2;88,83;14,30;64,62;Représentant
CMD-104045;04/09/2025;2025-09-12;29/10/2025;CLI-0130;EMP-508;ENT-QC;BD-1106;26;400,52;24,50;340,08;Représentant
CMD-103068;03/05/2025;07/05/2025;2025-06-07;CLI-0146;EMP-503;ENT-QC;BD-1010;2;137,94;15,40;88,91;Portail web
CMD-105072;23/12/2025;29/12/2025;;CLI-0147;EMP-506;ENT-QC;BD-1169;4;532,81;7,60;282,28;Représentant
CMD-104073;08/09/2025;17-sept-25;;CLI-0147;EMP-506;ENT-MTL;BD-1135;8;68,20;7,00;40,73;Représentant
CMD-103765;05/08/2025;08/08/2025;2025-10-05;CLI-0115;EMP-509;ENT-MTL;BD-1064;3;111,03;11,40;70,89;Représentant
CMD-103323;02/06/2025;06/06/2025;2025-07-16;CLI-0024;EMP-504;ENT-QC;BD-1158;12;333,67;4,50;184,61;Portail web
CMD-103045;30-avr-25;03/05/2025;16/06/2025;CLI-0029;EMP-506;ENT-SAG;BD-1099;9;375,57;24,40;293,70;Représentant
CMD-104553;2025-10-17;24/10/2025;14/12/2025;CLI-0059;EMP-504;ENT-MTL;BD-1141;8;403,64;19,10;314,24;Téléphone
CMD-103399;12/06/2025;15/06/2025;08-août-25;CLI-0055;EMP-506;ENT-QC;BD-1116;8;84,53;4,70;60,17;Représentant
CMD-104197;17/09/2025;19/09/2025;14-nov-25;CLI-0181;EMP-504;ENT-MTL;BD-1175;1;166,14;2,10;96,85;Courriel
CMD-103709;28/07/2025;01-août-25;12/09/2025;CLI-0076;EMP-507;ENT-SAG;BD-1055;12;256,67;21,80;213,75;Représentant
CMD-102578;25/02/2025;2025-03-04;09/04/2025;CLI-0044;EMP-505;ENT-SAG;BD-1024;1;288,84;13,60;189,35;Téléphone
CMD-103334;03/06/2025;10-juin-25;01/08/2025;CLI-0147;EMP-506;ENT-SAG;BD-1125;3;429,35;2,40;291,24;Téléphone
CMD-102836;04-avr-25;11/04/2025;13/05/2025;CLI-0202;EMP-504;ENT-QC;BD-1037;12;28,95;3,20;16,65;Représentant
CMD-102657;2025-03-11;17/03/2025;20/04/2025;CLI-0128;EMP-502;ENT-MTL;BD-1176;4;565,03;10,40;328,78;Portail web
CMD-104571;18/10/2025;23/10/2025;14-déc-25;CLI-0084;EMP-503;ENT-MTL;BD-1082;2;407,37;14,30;335,40;Portail web
CMD-102912;15/04/2025;22-avr-25;29/05/2025;CLI-0209;EMP-508;ENT-MTL;BD-1049;6;42,57;22,10;31,22;Représentant
CMD-103687;22/07/2025;2025-07-27;11/09/2025;CLI-0042;EMP-505;ENT-QC;BD-1069;6;346,81;13,00;239,15;Portail web
CMD-104854;19/11/2025;21/11/2025;;CLI-0061;EMP-503;ENT-QC;BD-1129;3;61,23;14,80;46,45;Représentant
CMD-104344;30/09/2025;2025-10-03;25/11/2025;CLI-0200;EMP-509;ENT-MTL;BD-1160;2;70,80;10,10;41,56;Portail web
CMD-103491;24/06/2025;26/06/2025;2025-09-11;CLI-0116;EMP-509;ENT-MTL;BD-1021;3;318,19;12,50;242,82;Représentant
CMD-103430;2025-06-16;20/06/2025;02/08/2025;CLI-0055;EMP-506;ENT-MTL;BD-1146;2;351,51;6,40;225,52;Salon
CMD-102458;29/01/2025;31/01/2025;2025-03-28;CLI-0130;EMP-508;ENT-MTL;BD-1158;9;286,05;18,20;184,61;Représentant
CMD-105000;11/12/2025;16/12/2025;2025-12-31;cli-0103;EMP-502;ENT-SAG;BD-1091;4;522,26;8,10;336,22;Représentant
CMD-102943;18/04/2025;26/04/2025;2025-06-09;CLI-0172;EMP-502;ENT-QC;BD-1100;3;501,13;6,60;312,88;Portail web
CMD-102729;20/03/2025;22/03/2025;2025-05-12;CLI-0080;EMP-506;ENT-QC;BD-1095;3;90,11;13,10;54,77;Portail web
CMD-103666;18/07/2025;23/07/2025;2025-09-01;CLI-0184;EMP-503;ENT-MTL;BD-1080;6;315,74;4,50;208,57;Portail web
CMD-103817;11/08/2025;2025-08-17;17/09/2025;CLI-0048;EMP-508;ENT-QC;BD-1036;6;219,23;14,60;191,63;Téléphone
CMD-104772;08/11/2025;17/11/2025;2025-12-22;CLI-0006;EMP-505;ENT-MTL;BD-1059;3;469,99;10,90;391,48;Téléphone
CMD-102962;21/04/2025;2025-04-23;09/06/2025;CLI-0135;EMP-506;ENT-QC;BD-1051;3;110,10;15,10;79,76;Portail web
CMD-104050;04/09/2025;07/09/2025;2025-10-11;CLI-0185;EMP-508;ENT-QC;BD-1144;22;142,02;20,40;98,33;Représentant
CMD-103207;2025-05-20;22/05/2025;08/07/2025;CLI-0009;EMP-502;ENT-QC;BD-1178;5;158,49;22,80;119,43;Représentant
CMD-102443;27/01/2025;01/02/2025;15/03/2025;CLI-0116;EMP-509;ENT-QC;BD-1042;3;386,65;12,40;267,02;Représentant
CMD-103067;03/05/2025;07/05/2025;;CLI-0085;EMP-503;ENT-MTL;BD-1005;3;299,04;8,50;208,35;Téléphone
CMD-102809;01-avr-25;06/04/2025;07/06/2025;CLI-0041;EMP-508;ENT-QC;BD-1052;12;268,64;12,50;183,03;Téléphone
CMD-104620;24-oct-25;31/10/2025;04/12/2025;CLI-0137;EMP-503;ENT-MTL;BD-1073;14;365,47;18,70;307,22;Représentant
CMD-104467;10-oct-25;13/10/2025;19/11/2025;CLI-0208;EMP-507;ENT-SAG;BD-1144;3;155,70;12,80;98,33;Portail web
CMD-103975;28/08/2025;2025-08-31;18/10/2025;CLI-0074;EMP-507;ENT-MTL;BD-1163;24;495,96;19,10;300,77;Représentant
CMD-103108;08/05/2025;17/05/2025;2025-07-10;CLI-0071;EMP-503;ENT-MTL;BD-1121;2;72,28;7,20;44,65;Portail web
CMD-102655;10/03/2025;15/03/2025;27-avr-25;CLI-0209;EMP-508;ENT-QC;BD-1158;18;261,29;25,20;184,61;Représentant
CMD-102856;2025-04-07;10/04/2025;18/05/2025;CLI-0036;EMP-505;ENT-MTL;BD-1181;6;531,42;14,90;312,40;Représentant
CMD-102883;11/04/2025;2025-04-16;31/05/2025;CLI-0101;EMP-509;ENT-QC;BD-1054;1;444,52;4,60;262,94;Représentant
CMD-104281;24/09/2025;02/10/2025;2025-11-01;CLI-0209;EMP-508;ENT-QC;BD-1178;9;152,80;25,60;119,43;Représentant
CMD-103988;29/08/2025;03/09/2025;12/11/2025;CLI-0131;EMP-502;ENT-SAG;BD-1108;1;227,09;16,90;169,96;Représentant
CMD-103973;27/08/2025;2025-09-04;05/10/2025;CLI-0132;EMP-507;ENT-QC;BD-1112;4;100,53;12,50;67,02;Représentant
CMD-104897;2025-11-24;01/12/2025;;CLI-0042;EMP-505;ENT-QC;BD-1097;6;328,95;10,60;253,06;Représentant
CMD-103147;13/05/2025;2025-05-18;17/07/2025;CLI-0059;EMP-504;ENT-QC;BD-1177;7;327,64;19,60;215,66;Représentant
CMD-104204;2025-09-18;23/09/2025;12/11/2025;CLI-0034;EMP-507;ENT-QC;BD-1162;8;119,37;12,90;68,38;Représentant
CMD-103824;12/08/2025;18/08/2025;11-sept-25;CLI-0166;EMP-503;ENT-QC;BD-1030;8;153,24;16,30;119,13;Téléphone
CMD-104934;28/11/2025;2025-12-01;;CLI-0185;EMP-508;ENT-QC;BD-1163;11;457,72;25,40;300,77;Courriel
CMD-103908;20/08/2025;25/08/2025;27/10/2025;CLI-0190;EMP-504;ENT-MTL;BD-1033;8;172,98;7,70;113,22;Téléphone
CMD-104083;09/09/2025;12/09/2025;2025-11-09;CLI-0160;EMP-508;ENT-QC;BD-1087;6;371,64;3,70;215,66;Courriel
CMD-103884;18/08/2025;24/08/2025;14/10/2025;CLI-0209;EMP-508;ENT-QC;BD-1030;29;144,00;21,30;119,13;Portail web
CMD-103922;21/08/2025;2025-08-29;22/10/2025;CLI-0096;EMP-504;ENT-SAG;BD-1033;6;173,25;7,50;113,22;Représentant
CMD-105011;12/12/2025;20/12/2025;;CLI-0063;EMP-503;ENT-MTL;BD-1135;8;62,49;14,80;40,73;Représentant
CMD-104123;11/09/2025;16/09/2025;2025-11-10;CLI-0059;EMP-504;ENT-QC;BD-1129;39;53,85;25,10;46,45;Courriel
CMD-102784;28/03/2025;04-avr-25;11/05/2025;CLI-0206;EMP-503;ENT-SAG;BD-1168;1;344,10;14,00;229,43;Représentant
CMD-104704;31/10/2025;2025-11-04;08/12/2025;CLI-0052;EMP-504;ENT-QC;BD-1178;2;175,68;14,40;119,43;Représentant
CMD-102365;09/01/2025;17/01/2025;10-févr-25;CLI-0114;EMP-502;ENT-QC;BD-1145;8;179,89;2,30;111,12;Représentant
CMD-102703;17/03/2025;2025-03-25;09/04/2025;CLI-0170;EMP-504;ENT-QC;BD-1120;3;281,58;5,10;186,72;Téléphone
CMD-105040;17-déc-25;26/12/2025;;CLI-0032;EMP-504;ENT-SAG;BD-1060;2;369,81;6,60;291,44;Représentant
CMD-102803;31/03/2025;2025-04-09;17/05/2025;CLI-0137;EMP-503;ENT-MTL;BD-1169;5;450,65;21,90;282,28;Représentant
CMD-103368;09/06/2025;2025-06-12;09/07/2025;CLI-0056;EMP-502;ENT-MTL;BD-1106;4;409,91;22,70;340,08;Portail web
CMD-104678;2025-10-29;04/11/2025;14/12/2025;CLI-0074;EMP-507;ENT-MTL;BD-1172;5;333,50;20,30;221,22;Téléphone
CMD-102488;2025-02-05;08/02/2025;16/03/2025;CLI-0063;EMP-503;ENT-QC;BD-1132;3;176,25;11,30;128,45;Portail web
CMD-104795;11/11/2025;19/11/2025;24-déc-25;CLI-0038;EMP-507;ENT-SAG;BD-1003;2;264,53;11,30;227,23;Représentant
CMD-104340;30/09/2025;07/10/2025;2025-11-12;CLI-0195;EMP-506;ENT-QC;BD-1066;3;287,37;16,60;240,06;Téléphone
CMD-104065;06/09/2025;10/09/2025;2025-10-23;CLI-0199;EMP-504;ENT-QC;BD-1058;1;210,40;14,10;149,54;Salon
CMD-103897;2025-08-19;21/08/2025;28/09/2025;CLI-0037;EMP-504;ENT-MTL;BD-1031;5;415,57;20,00;300,62;Courriel
CMD-102665;12/03/2025;19/03/2025;24/04/2025;CLI-0059;EMP-504;ENT-SAG;BD-1013;8;413,04;20,00;315,34;Représentant
CMD-103046;30/04/2025;08/05/2025;2025-06-16;CLI-0011;EMP-507;ENT-QC;BD-1035;12;46,84;3,20;30,63;Représentant
CMD-105019;15/12/2025;17/12/2025;;CLI-0130;EMP-508;ENT-QC;BD-1148;6;348,90;24,10;302,28;Représentant
CMD-103957;26-août-25;28/08/2025;14/10/2025;CLI-0001;EMP-508;ENT-SAG;BD-1025;2;224,19;4,10;149,35;Courriel
CMD-104740;04/11/2025;2025-11-09;13/12/2025;CLI-0104;EMP-501;ENT-QC;BD-1135;6;70,75;3,50;40,73;Portail web
CMD-104568;2025-10-17;23/10/2025;09/12/2025;CLI-0041;EMP-508;ENT-MTL;BD-1119;12;76,82;16,30;59,67;Courriel
CMD-104362;01/10/2025;09/10/2025;2025-10-27;CLI-0122;EMP-505;ENT-QC;BD-1149;4;167,31;8,60;111,14;Téléphone
CMD-104586;21/10/2025;26/10/2025;14/12/2025;CLI-0059;EMP-504;ENT-SAG;BD-1103;36;172,83;24,10;154,84;Représentant
CMD-103278;28/05/2025;05/06/2025;09/07/2025;CLI-0209;EMP-508;ENT-MTL;BD-1060;8;315,15;20,40;291,44;Représentant
CMD-104806;2025-11-12;15/11/2025;;CLI-0191;EMP-504;ENT-MTL;BD-1084;6;504,86;13,00;375,89;Portail web
CMD-104877;2025-11-20;24/11/2025;;CLI-0214;EMP-508;ENT-MTL;BD-1106;12;505,55;4,70;340,08;Téléphone
CMD-103167;15/05/2025;2025-05-19;29/06/2025;CLI-0143;EMP-503;ENT-QC;BD-1054;3;415,94;10,70;262,94;Portail web
CMD-103406;12/06/2025;16-juin-25;31/07/2025;CLI-0099;EMP-505;ENT-MTL;BD-1046;8;368,70;22,80;372,17;Représentant
CMD-104197;17/09/2025;19/09/2025;2025-11-14;CLI-0181;EMP-504;ENT-MTL;BD-1048;4;50,11;2,10;33,51;Courriel
CMD-104661;28/10/2025;2025-11-02;;CLI-0135;EMP-506;ENT-SAG;BD-1148;6;401,35;12,70;302,28;Portail web
CMD-103499;25/06/2025;03/07/2025;2025-08-21;CLI-0155;EMP-506;ENT-QC;BD-1123;12;188,42;13,40;132,28;Représentant
CMD-104174;16/09/2025;19/09/2025;;CLI-0076;EMP-507;ENT-SAG;BD-1064;23;95,37;23,90;70,89;Représentant
CMD-103822;2025-08-12;16/08/2025;03/10/2025;CLI-0099;EMP-505;ENT-QC;BD-1014;6;35,05;21,60;27,18;Représentant
CMD-103660;17/07/2025;26/07/2025;2025-08-22;CLI-0193;EMP-509;ENT-QC;BD-1062;6;159,70;11,10;135,59;Représentant
CMD-104523;15/10/2025;23/10/2025;2025-11-20;CLI-0185;EMP-508;ENT-QC;BD-1176;0;491,02;22,10;328,78;Représentant
CMD-102939;17/04/2025;20/04/2025;2025-06-09;CLI-0005;EMP-503;ENT-MTL;BD-1042;6;429,33;2,70;267,02;Courriel
CMD-104148;13/09/2025;2025-09-22;04/11/2025;CLI-0073;EMP-501;ENT-MTL;BD-1066;6;289,79;15,90;240,06;Représentant
CMD-102663;11/03/2025;2025-03-19;19/04/2025;CLI-0029;EMP-506;ENT-MTL;BD-1080;11;261,92;20,80;176,76;Portail web
CMD-105078;23/12/2025;29/12/2025;;CLI-0137;EMP-503;ENT-QC;BD-1179;2;350,66;18,70;231,35;Représentant
CMD-104111;2025-09-10;18/09/2025;07/11/2025;CLI-0177;EMP-505;ENT-QC;BD-1090;8;89,61;6,50;69,37;Représentant
CMD-104099;2025-09-09;16/09/2025;07/11/2025;CLI-0177;EMP-505;ENT-SAG;BD-1070;1;73,73;3,20;48,05;Représentant
CMD-102589;27/02/2025;2025-03-02;08/04/2025;CLI-0177;EMP-505;ENT-QC;BD-1122;12;327,76;3,90;212,67;Téléphone
CMD-102588;27-févr-25;05/03/2025;05/05/2025;CLI-0195;EMP-506;ENT-MTL;BD-1118;6;435,95;12,30;343,17;Courriel
CMD-102992;24/04/2025;26/04/2025;06/06/2025;CLI-0008;EMP-506;ENT-SAG;BD-1118;3;475,38;4,40;343,17;Représentant
CMD-103036;30/04/2025;04/05/2025;2025-06-02;CLI-0093;EMP-508;ENT-QC;BD-1049;3;45,94;15,90;31,22;Portail web
CMD-102924;16/04/2025;19/04/2025;03/05/2025;CLI-0121;EMP-508;ENT-SAG;BD-1038;8;486,74;11,80;319,94;Représentant
CMD-102723;19/03/2025;26/03/2025;2025-05-17;CLI-0212;EMP-507;ENT-MTL;BD-1175;9;126,34;25,60;96,85;Représentant
CMD-104503;14/10/2025;21-oct-25;19/12/2025;CLI-0209;EMP-508;ENT-MTL;BD-1106;11;429,89;19,00;340,08;Représentant
CMD-103150;14/05/2025;17/05/2025;2025-07-31;CLI-0158;EMP-507;ENT-SAG;BD-1043;24;492,51;6,70;300,28;Portail web
CMD-105030;2025-12-16;21/12/2025;;CLI-0009;EMP-502;ENT-QC;BD-1144;9;143,19;19,80;98,33;Représentant
CMD-102501;10/02/2025;12/02/2025;2025-04-05;CLI-0017;EMP-507;ENT-QC;BD-1169;2;516,29;10,50;282,28;Portail web
CMD-103665;2025-07-18;24/07/2025;02/10/2025;CLI-0210 ;EMP-503;ENT-QC;BD-1021;4;341,17;6,20;242,82;Téléphone
CMD-103413;13/06/2025;2025-06-21;02/07/2025;CLI-0173;EMP-508;ENT-MTL;BD-1051;12;108,85;16,10;79,76;Représentant
CMD-102523;2025-02-13;18/02/2025;28/03/2025;CLI-0079;EMP-509;ENT-MTL;BD-1026;4;407,41;7,10;246,82;Représentant
CMD-104553;17/10/2025;2025-10-24;14/12/2025;CLI-0059;EMP-504;ENT-MTL;BD-1148;5;371,84;19,10;302,28;Portail web
CMD-103811;11/08/2025;19-août-25;02/10/2025;CLI-0145;EMP-504;ENT-QC;BD-1003;2;282,12;5,40;227,23;Téléphone
CMD-104203;18/09/2025;22/09/2025;2025-11-26;  CLI-0097;EMP-504;ENT-QC;BD-1037;6;28,17;5,90;16,65;Représentant
CMD-103547;30/06/2025;2025-07-02;08/08/2025;CLI-0192;EMP-505;ENT-MTL;BD-1039;3;185,95;6,10;122,17;Courriel
CMD-102557;20/02/2025;2025-02-28;05/04/2025;CLI-0056;EMP-502;ENT-MTL;BD-1111;31;169,60;23,50;148,90;Représentant
CMD-103701;25/07/2025;2025-08-02;14/09/2025;CLI-0076;EMP-507;ENT-SAG;BD-1108;22;205,33;24,80;169,96;Téléphone
CMD-102411;20/01/2025;2025-01-24;07/04/2025;CLI-0217;EMP-506;ENT-QC;BD-1041;22;190,29;24,90;163,24;Portail web
CMD-103832;13/08/2025;2025-08-19;28/09/2025;CLI-0129;EMP-508;ENT-MTL;BD-1043;1;486,28;7,90;300,28;Représentant
CMD-104088;09/09/2025;15/09/2025;17-nov-25;  CLI-0126;EMP-502;ENT-MTL;BD-1093;4;199,94;10,70;159,25;Représentant
CMD-104850;2025-11-19;21/11/2025;19/12/2025;CLI-0009;EMP-502;ENT-QC;BD-1007;17;84,41;18,30;57,14;Salon
CMD-103286;28/05/2025;30/05/2025;02-juil-25;CLI-0187;EMP-507;ENT-MTL;BD-1111;4;189,18;14,60;148,90;Portail web
CMD-102696;14/03/2025;23-mars-25;07/05/2025;CLI-0209;EMP-508;ENT-QC;BD-1042;17;351,76;20,30;267,02;Portail web
CMD-103278;28-mai-25;05/06/2025;09/07/2025;CLI-0209;EMP-508;ENT-MTL;BD-1178;6;163,48;20,40;119,43;Représentant
CMD-103164;2025-05-15;21/05/2025;08/07/2025;CLI-0027;EMP-502;ENT-QC;BD-1036;1;241,86;5,80;191,63;Portail web
CMD-103715;29/07/2025;07/08/2025;2025-08-26;CLI-0182;EMP-503;ENT-MTL;BD-1122;6;305,28;10,50;212,67;Téléphone
CMD-102366;09/01/2025;12-janv-25;14/02/2025;CLI-0041;EMP-508;ENT-SAG;BD-1137;1;35,68;16,70;25,59;Téléphone
CMD-104568;17/10/2025;2025-10-23;09/12/2025;CLI-0041;EMP-508;ENT-MTL;BD-1140;4;53,15;16,30;41,26;N/A
CMD-102716;18/03/2025;26/03/2025;2025-05-24;CLI-0196;EMP-506;ENT-MTL;BD-1031;12;504,18;2,90;300,62;Représentant
CMD-104541;16/10/2025;20/10/2025;2025-12-01;CLI-0123;EMP-501;ENT-MTL;BD-1073;8;374,81;16,70;307,22;Représentant
CMD-104925;27/11/2025;30/11/2025;;CLI-0206;EMP-503;ENT-MTL;BD-1171;3;132,26;16,50;85,46;Portail web
CMD-103516;26-juin-25;29/06/2025;26/07/2025;CLI-0155;EMP-506;ENT-MTL;BD-1159;24;253,12;12,40;169,65; 
CMD-102470;2025-01-31;04/02/2025;02/04/2025;CLI-0112;EMP-505;ENT-QC;BD-1124;6;222,23;12,80;153,77;Représentant
CMD-104464;10/10/2025;13-oct-25;11/12/2025;CLI-0156;EMP-502;ENT-SAG;BD-1088;3;586,09;6,90;404,63;Portail web
CMD-103234;23/05/2025;2025-06-01;04/07/2025;CLI-0093;EMP-508;ENT-MTL;BD-1170;24;30,95;12,00;16,95;Représentant
CMD-103871;16/08/2025;20/08/2025;27-sept-25;CLI-0134;EMP-509;ENT-QC;BD-1035;12;47,17;2,50;30,63;Portail web
CMD-104569;18/10/2025;21/10/2025;08/12/2025;CLI-0171;EMP-507;ENT-QC;BD-1127;8;283,67;5,80;174,31;Représentant
CMD-103639;15-juil-25;17/07/2025;22/09/2025;CLI-0212;EMP-507;ENT-QC;BD-1031;11;415,52;20,00;300,62;Représentant
CMD-102782;28/03/2025;05-avr-25;22/05/2025;CLI-0116;EMP-509;ENT-MTL;BD-1087;3;341,31;11,50;215,66;Portail web
CMD-103992;30/08/2025;03/09/2025;12/10/2025;CLI-0130;EMP-508;ENT-QC;BD-1039;4;147,87;25,30;122,17;Représentant
CMD-103013;28/04/2025;03/05/2025;2025-06-07;CLI-0079;EMP-509;ENT-QC;BD-1039;12;192,69;2,70;122,17;Téléphone
CMD-104488;13/10/2025;15-oct-25;28/11/2025;CLI-0097;EMP-504;ENT-MTL;BD-1147;6;577,16;3,50;346,92;Courriel
CMD-103949;25/08/2025;28-août-25;28/10/2025;CLI-0063;EMP-503;ENT-QC;BD-1033;6;164,18;12,40;113,22;
CMD-103158;14/05/2025;16/05/2025;;CLI-0056;EMP-502;ENT-QC;BD-1050;6;378,87;24,80;297,82;Portail web
CMD-104862;19/11/2025;23/11/2025;;CLI-0056;EMP-502;ENT-MTL;BD-1127;65;237,91;21,00;174,31;Représentant
CMD-102450;28/01/2025;30-janv-25;07/03/2025;CLI-0026;EMP-506;ENT-QC;BD-1027;2;398,87;12,90;254,96;Portail web
CMD-103486;2025-06-23;26/06/2025;09/09/2025;CLI-0212;EMP-507;ENT-QC;BD-1100;48;402,62;25,00;369,19;Représentant
CMD-104190;2025-09-17;26/09/2025;22/10/2025;CLI-0091;EMP-504;ENT-QC;BD-1055;8;320,83;2,30;213,75;Représentant
CMD-104828;17/11/2025;19/11/2025;;CLI-0034;EMP-507;ENT-SAG;BD-1094;8;171,68;15,80;124,30;Représentant
CMD-104822;14/11/2025;19/11/2025;;CLI-0009;EMP-502;ENT-QC;BD-1084;3;469,13;19,20;375,89;Représentant
CMD-104983;05/12/2025;12/12/2025;;CLI-0031;EMP-509;ENT-MTL;BD-1014;2;38,17;14,60;27,18;Représentant
CMD-103035;30/04/2025;2025-05-06;04/06/2025;CLI-0118;EMP-504;ENT-MTL;BD-1035;12;42,53;12,10;30,63;Portail web
CMD-104269;24-sept-25;28/09/2025;02/11/2025;CLI-0076;EMP-507;ENT-MTL;BD-1043;17;415,49;21,30;300,28;Portail web
CMD-104867;2025-11-20;24/11/2025;;CLI-0109;EMP-501;ENT-QC;BD-1152;8;439,56;8,60;271,40;Portail web
CMD-103693;23/07/2025;31/07/2025;24-sept-25;CLI-0076;EMP-507;ENT-SAG;BD-1006;19;264,58;21,00;182,47;Courriel
CMD-103109;08/05/2025;2025-05-13;27/06/2025;CLI-0051;EMP-509;ENT-QC;BD-1044;6;301,65;6,60;199,55;Portail web
CMD-104799;11/11/2025;20/11/2025;2025-12-28;CLI-0076;EMP-507;ENT-QC;BD-1082;17;382,53;19,50;335,40;Courriel
CMD-103809;11-août-25;16/08/2025;26/09/2025;CLI-0143;EMP-503;ENT-QC;BD-1115;24;63,06;15,60;47,23;Représentant
CMD-104106;10/09/2025;14/09/2025;16-oct-25;CLI-0026;EMP-506;ENT-MTL;BD-1092;12;234,33;17,00;168,72;Salon
CMD-102599;03/03/2025;11-mars-25;06/04/2025;CLI-0001;EMP-508;ENT-QC;BD-1145;6;171,99;6,60;111,12;Représentant
CMD-104905;25/11/2025;2025-12-01;;CLI-0191;EMP-504;ENT-SAG;BD-1081;1;505,20;14,80;364,83;Téléphone
CMD-104398;06/10/2025;2025-10-10;14/12/2025;CLI-0029;EMP-506;ENT-MTL;BD-1158;5;284,08;18,70;184,61;Salon
CMD-103962;26/08/2025;2025-09-04;31/10/2025;CLI-0103;EMP-502;ENT-QC;BD-1050;1;461,41;8,50;297,82;Représentant
CMD-104620;24/10/2025;31/10/2025;04/12/2025;CLI-0137;EMP-503;ENT-MTL;BD-1093;14;181,84;18,70;159,25;Téléphone
CMD-102821;02/04/2025;05/04/2025;18/05/2025;CLI-0053;EMP-509;ENT-MTL;BD-1093;12;187,15;16,40;134,96;Représentant
CMD-103996;01/09/2025;04/09/2025;2025-10-18;CLI-0042;EMP-505;ENT-QC;BD-1100;12;462,86;13,70;369,19;Courriel
CMD-103883;18/08/2025;24/08/2025;19-oct-25;CLI-0043;EMP-506;ENT-QC;BD-1016;1;362,95;12,20;224,02;Représentant
CMD-103229;2025-05-22;29/05/2025;21/07/2025;CLI-0209;EMP-508;ENT-QC;BD-1041;6;201,11;20,70;163,24;Représentant
CMD-104047;04/09/2025;06/09/2025;2025-10-23;CLI-0185;EMP-508;ENT-MTL;BD-1056;2;378,79;23,00;293,14;Représentant
CMD-102630;06/03/2025;11/03/2025;04/05/2025;CLI-0034;EMP-507;ENT-MTL;BD-1039;24;166,52;15,90;122,17;Téléphone
CMD-104201;18-sept-25;21/09/2025;21/11/2025;CLI-0036;EMP-505;ENT-QC;BD-1067;4;35,38;14,90;28,64;Téléphone
CMD-104624;2025-10-24;01/11/2025;25/12/2025;CLI-0076;EMP-507;ENT-QC;BD-1133;36;83,06;18,10;62,95;Portail web
CMD-104266;23-sept-25;01/10/2025;28/11/2025;CLI-0169;EMP-507;ENT-SAG;BD-9910;4;146,64;13,60;96,85;Représentant
CMD-104617;23/10/2025;2025-10-28;26/12/2025;CLI-0193;EMP-509;ENT-QC;BD-1073;8;399,16;11,30;307,22;Portail web
CMD-102827;03/04/2025;08/04/2025;2025-05-07;CLI-0194;EMP-506;ENT-SAG;BD-1097;12;344,99;6,20;214,46;Téléphone
CMD-103535;28/06/2025;01/07/2025;2025-08-09;CLI-0072;EMP-501;ENT-SAG;BD-1135;3;62,36;14,90;40,73;Téléphone
CMD-104830;17-nov-25;26/11/2025;24/12/2025;CLI-0034;EMP-507;ENT-MTL;BD-1148;4;395,19;14,10;302,28;Portail web
CMD-102858;07/04/2025;2025-04-13;10/06/2025;CLI-0056;EMP-502;ENT-MTL;BD-1011;6;429,34;18,30;294,52;Représentant
CMD-104845;18/11/2025;25/11/2025;;CLI-0056;EMP-502;ENT-MTL;BD-1075;16;81,02;19,60;71,97;Portail web
CMD-102584;26/02/2025;04/03/2025;2025-04-03;CLI-0059;EMP-504;ENT-QC;BD-1106;11;419,98;20,80;340,08;Représentant
CMD-104986;05/12/2025;14-déc-25;;CLI-0034;EMP-507;ENT-QC;BD-1166;2;349,49;15,90;217,35;Portail web
CMD-104863;20/11/2025;26/11/2025;;CLI-0047;EMP-508;ENT-QC;BD-1071;8;456,05;14,60;363,51;Représentant
CMD-103158;14-mai-25;16/05/2025;;CLI-0056;EMP-502;ENT-QC;BD-1170;5;26,42;24,80;16,95;Portail web
CMD-104837;18/11/2025;26/11/2025;2025-12-24;CLI-0205;EMP-505;ENT-SAG;BD-1094;8;199,07;2,30;124,30;Représentant
CMD-104824;14/11/2025;19/11/2025;;CLI-0051;EMP-509;ENT-QC;BD-1126;12;185,97;8,10;133,03;Représentant
CMD-103351;05-juin-25;10/06/2025;09/08/2025;CLI-0099;EMP-505;ENT-QC;BD-1116;35;66,77;24,70;60,17;Courriel
CMD-105060;20/12/2025;29/12/2025;;CLI-0208;EMP-507;ENT-MTL;BD-1078;8;344,51;10,10;238,11;Téléphone
CMD-103881;2025-08-18;22/08/2025;15/10/2025;CLI-0100;EMP-505;ENT-MTL;BD-1044;2;316,50;2,00;199,55;Téléphone
CMD-104666;28/10/2025;2025-11-04;;CLI-0012;EMP-501;ENT-QC;BD-1172;32;329,37;21,30;221,22;Portail web
CMD-104217;18/09/2025;23/09/2025;28-oct-25;CLI-0150;EMP-502;ENT-MTL;BD-1074;8;184,63;4,90;130,44;Représentant
CMD-103198;19/05/2025;26-mai-25;;CLI-0029;EMP-506;ENT-QC;BD-1015;13;404,96;23,70;325,38;Représentant
CMD-104107;10/09/2025;14-sept-25;27/10/2025;CLI-0073;EMP-501;ENT-QC;BD-1066;1;295,79;14,10;240,06;Représentant
CMD-103557;01/07/2025;09/07/2025;2025-09-07;CLI-0009;EMP-502;ENT-MTL;BD-1107;24;169,32;23,10;150,54;Représentant
CMD-103647;15/07/2025;2025-07-20;19/09/2025;CLI-0219;EMP-505;ENT-QC;BD-1116;6;84,19;5,10;60,17;Téléphone
CMD-103117;09/05/2025;14/05/2025;29/06/2025;CLI-0166;EMP-503;ENT-SAG;BD-1050;12;425,33;15,60;297,82;Courriel
CMD-104376;02/10/2025;04/10/2025;;CLI-0126;EMP-502;ENT-SAG;BD-1017;24;478,62;15,10;313,71;Portail web
CMD-104317;27/09/2025;02/10/2025;2025-11-18;CLI-0071;EMP-503;ENT-QC;BD-1062;6;175,76;2,20;135,59;Représentant
CMD-103507;2025-06-26;30/06/2025;13/09/2025;CLI-0029;EMP-506;ENT-QC;BD-1164;2;152,11;22,00;100,45;Courriel
CMD-102737;21/03/2025;25/03/2025;2025-05-29;CLI-0134;EMP-509;ENT-MTL;BD-1162;6;126,16;8,00;68,38;Téléphone
CMD-103864;15-août-25;21/08/2025;08/10/2025;CLI-0139;EMP-506;ENT-MTL;BD-1180;8;159,16;15,90;95,30;Représentant
CMD-103906;20/08/2025;2025-08-27;03/10/2025;CLI-0037;EMP-504;ENT-QC;BD-1051;9;102,22;21,20;79,76;Représentant
CMD-102777;2025-03-27;01/04/2025;05/05/2025;CLI-0009;EMP-502;ENT-SAG;BD-1059;15;410,46;22,20;331,76;Téléphone
CMD-104750;05/11/2025;2025-11-12;28/12/2025;CLI-0025;EMP-509;ENT-MTL;BD-1084;2;515,22;11,30;375,89;Représentant
CMD-103015;28-avr-25;06/05/2025;20/06/2025;CLI-0057;EMP-507;ENT-QC;BD-1047;8;94,63;11,20;71,53;Portail web
CMD-104751;05-nov-25;13/11/2025;19/12/2025;CLI-0034;EMP-507;ENT-SAG;BD-1138;3;127,14;13,70;88,19;Représentant
CMD-103514;26-juin-25;29/06/2025;10/08/2025;CLI-0041;EMP-508;ENT-MTL;BD-1055;12;293,73;10,60;213,75;Représentant
CMD-102630;06/03/2025;11/03/2025;2025-05-04;CLI-0034;EMP-507;ENT-MTL;BD-1006;6;281,58;15,90;182,47;Courriel
CMD-103169;2025-05-16;21/05/2025;18/06/2025;CLI-0171;EMP-507;ENT-MTL;BD-1036;12;238,75;7,00;191,63;Représentant
CMD-103547;2025-06-30;02/07/2025;08/08/2025;CLI-0192;EMP-505;ENT-MTL;BD-1087;12;362,33;6,10;215,66;Représentant
CMD-103607;09/07/2025;18/07/2025;2025-09-11;CLI-0112;EMP-505;ENT-QC;BD-1061;3;102,99;12,80;76,81;Courriel
CMD-102660;11/03/2025;18/03/2025;2025-05-20;CLI-0166;EMP-503;ENT-QC;BD-1119;4;78,79;14,20;59,67;Représentant
CMD-104312;26/09/2025;28/09/2025;24-nov-25;CLI-0155;EMP-506;ENT-MTL;BD-1171;6;135,52;14,40;85,46;Téléphone
CMD-102889;11/04/2025;18/04/2025;2025-05-31;CLI-0033;EMP-504;ENT-SAG;BD-1116;1;75,09;15,30;60,17;Représentant
CMD-103461;19/06/2025;2025-06-24;26/07/2025;CLI-0211;EMP-504;ENT-SAG;BD-1160;6;67,86;13,80;41,56;Représentant
CMD-103882;18/08/2025;23/08/2025;2025-10-06;CLI-0115;EMP-509;ENT-QC;BD-1105;6;230,61;11,00;169,61;Représentant
CMD-103555;01/07/2025;2025-07-09;03/08/2025;CLI-0008;EMP-506;ENT-QC;BD-1025;8;226,94;2,90;149,35;Représentant
CMD-102547;18/02/2025;2025-02-21;29/04/2025;CLI-0202;EMP-504;ENT-MTL;BD-1106;2;507,90;4,30;340,08;Courriel
CMD-102736;21/03/2025;30-mars-25;09/05/2025;CLI-0012;EMP-501;ENT-MTL;BD-1106;3;403,12;24,00;340,08;Portail web
CMD-102364;08/01/2025;2025-01-13;26/02/2025;CLI-0042;EMP-505;ENT-SAG;BD-1035;6;43,24;10,60;30,63;Téléphone
CMD-103563;02/07/2025;2025-07-04;23/08/2025;CLI-0137;EMP-503;ENT-QC;BD-1026;5;327,38;25,30;246,82;Représentant
CMD-105121;31/12/2025;2026-01-08;;CLI-0069;EMP-508;ENT-SAG;BD-1090;8;93,53;2,40;69,37;Représentant
CMD-103300;29/05/2025;01/06/2025;13-juil-25;CLI-0132;EMP-507;ENT-QC;BD-1040;2;385,03;12,60;274,41;Portail web
CMD-102397;16/01/2025;21/01/2025;2025-02-25;CLI-0184;EMP-503;ENT-MTL;BD-1152;8;451,90;6,00;271,40;Portail web
CMD-102997;25/04/2025;27-avr-25;09/06/2025;CLI-0106;EMP-501;ENT-SAG;BD-1027;8;409,42;10,60;254,96;Salon
CMD-104211;18/09/2025;2025-09-20;08/11/2025;CLI-0138;EMP-506;ENT-SAG;BD-1146;6;353,52;5,90;225,52;Téléphone
CMD-103211;20/05/2025;28/05/2025;2025-07-06;CLI-0048;EMP-508;ENT-QC;BD-1108;2;245,34;10,20;169,96;Portail web
CMD-103822;12/08/2025;16-août-25;03/10/2025;CLI-0099;EMP-505;ENT-QC;BD-1157;37;41,06;21,60;25,21;Représentant
CMD-104875;20/11/2025;2025-11-22;;CLI-0212;EMP-507;ENT-QC;BD-1060;8;324,28;18,10;291,44;Téléphone
CMD-102380;13/01/2025;22/01/2025;;CLI-0074;EMP-507;ENT-QC;BD-1090;9;71,16;25,80;58,79;Représentant
CMD-104499;2025-10-13;15/10/2025;21/12/2025;CLI-0180;EMP-509;ENT-QC;BD-1041;1;242,09;4,50;163,24;Courriel
CMD-105123;31/12/2025;06/01/2026;;CLI-0076;EMP-507;ENT-QC;BD-1152;9;356,97;25,80;271,40;Représentant
CMD-104357;2025-10-01;08/10/2025;08/12/2025;CLI-0009;EMP-502;ENT-QC;BD-1159;8;219,56;24,00;169,65;Téléphone
CMD-102652;2025-03-10;13/03/2025;25/04/2025;CLI-0120;EMP-509;ENT-QC;BD-9041;3;367,26;2,70;244,32;Représentant
CMD-103459;19-juin-25;21/06/2025;01/08/2025;CLI-0096;EMP-504;ENT-MTL;BD-1037;6;27,25;8,90;16,65;Portail web
CMD-102655;10/03/2025;15/03/2025;2025-04-27;CLI-0209;EMP-508;ENT-QC;BD-1135;28;54,81;25,20;40,73;Téléphone
CMD-103117;2025-05-09;14/05/2025;29/06/2025;CLI-0166;EMP-503;ENT-SAG;BD-1161;2;113,94;15,60;64,16;Représentant
CMD-104731;2025-11-04;10/11/2025;20/12/2025;CLI-0137;EMP-503;ENT-MTL;BD-1134;7;82,86;24,60;61,77;Portail web
CMD-104996;2025-12-10;14/12/2025;;CLI-0132;EMP-507;ENT-MTL;BD-1078;1;325,40;15,10;238,11;Représentant
CMD-104133;2025-09-12;17/09/2025;;CLI-0220;EMP-506;ENT-MTL;BD-1081;8;517,31;12,80;364,83;Représentant
CMD-103442;17/06/2025;22-juin-25;21/08/2025;CLI-0153;EMP-507;ENT-QC;BD-1059;8;455,03;13,70;391,48;Représentant
CMD-102589;27/02/2025;02/03/2025;2025-04-08;CLI-0177;EMP-505;ENT-QC;BD-1121;2;74,78;3,90;44,65;Portail web
CMD-104268;24/09/2025;2025-09-28;05/12/2025;CLI-0217;EMP-506;ENT-MTL;BD-1057;17;24,06;19,40;23,20;Représentant
CMD-103932;22/08/2025;2025-08-27;28/09/2025;CLI-0047;EMP-508;ENT-MTL;BD-1007;8;92,24;10,70;57,14;Représentant
CMD-104727;03/11/2025;2025-11-06;02/12/2025;CLI-0090;EMP-505;ENT-MTL;BD-1076;12;485,92;13,40;338,68;Représentant
CMD-103262;27/05/2025;02/06/2025;2025-07-05;CLI-0179;EMP-509;ENT-QC;BD-1112;3;108,49;5,60;67,02;Représentant
CMD-104477;2025-10-11;18/10/2025;29/11/2025;CLI-0146;EMP-503;ENT-SAG;BD-1092;6;252,49;10,50;168,72;Représentant
CMD-103763;05/08/2025;2025-08-09;;CLI-0165;EMP-507;ENT-MTL;BD-1158;1;319,15;8,70;184,61;Portail web
CMD-104831;17/11/2025;25/11/2025;;CLI-0012;EMP-501;ENT-SAG;BD-1114;5;197,81;21,70;152,73;Portail web
CMD-102768;27-mars-25;04/04/2025;21/05/2025;CLI-0044;EMP-505;ENT-QC;BD-1182;6;91,26;16,20;58,06;Représentant
CMD-104201;18/09/2025;21-sept-25;21/11/2025;CLI-0036;EMP-505;ENT-QC;BD-1043;3;448,87;14,90;300,28;Portail web
CMD-103676;21-juil-25;27/07/2025;26/09/2025;CLI-0102;EMP-506;ENT-MTL;BD-1116;8;85,36;3,70;60,17;Représentant
CMD-102453;28/01/2025;02/02/2025;2025-03-01;CLI-0037;EMP-504;ENT-SAG;BD-1162;8;109,44;20,10;68,38;Courriel
CMD-103202;20/05/2025;22/05/2025;2025-06-19;CLI-0080;EMP-506;ENT-QC;BD-1058;8;210,00;14,20;149,54;Courriel
CMD-103812;11/08/2025;17/08/2025;02-oct-25;CLI-0136;EMP-507;ENT-MTL;BD-1023;6;323,28;14,40;244,32;Portail web
CMD-104963;2025-12-02;10/12/2025;;CLI-0074;EMP-507;ENT-SAG;BD-1066;9;268,20;22,10;240,06;Représentant
CMD-103400;12/06/2025;20-juin-25;19/07/2025;CLI-0131;EMP-502;ENT-QC;BD-1017;3;484,98;14,00;313,71;Représentant
CMD-104963;02/12/2025;10/12/2025;;CLI-0074;EMP-507;ENT-SAG;BD-1122;1;265,66;22,10;212,67;Portail web
CMD-103004;2025-04-25;30/04/2025;;CLI-0099;EMP-505;ENT-QC;BD-1041;5;193,98;23,50;163,24;N/A
CMD-105006;11/12/2025;2025-12-20;;CLI-0128;EMP-502;ENT-QC;BD-1025;3;199,34;14,70;149,35;Téléphone
CMD-103423;14/06/2025;21/06/2025;06-août-25;CLI-0161;EMP-508;ENT-QC;BD-1001;12;311,52;7,10;219,63;Représentant
CMD-102393;2025-01-15;18/01/2025;25/03/2025;CLI-0189;EMP-501;ENT-QC;BD-1159;3;269,33;6,80;169,65;Représentant
CMD-103730;31/07/2025;08/08/2025;2025-09-30;CLI-0009;EMP-502;ENT-QC;BD-1118;2;406,19;18,30;343,17;Représentant
CMD-103676;21/07/2025;27/07/2025;26/09/2025;CLI-0102;EMP-506;ENT-MTL;BD-1127;6;290,00;3,70;174,31;Représentant
CMD-104690;30/10/2025;02/11/2025;2025-12-29;CLI-0023;EMP-505;ENT-MTL;BD-1095;2;98,35;5,10;64,62;Représentant
CMD-104466;10/10/2025;18/10/2025;2025-12-12;CLI-0200;EMP-509;ENT-QC;BD-1084;3;497,29;14,40;375,89;Téléphone
CMD-104462;10/10/2025;19/10/2025;07/12/2025;CLI-0184;EMP-503;ENT-MTL;BD-1128;2;141,63;2,20;78,87;Représentant
CMD-104189;17/09/2025;26/09/2025;14/11/2025;CLI-0060;EMP-508;ENT-SAG;BD-1178;8;200,28;2,40;119,43;Représentant
CMD-102959;21/04/2025;30/04/2025;18/06/2025;CLI-0058;EMP-508;ENT-QC;BD-1130;3;525,77;6,80;323,89;Représentant
CMD-102613;04/03/2025;10/03/2025;09/05/2025;CLI-0011;EMP-507;ENT-SAG;BD-1159;3;281,26;2,70;169,65;Représentant
CMD-104509;14/10/2025;16-oct-25;02/12/2025;CLI-0217;EMP-506;ENT-QC;BD-1133;6;79,51;21,60;62,95;Courriel
CMD-103381;2025-06-10;17/06/2025;06/08/2025;CLI-0029;EMP-506;ENT-SAG;BD-1079;35;208,51;20,90;147,87;Courriel
CMD-102489;05/02/2025;2025-02-07;24/03/2025;CLI-0186;EMP-507;ENT-QC;BD-1057;8;29,04;2,70;19,66;Représentant
CMD-103120;2025-05-09;13/05/2025;20/06/2025;CLI-0203;EMP-503;ENT-QC;BD-1041;8;232,62;8,20;163,24;Portail web
CMD-104612;23/10/2025;2025-10-29;10/12/2025;CLI-0076;EMP-507;ENT-SAG;BD-1074;21;148,55;23,50;130,44;Portail web
CMD-103612;09/07/2025;15/07/2025;2025-08-23;CLI-0119;EMP-503;ENT-QC;BD-1150;24;609,71;2,60;347,06;Téléphone
CMD-103505;2025-06-25;27/06/2025;03/09/2025;CLI-0153;EMP-507;ENT-QC;BD-1117;4;124,81;15,80;100,34;Représentant
CMD-102674;2025-03-12;19/03/2025;03/05/2025;CLI-0093;EMP-508;ENT-QC;BD-1168;8;348,37;12,90;229,43;Portail web
CMD-102740;21/03/2025;30-mars-25;03/05/2025;CLI-0209;EMP-508;ENT-QC;BD-1153;5;149,49;25,50;116,00;Portail web
CMD-103663;2025-07-17;24/07/2025;25/09/2025;CLI-0204;EMP-506;ENT-QC;BD-1166;3;387,08;6,80;217,35;Portail web
CMD-102952;19/04/2025;21/04/2025;14-mai-25;CLI-0033;EMP-504;ENT-QC;BD-1046;2;400,99;16,00;315,40;Représentant
CMD-103666;18/07/2025;2025-07-23;01/09/2025;CLI-0184;EMP-503;ENT-MTL;BD-1048;4;48,89;4,50;33,51;Téléphone
CMD-104164;15/09/2025;19/09/2025;06/11/2025;CLI-0135;EMP-506;ENT-QC;BD-1157;1;44,84;14,30;25,21;Portail web
CMD-103668;18/07/2025;27/07/2025;2025-08-29;CLI-0100;EMP-505;ENT-QC;BD-1016;24;386,55;6,50;224,02;Téléphone
CMD-102976;23-avr-25;30/04/2025;01/06/2025;CLI-0047;EMP-508;ENT-QC;BD-1053;1;272,42;16,70;180,55;Représentant
CMD-103665;18/07/2025;24-juil-25;02/10/2025;CLI-0210;EMP-503;ENT-QC;BD-1160;8;73,88;6,20;41,56;Courriel
CMD-103512;26/06/2025;29/06/2025;09/09/2025;CLI-0099;EMP-505;ENT-MTL;BD-1084;31;470,97;18,90;375,89;Représentant
CMD-103420;2025-06-13;19/06/2025;21/07/2025;CLI-0012;EMP-501;ENT-SAG;BD-1054;6;373,88;19,80;262,94;Représentant
CMD-103690;22/07/2025;29/07/2025;2025-09-13;CLI-0031;EMP-509;ENT-MTL;BD-1170;3;30,53;13,20;16,95;Téléphone
CMD-103900;19/08/2025;23-août-25;08/10/2025;CLI-0189;EMP-501;ENT-QC;BD-1162;8;132,97;3,00;68,38;Représentant
CMD-103757;05-août-25;07/08/2025;15/09/2025;CLI-0059;EMP-504;ENT-QC;BD-1054;8;366,04;21,40;262,94;Courriel
CMD-104653;27/10/2025;2025-11-01;09/12/2025;CLI-0023;EMP-505;ENT-QC;BD-1076;6;539,68;3,80;338,68;Portail web
CMD-103803;2025-08-09;11/08/2025;22/09/2025;CLI-0108;EMP-503;ENT-QC;BD-1050;6;449,19;10,90;297,82;Représentant
CMD-105035;17/12/2025;21/12/2025;;CLI-0155;EMP-506;ENT-SAG;BD-1143;4;334,33;10,90;220,45;Téléphone
CMD-104885;21/11/2025;26/11/2025;;CLI-0092;EMP-508;ENT-QC;BD-1146;3;359,65;4,20;225,52;Téléphone
CMD-104479;2025-10-11;15/10/2025;17/11/2025;CLI-0182;EMP-503;ENT-QC;BD-1162;2;119,08;13,10;68,38;Téléphone
CMD-104970;2025-12-03;06/12/2025;;CLI-0041;EMP-508;ENT-SAG;BD-1154;2;467,58;12,50;329,92;Représentant
CMD-103558;01/07/2025;2025-07-09;19/08/2025;CLI-0073;EMP-501;ENT-QC;BD-1060;2;348,31;12,00;291,44;Courriel
CMD-102765;26/03/2025;2025-03-31;28/05/2025;CLI-0056;EMP-502;ENT-MTL;BD-1172;6;313,67;25,10;221,22;Téléphone
CMD-104731;04-nov-25;10/11/2025;20/12/2025;CLI-0137;EMP-503;ENT-MTL;BD-1128;3;109,16;24,60;78,87;Représentant
CMD-103596;07/07/2025;2025-07-13;16/09/2025;CLI-0095;EMP-505;ENT-MTL;BD-1170;6;32,66;7,10;16,95;Portail web
CMD-104880;2025-11-20;23/11/2025;;CLI-0059;EMP-504;ENT-MTL;BD-1108;14;202,44;25,90;169,96;Portail web
CMD-104465;10/10/2025;15/10/2025;09/12/2025;CLI-0120;EMP-509;ENT-MTL;BD-1131;4;61,06;8,90;37,08;Téléphone
CMD-103591;07/07/2025;2025-07-16;15/09/2025;CLI-0089;EMP-502;ENT-QC;BD-1162;29;108,24;21,00;68,38;Représentant
CMD-103019;28/04/2025;01/05/2025;2025-06-03;CLI-0065;EMP-504;ENT-QC;BD-1043;8;505,73;4,20;300,28;Courriel
CMD-103754;2025-08-04;08/08/2025;02/10/2025;CLI-0079;EMP-509;ENT-QC;BD-1010;4;158,84;2,60;88,91;Représentant
CMD-103347;04-juin-25;06/06/2025;18/07/2025;CLI-0042;EMP-505;ENT-QC;BD-1007;1;92,68;10,30;57,14;Représentant
CMD-103642;15/07/2025;24/07/2025;2025-08-21;CLI-0093;EMP-508;ENT-QC;BD-1064;4;105,48;15,80;70,89;Téléphone
CMD-103619;10/07/2025;16/07/2025;2025-09-08;CLI-0127;EMP-503;ENT-SAG;BD-1048;4;45,87;10,40;33,51;Représentant
CMD-103438;2025-06-17;21/06/2025;26/07/2025;CLI-0133;EMP-508;ENT-MTL;BD-1023;1;327,09;13,30;244,32;Représentant
CMD-102352;07/01/2025;11/01/2025;07-févr-25;CLI-0137;EMP-503;ENT-MTL;BD-1139;29;285,44;20,40;203,11;Portail web
CMD-104094;09/09/2025;2025-09-16;04/11/2025;CLI-0009;EMP-502;ENT-QC;BD-1039;7;158,57;19,90;122,17;Représentant
CMD-104404;06/10/2025;2025-10-10;20/10/2025;CLI-0069;EMP-508;ENT-QC;BD-1072;3;375,30;5,20;236,88;Portail web
CMD-103831;2025-08-13;19/08/2025;28/09/2025;CLI-0183;EMP-506;ENT-MTL;BD-1182;1;100,09;8,10;58,06;Téléphone
CMD-102833;03/04/2025;06/04/2025;31/05/2025;  CLI-0037;EMP-504;ENT-MTL;BD-1159;8;233,83;19,10;169,65;Téléphone
CMD-104212;18/09/2025;21/09/2025;2025-10-19;CLI-0106;EMP-501;ENT-MTL;BD-1089;4;273,03;13,80;189,92;Représentant
CMD-104010;02/09/2025;04/09/2025;02-nov-25;CLI-0128;EMP-502;ENT-MTL;BD-1168;8;357,20;10,70;229,43;Portail web
CMD-104842;18/11/2025;2025-11-25;;CLI-0012;EMP-501;ENT-SAG;BD-1157;2;41,90;20,00;25,21;Portail web
CMD-104249;2025-09-22;25/09/2025;07/11/2025;CLI-0053;EMP-509;ENT-QC;BD-1065;12;224,29;10,10;155,19;Représentant
CMD-103828;12/08/2025;15/08/2025;2025-10-21;CLI-0089;EMP-502;ENT-QC;BD-1180;55;143,42;24,30;95,30;Représentant
CMD-104608;23/10/2025;27/10/2025;21/12/2025;CLI-0034;EMP-507;ENT-MTL;BD-1178;8;177,40;13,60;119,43;Téléphone
CMD-103001;2025-04-25;04/05/2025;19/06/2025;CLI-0186;EMP-507;ENT-MTL;BD-1017;3;539,95;4,20;313,71;Téléphone
CMD-104497;13/10/2025;20/10/2025;01/12/2025;CLI-0056;EMP-502;ENT-MTL;BD-1176;34;498,07;21,00;328,78;Représentant
CMD-103963;26/08/2025;30/08/2025;25/10/2025;CLI-0166;EMP-503;ENT-SAG;BD-1048;8;45,19;11,70;33,51;Téléphone
CMD-104305;26/09/2025;28/09/2025;2025-11-02;CLI-0160;EMP-508;ENT-SAG;BD-1171;4;154,88;2,20;85,46;Téléphone
CMD-103252;26/05/2025;29/05/2025;2025-07-06;CLI-0008;EMP-506;ENT-SAG;BD-1029;4;377,56;3,70;243,45;Portail web
CMD-103771;06/08/2025;11/08/2025;2025-09-21;CLI-0006;EMP-505;ENT-MTL;BD-1175;8;149,77;11,80;96,85;Représentant
CMD-104163;2025-09-15;17/09/2025;10/11/2025;CLI-0089;EMP-502;ENT-SAG;BD-1052;4;236,76;22,90;183,03;Téléphone
CMD-104796;11/11/2025;2025-11-16;20/12/2025;CLI-0085;EMP-503;ENT-MTL;BD-1090;3;92,23;3,80;69,37;Courriel
CMD-105004;11/12/2025;20/12/2025;;CLI-0129;EMP-508;ENT-MTL;BD-1068;4;522,55;7,30;342,49;Représentant
CMD-104186;2025-09-17;24/09/2025;28/11/2025;CLI-0111;EMP-507;ENT-MTL;BD-1070;3;73,43;3,60;48,05;Représentant
CMD-102432;23-janv-25;25/01/2025;20/03/2025;CLI-0012;EMP-501;ENT-MTL;BD-1157;8;39,99;23,60;25,21;Représentant
CMD-104896;24/11/2025;30/11/2025;;CLI-0165;EMP-507;ENT-QC;BD-1101;6;102,94;5,10;75,83;Représentant
CMD-105096;25-déc-25;30/12/2025;;CLI-0116;EMP-509;ENT-MTL;BD-1142;6;136,34;16,40;100,93;Téléphone
CMD-104816;13/11/2025;2025-11-21;28/12/2025;CLI-0141;EMP-502;ENT-SAG;BD-1077;2;299,72;12,30;171,09;Portail web
CMD-103614;09/07/2025;11/07/2025;2025-08-22;CLI-0137;EMP-503;ENT-QC;BD-1007;17;81,19;21,40;57,14;Portail web
CMD-103160;14/05/2025;21/05/2025;12-juin-25;CLI-0034;EMP-507;ENT-MTL;BD-1056;1;436,49;11,30;293,14;Représentant
CMD-103628;11-juil-25;17/07/2025;07/09/2025;CLI-0127;EMP-503;ENT-QC;BD-1104;2;98,32;11,20;76,70;Courriel
CMD-104586;21/10/2025;26/10/2025;2025-12-14;CLI-0059;EMP-504;ENT-SAG;BD-1171;10;120,11;24,10;85,46;Représentant
CMD-104406;06/10/2025;11-oct-25;24/11/2025;CLI-0142;EMP-508;ENT-SAG;BD-1141;4;485,69;2,70;314,24;Portail web
CMD-102797;31/03/2025;2025-04-08;24/05/2025;CLI-0099;EMP-505;ENT-MTL;BD-1157;11;39,44;24,70;25,21;Salon
CMD-103327;2025-06-02;05/06/2025;15/07/2025;CLI-0033;EMP-504;ENT-SAG;BD-1029;1;337,79;13,80;243,45;Représentant
CMD-103354;06-juin-25;09/06/2025;03/08/2025;CLI-0139;EMP-506;ENT-MTL;BD-1173;3;340,77;14,50;212,35;Courriel
CMD-102908;2025-04-15;17/04/2025;03/06/2025;CLI-0054;EMP-507;ENT-MTL;BD-1062;8;156,41;13,00;114,90;Représentant
CMD-105085;24/12/2025;02/01/2026;;CLI-0211;EMP-504;ENT-MTL;BD-1172;12;361,62;13,60;221,22;Portail web
CMD-103312;30/05/2025;03/06/2025;;CLI-0110;EMP-507;ENT-MTL;BD-1113;2;401,17;6,10;281,81;Courriel
CMD-102943;18/04/2025;2025-04-26;09/06/2025;CLI-0172;EMP-502;ENT-QC;BD-1099;4;463,73;6,60;293,70;Représentant
CMD-103425;16/06/2025;25/06/2025;13/07/2025;CLI-0037;EMP-504;ENT-MTL;BD-1034;25;182,03;23,40;182,99;Représentant
CMD-104097;09/09/2025;17/09/2025;2025-11-22;CLI-0041;EMP-508;ENT-MTL;BD-1168;3;358,28;10,40;229,43;Téléphone
CMD-104993;09/12/2025;14/12/2025;;CLI-0197;EMP-507;ENT-MTL;BD-1008;2;226,35;3,20;155,34;Représentant
CMD-104341;30/09/2025;2025-10-09;22/11/2025;CLI-0144;EMP-502;ENT-MTL;BD-1136;3;181,56;12,60;112,45;Représentant
CMD-103023;29/04/2025;08-mai-25;01/06/2025;CLI-0154;EMP-507;ENT-QC;BD-1061;3;101,77;13,90;76,81;Portail web
CMD-103128;10/05/2025;2025-05-17;14/06/2025;CLI-0132;EMP-507;ENT-MTL;BD-1037;4;24,84;17,00;16,65;Courriel
CMD-104199;2025-09-17;26/09/2025;04/11/2025;CLI-0004;EMP-505;ENT-MTL;BD-1055;1;309,70;5,70;213,75;Portail web
CMD-103293;29/05/2025;05-juin-25;29/07/2025;CLI-0029;EMP-506;ENT-QC;BD-1054;5;372,52;20,00;262,94;Représentant
CMD-104489;13/10/2025;16/10/2025;2025-12-08;CLI-0085;EMP-503;ENT-QC;BD-1096;2;280,79;5,20;205,70;Représentant
CMD-103373;10/06/2025;14/06/2025;2025-07-10;CLI-0005;EMP-503;ENT-QC;BD-1060;2;378,32;4,40;291,44;Représentant
CMD-103615;09/07/2025;18/07/2025;17-août-25;CLI-0040;EMP-509;ENT-QC;BD-1118;8;414,72;16,60;343,17;Représentant
CMD-105080;23/12/2025;27-déc-25;;CLI-0182;EMP-503;ENT-QC;BD-1129;4;59,96;16,60;46,45;Portail web
CMD-104458;10/10/2025;2025-10-16;04/12/2025;CLI-0061;EMP-503;ENT-QC;BD-1063;1;318,51;13,50;247,24;Portail web
CMD-103298;29/05/2025;06/06/2025;29-juil-25;CLI-0043;EMP-506;ENT-MTL;BD-1167;4;316,37;14,80;209,73;Courriel
CMD-103678;21/07/2025;26/07/2025;20/08/2025;CLI-0175;EMP-505;ENT-QC;BD-1048;6;46,60;9,00;33,51;Représentant
CMD-103132;2025-05-12;21/05/2025;20/06/2025;CLI-0116;EMP-509;ENT-MTL;BD-1118;8;421,55;15,20;343,17;Représentant
CMD-104499;2025-10-13;15/10/2025;21/12/2025;CLI-0180;EMP-509;ENT-QC;BD-1127;1;287,69;4,50;174,31;Représentant
CMD-103626;11/07/2025;20/07/2025;2025-08-30;CLI-0099;EMP-505;ENT-QC;BD-1023;6;284,98;24,50;244,32;Téléphone
CMD-104212;2025-09-18;21/09/2025;19/10/2025;CLI-0106;EMP-501;ENT-MTL;BD-1060;8;0,00;13,80;291,44;Représentant
CMD-102631;2025-03-06;15/03/2025;06/05/2025;CLI-0012;EMP-501;ENT-QC;BD-1133;6;82,71;18,40;62,95;Téléphone
CMD-103742;2025-08-01;03/08/2025;13/09/2025;CLI-0130;EMP-508;ENT-MTL;BD-1131;29;52,89;21,10;37,08;Représentant
CMD-102612;04/03/2025;2025-03-06;19/04/2025;CLI-0020;EMP-508;ENT-MTL;BD-1047;2;102,83;3,50;71,53;Courriel
CMD-103651;2025-07-16;25/07/2025;17/09/2025;CLI-0169;EMP-507;ENT-MTL;BD-1021;1;311,26;14,40;242,82;Représentant
CMD-103608;09/07/2025;2025-07-16;18/08/2025;CLI-0059;EMP-504;ENT-MTL;BD-1031;13;422,63;18,60;300,62;Portail web
CMD-104222;2025-09-19;23/09/2025;31/10/2025;CLI-0180;EMP-509;ENT-QC;BD-1113;6;413,52;3,20;281,81;Téléphone
CMD-102955;21/04/2025;28/04/2025;2025-06-13;CLI-0115;EMP-509;ENT-SAG;BD-1055;8;294,70;10,30;213,75;Téléphone
CMD-102650;10/03/2025;15/03/2025;2025-05-22;CLI-0139;EMP-506;ENT-QC;BD-1012;3;108,27;11,00;69,62;Représentant
CMD-102386;14/01/2025;16-janv-25;01/03/2025;CLI-0108;EMP-503;ENT-QC;BD-1103;12;195,21;14,30;154,84;Représentant
CMD-104801;2025-11-11;16/11/2025;;CLI-0194;EMP-506;ENT-MTL;BD-1156;6;291,89;3,40;164,64;Portail web
CMD-102894;12/04/2025;2025-04-16;15/05/2025;CLI-0209;EMP-508;ENT-MTL;BD-1117;6;121,25;18,20;100,34;Téléphone
CMD-103010;28/04/2025;04-mai-25;16/06/2025;CLI-0199;EMP-504;ENT-MTL;BD-1030;4;159,24;13,00;100,96;Représentant
CMD-103506;25/06/2025;2025-06-28;19/07/2025;CLI-0006;EMP-505;ENT-MTL;BD-1062;12;159,82;11,10;135,59;Représentant
CMD-103214;21/05/2025;25/05/2025;11/07/2025;CLI-0131;EMP-502;ENT-QC;BD-1048;3;42,67;16,70;33,51;Représentant
CMD-102583;26/02/2025;02/03/2025;02/04/2025;CLI-0009;EMP-502;ENT-QC;BD-1088;4;503,62;20,00;342,90;Représentant
CMD-104260;23-sept-25;27/09/2025;12/11/2025;  CLI-0012;EMP-501;ENT-QC;BD-1057;9;24,18;19,00;23,20;Représentant
CMD-102740;2025-03-21;30/03/2025;03/05/2025;CLI-0209;EMP-508;ENT-QC;BD-1048;5;38,15;25,50;33,51;Salon
CMD-104091;09/09/2025;2025-09-14;13/10/2025;CLI-0073;EMP-501;ENT-MTL;BD-1042;2;371,61;15,80;267,02;Représentant
CMD-104727;03/11/2025;06/11/2025;02-déc-25;CLI-0090;EMP-505;ENT-MTL;BD-1095;8;89,80;13,40;64,62;Représentant
CMD-105072;23/12/2025;29/12/2025;;CLI-0147;EMP-506;ENT-QC;BD-1178;12;189,68;7,60;119,43;Représentant
CMD-104625;24/10/2025;26/10/2025;27/12/2025;CLI-0214;EMP-508;ENT-SAG;BD-1178;2;186,98;8,90;119,43;Portail web
CMD-104779;10/11/2025;15/11/2025;;CLI-0005;EMP-503;ENT-QC;BD-1080;3;314,84;4,80;208,57;Représentant
CMD-104570;2025-10-18;25/10/2025;04/12/2025;CLI-0081;EMP-502;ENT-MTL;BD-1041;3;225,03;11,20;163,24;Représentant
CMD-102614;04/03/2025;08/03/2025;2025-04-21;CLI-0080;EMP-506;ENT-QC;BD-1163;4;513,12;16,30;300,77;Représentant
CMD-102826;03-avr-25;10/04/2025;12/05/2025;CLI-0144;EMP-502;ENT-QC;BD-1117;3;129,28;12,70;100,34;Représentant
CMD-104322;29/09/2025;02/10/2025;2025-11-13;CLI-0054;EMP-507;ENT-QC;BD-1052;12;264,11;14,00;183,03;Téléphone
CMD-104698;30/10/2025;2025-11-05;;CLI-0196;EMP-506;ENT-QC;BD-1076;6;525,80;6,30;338,68;Portail web
CMD-105016;12-déc-25;17/12/2025;;CLI-0148;EMP-501;ENT-SAG;BD-1149;12;161,06;12,10;111,14;Portail web
CMD-103293;2025-05-29;05/06/2025;29/07/2025;CLI-0029;EMP-506;ENT-QC;BD-1110;15;227,01;20,00;182,67;Représentant
CMD-104334;30/09/2025;03/10/2025;23/11/2025;CLI-0137;EMP-503;ENT-QC;BD-1086;28;106,03;23,00;97,25;Représentant
CMD-102849;05/04/2025;10/04/2025;2025-06-02;CLI-0003;EMP-508;ENT-MTL;BD-1049;24;53,25;2,50;31,22;Représentant
CMD-102666;12/03/2025;2025-03-18;14/05/2025;CLI-0213;EMP-508;ENT-MTL;BD-1051;12;126,26;2,60;79,76;Représentant
CMD-104062;05/09/2025;10/09/2025;2025-10-21;CLI-0206;EMP-503;ENT-MTL;BD-1039;8;169,17;14,50;122,17;Téléphone
CMD-104922;27/11/2025;2025-12-04;;CLI-0015;EMP-509;ENT-QC;BD-1140;3;58,71;7,60;41,26;Représentant
CMD-103840;2025-08-13;22/08/2025;28/09/2025;CLI-0081;EMP-502;ENT-QC;BD-1012;8;102,86;15,50;69,62;Téléphone
CMD-103178;2025-05-16;20/05/2025;18/07/2025;CLI-0088;EMP-504;ENT-MTL;BD-1015;8;449,15;15,40;325,38;Portail web
CMD-104190;17-sept-25;26/09/2025;22/10/2025;CLI-0091;EMP-504;ENT-QC;BD-1022;2;443,94;2,30;298,47;Représentant
CMD-102509;11/02/2025;15/02/2025;30/03/2025;CLI-0141;EMP-502;ENT-SAG;BD-1045;4;111,12;15,20;78,37;Portail web
CMD-103891;19/08/2025;25-août-25;;CLI-0089;EMP-502;ENT-QC;BD-1182;6;83,54;23,30;58,06;Portail web
CMD-104129;11/09/2025;18/09/2025;2025-10-24;CLI-0103;EMP-502;ENT-MTL;BD-1048;4;46,72;8,80;33,51;Représentant
CMD-104597;2025-10-22;26/10/2025;;CLI-0103;EMP-502;ENT-MTL;BD-1073;1;436,14;3,00;307,22;Portail web
CMD-102397;16/01/2025;21/01/2025;25/02/2025;CLI-0184;EMP-503;ENT-MTL;BD-1108;6;256,67;6,00;169,96;Téléphone
CMD-103430;16/06/2025;2025-06-20;02/08/2025;CLI-0055;EMP-506;ENT-MTL;BD-1052;3;287,39;6,40;183,03;Représentant
CMD-104064;06/09/2025;2025-09-12;08/10/2025;CLI-0130;EMP-508;ENT-MTL;BD-1164;9;155,62;20,20;100,45;Représentant
CMD-103103;07/05/2025;15-mai-25;30/06/2025;CLI-0209;EMP-508;ENT-MTL;BD-1018;11;378,01;18,70;247,17;Représentant
CMD-103972;27-août-25;29/08/2025;29/10/2025;CLI-0191;EMP-504;ENT-SAG;BD-1025;3;208,81;10,70;149,35;Représentant
CMD-104886;21/11/2025;27-nov-25;;CLI-0073;EMP-501;ENT-MTL;BD-1148;2;405,57;11,80;302,28;Courriel
CMD-103023;29/04/2025;2025-05-08;01/06/2025;CLI-0154;EMP-507;ENT-QC;BD-1056;8;423,71;13,90;293,14;Représentant
CMD-102774;2025-03-27;05/04/2025;19/05/2025;CLI-0217;EMP-506;ENT-SAG;BD-1178;5;160,14;22,00;119,43;Représentant
CMD-103218;21/05/2025;30/05/2025;06-juil-25;CLI-0217;EMP-506;ENT-SAG;BD-1119;26;72,68;20,80;59,67;Représentant
CMD-103232;2025-05-22;26/05/2025;11/07/2025;CLI-0025;EMP-509;ENT-SAG;BD-1103;4;204,53;10,20;154,84;Représentant
CMD-104874;20/11/2025;24/11/2025;;CLI-0171;EMP-507;ENT-SAG;BD-1131;3;61,22;8,70;37,08;Téléphone
CMD-104949;2025-12-01;08/12/2025;;CLI-0005;EMP-503;ENT-SAG;BD-1087;4;363,80;5,70;215,66;Représentant
CMD-102539;17/02/2025;23/02/2025;2025-03-22;CLI-0208;EMP-507;ENT-MTL;BD-1148;3;404,33;12,10;302,28;Téléphone
CMD-103955;26/08/2025;2025-09-02;14/10/2025;CLI-0197;EMP-507;ENT-MTL;BD-1145;1;176,03;4,40;111,12;Représentant
CMD-103770;06-août-25;13/08/2025;20/09/2025;CLI-0126;EMP-502;ENT-MTL;BD-1057;1;24,92;16,50;23,20;Représentant
CMD-104454;2025-10-09;13/10/2025;04/11/2025;CLI-0194;EMP-506;ENT-SAG;BD-1124;3;240,79;5,60;153,77;Portail web
CMD-102531;2025-02-14;18/02/2025;13/04/2025;CLI-0033;EMP-504;ENT-QC;BD-1160;2;70,35;10,70;41,56;Représentant
CMD-103189;19/05/2025;25/05/2025;2025-07-10;CLI-0217;EMP-506;ENT-MTL;BD-1064;20;101,54;18,90;70,89;Représentant
CMD-104298;2025-09-26;28/09/2025;23/11/2025;CLI-0032;EMP-504;ENT-QC;BD-1080;24;320,55;3,00;208,57;Téléphone
CMD-102725;2025-03-19;24/03/2025;07/05/2025;CLI-0188;EMP-506;ENT-MTL;BD-1010;6;145,86;10,50;88,91;Portail web
CMD-103315;31-mai-25;07/06/2025;10/08/2025;CLI-0174;EMP-502;ENT-QC;BD-1024;3;324,82;2,80;189,35;Représentant
CMD-102340;2025-01-03;10/01/2025;08/03/2025;CLI-0074;EMP-507;ENT-MTL;BD-1150;13;502,77;19,70;347,06;Représentant
CMD-104584;21/10/2025;28/10/2025;17-nov-25;CLI-0026;EMP-506;ENT-QC;BD-1135;4;61,82;15,70;40,73;Portail web
CMD-104644;2025-10-27;05/11/2025;;CLI-0217;EMP-506;ENT-SAG;BD-1108;7;203,45;25,50;169,96;Représentant
CMD-102887;11/04/2025;2025-04-14;18/06/2025;CLI-0029;EMP-506;ENT-SAG;BD-1036;23;205,22;20,10;162,40;Portail web
CMD-104740;04/11/2025;2025-11-09;13/12/2025;CLI-0104;EMP-501;ENT-QC;BD-1133;2;97,84;3,50;62,95;Représentant
CMD-102931;17/04/2025;24/04/2025;21-juin-25;CLI-0083;EMP-507;ENT-QC;BD-1059;8;490,92;6,90;331,76;Représentant
CMD-103155;14/05/2025;21/05/2025;14/06/2025;CLI-0040;EMP-509;ENT-QC;BD-1021;6;312,64;14,00;242,82;Représentant
CMD-103449;2025-06-18;26/06/2025;05/08/2025;CLI-0095;EMP-505;ENT-QC;BD-1040;8;408,98;7,20;274,41;Portail web
CMD-105083;24/12/2025;27-déc-25;;CLI-0117;EMP-504;ENT-MTL;BD-1159;2;272,11;5,80;169,65;Représentant
CMD-104324;29/09/2025;01/10/2025;15/11/2025;CLI-0091;EMP-504;ENT-MTL;BD-1127;3;285,55;5,20;174,31;Représentant
CMD-104666;2025-10-28;04/11/2025;;CLI-0012;EMP-501;ENT-QC;BD-1133;8;79,77;21,30;62,95;Portail web
CMD-103763;05/08/2025;09/08/2025;;CLI-0165;EMP-507;ENT-MTL;BD-1049;6;49,90;8,70;31,22;Téléphone
CMD-104150;13/09/2025;15/09/2025;;CLI-0074;EMP-507;ENT-MTL;BD-1055;16;262,01;20,20;213,75;Représentant
CMD-103812;11/08/2025;2025-08-17;02/10/2025;CLI-0136;EMP-507;ENT-MTL;BD-1006;2;286,71;14,40;182,47;Téléphone
CMD-104302;26/09/2025;05/10/2025;22/11/2025;CLI-0118;EMP-504;ENT-SAG;BD-1080;3;294,50;10,90;208,57;Portail web
CMD-103128;10/05/2025;17/05/2025;14-juin-25;CLI-0132;EMP-507;ENT-MTL;BD-1043;2;438,12;17,00;300,28;Représentant
CMD-104449;;17/10/2025;2025-11-21;CLI-0187;EMP-507;ENT-MTL;BD-1080;2;275,63;16,60;208,57;Représentant
CMD-104519;15/10/2025;2025-10-23;;CLI-0007;EMP-508;ENT-QC;BD-1171;3;146,66;7,40;85,46;Représentant
CMD-103191;19/05/2025;22/05/2025;2025-07-22;CLI-0001;EMP-508;ENT-MTL;BD-1118;12;472,98;4,80;343,17;Représentant
CMD-104855;19/11/2025;2025-11-24;22/12/2025;CLI-0127;EMP-503;ENT-MTL;BD-1134;2;95,91;12,80;61,77;Salon
CMD-104276;24/09/2025;27/09/2025;2025-11-06;CLI-0127;EMP-503;ENT-MTL;BD-1085;3;58,53;12,90;49,28;Téléphone
CMD-102877;10/04/2025;18/04/2025;2025-06-08;CLI-0029;EMP-506;ENT-MTL;BD-1158;19;268,55;23,20;184,61;Représentant
CMD-105118;30/12/2025;2026-01-03;;CLI-0080;EMP-506;ENT-MTL;BD-1135;8;61,28;16,40;40,73;Représentant
CMD-103416;13/06/2025;19-juin-25;10/08/2025;CLI-0144;EMP-502;ENT-MTL;BD-1172;6;348,08;16,80;221,22;Représentant
CMD-104054;05/09/2025;2025-09-07;09/10/2025;CLI-0193;EMP-509;ENT-QC;BD-1176;12;540,77;14,20;328,78;Représentant
CMD-103294;29-mai-25;03/06/2025;13/07/2025;CLI-0051;EMP-509;ENT-MTL;BD-1128;2;132,62;8,40;78,87;Représentant
CMD-102858;07/04/2025;13/04/2025;2025-06-10;CLI-0056;EMP-502;ENT-MTL;BD-1036;81;209,91;18,30;162,40;Portail web
CMD-103303;2025-05-30;08/06/2025;08/07/2025;CLI-0106;EMP-501;ENT-MTL;BD-1109;2;400,00;13,10;310,20;Portail web
CMD-104206;18/09/2025;2025-09-22;02/12/2025;CLI-0191;EMP-504;ENT-MTL;BD-1081;12;532,29;10,30;364,83;Téléphone
CMD-103592;2025-07-07;16/07/2025;05/08/2025;CLI-0167;EMP-506;ENT-SAG;BD-1003;1;277,52;6,90;227,23;Portail web
CMD-104327;29/09/2025;05/10/2025;07/11/2025;cli-0012;EMP-501;ENT-MTL;BD-1174;9;240,82;18,40;169,01;Représentant
CMD-104013;02/09/2025;10/09/2025;2025-11-09;CLI-0089;EMP-502;ENT-MTL;BD-1095;14;77,64;25,10;64,62;Représentant
CMD-104293;25/09/2025;29-sept-25;22/11/2025;CLI-0076;EMP-507;ENT-MTL;BD-1072;10;307,13;22,40;236,88;Portail web
CMD-104249;22/09/2025;25/09/2025;07/11/2025;CLI-0053;EMP-509;ENT-QC;BD-1046;12;429,26;10,10;372,17;Téléphone
CMD-104176;16-sept-25;18/09/2025;12/11/2025;CLI-0217;EMP-506;ENT-MTL;BD-1055;33;247,87;24,50;213,75;Courriel
CMD-104896;24/11/2025;2025-11-30;;CLI-0165;EMP-507;ENT-QC;BD-1148;1;436,36;5,10;302,28;Portail web
CMD-104205;18/09/2025;26/09/2025;;CLI-0080;EMP-506;ENT-SAG;BD-1076;8;485,29;13,50;338,68;Portail web
CMD-102771;27-mars-25;02/04/2025;19/05/2025;CLI-0055;EMP-506;ENT-MTL;BD-1087;1;360,72;6,50;215,66;Téléphone
CMD-104012;2025-09-02;11/09/2025;04/10/2025;CLI-0087;EMP-502;ENT-MTL;BD-1069;12;348,46;12,60;239,15;Courriel
CMD-102840;04/04/2025;06/04/2025;23-mai-25;CLI-0042;EMP-505;ENT-SAG;BD-1175;24;146,98;13,40;96,85;Courriel
CMD-104465;10-oct-25;15/10/2025;09/12/2025;CLI-0120;EMP-509;ENT-MTL;BD-1148;2;418,90;8,90;302,28;Portail web
CMD-102437;24/01/2025;01/02/2025;21/03/2025;CLI-0136;EMP-507;ENT-SAG;BD-1011;6;439,07;16,40;294,52;Salon
CMD-104931;27-nov-25;01/12/2025;;CLI-0166;EMP-503;ENT-MTL;BD-1116;2;78,96;10,90;60,17;Courriel
CMD-104289;25/09/2025;01/10/2025;11-nov-25;CLI-0012;EMP-501;ENT-SAG;BD-1062;12;139,06;22,60;135,59;Courriel
CMD-103648;16/07/2025;23/07/2025;02/09/2025;CLI-0121;EMP-508;ENT-QC;BD-1067;3;37,16;10,70;28,64;Portail web
CMD-102798;31/03/2025;08-avr-25;17/05/2025;CLI-0006;EMP-505;ENT-SAG;BD-1129;3;62,48;13,10;46,45;Représentant
CMD-104822;14/11/2025;19/11/2025;;CLI-0009;EMP-502;ENT-QC;BD-1068;15;455,63;19,20;342,49;Représentant
CMD-105011;12/12/2025;20/12/2025;;CLI-0063;EMP-503;ENT-MTL;BD-1090;12;81,70;14,80;69,37;Portail web
CMD-102956;21/04/2025;28-avr-25;29/05/2025;CLI-0070;EMP-503;ENT-MTL;BD-1012;24;119,13;2,10;69,62;Portail web
CMD-104712;31/10/2025;2025-11-02;17/12/2025;CLI-0097;EMP-504;ENT-SAG;BD-1092;2;268,25;4,90;168,72;Courriel
CMD-104394;2025-10-04;10/10/2025;17/11/2025;CLI-0137;EMP-503;ENT-QC;BD-1079;21;213,78;18,90;147,87;Représentant
CMD-104042;04/09/2025;08/09/2025;2025-10-05;CLI-0006;EMP-505;ENT-MTL;BD-1165;24;162,69;11,60;107,92;Portail web
CMD-104315;27/09/2025;04/10/2025;2025-11-24;CLI-0059;EMP-504;ENT-QC;BD-1083;4;231,39;24,70;189,32;Portail web
CMD-102473;01/02/2025;09/02/2025;;CLI-0071;EMP-503;ENT-QC;BD-1042;24;403,42;8,60;267,02;Représentant
CMD-102824;02/04/2025;09/04/2025;10/05/2025;CLI-0076;EMP-507;ENT-QC;BD-1131;7;53,92;19,60;37,08;Représentant
CMD-102890;11/04/2025;2025-04-16;18/06/2025;CLI-0075;EMP-506;ENT-MTL;BD-1060;12;383,15;3,20;246,98;Représentant
CMD-102781;28/03/2025;2025-04-01;27/05/2025;CLI-0133;EMP-508;ENT-QC;BD-1053;24;272,60;16,70;180,55;Téléphone
CMD-104793;11/11/2025;17/11/2025;;CLI-0171;EMP-507;ENT-QC;BD-1089;2;308,55;2,50;189,92;Téléphone
CMD-104949;2025-12-01;08/12/2025;;CLI-0005;EMP-503;ENT-SAG;BD-1102;6;457,19;5,70;260,69;Représentant
CMD-104725;03/11/2025;2025-11-05;19/12/2025;CLI-0009;EMP-502;ENT-QC;BD-1137;5;34,61;19,10;25,59;Représentant
CMD-103680;21/07/2025;24/07/2025;2025-10-05;CLI-0066;EMP-507;ENT-MTL;BD-1174;1;262,39;11,10;169,01;Représentant
CMD-104060;05/09/2025;08/09/2025;24/10/2025;CLI-0193;EMP-509;ENT-QC;BD-1063;6;312,07;15,30;247,24;Portail web
CMD-104452;09/10/2025;2025-10-18;08/12/2025;CLI-0157;EMP-502;ENT-QC;BD-1085;2;57,96;13,80;49,28;Représentant
CMD-104702;31/10/2025;06/11/2025;;CLI-0029;EMP-506;ENT-MTL;BD-1153;48;154,47;23,00;116,00;Téléphone
CMD-103629;11/07/2025;13/07/2025;2025-08-26;CLI-0105;EMP-502;ENT-MTL;BD-1003;4;282,47;5,30;227,23;Représentant
CMD-102537;17/02/2025;23/02/2025;08/04/2025;CLI-0153;EMP-507;ENT-QC;BD-1181;24;528,31;15,40;312,40;Représentant
CMD-103084;2025-05-06;12/05/2025;30/06/2025;CLI-0207;EMP-501;ENT-MTL;BD-1053;1;300,51;8,10;180,55;Représentant
CMD-103858;15/08/2025;20/08/2025;2025-09-25;CLI-0089;EMP-502;ENT-MTL;BD-1004;15;210,44;23,20;158,83;Représentant
CMD-104177;16/09/2025;2025-09-20;24/10/2025;CLI-0183;EMP-506;ENT-QC;BD-1074;24;181,87;6,30;130,44;Portail web
CMD-104711;31/10/2025;09/11/2025;2025-12-17;CLI-0158;EMP-507;ENT-MTL;BD-1076;4;511,65;8,80;338,68;Courriel
CMD-103415;13-juin-25;16/06/2025;23/07/2025;CLI-0153;EMP-507;ENT-QC;BD-1111;2;185,80;16,10;148,90;Courriel
CMD-104956;01/12/2025;08/12/2025;;CLI-0204;EMP-506;ENT-QC;BD-1073;2;419,36;6,80;307,22;Portail web
CMD-105061;20/12/2025;2025-12-23;;CLI-0018;EMP-503;ENT-MTL;BD-1081;12;563,68;5,00;364,83;Représentant
CMD-104097;09/09/2025;17/09/2025;2025-11-22;CLI-0041;EMP-508;ENT-MTL;BD-1051;8;116,16;10,40;79,76;Portail web
CMD-103444;17/06/2025;2025-06-19;23/07/2025;CLI-0217;EMP-506;ENT-MTL;BD-1034;8;178,42;24,90;182,99;Téléphone
CMD-104266;23/09/2025;01/10/2025;28/11/2025;CLI-0169;EMP-507;ENT-SAG;BD-1041;1;218,99;13,60;163,24;Courriel
CMD-104058;05/09/2025;2025-09-12;25/10/2025;CLI-0047;EMP-508;ENT-MTL;BD-1102;6;404,73;16,50;260,69;Téléphone
CMD-105046;18/12/2025;2025-12-27;;CLI-0037;EMP-504;ENT-QC;BD-1073;17;344,57;23,40;307,22;Représentant
CMD-103717;29/07/2025;31-juil-25;17/09/2025;CLI-0121;EMP-508;ENT-MTL;BD-1059;2;449,71;14,70;391,48;Portail web
CMD-102716;18/03/2025;26/03/2025;2025-05-24;CLI-0196;EMP-506;ENT-MTL;BD-1170;3;34,13;2,90;16,95;Représentant
CMD-103916;2025-08-20;28/08/2025;01/10/2025;CLI-0209;EMP-508;ENT-SAG;BD-1052;6;248,18;19,20;183,03;Courriel
CMD-102528;14/02/2025;2025-02-17;10/03/2025;CLI-0037;EMP-504;ENT-QC;BD-1108;14;208,42;23,70;169,96;Représentant
CMD-104250;22/09/2025;28/09/2025;2025-11-15;CLI-0209;EMP-508;ENT-MTL;BD-1096;4;224,07;24,30;205,70;Portail web
CMD-104303;26/09/2025;2025-10-01;19/11/2025;CLI-0005;EMP-503;ENT-SAG;BD-1072;3;363,28;8,20;236,88;Représentant
CMD-103974;27/08/2025;01/09/2025;06/10/2025;  CLI-0089;EMP-502;ENT-MTL;BD-1008;6;189,05;19,20;155,34;Courriel
CMD-104916;2025-11-26;02/12/2025;;CLI-0139;EMP-506;ENT-MTL;BD-1144;24;153,31;14,10;98,33;Représentant
CMD-103695;2025-07-23;01/08/2025;26/09/2025;CLI-0135;EMP-506;ENT-QC;BD-1035;4;42,58;12,00;30,63;Portail web
CMD-103200;2025-05-19;27/05/2025;28/07/2025;CLI-0185;EMP-508;ENT-SAG;BD-1129;10;58,71;18,30;46,45;Portail web
CMD-103957;2025-08-26;28/08/2025;14/10/2025;CLI-0001;EMP-508;ENT-SAG;BD-1002;4;449,18;4,10;298,72;Téléphone
CMD-103363;07/06/2025;2025-06-16;29/07/2025;CLI-0212;EMP-507;ENT-MTL;BD-1020;19;44,77;22,10;33,12;Téléphone
CMD-105094;25/12/2025;2026-01-03;;CLI-0099;EMP-505;ENT-MTL;BD-1093;9;182,93;18,30;159,25;Représentant
CMD-104698;30/10/2025;05/11/2025;;CLI-0196;EMP-506;ENT-QC;BD-1083;12;287,93;6,30;189,32;Représentant
CMD-104609;23/10/2025;28-oct-25;12/12/2025;CLI-0110;EMP-507;ENT-QC;BD-1179;3;401,20;7,00;231,35;Représentant
CMD-102766;2025-03-26;28/03/2025;23/05/2025;CLI-0156;EMP-502;ENT-SAG;BD-1166;3;399,68;3,80;217,35;Représentant
CMD-103742;2025-08-01;03/08/2025;13/09/2025;CLI-0130;EMP-508;ENT-MTL;BD-1155;18;427,46;21,10;329,15;Téléphone
CMD-102558;2025-02-20;24/02/2025;18/03/2025;CLI-0009;EMP-502;ENT-QC;BD-1119;10;68,09;25,80;59,67;Portail web
CMD-102375;11/01/2025;13/01/2025;02-févr-25;CLI-0009;EMP-502;ENT-MTL;BD-1157;3;42,65;18,50;25,21;Représentant
CMD-102738;21/03/2025;2025-03-23;19/05/2025;CLI-0037;EMP-504;ENT-QC;BD-1099;21;402,62;18,90;293,70;Courriel
CMD-104340;30/09/2025;07/10/2025;2025-11-12;CLI-0195;EMP-506;ENT-QC;BD-1062;2;149,90;16,60;135,59;Portail web
CMD-103442;2025-06-17;22/06/2025;21/08/2025;CLI-0153;EMP-507;ENT-QC;BD-1010;12;140,66;13,70;88,91;Représentant
CMD-104405;06/10/2025;15/10/2025;12/11/2025;CLI-0009;EMP-502;ENT-QC;BD-1092;8;229,38;18,70;168,72;Représentant
CMD-102486;05/02/2025;12/02/2025;2025-03-22;CLI-0139;EMP-506;ENT-MTL;BD-1182;1;94,08;13,60;58,06;Représentant
CMD-105120;30/12/2025;05/01/2026;;CLI-0171;EMP-507;ENT-QC;BD-1067;8;40,54;2,50;28,64;Portail web
CMD-103146;13/05/2025;2025-05-17;16/06/2025;CLI-0085;EMP-503;ENT-MTL;BD-1013;24;504,11;2,30;315,34;Salon
CMD-104424;07/10/2025;10/10/2025;06/12/2025;CLI-0090;EMP-505;ENT-SAG;BD-1093;4;195,11;12,80;159,25;Téléphone
CMD-103201;2025-05-20;24/05/2025;06/07/2025;CLI-0035;EMP-503;ENT-MTL;BD-1057;1;25,18;15,60;23,20;Représentant
CMD-103274;27/05/2025;03/06/2025;2025-07-25;CLI-0164;EMP-509;ENT-QC;BD-1122;8;323,27;5,30;212,67;Portail web
CMD-104208;18/09/2025;25-sept-25;21/11/2025;CLI-0157;EMP-502;ENT-MTL;BD-1136;6;177,99;14,30;112,45;Portail web
CMD-104715;31/10/2025;2025-11-04;;CLI-0089;EMP-502;ENT-QC;BD-1146;4;283,34;24,60;225,52;Représentant
CMD-103033;30-avr-25;04/05/2025;11/07/2025;CLI-0130;EMP-508;ENT-MTL;BD-1039;40;154,65;21,90;122,17;Représentant
CMD-102668;12/03/2025;2025-03-21;01/05/2025;CLI-0158;EMP-507;ENT-QC;BD-1182;3;102,13;6,20;58,06;Téléphone
CMD-102938;2025-04-17;26/04/2025;05/06/2025;CLI-0081;EMP-502;ENT-MTL;BD-1099;4;427,77;13,80;293,70;Portail web
CMD-103334;2025-06-03;10/06/2025;01/08/2025;CLI-0147;EMP-506;ENT-SAG;BD-1143;12;366,14;2,40;220,45;Téléphone
CMD-102860;07/04/2025;14-avr-25;02/05/2025;CLI-0162;EMP-508;ENT-QC;BD-1149;2;156,62;14,50;111,14;Représentant
CMD-102395;16/01/2025;23/01/2025;2025-02-24;CLI-0134;EMP-509;ENT-MTL;BD-1156;2;288,72;4,40;164,64;Téléphone
CMD-104451;09/10/2025;2025-10-17;03/12/2025;CLI-0002;EMP-509;ENT-QC;BD-1062;1;166,58;7,30;135,59;Téléphone
CMD-104224;19/09/2025;2025-09-28;03/11/2025;CLI-0099;EMP-505;ENT-QC;BD-1092;17;227,07;19,50;168,72;Salon
CMD-104797;11/11/2025;15-nov-25;28/12/2025;CLI-0118;EMP-504;ENT-QC;BD-1014;12;37,61;15,80;27,18;Représentant
CMD-104152;2025-09-13;17/09/2025;24/10/2025;CLI-0029;EMP-506;ENT-SAG;BD-1124;15;193,20;24,20;153,77;Téléphone
CMD-102685;13/03/2025;2025-03-15;20/05/2025;CLI-0022;EMP-506;ENT-QC;BD-1108;12;257,31;5,80;169,96;Portail web
CMD-102677;2025-03-12;18/03/2025;10/05/2025;CLI-0208;EMP-507;ENT-MTL;BD-1039;8;176,24;11,00;122,17;Téléphone
CMD-104039;04/09/2025;08/09/2025;09-oct-25;CLI-0127;EMP-503;ENT-MTL;BD-1068;2;497,76;11,70;342,49;Représentant
CMD-104906;2025-11-25;30/11/2025;;CLI-0217;EMP-506;ENT-MTL;BD-1054;25;360,80;22,60;262,94;Représentant
CMD-104708;31/10/2025;2025-11-08;23/12/2025;CLI-0112;EMP-505;ENT-MTL;BD-1084;3;510,93;12,00;375,89;Représentant
CMD-102731;20-mars-25;28/03/2025;06/05/2025;CLI-0020;EMP-508;ENT-QC;BD-1093;4;204,37;8,70;134,96;Représentant
CMD-102771;27/03/2025;02/04/2025;19/05/2025;CLI-0055;EMP-506;ENT-MTL;BD-1106;12;496,14;6,50;340,08;Représentant
CMD-102833;2025-04-03;06/04/2025;31/05/2025;CLI-0037;EMP-504;ENT-MTL;BD-1175;27;137,36;19,10;96,85;Représentant
CMD-104135;12/09/2025;15-sept-25;24/10/2025;CLI-0191;EMP-504;ENT-MTL;BD-1141;24;426,62;14,50;314,24;Représentant
CMD-104320;2025-09-29;05/10/2025;28/11/2025;CLI-0185;EMP-508;ENT-QC;BD-1036;18;197,36;23,10;191,63;Représentant
CMD-104690;30/10/2025;02/11/2025;29/12/2025;CLI-0023;EMP-505;ENT-MTL;BD-1151;1;150,82;5,10;92,25;Portail web
CMD-104282;2025-09-25;04/10/2025;07/12/2025;CLI-0099;EMP-505;ENT-QC;BD-1075;3;82,61;18,00;71,97;Courriel
CMD-103197;19/05/2025;2025-05-21;14/07/2025;CLI-0048;EMP-508;ENT-MTL;BD-1117;4;130,84;11,70;100,34;Représentant
CMD-104076;08/09/2025;17/09/2025;2025-10-09;CLI-0063;EMP-503;ENT-MTL;BD-1044;6;282,04;12,70;199,55;Représentant
CMD-104679;29/10/2025;2025-11-07;16/12/2025;CLI-0041;EMP-508;ENT-MTL;BD-1154;1;470,88;11,90;329,92;Représentant
CMD-104004;01/09/2025;07/09/2025;2025-10-18;CLI-0099;EMP-505;ENT-QC;BD-1087;17;301,46;21,90;215,66;Représentant
CMD-103955;26/08/2025;02/09/2025;14-oct-25;CLI-0197;EMP-507;ENT-MTL;BD-1158;4;334,10;4,40;184,61;Représentant
CMD-103324;02/06/2025;06/06/2025;06/08/2025;CLI-0027;EMP-502;ENT-SAG;BD-1011;2;498,12;5,20;294,52;Portail web
CMD-103137;12/05/2025;14/05/2025;30/06/2025;CLI-0204;EMP-506;ENT-MTL;BD-1033;12;171,91;8,30;113,22;Représentant
CMD-102402;16-janv-25;24/01/2025;27/02/2025;CLI-0067;EMP-502;ENT-MTL;BD-1166;4;347,43;16,40;217,35;Portail web
CMD-102684;13/03/2025;18/03/2025;2025-05-20;CLI-0219;EMP-505;ENT-MTL;BD-1150;2;590,71;5,60;347,06;Représentant
CMD-104293;25/09/2025;2025-09-29;22/11/2025;CLI-0076;EMP-507;ENT-MTL;BD-1082;11;368,82;22,40;335,40;Courriel
CMD-105103;2025-12-26;03/01/2026;;CLI-0099;EMP-505;ENT-QC;BD-1089;3;253,28;20,00;189,92;Portail web
CMD-103045;2025-04-30;03/05/2025;16/06/2025;CLI-0029;EMP-506;ENT-SAG;BD-1054;13;352,42;24,40;262,94;Représentant
CMD-102917;15/04/2025;17-avr-25;18/05/2025;CLI-0167;EMP-506;ENT-MTL;BD-1155;24;514,53;5,00;329,15;Représentant
CMD-103894;2025-08-19;21/08/2025;26/10/2025;CLI-0209;EMP-508;ENT-MTL;BD-1118;12;382,00;23,20;343,17;Représentant
CMD-104687;30/10/2025;08/11/2025;2025-12-29;CLI-0117;EMP-504;ENT-QC;BD-1065;6;242,09;2,90;155,19;Représentant
CMD-103136;2025-05-12;19/05/2025;27/06/2025;CLI-0056;EMP-502;ENT-MTL;BD-1022;8;371,33;18,30;298,47;Téléphone
CMD-104557;17/10/2025;19/10/2025;03-déc-25;CLI-0201;EMP-504;ENT-SAG;BD-1137;24;39,38;8,00;25,59;Représentant
CMD-103367;2025-06-09;11/06/2025;12/08/2025;CLI-0099;EMP-505;ENT-QC;BD-1032;7;448,33;18,10;409,59;Représentant
CMD-102516;12/02/2025;21/02/2025;2025-03-17;CLI-0084;EMP-503;ENT-MTL;BD-9889;1;45,70;12,70;25,21;Téléphone
CMD-102782;2025-03-28;05/04/2025;22/05/2025;CLI-0116;EMP-509;ENT-MTL;BD-1100;12;474,73;11,50;312,88;Téléphone
CMD-102984;2025-04-24;26/04/2025;19/06/2025;CLI-0173;EMP-508;ENT-QC;BD-1144;8;152,28;14,70;98,33;Salon
CMD-103969;27/08/2025;2025-09-03;27/09/2025;CLI-0106;EMP-501;ENT-MTL;BD-1058;8;218,58;10,70;149,54;Portail web
CMD-103580;04/07/2025;2025-07-11;02/08/2025;CLI-0138;EMP-506;ENT-MTL;BD-1120;2;276,03;7,00;186,72;Représentant
CMD-104485;13/10/2025;22/10/2025;;CLI-0029;EMP-506;ENT-MTL;BD-1081;12;469,03;20,90;364,83;Portail web
CMD-103002;25/04/2025;03/05/2025;30/05/2025;CLI-0190;EMP-504;ENT-QC;BD-1171;6;145,95;7,80;85,46;Représentant
CMD-104721;03/11/2025;12/11/2025;;CLI-0137;EMP-503;ENT-MTL;BD-1073;6;338,48;24,70;307,22;Courriel
CMD-105043;2025-12-18;24/12/2025;;CLI-0012;EMP-501;ENT-QC;BD-1129;2;53,76;25,20;46,45;Représentant
CMD-103980;28-août-25;30/08/2025;11/10/2025;CLI-0099;EMP-505;ENT-QC;BD-1181;6;504,17;19,30;312,40;Représentant
CMD-103871;16/08/2025;2025-08-20;27/09/2025;CLI-0134;EMP-509;ENT-QC;BD-1072;2;385,83;2,50;236,88;Représentant
CMD-102612;04/03/2025;2025-03-06;19/04/2025;CLI-0020;EMP-508;ENT-MTL;BD-1135;6;70,72;3,50;40,73;Portail web
CMD-103436;16/06/2025;24/06/2025;2025-07-26;CLI-0038;EMP-507;ENT-SAG;BD-1063;2;312,31;15,20;247,24;Représentant
CMD-103913;20-août-25;27/08/2025;23/10/2025;CLI-0154;EMP-507;ENT-QC;BD-1048;6;43,37;15,30;33,51;Courriel
CMD-102537;17/02/2025;23/02/2025;08-avr-25;CLI-0153;EMP-507;ENT-QC;BD-1033;2;158,44;15,40;113,22;Représentant
CMD-103347;04/06/2025;06/06/2025;18-juil-25;CLI-0042;EMP-505;ENT-QC;BD-1108;4;245,03;10,30;169,96;Portail web
CMD-103249;24/05/2025;01/06/2025;;CLI-0144;EMP-502;ENT-MTL;BD-1051;8;116,42;10,20;79,76;Portail web
CMD-102533;14/02/2025;16/02/2025;;CLI-0142;EMP-508;ENT-QC;BD-1169;4;553,47;4,00;282,28;Représentant
CMD-102548;18/02/2025;24/02/2025;2025-04-08;CLI-0185;EMP-508;ENT-QC;BD-1125;4;357,16;18,80;291,24;Représentant
CMD-104185;2025-09-17;22/09/2025;09/11/2025;CLI-0180;EMP-509;ENT-MTL;BD-1053;3;319,78;2,30;180,55;Portail web
CMD-104417;07/10/2025;2025-10-11;12/12/2025;CLI-0023;EMP-505;ENT-MTL;BD-1144;6;169,84;4,90;98,33;Représentant
CMD-104863;20/11/2025;26/11/2025;;CLI-0047;EMP-508;ENT-QC;BD-1144;4;152,53;14,60;98,33;Représentant
CMD-102497;2025-02-07;16/02/2025;09/04/2025;CLI-0099;EMP-505;ENT-MTL;BD-1077;25;263,37;23,00;171,09;Téléphone
CMD-102669;2025-03-12;21/03/2025;30/04/2025;CLI-0198;EMP-504;ENT-MTL;BD-1151;1;152,27;4,20;92,25;Représentant
CMD-103565;02/07/2025;08/07/2025;08/09/2025;CLI-0017;EMP-507;ENT-QC;BD-1125;8;392,26;10,80;291,24;Portail web
CMD-104662;28/10/2025;30-oct-25;23/12/2025;CLI-0056;EMP-502;ENT-MTL;BD-1048;7;41,89;18,20;33,51;Représentant
CMD-104303;26/09/2025;2025-10-01;19/11/2025;CLI-0005;EMP-503;ENT-SAG;BD-1121;3;71,46;8,20;44,65;Courriel
CMD-104098;09/09/2025;2025-09-15;27/10/2025;CLI-0044;EMP-505;ENT-QC;BD-1055;6;281,88;14,20;213,75;Représentant
CMD-104195;17/09/2025;23-sept-25;23/10/2025;CLI-0076;EMP-507;ENT-QC;BD-1094;36;165,54;18,80;124,30;Téléphone
CMD-102752;24/03/2025;02-avr-25;08/05/2025;CLI-0012;EMP-501;ENT-QC;BD-1113;7;319,22;25,20;281,81;Représentant
CMD-103621;2025-07-10;15/07/2025;27/09/2025;CLI-0037;EMP-504;ENT-QC;BD-1023;70;300,79;20,30;244,32;Téléphone
CMD-103486;23/06/2025;26-juin-25;09/09/2025;CLI-0212;EMP-507;ENT-QC;BD-1092;3;211,78;25,00;168,72;Représentant
CMD-103530;2025-06-27;29/06/2025;19/08/2025;CLI-0188;EMP-506;ENT-MTL;BD-1124;4;212,52;16,60;153,77;Portail web
CMD-103353;06/06/2025;2025-06-11;22/07/2025;CLI-0139;EMP-506;ENT-MTL;BD-1120;2;248,67;16,20;186,72;Représentant
CMD-102504;10/02/2025;12/02/2025;17/04/2025;CLI-0169;EMP-507;ENT-SAG;BD-1035;3;41,05;15,20;30,63;Représentant
CMD-104946;29/11/2025;04/12/2025;2025-12-19;CLI-0206;EMP-503;ENT-QC;BD-1128;2;125,29;13,50;78,87;Représentant
CMD-105116;30/12/2025;05/01/2026;;CLI-0040;EMP-509;ENT-MTL;BD-1176;2;549,25;12,90;328,78;Représentant
CMD-103259;26/05/2025;30-mai-25;24/07/2025;CLI-0059;EMP-504;ENT-SAG;BD-1042;12;331,56;24,90;267,02;Représentant
CMD-103396;12/06/2025;18/06/2025;23-juil-25;CLI-0093;EMP-508;ENT-MTL;BD-1024;1;278,85;16,60;189,35;Portail web
CMD-103335;04/06/2025;13/06/2025;28-juil-25;CLI-0051;EMP-509;ENT-MTL;BD-1003;6;281,87;5,50;227,23;Représentant
CMD-104671;28/10/2025;04-nov-25;;CLI-0050;EMP-502;ENT-QC;BD-1095;8;90,72;12,50;64,62;Représentant
CMD-103914;20/08/2025;22/08/2025;2025-11-12;CLI-0075;EMP-506;ENT-MTL;BD-1176;3;583,79;7,40;328,78;Téléphone
CMD-103447;2025-06-17;22/06/2025;04/08/2025;CLI-0171;EMP-507;ENT-MTL;BD-1126;2;187,24;7,50;133,03;Portail web
CMD-102532;14/02/2025;19/02/2025;20/03/2025;CLI-0072;EMP-501;ENT-MTL;BD-1153;3;179,57;10,50;116,00;Portail web
CMD-103583;04-juil-25;10/07/2025;28/08/2025;CLI-0114;EMP-502;ENT-QC;BD-1179;12;395,27;8,40;231,35;Portail web
CMD-103679;21/07/2025;23/07/2025;2025-09-09;CLI-0157;EMP-502;ENT-SAG;BD-1039;24;171,17;13,50;122,17;Représentant
CMD-104044;04/09/2025;10/09/2025;12-oct-25;CLI-0074;EMP-507;ENT-QC;BD-1025;6;181,99;22,20;149,35;Portail web
CMD-103828;12/08/2025;15/08/2025;21-oct-25;CLI-0089;EMP-502;ENT-QC;BD-1027;8;347,01;24,30;254,96;Téléphone
CMD-104501;14/10/2025;22/10/2025;04-déc-25;CLI-0056;EMP-502;ENT-MTL;BD-1075;5;80,43;20,20;71,97;Représentant
CMD-102673;12/03/2025;20-mars-25;19/04/2025;CLI-0155;EMP-506;ENT-QC;BD-1181;12;550,74;11,90;312,40;Représentant
CMD-102638;07/03/2025;16/03/2025;2025-04-30;CLI-0152;EMP-503;ENT-SAG;BD-1002;8;427,67;8,70;298,72;Représentant
CMD-102826;2025-04-03;10/04/2025;12/05/2025;CLI-0144;EMP-502;ENT-QC;BD-1163;2;535,12;12,70;300,77;Représentant
CMD-102923;16/04/2025;21-avr-25;22/05/2025;CLI-0106;EMP-501;ENT-MTL;BD-1054;2;401,74;13,80;262,94;Portail web
CMD-103632;12/07/2025;16/07/2025;2025-09-21;CLI-0049;EMP-508;ENT-MTL;BD-1080;1;289,22;12,50;208,57;Représentant
CMD-102866;2025-04-08;17/04/2025;18/05/2025;CLI-0018;EMP-503;ENT-SAG;BD-1039;8;187,79;5,10;122,17;Portail web
CMD-104914;26/11/2025;2025-12-05;;CLI-0217;EMP-506;ENT-QC;BD-1142;1;128,59;21,10;100,93;Courriel
CMD-105065;2025-12-22;29/12/2025;;CLI-0211;EMP-504;ENT-MTL;BD-1154;1;453,44;15,20;329,92;Représentant
CMD-103350;2025-06-05;07/06/2025;24/07/2025;CLI-0185;EMP-508;ENT-SAG;BD-1030;5;136,02;25,70;119,13;Représentant
CMD-105105;26/12/2025;2026-01-01;;CLI-0044;EMP-505;ENT-QC;BD-1134;2;96,18;12,50;61,77;Téléphone
CMD-102625;05-mars-25;14/03/2025;21/04/2025;CLI-0076;EMP-507;ENT-SAG;BD-1176;7;486,05;22,90;328,78;Téléphone
CMD-103332;03/06/2025;05/06/2025;30/07/2025;CLI-0137;EMP-503;ENT-MTL;BD-1047;3;83,02;22,10;71,53;Représentant
CMD-104716;01-nov-25;09/11/2025;;CLI-0143;EMP-503;ENT-QC;BD-1067;24;36,01;13,40;28,64;Salon
CMD-104817;2025-11-14;16/11/2025;;CLI-0016;EMP-505;ENT-MTL;BD-1170;6;32,83;6,60;16,95;Courriel
CMD-104683;29/10/2025;01-nov-25;26/12/2025;CLI-0212;EMP-507;ENT-SAG;BD-1015;18;398,27;25,00;325,38;Téléphone
CMD-104913;26/11/2025;29/11/2025;29-déc-25;CLI-0185;EMP-508;ENT-MTL;BD-1152;9;393,03;18,30;271,40;Représentant
CMD-102800;31/03/2025;08-avr-25;26/05/2025;CLI-0209;EMP-508;ENT-MTL;BD-1167;21;283,21;23,70;209,73;Courriel
CMD-104187;17/09/2025;24/09/2025;2025-11-23;CLI-0076;EMP-507;ENT-MTL;BD-1071;2;411,39;22,90;363,51;Représentant
CMD-103321;2025-06-02;05/06/2025;26/07/2025;CLI-0176;EMP-503;ENT-MTL;BD-1117;8;144,55;2,40;100,34;Représentant
CMD-102798;2025-03-31;08/04/2025;17/05/2025;CLI-0006;EMP-505;ENT-SAG;BD-1161;8;117,37;13,10;64,16;Représentant
CMD-102885;11-avr-25;20/04/2025;13/05/2025;CLI-0073;EMP-501;ENT-MTL;BD-1180;3;159,35;15,80;95,30;Représentant
CMD-102952;19/04/2025;21/04/2025;2025-05-14;CLI-0033;EMP-504;ENT-QC;BD-1177;3;342,46;16,00;215,66;Représentant
CMD-104002;n/d;03/09/2025;23/10/2025;CLI-0074;EMP-507;ENT-MTL;BD-1068;18;430,87;23,60;342,49;Portail web
CMD-103900;2025-08-19;23/08/2025;08/10/2025;CLI-0189;EMP-501;ENT-QC;BD-1120;2;287,97;3,00;186,72;Portail web
CMD-104806;12/11/2025;2025-11-15;;CLI-0191;EMP-504;ENT-MTL;BD-1139;6;311,90;13,00;203,11;Représentant
CMD-104433;08/10/2025;2025-10-16;30/11/2025;CLI-0149;EMP-501;ENT-QC;BD-1038;1;507,95;7,90;319,94;Téléphone
CMD-104285;25-sept-25;02/10/2025;11/11/2025;CLI-0115;EMP-509;ENT-QC;BD-1168;2;345,36;13,70;229,43;Portail web
CMD-104213;18/09/2025;23/09/2025;04-nov-25;CLI-0009;EMP-502;ENT-QC;BD-1067;13;31,72;23,70;28,64;Représentant
CMD-104169;16/09/2025;22/09/2025;2025-10-20;CLI-0165;EMP-507;ENT-SAG;BD-1045;3;123,45;5,80;78,37;Portail web
CMD-104314;27-sept-25;02/10/2025;24/11/2025;CLI-0012;EMP-501;ENT-MTL;BD-1068;11;455,81;19,20;342,49;Représentant
CMD-104625;24-oct-25;26/10/2025;27/12/2025;CLI-0214;EMP-508;ENT-SAG;BD-1092;3;257,03;8,90;168,72;Portail web
CMD-103418;13/06/2025;22/06/2025;2025-07-23;CLI-0148;EMP-501;ENT-SAG;BD-1004;6;241,53;11,90;158,83;Portail web
CMD-102334;02/01/2025;08/01/2025;21-mars-25;CLI-0209;EMP-508;ENT-SAG;BD-1070;12;62,19;18,40;40,72;Portail web
CMD-104149;2025-09-13;17/09/2025;03/11/2025;CLI-0034;EMP-507;ENT-QC;BD-1158;2;293,29;16,10;184,61;Représentant
CMD-104701;31/10/2025;2025-11-04;;CLI-0025;EMP-509;ENT-QC;BD-1042;4;389,45;11,80;267,02;Téléphone
CMD-102473;01/02/2025;09/02/2025;;CLI-0071;EMP-503;ENT-QC;BD-1122;6;311,90;8,60;212,67;Représentant
CMD-103466;19/06/2025;24/06/2025;05/08/2025;CLI-0108;EMP-503;ENT-MTL;BD-1109;4;411,71;10,50;310,20;Portail web
CMD-102411;20/01/2025;24-janv-25;07/04/2025;CLI-0217;EMP-506;ENT-QC;BD-1118;5;373,11;24,90;343,17;Téléphone
CMD-104698;30/10/2025;05/11/2025;;CLI-0196;EMP-506;ENT-QC;BD-1138;4;138,06;6,30;88,19;Téléphone
CMD-104403;06/10/2025;14/10/2025;16-nov-25;CLI-0217;EMP-506;ENT-MTL;BD-1073;22;333,31;25,90;307,22;Représentant
CMD-104065;2025-09-06;10/09/2025;23/10/2025;CLI-0199;EMP-504;ENT-QC;BD-1028;24;203,18;14,10;143,73;Portail web
CMD-104110;10/09/2025;19-sept-25;02/11/2025;CLI-0004;EMP-505;ENT-QC;BD-1177;3;382,59;6,10;215,66;Représentant
CMD-103159;14-mai-25;23/05/2025;08/07/2025;CLI-0212;EMP-507;ENT-MTL;BD-1062;9;137,54;23,50;135,59;Portail web
CMD-104850;19/11/2025;21/11/2025;2025-12-19;CLI-0009;EMP-502;ENT-QC;BD-1129;11;58,73;18,30;46,45;Représentant
CMD-103347;04/06/2025;06/06/2025;2025-07-18;CLI-0042;EMP-505;ENT-QC;BD-1002;3;420,20;10,30;298,72;Téléphone
CMD-102785;2025-03-28;03/04/2025;03/05/2025;CLI-0059;EMP-504;ENT-QC;BD-1182;12;85,55;21,40;58,06;Représentant
CMD-104359;01/10/2025;05/10/2025;22-déc-25;CLI-0220;EMP-506;ENT-MTL;BD-1068;3;501,16;11,10;342,49;Représentant
CMD-103932;22/08/2025;27/08/2025;28-sept-25;CLI-0047;EMP-508;ENT-MTL;BD-1003;12;266,18;10,70;227,23;Portail web
CMD-102672;12/03/2025;16/03/2025;01-mai-25;CLI-0066;EMP-507;ENT-MTL;BD-1054;3;415,25;10,90;262,94;Portail web
CMD-104951;01/12/2025;2025-12-05;;CLI-0162;EMP-508;ENT-MTL;BD-1133;2;91,21;10,00;62,95;Portail web
CMD-103944;n/d;01/09/2025;27/09/2025;CLI-0087;EMP-502;ENT-MTL;BD-1052;4;269,78;12,10;183,03;Salon
CMD-102605;2025-03-03;08/03/2025;30/04/2025;CLI-0135;EMP-506;ENT-QC;BD-1082;2;420,41;11,50;284,24;Portail web
CMD-104069;08/09/2025;13/09/2025;30-oct-25;CLI-0217;EMP-506;ENT-MTL;BD-1177;8;322,75;20,80;215,66;Représentant
CMD-104447;09/10/2025;15/10/2025;24/11/2025;CLI-0099;EMP-505;ENT-SAG;BD-1005;37;249,94;23,60;208,35;Téléphone
CMD-103693;23/07/2025;31/07/2025;2025-09-24;CLI-0076;EMP-507;ENT-SAG;BD-1109;8;363,61;21,00;310,20;Représentant
CMD-103478;23/06/2025;29/06/2025;30/07/2025;CLI-0145;EMP-504;ENT-MTL;BD-1158;3;331,58;5,10;184,61;Téléphone
CMD-103494;24/06/2025;29/06/2025;24/08/2025;CLI-0056;EMP-502;ENT-QC;BD-1128;9;109,12;24,70;78,87;Représentant
CMD-104768;07/11/2025;15/11/2025;28/12/2025;CLI-0111;EMP-507;ENT-MTL;BD-1098;3;431,06;2,20;309,76;Courriel
CMD-102724;19/03/2025;27/03/2025;12-mai-25;CLI-0073;EMP-501;ENT-QC;BD-1070;8;66,99;12,10;40,72;Représentant
CMD-103228;22/05/2025;2025-05-30;03/07/2025;CLI-0049;EMP-508;ENT-QC;BD-1118;6;423,39;14,80;343,17;Représentant
CMD-102486;05/02/2025;12/02/2025;2025-03-22;CLI-0139;EMP-506;ENT-MTL;BD-1035;1;41,81;13,60;30,63;Représentant
CMD-102827;03/04/2025;08/04/2025;07/05/2025;CLI-0194;EMP-506;ENT-SAG;BD-1060;3;371,04;6,20;246,98;Représentant
CMD-104980;04/12/2025;06/12/2025;;CLI-0123;EMP-501;ENT-QC;BD-1077;8;305,98;10,50;171,09;Représentant
CMD-102685;13/03/2025;2025-03-15;20/05/2025;CLI-0022;EMP-506;ENT-QC;BD-1043;2;497,11;5,80;300,28;Salon
CMD-102829;2025-04-03;05/04/2025;15/05/2025;CLI-0137;EMP-503;ENT-MTL;BD-1056;7;397,99;19,10;293,14;Portail web
CMD-104065;06/09/2025;10/09/2025;23/10/2025;CLI-0199;EMP-504;ENT-QC;BD-1037;8;25,71;14,10;16,65;Représentant
CMD-102621;05/03/2025;12/03/2025;2025-04-09;CLI-0212;EMP-507;ENT-QC;BD-1096;9;237,70;19,70;174,33;Représentant
CMD-102416;20/01/2025;23/01/2025;;CLI-0074;EMP-507;ENT-MTL;BD-1038;5;435,84;21,00;319,94;Téléphone
CMD-104908;2025-11-25;28/11/2025;;CLI-0099;EMP-505;ENT-MTL;BD-1159;1;219,66;24,00;169,65;Portail web
CMD-103817;11/08/2025;17/08/2025;17-sept-25;CLI-0048;EMP-508;ENT-QC;BD-1018;4;396,85;14,60;247,17;Représentant
CMD-102611;04/03/2025;12/03/2025;2025-05-08;CLI-0015;EMP-509;ENT-MTL;BD-1083;12;300,94;2,00;160,44;Représentant
CMD-103308;30/05/2025;2025-06-06;08/07/2025;CLI-0050;EMP-502;ENT-MTL;BD-1007;12;86480,00;16,30;57,14;Portail web
CMD-102866;08-avr-25;17/04/2025;18/05/2025;CLI-0018;EMP-503;ENT-SAG;BD-1170;8;33,35;5,10;16,95;Représentant
CMD-103243;23/05/2025;28/05/2025;2025-07-13;CLI-0073;EMP-501;ENT-SAG;BD-1121;3;68,13;12,50;44,65;Téléphone
CMD-102542;17/02/2025;2025-02-19;18/04/2025;CLI-0076;EMP-507;ENT-MTL;BD-1173;11;320,04;19,70;212,35;Représentant
CMD-103120;09-mai-25;13/05/2025;20/06/2025;CLI-0203;EMP-503;ENT-QC;BD-1024;8;306,62;8,20;189,35;Salon
CMD-102540;17/02/2025;19/02/2025;02/04/2025;CLI-0012;EMP-501;ENT-QC;BD-1071;31;410,15;23,20;308,06;Représentant
CMD-103964;26/08/2025;28/08/2025;2025-11-08;CLI-0062;EMP-507;ENT-MTL;BD-1151;4;134,03;15,70;92,25;Représentant
CMD-103170;16/05/2025;2025-05-19;28/06/2025;CLI-0067 ;EMP-502;ENT-MTL;BD-1064;2;106,65;14,90;70,89;Représentant
CMD-103464;19/06/2025;2025-06-23;23/08/2025;CLI-0120;EMP-509;ENT-QC;BD-1008;6;220,37;5,80;155,34;Représentant
CMD-104249;22/09/2025;25-sept-25;07/11/2025;CLI-0053;EMP-509;ENT-QC;BD-1084;2;522,19;10,10;375,89;Téléphone
CMD-103603;08/07/2025;13/07/2025;2025-08-26;CLI-0004;EMP-505;ENT-SAG;BD-1028;1;225,31;4,70;143,73;Téléphone
CMD-103500;2025-06-25;03/07/2025;09/08/2025;CLI-0059;EMP-504;ENT-QC;BD-1024;6;260,01;22,20;189,35;Représentant
CMD-104165;15/09/2025;2025-09-17;09/11/2025;CLI-0026;EMP-506;ENT-QC;BD-1092;8;249,41;11,60;168,72;Représentant
CMD-103436;16/06/2025;24/06/2025;26/07/2025;CLI-0038;EMP-507;ENT-SAG;BD-1044;6;273,90;15,20;199,55;Représentant
CMD-103424;2025-06-14;21/06/2025;30/07/2025;CLI-0037;EMP-504;ENT-QC;BD-1060;2;305,71;22,80;291,44;Représentant
CMD-103940;2025-08-25;02/09/2025;29/09/2025;CLI-0106;EMP-501;ENT-SAG;BD-1182;8;95,92;11,90;58,06;Téléphone
CMD-102725;19/03/2025;24-mars-25;07/05/2025;CLI-0188;EMP-506;ENT-MTL;BD-1036;6;229,76;10,50;162,40;Représentant
CMD-103074;05/05/2025;12-mai-25;30/05/2025;CLI-0015;EMP-509;ENT-QC;BD-1115;2;70,09;6,10;47,23;Représentant
CMD-103323;02/06/2025;06/06/2025;16-juil-25;CLI-0024;EMP-504;ENT-QC;BD-1110;1;271,06;4,50;182,67;Téléphone
CMD-103076;05/05/2025;2025-05-10;10/06/2025;CLI-0185;EMP-508;ENT-MTL;BD-1056;4;380,16;22,70;293,14;Représentant
CMD-104713;31-oct-25;07/11/2025;13/12/2025;CLI-0076;EMP-507;ENT-QC;BD-1090;18;78,10;18,50;69,37;Représentant
CMD-103136;12/05/2025;19/05/2025;2025-06-27;CLI-0056;EMP-502;ENT-MTL;BD-1036;2;209,81;18,30;191,63;Portail web
CMD-103713;2025-07-29;06/08/2025;22/09/2025;CLI-0173;EMP-508;ENT-QC;BD-1021;2;314,33;13,60;242,82;Portail web
CMD-104889;2025-11-21;23/11/2025;;CLI-0187;EMP-507;ENT-SAG;BD-1086;1;114,86;16,60;97,25;Représentant
CMD-104223;19/09/2025;26/09/2025;2025-11-10;CLI-0029;EMP-506;ENT-MTL;BD-1058;8;186,31;23,90;149,54;Représentant
CMD-103846;14/08/2025;21-août-25;26/10/2025;CLI-0009 ;EMP-502;ENT-MTL;BD-1042;22;332,55;24,60;267,02;Portail web
CMD-103183;16/05/2025;2025-05-22;08/06/2025;CLI-0115;EMP-509;ENT-MTL;BD-1061;8;105,96;10,30;76,81;Salon
CMD-103732;2025-08-01;06/08/2025;20/09/2025;CLI-0150;EMP-502;ENT-MTL;BD-1054;3;454,07;2,50;262,94;Courriel
CMD-104892;22-nov-25;30/11/2025;;CLI-0116;EMP-509;ENT-SAG;BD-1073;2;390,05;13,30;307,22;Représentant
CMD-104205;2025-09-18;26/09/2025;;CLI-0080;EMP-506;ENT-SAG;BD-1006;3;289,59;13,50;182,47;Téléphone
CMD-104465;10/10/2025;15/10/2025;2025-12-09;CLI-0120;EMP-509;ENT-MTL;BD-1145;3;167,73;8,90;111,12;Téléphone
CMD-103029;29/04/2025;2025-05-08;08/07/2025;CLI-0173;EMP-508;ENT-QC;BD-1048;2;45,81;10,50;33,51;Courriel
CMD-103625;2025-07-11;16/07/2025;;CLI-0198;EMP-504;ENT-SAG;BD-1106;4;511,56;3,60;340,08; 
CMD-104485;13/10/2025;2025-10-22;;CLI-0029;EMP-506;ENT-MTL;BD-1139;6;283,67;20,90;203,11;Courriel
CMD-102651;10/03/2025;2025-03-13;09/05/2025;CLI-0197;EMP-507;ENT-MTL;BD-1110;12;258,96;8,80;182,67;Portail web
CMD-103519;2025-06-26;29/06/2025;05/08/2025;CLI-0080;EMP-506;ENT-SAG;BD-1047;4;92,24;13,50;71,53;Courriel
CMD-104187;17/09/2025;24-sept-25;23/11/2025;CLI-0076;EMP-507;ENT-MTL;BD-1075;8;77,66;22,90;71,97;Portail web
CMD-102978;23/04/2025;2025-04-26;11/06/2025;CLI-0031;EMP-509;ENT-QC;BD-1063;12;307,04;16,60;247,24;Représentant
CMD-103923;21/08/2025;25/08/2025;09/10/2025;CLI-0162;EMP-508;ENT-MTL;BD-1172;3;347,96;16,90;221,22;Représentant
CMD-102669;12/03/2025;21-mars-25;30/04/2025;CLI-0198;EMP-504;ENT-MTL;BD-1007;6;98,96;4,20;57,14;Représentant
CMD-103196;19/05/2025;21/05/2025;23/07/2025;CLI-0009;EMP-502;ENT-MTL;BD-1126;16;163,78;19,10;133,03;Courriel
CMD-103641;15/07/2025;18/07/2025;13/08/2025;CLI-0183;EMP-506;ENT-QC;BD-1114;8;240,30;4,90;152,73;Téléphone
CMD-102852;07/04/2025;14-avr-25;07/06/2025;CLI-0138;EMP-506;ENT-MTL;BD-1127;3;294,02;2,40;174,31;Courriel
CMD-103648;16/07/2025;23/07/2025;2025-09-02;CLI-0121;EMP-508;ENT-QC;BD-1057;8;26,65;10,70;23,20;Portail web
CMD-103025;29/04/2025;2025-05-08;02/06/2025;CLI-0074;EMP-507;ENT-MTL;BD-1121;13;58,83;24,40;44,65;Portail web
CMD-103033;30/04/2025;04/05/2025;11/07/2025;CLI-0130;EMP-508;ENT-MTL;BD-1182;4;85,05;21,90;58,06;Représentant
CMD-104872;20/11/2025;25-nov-25;;CLI-0092;EMP-508;ENT-MTL;BD-1147;6;577,80;3,40;346,92;Représentant
CMD-104722;03/11/2025;2025-11-11;;CLI-0169;EMP-507;ENT-QC;BD-1071;2;461,68;13,50;363,51;Téléphone
CMD-102559;20-févr-25;23/02/2025;04/04/2025;CLI-0012;EMP-501;ENT-MTL;BD-1086;2;110,74;19,60;82,42;Représentant
CMD-102491;2025-02-06;13/02/2025;23/03/2025;CLI-0127;EMP-503;ENT-QC;BD-1101;3;93,44;13,90;64,26;Courriel
CMD-104275;2025-09-24;01/10/2025;26/12/2025;CLI-0141;EMP-502;ENT-MTL;BD-1074;4;166,35;14,30;130,44;Portail web
CMD-104916;26/11/2025;02/12/2025;;CLI-0139;EMP-506;ENT-MTL;BD-1069;4;342,45;14,10;239,15;Représentant
CMD-102805;01-avr-25;07/04/2025;;CLI-0106;EMP-501;ENT-MTL;BD-1177;4;360,17;11,60;215,66;Téléphone
CMD-102925;2025-04-16;25/04/2025;07/06/2025;CLI-0141;EMP-502;ENT-QC;BD-1055;2;292,58;10,90;213,75;Représentant
CMD-103446;17/06/2025;2025-06-26;09/08/2025;CLI-0056;EMP-502;ENT-MTL;BD-1063;12;294,54;20,00;247,24;Téléphone
CMD-104904;25/11/2025;03/12/2025;;CLI-0133;EMP-508;ENT-MTL;BD-1143;4;313,39;16,50;220,45;Représentant
CMD-102490;05/02/2025;13-févr-25;31/03/2025;CLI-0053;EMP-509;ENT-QC;BD-1093;3;191,67;14,40;134,96;Téléphone
CMD-103305;2025-05-30;06/06/2025;15/07/2025;CLI-0143;EMP-503;ENT-MTL;BD-1107;1;192,69;12,50;150,54;Représentant
CMD-103794;08/08/2025;2025-08-14;20/09/2025;CLI-0089;EMP-502;ENT-QC;BD-1055;8;248,79;24,20;213,75;Courriel
CMD-103764;2025-08-05;14/08/2025;28/09/2025;CLI-0187;EMP-507;ENT-QC;BD-1139;12;301,35;16,00;203,11;Portail web
CMD-104316;27-sept-25;01/10/2025;25/11/2025;CLI-0019;EMP-502;ENT-SAG;BD-1093;4;218,02;2,60;159,25;Représentant
CMD-104425;07/10/2025;14/10/2025;18-nov-25;CLI-0084;EMP-503;ENT-MTL;BD-1148;2;399,99;13,00;302,28;Représentant
CMD-103998;01/09/2025;2025-09-09;28/10/2025;CLI-0075;EMP-506;ENT-MTL;BD-1012;2;117,65;3,30;69,62;Représentant
CMD-103025;2025-04-29;08/05/2025;02/06/2025;CLI-0074;EMP-507;ENT-MTL;BD-1167;13;280,50;24,40;209,73;Portail web
CMD-104699;30/10/2025;01/11/2025;26/12/2025;CLI-0073;EMP-501;ENT-SAG;BD-1058;3;208,50;14,80;149,54;Représentant
CMD-102659;2025-03-11;19/03/2025;19/05/2025;CLI-0021;EMP-501;ENT-MTL;BD-1062;3;165,79;7,70;114,90;Portail web
CMD-102871;09/04/2025;2025-04-12;20/05/2025;CLI-0021;EMP-501;ENT-QC;BD-1126;4;188,94;6,70;133,03;Portail web
CMD-104566;17/10/2025;24/10/2025;2025-11-21;CLI-0048;EMP-508;ENT-SAG;BD-1142;4;137,88;15,50;100,93;Portail web
CMD-103374;10-juin-25;16/06/2025;23/07/2025;CLI-0006;EMP-505;ENT-MTL;BD-1019;6;260,13;13,60;205,07;Représentant
CMD-104091;09/09/2025;14/09/2025;2025-10-13;CLI-0073;EMP-501;ENT-MTL;BD-1048;3;43,11;15,80;33,51;Téléphone
CMD-103251;2025-05-26;28/05/2025;04/08/2025;CLI-0018;EMP-503;ENT-QC;BD-1057;6;28,30;5,20;23,20;Téléphone
CMD-104219;18-sept-25;23/09/2025;04/11/2025;CLI-0087;EMP-502;ENT-MTL;BD-1054;3;414,80;11,00;262,94;Représentant
CMD-104799;11/11/2025;20/11/2025;28-déc-25;CLI-0076;EMP-507;ENT-QC;BD-1084;5;467,33;19,50;375,89;Portail web
CMD-103520;2025-06-27;29/06/2025;04/08/2025;CLI-0053;EMP-509;ENT-QC;BD-1112;4;101,02;12,10;67,02;Salon
CMD-103342;2025-06-04;10/06/2025;25/07/2025;CLI-0026;EMP-506;ENT-QC;BD-1109;1;397,10;13,70;310,20;Représentant
CMD-103412;13/06/2025;20/06/2025;27/07/2025;CLI-0045;EMP-502;ENT-MTL;BD-1044;24;272,22;15,70;199,55;Représentant
CMD-102992;2025-04-24;26/04/2025;06/06/2025;CLI-0008;EMP-506;ENT-SAG;BD-1051;8;124,02;4,40;79,76;Portail web
CMD-102559;20/02/2025;23/02/2025;04/04/2025;CLI-0012;EMP-501;ENT-MTL;BD-1161;6;108,57;19,60;64,16;Représentant
CMD-102878;10/04/2025;2025-04-16;07/06/2025;CLI-0073;EMP-501;ENT-MTL;BD-1063;12;324,98;11,80;247,24;Courriel
CMD-103061;02/05/2025;05/05/2025;2025-06-11;CLI-0173;EMP-508;ENT-MTL;BD-1118;8;414,57;16,60;343,17;Portail web
CMD-102350;07/01/2025;15-janv-25;15/02/2025;CLI-0043;EMP-506;ENT-QC;BD-1079;8;232,98;11,70;147,87;Représentant
CMD-104586;2025-10-21;26/10/2025;14/12/2025;CLI-0059;EMP-504;ENT-SAG;BD-1080;73;250,86;24,10;208,57;Téléphone
CMD-103379;10/06/2025;17/06/2025;2025-08-21;CLI-0058;EMP-508;ENT-MTL;BD-1115;4;70,14;6,10;47,23;Représentant
CMD-104286;25/09/2025;27/09/2025;2025-11-25;CLI-0129;EMP-508;ENT-SAG;BD-1089;24;302,94;4,30;189,92;Représentant
CMD-104900;25/11/2025;2025-11-27;;CLI-0059;EMP-504;ENT-MTL;BD-1160;5;61,92;21,40;41,56;Téléphone
CMD-104275;2025-09-24;01/10/2025;26/12/2025;CLI-0141;EMP-502;ENT-MTL;BD-1036;6;220,00;14,30;191,63;Représentant
CMD-102732;20/03/2025;23/03/2025;18/05/2025;CLI-0083;EMP-507;ENT-QC;BD-1084;2;556,21;4,20;318,55;Portail web
CMD-104141;12/09/2025;21/09/2025;2025-11-18;CLI-0143;EMP-503;ENT-QC;BD-1057;12;25,29;15,20;23,20; 
CMD-102429;23/01/2025;2025-01-29;30/03/2025;CLI-0009;EMP-502;ENT-SAG;BD-1138;6;115,93;21,30;88,19;Portail web
CMD-104746;2025-11-05;09/11/2025;;CLI-0220;EMP-506;ENT-MTL;BD-1130;4;496,40;12,00;323,89;Représentant
CMD-104223;19/09/2025;26/09/2025;2025-11-10;CLI-0029;EMP-506;ENT-MTL;BD-1180;1;144,08;23,90;95,30;Représentant
CMD-103533;2025-06-28;02/07/2025;21/07/2025;CLI-0212;EMP-507;ENT-QC;BD-1109;2;366,74;20,30;310,20;Portail web
CMD-104283;25-sept-25;03/10/2025;06/11/2025;CLI-0045;EMP-502;ENT-SAG;BD-1036;2;220,26;14,20;191,63;Représentant
CMD-105069;22/12/2025;25/12/2025;;CLI-0205;EMP-505;ENT-QC;BD-1176;6;612,09;2,90;328,78;Courriel
CMD-103795;08/08/2025;13/08/2025;2025-09-29;CLI-0004;EMP-505;ENT-SAG;BD-1181;4;579,39;7,30;312,40;Représentant
CMD-103455;2025-06-19;25/06/2025;02/08/2025;CLI-0209;EMP-508;ENT-QC;BD-1006;11;256,85;23,30;182,47;Téléphone
CMD-102389;15/01/2025;2025-01-23;28/02/2025;CLI-0037;EMP-504;ENT-SAG;BD-1149;3;144,47;21,10;111,14;Téléphone
CMD-104810;13/11/2025;16-nov-25;;CLI-0139;EMP-506;ENT-SAG;BD-1007;3;88,21;14,60;57,14;Représentant
CMD-104991;08/12/2025;11-déc-25;;CLI-0104;EMP-501;ENT-SAG;BD-1090;1;89,38;6,70;69,37;Représentant
CMD-103964;26/08/2025;2025-08-28;08/11/2025;CLI-0062;EMP-507;ENT-MTL;BD-1019;2;253,77;15,70;205,07;Portail web
CMD-102567;2025-02-21;25/02/2025;24/03/2025;CLI-0145;EMP-504;ENT-SAG;BD-1134;8;107,69;2,10;61,77;Représentant
CMD-103704;25/07/2025;29-juil-25;30/08/2025;CLI-0122;EMP-505;ENT-QC;BD-1126;4;185,43;8,40;133,03;Portail web
CMD-103581;04/07/2025;12-juil-25;02/09/2025;CLI-0161;EMP-508;ENT-MTL;BD-1118;3;453,39;8,80;343,17;Portail web
CMD-103483;23/06/2025;2025-06-25;01/08/2025;CLI-0033;EMP-504;ENT-MTL;BD-1012;12;106,33;12,60;69,62;Représentant
CMD-102531;14/02/2025;2025-02-18;13/04/2025;CLI-0033;EMP-504;ENT-QC;BD-1099;2;443,46;10,70;293,70;Téléphone
CMD-102863;08/04/2025;12/04/2025;05-juin-25;CLI-0039;EMP-503;ENT-SAG;BD-1038;2;530,38;3,90;319,94;Représentant
CMD-102548;2025-02-18;24/02/2025;08/04/2025;CLI-0185;EMP-508;ENT-QC;BD-1164;16;158,30;18,80;100,45;Représentant
CMD-103116;2025-05-09;13/05/2025;28/06/2025;CLI-0056;EMP-502;ENT-QC;BD-1104;6;82,30;25,60;76,70;Représentant
CMD-105009;12/12/2025;2025-12-14;;CLI-0211;EMP-504;ENT-MTL;BD-1151;12;140,03;11,90;92,25;Représentant
CMD-104517;15/10/2025;17/10/2025;;CLI-0044;EMP-505;ENT-MTL;BD-1051;4;112,29;13,40;79,76;Portail web
CMD-104337;30/09/2025;07/10/2025;24/11/2025;CLI-0130;EMP-508;ENT-MTL;BD-1009;12;85,91;18,30;67,67;Courriel
CMD-104939;28/11/2025;2025-12-07;;CLI-0056;EMP-502;ENT-SAG;BD-1072;3;299,68;24,30;236,88;Représentant
CMD-104708;31/10/2025;08/11/2025;2025-12-23;CLI-0112;EMP-505;ENT-MTL;BD-1076;8;493,67;12,00;338,68;Représentant
CMD-103032;30/04/2025;08/05/2025;05-juin-25;CLI-0088;EMP-504;ENT-QC;BD-1043;3;446,18;15,50;300,28;Représentant
CMD-103078;05/05/2025;10/05/2025;2025-07-11;CLI-0043;EMP-506;ENT-MTL;BD-1031;4;461,87;11,10;300,62;Courriel
CMD-102489;05/02/2025;07/02/2025;2025-03-24;CLI-0186;EMP-507;ENT-QC;BD-1176;24;613,49;2,70;328,78;Représentant
CMD-105086;2025-12-24;01/01/2026;;CLI-0056;EMP-502;ENT-MTL;BD-1127;21;245,29;18,60;174,31;Courriel
CMD-103754;04-août-25;08/08/2025;02/10/2025;CLI-0079;EMP-509;ENT-QC;BD-1046;24;465,09;2,60;372,17;Représentant
CMD-103171;16/05/2025;25/05/2025;08/07/2025;CLI-0105;EMP-502;ENT-QC;BD-1054;4;439,94;5,60;262,94;Représentant
CMD-104568;2025-10-17;23/10/2025;09/12/2025;CLI-0041;EMP-508;ENT-MTL;BD-1080;4;276,61;16,30;208,57;Représentant
CMD-102446;27/01/2025;04-févr-25;;CLI-0076;EMP-507;ENT-SAG;BD-1163;39;480,89;21,60;300,77;Courriel
CMD-103849;14/08/2025;2025-08-18;07/09/2025;CLI-0059;EMP-504;ENT-QC;BD-1087;11;315,68;18,20;215,66;Portail web
CMD-102482;04/02/2025;06-févr-25;11/04/2025;CLI-0121;EMP-508;ENT-QC;BD-1004;3;238,04;13,20;158,83;Portail web
CMD-102591;2025-02-27;04/03/2025;12/04/2025;CLI-0033;EMP-504;ENT-MTL;BD-1051;2;110,80;14,60;79,76;Portail web
CMD-104321;29/09/2025;01/10/2025;2025-10-16;CLI-0157;EMP-502;ENT-MTL;BD-1036;3;222,54;13,30;191,63;Représentant
CMD-102381;13/01/2025;2025-01-20;24/02/2025;CLI-0137;EMP-503;ENT-MTL;BD-1097;6;278,05;24,40;214,46;Courriel
CMD-103771;06/08/2025;11/08/2025;21-sept-25;CLI-0006;EMP-505;ENT-MTL;BD-1044;6;285,01;11,80;199,55;Salon
CMD-103166;15/05/2025;22/05/2025;27/06/2025;CLI-0182;EMP-503;ENT-MTL;BD-1118;4;440,19;11,40;343,17;Représentant
CMD-103794;2025-08-08;14/08/2025;20/09/2025;CLI-0089;EMP-502;ENT-QC;BD-9719;68;334,31;24,20;267,02;Représentant
CMD-104833;2025-11-17;23/11/2025;;CLI-0089;EMP-502;ENT-MTL;BD-1146;23;298,31;20,60;225,52;Représentant
CMD-102661;11/03/2025;19/03/2025;2025-04-30;CLI-0182;EMP-503;ENT-QC;BD-1165;12;165,16;10,30;107,92;Représentant
CMD-103824;12/08/2025;2025-08-18;11/09/2025;CLI-0166;EMP-503;ENT-QC;BD-1035;2;40,50;16,30;30,63;Représentant
CMD-104246;2025-09-22;28/09/2025;30/10/2025;CLI-0073;EMP-501;ENT-MTL;BD-1131;3;56,59;15,60;37,08;Téléphone
CMD-103929;22/08/2025;2025-08-25;03/10/2025;CLI-0217;EMP-506;ENT-MTL;BD-1107;11;170,61;22,50;150,54;Salon
CMD-103148;2025-05-14;18/05/2025;28/06/2025;CLI-0106;EMP-501;ENT-MTL;BD-1103;3;204,16;10,40;154,84;Représentant
CMD-102581;26/02/2025;07/03/2025;;CLI-0053;EMP-509;ENT-MTL;BD-1107;8;185,73;15,70;150,54;Représentant
CMD-104471;10/10/2025;16/10/2025;2025-11-23;CLI-0168;EMP-509;ENT-MTL;BD-1150;8;591,42;5,50;347,06;Courriel
CMD-103100;07/05/2025;2025-05-09;07/07/2025;CLI-0130;EMP-508;ENT-QC;BD-1050;5;376,64;25,30;297,82;Portail web
CMD-104246;2025-09-22;28/09/2025;30/10/2025;CLI-0073;EMP-501;ENT-MTL;BD-1086;8;116,28;15,60;97,25;Représentant
CMD-103831;2025-08-13;19/08/2025;28/09/2025;CLI-0183;EMP-506;ENT-MTL;BD-1023;6;347,04;8,10;244,32;Téléphone
CMD-103537;30/06/2025;03/07/2025;02/09/2025;CLI-0157;EMP-502;ENT-MTL;BD-1032;4;458,26;16,30;409,59;Représentant
CMD-104923;2025-11-27;02/12/2025;28/12/2025;CLI-0060;EMP-508;ENT-QC;BD-1065;8;243,29;2,40;155,19;Portail web
CMD-104275;24/09/2025;01/10/2025;26/12/2025;CLI-0141;EMP-502;ENT-MTL;BD-1039;1;169,61;14,30;122,17;Téléphone
CMD-104069;08/09/2025;13/09/2025;2025-10-30;CLI-0217;EMP-506;ENT-MTL;BD-1042;62;349,43;20,80;267,02;Représentant
CMD-103788;07/08/2025;13/08/2025;2025-10-20;CLI-0137;EMP-503;ENT-MTL;BD-1011;26;424,28;19,20;294,52;Représentant
CMD-102527;14/02/2025;19/02/2025;2025-03-29;CLI-0057;EMP-507;ENT-MTL;BD-1164;4;166,96;14,40;100,45;Téléphone
CMD-104884;21-nov-25;28/11/2025;;CLI-0190;EMP-504;ENT-MTL;BD-1095;-1;101,34;2,30;64,62;Représentant
CMD-103324;2025-06-02;06/06/2025;06/08/2025;CLI-0027;EMP-502;ENT-SAG;BD-1010;8;154,60;5,20;88,91;Représentant
CMD-103342;04-juin-25;10/06/2025;25/07/2025;CLI-0026;EMP-506;ENT-QC;BD-1025;2;201,82;13,70;149,35;Portail web
CMD-105062;2025-12-22;29/12/2025;;CLI-0132;EMP-507;ENT-QC;BD-1100;3;457,44;14,70;369,19;Téléphone
CMD-104194;17/09/2025;2025-09-23;05/12/2025;CLI-0148;EMP-501;ENT-MTL;BD-1040;12;395,89;10,20;274,41;Courriel
CMD-104346;30/09/2025;07/10/2025;2025-11-26;CLI-0209;EMP-508;ENT-SAG;BD-1076;1;419,82;25,20;338,68;Représentant
CMD-102542;17/02/2025;2025-02-19;18/04/2025;CLI-0076;EMP-507;ENT-MTL;BD-1133;2;81,38;19,70;62,95;Représentant
CMD-104478;11/10/2025;14/10/2025;10-nov-25;CLI-0095;EMP-505;ENT-SAG;BD-1148;3;439,42;4,50;302,28;Téléphone
CMD-104696;30-oct-25;07/11/2025;;CLI-0071;EMP-503;ENT-QC;BD-1177;3;396,35;2,80;215,66;Représentant
CMD-103569;02/07/2025;10/07/2025;04/09/2025;CLI-0012;EMP-501;ENT-QC;BD-1168;21;298,55;25,40;229,43;Courriel
CMD-102974;23/04/2025;2025-05-02;02/06/2025;CLI-0204;EMP-506;ENT-MTL;BD-1098;8;426,29;3,30;262,51;Représentant
CMD-103718;2025-07-29;01/08/2025;23/09/2025;CLI-0143;EMP-503;ENT-MTL;BD-1015;1;458,72;13,60;325,38;Portail web
CMD-104611;23/10/2025;28/10/2025;2025-11-25;CLI-0034;EMP-507;ENT-MTL;BD-1071;8;450,63;15,60;363,51;Téléphone
CMD-103992;30/08/2025;03/09/2025;12-oct-25;CLI-0130;EMP-508;ENT-QC;BD-1121;8;58,15;25,30;44,65;Téléphone
CMD-102794;29/03/2025;05/04/2025;2025-05-30;CLI-0048;EMP-508;ENT-MTL;BD-1178;8;171,47;16,50;119,43;Téléphone
CMD-104579;21/10/2025;25/10/2025;15-déc-25;CLI-0045;EMP-502;ENT-MTL;BD-1070;2;63,31;16,90;48,05;Représentant
CMD-103016;28/04/2025;30/04/2025;11/06/2025;CLI-0185;EMP-508;ENT-SAG;BD-1094;5;150,96;25,90;124,30;Représentant
CMD-103755;04/08/2025;2025-08-07;29/10/2025;CLI-0153;EMP-507;ENT-QC;BD-1150;8;557,73;10,90;347,06;Courriel
CMD-105024;15/12/2025;2025-12-19;;CLI-0169;EMP-507;ENT-SAG;BD-1075;6;88,80;11,90;71,97;Téléphone
CMD-104708;31/10/2025;2025-11-08;23/12/2025;CLI-0112;EMP-505;ENT-MTL;BD-1076;2;493,67;12,00;338,68;Portail web
CMD-102414;20/01/2025;27/01/2025;2025-03-06;CLI-0094;EMP-502;ENT-QC;BD-1131;2;62,99;6,00;37,08;Représentant
CMD-103880;18/08/2025;21/08/2025;16-sept-25;CLI-0089;EMP-502;ENT-QC;BD-1024;26;260,01;22,20;189,35;Représentant
CMD-103591;07/07/2025;16/07/2025;2025-09-15;CLI-0089;EMP-502;ENT-QC;BD-1028;3;186,72;21,00;143,73;Téléphone
CMD-104134;12/09/2025;21/09/2025;2025-10-11;CLI-0163;EMP-505;ENT-QC;BD-1160;6;73,60;6,50;41,56;Représentant
CMD-103906;20/08/2025;2025-08-27;03/10/2025;CLI-0037;EMP-504;ENT-QC;BD-1103;2;179,55;21,20;154,84;Téléphone
CMD-103267;2025-05-27;30/05/2025;16/06/2025;CLI-0115;EMP-509;ENT-QC;BD-1110;6;251,61;11,40;182,67;Salon
CMD-104172;16/09/2025;23/09/2025;30/10/2025;CLI-0161;EMP-508;ENT-SAG;BD-1086;8;128,75;6,50;97,25;Représentant
CMD-103435;16/06/2025;22-juin-25;08/07/2025;CLI-0037;EMP-504;ENT-QC;BD-1054;5;377,89;18,90;262,94;Représentant
CMD-102435;24/01/2025;2025-01-29;24/03/2025;CLI-0029;EMP-506;ENT-QC;BD-1154;7;403,92;24,40;329,92;Courriel
CMD-104208;2025-09-18;25/09/2025;21/11/2025;CLI-0157;EMP-502;ENT-MTL;BD-1038;4;473,03;14,30;319,94;Portail web
CMD-103495;24/06/2025;2025-06-29;11/08/2025;CLI-0137;EMP-503;ENT-QC;BD-1124;24;190,26;25,40;153,77;Représentant
CMD-103166;2025-05-15;22/05/2025;27/06/2025;CLI-0182;EMP-503;ENT-MTL;BD-1034;12;210,35;11,40;182,99;Portail web
CMD-104273;24/09/2025;30/09/2025;2025-10-28;CLI-0220;EMP-506;ENT-MTL;BD-1048;8;44,81;12,50;33,51;Courriel
CMD-105064;22/12/2025;24-déc-25;;CLI-0025;EMP-509;ENT-SAG;BD-1165;1;158,29;14,00;107,92;Représentant
CMD-102699;14/03/2025;2025-03-23;;CLI-0149;EMP-501;ENT-SAG;BD-1049;4;53,21;2,60;31,22;Portail web
CMD-104118;10/09/2025;2025-09-17;14/10/2025;CLI-0080;EMP-506;ENT-QC;BD-1100;3;463,08;13,70;369,19;Représentant
CMD-104320;29-sept-25;05/10/2025;28/11/2025;CLI-0185;EMP-508;ENT-QC;BD-1069;11;306,50;23,10;239,15;Représentant
CMD-104574;20/10/2025;26/10/2025;2025-11-19;CLI-0054;EMP-507;ENT-QC;BD-1094;8;179,39;12,00;124,30;Représentant
CMD-103478;23-juin-25;29/06/2025;30/07/2025;CLI-0145;EMP-504;ENT-MTL;BD-1024;12;317,02;5,10;189,35;Représentant
CMD-104779;10/11/2025;2025-11-15;;CLI-0005;EMP-503;ENT-QC;BD-1140;24;60,50;4,80;41,26;Représentant
CMD-104927;27/11/2025;05/12/2025;;CLI-0148;EMP-501;ENT-QC;BD-1128;4;124,23;14,20;78,87;Représentant
CMD-104291;25/09/2025;03/10/2025;10/11/2025;CLI-0186;EMP-507;ENT-SAG;BD-1062;12;164,37;8,50;135,59;Représentant
CMD-103199;19/05/2025;21/05/2025;29-juin-25;CLI-0050;EMP-502;ENT-MTL;BD-1110;6;235,84;16,90;182,67;Représentant
CMD-104875;20/11/2025;22-nov-25;;CLI-0212;EMP-507;ENT-QC;BD-1012;9;99,73;18,10;69,62;Représentant
CMD-104234;20/09/2025;27-sept-25;10/10/2025;CLI-0009;EMP-502;ENT-QC;BD-1171;7;118,80;25,00;85,46;Représentant
CMD-103327;02-juin-25;05/06/2025;15/07/2025;CLI-0033;EMP-504;ENT-SAG;BD-1060;4;341,15;13,80;291,44;Courriel
CMD-105017;13/12/2025;2025-12-21;;CLI-0012;EMP-501;ENT-QC;BD-1057;1;22,67;24,00;23,20;Représentant
CMD-104928;;01/12/2025;;CLI-0102;EMP-506;ENT-MTL;BD-1100;1;508,12;5,30;369,19;Portail web
CMD-103997;01/09/2025;2025-09-07;19/10/2025;CLI-0037;EMP-504;ENT-MTL;BD-1114;9;187,52;25,80;152,73;Représentant
CMD-102770;2025-03-27;31/03/2025;06/05/2025;CLI-0153;EMP-507;ENT-QC;BD-1057;3;25,73;13,80;19,66;Portail web
CMD-104367;02/10/2025;2025-10-11;13/11/2025;CLI-0054;EMP-507;ENT-QC;BD-1177;3;354,47;13,00;215,66;Courriel
CMD-103470;20/06/2025;29/06/2025;2025-08-01;CLI-0194;EMP-506;ENT-QC;BD-1027;4;435,13;5,00;254,96;Téléphone
CMD-102793;29-mars-25;06/04/2025;21/05/2025;CLI-0130;EMP-508;ENT-MTL;BD-1182;16;84,54;22,40;58,06;Téléphone
CMD-104817;2025-11-14;16/11/2025;;CLI-0016;EMP-505;ENT-MTL;BD-1072;4;369,56;6,60;236,88;Portail web
CMD-103884;18-août-25;24/08/2025;14/10/2025;CLI-0209;EMP-508;ENT-QC;BD-1059;9;414,84;21,30;391,48;Téléphone
CMD-104129;11/09/2025;18/09/2025;24/10/2025;CLI-0103;EMP-502;ENT-MTL;BD-1040;4;402,17;8,80;274,41;Représentant
CMD-104589;21/10/2025;24/10/2025;2025-11-27;CLI-0012;EMP-501;ENT-SAG;BD-1096;20;228,48;22,80;205,70;Représentant
CMD-104782;10/11/2025;17/11/2025;;CLI-0217;EMP-506;ENT-QC;BD-1125;17;359,51;18,30;291,24;Représentant
CMD-103550;2025-07-01;05/07/2025;22/08/2025;CLI-0187;EMP-507;ENT-QC;BD-1122;1;301,18;11,70;212,67;Courriel
CMD-104752;05/11/2025;14-nov-25;;CLI-0123;EMP-501;ENT-QC;BD-1142;1;141,94;13,00;100,93;Représentant
CMD-104140;2025-09-12;19/09/2025;28/11/2025;CLI-0183;EMP-506;ENT-MTL;BD-1035;4;45,67;5,60;30,63;Portail web
CMD-102407;17/01/2025;20-janv-25;17/03/2025;CLI-0047;EMP-508;ENT-QC;BD-1169;1;517,58;10,20;282,28;Représentant
CMD-103299;29-mai-25;01/06/2025;20/07/2025;CLI-0126;EMP-502;ENT-MTL;BD-1109;2;384,87;16,30;310,20;Téléphone
CMD-104617;2025-10-23;28/10/2025;26/12/2025;CLI-0193;EMP-509;ENT-QC;BD-1086;3;122,25;11,30;97,25;Représentant
CMD-103627;2025-07-11;17/07/2025;27/08/2025;CLI-0162;EMP-508;ENT-SAG;BD-1055;6;289,06;12,00;213,75;Représentant
CMD-102538;2025-02-17;19/02/2025;24/03/2025;CLI-0132;EMP-507;ENT-MTL;BD-1047;6;88,62;16,90;71,53;Téléphone
CMD-104041;2025-09-04;08/09/2025;03/11/2025;CLI-0013;EMP-507;ENT-QC;BD-1095;6;100,57;3,00;64,62;Représentant
CMD-103097;07/05/2025;2025-05-16;25/06/2025;CLI-0201;EMP-504;ENT-MTL;BD-1057;8;29,09;2,50;23,20;Portail web
CMD-105034;17/12/2025;26-déc-25;;CLI-0209;EMP-508;ENT-QC;BD-1151;14;126,30;20,60;92,25;Téléphone
CMD-103740;2025-08-01;06/08/2025;09/09/2025;CLI-0054;EMP-507;ENT-QC;BD-1004;4;243,15;11,30;158,83;Salon
CMD-102548;18-févr-25;24/02/2025;08/04/2025;CLI-0185;EMP-508;ENT-QC;BD-1094;51;165,51;18,80;124,30;Représentant
CMD-104563;17/10/2025;19-oct-25;;CLI-0193;EMP-509;ENT-QC;BD-1135;3;65,89;10,10;40,73;Courriel
CMD-105112;29/12/2025;07/01/2026;;CLI-0074;EMP-507;ENT-QC;BD-1075;13;81,64;19,00;71,97;Représentant
CMD-103602;2025-07-08;17/07/2025;11/08/2025;CLI-0067;EMP-502;ENT-SAG;BD-1025;8;208,67;10,80;149,35;Représentant
CMD-103755;04/08/2025;07/08/2025;29-oct-25;CLI-0153;EMP-507;ENT-QC;BD-1108;3;243,43;10,90;169,96;Portail web
CMD-104688;30/10/2025;03-nov-25;20/12/2025;CLI-0012;EMP-501;ENT-MTL;BD-1147;9;458,56;23,30;346,92;Portail web
CMD-104944;28-nov-25;04/12/2025;;CLI-0063;EMP-503;ENT-QC;BD-1004;1;237,40;13,40;158,83;Représentant
CMD-104671;28/10/2025;2025-11-04;;CLI-0050;EMP-502;ENT-QC;BD-1097;1;321,99;12,50;253,06;Représentant
CMD-103387;11/06/2025;2025-06-20;01/08/2025;CLI-0116;EMP-509;ENT-QC;BD-1089;2;273,13;13,70;189,92;Représentant
CMD-104022;02/09/2025;11/09/2025;04-nov-25;CLI-0029;EMP-506;ENT-QC;BD-1081;10;442,12;25,50;364,83;Portail web
CMD-102928;17/04/2025;24/04/2025;2025-06-01;CLI-0173;EMP-508;ENT-MTL;BD-1063;2;322,93;12,30;247,24;Téléphone
CMD-104243;22/09/2025;27/09/2025;04/11/2025;CLI-0049;EMP-508;ENT-QC;BD-1074;6;166,68;14,20;130,44;Représentant
CMD-104811;13-nov-25;21/11/2025;;CLI-0154;EMP-507;ENT-MTL;BD-1144;12;148,85;16,60;98,33;Représentant
CMD-104194;17/09/2025;2025-09-23;05/12/2025;CLI-0148 ;EMP-501;ENT-MTL;BD-1147;12;537,27;10,20;346,92;Téléphone
CMD-105043;18/12/2025;2025-12-24;;CLI-0012;EMP-501;ENT-QC;BD-1151;16;118,89;25,20;92,25;Représentant
CMD-102330;01/01/2025;09/01/2025;2025-02-09;CLI-0103;EMP-502;ENT-QC;BD-1148;3;429,56;6,60;302,28;Téléphone
CMD-102857;07-avr-25;10/04/2025;28/05/2025;CLI-0139;EMP-506;ENT-SAG;BD-1182;6;97,80;10,20;58,06;Représentant
CMD-104931;2025-11-27;01/12/2025;;CLI-0166;EMP-503;ENT-MTL;BD-1088;8;560,86;10,90;404,63;Courriel
CMD-104703;31/10/2025;02/11/2025;2025-12-20;CLI-0048;EMP-508;ENT-MTL;BD-1057;1;25,80;13,60;23,20;Représentant
CMD-103703;25/07/2025;03/08/2025;12/09/2025;CLI-0130;EMP-508;ENT-MTL;BD-1001;7;263,08;21,50;219,63;Représentant
CMD-102798;2025-03-31;08/04/2025;17/05/2025;CLI-0006;EMP-505;ENT-SAG;BD-1064;4;108,87;13,10;70,89;Représentant
CMD-104561;17/10/2025;25/10/2025;2025-11-29;CLI-0192;EMP-505;ENT-MTL;BD-1083;2;292,26;4,90;189,32;Portail web
CMD-103616;09/07/2025;2025-07-12;29/08/2025;CLI-0066;EMP-507;ENT-SAG;BD-1104;2;99,40;10,20;76,70;Représentant
CMD-102424;2025-01-22;25/01/2025;18/04/2025;CLI-0012;EMP-501;ENT-QC;BD-1063;36;301,23;18,20;247,24;Téléphone
CMD-102399;16/01/2025;22/01/2025;01/03/2025;CLI-0157;EMP-502;ENT-MTL;BD-1157;4;46,48;11,20;25,21;Portail web
CMD-102775;27-mars-25;05/04/2025;17/05/2025;CLI-0130;EMP-508;ENT-MTL;BD-1142;15;130,02;20,30;100,93;Représentant
CMD-103229;22/05/2025;29-mai-25;21/07/2025;CLI-0209;EMP-508;ENT-QC;BD-1023;11;299,45;20,70;244,32;Courriel
CMD-103433;16/06/2025;24/06/2025;2025-07-28;CLI-0127;EMP-503;ENT-MTL;BD-1103;24;203,65;10,60;154,84;Représentant
CMD-104366;02/10/2025;10/10/2025;2025-11-07;CLI-0107;EMP-506;ENT-QC;BD-1171;2;146,01;7,80;85,46;Représentant
CMD-104812;13/11/2025;17/11/2025;;CLI-0137;EMP-503;ENT-QC;BD-1152;18;382,13;20,50;271,40;Téléphone
CMD-103458;19/06/2025;2025-06-26;20/07/2025;CLI-0173;EMP-508;ENT-SAG;BD-1026;3;378,40;13,70;246,82;Représentant
CMD-102769;27/03/2025;2025-04-04;04/05/2025;CLI-0076;EMP-507;ENT-MTL;BD-1175;5;126,27;25,60;96,85;Représentant
CMD-104603;22/10/2025;25/10/2025;06/12/2025;CLI-0005;EMP-503;ENT-SAG;BD-1073;4;422,97;6,00;307,22;Représentant
CMD-104740;04/11/2025;2025-11-09;13/12/2025;CLI-0104;EMP-501;ENT-QC;BD-1133;2;97,84;3,50;62,95;Représentant
CMD-103232;22/05/2025;26-mai-25;11/07/2025;CLI-0025;EMP-509;ENT-SAG;BD-1107;12;197,78;10,20;150,54;Représentant
CMD-104788;11/11/2025;18/11/2025;2025-12-15;CLI-0187;EMP-507;ENT-MTL;BD-1141;4;437,18;12,40;314,24;Représentant
CMD-104006;01/09/2025;04/09/2025;03/11/2025;CLI-0170;EMP-504;ENT-QC;BD-1010;6;153,79;5,70;88,91;Courriel
CMD-103957;26/08/2025;28/08/2025;14/10/2025;CLI-0001;EMP-508;ENT-SAG;BD-1027;24;439,24;4,10;254,96;Représentant
CMD-103014;28/04/2025;02/05/2025;30-juin-25;CLI-0074;EMP-507;ENT-QC;BD-1057;24;22,33;25,20;19,66;Téléphone
CMD-103400;12/06/2025;2025-06-20;19/07/2025;CLI-0131;EMP-502;ENT-QC;BD-1035;2;41,62;14,00;30,63;Représentant
CMD-104046;04/09/2025;07/09/2025;2025-10-10;CLI-0177;EMP-505;ENT-QC;BD-1174;6;283,02;4,10;169,01;Représentant
CMD-103022;29/04/2025;01/05/2025;2025-07-01;CLI-0001;EMP-508;ENT-MTL;BD-1060;2;365,46;7,70;246,98;Courriel
CMD-103140;12/05/2025;14/05/2025;2025-07-17;CLI-0009;EMP-502;ENT-MTL;BD-1021;2;277,54;23,70;242,82;Représentant
CMD-103507;2025-06-26;30/06/2025;13/09/2025;CLI-0029;EMP-506;ENT-QC;BD-1073;23;350,89;22,00;307,22;Portail web
CMD-104421;2025-10-07;15/10/2025;30/11/2025;CLI-0133;EMP-508;ENT-MTL;BD-1098;2;376,99;14,50;309,76;Téléphone
CMD-103159;2025-05-14;23/05/2025;08/07/2025;CLI-0212;EMP-507;ENT-MTL;BD-1116;20;67,87;23,50;60,17;Représentant
CMD-103902;19/08/2025;27/08/2025;2025-10-15;CLI-0012;EMP-501;ENT-MTL;BD-1022;10;345,94;23,90;298,47;Représentant
CMD-102978;2025-04-23;26/04/2025;11/06/2025;CLI-0031;EMP-509;ENT-QC;BD-1094;8;169,93;16,60;124,30;Téléphone
CMD-105033;17/12/2025;23/12/2025;;CLI-0163;EMP-505;ENT-MTL;BD-1144;3;169,00;5,30;98,33;Portail web
CMD-103414;2025-06-13;21/06/2025;14/08/2025;CLI-0180;EMP-509;ENT-QC;BD-1024;24;309,64;7,30;189,35;Représentant
CMD-102587;2025-02-27;05/03/2025;17/05/2025;CLI-0076;EMP-507;ENT-QC;BD-1173;47;326,79;18,00;212,35;Portail web
CMD-103819;11/08/2025;16/08/2025;02/10/2025;CLI-0193;EMP-509;ENT-QC;BD-1059;6;458,40;13,10;391,48;Représentant
CMD-103511;26/06/2025;01-juil-25;19/08/2025;CLI-0057;EMP-507;ENT-MTL;BD-1181;3;544,16;12,90;312,40;Courriel
CMD-104876;20-nov-25;28/11/2025;;CLI-0088;EMP-504;ENT-SAG;BD-1141;3;445,47;10,80;314,24;Représentant
CMD-102629;2025-03-05;09/03/2025;26/05/2025;CLI-0166;EMP-503;ENT-QC;BD-1030;24;164,07;10,40;100,96;Portail web
CMD-103307;30/05/2025;08/06/2025;2025-08-02;CLI-0206;EMP-503;ENT-QC;BD-1161;4;116,90;13,40;64,16;Représentant
CMD-103053;01/05/2025;2025-05-06;18/06/2025;CLI-0074;EMP-507;ENT-MTL;BD-1111;13;174,04;21,50;148,90;Portail web
CMD-102606;03/03/2025;08/03/2025;26-avr-25;CLI-0039;EMP-503;ENT-QC;BD-1133;4;92,68;8,60;62,95;Portail web
CMD-103309;2025-05-30;06/06/2025;31/07/2025;CLI-0209;EMP-508;ENT-MTL;BD-1115;3;56,14;24,80;47,23;Courriel
CMD-103006;26/04/2025;01/05/2025;2025-05-23;CLI-0064;EMP-504;ENT-MTL;BD-1048;8;47,55;7,10;33,51;Téléphone
CMD-102964;21/04/2025;29/04/2025;2025-06-10;CLI-0136;EMP-507;ENT-MTL;BD-1034;6;200,38;15,60;155,08;Représentant
CMD-105077;23/12/2025;2025-12-31;;CLI-0212;EMP-507;ENT-MTL;BD-1131;33;53,24;20,60;37,08;Représentant
CMD-103385;11/06/2025;2025-06-16;24/08/2025;CLI-0130;EMP-508;ENT-MTL;BD-1008;46;183,94;21,30;155,34;Portail web
CMD-105043;2025-12-18;24/12/2025;;CLI-0012;EMP-501;ENT-QC;BD-1127;7;225,29;25,20;174,31;Portail web
CMD-102355;07/01/2025;13-janv-25;01/03/2025;CLI-0079;EMP-509;ENT-MTL;BD-1134;8;107,16;2,50;61,77;Représentant
CMD-105008;12/12/2025;16/12/2025;;CLI-0099;EMP-505;ENT-MTL;BD-1128;6;115,53;20,20;78,87;Représentant
CMD-103275;27/05/2025;03/06/2025;27-juin-25;CLI-0199;EMP-504;ENT-QC;BD-1120;2;252,39;15,00;186,72;Représentant
CMD-103199;19/05/2025;21/05/2025;2025-06-29;CLI-0050;EMP-502;ENT-MTL;BD-1161;4;112,18;16,90;64,16;Téléphone
CMD-104970;03-déc-25;06/12/2025;;CLI-0041;EMP-508;ENT-SAG;BD-1068;4;493,27;12,50;342,49;Représentant
CMD-103916;20-août-25;28/08/2025;01/10/2025;CLI-0209;EMP-508;ENT-SAG;BD-1177;17;329,46;19,20;215,66;Portail web
CMD-103274;27/05/2025;03/06/2025;2025-07-25;CLI-0164;EMP-509;ENT-QC;BD-1034;3;225,05;5,30;182,99;Représentant
CMD-103190;2025-05-19;28/05/2025;06/07/2025;CLI-0054;EMP-507;ENT-MTL;BD-1104;3;98,94;10,60;76,70;Représentant
CMD-102602;03/03/2025;2025-03-08;01/04/2025;CLI-0158;EMP-507;ENT-MTL;BD-1159;4;266,34;7,80;169,65;Portail web
CMD-104886;21-nov-25;27/11/2025;;CLI-0073;EMP-501;ENT-MTL;BD-1148;3;405,57;11,80;302,28;Représentant
CMD-105098;2025-12-26;04/01/2026;;CLI-0050;EMP-502;ENT-MTL;BD-1077;6;304,30;11,00;171,09;Téléphone
CMD-102699;14/03/2025;23/03/2025;;CLI-0149;EMP-501;ENT-SAG;BD-1053;3;318,58;2,60;180,55;Courriel
CMD-103884;18/08/2025;24-août-25;14/10/2025;CLI-0209;EMP-508;ENT-QC;BD-1179;27;339,51;21,30;231,35;Représentant
CMD-104496;13-oct-25;16/10/2025;23/11/2025;CLI-0037;EMP-504;ENT-SAG;BD-1079;9;214,99;18,50;147,87;Téléphone
CMD-102947;18/04/2025;22/04/2025;2025-05-27;CLI-0026;EMP-506;ENT-MTL;BD-1094;8;182,31;10,60;124,30;Représentant
CMD-104301;26-sept-25;02/10/2025;06/11/2025;CLI-0063;EMP-503;ENT-QC;BD-1084;6;516,06;11,10;375,89;Représentant
CMD-103610;09/07/2025;2025-07-12;25/08/2025;CLI-0183;EMP-506;ENT-SAG;BD-1134;6;102,14;7,10;61,77;Salon
CMD-104158;15/09/2025;17/09/2025;2025-11-08;CLI-0102;EMP-506;ENT-QC;BD-1088;1;587,21;6,80;404,63;Téléphone
CMD-102547;2025-02-18;21/02/2025;29/04/2025;CLI-0202;EMP-504;ENT-MTL;BD-1102;2;464,06;4,30;260,69;Téléphone
CMD-103402;12/06/2025;21/06/2025;2025-07-25;CLI-0076;EMP-507;ENT-SAG;BD-1024;8;271,02;18,90;189,35;Portail web
CMD-104384;02/10/2025;11/10/2025;28/11/2025;CLI-0137;EMP-503;ENT-SAG;BD-1157;31;40,71;22,20;25,21;Téléphone
CMD-103876;18/08/2025;22/08/2025;19-sept-25;CLI-0154;EMP-507;ENT-QC;BD-1132;-2;173,32;12,70;128,45;Représentant
CMD-103215;21/05/2025;2025-05-30;13/07/2025;CLI-0213;EMP-508;ENT-MTL;BD-1064;6;121,57;3,00;70,89;Téléphone
CMD-104571;18/10/2025;2025-10-23;14/12/2025;CLI-0084;EMP-503;ENT-MTL;BD-1099;4;425,57;14,30;346,57;Représentant
CMD-104562;17/10/2025;2025-10-25;16/12/2025;CLI-0107;EMP-506;ENT-QC;BD-1076;1;523,10;6,80;338,68;Représentant
CMD-102538;17-févr-25;19/02/2025;24/03/2025;CLI-0132;EMP-507;ENT-MTL;BD-1031;2;431,87;16,90;300,62;Téléphone
CMD-103575;03-juil-25;05/07/2025;09/09/2025;CLI-0188;EMP-506;ENT-MTL;BD-1125;6;390,56;11,20;291,24;Représentant
CMD-102839;04/04/2025;11-avr-25;08/06/2025;CLI-0074;EMP-507;ENT-SAG;BD-1045;66;106,89;18,40;78,37;Portail web
CMD-103857;15/08/2025;23/08/2025;2025-09-24;CLI-0071;EMP-503;ENT-QC;BD-1056;6;478,61;2,70;293,14;Représentant
CMD-103279;28/05/2025;2025-06-04;25/07/2025;CLI-0161;EMP-508;ENT-MTL;BD-1125;1;429,64;2,30;291,24;Représentant
CMD-102337;2025-01-03;07/01/2025;03/02/2025;CLI-0185;EMP-508;ENT-MTL;BD-1147;12;467,89;21,80;346,92;Courriel
CMD-104144;12/09/2025;17/09/2025;01-nov-25;CLI-0089;EMP-502;ENT-MTL;BD-1170;23;28,33;19,40;16,95;Représentant
CMD-103723;30/07/2025;2025-08-02;30/09/2025;CLI-0205;EMP-505;ENT-QC;BD-1050;6;465,82;7,60;297,82;Portail web
CMD-104519;15/10/2025;23-oct-25;;CLI-0007;EMP-508;ENT-QC;BD-1079;3;244,29;7,40;147,87;Téléphone
CMD-103399;12/06/2025;2025-06-15;08/08/2025;CLI-0055;EMP-506;ENT-QC;BD-1064;12;119,42;4,70;70,89;Téléphone
CMD-103988;29-août-25;03/09/2025;12/11/2025;CLI-0131;EMP-502;ENT-SAG;BD-1021;24;302,34;16,90;242,82;Représentant
CMD-104681;2025-10-29;31/10/2025;;CLI-0131;EMP-502;ENT-MTL;BD-1098;2;395,20;10,40;309,76;Représentant
CMD-102948;18/04/2025;2025-04-27;07/06/2025;CLI-0034;EMP-507;ENT-MTL;BD-1178;8;181,07;11,80;119,43;Représentant
CMD-104215;2025-09-18;22/09/2025;;CLI-0073;EMP-501;ENT-MTL;BD-1080;8;292,97;11,40;208,57;Téléphone
CMD-102557;20/02/2025;28/02/2025;05-avr-25;CLI-0056;EMP-502;ENT-MTL;BD-1087;17;295,26;23,50;215,66;Téléphone
CMD-103072;05/05/2025;08/05/2025;2025-07-09;CLI-0105;EMP-502;ENT-QC;BD-1182;6;101,80;6,50;58,06;Téléphone
CMD-104338;30/09/2025;2025-10-08;30/10/2025;CLI-0081;EMP-502;ENT-MTL;BD-1045;2;109,67;16,30;78,37;Représentant
CMD-104611;23/10/2025;28/10/2025;25-nov-25;CLI-0034;EMP-507;ENT-MTL;BD-1172;2;353,41;15,60;221,22;Représentant
CMD-104435;08/10/2025;10/10/2025;2025-11-16;CLI-0061;EMP-503;ENT-SAG;BD-1153;6;175,96;12,30;116,00;Représentant
CMD-102552;19/02/2025;2025-02-23;06/04/2025;CLI-0076;EMP-507;ENT-QC;BD-1103;20;186,67;18,00;154,84;Courriel
CMD-104976;04/12/2025;08-déc-25;;CLI-0009;EMP-502;ENT-MTL;BD-1084;9;437,52;24,60;375,89;Représentant
CMD-103253;26/05/2025;2025-06-01;10/07/2025;CLI-0081;EMP-502;ENT-SAG;BD-1119;2;80,13;12,70;59,67;Courriel
CMD-102903;2025-04-14;20/04/2025;07/05/2025;CLI-0087;EMP-502;ENT-SAG;BD-1039;8;169,42;14,40;122,17;Représentant
CMD-104534;16/10/2025;2025-10-24;29/11/2025;CLI-0006;EMP-505;ENT-MTL;BD-1154;6;449,19;16,00;329,92;Salon
CMD-103576;03/07/2025;10/07/2025;2025-08-08;CLI-0217;EMP-506;ENT-MTL;BD-1046;7;354,37;25,80;372,17;Représentant
CMD-102694;14/03/2025;20/03/2025;2025-04-29;CLI-0199;EMP-504;ENT-QC;BD-1176;6;524,79;16,80;328,78;Représentant
CMD-102518;12/02/2025;2025-02-18;01/04/2025;CLI-0217;EMP-506;ENT-QC;BD-1005;3;250,47;23,40;208,35;Courriel
CMD-103989;29-août-25;01/09/2025;12/10/2025;CLI-0047;EMP-508;ENT-MTL;BD-1012;4;102,43;15,80;69,62;Représentant
CMD-103864;15/08/2025;21/08/2025;2025-10-08;CLI-0139;EMP-506;ENT-MTL;BD-1037;8;25,15;15,90;16,65;Représentant
CMD-102673;12/03/2025;2025-03-20;19/04/2025;CLI-0155;EMP-506;ENT-QC;BD-1156;8;266,29;11,90;164,64;Portail web
CMD-102750;24/03/2025;2025-03-26;02/05/2025;CLI-0074;EMP-507;ENT-QC;BD-1180;9;148,89;21,40;95,30;Représentant
CMD-102949;2025-04-18;20/04/2025;16/05/2025;CLI-0120;EMP-509;ENT-QC;BD-1051;4;120,58;7,00;79,76;Représentant
CMD-102338;2025-01-03;09/01/2025;16/02/2025;CLI-0031;EMP-509;ENT-MTL;BD-1167;24;316,50;14,70;209,73;Portail web
CMD-103985;28/08/2025;06/09/2025;08/10/2025;CLI-0035;EMP-503;ENT-QC;BD-1127;2;255,12;15,30;174,31;Salon
CMD-104490;13/10/2025;2025-10-22;20/11/2025;CLI-0057;EMP-507;ENT-QC;BD-1166;2;352,93;15,10;217,35;Portail web
CMD-102627;05-mars-25;08/03/2025;01/05/2025;CLI-0179;EMP-509;ENT-MTL;BD-1166;2;379,66;8,60;217,35;Représentant
CMD-104235;2025-09-20;29/09/2025;03/11/2025;CLI-0037;EMP-504;ENT-MTL;BD-1114;5;187,63;25,70;152,73;Représentant
CMD-104150;13/09/2025;15/09/2025;;CLI-0074;EMP-507;ENT-MTL;BD-1175;4;135,42;20,20;96,85;Représentant
CMD-103147;13/05/2025;2025-05-18;17/07/2025;CLI-0059;EMP-504;ENT-QC;BD-1129;9;57,78;19,60;46,45;Courriel
CMD-104399;06/10/2025;10/10/2025;2025-11-17;CLI-0220;EMP-506;ENT-QC;BD-1143;4;326,70;12,90;220,45;Représentant
CMD-104648;27/10/2025;04-nov-25;10/12/2025;CLI-0167;EMP-506;ENT-QC;BD-1072;8;367,79;7,10;236,88;Représentant
CMD-103289;28/05/2025;31/05/2025;2025-07-20;CLI-0193;EMP-509;ENT-MTL;BD-1001;1;290,13;13,50;219,63;Représentant
CMD-103986;28/08/2025;04/09/2025;27-oct-25;CLI-0193;EMP-509;ENT-SAG;BD-1041;2;213,39;15,80;163,24;Portail web
CMD-102624;05/03/2025;2025-03-10;23/04/2025;CLI-0167;EMP-506;ENT-MTL;BD-1104;3;103,19;6,80;76,70;Courriel
CMD-103973;27/08/2025;2025-09-04;05/10/2025;CLI-0132;EMP-507;ENT-QC;BD-1169;3;504,70;12,50;282,28;Portail web
CMD-103991;30/08/2025;2025-09-02;09/10/2025;CLI-0209;EMP-508;ENT-QC;BD-1003;6;225,18;24,50;227,23;
CMD-102956;21/04/2025;28/04/2025;29-mai-25;CLI-0070;EMP-503;ENT-MTL;BD-1053;3;320,21;2,10;180,55;Téléphone
CMD-102786;28/03/2025;04/04/2025;08-mai-25;CLI-0055;EMP-506;ENT-QC;BD-1175;4;157,15;7,40;96,85;Téléphone
CMD-103721;30/07/2025;05/08/2025;05/10/2025;CLI-0212;EMP-507;ENT-MTL;BD-1020;12;46,35;19,40;33,12;Représentant
CMD-103906;20/08/2025;27/08/2025;2025-10-03;CLI-0037;EMP-504;ENT-QC;BD-1053;8;257,89;21,20;180,55;Courriel
CMD-102406;17/01/2025;21/01/2025;16-mars-25;CLI-0118;EMP-504;ENT-MTL;BD-1167;4;317,22;14,50;209,73;Représentant
CMD-104105;10/09/2025;14/09/2025;25/10/2025;CLI-0009;EMP-502;ENT-MTL;BD-1040;5;349,75;20,60;274,41;Représentant
CMD-102670;12/03/2025;19/03/2025;;CLI-0199;EMP-504;ENT-QC;BD-1124;2;214,27;16,00;153,77;Représentant
CMD-104979;04-déc-25;10/12/2025;;CLI-0076;EMP-507;ENT-MTL;BD-1145;30;139,51;24,20;111,12;Représentant
CMD-103124;09/05/2025;15/05/2025;13-juil-25;CLI-0157;EMP-502;ENT-SAG;BD-1136;2;178,68;13,90;112,45;Représentant
CMD-105068;22/12/2025;31-déc-25;;CLI-0191;EMP-504;ENT-QC;BD-1173;2;333,69;16,30;212,35;Représentant
CMD-103977;28/08/2025;05/09/2025;2025-10-20;CLI-0132;EMP-507;ENT-QC;BD-1020;12;49,99;13,00;33,12;Représentant
CMD-103111;09/05/2025;17/05/2025;01-juil-25;CLI-0075;EMP-506;ENT-SAG;BD-1057;3;27,82;6,80;23,20;Représentant
CMD-103063;02/05/2025;11/05/2025;09-juin-25;CLI-0015;EMP-509;ENT-QC;BD-1108;2;259,49;5,00;169,96;Téléphone
CMD-103229;22-mai-25;29/05/2025;21/07/2025;CLI-0209;EMP-508;ENT-QC;BD-1137;6;33,96;20,70;25,59;Représentant
CMD-102723;19/03/2025;26/03/2025;2025-05-17;CLI-0212;EMP-507;ENT-MTL;BD-1005;9;243,35;25,60;208,35;Portail web
CMD-104778;10/11/2025;19/11/2025;;CLI-0045;EMP-502;ENT-QC;BD-1076;4;467,25;16,70;338,68;Téléphone
CMD-104255;2025-09-23;30/09/2025;25/11/2025;CLI-0175;EMP-505;ENT-QC;BD-1098;2;417,57;5,30;309,76;Représentant
CMD-104167;2025-09-16;20/09/2025;15/11/2025;CLI-0190;EMP-504;ENT-QC;BD-1148;4;435,32;5,30;302,28;Téléphone
CMD-102855;07/04/2025;14/04/2025;2025-05-23;CLI-0206;EMP-503;ENT-QC;BD-1038;24;482,57;12,50;319,94;Téléphone
CMD-102736;21/03/2025;30/03/2025;09-mai-25;CLI-0012;EMP-501;ENT-MTL;BD-1014;64;33,95;24,00;27,18;Représentant
CMD-103716;29/07/2025;2025-08-04;19/09/2025;CLI-0003;EMP-508;ENT-MTL;BD-1019;4;284,48;5,50;205,07;Courriel
CMD-102992;24/04/2025;26/04/2025;2025-06-06;CLI-0008;EMP-506;ENT-SAG;BD-1051;2;124,02;4,40;79,76;Représentant
CMD-104189;17/09/2025;26/09/2025;2025-11-14;CLI-0060;EMP-508;ENT-SAG;BD-1171;1;154,44;2,40;85,46;Portail web
CMD-104324;29-sept-25;01/10/2025;15/11/2025;CLI-0091;EMP-504;ENT-MTL;BD-1150;1;593,25;5,20;347,06;Représentant
CMD-103262;27/05/2025;2025-06-02;05/07/2025;CLI-0179;EMP-509;ENT-QC;BD-1049;3;51,60;5,60;31,22;Téléphone
CMD-103791;08/08/2025;13/08/2025;30/09/2025;CLI-0027;EMP-502;ENT-QC;BD-1047;6;98,58;7,50;71,53;Portail web
CMD-103152;2025-05-14;23/05/2025;;CLI-0094;EMP-502;ENT-QC;BD-1056;3;464,36;5,60;293,14;Représentant
CMD-104921;27/11/2025;04/12/2025;;CLI-0147;EMP-506;ENT-MTL;BD-1095;6;95,96;7,40;64,62;Représentant
CMD-103027;29/04/2025;05/05/2025;08/06/2025;CLI-0157;EMP-502;ENT-QC;BD-1167;2;317,08;14,60;209,73;Téléphone
CMD-103708;28/07/2025;2025-08-05;16/10/2025;CLI-0059;EMP-504;ENT-SAG;BD-1106;22;409,70;22,80;340,08;Représentant
CMD-104484;13/10/2025;21-oct-25;26/12/2025;CLI-0055;EMP-506;ENT-MTL;BD-1035;6;44,43;8,20;30,63;Représentant
CMD-103329;03/06/2025;07/06/2025;25-juil-25;CLI-0133;EMP-508;ENT-QC;BD-1139;8;311,58;13,10;203,11;Portail web
CMD-104891;22/11/2025;26-nov-25;;CLI-0175;EMP-505;ENT-MTL;BD-1111;6;203,52;8,20;148,90;Téléphone
CMD-104972;03/12/2025;2025-12-11;;CLI-0121;EMP-508;ENT-MTL;BD-1165;2;155,91;15,30;107,92;Portail web
CMD-104345;30/09/2025;09/10/2025;27/12/2025;CLI-0044;EMP-505;ENT-QC;BD-1083;1;275,89;10,20;189,32;Téléphone
CMD-104556;17/10/2025;20/10/2025;30/12/2025;CLI-0136;EMP-507;ENT-QC;BD-1177;8;366,44;10,10;215,66;Portail web
CMD-102608;04-mars-25;08/03/2025;31/03/2025;CLI-0185;EMP-508;ENT-QC;BD-1120;14;234,19;21,10;186,72;Représentant
CMD-105029;16/12/2025;2025-12-21;;CLI-0118;EMP-504;ENT-SAG;BD-1160;3;67,51;14,30;41,56;Portail web
CMD-102610;2025-03-04;09/03/2025;06/05/2025;CLI-0089;EMP-502;ENT-QC;BD-1108;6;208,15;23,80;169,96;Portail web
CMD-104536;16/10/2025;25/10/2025;2025-12-31;CLI-0209;EMP-508;ENT-QC;BD-1117;12;120,43;18,70;100,34;Téléphone
CMD-104244;22/09/2025;25/09/2025;2025-11-16;CLI-0158;EMP-507;ENT-QC;BD-1065;4;232,25;6,90;155,19;Représentant
CMD-103323;02/06/2025;2025-06-06;16/07/2025;CLI-0024;EMP-504;ENT-QC;BD-1055;2;313,55;4,50;213,75;Portail web
CMD-103935;23/08/2025;2025-08-26;17/10/2025;CLI-0212;EMP-507;ENT-QC;BD-1033;72;147,43;21,30;113,22;Représentant
CMD-103256;26/05/2025;03/06/2025;2025-07-12;CLI-0210;EMP-503;ENT-MTL;BD-1043;3;510,80;3,20;300,28;Portail web
CMD-104980;04/12/2025;2025-12-06;;CLI-0123;EMP-501;ENT-QC;BD-1100;6;480,20;10,50;369,19;Portail web
CMD-102598;03/03/2025;06/03/2025;28/04/2025;CLI-0166;EMP-503;ENT-MTL;BD-1072;6;355,96;10,10;200,75;Représentant
CMD-103897;19/08/2025;21-août-25;28/09/2025;CLI-0037;EMP-504;ENT-MTL;BD-1120;12;237,46;20,00;186,72;Représentant
CMD-103836;00/00/0000;2025-08-17;;CLI-0144;EMP-502;ENT-MTL;BD-1135;12;65,34;10,90;40,73;Représentant
CMD-104899;25/11/2025;28/11/2025;;CLI-0074;EMP-507;ENT-QC;BD-1180;9;0,00;22,10;95,30;Représentant
CMD-104317;27/09/2025;02/10/2025;18-nov-25;CLI-0071;EMP-503;ENT-QC;BD-1083;3;300,48;2,20;189,32;Représentant
CMD-105036;17-déc-25;20/12/2025;;CLI-0014;EMP-502;ENT-MTL;BD-1069;8;363,62;8,80;239,15;Représentant
CMD-104813;13/11/2025;22/11/2025;2025-12-19;CLI-0099;EMP-505;ENT-QC;BD-1178;18;152,04;25,90;119,43;Représentant
CMD-102570;22/02/2025;03-mars-25;04/04/2025;CLI-0218;EMP-503;ENT-MTL;BD-1181;2;605,80;3,00;312,40;Portail web
CMD-102822;02/04/2025;05/04/2025;28-mai-25;CLI-0037;EMP-504;ENT-MTL;BD-1037;16;24,03;19,70;16,65;Représentant
CMD-104855;19/11/2025;2025-11-24;22/12/2025;CLI-0127;EMP-503;ENT-MTL;BD-1065;6;217,52;12,80;155,19;Représentant
CMD-102625;05/03/2025;14/03/2025;2025-04-21;CLI-0076;EMP-507;ENT-SAG;BD-1119;7;70,78;22,90;59,67;Représentant
CMD-103739;01/08/2025;08/08/2025;28-sept-25;CLI-0182;EMP-503;ENT-QC;BD-1009;24;94,56;10,10;67,67;Représentant
CMD-103131;10/05/2025;13-mai-25;17/06/2025;CLI-0191;EMP-504;ENT-QC;BD-1107;1;189,30;14,10;150,54;Téléphone
CMD-104892;22/11/2025;30/11/2025;;CLI-0116;EMP-509;ENT-SAG;BD-1101;3;94,09;13,30;75,83;Courriel
CMD-103387;11/06/2025;20/06/2025;01-août-25;CLI-0116;EMP-509;ENT-QC;BD-1116;6;76,50;13,70;60,17;Téléphone
CMD-104908;25/11/2025;2025-11-28;;CLI-0099;EMP-505;ENT-MTL;BD-1140;10;48,29;24,00;41,26;Portail web
CMD-103196;19/05/2025;21/05/2025;2025-07-23;CLI-0009;EMP-502;ENT-MTL;BD-1058;11;198,10;19,10;149,54;Téléphone
CMD-104966;03-déc-25;06/12/2025;;CLI-0137;EMP-503;ENT-MTL;BD-1178;4;160,91;21,60;119,43;Représentant
CMD-103927;22/08/2025;24/08/2025;2025-10-03;CLI-0130;EMP-508;ENT-MTL;BD-1061;25;94,10;20,30;76,81;Portail web
CMD-103873;16/08/2025;18/08/2025;2025-10-09;CLI-0031;EMP-509;ENT-MTL;BD-1023;6;332,58;11,90;244,32;Représentant
CMD-104427;08/10/2025;16-oct-25;02/12/2025;CLI-0102;EMP-506;ENT-SAG;BD-1098;1;404,79;8,20;309,76;Portail web
CMD-102454;28/01/2025;02-févr-25;12/03/2025;CLI-0023;EMP-505;ENT-MTL;BD-1128;4;140,92;2,70;78,87;Salon
CMD-104384;02/10/2025;11/10/2025;2025-11-28;CLI-0137;EMP-503;ENT-SAG;BD-1065;7;193,93;22,20;155,19;Représentant
CMD-104354;01/10/2025;04/10/2025;2025-11-19;CLI-0051;EMP-509;ENT-SAG;BD-1089;4;309,05;2,40;189,92;Représentant
CMD-102894;12/04/2025;16-avr-25;15/05/2025;CLI-0209;EMP-508;ENT-MTL;BD-1060;8;323,90;18,20;246,98;Téléphone
CMD-105097;26/12/2025;2025-12-30;;CLI-0167;EMP-506;ENT-MTL;BD-1015;3;517,86;2,50;325,38;Représentant
CMD-102913;15/04/2025;19/04/2025;2025-06-09;CLI-0019;EMP-502;ENT-QC;BD-1137;12;41,77;2,40;25,59;Portail web
CMD-104294;2025-09-25;27/09/2025;19/11/2025;CLI-0132;EMP-507;ENT-MTL;BD-1093;3;188,37;15,80;159,25;Téléphone
CMD-104842;18/11/2025;25/11/2025;;CLI-0012;EMP-501;ENT-SAG;BD-1003;18;238,69;20,00;227,23;Représentant
CMD-103265;27/05/2025;30/05/2025;2025-07-20;CLI-0141;EMP-502;ENT-MTL;BD-1050;1;420,69;16,60;297,82;Représentant
CMD-103553;01-juil-25;08/07/2025;28/08/2025;CLI-0031;EMP-509;ENT-QC;BD-1124;6;212,92;16,50;153,77;Représentant
CMD-103540;30/06/2025;2025-07-02;22/08/2025;CLI-0214;EMP-508;ENT-SAG;BD-1115;3;70,51;5,60;47,23;Représentant
CMD-103499;25/06/2025;03/07/2025;21/08/2025;CLI-0155;EMP-506;ENT-QC;BD-1061;12;102,33;13,40;76,81;Portail web
CMD-103933;2025-08-22;31/08/2025;27/10/2025;CLI-0137;EMP-503;ENT-QC;BD-1105;10;200,32;22,70;169,61;Téléphone
CMD-103494;24-juin-25;29/06/2025;24/08/2025;CLI-0056;EMP-502;ENT-QC;BD-1041;12;190,97;24,70;163,24;Représentant
CMD-103952;25/08/2025;2025-08-29;03/10/2025;CLI-0062;EMP-507;ENT-SAG;BD-1030;3;160,35;12,40;119,13;Représentant
CMD-102971;22/04/2025;01/05/2025;07/06/2025;CLI-0155;EMP-506;ENT-MTL;BD-1104;3;95,58;13,60;76,70;Représentant
CMD-103783;07/08/2025;13/08/2025;25/09/2025;CLI-0137;EMP-503;ENT-QC;BD-1063;22;277,57;24,60;247,24;Téléphone
CMD-103506;25/06/2025;28/06/2025;2025-07-19;CLI-0006;EMP-505;ENT-MTL;BD-1038;6;490,80;11,10;319,94;Courriel
CMD-104286;25/09/2025;27/09/2025;25/11/2025;CLI-0129;EMP-508;ENT-SAG;BD-1038;12;528,01;4,30;319,94;Portail web
CMD-104401;06-oct-25;11/10/2025;30/11/2025;CLI-0212;EMP-507;ENT-SAG;BD-1018;9;355,57;23,50;247,17;Représentant
CMD-104017;02/09/2025;2025-09-04;10/10/2025;CLI-0090;EMP-505;ENT-QC;BD-1098;1;366,40;16,90;309,76;Représentant
CMD-103946;2025-08-25;31/08/2025;20/10/2025;CLI-0217;EMP-506;ENT-SAG;BD-1168;8;320,59;19,90;229,43;Représentant
CMD-103156;14/05/2025;2025-05-22;14/07/2025;CLI-0037;EMP-504;ENT-QC;BD-1045;5;101,42;22,60;78,37;Représentant
CMD-104208;18/09/2025;2025-09-25;21/11/2025;CLI-0157;EMP-502;ENT-MTL;BD-1080;2;283,43;14,30;208,57;Téléphone
CMD-105020;15/12/2025;2025-12-23;;CLI-0100;EMP-505;ENT-MTL;BD-1133;8;92,90;8,40;62,95;Téléphone
CMD-103207;20/05/2025;22/05/2025;2025-07-08;CLI-0009;EMP-502;ENT-QC;BD-1046;11;368,46;22,80;372,17;Portail web
CMD-102818;02/04/2025;09/04/2025;2025-05-29;CLI-0076;EMP-507;ENT-MTL;BD-1019;3;231,82;23,00;173,78;Courriel
CMD-103016;28/04/2025;30/04/2025;11-juin-25;CLI-0185;EMP-508;ENT-SAG;BD-1160;36;58,32;25,90;41,56;Représentant
CMD-102404;17/01/2025;2025-01-22;10/03/2025;CLI-0053;EMP-509;ENT-MTL;BD-1090;24;84,90;11,40;58,79;Téléphone
CMD-104541;16/10/2025;20/10/2025;01-déc-25;CLI-0123;EMP-501;ENT-MTL;BD-1087;1;321,46;16,70;215,66;Représentant
CMD-103325;02/06/2025;08/06/2025;2025-07-07;CLI-0009;EMP-502;ENT-QC;BD-1019;5;224,66;25,40;205,07;Portail web
CMD-104319;29/09/2025;08-oct-25;22/11/2025;CLI-0042 ;EMP-505;ENT-MTL;BD-1157;3;47,06;10,10;25,21;Représentant
CMD-103654;16-juil-25;19/07/2025;29/08/2025;CLI-0193;EMP-509;ENT-MTL;BD-1113;12;355,44;16,80;281,81;Salon
CMD-102606;03/03/2025;08/03/2025;2025-04-26;CLI-0039;EMP-503;ENT-QC;BD-1111;6;202,56;8,60;148,90;Courriel
CMD-103212;21/05/2025;24/05/2025;18-juin-25;CLI-0034;EMP-507;ENT-MTL;BD-1115;2;63,15;15,40;47,23;Téléphone
CMD-105024;15/12/2025;19/12/2025;;CLI-0169;EMP-507;ENT-SAG;BD-1167;3;327,13;11,90;209,73;Portail web
CMD-102681;13-mars-25;17/03/2025;31/05/2025;CLI-0049;EMP-508;ENT-SAG;BD-1175;3;143,18;15,70;96,85;Représentant
CMD-102510;11/02/2025;16-févr-25;07/04/2025;CLI-0076;EMP-507;ENT-QC;BD-1063;2;290,12;21,20;247,24;Représentant
CMD-104692;30/10/2025;2025-11-03;22/12/2025;CLI-0105;EMP-502;ENT-MTL;BD-1087;3;353,15;8,50;215,66;Représentant
CMD-103787;2025-08-07;13/08/2025;02/10/2025;CLI-0152;EMP-503;ENT-MTL;BD-1061;3;113,15;4,20;76,81;Représentant
CMD-102798;31/03/2025;08/04/2025;2025-05-17;CLI-0006;EMP-505;ENT-SAG;BD-1169;4;501,17;13,10;282,28;Téléphone
CMD-103532;28/06/2025;2025-07-03;23/08/2025;CLI-0080;EMP-506;ENT-SAG;BD-1126;4;171,87;15,10;133,03;Représentant
CMD-103589;05/07/2025;12-juil-25;25/08/2025;CLI-0191;EMP-504;ENT-MTL;BD-1025;24;201,01;14,00;149,35;Représentant
CMD-103262;27/05/2025;02/06/2025;05-juil-25;CLI-0179;EMP-509;ENT-QC;BD-1119;6;86,72;5,60;59,67;Téléphone
CMD-102464;30/01/2025;03/02/2025;2025-03-20;CLI-0148;EMP-501;ENT-SAG;BD-1155;2;483,65;10,70;329,15;Représentant
CMD-103005;25/04/2025;03/05/2025;26/05/2025;CLI-0217;EMP-506;ENT-MTL;BD-1060;30;297,39;24,90;246,98;Portail web
CMD-104993;09/12/2025;14/12/2025;;CLI-0197;EMP-507;ENT-MTL;BD-1008;12;226,35;3,20;155,34;Portail web
CMD-103304;30/05/2025;05/06/2025;25-août-25;CLI-0051;EMP-509;ENT-SAG;BD-1111;6;215,50;2,70;148,90;Représentant
CMD-102901;14/04/2025;2025-04-21;27/05/2025;CLI-0056;EMP-502;ENT-QC;BD-1163;2;462,00;24,70;300,77;Téléphone
CMD-103867;2025-08-15;23/08/2025;01/10/2025;CLI-0167;EMP-506;ENT-QC;BD-1038;8;518,90;6,00;319,94;Représentant
CMD-103874;18/08/2025;2025-08-20;26/09/2025;CLI-0203;EMP-503;ENT-SAG;BD-1049;2;50,31;7,90;31,22;Représentant
CMD-104344;30/09/2025;2025-10-03;25/11/2025;CLI-0200;EMP-509;ENT-MTL;BD-1059;12;474,02;10,10;391,48;Représentant
CMD-104162;15/09/2025;17/09/2025;23-oct-25;CLI-0072;EMP-501;ENT-SAG;BD-1073;2;398,28;11,40;307,22;Téléphone
CMD-105016;2025-12-12;17/12/2025;;CLI-0148;EMP-501;ENT-SAG;BD-1141;4;439,06;12,10;314,24;Représentant
CMD-104982;05/12/2025;07/12/2025;;CLI-0155;EMP-506;ENT-MTL;BD-1083;1;263,66;14,20;189,32;Représentant
CMD-103984;2025-08-28;31/08/2025;15/10/2025;CLI-0099;EMP-505;ENT-MTL;BD-1062;7;142,35;20,80;135,59;Représentant
CMD-103957;26/08/2025;28/08/2025;2025-10-14;CLI-0001;EMP-508;ENT-SAG;BD-1167;12;355,92;4,10;209,73;Représentant
CMD-103941;25/08/2025;03/09/2025;22/10/2025;CLI-0186;EMP-507;ENT-SAG;BD-1040;3;414,97;5,80;274,41;Représentant
CMD-102684;13/03/2025;18/03/2025;20/05/2025;CLI-0219;EMP-505;ENT-MTL;BD-1147;3;564,54;5,60;346,92;Téléphone
CMD-103232;22/05/2025;2025-05-26;11/07/2025;CLI-0025;EMP-509;ENT-SAG;BD-1039;3;177,75;10,20;122,17;Représentant
CMD-104767;2025-11-07;11/11/2025;10/12/2025;CLI-0195;EMP-506;ENT-MTL;BD-1077;3;301,17;11,90;171,09;Représentant
CMD-102396;16/01/2025;2025-01-22;05/03/2025;CLI-0026;EMP-506;ENT-QC;BD-1016;2;362,31;12,30;224,02;Portail web
CMD-103029;29/04/2025;2025-05-08;08/07/2025;CLI-0173;EMP-508;ENT-QC;BD-1044;2;289,05;10,50;199,55;Portail web
CMD-102568;21/02/2025;23/02/2025;2025-04-23;CLI-0130;EMP-508;ENT-QC;BD-1155;12;402,02;25,80;329,15;Représentant
CMD-104682;29/10/2025;05/11/2025;;CLI-0009;EMP-502;ENT-QC;BD-1088;13;467,01;25,90;404,63;Courriel
CMD-104821;2025-11-14;16/11/2025;;CLI-0084;EMP-503;ENT-MTL;BD-1175;6;145,91;14,00;96,85;Représentant
CMD-103912;20/08/2025;2025-08-28;13/10/2025;CLI-0128;EMP-502;ENT-MTL;BD-1036;1;226,94;11,60;191,63;Portail web
CMD-104211;18/09/2025;20/09/2025;08-nov-25;CLI-0138;EMP-506;ENT-SAG;BD-1160;3;74,13;5,90;41,56;Courriel
CMD-104555;17/10/2025;22/10/2025;;CLI-0132;EMP-507;ENT-MTL;BD-1146;4;328,80;12,50;225,52;Téléphone
CMD-104045;04/09/2025;2025-09-12;29/10/2025;CLI-0130;EMP-508;ENT-QC;BD-1057;25;22,53;24,50;23,20;Téléphone
CMD-102344;06/01/2025;2025-01-13;16/02/2025;CLI-0002;EMP-509;ENT-MTL;BD-1156;4;275,93;8,70;164,64;Portail web
CMD-103062;2025-05-02;11/05/2025;30/06/2025;CLI-0096;EMP-504;ENT-SAG;BD-1119;1;86,14;6,20;59,67;Représentant
CMD-104361;01/10/2025;09/10/2025;08/12/2025;CLI-0202;EMP-504;ENT-MTL;BD-1154;4;508,04;5,00;329,92;Courriel
CMD-104670;28/10/2025;2025-10-30;10/12/2025;CLI-0188;EMP-506;ENT-MTL;BD-1097;12;317,99;13,60;253,06;Représentant
CMD-102823;02/04/2025;2025-04-04;17/05/2025;CLI-0059;EMP-504;ENT-QC;BD-1139;7;293,44;18,20;203,11;Téléphone
CMD-104724;03/11/2025;07/11/2025;;CLI-0057;EMP-507;ENT-MTL;BD-1083;6;273,69;10,90;189,32;Représentant
CMD-103609;2025-07-09;15/07/2025;28/08/2025;CLI-0037;EMP-504;ENT-MTL;BD-1112;3;92,02;19,90;67,02;Représentant
CMD-102901;14-avr-25;21/04/2025;27/05/2025;CLI-0056;EMP-502;ENT-QC;BD-1178;16;154,66;24,70;119,43;Téléphone
CMD-104245;22/09/2025;2025-09-26;15/11/2025;CLI-0025;EMP-509;ENT-QC;BD-1045;4;110,46;15,70;78,37;Représentant
CMD-103705;2025-07-26;29/07/2025;08/09/2025;CLI-0160;EMP-508;ENT-QC;BD-1009;2;102,53;2,50;67,67;Représentant
CMD-103061;02/05/2025;05/05/2025;11-juin-25;CLI-0173;EMP-508;ENT-MTL;BD-1055;3;273,91;16,60;213,75;Représentant
CMD-102631;2025-03-06;15/03/2025;06/05/2025;CLI-0012;EMP-501;ENT-QC;BD-1107;24;179,70;18,40;150,54;Téléphone
CMD-104383;02-oct-25;11/10/2025;16/12/2025;CLI-0135;EMP-506;ENT-MTL;BD-1080;1;292,80;11,40;208,57;Représentant
CMD-104840;2025-11-18;27/11/2025;31/12/2025;CLI-0001;EMP-508;ENT-QC;BD-1097;2;342,14;7,00;253,06;Représentant
CMD-102530;14/02/2025;23/02/2025;2025-03-24;CLI-0148;EMP-501;ENT-MTL;BD-1075;1;90,06;10,60;60,99;Courriel
CMD-102648;10/03/2025;18/03/2025;2025-05-09;CLI-0017;EMP-507;ENT-QC;BD-1163;24;544,71;11,20;300,77;Téléphone
CMD-102991;2025-04-24;02/05/2025;22/06/2025;CLI-0066;EMP-507;ENT-SAG;BD-1114;2;224,88;11,00;152,73;Représentant
CMD-102962;21/04/2025;23/04/2025;09-juin-25;CLI-0135;EMP-506;ENT-QC;BD-1090;1;81,38;15,10;58,79;Représentant
CMD-104683;29/10/2025;2025-11-01;26/12/2025;CLI-0212;EMP-507;ENT-SAG;BD-1096;15;222,10;25,00;205,70;Téléphone
CMD-103826;2025-08-12;19/08/2025;18/09/2025;CLI-0037;EMP-504;ENT-MTL;BD-1007;14;80,63;22,00;57,14;Téléphone
CMD-104576;2025-10-20;29/10/2025;16/11/2025;CLI-0185;EMP-508;ENT-QC;BD-1127;25;224,72;25,40;174,31;Portail web
CMD-105120;30-déc-25;05/01/2026;;CLI-0171;EMP-507;ENT-QC;BD-1034;2;231,49;2,50;182,99;Représentant
CMD-102507;2025-02-10;18/02/2025;23/03/2025;CLI-0165;EMP-507;ENT-MTL;BD-1178;4;199,96;2,60;119,43;Téléphone
CMD-103071;03/05/2025;10/05/2025;2025-07-02;CLI-0148;EMP-501;ENT-QC;BD-1178;1;170,68;16,90;119,43;Portail web
CMD-103983;28/08/2025;2025-09-03;26/09/2025;CLI-0118;EMP-504;ENT-MTL;BD-1117;2;132,41;10,60;100,34;Portail web
CMD-102376;2025-01-11;15/01/2025;02/02/2025;CLI-0043;EMP-506;ENT-QC;BD-1091;3;491,37;13,50;284,93;Représentant
CMD-102698;14/03/2025;21/03/2025;2025-05-24;CLI-0053;EMP-509;ENT-MTL;BD-1145;0;153,61;16,60;111,12;Représentant
CMD-105085;24/12/2025;02-janv-26;;CLI-0211;EMP-504;ENT-MTL;BD-1074;1;167,74;13,60;130,44;Représentant
CMD-104382;2025-10-02;10/10/2025;14/11/2025;CLI-0006;EMP-505;ENT-QC;BD-1134;3;98,55;10,40;61,77;Téléphone
CMD-104457;09/10/2025;2025-10-14;23/11/2025;CLI-0134;EMP-509;ENT-SAG;BD-1169;6;560,71;2,80;282,28;Portail web
CMD-103022;29/04/2025;01/05/2025;2025-07-01;CLI-0001;EMP-508;ENT-MTL;BD-1057;2;27,55;7,70;19,66;Courriel
CMD-103964;26/08/2025;2025-08-28;08/11/2025;CLI-0062;EMP-507;ENT-MTL;BD-1049;6;46,06;15,70;31,22;Représentant
CMD-102751;24-mars-25;29/03/2025;03/05/2025;CLI-0035;EMP-503;ENT-MTL;BD-1017;4;468,50;16,90;313,71;Portail web
CMD-102479;03/02/2025;05/02/2025;2025-04-14;CLI-0076;EMP-507;ENT-SAG;BD-1037;17;22,40;25,10;16,65;Courriel
CMD-103949;25-août-25;28/08/2025;28/10/2025;CLI-0063;EMP-503;ENT-QC;BD-1164;3;170,84;12,40;100,45;Portail web
CMD-104377;02/10/2025;2025-10-05;03/11/2025;CLI-0066;EMP-507;ENT-MTL;BD-1145;2;159,35;13,50;111,12;Portail web
CMD-102811;2025-04-01;08/04/2025;06/06/2025;CLI-0076;EMP-507;ENT-MTL;BD-1046;7;383,60;19,60;315,40;Téléphone
CMD-102685;2025-03-13;15/03/2025;20/05/2025;CLI-0022;EMP-506;ENT-QC;BD-1176;12;593,87;5,80;328,78;Courriel
CMD-103455;2025-06-19;25/06/2025;02/08/2025;CLI-0209;EMP-508;ENT-QC;BD-1047;9;81,78;23,30;71,53;Portail web
CMD-103237;23/05/2025;26/05/2025;18-août-25;CLI-0132;EMP-507;ENT-MTL;BD-1040;2;376,09;14,70;274,41;Représentant
CMD-102911;15/04/2025;22/04/2025;2025-05-28;CLI-0169;EMP-507;ENT-MTL;BD-1046;4;416,21;12,80;315,40;Représentant
CMD-103476;21/06/2025;2025-06-29;25/07/2025;CLI-0116;EMP-509;ENT-QC;BD-1032;4;486,41;11,10;409,59;Représentant
CMD-102683;2025-03-13;21/03/2025;27/04/2025;CLI-0062;EMP-507;ENT-SAG;BD-1152;4;404,89;15,80;271,40;Portail web
CMD-103246;23/05/2025;01-juin-25;17/07/2025;cli-0204;EMP-506;ENT-SAG;BD-1159;24;279,45;3,30;169,65;Salon
CMD-102679;13/03/2025;19/03/2025;2025-05-27;CLI-0108;EMP-503;ENT-QC;BD-1166;6;364,60;12,20;217,35;Représentant
CMD-103746;02/08/2025;10/08/2025;2025-09-21;CLI-0074;EMP-507;ENT-MTL;BD-9227;5;158,54;22,80;119,43;Représentant
CMD-103373;10/06/2025;2025-06-14;10/07/2025;CLI-0005;EMP-503;ENT-QC;BD-1016;1;395,06;4,40;224,02;Courriel
CMD-103214;21/05/2025;25/05/2025;2025-07-11;CLI-0131;EMP-502;ENT-QC;BD-1031;4;432,90;16,70;300,62;Courriel
CMD-103782;2025-08-07;15/08/2025;07/10/2025;CLI-0219;EMP-505;ENT-MTL;BD-1022;8;429,30;5,50;298,47;Téléphone
CMD-104633;25/10/2025;30/10/2025;;CLI-0038;EMP-507;ENT-MTL;BD-1145;1;158,04;14,20;111,12;Représentant
CMD-102567;21-févr-25;25/02/2025;24/03/2025;CLI-0145;EMP-504;ENT-SAG;BD-1147;3;585,78;2,10;346,92;Représentant
CMD-104049;04/09/2025;08-sept-25;04/11/2025;CLI-0137;EMP-503;ENT-MTL;BD-1181;1;499,11;20,10;312,40;Représentant
CMD-104963;02/12/2025;10-déc-25;;CLI-0074;EMP-507;ENT-SAG;BD-1072;8;308,13;22,10;236,88;Représentant
CMD-102690;14-mars-25;18/03/2025;;CLI-0141;EMP-502;ENT-QC;BD-1035;6;43,18;10,70;30,63;Courriel
CMD-102614;04/03/2025;2025-03-08;21/04/2025;CLI-0080;EMP-506;ENT-QC;BD-1178;4;171,77;16,30;119,43;Salon
CMD-102384;14/01/2025;22/01/2025;2025-03-23;CLI-0203;EMP-503;ENT-QC;BD-1153;1;191,78;4,40;116,00;Téléphone
CMD-103832;13/08/2025;2025-08-19;28/09/2025;CLI-0129;EMP-508;ENT-MTL;BD-1139;3;330,51;7,90;203,11;Téléphone
CMD-103519;26-juin-25;29/06/2025;05/08/2025;CLI-0080;EMP-506;ENT-SAG;BD-1049;2;47,28;13,50;31,22;Téléphone
CMD-104955;2025-12-01;04/12/2025;;CLI-0161;EMP-508;ENT-QC;BD-1065;4;237,75;4,70;155,19;Téléphone
CMD-103018;2025-04-28;04/05/2025;27/06/2025;CLI-0056;EMP-502;ENT-MTL;BD-1091;15;451,12;20,60;284,93;Portail web
CMD-105095;2025-12-25;02/01/2026;;CLI-0192;EMP-505;ENT-SAG;BD-1077;1;311,84;8,80;171,09;Représentant
CMD-104051;04/09/2025;08/09/2025;2025-10-10;CLI-0017;EMP-507;ENT-MTL;BD-1157;2;44,16;15,60;25,21;Téléphone
CMD-103254;2025-05-26;04/06/2025;06/07/2025;CLI-0011;EMP-507;ENT-MTL;BD-1097;4;335,76;8,80;253,06;Représentant
CMD-104502;14/10/2025;2025-10-17;;CLI-0009;EMP-502;ENT-SAG;BD-1169;12;446,55;22,60;282,28;Portail web
CMD-104492;13/10/2025;22/10/2025;30/11/2025;CLI-0061;EMP-503;ENT-SAG;BD-1025;2;205,62;12,10;149,35;Courriel
CMD-104644;2025-10-27;05/11/2025;;CLI-0217;EMP-506;ENT-SAG;BD-1156;7;225,00;25,50;164,64;Portail web
CMD-104669;28/10/2025;31/10/2025;24-déc-25;CLI-0200;EMP-509;ENT-MTL;BD-1097;2;312,90;15,00;253,06;Téléphone
CMD-104616;23/10/2025;2025-10-27;15/12/2025;CLI-0006;EMP-505;ENT-SAG;BD-1157;6;44,84;14,30;25,21;Représentant
CMD-103145;13/05/2025;20/05/2025;2025-07-05;CLI-0012;EMP-501;ENT-SAG;BD-1091;6;456,26;19,70;336,22;Téléphone
CMD-104467;10/10/2025;13/10/2025;2025-11-19;CLI-0208;EMP-507;ENT-SAG;BD-1080;8;288,37;12,80;208,57;Téléphone
CMD-103493;24/06/2025;28-juin-25;16/08/2025;CLI-0191;EMP-504;ENT-MTL;BD-1044;2;270,33;16,30;199,55;Représentant
CMD-104901;25/11/2025;27-nov-25;;CLI-0162;EMP-508;ENT-MTL;BD-1172;6;373,01;10,90;221,22;Représentant
CMD-103079;05/05/2025;2025-05-12;27/05/2025;CLI-0037;EMP-504;ENT-QC;BD-1054;5;360,96;22,50;262,94;Portail web
CMD-103652;16/07/2025;24/07/2025;2025-09-10;CLI-0076;EMP-507;ENT-QC;BD-1075;4;78,47;22,10;71,97;Courriel
CMD-103636;14/07/2025;2025-07-18;10/09/2025;CLI-0148;EMP-501;ENT-MTL;BD-1033;6;163,50;12,70;113,22;Représentant
CMD-102599;03/03/2025;2025-03-11;06/04/2025;CLI-0001;EMP-508;ENT-QC;BD-1158;4;326,45;6,60;184,61;Courriel
CMD-104268;24/09/2025;2025-09-28;05/12/2025;CLI-0217;EMP-506;ENT-MTL;BD-1052;79;247,63;19,40;183,03;Courriel
CMD-104591;21-oct-25;28/10/2025;27/11/2025;CLI-0049;EMP-508;ENT-MTL;BD-1068;8;492,25;12,70;342,49;Portail web
CMD-104422;07/10/2025;09/10/2025;2025-12-05;CLI-0185;EMP-508;ENT-QC;BD-1122;12;258,50;24,20;212,67;N/A
CMD-104554;17-oct-25;22/10/2025;16/12/2025;CLI-0111;EMP-507;ENT-SAG;BD-1072;8;365,22;7,70;236,88;Courriel
CMD-103866;15/08/2025;2025-08-18;26/09/2025;CLI-0209;EMP-508;ENT-QC;BD-1098;24;357,84;18,80;309,76;Portail web
CMD-102786;28/03/2025;2025-04-04;08/05/2025;CLI-0055;EMP-506;ENT-QC;BD-1171;8;146,56;7,40;85,46;Portail web
CMD-104633;25/10/2025;30/10/2025;;CLI-0038;EMP-507;ENT-MTL;BD-1070;2;65,39;14,20;48,05;Téléphone
CMD-104781;10/11/2025;19/11/2025;2025-12-25;CLI-0048;EMP-508;ENT-MTL;BD-1046;3;414,95;13,10;372,17;Représentant
CMD-104722;03/11/2025;11-nov-25;;CLI-0169;EMP-507;ENT-QC;BD-1082;8;411,09;13,50;335,40;Téléphone
CMD-103636;14/07/2025;2025-07-18;10/09/2025;CLI-0148;EMP-501;ENT-MTL;BD-1173;8;347,85;12,70;212,35;Téléphone
CMD-104537;2025-10-16;21/10/2025;23/12/2025;CLI-0053;EMP-509;ENT-QC;BD-1081;3;500,85;15,60;364,83;Téléphone
CMD-102547;18/02/2025;21/02/2025;29-avr-25;CLI-0202;EMP-504;ENT-MTL;BD-1062;6;172,01;4,30;114,90;Téléphone
CMD-102553;19/02/2025;27/02/2025;2025-04-19;CLI-0025;EMP-509;ENT-MTL;BD-1058;12;211,90;13,40;149,54;Portail web
CMD-104210;18/09/2025;2025-09-26;31/10/2025;CLI-0074;EMP-507;ENT-MTL;BD-1165;7;143,62;22,00;107,92;Représentant
CMD-103810;11/08/2025;2025-08-18;07/10/2025;CLI-0207;EMP-501;ENT-QC;BD-1004;8;255,56;6,80;158,83;Portail web
CMD-102362;08/01/2025;2025-01-10;23/02/2025;CLI-0056;EMP-502;ENT-QC;BD-1161;9;108,86;19,40;64,16;Représentant
CMD-102847;05/04/2025;08/04/2025;2025-05-21;CLI-0143;EMP-503;ENT-SAG;BD-1159;4;255,09;11,70;169,65;Représentant
CMD-104395;04/10/2025;06/10/2025;2025-11-15;CLI-0185;EMP-508;ENT-MTL;BD-1029;5;311,38;20,50;243,45;Téléphone
CMD-104246;22/09/2025;28-sept-25;30/10/2025;CLI-0073;EMP-501;ENT-MTL;BD-1092;12;238,23;15,60;168,72;Téléphone
CMD-102332;02/01/2025;11-janv-25;15/02/2025;CLI-0133;EMP-508;ENT-MTL;BD-1152;4;419,82;12,70;271,40;Représentant
CMD-102367;09/01/2025;13/01/2025;2025-02-17;CLI-0162;EMP-508;ENT-QC;BD-1182;6;95,00;12,70;58,06;Téléphone
CMD-102768;27/03/2025;04/04/2025;2025-05-21;CLI-0044;EMP-505;ENT-QC;BD-1090;2;80,34;16,20;58,79;Téléphone
CMD-103588;05/07/2025;10/07/2025;2025-08-25;CLI-0054;EMP-507;ENT-QC;BD-1063;2;317,18;13,90;247,24;Portail web
CMD-103586;2025-07-04;13/07/2025;24/08/2025;CLI-0118;EMP-504;ENT-QC;BD-1174;1;259,43;12,10;169,01;Représentant
CMD-103360;06/06/2025;2025-06-10;31/07/2025;CLI-0048;EMP-508;ENT-QC;BD-1177;3;354,48;13,00;215,66;Téléphone
CMD-105048;18-déc-25;24/12/2025;;CLI-0185;EMP-508;ENT-MTL;BD-1077;19;263,10;23,00;171,09;Représentant
CMD-103237;23/05/2025;2025-05-26;18/08/2025;CLI-0132;EMP-507;ENT-MTL;BD-1053;8;279,17;14,70;180,55;Courriel
CMD-103611;09/07/2025;15-juil-25;10/08/2025;CLI-0212;EMP-507;ENT-MTL;BD-1009;17;0,00;19,10;67,67;Représentant
CMD-102986;24/04/2025;01/05/2025;06-juin-25;CLI-0049;EMP-508;ENT-MTL;BD-1038;6;492,00;10,80;319,94;Représentant
CMD-104556;17/10/2025;20-oct-25;30/12/2025;CLI-0136;EMP-507;ENT-QC;BD-1140;24;57,11;10,10;41,26;Téléphone
CMD-104207;18/09/2025;23/09/2025;2025-11-29;CLI-0076;EMP-507;ENT-MTL;BD-1163;10;456,38;25,60;300,77;Représentant
CMD-103795;08/08/2025;13/08/2025;2025-09-29;CLI-0004;EMP-505;ENT-SAG;BD-1051;2;120,25;7,30;79,76;Représentant
CMD-104339;30/09/2025;09-oct-25;15/12/2025;CLI-0008;EMP-506;ENT-MTL;BD-1130;2;522,68;7,40;323,89;Représentant
CMD-104856;19/11/2025;24/11/2025;;CLI-0124;EMP-509;ENT-SAG;BD-1098;3;424,71;3,70;309,76;Portail web
CMD-103851;14/08/2025;2025-08-22;21/09/2025;CLI-0157;EMP-502;ENT-SAG;BD-1034;2;209,86;11,70;182,99;Portail web
CMD-102654;10/03/2025;12/03/2025;2025-04-25;CLI-0009;EMP-502;ENT-QC;BD-1089;25;241,30;23,80;160,95;Représentant
CMD-104770;07/11/2025;2025-11-15;;CLI-0089;EMP-502;ENT-QC;BD-1033;8;153,26;18,20;113,22;Courriel
CMD-103761;2025-08-05;11/08/2025;01/10/2025;CLI-0193;EMP-509;ENT-SAG;BD-1061;2;102,57;13,20;76,81;Portail web
CMD-104839;18/11/2025;26-nov-25;;CLI-0080;EMP-506;ENT-QC;BD-1101;4;97,37;10,20;75,83;Portail web
CMD-104205;18/09/2025;26/09/2025;;CLI-0080;EMP-506;ENT-SAG;BD-1090;8;82,91;13,50;69,37;Représentant
CMD-103574;03/07/2025;09-juil-25;08/08/2025;CLI-0130;EMP-508;ENT-QC;BD-1107;9;168,12;23,70;150,54;Représentant
CMD-104249;22-sept-25;25/09/2025;07/11/2025;CLI-0053;EMP-509;ENT-QC;BD-1040;6;396,40;10,10;274,41;Représentant
CMD-103566;02/07/2025;04/07/2025;29-juil-25;CLI-0141;EMP-502;ENT-QC;BD-1042;24;366,75;16,90;267,02;Représentant
CMD-104848;18/11/2025;24/11/2025;;CLI-0020;EMP-508;ENT-SAG;BD-1152;2;460,68;4,20;271,40;Salon
CMD-103297;29/05/2025;06/06/2025;2025-07-22;CLI-0100;EMP-505;ENT-QC;BD-1132;12;192,40;3,10;128,45;Téléphone
CMD-102769;27/03/2025;04-avr-25;04/05/2025;CLI-0076;EMP-507;ENT-MTL;BD-1177;19;303,21;25,60;215,66;Téléphone
CMD-102775;;05/04/2025;17/05/2025;CLI-0130;EMP-508;ENT-MTL;BD-1119;19;73,20;20,30;59,67;Représentant
CMD-104987;06/12/2025;13/12/2025;;CLI-0160;EMP-508;ENT-QC;BD-1155;12;494,43;8,80;329,15;Courriel
CMD-104188;2025-09-17;23/09/2025;29/10/2025;CLI-0210;EMP-503;ENT-QC;BD-1067;12;38,80;6,70;28,64;Téléphone
CMD-102594;28/02/2025;2025-03-06;18/04/2025;CLI-0185;EMP-508;ENT-MTL;BD-1030;54;135,73;25,90;100,96;Téléphone
CMD-102767;27/03/2025;2025-04-01;16/05/2025;CLI-0185;EMP-508;ENT-QC;BD-1086;9;108,41;21,30;82,42;Portail web
CMD-104081;08/09/2025;14-sept-25;;CLI-0137;EMP-503;ENT-MTL;BD-1077;7;276,03;19,30;171,09;Téléphone
CMD-102667;2025-03-12;14/03/2025;17/04/2025;CLI-0169;EMP-507;ENT-MTL;BD-1175;2;147,72;13,00;96,85;Représentant
CMD-102493;06/02/2025;08/02/2025;11-avr-25;CLI-0209;EMP-508;ENT-SAG;BD-1108;3;223,70;18,10;169,96;Téléphone
CMD-104177;16/09/2025;20/09/2025;24/10/2025;CLI-0183;EMP-506;ENT-QC;BD-1041;4;237,45;6,30;163,24;Portail web
CMD-102564;2025-02-21;01/03/2025;21/04/2025;CLI-0108;EMP-503;ENT-MTL;BD-1037;3;25,00;16,40;16,65;Représentant
CMD-103505;25/06/2025;2025-06-27;03/09/2025;CLI-0153;EMP-507;ENT-QC;BD-1018;2;391,56;15,80;247,17;Téléphone
CMD-102910;2025-04-15;21/04/2025;01/06/2025;CLI-0168;EMP-509;ENT-QC;BD-1041;12;234,78;7,40;163,24;Portail web
CMD-103103;07/05/2025;2025-05-15;30/06/2025;CLI-0209;EMP-508;ENT-MTL;BD-1039;60;160,99;18,70;122,17;Portail web
CMD-104112;10/09/2025;13/09/2025;17/10/2025;CLI-0029;EMP-506;ENT-SAG;BD-1068;23;428,62;24,00;342,49;Téléphone
CMD-102349;07/01/2025;14/01/2025;16-févr-25;CLI-0048;EMP-508;ENT-MTL;BD-1124;8;224,98;11,80;153,77;Portail web
CMD-103149;14/05/2025;16/05/2025;2025-07-05;CLI-0123;EMP-501;ENT-MTL;BD-1062;2;151,85;15,50;135,59;Courriel
CMD-103563;02/07/2025;2025-07-04;23/08/2025;CLI-0137;EMP-503;ENT-QC;BD-1053;5;244,35;25,30;180,55;Téléphone
CMD-103856;2025-08-15;24/08/2025;06/10/2025;CLI-0142;EMP-508;ENT-QC;BD-1058;8;237,40;3,00;149,54;Représentant
CMD-104270;24/09/2025;02/10/2025;2025-11-22;CLI-0074;EMP-507;ENT-MTL;BD-1175;7;126,21;25,60;96,85;Représentant
CMD-102415;2025-01-20;24/01/2025;01/04/2025;CLI-0079;EMP-509;ENT-MTL;BD-1028;6;223,51;5,50;143,73;Représentant
CMD-103565;02/07/2025;08/07/2025;2025-09-08;CLI-0017;EMP-507;ENT-QC;BD-1109;1;410,23;10,80;310,20;Courriel
CMD-105111;2025-12-29;07/01/2026;;CLI-0015;EMP-509;ENT-QC;BD-1161;6;124,05;8,10;64,16;Téléphone
CMD-103015;28/04/2025;2025-05-06;20/06/2025;CLI-0057;EMP-507;ENT-QC;BD-1168;3;355,10;11,20;229,43;Téléphone
CMD-105040;17/12/2025;26/12/2025;;CLI-0032;EMP-504;ENT-SAG;BD-1133;12;94,73;6,60;62,95;Représentant
CMD-103335;04/06/2025;13/06/2025;2025-07-28;CLI-0051;EMP-509;ENT-MTL;BD-1039;3;187,14;5,50;122,17;Représentant
CMD-102943;18/04/2025;26/04/2025;09/06/2025;CLI-0172;EMP-502;ENT-QC;BD-1074;1;181,36;6,60;110,54;Portail web
CMD-104936;28/11/2025;2025-12-02;;CLI-0024;EMP-504;ENT-MTL;BD-1030;3;176,99;3,30;119,13;Portail web
CMD-103788;07/08/2025;13/08/2025;2025-10-20;CLI-0137;EMP-503;ENT-MTL;BD-1046;12;385,57;19,20;372,17;Portail web
CMD-103891;19/08/2025;25/08/2025;;CLI-0089;EMP-502;ENT-QC;BD-1135;7;56,26;23,30;40,73;Représentant
CMD-102830;03/04/2025;05/04/2025;24/05/2025;CLI-0040;EMP-509;ENT-MTL;BD-1007;3;90,10;12,80;57,14;Courriel
CMD-102759;25/03/2025;29/03/2025;2025-05-31;  CLI-0104;EMP-501;ENT-MTL;BD-1067;24;38,15;8,30;24,27;Représentant
CMD-104191;17/09/2025;20/09/2025;17-nov-25;CLI-0089;EMP-502;ENT-QC;BD-1176;4;473,31;24,90;328,78;Téléphone
CMD-103836;13-août-25;17/08/2025;;CLI-0144;EMP-502;ENT-MTL;BD-1169;2;514,01;10,90;282,28;Représentant
CMD-104173;2025-09-16;20/09/2025;13/10/2025;CLI-0150;EMP-502;ENT-MTL;BD-1097;2;352,19;4,30;253,06;Représentant
CMD-102964;21/04/2025;29/04/2025;10/06/2025;CLI-0136;EMP-507;ENT-MTL;BD-1109;2;388,10;15,60;310,20;Représentant
CMD-104910;26/11/2025;03/12/2025;;CLI-0138;EMP-506;ENT-QC;BD-1118;6;471,38;5,20;343,17;Représentant
CMD-104484;13-oct-25;21/10/2025;26/12/2025;CLI-0055;EMP-506;ENT-MTL;BD-1080;4;303,65;8,20;208,57;Représentant
CMD-104283;25/09/2025;03/10/2025;2025-11-06;CLI-0045;EMP-502;ENT-SAG;BD-1091;12;487,23;14,20;336,22;Représentant
CMD-104991;2025-12-08;11/12/2025;;CLI-0104;EMP-501;ENT-SAG;BD-1092;3;263,17;6,70;168,72;Téléphone
CMD-104974;04-déc-25;11/12/2025;;CLI-0190;EMP-504;ENT-MTL;BD-1171;6;149,06;5,80;85,46;Courriel
CMD-103794;08/08/2025;2025-08-14;20/09/2025;CLI-0089;EMP-502;ENT-QC;BD-1046;15;361,55;24,20;372,17;Représentant
CMD-104165;15/09/2025;17/09/2025;2025-11-09;CLI-0026;EMP-506;ENT-QC;BD-1178;12;181,43;11,60;119,43;Courriel
CMD-104435;08/10/2025;10-oct-25;16/11/2025;CLI-0061;EMP-503;ENT-SAG;BD-1173;1;349,64;12,30;212,35;Représentant
CMD-103038;30/04/2025;08-mai-25;24/06/2025;CLI-0031;EMP-509;ENT-MTL;BD-1038;2;470,14;14,80;319,94;Portail web
CMD-102646;10/03/2025;2025-03-14;21/04/2025;CLI-0005;EMP-503;ENT-SAG;BD-1129;8;69,34;3,50;46,45;Représentant
CMD-104221;2025-09-18;21/09/2025;12/10/2025;CLI-0118;EMP-504;ENT-QC;BD-1001;6;295,32;11,90;219,63;Téléphone
CMD-102396;16/01/2025;22-janv-25;05/03/2025;CLI-0026;EMP-506;ENT-QC;BD-1133;24;88,88;12,30;62,95;Représentant
CMD-103099;07/05/2025;15/05/2025;2025-06-14;CLI-0154;EMP-507;ENT-MTL;BD-1168;6;337,28;15,70;229,43;Représentant
CMD-104774;10/11/2025;19/11/2025;2025-12-20;CLI-0037;EMP-504;ENT-MTL;BD-1146;18;284,07;24,40;225,52;Représentant
CMD-103501;2025-06-25;30/06/2025;07/08/2025;CLI-0097;EMP-504;ENT-QC;BD-1060;8;372,54;5,90;291,44;Téléphone
CMD-103831;13/08/2025;19/08/2025;28/09/2025;CLI-0183;EMP-506;ENT-MTL;BD-1016;4;379,97;8,10;224,02;Courriel
CMD-103327;02/06/2025;05-juin-25;15/07/2025;CLI-0033;EMP-504;ENT-SAG;BD-1032;4;471,85;13,80;409,59;Téléphone
CMD-102982;24-avr-25;29/04/2025;25/06/2025;CLI-0186;EMP-507;ENT-QC;BD-1053;3;316,76;3,20;180,55;Portail web
CMD-102541;17/02/2025;23/02/2025;2025-04-29;CLI-0137;EMP-503;ENT-QC;BD-1038;24;427,46;22,50;319,94;Courriel
CMD-103495;24/06/2025;29/06/2025;11-août-25;CLI-0137;EMP-503;ENT-QC;BD-1064;6;93,48;25,40;70,89;Représentant
CMD-103292;29/05/2025;06/06/2025;2025-07-26;CLI-0042;EMP-505;ENT-QC;BD-1050;4;423,25;16,00;297,82;Portail web
CMD-104649;27/10/2025;29/10/2025;09-déc-25;CLI-0056;EMP-502;ENT-QC;BD-1136;16;158,53;23,60;112,45;Représentant
CMD-103928;22/08/2025;2025-08-24;23/09/2025;CLI-0200;EMP-509;ENT-SAG;BD-1028;12;205,25;13,20;143,73;Portail web
CMD-102838;04/04/2025;06/04/2025;2025-05-07;CLI-0084;EMP-503;ENT-SAG;BD-1001;3;285,94;14,70;186,13;Représentant
CMD-104658;28/10/2025;2025-11-06;08/12/2025;CLI-0048;EMP-508;ENT-MTL;BD-1109;6;403,76;12,20;310,20;Portail web
CMD-102902;14/04/2025;18-avr-25;;CLI-0215;EMP-503;ENT-MTL;BD-1168;4;388,30;2,90;229,43;Représentant
CMD-102514;11/02/2025;2025-02-18;01/04/2025;CLI-0039;EMP-503;ENT-MTL;BD-1162;6;134,01;2,20;68,38;Représentant
CMD-102460;30/01/2025;05/02/2025;2025-03-26;CLI-0209;EMP-508;ENT-SAG;BD-1132;34;151,53;23,70;128,45;Portail web
CMD-104229;19/09/2025;23/09/2025;14/11/2025;CLI-0109;EMP-501;ENT-MTL;BD-1164;4;188,91;3,10;100,45;Téléphone
CMD-102779;28/03/2025;04-avr-25;26/04/2025;CLI-0209;EMP-508;ENT-MTL;BD-1103;28;184,22;19,10;154,84;Portail web
CMD-104464;2025-10-10;13/10/2025;11/12/2025;CLI-0156;EMP-502;ENT-SAG;BD-1086;4;128,19;6,90;97,25;Représentant
CMD-102505;10/02/2025;16/02/2025;2025-04-22;CLI-0056;EMP-502;ENT-MTL;BD-1024;25;253,30;24,20;189,35;Portail web
CMD-103743;01/08/2025;03/08/2025;;CLI-0197;EMP-507;ENT-QC;BD-1020;3;53,34;7,20;33,12;Représentant
CMD-102963;2025-04-21;25/04/2025;24/05/2025;CLI-0023;EMP-505;ENT-MTL;BD-1172;12;391,94;6,40;221,22;Portail web
CMD-103780;07/08/2025;2025-08-15;11/10/2025;CLI-0063;EMP-503;ENT-MTL;BD-1003;24;262,05;12,10;227,23;Représentant
CMD-102923;16-avr-25;21/04/2025;22/05/2025;CLI-0106;EMP-501;ENT-MTL;BD-1161;1;116,45;13,80;64,16;Courriel
CMD-104518;15/10/2025;21/10/2025;18-nov-25;CLI-0099;EMP-505;ENT-MTL;BD-1072;4;302,05;23,70;236,88;Représentant
CMD-102782;28-mars-25;05/04/2025;22/05/2025;CLI-0116;EMP-509;ENT-MTL;BD-1072;6;350,17;11,50;200,75;Portail web
CMD-103728;31/07/2025;2025-08-08;08/09/2025;CLI-0059;EMP-504;ENT-QC;BD-1114;2;205,06;18,80;152,73;Portail web
CMD-103715;29/07/2025;07/08/2025;2025-08-26;CLI-0182;EMP-503;ENT-MTL;BD-1053;6;292,72;10,50;180,55;Représentant
CMD-102640;2025-03-07;12/03/2025;26/04/2025;CLI-0112;EMP-505;ENT-MTL;BD-1114;3;218,57;13,50;152,73;Courriel
CMD-104809;13/11/2025;22/11/2025;;CLI-0133;EMP-508;ENT-SAG;BD-1077;6;289,87;15,20;171,09;Représentant
CMD-103279;28/05/2025;2025-06-04;25/07/2025;CLI-0161;EMP-508;ENT-MTL;BD-1166;12;405,78;2,30;217,35;Représentant
CMD-104713;31/10/2025;07-nov-25;13/12/2025;  CLI-0076;EMP-507;ENT-QC;BD-1072;2;322,49;18,50;236,88;Téléphone
CMD-103194;2025-05-19;24/05/2025;;CLI-0137;EMP-503;ENT-SAG;BD-1124;15;200,14;21,50;153,77;N/A
CMD-103571;2025-07-03;11/07/2025;02/09/2025;CLI-0009;EMP-502;ENT-QC;BD-1043;11;431,09;18,30;300,28;Représentant
CMD-104752;05/11/2025;2025-11-14;;CLI-0123;EMP-501;ENT-QC;BD-1082;8;413,65;13,00;335,40;Représentant
CMD-104230;19/09/2025;26/09/2025;;CLI-0066 ;EMP-507;ENT-MTL;BD-1068;3;483,05;14,30;342,49;Représentant
CMD-104630;25/10/2025;2025-11-02;19/11/2025;CLI-0209;EMP-508;ENT-QC;BD-1133;9;81,49;19,60;62,95;Portail web
CMD-104634;25/10/2025;2025-10-27;25/11/2025;CLI-0029;EMP-506;ENT-QC;BD-1084;20;456,34;21,40;375,89;Représentant
CMD-104695;2025-10-30;03/11/2025;12/12/2025;CLI-0089;EMP-502;ENT-SAG;BD-1132;17;149,68;24,60;128,45;Représentant
CMD-103841;2025-08-13;21/08/2025;12/10/2025;CLI-0063;EMP-503;ENT-MTL;BD-1041;3;219,40;13,50;163,24;Représentant
CMD-104374;02/10/2025;04-oct-25;15/11/2025;CLI-0012;EMP-501;ENT-MTL;BD-1076;12;446,45;20,40;338,68;Salon
CMD-102525;13/02/2025;2025-02-21;24/03/2025;CLI-0118;EMP-504;ENT-MTL;BD-1181;4;528,08;15,50;312,40;Représentant
CMD-104318;27/09/2025;2025-10-06;11/11/2025;CLI-0034;EMP-507;ENT-MTL;BD-1182;4;91,25;16,20;58,06;Téléphone
CMD-104623;24/10/2025;31/10/2025;;CLI-0035;EMP-503;ENT-QC;BD-1092;8;243,55;13,70;168,72;Courriel
CMD-103005;25-avr-25;03/05/2025;26/05/2025;CLI-0217;EMP-506;ENT-MTL;BD-1110;4;213,35;24,90;182,67;Courriel
CMD-104934;28/11/2025;01-déc-25;;CLI-0185;EMP-508;ENT-QC;BD-1086;39;102,81;25,40;97,25;Représentant
CMD-104138;12/09/2025;21/09/2025;;CLI-0048;EMP-508;ENT-MTL;BD-1077;8;288,40;15,60;171,09;Courriel
CMD-105108;29/12/2025;02/01/2026;;CLI-0039;EMP-503;ENT-QC;BD-1006;4;322,81;3,60;182,47;Représentant
CMD-102486;05/02/2025;12/02/2025;22-mars-25;CLI-0139;EMP-506;ENT-MTL;BD-1049;3;47,22;13,60;31,22;Portail web
CMD-104779;10/11/2025;2025-11-15;;CLI-0005;EMP-503;ENT-QC;BD-1124;8;242,79;4,80;153,77;Téléphone
CMD-103281;2025-05-28;03/06/2025;25/07/2025;CLI-0047;EMP-508;ENT-MTL;BD-1039;3;170,84;13,70;122,17;Portail web
CMD-102847;2025-04-05;08/04/2025;21/05/2025;CLI-0143;EMP-503;ENT-SAG;BD-1040;8;389,08;11,70;274,41;Portail web
CMD-103351;05/06/2025;10/06/2025;09/08/2025;CLI-0099;EMP-505;ENT-QC;BD-1027;3;344,95;24,70;254,96;Représentant
CMD-104938;2025-11-28;30/11/2025;;CLI-0034;EMP-507;ENT-QC;BD-1099;4;440,35;11,30;346,57;Portail web
CMD-104716;01/11/2025;09/11/2025;;CLI-0143;EMP-503;ENT-QC;BD-1136;2;179,72;13,40;112,45;Courriel
CMD-104269;24/09/2025;28-sept-25;02/11/2025;CLI-0076;EMP-507;ENT-MTL;BD-1110;6;223,52;21,30;182,67;Représentant
CMD-102437;24/01/2025;01/02/2025;2025-03-21;CLI-0136;EMP-507;ENT-SAG;BD-1155;6;452,99;16,40;329,15;Portail web
CMD-104425;07/10/2025;14/10/2025;2025-11-18;CLI-0084;EMP-503;ENT-MTL;BD-1156;12;262,76;13,00;164,64;Téléphone
CMD-102452;28-janv-25;02/02/2025;03/04/2025;CLI-0132;EMP-507;ENT-MTL;BD-1180;2;166,65;12,00;95,30;Représentant
CMD-103447;17/06/2025;22/06/2025;04/08/2025;CLI-0171;EMP-507;ENT-MTL;BD-1014;2;41,34;7,50;27,18;Téléphone
CMD-104092;09/09/2025;2025-09-11;27/10/2025;CLI-0188;EMP-506;ENT-SAG;BD-1058;3;214,91;12,20;149,54;Représentant
CMD-103394;12-juin-25;18/06/2025;13/08/2025;CLI-0113;EMP-505;ENT-MTL;BD-1061;6;109,39;7,40;76,81;Représentant
CMD-105068;2025-12-22;31/12/2025;;CLI-0191;EMP-504;ENT-QC;BD-1125;12;368,20;16,30;291,24;Représentant
CMD-103180;16/05/2025;19-mai-25;26/06/2025;CLI-0047;EMP-508;ENT-QC;BD-1106;6;441,28;16,80;340,08;Représentant
CMD-103971;27/08/2025;2025-09-04;12/11/2025;CLI-0044;EMP-505;ENT-MTL;BD-1074;8;162,89;16,10;130,44;Téléphone
CMD-103499;25/06/2025;2025-07-03;21/08/2025;CLI-0155;EMP-506;ENT-QC;BD-1033;8;162,32;13,40;113,22;Portail web
CMD-102841;04/04/2025;2025-04-12;10/06/2025;CLI-0072;EMP-501;ENT-MTL;BD-1060;12;345,99;12,60;246,98;Portail web
CMD-103439;17/06/2025;20/06/2025;22/07/2025;CLI-0219;EMP-505;ENT-QC;BD-1132;24;192,13;3,30;128,45;Représentant
CMD-102766;26/03/2025;28/03/2025;23/05/2025;CLI-0156;EMP-502;ENT-SAG;BD-1029;12;376,97;3,80;243,45;Représentant
CMD-103393;2025-06-12;19/06/2025;29/07/2025;CLI-0148;EMP-501;ENT-SAG;BD-1178;6;179,98;12,30;119,43;Représentant
CMD-103245;23-mai-25;31/05/2025;18/07/2025;CLI-0211;EMP-504;ENT-SAG;BD-1109;4;401,96;12,60;310,20;Représentant
CMD-103425;16/06/2025;25/06/2025;2025-07-13;CLI-0037;EMP-504;ENT-MTL;BD-1018;6;356,21;23,40;247,17;Représentant
CMD-103228;22/05/2025;2025-05-30;03/07/2025;CLI-0049;EMP-508;ENT-QC;BD-1056;2;418,92;14,80;293,14;Représentant
CMD-104231;19/09/2025;2025-09-26;11/11/2025;CLI-0044;EMP-505;ENT-QC;BD-1177;6;348,51;14,50;215,66;Portail web
CMD-103757;05/08/2025;07/08/2025;2025-09-15;CLI-0059;EMP-504;ENT-QC;BD-1030;15;143,81;21,40;119,13;Téléphone
CMD-103605;08/07/2025;2025-07-16;03/09/2025;CLI-0080;EMP-506;ENT-QC;BD-1034;6;205,20;13,60;182,99;Portail web
CMD-103223;22/05/2025;31/05/2025;2025-07-02;CLI-0031;EMP-509;ENT-SAG;BD-1172;6;362,72;13,30;221,22;Représentant
CMD-104570;18/10/2025;25-oct-25;04/12/2025;CLI-0081;EMP-502;ENT-MTL;BD-1152;3;426,94;11,20;271,40;Portail web
CMD-103320;02/06/2025;09/06/2025;2025-08-02;CLI-0141;EMP-502;ENT-MTL;BD-1066;1;298,19;13,40;240,06;Portail web
CMD-103375;10/06/2025;14/06/2025;21-juil-25;CLI-0009;EMP-502;ENT-QC;BD-1148;19;359,69;21,80;302,28;Téléphone
CMD-104548;16/10/2025;19/10/2025;04/12/2025;CLI-0001;EMP-508;ENT-MTL;BD-1144;2;166,16;6,90;98,33;Portail web
CMD-103962;26/08/2025;04-sept-25;31/10/2025;CLI-0103;EMP-502;ENT-QC;BD-1035;3;44,28;8,50;30,63;Salon
CMD-103348;05/06/2025;2025-06-09;28/07/2025;CLI-0126;EMP-502;ENT-MTL;BD-1017;1;474,90;15,80;313,71;Représentant
CMD-103088;06/05/2025;08/05/2025;2025-06-12;CLI-0139;EMP-506;ENT-MTL;BD-1088;4;553,88;12,10;404,63;Représentant
CMD-102564;21/02/2025;01-mars-25;21/04/2025;CLI-0108;EMP-503;ENT-MTL;BD-1113;4;356,78;16,40;281,81;Représentant
CMD-103821;11/08/2025;2025-08-18;30/10/2025;CLI-0081;EMP-502;ENT-QC;BD-1100;3;450,31;16,10;369,19;Téléphone
CMD-103229;2025-05-22;29/05/2025;21/07/2025;CLI-0209;EMP-508;ENT-QC;BD-1052;7;243,59;20,70;183,03;Représentant
CMD-103987;29/08/2025;01-sept-25;24/10/2025;CLI-0209;EMP-508;ENT-MTL;BD-1063;1;288,83;21,60;247,24;Portail web
CMD-102508;2025-02-11;17/02/2025;;CLI-0076;EMP-507;ENT-QC;BD-1052;16;239,74;21,90;183,03;Portail web
CMD-104824;14/11/2025;19/11/2025;;CLI-0051;EMP-509;ENT-QC;BD-1065;1;229,11;8,10;155,19;Représentant
CMD-103302;30/05/2025;08/06/2025;2025-07-19;CLI-0059;EMP-504;ENT-QC;BD-1037;26;23,88;20,20;16,65;Courriel
CMD-102856;07/04/2025;2025-04-10;18/05/2025;CLI-0036;EMP-505;ENT-MTL;BD-1007;3;87,88;14,90;57,14;Portail web
CMD-103264;27-mai-25;03/06/2025;07/07/2025;CLI-0070;EMP-503;ENT-SAG;BD-1045;2;120,97;7,70;78,37;Courriel
CMD-104278;24/09/2025;2025-10-01;26/11/2025;CLI-0055;EMP-506;ENT-QC;BD-1078;6;375,43;2,10;238,11;Téléphone
CMD-103357;06/06/2025;11-juin-25;28/07/2025;CLI-0089;EMP-502;ENT-QC;BD-1017;25;440,38;21,90;313,71;Téléphone
CMD-104525;15/10/2025;2025-10-19;19/12/2025;CLI-0067;EMP-502;ENT-QC;BD-1091;4;488,82;13,90;336,22;Représentant
CMD-104556;17/10/2025;20/10/2025;2025-12-30;CLI-0136;EMP-507;ENT-QC;BD-1146;6;337,63;10,10;225,52;Représentant
CMD-103034;30/04/2025;08/05/2025;10-juil-25;CLI-0154;EMP-507;ENT-SAG;BD-1058;2;219,92;10,20;149,54;Portail web
CMD-102718;2025-03-19;22/03/2025;13/05/2025;CLI-0212;EMP-507;ENT-QC;BD-1178;-1;154,31;24,80;119,43;Représentant
CMD-104659;28/10/2025;2025-11-03;;CLI-0056;EMP-502;ENT-QC;BD-1148;7;376,38;18,20;302,28;Représentant
CMD-103478;23/06/2025;29/06/2025;2025-07-30;CLI-0145;EMP-504;ENT-MTL;BD-1035;1;45,90;5,10;30,63;Représentant
CMD-102754;25-mars-25;29/03/2025;07/05/2025;CLI-0052;EMP-504;ENT-QC;BD-1128;12;130,03;10,20;78,87;Portail web
CMD-104622;2025-10-24;26/10/2025;02/12/2025;CLI-0031;EMP-509;ENT-MTL;BD-1160;3;68,33;13,20;41,56;Courriel
CMD-103478;23/06/2025;2025-06-29;30/07/2025;CLI-0145;EMP-504;ENT-MTL;BD-1113;2;405,12;5,10;281,81;Représentant
CMD-102552;19-févr-25;23/02/2025;06/04/2025;CLI-0076;EMP-507;ENT-QC;BD-1029;5;321,14;18,00;243,45;Portail web
CMD-103728;31/07/2025;08/08/2025;2025-09-08;CLI-0059;EMP-504;ENT-QC;BD-1123;13;176,57;18,80;132,28;Représentant
CMD-104398;2025-10-06;10/10/2025;14/12/2025;CLI-0029;EMP-506;ENT-MTL;BD-1076;13;455,99;18,70;338,68;Portail web
CMD-103473;20/06/2025;2025-06-27;12/08/2025;CLI-0031;EMP-509;ENT-SAG;BD-1036;12;213,90;16,70;191,63;Représentant
CMD-104735;2025-11-04;10/11/2025;;CLI-0059;EMP-504;ENT-QC;BD-1079;2;215,72;18,20;147,87;Courriel
CMD-103767;06/08/2025;12/08/2025;23/09/2025;CLI-0192;EMP-505;ENT-MTL;BD-1177;2;374,12;8,20;215,66;Téléphone
CMD-104503;2025-10-14;21/10/2025;19/12/2025;CLI-0209;EMP-508;ENT-MTL;BD-1090;11;77,66;19,00;69,37;Téléphone
CMD-102552;19/02/2025;23-févr-25;06/04/2025;CLI-0076;EMP-507;ENT-QC;BD-1028;10;193,76;18,00;143,73;Portail web
CMD-102971;22/04/2025;01/05/2025;2025-06-07;CLI-0155;EMP-506;ENT-MTL;BD-1165;3;158,93;13,60;107,92;Représentant
CMD-104789;11-nov-25;16/11/2025;22/12/2025;CLI-0044;EMP-505;ENT-MTL;BD-1093;6;189,34;15,40;159,25;Portail web
CMD-104272;24/09/2025;2025-09-28;16/11/2025;CLI-0045;EMP-502;ENT-QC;BD-1068;3;504,60;10,50;342,49;Téléphone
CMD-103702;2025-07-25;02/08/2025;09/09/2025;CLI-0036;EMP-505;ENT-QC;BD-1142;1;140,31;14,00;100,93;Représentant
CMD-102626;05/03/2025;09-mars-25;30/04/2025;CLI-0212;EMP-507;ENT-QC;BD-1109;4;363,39;21,00;310,20;Portail web
CMD-105072;23/12/2025;29/12/2025;;cli-0147;EMP-506;ENT-QC;BD-1137;24;39,55;7,60;25,59;Téléphone
CMD-104978;04/12/2025;06-déc-25;;CLI-0102;EMP-506;ENT-MTL;BD-1085;6;65,06;3,20;49,28;Représentant
CMD-103511;2025-06-26;01/07/2025;19/08/2025;CLI-0057;EMP-507;ENT-MTL;BD-1049;3;47,59;12,90;31,22;Représentant
CMD-103831;13-août-25;19/08/2025;28/09/2025;CLI-0183;EMP-506;ENT-MTL;BD-1093;6;205,75;8,10;159,25;Représentant
CMD-102616;04/03/2025;09/03/2025;10/04/2025;CLI-0106;EMP-501;ENT-MTL;BD-1164;2;169,23;13,20;100,45;Représentant
CMD-103767;06-août-25;12/08/2025;23/09/2025;CLI-0192;EMP-505;ENT-MTL;BD-1015;4;487,39;8,20;325,38;Représentant
CMD-103612;09-juil-25;15/07/2025;23/08/2025;CLI-0119;EMP-503;ENT-QC;BD-1010;4;158,80;2,60;88,91;Portail web
CMD-102770;2025-03-27;31/03/2025;06/05/2025;CLI-0153;EMP-507;ENT-QC;BD-1139;12;309,35;13,80;203,11;Représentant
CMD-102643;2025-03-08;15/03/2025;18/04/2025;CLI-0118;EMP-504;ENT-MTL;BD-1147;8;501,98;16,10;346,92;Portail web
CMD-104459;10-oct-25;16/10/2025;;CLI-0102;EMP-506;ENT-SAG;BD-1141;12;468,46;6,20;314,24;Téléphone
CMD-103477;23/06/2025;26-juin-25;09/08/2025;CLI-0074;EMP-507;ENT-QC;BD-1063;6;281,28;23,60;247,24;Portail web
CMD-103024;29/04/2025;02/05/2025;21/06/2025;CLI-0144;EMP-502;ENT-SAG;BD-1018;6;394,44;15,10;247,17;Représentant
CMD-103547;2025-06-30;02/07/2025;08/08/2025;CLI-0192;EMP-505;ENT-MTL;BD-1008;1;219,67;6,10;155,34;Courriel
CMD-104821;14-nov-25;16/11/2025;;CLI-0084;EMP-503;ENT-MTL;BD-1178;3;176,46;14,00;119,43;Représentant
CMD-103091;06/05/2025;14/05/2025;2025-07-01;CLI-0188;EMP-506;ENT-MTL;BD-1104;8;93,44;15,60;76,70;Portail web
CMD-103857;15/08/2025;23/08/2025;24/09/2025;CLI-0071;EMP-503;ENT-QC;BD-1171;2;154,05;2,70;85,46;Représentant
CMD-104884;2025-11-21;28/11/2025;;CLI-0190;EMP-504;ENT-MTL;BD-1155;12;529,61;2,30;329,15;Représentant
CMD-104154;15/09/2025;18/09/2025;2025-11-11;  CLI-0081;EMP-502;ENT-SAG;BD-1054;1;414,66;11,00;262,94;Portail web
CMD-104473;2025-10-10;12/10/2025;18/12/2025;CLI-0089;EMP-502;ENT-QC;BD-1025;72;190,93;18,30;149,35;Courriel
CMD-104587;21/10/2025;23/10/2025;22-nov-25;CLI-0206;EMP-503;ENT-QC;BD-1165;1;158,60;13,80;107,92;Représentant
CMD-103636;14/07/2025;18/07/2025;10-sept-25;CLI-0148;EMP-501;ENT-MTL;BD-1014;4;38,99;12,70;27,18;Portail web
CMD-102875;2025-04-09;17/04/2025;20/06/2025;CLI-0112;EMP-505;ENT-MTL;BD-1085;3;58,68;12,70;41,76;Représentant
CMD-103640;15/07/2025;2025-07-23;22/09/2025;CLI-0177;EMP-505;ENT-SAG;BD-1001;2;325,78;2,80;219,63;Représentant
CMD-103723;30/07/2025;02-août-25;30/09/2025;CLI-0205;EMP-505;ENT-QC;BD-1013;3;477,00;7,60;315,34;Représentant
CMD-103907;20-août-25;24/08/2025;06/10/2025;CLI-0116;EMP-509;ENT-SAG;BD-1098;6;393,65;10,70;309,76;Représentant
CMD-105077;2025-12-23;31/12/2025;;CLI-0212;EMP-507;ENT-MTL;BD-1006;3;265,88;20,60;182,47;Téléphone
CMD-104054;05/09/2025;07/09/2025;2025-10-09;CLI-0193;EMP-509;ENT-QC;BD-1067;3;35,68;14,20;28,64;Représentant
CMD-102909;15-avr-25;21/04/2025;25/05/2025;CLI-0090;EMP-505;ENT-QC;BD-1170;3;30,68;12,70;16,95;Portail web
CMD-103485;23/06/2025;2025-07-01;03/08/2025;CLI-0115;EMP-509;ENT-SAG;BD-1038;1;488,00;11,60;319,94;Portail web
CMD-104406;06/10/2025;2025-10-11;24/11/2025;CLI-0142;EMP-508;ENT-SAG;BD-1144;3;173,68;2,70;98,33;Téléphone
CMD-104638;27/10/2025;05/11/2025;17-déc-25;CLI-0071;EMP-503;ENT-MTL;BD-1097;6;354,26;3,70;253,06;Représentant
CMD-102894;2025-04-12;16/04/2025;15/05/2025;CLI-0209;EMP-508;ENT-MTL;BD-1053;14;267,76;18,20;180,55;Portail web
CMD-103730;31/07/2025;08/08/2025;2025-09-30;CLI-0009;EMP-502;ENT-QC;BD-1017;7;460,69;18,30;313,71;Représentant
CMD-103377;2025-06-10;18/06/2025;08/07/2025;CLI-0110;EMP-507;ENT-QC;BD-1150;1;595,10;4,90;347,06;Téléphone
CMD-105099;26/12/2025;31/12/2025;;CLI-0112;EMP-505;ENT-QC;BD-9738;2;474,65;15,90;323,89;Représentant
CMD-105116;30-déc-25;05/01/2026;;CLI-0040;EMP-509;ENT-MTL;BD-1087;4;336,04;12,90;215,66;Représentant
CMD-104426;07/10/2025;2025-10-15;21/12/2025;CLI-0098;EMP-509;ENT-SAG;BD-1155;12;498,14;8,10;329,15;Représentant
CMD-102355;2025-01-07;13/01/2025;01/03/2025;CLI-0079;EMP-509;ENT-MTL;BD-1153;4;195,53;2,50;116,00;Représentant
CMD-104129;2025-09-11;18/09/2025;24/10/2025;CLI-0103;EMP-502;ENT-MTL;BD-1068;2;514,56;8,80;342,49;Représentant
CMD-102481;04/02/2025;07/02/2025;2025-04-13;CLI-0208;EMP-507;ENT-QC;BD-1179;4;363,60;15,80;231,35;Téléphone
CMD-102964;21/04/2025;2025-04-29;10/06/2025;CLI-0136;EMP-507;ENT-MTL;BD-1055;6;277,06;15,60;213,75;Représentant
CMD-102448;27/01/2025;05/02/2025;2025-02-13;CLI-0027;EMP-502;ENT-MTL;BD-1172;2;400,30;4,40;221,22;Courriel
CMD-103380;10/06/2025;15-juin-25;17/08/2025;CLI-0072;EMP-501;ENT-QC;BD-1061;6;100,82;14,70;76,81;Représentant
CMD-104071;08/09/2025;14/09/2025;2025-11-03;CLI-0169;EMP-507;ENT-MTL;BD-1118;3;444,08;10,70;343,17;Portail web
CMD-103201;20-mai-25;24/05/2025;06/07/2025;CLI-0035;EMP-503;ENT-MTL;BD-1122;6;287,92;15,60;212,67;Téléphone
CMD-104728;04/11/2025;13/11/2025;;CLI-0213;EMP-508;ENT-MTL;BD-1079;6;255,79;3,00;147,87;Téléphone
CMD-103188;19-mai-25;27/05/2025;;CLI-0128;EMP-502;ENT-MTL;BD-1181;3;559,91;10,40;312,40;Représentant
CMD-104540;16/10/2025;21/10/2025;21/11/2025;CLI-0188;EMP-506;ENT-MTL;BD-1094;8;170,31;16,50;124,30;Représentant
CMD-104410;2025-10-06;14/10/2025;27/11/2025;CLI-0084;EMP-503;ENT-QC;BD-1141;4;425,08;14,90;314,24;Représentant
CMD-104847;18/11/2025;25/11/2025;2025-12-31;CLI-0016;EMP-505;ENT-MTL;BD-1030;3;173,26;5,30;119,13;Portail web
CMD-102748;2025-03-24;02/04/2025;22/05/2025;CLI-0200;EMP-509;ENT-QC;BD-1143;1;323,50;13,80;220,45;Téléphone
CMD-102537;17/02/2025;23/02/2025;2025-04-08;CLI-0153;EMP-507;ENT-QC;BD-1096;8;250,40;15,40;174,33;Courriel
CMD-102509;11-févr-25;15/02/2025;30/03/2025;CLI-0141;EMP-502;ENT-SAG;BD-1101;2;91,98;15,20;64,26;Représentant
CMD-102964;21/04/2025;29/04/2025;10-juin-25;CLI-0136;EMP-507;ENT-MTL;BD-1079;1;222,45;15,60;147,87;Représentant
CMD-104472;10/10/2025;13/10/2025;2025-12-06;CLI-0009;EMP-502;ENT-QC;BD-1129;15;54,60;24,10;46,45;Portail web
CMD-102969;2025-04-22;24/04/2025;24/05/2025;CLI-0099;EMP-505;ENT-MTL;BD-1040;14;343,16;22,10;274,41;Salon
CMD-103076;05/05/2025;10/05/2025;10-juin-25;CLI-0185;EMP-508;ENT-MTL;BD-1020;26;44,42;22,70;33,12;Représentant
CMD-103560;02/07/2025;2025-07-05;30/08/2025;CLI-0130;EMP-508;ENT-QC;BD-1108;25;211,87;22,40;169,96;Téléphone
CMD-104171;2025-09-16;23/09/2025;20/10/2025;CLI-0208;EMP-507;ENT-SAG;BD-1154;4;465,06;13,00;329,92;Représentant
CMD-103028;29/04/2025;06/05/2025;12-juin-25;CLI-0151;EMP-504;ENT-SAG;BD-1109;12;426,41;7,30;310,20;Courriel
CMD-104062;05-sept-25;10/09/2025;21/10/2025;CLI-0206;EMP-503;ENT-MTL;BD-1068;3;481,88;14,50;342,49;Représentant
CMD-104017;02/09/2025;04/09/2025;2025-10-10;CLI-0090;EMP-505;ENT-QC;BD-1105;6;215,30;16,90;169,61;Courriel
CMD-104401;2025-10-06;11/10/2025;30/11/2025;CLI-0212;EMP-507;ENT-SAG;BD-1051;6;99,20;23,50;79,76;Portail web
CMD-104917;26/11/2025;03-déc-25;29/12/2025;CLI-0034;EMP-507;ENT-QC;BD-1071;6;460,31;13,80;363,51;Téléphone
CMD-102749;24/03/2025;31/03/2025;01/06/2025;CLI-0043;EMP-506;ENT-MTL;BD-1004;4;236,24;13,80;158,83;Représentant
CMD-104924;27/11/2025;03/12/2025;;CLI-0131;EMP-502;ENT-QC;BD-1013;4;438,59;15,00;315,34;Téléphone
CMD-104116;10/09/2025;12/09/2025;2025-11-13;CLI-0041;EMP-508;ENT-MTL;BD-1092;2;252,46;10,50;168,72;Téléphone
CMD-104917;2025-11-26;03/12/2025;29/12/2025;CLI-0034;EMP-507;ENT-QC;BD-1041;4;218,63;13,80;163,24;Représentant
CMD-104928;27/11/2025;01/12/2025;;CLI-0102;EMP-506;ENT-MTL;BD-1170;4;33,30;5,30;16,95;Représentant
CMD-104123;11/09/2025;2025-09-16;10/11/2025;CLI-0059;EMP-504;ENT-QC;BD-1158;5;261,78;25,10;184,61;Téléphone
CMD-103129;2025-05-10;16/05/2025;08/07/2025;CLI-0176;EMP-503;ENT-QC;BD-1103;1;213,68;6,20;154,84;Représentant
CMD-103690;22/07/2025;29/07/2025;2025-09-13;CLI-0031;EMP-509;ENT-MTL;BD-1011;4;456,03;13,20;294,52;Représentant
CMD-103852;14/08/2025;18-août-25;03/10/2025;CLI-0048;EMP-508;ENT-MTL;BD-1006;8;287,55;14,10;182,47;
CMD-102687;13/03/2025;21/03/2025;30-avr-25;CLI-0211;EMP-504;ENT-MTL;BD-1035;2;43,45;10,20;30,63;Représentant
CMD-104981;05/12/2025;10-déc-25;;CLI-0037;EMP-504;ENT-SAG;BD-1077;28;273,27;20,10;171,09;Portail web
CMD-102806;01/04/2025;10/04/2025;2025-05-11;CLI-0169;EMP-507;ENT-SAG;BD-1039;4;171,51;13,40;122,17;Représentant
CMD-103705;26-juil-25;29/07/2025;08/09/2025;CLI-0160;EMP-508;ENT-QC;BD-1098;2;0,00;2,50;309,76;Téléphone
CMD-103283;28/05/2025;2025-06-06;26/06/2025;CLI-0122;EMP-505;ENT-MTL;BD-1021;3;351,29;3,40;242,82;Représentant
CMD-103570;02/07/2025;2025-07-04;18/08/2025;CLI-0185;EMP-508;ENT-QC;BD-1140;6;48,88;23,10;41,26;Représentant
CMD-104429;08/10/2025;14/10/2025;2025-11-21;CLI-0195;EMP-506;ENT-MTL;BD-1102;2;433,30;10,60;260,69;Représentant
CMD-103584;04/07/2025;09/07/2025;2025-08-27;CLI-0108;EMP-503;ENT-MTL;BD-1112;4;98,27;14,40;67,02;Salon
CMD-104575;20/10/2025;28-oct-25;17/12/2025;CLI-0012;EMP-501;ENT-QC;BD-1167;6;287,22;22,60;209,73;Salon
CMD-104920;2025-11-27;05/12/2025;;CLI-0118;EMP-504;ENT-MTL;BD-1164;2;169,74;12,90;100,45;Téléphone
CMD-103683;22/07/2025;26/07/2025;09-sept-25;CLI-0132;EMP-507;ENT-MTL;BD-1006;3;284,61;15,00;182,47;Représentant
CMD-104876;20/11/2025;28/11/2025;;CLI-0088;EMP-504;ENT-SAG;BD-1127;2;268,82;10,80;174,31;Courriel
CMD-103785;07-août-25;11/08/2025;21/09/2025;CLI-0185;EMP-508;ENT-MTL;BD-1042;4;340,39;22,90;267,02;Téléphone
CMD-102581;26/02/2025;2025-03-07;;CLI-0053;EMP-509;ENT-MTL;BD-1149;2;154,41;15,70;111,14;Téléphone
CMD-104764;06/11/2025;09/11/2025;2025-12-19;CLI-0099;EMP-505;ENT-MTL;BD-1060;9;297,53;24,80;291,44;Représentant
CMD-104290;2025-09-25;03/10/2025;04/12/2025;CLI-0133;EMP-508;ENT-MTL;BD-1097;8;311,04;15,50;253,06;Portail web
CMD-102868;08/04/2025;2025-04-12;07/06/2025;CLI-0191;EMP-504;ENT-SAG;BD-1041;12;223,31;11,90;163,24;Représentant
CMD-102391;15/01/2025;20/01/2025;2025-03-06;CLI-0169;EMP-507;ENT-MTL;BD-1182;4;0,00;13,40;58,06;Salon
CMD-102772;27/03/2025;30/03/2025;2025-05-21;CLI-0063;EMP-503;ENT-MTL;BD-1173;4;356,31;10,60;212,35;Portail web
CMD-104408;06/10/2025;09/10/2025;16/11/2025;CLI-0209;EMP-508;ENT-QC;BD-1036;6;204,74;20,30;191,63;Courriel
CMD-102510;11/02/2025;16-févr-25;07/04/2025;CLI-0076;EMP-507;ENT-QC;BD-1063;2;290,12;21,20;247,24;Représentant
CMD-102960;21/04/2025;27-avr-25;13/06/2025;CLI-0009;EMP-502;ENT-MTL;BD-1080;12;264,03;20,10;176,76;Courriel
CMD-103418;13-juin-25;22/06/2025;23/07/2025;CLI-0148;EMP-501;ENT-SAG;BD-1178;3;180,90;11,90;119,43;Téléphone
CMD-103410;13/06/2025;2025-06-18;12/08/2025;CLI-0025;EMP-509;ENT-SAG;BD-1121;8;68,62;11,90;44,65;Représentant
CMD-103860;15/08/2025;21-août-25;17/09/2025;CLI-0076;EMP-507;ENT-QC;BD-1027;35;373,27;18,50;254,96;Téléphone
CMD-102793;29/03/2025;06/04/2025;21/05/2025;CLI-0130;EMP-508;ENT-MTL;BD-1104;13;85,93;22,40;76,70;Portail web
CMD-104137;12/09/2025;21/09/2025;2025-10-05;CLI-0121;EMP-508;ENT-MTL;BD-1131;2;58,62;12,60;37,08;Représentant
CMD-102474;03/02/2025;05/02/2025;13-mars-25;CLI-0155;EMP-506;ENT-QC;BD-1024;2;295,93;11,40;189,35;Téléphone
CMD-105004;11/12/2025;20/12/2025;;CLI-0129;EMP-508;ENT-MTL;BD-1152;2;445,69;7,30;271,40;Représentant
CMD-102928;2025-04-17;24/04/2025;01/06/2025;CLI-0173;EMP-508;ENT-MTL;BD-1177;2;357,36;12,30;215,66;Téléphone
CMD-104649;27/10/2025;29/10/2025;09/12/2025;CLI-0056;EMP-502;ENT-QC;BD-1040;14;336,52;23,60;274,41;Représentant
CMD-102631;06/03/2025;15-mars-25;06/05/2025;CLI-0012;EMP-501;ENT-QC;BD-1150;6;510,60;18,40;347,06;Représentant
CMD-103760;2025-08-05;13/08/2025;12/09/2025;CLI-0123;EMP-501;ENT-MTL;BD-1050;8;443,76;12,00;297,82;Portail web
CMD-103388;2025-06-11;16/06/2025;08/08/2025;CLI-0209;EMP-508;ENT-QC;BD-1106;19;419,92;20,90;340,08;Représentant
CMD-104132;12/09/2025;21-sept-25;14/10/2025;CLI-0145;EMP-504;ENT-MTL;BD-1110;6;270,23;4,80;182,67;Représentant
CMD-103669;18/07/2025;2025-07-22;22/09/2025;CLI-0191;EMP-504;ENT-MTL;BD-1034;12;205,12;13,60;182,99;Téléphone
CMD-104738;04/11/2025;2025-11-07;;CLI-0033;EMP-504;ENT-MTL;BD-1097;1;307,81;16,40;253,06;Portail web
CMD-103921;21/08/2025;28/08/2025;2025-10-07;CLI-0093;EMP-508;ENT-MTL;BD-1011;24;437,95;16,60;294,52;Représentant
CMD-104574;20/10/2025;26/10/2025;19-nov-25;CLI-0054;EMP-507;ENT-QC;BD-1142;12;143,51;12,00;100,93;Portail web
CMD-104191;17/09/2025;2025-09-20;17/11/2025;CLI-0089;EMP-502;ENT-QC;BD-1103;11;171,00;24,90;154,84;Téléphone
CMD-102901;14/04/2025;21/04/2025;2025-05-27;CLI-0056;EMP-502;ENT-QC;BD-1004;10;206,49;24,70;158,83;Courriel
CMD-103746;02/08/2025;10/08/2025;21-sept-25;CLI-0074;EMP-507;ENT-MTL;BD-1069;11;307,94;22,80;239,15;Portail web
CMD-103131;10/05/2025;13/05/2025;2025-06-17;CLI-0191;EMP-504;ENT-QC;BD-1126;6;173,96;14,10;133,03;Portail web
CMD-102357;08/01/2025;11/01/2025;20-févr-25;CLI-0140;EMP-502;ENT-MTL;BD-1108;4;252,67;7,50;169,96;Téléphone
CMD-103960;26/08/2025;28/08/2025;13/11/2025;CLI-0048;EMP-508;ENT-SAG;BD-1174;2;264,99;10,20;169,01;Représentant
CMD-103889;19/08/2025;24/08/2025;13-oct-25;CLI-0190;EMP-504;ENT-QC;BD-1164;3;182,96;6,20;100,45;Portail web
CMD-103631;2025-07-11;17/07/2025;26/08/2025;CLI-0133;EMP-508;ENT-QC;BD-1124;2;227,79;10,70;153,77;Portail web
CMD-104683;29/10/2025;2025-11-01;26/12/2025;CLI-0212;EMP-507;ENT-SAG;BD-1011;13;393,90;25,00;294,52;Représentant
CMD-104384;02/10/2025;11/10/2025;2025-11-28;CLI-0137;EMP-503;ENT-SAG;BD-1081;3;461,23;22,20;364,83;Téléphone
CMD-102817;02/04/2025;2025-04-07;09/06/2025;CLI-0143;EMP-503;ENT-MTL;BD-1111;3;184,12;16,90;148,90;Représentant
CMD-102504;2025-02-10;12/02/2025;17/04/2025;CLI-0169;EMP-507;ENT-SAG;BD-1110;3;240,87;15,20;182,67;Portail web
CMD-103576;03/07/2025;10/07/2025;2025-08-08;CLI-0217;EMP-506;ENT-MTL;BD-1058;23;181,78;25,80;149,54;Courriel
CMD-104726;03/11/2025;07/11/2025;2025-12-21;CLI-0202;EMP-504;ENT-MTL;BD-1135;4;71,76;2,10;40,73;Portail web
CMD-104224;19/09/2025;2025-09-28;03/11/2025;CLI-0099;EMP-505;ENT-QC;BD-1063;3;296,36;19,50;247,24;Portail web
CMD-103178;2025-05-16;20/05/2025;18/07/2025;CLI-0088;EMP-504;ENT-MTL;BD-1037;6;25,31;15,40;16,65;Portail web
CMD-104516;2025-10-15;19/10/2025;10/12/2025;CLI-0107;EMP-506;ENT-QC;BD-1057;8;29,08;2,60;23,20;Portail web
CMD-102937;17/04/2025;2025-04-22;11/06/2025;CLI-0209;EMP-508;ENT-MTL;BD-1048;2;38,67;24,50;33,51;Téléphone
CMD-104522;15/10/2025;19/10/2025;2025-11-19;CLI-0115;EMP-509;ENT-SAG;BD-1149;12;157,30;14,10;111,14;Représentant
CMD-103390;11/06/2025;14/06/2025;2025-07-30;CLI-0024;EMP-504;ENT-QC;BD-1021;6;351,83;3,30;242,82;Téléphone
CMD-104571;18/10/2025;2025-10-23;14/12/2025;CLI-0084;EMP-503;ENT-MTL;BD-1038;8;472,97;14,30;319,94;Représentant
CMD-102814;2025-04-02;06/04/2025;05/05/2025;CLI-0185;EMP-508;ENT-QC;BD-1127;19;226,54;24,80;174,31;Représentant
CMD-103434;16/06/2025;2025-06-25;27/07/2025;CLI-0101;EMP-509;ENT-MTL;BD-1015;3;490,33;7,70;325,38;Représentant
CMD-102588;27/02/2025;05/03/2025;05/05/2025;CLI-0195;EMP-506;ENT-MTL;BD-1030;3;160,54;12,30;100,96;Représentant
CMD-102896;12/04/2025;18/04/2025;26-mai-25;CLI-0052;EMP-504;ENT-QC;BD-1050;2;434,58;13,80;297,82;Portail web
CMD-104639;27/10/2025;2025-10-31;15/12/2025;CLI-0086;EMP-502;ENT-QC;BD-1151;8;152,38;4,20;92,25;Portail web
CMD-103522;27/06/2025;06/07/2025;2025-08-10;CLI-0143;EMP-503;ENT-MTL;BD-1045;4;109,34;16,60;78,37;Courriel
CMD-104151;13/09/2025;2025-09-19;29/10/2025;CLI-0081;EMP-502;ENT-QC;BD-1065;4;209,26;16,10;155,19;Portail web
CMD-102890;11/04/2025;16/04/2025;18-juin-25;CLI-0075;EMP-506;ENT-MTL;BD-1157;2;50,68;3,20;25,21;Salon
CMD-104081;08/09/2025;14/09/2025;;CLI-0137;EMP-503;ENT-MTL;BD-1071;9;430,94;19,30;363,51;Représentant
CMD-102688;2025-03-13;18/03/2025;22/04/2025;CLI-0201;EMP-504;ENT-QC;BD-1067;4;38,65;7,10;24,27;Représentant
CMD-103553;01/07/2025;08/07/2025;2025-08-28;CLI-0031;EMP-509;ENT-QC;BD-1016;3;345,13;16,50;224,02;Salon
CMD-103136;12/05/2025;19/05/2025;27-juin-25;CLI-0056;EMP-502;ENT-MTL;BD-1053;7;267,33;18,30;180,55;Portail web
CMD-102869;2025-04-08;13/04/2025;01/06/2025;CLI-0209;EMP-508;ENT-MTL;BD-1145;4;150,13;18,50;111,12;Téléphone
CMD-104966;2025-12-03;06/12/2025;;CLI-0137;EMP-503;ENT-MTL;BD-1078;10;300,51;21,60;238,11;Portail web
CMD-103877;18/08/2025;2025-08-21;25/10/2025;CLI-0057;EMP-507;ENT-MTL;BD-1127;2;258,32;14,30;174,31;Portail web
CMD-103145;13/05/2025;20/05/2025;05-juil-25;CLI-0012;EMP-501;ENT-SAG;BD-1110;65;228,06;19,70;182,67;Représentant
CMD-104458;2025-10-10;16/10/2025;04/12/2025;CLI-0061;EMP-503;ENT-QC;BD-1087;3;333,56;13,50;215,66;Représentant
CMD-103840;13/08/2025;22/08/2025;2025-09-28;CLI-0081;EMP-502;ENT-QC;BD-1017;1;476,41;15,50;313,71;Courriel
CMD-103228;22/05/2025;30/05/2025;03/07/2025;CLI-0049;EMP-508;ENT-QC;BD-1116;6;75,52;14,80;60,17;Représentant
CMD-103000;25/04/2025;29-avr-25;23/06/2025;CLI-0185;EMP-508;ENT-SAG;BD-1001;8;266,16;20,60;186,13;Représentant
CMD-103333;03/06/2025;11/06/2025;24-août-25;CLI-0107;EMP-506;ENT-SAG;BD-1148;2;435,78;5,20;302,28;Courriel
CMD-104353;01/10/2025;03/10/2025;04/11/2025;CLI-0095;EMP-505;ENT-QC;BD-1169;6;530,27;8,00;282,28;Courriel
CMD-103579;04-juil-25;10/07/2025;13/08/2025;CLI-0183;EMP-506;ENT-MTL;BD-1129;3;67,31;6,40;46,45;Téléphone
CMD-104930;2025-11-27;05/12/2025;;CLI-0072;EMP-501;ENT-MTL;BD-1098;4;373,63;15,30;309,76;Représentant
CMD-102881;11-avr-25;20/04/2025;13/06/2025;CLI-0211;EMP-504;ENT-SAG;BD-1051;3;109,15;15,80;79,76;Téléphone
CMD-102569;21/02/2025;01/03/2025;2025-04-10;CLI-0154;EMP-507;ENT-QC;BD-1087;3;344,43;10,70;215,66;Salon
CMD-103165;15/05/2025;19/05/2025;27-juin-25;CLI-0070;EMP-503;ENT-QC;BD-1166;4;391,21;5,80;217,35;Représentant
CMD-103508;26/06/2025;02/07/2025;30/08/2025;CLI-0096;EMP-504;ENT-SAG;BD-1056;8;457,13;7,10;293,14;Représentant
CMD-103211;20/05/2025;28/05/2025;06/07/2025;CLI-0048;EMP-508;ENT-QC;BD-1108;3;245,34;10,20;169,96;Téléphone
CMD-103939;25/08/2025;2025-08-30;18/10/2025;CLI-0155;EMP-506;ENT-MTL;BD-1014;12;39,16;12,40;27,18;Représentant
CMD-104486;2025-10-13;17/10/2025;03/12/2025;CLI-0090;EMP-505;ENT-QC;BD-1076;4;493,70;12,00;338,68;Téléphone
CMD-102923;2025-04-16;21/04/2025;22/05/2025;CLI-0106;EMP-501;ENT-MTL;BD-1061;6;101,86;13,80;76,81;Représentant
CMD-102797;31/03/2025;08/04/2025;24-mai-25;CLI-0099;EMP-505;ENT-MTL;BD-1130;5;425,18;24,70;323,89;Portail web
CMD-104190;17/09/2025;26/09/2025;22/10/2025;CLI-0091;EMP-504;ENT-QC;BD-1167;24;362,62;2,30;209,73;Portail web
CMD-102838;04/04/2025;2025-04-06;07/05/2025;CLI-0084;EMP-503;ENT-SAG;BD-1140;12;54,19;14,70;41,26;Représentant
CMD-104537;16/10/2025;2025-10-21;23/12/2025;CLI-0053;EMP-509;ENT-QC;BD-1152;2;406,15;15,60;271,40;Courriel
CMD-104830;2025-11-17;26/11/2025;24/12/2025;CLI-0034;EMP-507;ENT-MTL;BD-1176;8;541,80;14,10;328,78;Représentant
CMD-104628;24/10/2025;01-nov-25;;CLI-0141;EMP-502;ENT-QC;BD-1129;2;63,75;11,30;46,45;Courriel
CMD-104602;22/10/2025;26/10/2025;09/12/2025;CLI-0031;EMP-509;ENT-QC;BD-1048;2;44,22;13,60;33,51;Portail web
CMD-102336;02/01/2025;05-janv-25;29/01/2025;CLI-0043;EMP-506;ENT-MTL;BD-1020;6;50,23;12,60;33,12;Téléphone
CMD-102817;2025-04-02;07/04/2025;09/06/2025;CLI-0143;EMP-503;ENT-MTL;BD-1035;4;40,20;16,90;30,63;Représentant
CMD-103605;08/07/2025;2025-07-16;03/09/2025;CLI-0080;EMP-506;ENT-QC;BD-1044;1;279,06;13,60;199,55;Portail web
CMD-104707;31-oct-25;05/11/2025;31/12/2025;CLI-0144;EMP-502;ENT-MTL;BD-1177;4;359,52;11,80;215,66;Téléphone
CMD-102872;09-avr-25;11/04/2025;10/06/2025;CLI-0137;EMP-503;ENT-QC;BD-1046;26;378,72;20,70;315,40;Représentant
CMD-104769;07/11/2025;13/11/2025;2025-12-08;CLI-0055;EMP-506;ENT-QC;BD-1152;24;438,80;8,80;271,40;Portail web
CMD-103529;27/06/2025;02-juil-25;28/08/2025;CLI-0212;EMP-507;ENT-SAG;BD-1165;8;146,56;20,40;107,92;Téléphone
CMD-104741;2025-11-04;10/11/2025;18/12/2025;CLI-0059;EMP-504;ENT-QC;BD-1101;5;84,79;21,80;75,83;Représentant
CMD-103542;30/06/2025;2025-07-08;09/08/2025;CLI-0084 ;EMP-503;ENT-QC;BD-1121;3;65,98;15,20;44,65;Salon
CMD-104382;02/10/2025;10-oct-25;14/11/2025;CLI-0006;EMP-505;ENT-QC;BD-1085;3;60,23;10,40;49,28;Représentant
CMD-103999;01/09/2025;04/09/2025;2025-10-07;CLI-0212;EMP-507;ENT-QC;BD-1006;9;272,61;18,60;182,47;Portail web
CMD-103498;25-juin-25;03/07/2025;04/09/2025;CLI-0130;EMP-508;ENT-MTL;BD-1110;9;230,00;19,00;182,67;Portail web
CMD-103400;2025-06-12;20/06/2025;19/07/2025;CLI-0131;EMP-502;ENT-QC;BD-1109;8;395,76;14,00;310,20;Téléphone
CMD-104113;10/09/2025;2025-09-19;07/11/2025;CLI-0087;EMP-502;ENT-MTL;BD-1167;3;323,56;12,80;209,73;Représentant
CMD-103200;19/05/2025;2025-05-27;28/07/2025;CLI-0185;EMP-508;ENT-SAG;BD-1104;10;90,38;18,30;76,70;Salon
CMD-103407;12/06/2025;17/06/2025;31/07/2025;CLI-0188;EMP-506;ENT-QC;BD-1062;2;155,56;13,40;135,59;Courriel
CMD-102990;24/04/2025;2025-04-27;06/07/2025;CLI-0056;EMP-502;ENT-MTL;BD-1138;10;109,28;25,80;88,19;Représentant
CMD-102436;24-janv-25;02/02/2025;21/03/2025;CLI-0001;EMP-508;ENT-QC;BD-1010;1;150,20;7,90;88,91;Portail web
CMD-103678;2025-07-21;26/07/2025;20/08/2025;CLI-0175;EMP-505;ENT-QC;BD-1171;12;144,07;9,00;85,46;Représentant
CMD-103981;28/08/2025;03/09/2025;2025-10-20;CLI-0012;EMP-501;ENT-SAG;BD-1029;32;318,63;18,70;243,45;Représentant
CMD-103902;2025-08-19;27/08/2025;15/10/2025;CLI-0012;EMP-501;ENT-MTL;BD-1130;9;429,62;23,90;323,89;Portail web
CMD-103384;11/06/2025;13/06/2025;03-août-25;CLI-0059;EMP-504;ENT-MTL;BD-1049;23;42,04;23,10;31,22;Représentant
CMD-104632;25/10/2025;02/11/2025;26/12/2025;CLI-0047;EMP-508;ENT-QC;BD-9414;3;162,41;11,30;119,13;Représentant
CMD-103160;14/05/2025;21/05/2025;2025-06-12;CLI-0034;EMP-507;ENT-MTL;BD-1164;12;173,03;11,30;100,45;Portail web
CMD-104363;01/10/2025;2025-10-06;04/12/2025;CLI-0115;EMP-509;ENT-MTL;BD-1049;6;48,68;10,90;31,22;Représentant
CMD-103543;30/06/2025;06/07/2025;2025-09-11;CLI-0085;EMP-503;ENT-MTL;BD-1166;1;405,04;2,50;217,35;Représentant
CMD-102820;2025-04-02;10/04/2025;16/05/2025;CLI-0031;EMP-509;ENT-SAG;BD-1061;12;105,08;11,00;76,81;Courriel
CMD-102503;10/02/2025;2025-02-19;08/04/2025;CLI-0026;EMP-506;ENT-MTL;BD-1138;1;130,39;11,50;88,19;Représentant
CMD-104973;03/12/2025;05-déc-25;;CLI-0152;EMP-503;ENT-QC;BD-1150;2;587,69;6,10;347,06;Portail web
CMD-102656;11/03/2025;18-mars-25;22/04/2025;CLI-0158;EMP-507;ENT-QC;BD-1037;8;27,55;7,90;16,65;Téléphone
CMD-103471;2025-06-20;29/06/2025;31/08/2025;CLI-0090;EMP-505;ENT-QC;BD-1023;3;327,12;13,30;244,32;Portail web
CMD-102472;01/02/2025;2025-02-03;24/03/2025;CLI-0130;EMP-508;ENT-MTL;BD-1088;9;472,60;25,00;342,90;Représentant
CMD-104211;18/09/2025;20/09/2025;2025-11-08;CLI-0138;EMP-506;ENT-SAG;BD-1058;3;230,45;5,90;149,54;Représentant
CMD-104077;08/09/2025;13-sept-25;22/10/2025;CLI-0044;EMP-505;ENT-SAG;BD-1051;2;113,31;12,60;79,76;Portail web
CMD-102599;03/03/2025;11/03/2025;06-avr-25;CLI-0001;EMP-508;ENT-QC;BD-1112;3;107,29;6,60;67,02;Courriel
CMD-104227;19/09/2025;2025-09-28;11/11/2025;CLI-0122;EMP-505;ENT-MTL;BD-1078;4;361,41;5,70;238,11;Représentant
CMD-102675;12/03/2025;17/03/2025;2025-04-28;CLI-0012;EMP-501;ENT-MTL;BD-1023;16;294,47;22,00;244,32;Représentant
CMD-103876;2025-08-18;22/08/2025;19/09/2025;CLI-0154;EMP-507;ENT-QC;BD-1009;4;91,78;12,70;67,67;Représentant
CMD-102333;2025-01-02;11/01/2025;16/02/2025;CLI-0011;EMP-507;ENT-QC;BD-1056;2;461,45;6,20;293,14;Représentant
CMD-103237;23/05/2025;2025-05-26;18/08/2025;CLI-0132;EMP-507;ENT-MTL;BD-1025;2;199,52;14,70;149,35;Courriel
CMD-102691;14/03/2025;22/03/2025;2025-04-29;CLI-0206;EMP-503;ENT-MTL;BD-1160;3;65,45;16,90;41,56;Téléphone
CMD-104043;04/09/2025;2025-09-07;21/11/2025;CLI-0185;EMP-508;ENT-QC;BD-1035;12;37,39;22,70;30,63;Représentant
CMD-104101;10/09/2025;17/09/2025;2025-11-15;CLI-0099;EMP-505;ENT-MTL;BD-1119;25;72,54;21,00;59,67;Courriel
CMD-104057;05/09/2025;09/09/2025;2025-10-29;CLI-0023;EMP-505;ENT-QC;BD-1106;4;513,19;3,30;340,08;Représentant
CMD-104842;18/11/2025;25/11/2025;;cli-0012;EMP-501;ENT-SAG;BD-1034;9;190,15;20,00;182,99;Portail web
CMD-102377;13/01/2025;17/01/2025;2025-02-13;CLI-0209;EMP-508;ENT-QC;BD-1156;9;228,94;24,20;164,64;Représentant
CMD-103140;12/05/2025;14/05/2025;17/07/2025;CLI-0009;EMP-502;ENT-MTL;BD-1037;33;22,83;23,70;16,65;Portail web
CMD-105063;22/12/2025;2025-12-29;;CLI-0124;EMP-509;ENT-QC;BD-1164;12;189,72;2,70;100,45;Portail web
CMD-104456;09/10/2025;18/10/2025;07-déc-25;CLI-0019;EMP-502;ENT-QC;BD-1097;2;351,74;4,40;253,06;Représentant
CMD-104947;29/11/2025;02/12/2025;;CLI-0170;EMP-504;ENT-QC;BD-1156;3;276,68;8,40;164,64;Courriel
CMD-104524;15/10/2025;17/10/2025;2025-12-16;CLI-0072;EMP-501;ENT-MTL;BD-1068;4;488,16;13,40;342,49;Représentant
CMD-104546;16/10/2025;19/10/2025;26-nov-25;CLI-0099;EMP-505;ENT-SAG;BD-1138;24;114,32;22,40;88,19;Téléphone
CMD-102981;24/04/2025;2025-04-26;08/07/2025;CLI-0084;EMP-503;ENT-MTL;BD-1053;6;274,71;16,00;180,55;Portail web
CMD-104792;11/11/2025;17/11/2025;19/12/2025;CLI-0074;EMP-507;ENT-MTL;BD-1135;22;58,76;19,80;40,73;Portail web
CMD-102772;27/03/2025;30/03/2025;2025-05-21;CLI-0063;EMP-503;ENT-MTL;BD-1180;3;169,22;10,60;95,30;Représentant
CMD-102461;30/01/2025;2025-02-03;28/03/2025;CLI-0074;EMP-507;ENT-MTL;BD-1136;20;164,07;21,00;112,45;Représentant
CMD-102346;06/01/2025;09/01/2025;2025-02-20;CLI-0137;EMP-503;ENT-MTL;BD-1047;7;79,42;25,50;71,53;Portail web
CMD-104461;10/10/2025;2025-10-19;04/12/2025;CLI-0208;EMP-507;ENT-MTL;BD-1175;8;143,76;15,30;96,85;Portail web
CMD-103284;2025-05-28;05/06/2025;27/07/2025;CLI-0147;EMP-506;ENT-MTL;BD-1061;4;110,15;6,80;76,81;Salon
CMD-103685;22-juil-25;26/07/2025;21/08/2025;CLI-0009;EMP-502;ENT-SAG;BD-1059;13;426,95;19,00;391,48;Téléphone
CMD-104335;30/09/2025;04/10/2025;2025-11-07;CLI-0008;EMP-506;ENT-SAG;BD-1077;12;328,49;3,90;171,09;Représentant
CMD-104195;2025-09-17;23/09/2025;23/10/2025;CLI-0076;EMP-507;ENT-QC;BD-1061;16;95,92;18,80;76,81;Courriel
CMD-103892;19/08/2025;2025-08-22;26/09/2025;CLI-0006;EMP-505;ENT-QC;BD-1056;6;414,75;15,70;293,14;Représentant
CMD-103796;08/08/2025;2025-08-15;22/09/2025;CLI-0115;EMP-509;ENT-QC;BD-1021;6;309,83;14,80;242,82;Courriel
CMD-104352;2025-09-30;07/10/2025;22/11/2025;CLI-0089;EMP-502;ENT-QC;BD-1097;16;296,55;19,40;253,06;Portail web
CMD-103500;2025-06-25;03/07/2025;09/08/2025;CLI-0059;EMP-504;ENT-QC;BD-1181;17;486,18;22,20;312,40;Représentant
CMD-103718;29/07/2025;01/08/2025;23-sept-25;CLI-0143;EMP-503;ENT-MTL;BD-1009;4;90,85;13,60;67,67;Représentant
CMD-103735;01/08/2025;03/08/2025;26-sept-25;CLI-0006;EMP-505;ENT-MTL;BD-1028;4;204,63;13,40;143,73;Portail web
CMD-103367;09/06/2025;11/06/2025;12/08/2025;CLI-0099;EMP-505;ENT-QC;BD-1107;5;180,41;18,10;150,54;Salon
CMD-103660;17/07/2025;26/07/2025;2025-08-22;CLI-0193;EMP-509;ENT-QC;BD-1121;24;69,19;11,10;44,65;Représentant
CMD-104650;27/10/2025;2025-11-04;;CLI-0121;EMP-508;ENT-MTL;BD-1173;6;351,16;11,90;212,35;Représentant
CMD-104902;25/11/2025;29/11/2025;;CLI-0215;EMP-503;ENT-QC;BD-1100;6;524,30;2,30;369,19;Représentant
CMD-104179;16/09/2025;18/09/2025;2025-10-14;CLI-0074;EMP-507;ENT-QC;BD-1068;18;429,77;23,80;342,49;Représentant
CMD-103888;18/08/2025;21/08/2025;02/10/2025;CLI-0074;EMP-507;ENT-MTL;BD-1019;30;245,66;18,40;205,07;Représentant
CMD-103435;2025-06-16;22/06/2025;08/07/2025;CLI-0037;EMP-504;ENT-QC;BD-1008;2;189,69;18,90;155,34;Téléphone
CMD-103693;23/07/2025;2025-07-31;24/09/2025;CLI-0076;EMP-507;ENT-SAG;BD-1056;7;388,72;21,00;293,14;Représentant
CMD-103400;2025-06-12;20/06/2025;19/07/2025;CLI-0131;EMP-502;ENT-QC;BD-1027;12;394,09;14,00;254,96;Portail web
CMD-102920;16/04/2025;23/04/2025;2025-06-18;CLI-0050;EMP-502;ENT-MTL;BD-1056;4;431,58;12,30;293,14;Représentant
CMD-104269;2025-09-24;28/09/2025;02/11/2025;CLI-0076;EMP-507;ENT-MTL;BD-1057;5;23,49;21,30;23,20;Représentant
CMD-102670;2025-03-12;19/03/2025;;CLI-0199;EMP-504;ENT-QC;BD-1178;8;172,53;16,00;119,43;Portail web
CMD-104986;05/12/2025;14/12/2025;;CLI-0034;EMP-507;ENT-QC;BD-1175;3;142,79;15,90;96,85;Portail web
CMD-104622;24/10/2025;2025-10-26;02/12/2025;CLI-0031;EMP-509;ENT-MTL;BD-1094;12;176,87;13,20;124,30;Téléphone
CMD-102888;11/04/2025;19/04/2025;20/05/2025;CLI-0199;EMP-504;ENT-SAG;BD-1046;1;411,21;13,80;315,40;Téléphone
CMD-102979;23/04/2025;30/04/2025;09/07/2025;CLI-0076;EMP-507;ENT-QC;BD-1088;5;476,66;24,30;342,90;Représentant
CMD-103796;2025-08-08;15/08/2025;22/09/2025;CLI-0115;EMP-509;ENT-QC;BD-1148;6;391,77;14,80;302,28;Salon
CMD-104556;17-oct-25;20/10/2025;30/12/2025;CLI-0136;EMP-507;ENT-QC;BD-1128;1;130,22;10,10;78,87;Portail web
CMD-104852;19/11/2025;26-nov-25;;CLI-0195;EMP-506;ENT-MTL;BD-1068;1;482,56;14,40;342,49;Portail web
CMD-102787;28/03/2025;05-avr-25;23/05/2025;CLI-0198;EMP-504;ENT-QC;BD-1031;3;487,70;6,10;300,62;Téléphone
CMD-103965;26-août-25;01/09/2025;17/10/2025;CLI-0036;EMP-505;ENT-MTL;BD-1011;8;445,26;15,20;294,52;Représentant
CMD-104118;2025-09-10;17/09/2025;14/10/2025;CLI-0080;EMP-506;ENT-QC;BD-1072;8;341,57;13,70;236,88;Courriel
CMD-103462;19/06/2025;23-juin-25;07/08/2025;CLI-0061;EMP-503;ENT-QC;BD-1087;3;330,88;14,20;215,66;Téléphone
CMD-104190;17/09/2025;26-sept-25;22/10/2025;CLI-0091;EMP-504;ENT-QC;BD-1086;4;134,56;2,30;97,25;Téléphone
CMD-102719;19/03/2025;23/03/2025;2025-05-20;CLI-0154;EMP-507;ENT-SAG;BD-1159;24;244,88;15,30;169,65;Portail web
CMD-102945;2025-04-18;24/04/2025;05/06/2025;CLI-0098;EMP-509;ENT-SAG;BD-1063;6;350,56;4,80;247,24;Représentant
CMD-103393;2025-06-12;19/06/2025;29/07/2025;CLI-0148;EMP-501;ENT-SAG;BD-1164;8;170,92;12,30;100,45;Représentant
CMD-104109;10/09/2025;17/09/2025;16-oct-25;CLI-0087;EMP-502;ENT-QC;BD-1051;6;112,23;13,50;79,76;Représentant
CMD-103058;02/05/2025;05-mai-25;06/06/2025;CLI-0108;EMP-503;ENT-MTL;BD-1034;4;200,00;15,80;182,99;Portail web
CMD-104191;17/09/2025;20/09/2025;2025-11-17;CLI-0089;EMP-502;ENT-QC;BD-1161;5;101,38;24,90;64,16;Représentant
CMD-104949;2025-12-01;08/12/2025;;CLI-0005;EMP-503;ENT-SAG;BD-1102;6;457,19;5,70;260,69;Représentant
CMD-104255;23-sept-25;30/09/2025;25/11/2025;CLI-0175;EMP-505;ENT-QC;BD-1100;8;508,17;5,30;369,19;Représentant
CMD-104789;2025-11-11;16/11/2025;22/12/2025;CLI-0044;EMP-505;ENT-MTL;BD-1046;4;403,83;15,40;372,17;Représentant
CMD-104851;19/11/2025;2025-11-22;;CLI-0217;EMP-506;ENT-QC;BD-1167;9;287,12;22,70;209,73;Portail web
CMD-105100;26/12/2025;03/01/2026;;CLI-0153;EMP-507;ENT-MTL;BD-1150;12;523,32;16,40;347,06;Téléphone
CMD-104716;01/11/2025;09/11/2025;;CLI-0143;EMP-503;ENT-QC;BD-1107;3;190,67;13,40;150,54;Téléphone
CMD-104773;08/11/2025;10/11/2025;20-déc-25;CLI-0051;EMP-509;ENT-MTL;BD-1060;3;377,56;4,60;291,44;Téléphone
CMD-103226;22/05/2025;31-mai-25;04/06/2025;CLI-0029;EMP-506;ENT-MTL;BD-1031;48;404,55;22,10;300,62;Salon
CMD-103223;22/05/2025;31/05/2025;02/07/2025;CLI-0031;EMP-509;ENT-SAG;BD-1122;2;295,67;13,30;212,67;Représentant
CMD-104315;27/09/2025;2025-10-04;24/11/2025;CLI-0059;EMP-504;ENT-QC;BD-1085;17;50,62;24,70;49,28;Portail web
CMD-104220;18/09/2025;20/09/2025;06/11/2025;CLI-0211;EMP-504;ENT-SAG;BD-1083;2;264,27;14,00;189,32;Représentant
CMD-104048;n/d;2025-09-11;08/10/2025;CLI-0089;EMP-502;ENT-SAG;BD-1159;75;232,68;19,50;169,65;Téléphone
CMD-102558;2025-02-20;24/02/2025;18/03/2025;CLI-0009;EMP-502;ENT-QC;BD-1145;10;136,55;25,80;111,12;Téléphone
CMD-104954;01/12/2025;09-déc-25;;CLI-0152;EMP-503;ENT-MTL;BD-1022;8;434,21;4,50;298,47;Courriel
CMD-104721;03/11/2025;12/11/2025;;CLI-0137;EMP-503;ENT-MTL;BD-1136;7;156,25;24,70;112,45;Portail web
CMD-102837;04/04/2025;12/04/2025;29/05/2025;CLI-0037;EMP-504;ENT-SAG;BD-1055;7;266,12;19,00;213,75;Représentant
CMD-102913;2025-04-15;19/04/2025;09/06/2025;CLI-0019;EMP-502;ENT-QC;BD-1002;2;457,07;2,40;298,72;Courriel
CMD-102461;30/01/2025;03/02/2025;28-mars-25;CLI-0074;EMP-507;ENT-MTL;BD-1106;23;419,27;21,00;340,08;Représentant
CMD-103458;19/06/2025;26-juin-25;20/07/2025;CLI-0173;EMP-508;ENT-SAG;BD-1008;4;201,89;13,70;155,34;Portail web
CMD-103766;05/08/2025;2025-08-10;21/09/2025;CLI-0048;EMP-508;ENT-QC;BD-1180;2;160,97;15,00;95,30;Téléphone
CMD-104236;20/09/2025;27/09/2025;;CLI-0209;EMP-508;ENT-QC;BD-1060;4;303,60;23,30;291,44;Représentant
CMD-102650;10-mars-25;15/03/2025;22/05/2025;CLI-0139;EMP-506;ENT-QC;BD-1177;4;362,58;11,00;215,66;Représentant
CMD-104894;24-nov-25;03/12/2025;;CLI-0061;EMP-503;ENT-MTL;BD-1010;2;145,90;10,50;88,91;Courriel
CMD-103891;19-août-25;25/08/2025;;CLI-0089;EMP-502;ENT-QC;BD-1118;1;381,44;23,30;343,17;Téléphone
CMD-105107;2025-12-27;01/01/2026;;CLI-0045;EMP-502;ENT-QC;BD-1162;1;122,42;10,70;68,38;Téléphone
CMD-102531;14/02/2025;18-févr-25;13/04/2025;CLI-0033;EMP-504;ENT-QC;BD-1156;2;269,84;10,70;164,64;Représentant
CMD-105107;27/12/2025;01/01/2026;;CLI-0045;EMP-502;ENT-QC;BD-1069;4;356,17;10,70;239,15;Courriel
CMD-103886;2025-08-18;22/08/2025;12/10/2025;CLI-0147;EMP-506;ENT-QC;BD-1169;12;558,03;3,20;282,28;Représentant
CMD-104042;04/09/2025;08/09/2025;05-oct-25;CLI-0006;EMP-505;ENT-MTL;BD-1049;3;48,30;11,60;31,22;Représentant
CMD-102385;14/01/2025;2025-01-17;15/02/2025;CLI-0058;EMP-508;ENT-QC;BD-1144;2;169,69;4,90;98,33;Représentant
CMD-103527;27/06/2025;02/07/2025;30-juil-25;CLI-0063;EMP-503;ENT-SAG;BD-1027;2;407,60;11,00;254,96;Représentant
CMD-103523;27/06/2025;2025-07-06;10/08/2025;CLI-0009;EMP-502;ENT-QC;BD-1159;19;223,03;22,80;169,65;Téléphone
CMD-103551;01/07/2025;06/07/2025;17/09/2025;CLI-0012;EMP-501;ENT-QC;BD-1044;6;255,84;20,80;199,55;Représentant
CMD-102377;13/01/2025;2025-01-17;13/02/2025;CLI-0209;EMP-508;ENT-QC;BD-1153;7;152,04;24,20;116,00;Portail web
CMD-103470;20/06/2025;29/06/2025;01-août-25;CLI-0194;EMP-506;ENT-QC;BD-1006;4;317,98;5,00;182,47;Portail web
CMD-102765;26/03/2025;31-mars-25;28/05/2025;CLI-0056;EMP-502;ENT-MTL;BD-1012;12;91,21;25,10;69,62;Représentant
CMD-103832;13/08/2025;19/08/2025;28-sept-25;CLI-0129;EMP-508;ENT-MTL;BD-1168;1;368,56;7,90;229,43;Représentant
CMD-103221;22/05/2025;27/05/2025;2025-07-28;CLI-0195;EMP-506;ENT-MTL;BD-1161;8;116,30;13,90;64,16;Représentant
CMD-103653;16/07/2025;2025-07-19;09/09/2025;CLI-0089;EMP-502;ENT-QC;BD-1061;19;92,02;22,10;76,81;Salon
CMD-104323;29/09/2025;03-oct-25;11/11/2025;CLI-0110;EMP-507;ENT-SAG;BD-1166;12;379,37;8,70;217,35;Courriel
CMD-103784;07/08/2025;13-août-25;14/09/2025;CLI-0108;EMP-503;ENT-SAG;BD-1021;6;322,97;11,20;242,82;Portail web
CMD-102967;21/04/2025;27/04/2025;2025-06-07;CLI-0012;EMP-501;ENT-QC;BD-1040;5;351,79;20,20;274,41;Téléphone
CMD-103598;08/07/2025;11/07/2025;14/09/2025;CLI-0091;EMP-504;ENT-MTL;BD-1036;2;251,02;2,20;191,63;Portail web
CMD-104174;16-sept-25;19/09/2025;;CLI-0076;EMP-507;ENT-SAG;BD-1074;7;147,83;23,90;130,44;Courriel
CMD-102743;22/03/2025;24-mars-25;21/05/2025;CLI-0183;EMP-506;ENT-QC;BD-1123;2;201,84;7,20;132,28;Représentant
CMD-103367;09-juin-25;11/06/2025;12/08/2025;CLI-0099;EMP-505;ENT-QC;BD-1110;5;232,54;18,10;182,67;Représentant
CMD-103548;30/06/2025;07/07/2025;;CLI-0037;EMP-504;ENT-MTL;BD-1020;2;45,83;20,30;33,12;Représentant
CMD-104836;2025-11-18;26/11/2025;;CLI-0130;EMP-508;ENT-MTL;BD-1134;14;86,47;21,40;61,77;Portail web
CMD-103426;16/06/2025;22/06/2025;2025-08-14;CLI-0212;EMP-507;ENT-SAG;BD-1040;5;337,54;23,40;274,41;Portail web
CMD-105006;11/12/2025;20-déc-25;;CLI-0128;EMP-502;ENT-QC;BD-1089;3;269,90;14,70;189,92;Courriel
CMD-103544;30/06/2025;08/07/2025;19-août-25;CLI-0029;EMP-506;ENT-QC;BD-1027;12;366,07;20,10;254,96;Portail web
CMD-104599;22/10/2025;24/10/2025;2025-12-13;CLI-0063;EMP-503;ENT-QC;BD-1141;6;414,97;16,90;314,24;Représentant
CMD-103596;07/07/2025;13-juil-25;16/09/2025;CLI-0095;EMP-505;ENT-MTL;BD-1016;2;383,90;7,10;224,02;Représentant
CMD-104964;02-déc-25;10/12/2025;;CLI-0037;EMP-504;ENT-QC;BD-1147;31;465,22;22,20;346,92;Téléphone
CMD-104405;2025-10-06;15/10/2025;12/11/2025;CLI-0009;EMP-502;ENT-QC;BD-1174;2;239,86;18,70;169,01;Portail web
CMD-104271;24/09/2025;2025-09-29;19/11/2025;CLI-0069;EMP-508;ENT-MTL;BD-1125;2;428,87;2,50;291,24;Représentant
CMD-103806;09/08/2025;12/08/2025;20-oct-25;CLI-0076;EMP-507;ENT-MTL;BD-1030;23;140,46;23,30;119,13;Représentant
CMD-103631;2025-07-11;17/07/2025;26/08/2025;CLI-0133;EMP-508;ENT-QC;BD-1124;2;227,79;10,70;153,77;Représentant
CMD-105074;2025-12-23;28/12/2025;;CLI-0107;EMP-506;ENT-MTL;BD-1049;6;52,71;3,50;31,22;Représentant
CMD-103940;2025-08-25;02/09/2025;29/09/2025;CLI-0106;EMP-501;ENT-SAG;BD-1041;2;223,36;11,90;163,24;Téléphone
CMD-104718;00/00/0000;2025-11-06;21/12/2025;CLI-0126;EMP-502;ENT-QC;BD-1103;12;193,06;15,20;154,84;Portail web
CMD-104764;06/11/2025;09/11/2025;19-déc-25;CLI-0099;EMP-505;ENT-MTL;BD-1149;26;137,67;24,80;111,14;Portail web
CMD-103193;19/05/2025;21/05/2025;30-juil-25;CLI-0102;EMP-506;ENT-SAG;BD-1095;1;97,90;5,60;64,62;Téléphone
CMD-102446;27/01/2025;04/02/2025;;CLI-0076;EMP-507;ENT-SAG;BD-1039;15;155,24;21,60;122,17;Représentant
CMD-104377;02/10/2025;05/10/2025;03-nov-25;CLI-0066;EMP-507;ENT-MTL;BD-1138;2;127,47;13,50;88,19;Téléphone
CMD-102474;03/02/2025;2025-02-05;13/03/2025;CLI-0155;EMP-506;ENT-QC;BD-1104;12;98,01;11,40;76,70;Représentant
CMD-104963;02/12/2025;10/12/2025;;CLI-0074;EMP-507;ENT-SAG;BD-1142;26;126,97;22,10;100,93;Téléphone
CMD-102933;17-avr-25;25/04/2025;22/06/2025;CLI-0056;EMP-502;ENT-QC;BD-1046;4;358,43;24,90;315,40;Téléphone
CMD-102796;2025-03-31;02/04/2025;24/04/2025;CLI-0153;EMP-507;ENT-QC;BD-1178;2;175,25;14,60;119,43;Portail web
CMD-104773;08/11/2025;2025-11-10;20/12/2025;CLI-0051;EMP-509;ENT-MTL;BD-1096;4;282,52;4,60;205,70;Représentant
CMD-103761;05-août-25;11/08/2025;01/10/2025;CLI-0193;EMP-509;ENT-SAG;BD-1019;6;261,39;13,20;205,07;Téléphone
CMD-103382;2025-06-10;14/06/2025;04/08/2025;CLI-0123;EMP-501;ENT-QC;BD-1137;4;35,82;16,30;25,59;Courriel
CMD-103028;29/04/2025;06/05/2025;2025-06-12;CLI-0151;EMP-504;ENT-SAG;BD-1102;4;449,31;7,30;260,69;Courriel
CMD-103425;16-juin-25;25/06/2025;13/07/2025;CLI-0037;EMP-504;ENT-MTL;BD-1063;10;282,27;23,40;247,24;Représentant
CMD-103745;02-août-25;09/08/2025;17/09/2025;CLI-0005;EMP-503;ENT-SAG;BD-1020;2;55,39;3,60;33,12;Représentant
CMD-103466;19-juin-25;24/06/2025;05/08/2025;CLI-0108;EMP-503;ENT-MTL;BD-1106;4;474,81;10,50;340,08;Salon
CMD-105104;26/12/2025;03/01/2026;;CLI-0200;EMP-509;ENT-MTL;BD-1132;6;177,06;10,90;128,45;Représentant
CMD-102359;08/01/2025;15-janv-25;12/02/2025;CLI-0009;EMP-502;ENT-SAG;BD-1142;21;126,95;22,20;100,93;Représentant
CMD-102365;09/01/2025;17/01/2025;2025-02-10;CLI-0114;EMP-502;ENT-QC;BD-1140;6;62,06;2,30;41,26;Téléphone
CMD-103214;21/05/2025;25/05/2025;11-juil-25;CLI-0131;EMP-502;ENT-QC;BD-1020;6;47,89;16,70;33,12;Représentant
CMD-102909;15/04/2025;21/04/2025;2025-05-25;CLI-0090;EMP-505;ENT-QC;BD-1164;3;170,12;12,70;100,45;Représentant
CMD-104418;07/10/2025;10/10/2025;15/11/2025;CLI-0124;EMP-509;ENT-MTL;BD-1176;2;583,63;7,40;328,78;Téléphone
CMD-103832;13/08/2025;19/08/2025;2025-09-28;CLI-0129;EMP-508;ENT-MTL;BD-1024;1;307,89;7,90;189,35;Représentant
CMD-102783;28/03/2025;01/04/2025;29-avr-25;CLI-0210;EMP-503;ENT-MTL;BD-1157;12;48,58;7,20;25,21;Portail web
CMD-102994;24/04/2025;01/05/2025;01/07/2025;CLI-0040;EMP-509;ENT-QC;BD-1064;6;109,09;12,90;70,89;Téléphone
CMD-103804;09-août-25;16/08/2025;03/10/2025;CLI-0037;EMP-504;ENT-MTL;BD-1002;11;375,97;19,70;298,72;Téléphone
CMD-105115;2025-12-30;08/01/2026;;CLI-0114;EMP-502;ENT-QC;BD-1060;3;381,88;3,50;291,44;Représentant
CMD-104196;17/09/2025;20/09/2025;13/11/2025;CLI-0111;EMP-507;ENT-SAG;BD-1068;2;527,65;6,40;342,49;Téléphone
CMD-104339;2025-09-30;09/10/2025;15/12/2025;CLI-0008;EMP-506;ENT-MTL;BD-1061;3;109,40;7,40;76,81;Représentant
CMD-104841;18-nov-25;25/11/2025;20/12/2025;CLI-0173;EMP-508;ENT-MTL;BD-1159;1;242,92;15,90;169,65;Courriel
CMD-102495;07/02/2025;14/02/2025;2025-04-10;CLI-0075;EMP-506;ENT-SAG;BD-1005;4;315,53;3,50;208,35;Représentant
CMD-102875;09/04/2025;17-avr-25;20/06/2025;CLI-0112;EMP-505;ENT-MTL;BD-1166;8;362790,00;12,70;217,35;Représentant
CMD-103529;27/06/2025;2025-07-02;28/08/2025;CLI-0212;EMP-507;ENT-SAG;BD-1059;19;419,96;20,40;391,48;Téléphone
CMD-104524;15/10/2025;17/10/2025;16/12/2025;CLI-0072;EMP-501;ENT-MTL;BD-1154;6;462,73;13,40;329,92;N/A
CMD-103337;2025-06-04;09/06/2025;17/07/2025;CLI-0054;EMP-507;ENT-MTL;BD-1114;2;210,77;16,60;152,73;Représentant
CMD-104957;01/12/2025;2025-12-03;;CLI-0173;EMP-508;ENT-QC;BD-1139;2;304,47;15,10;203,11;Représentant
CMD-103618;10-juil-25;16/07/2025;05/09/2025;CLI-0182;EMP-503;ENT-QC;BD-1123;12;190,08;12,60;132,28;Représentant
CMD-103100;07/05/2025;2025-05-09;07/07/2025;CLI-0130;EMP-508;ENT-QC;BD-1125;5;328,66;25,30;291,24;Représentant
CMD-104322;29/09/2025;2025-10-02;13/11/2025;CLI-0054;EMP-507;ENT-QC;BD-1043;12;453,94;14,00;300,28;Portail web
CMD-102483;04/02/2025;08/02/2025;07/04/2025;CLI-0183;EMP-506;ENT-SAG;BD-1171;6;152,34;3,80;85,46;Téléphone
CMD-104178;16/09/2025;2025-09-24;06/12/2025;CLI-0063;EMP-503;ENT-SAG;BD-1086;4;121,54;11,80;97,25;Représentant
CMD-104609;23/10/2025;2025-10-28;12/12/2025;CLI-0110;EMP-507;ENT-QC;BD-1072;3;367,91;7,00;236,88;Représentant
CMD-104448;09/10/2025;12/10/2025;2025-12-04;CLI-0118;EMP-504;ENT-QC;BD-1150;6;552,72;11,70;347,06;Représentant
CMD-104368;02/10/2025;08/10/2025;06/12/2025;CLI-0031;EMP-509;ENT-MTL;BD-1080;6;284,63;13,90;208,57;Portail web
CMD-104204;18/09/2025;23-sept-25;12/11/2025;CLI-0034;EMP-507;ENT-QC;BD-1177;8;355,01;12,90;215,66;Portail web
CMD-104199;2025-09-17;26/09/2025;04/11/2025;CLI-0004;EMP-505;ENT-MTL;BD-1171;3;149,28;5,70;85,46;Représentant
CMD-103207;20/05/2025;22/05/2025;2025-07-08;CLI-0009;EMP-502;ENT-QC;BD-1027;4;353,65;22,80;254,96;Courriel
CMD-102480;2025-02-04;11/02/2025;22/04/2025;CLI-0040 ;EMP-509;ENT-MTL;BD-1090;2;82,50;13,90;58,79;Représentant
CMD-103288;28/05/2025;30/05/2025;2025-07-23;CLI-0032;EMP-504;ENT-SAG;BD-1150;4;592,92;5,30;347,06;Représentant
CMD-102872;2025-04-09;11/04/2025;10/06/2025;CLI-0137;EMP-503;ENT-QC;BD-1172;13;332,15;20,70;221,22;Portail web
CMD-104990;08/12/2025;2025-12-14;;CLI-0154;EMP-507;ENT-SAG;BD-1149;4;154,66;15,50;111,14;Courriel
CMD-104666;28/10/2025;04-nov-25;;CLI-0012;EMP-501;ENT-QC;BD-1074;5;152,78;21,30;130,44;Représentant
CMD-104602;22/10/2025;26/10/2025;2025-12-09;CLI-0031;EMP-509;ENT-QC;BD-1058;2;211,44;13,60;149,54;Représentant
CMD-104206;2025-09-18;22/09/2025;02/12/2025;CLI-0191;EMP-504;ENT-MTL;BD-1038;2;495,22;10,30;319,94;Représentant
CMD-103814;2025-08-11;20/08/2025;10/10/2025;CLI-0187;EMP-507;ENT-MTL;BD-1051;4;113,87;12,20;79,76;Téléphone
CMD-102844;04/04/2025;08-avr-25;10/05/2025;CLI-0056;EMP-502;ENT-QC;BD-1142;17;127,78;21,60;100,93;Représentant
CMD-104835;17/11/2025;23/11/2025;;CLI-0029;EMP-506;ENT-QC;BD-1139;15;284,13;20,80;203,11;Téléphone
CMD-104145;12/09/2025;2025-09-14;18/10/2025;CLI-0112;EMP-505;ENT-QC;BD-1055;2;287,40;12,50;213,75;Portail web
CMD-103606;2025-07-08;10/07/2025;10/09/2025;CLI-0175;EMP-505;ENT-QC;BD-1004;4;264,27;3,60;158,83;Représentant
CMD-103585;04/07/2025;09-juil-25;31/08/2025;CLI-0215;EMP-503;ENT-QC;BD-1036;1;235,82;8,20;191,63;Portail web
CMD-103007;2025-04-26;03/05/2025;08/06/2025;CLI-0160;EMP-508;ENT-MTL;BD-1091;6;536,48;5,60;284,93;Portail web
CMD-104941;2025-11-28;04/12/2025;;CLI-0037;EMP-504;ENT-QC;BD-1150;6;512,44;18,10;347,06;Courriel
CMD-102748;2025-03-24;02/04/2025;22/05/2025;CLI-0200;EMP-509;ENT-QC;BD-1121;2;67,13;13,80;44,65;Représentant
CMD-102484;04/02/2025;08/02/2025;21-mars-25;CLI-0151;EMP-504;ENT-QC;BD-1010;4;150,38;7,70;88,91;Représentant
CMD-102982;24/04/2025;29/04/2025;2025-06-25;CLI-0186;EMP-507;ENT-QC;BD-1022;8;440,00;3,20;252,94;Représentant
CMD-102903;2025-04-14;20/04/2025;07/05/2025;CLI-0087;EMP-502;ENT-SAG;BD-1179;12;369,33;14,40;231,35;Portail web
CMD-102579;26/02/2025;02/03/2025;02-mai-25;CLI-0055;EMP-506;ENT-MTL;BD-1116;3;85,98;3,00;60,17;Courriel
CMD-103958;26/08/2025;2025-08-30;02/11/2025;CLI-0100;EMP-505;ENT-SAG;BD-1051;3;124,75;3,80;79,76;Salon
CMD-104668;28/10/2025;02/11/2025;2025-12-27;CLI-0104;EMP-501;ENT-MTL;BD-1149;8;174,67;4,60;111,14;Téléphone
CMD-103230;22/05/2025;28/05/2025;2025-07-11;CLI-0216;EMP-503;ENT-MTL;BD-1056;6;455,21;7,40;293,14;Portail web
CMD-104447;09/10/2025;15/10/2025;2025-11-24;CLI-0099;EMP-505;ENT-SAG;BD-1141;5;381,62;23,60;314,24;Téléphone
CMD-104589;21/10/2025;24/10/2025;2025-11-27;CLI-0012;EMP-501;ENT-SAG;BD-1164;38;150,43;22,80;100,45;Représentant
CMD-102731;2025-03-20;28/03/2025;06/05/2025;CLI-0020;EMP-508;ENT-QC;BD-1178;6;187,48;8,70;119,43; 
CMD-104113;10/09/2025;2025-09-19;07/11/2025;CLI-0087;EMP-502;ENT-MTL;BD-1044;1;281,57;12,80;199,55;Représentant
CMD-103667;18/07/2025;22/07/2025;23/08/2025;CLI-0032;EMP-504;ENT-QC;BD-1141;6;476,72;4,50;314,24;Salon
CMD-104941;28/11/2025;04/12/2025;;CLI-0037;EMP-504;ENT-QC;BD-1097;5;301280,00;18,10;253,06;Portail web
CMD-103330;03/06/2025;2025-06-08;19/08/2025;CLI-0144;EMP-502;ENT-QC;BD-1149;8;152,74;16,60;111,14;Représentant
CMD-102803;31/03/2025;2025-04-09;17/05/2025;CLI-0137;EMP-503;ENT-MTL;BD-1124;4;199,25;21,90;153,77;Représentant
CMD-103042;30/04/2025;04/05/2025;2025-06-17;CLI-0181;EMP-504;ENT-MTL;BD-1053;2;306,50;6,30;180,55;Courriel
CMD-103840;13/08/2025;22-août-25;28/09/2025;CLI-0081;EMP-502;ENT-QC;BD-1040;2;372,45;15,50;274,41;Représentant
CMD-102954;19/04/2025;21/04/2025;07/06/2025;CLI-0154;EMP-507;ENT-QC;BD-1051;2;114,83;11,50;79,76;Téléphone
CMD-103896;19/08/2025;2025-08-23;18/10/2025;CLI-0178;EMP-501;ENT-QC;BD-1040;8;420,04;4,70;274,41;Téléphone
CMD-103145;13/05/2025;2025-05-20;05/07/2025;CLI-0012;EMP-501;ENT-SAG;BD-1032;5;439,69;19,70;409,59;Courriel
CMD-103378;10/06/2025;15/06/2025;31/07/2025;CLI-0199;EMP-504;ENT-QC;BD-1126;1;179,42;11,40;133,03;Représentant
CMD-103579;04/07/2025;10/07/2025;13/08/2025;CLI-0183;EMP-506;ENT-MTL;BD-1120;6;277,91;6,40;186,72;Représentant
CMD-104407;06-oct-25;09/10/2025;28/11/2025;CLI-0157;EMP-502;ENT-QC;BD-1131;4;56,12;16,30;37,08;Représentant
CMD-104217;18/09/2025;2025-09-23;28/10/2025;CLI-0150;EMP-502;ENT-MTL;BD-1061;4;112,32;4,90;76,81;Portail web
CMD-103469;20/06/2025;24-juin-25;;CLI-0182;EMP-503;ENT-SAG;BD-1007;1;89,07;13,80;57,14;Portail web
CMD-104296;26/09/2025;2025-09-28;09/11/2025;CLI-0052;EMP-504;ENT-MTL;BD-1160;12;70,60;10,40;41,56;Représentant
CMD-103501;25/06/2025;2025-06-30;07/08/2025;CLI-0097;EMP-504;ENT-QC;BD-1016;24;389,03;5,90;224,02;Téléphone
CMD-103062;02/05/2025;11-mai-25;30/06/2025;CLI-0096;EMP-504;ENT-SAG;BD-1047;12;99,99;6,20;71,53;Représentant
CMD-103555;01/07/2025;09-juil-25;03/08/2025;CLI-0008;EMP-506;ENT-QC;BD-1044;1;313,53;2,90;199,55;Téléphone
CMD-104345;30-sept-25;09/10/2025;27/12/2025;CLI-0044;EMP-505;ENT-QC;BD-1066;4;309,36;10,20;240,06;Portail web
CMD-103197;19/05/2025;2025-05-21;14/07/2025;CLI-0048;EMP-508;ENT-MTL;BD-1056;3;434,36;11,70;293,14;Représentant
CMD-103324;02-juin-25;06/06/2025;06/08/2025;CLI-0027;EMP-502;ENT-SAG;BD-1002;3;444,32;5,20;298,72;Téléphone
CMD-103378;10-juin-25;15/06/2025;31/07/2025;CLI-0199;EMP-504;ENT-QC;BD-1006;3;296,73;11,40;182,47;Courriel
CMD-102847;05/04/2025;2025-04-08;21/05/2025;CLI-0143;EMP-503;ENT-SAG;BD-1051;24;114,48;11,70;79,76;Représentant
CMD-104902;25/11/2025;29/11/2025;;CLI-0215;EMP-503;ENT-QC;BD-1068;4;551,06;2,30;342,49;Courriel
CMD-105022;2025-12-15;24/12/2025;;CLI-0080;EMP-506;ENT-MTL;BD-1070;1;64,93;14,80;48,05;Portail web
CMD-103576;03/07/2025;10/07/2025;08-août-25;CLI-0217;EMP-506;ENT-MTL;BD-1120;9;220,38;25,80;186,72;Représentant
CMD-104357;01/10/2025;08/10/2025;08/12/2025;CLI-0009;EMP-502;ENT-QC;BD-1157;16;39,78;24,00;25,21;Téléphone
CMD-104304;2025-09-26;30/09/2025;01/12/2025;CLI-0166;EMP-503;ENT-QC;BD-1071;4;466,12;12,70;363,51;Portail web
CMD-102810;01/04/2025;07/04/2025;30-mai-25;CLI-0057;EMP-507;ENT-SAG;BD-1175;4;147,71;13,00;96,85;Représentant
CMD-105059;2025-12-20;22/12/2025;;CLI-0126;EMP-502;ENT-QC;BD-1103;6;199,84;12,30;154,84;Représentant
CMD-103502;25-juin-25;27/06/2025;27/07/2025;CLI-0169;EMP-507;ENT-QC;BD-1007;12;89,05;13,80;57,14;Courriel
CMD-104196;17-sept-25;20/09/2025;13/11/2025;CLI-0111;EMP-507;ENT-SAG;BD-1089;1;296,23;6,40;189,92;Téléphone
CMD-104640;2025-10-27;02/11/2025;09/12/2025;CLI-0078;EMP-504;ENT-MTL;BD-1171;2;149,75;5,40;85,46;Représentant
CMD-104017;02/09/2025;04/09/2025;10-oct-25;CLI-0090;EMP-505;ENT-QC;BD-1049;6;45,41;16,90;31,22;Courriel
CMD-104180;16/09/2025;2025-09-25;03/11/2025;CLI-0210;EMP-503;ENT-QC;BD-1112;4;110,87;3,50;67,02;Représentant
CMD-103231;22/05/2025;24/05/2025;31-juil-25;CLI-0056;EMP-502;ENT-QC;BD-1055;23;262,40;20,10;213,75;Représentant
CMD-104072;31/02/2024;2025-09-15;11/11/2025;CLI-0190;EMP-504;ENT-QC;BD-1043;3;485,43;8,00;300,28;Courriel
CMD-104933;28/11/2025;07/12/2025;;  CLI-0009;EMP-502;ENT-QC;BD-1156;9;235,74;22,00;164,64;Téléphone
CMD-103083;06/05/2025;11/05/2025;2025-06-26;cli-0130;EMP-508;ENT-MTL;BD-1157;6;42,39;19,00;25,21;Représentant
CMD-104081;08/09/2025;14/09/2025;;CLI-0137;EMP-503;ENT-MTL;BD-1004;4;221,31;19,30;158,83;Représentant
CMD-104966;03/12/2025;2025-12-06;;CLI-0137;EMP-503;ENT-MTL;BD-1073;9;352,53;21,60;307,22;Représentant
CMD-103763;05/08/2025;09/08/2025;;CLI-0165;EMP-507;ENT-MTL;BD-1115;8;68,20;8,70;47,23;Courriel
CMD-103666;18/07/2025;23/07/2025;01-sept-25;CLI-0184;EMP-503;ENT-MTL;BD-1119;6;87,69;4,50;59,67;Téléphone
CMD-103344;04/06/2025;2025-06-07;14/08/2025;CLI-0056;EMP-502;ENT-MTL;BD-1058;10;185,61;24,20;149,54;Portail web
CMD-103772;06/08/2025;12-août-25;22/09/2025;CLI-0031;EMP-509;ENT-MTL;BD-1150;24;537,37;14,10;347,06;Représentant
CMD-103491;24/06/2025;26/06/2025;11/09/2025;CLI-0116;EMP-509;ENT-MTL;BD-1110;24;248,40;12,50;182,67;Représentant
CMD-103752;04/08/2025;2025-08-12;15/09/2025;CLI-0067;EMP-502;ENT-MTL;BD-1174;8;263,21;10,80;169,01;Téléphone
CMD-104281;24/09/2025;02/10/2025;01-nov-25;CLI-0209;EMP-508;ENT-QC;BD-1100;10;399,34;25,60;369,19;Téléphone
CMD-104325;29/09/2025;08/10/2025;24-nov-25;CLI-0193;EMP-509;ENT-MTL;BD-1057;3;25,11;15,80;23,20;Téléphone
CMD-102725;19-mars-25;24/03/2025;07/05/2025;CLI-0188;EMP-506;ENT-MTL;BD-1177;4;364,73;10,50;215,66;Représentant
CMD-104421;07/10/2025;15/10/2025;30/11/2025;CLI-0133;EMP-508;ENT-MTL;BD-1100;1;458,79;14,50;369,19;Représentant
CMD-105000;11/12/2025;16/12/2025;2025-12-31;CLI-0103;EMP-502;ENT-SAG;BD-1171;3;145,56;8,10;85,46;Salon
CMD-105044;18-déc-25;27/12/2025;;CLI-0204;EMP-506;ENT-SAG;BD-1150;12;608,50;2,80;347,06;Représentant
CMD-103158;14/05/2025;16/05/2025;;CLI-0056;EMP-502;ENT-QC;BD-1060;4;297,43;24,80;291,44;Représentant
CMD-104782;10/11/2025;2025-11-17;;CLI-0217;EMP-506;ENT-QC;BD-1077;2;279,39;18,30;171,09;Téléphone
CMD-102620;2025-03-05;09/03/2025;05/05/2025;CLI-0078;EMP-504;ENT-MTL;BD-1170;1;32,11;8,70;16,95;Représentant
CMD-103402;12/06/2025;21-juin-25;25/07/2025;CLI-0076;EMP-507;ENT-SAG;BD-1050;4;408,88;18,90;297,82;Représentant
CMD-103036;30-avr-25;04/05/2025;02/06/2025;CLI-0093;EMP-508;ENT-QC;BD-1136;2;174,57;15,90;112,45;Portail web
CMD-104183;17/09/2025;21/09/2025;2025-10-27;CLI-0136;EMP-507;ENT-MTL;BD-1054;24;413,18;11,30;262,94;Courriel
CMD-103160;14/05/2025;21/05/2025;2025-06-12;CLI-0034;EMP-507;ENT-MTL;BD-1124;6;226,28;11,30;153,77;Téléphone
CMD-104134;12/09/2025;21/09/2025;11/10/2025;CLI-0163;EMP-505;ENT-QC;BD-1061;8;110,39;6,50;76,81;Représentant
CMD-102364;2025-01-08;13/01/2025;26/02/2025;CLI-0042;EMP-505;ENT-SAG;BD-1097;2;328,87;10,60;214,46;Représentant
CMD-103490;24-juin-25;30/06/2025;06/09/2025;CLI-0029;EMP-506;ENT-MTL;BD-1003;6;235,64;21,00;227,23;Représentant
CMD-102648;10/03/2025;2025-03-18;09/05/2025;CLI-0017;EMP-507;ENT-QC;BD-1133;24;90,04;11,20;62,95;Portail web
CMD-105036;2025-12-17;20/12/2025;;CLI-0014;EMP-502;ENT-MTL;BD-1121;1;70,99;8,80;44,65;Représentant
CMD-105050;18/12/2025;2025-12-20;;CLI-0107;EMP-506;ENT-MTL;BD-1076;8;513,48;8,50;338,68;Représentant
CMD-104043;04-sept-25;07/09/2025;21/11/2025;CLI-0185;EMP-508;ENT-QC;BD-1041;44;195,94;22,70;163,24;Portail web
CMD-103074;05/05/2025;12/05/2025;30/05/2025;CLI-0015;EMP-509;ENT-QC;BD-1021;6;341,34;6,10;242,82;Courriel
CMD-105033;17/12/2025;2025-12-23;;CLI-0163;EMP-505;ENT-MTL;BD-1025;4;221,35;5,30;149,35;Représentant
CMD-102392;15/01/2025;24/01/2025;01-mars-25;CLI-0049;EMP-508;ENT-QC;BD-1136;4;173,39;16,50;112,45;Portail web
CMD-103925;21/08/2025;2025-08-26;23/09/2025;CLI-0125;EMP-509;ENT-QC;BD-1050;2;489,97;2,80;297,82;Courriel
CMD-103399;12/06/2025;15/06/2025;2025-08-08;CLI-0055;EMP-506;ENT-QC;BD-1156;6;288,01;4,70;164,64;Représentant
CMD-104480;11/10/2025;17/10/2025;;CLI-0047;EMP-508;ENT-SAG;BD-1090;3;79,99;16,50;69,37;Téléphone
CMD-104916;00/00/0000;02/12/2025;;CLI-0139;EMP-506;ENT-MTL;BD-1130;3;484,68;14,10;323,89;Salon
CMD-103739;01/08/2025;2025-08-08;28/09/2025;CLI-0182;EMP-503;ENT-QC;BD-1045;24;117,85;10,10;78,37;Représentant
CMD-102844;04/04/2025;2025-04-08;10/05/2025;CLI-0056;EMP-502;ENT-QC;BD-1050;24;395,01;21,60;297,82;Téléphone
CMD-104478;11/10/2025;14/10/2025;2025-11-10;CLI-0095;EMP-505;ENT-SAG;BD-1039;4;189,16;4,50;122,17;Portail web
CMD-103753;04/08/2025;2025-08-07;06/10/2025;CLI-0050;EMP-502;ENT-MTL;BD-1020;3;49,47;13,90;33,12;Représentant
CMD-104800;11/11/2025;2025-11-16;04/12/2025;CLI-0059;EMP-504;ENT-MTL;BD-1155;7;405,49;25,20;329,15;Représentant
CMD-104527;15/10/2025;23/10/2025;2025-12-25;CLI-0016;EMP-505;ENT-MTL;BD-1135;24;68,03;7,20;40,73;Courriel
CMD-102974;23/04/2025;02/05/2025;2025-06-02;CLI-0204;EMP-506;ENT-MTL;BD-1035;3;46,78;3,30;30,63;Représentant
CMD-104209;18/09/2025;24/09/2025;06/11/2025;CLI-0127;EMP-503;ENT-MTL;BD-1102;6;431,91;10,90;260,69;Téléphone
CMD-103515;26/06/2025;2025-06-28;21/08/2025;CLI-0019;EMP-502;ENT-QC;BD-1179;24;404,90;6,20;231,35;Courriel
CMD-103501;25/06/2025;30-juin-25;07/08/2025;CLI-0097;EMP-504;ENT-QC;BD-1126;1;190,54;5,90;133,03;Courriel
CMD-103697;24/07/2025;2025-07-31;28/09/2025;CLI-0123;EMP-501;ENT-SAG;BD-1014;2;38,11;14,70;27,18;Représentant
CMD-102497;2025-02-07;16/02/2025;09/04/2025;CLI-0099;EMP-505;ENT-MTL;BD-9524;11;384,58;23,00;314,24;Portail web
CMD-104965;03/12/2025;05/12/2025;;CLI-0062;EMP-507;ENT-SAG;BD-1085;2;59,70;11,20;49,28;Téléphone
CMD-104756;05/11/2025;2025-11-08;26/11/2025;CLI-0057;EMP-507;ENT-QC;BD-1137;12;36,31;15,20;25,59;Représentant
CMD-103175;16/05/2025;24/05/2025;29/07/2025;CLI-0042;EMP-505;ENT-QC;BD-1055;4;284,74;13,30;213,75;Téléphone
CMD-103364;07/06/2025;11-juin-25;05/08/2025;CLI-0056;EMP-502;ENT-QC;BD-1027;18;362,46;20,90;254,96;Portail web
CMD-103089;06/05/2025;14/05/2025;27-juin-25;CLI-0041;EMP-508;ENT-QC;BD-1112;1;96,41;16,10;67,02;Téléphone
CMD-103486;2025-06-23;26/06/2025;09/09/2025;CLI-0212;EMP-507;ENT-QC;BD-1024;8;250,76;25,00;189,35;Représentant
CMD-103024;29-avr-25;02/05/2025;21/06/2025;CLI-0144;EMP-502;ENT-SAG;BD-1050;8;427,79;15,10;297,82;Portail web
CMD-102845;04/04/2025;12/04/2025;27/05/2025;CLI-0127;EMP-503;ENT-QC;BD-1159;12;243,39;15,80;169,65;Représentant
CMD-103103;07/05/2025;2025-05-15;30/06/2025;CLI-0209;EMP-508;ENT-MTL;BD-1063;12;299,54;18,70;247,24;Téléphone
CMD-104652;27-oct-25;29/10/2025;04/12/2025;CLI-0091;EMP-504;ENT-MTL;BD-1087;4;360,05;6,70;215,66;Représentant
CMD-104751;05/11/2025;13/11/2025;2025-12-19;CLI-0034;EMP-507;ENT-SAG;BD-1160;12;67,98;13,70;41,56;Courriel
CMD-103321;02-juin-25;05/06/2025;26/07/2025;CLI-0176;EMP-503;ENT-MTL;BD-1015;4;518,08;2,40;325,38;Représentant
CMD-103278;28/05/2025;05/06/2025;2025-07-09;CLI-0209;EMP-508;ENT-MTL;BD-1033;51;149,21;20,40;113,22;Salon
CMD-104201;18/09/2025;21/09/2025;21/11/2025;CLI-0036;EMP-505;ENT-QC;BD-1083;4;261,28;14,90;189,32;Représentant
CMD-104948;29/11/2025;2025-12-05;;CLI-0086;EMP-502;ENT-QC;BD-1117;3;141,98;4,20;100,34;Représentant
CMD-104478;11/10/2025;14/10/2025;10/11/2025;CLI-0095;EMP-505;ENT-SAG;BD-1092;3;269,66;4,50;168,72;Représentant
CMD-102355;2025-01-07;13/01/2025;01/03/2025;CLI-0079;EMP-509;ENT-MTL;BD-1025;1;227,87;2,50;149,35;Représentant
CMD-105029;16/12/2025;21/12/2025;;CLI-0118;EMP-504;ENT-SAG;BD-1142;6;139,79;14,30;100,93;Représentant
CMD-102415;2025-01-20;24/01/2025;01/04/2025;CLI-0079;EMP-509;ENT-MTL;BD-1079;3;249,29;5,50;147,87;Courriel
CMD-103167;15/05/2025;19/05/2025;29-juin-25;CLI-0143;EMP-503;ENT-QC;BD-1049;2;48,78;10,70;31,22;Représentant
CMD-105114;30/12/2025;08-janv-26;;CLI-0089;EMP-502;ENT-MTL;BD-1076;15;432,37;22,90;338,68;Représentant
CMD-102359;08/01/2025;2025-01-15;12/02/2025;CLI-0009;EMP-502;ENT-SAG;BD-1114;3;196,63;22,20;152,73;Portail web
CMD-104743;04/11/2025;06/11/2025;2025-12-21;CLI-0029;EMP-506;ENT-QC;BD-1139;6;289,36;19,30;203,11;Téléphone
CMD-102447;2025-01-27;05/02/2025;08/03/2025;CLI-0130;EMP-508;ENT-QC;BD-1026;9;347,53;20,70;246,82;Téléphone
CMD-103403;12/06/2025;21/06/2025;24/07/2025;CLI-0042;EMP-505;ENT-MTL;BD-1115;24;66,80;10,50;47,23;Représentant
CMD-104219;2025-09-18;23/09/2025;04/11/2025;CLI-0087;EMP-502;ENT-MTL;BD-1051;4;115,46;11,00;79,76;Courriel
CMD-104053;05/09/2025;12/09/2025;2025-11-02;CLI-0130;EMP-508;ENT-MTL;BD-1070;8;60,45;20,70;48,05;Représentant
CMD-103823;12/08/2025;21/08/2025;2025-09-26;CLI-0061;EMP-503;ENT-QC;BD-1004;4;230,62;15,90;158,83;Représentant
CMD-103289;28/05/2025;2025-05-31;20/07/2025;CLI-0193;EMP-509;ENT-MTL;BD-1110;3;245,73;13,50;182,67;Téléphone
CMD-103457;19/06/2025;23/06/2025;20-juil-25;CLI-0141;EMP-502;ENT-SAG;BD-1001;1;287,62;14,20;219,63;Téléphone
CMD-105106;26/12/2025;2025-12-31;;CLI-0076;EMP-507;ENT-MTL;BD-1145;34;138,09;25,00;111,12;Téléphone
CMD-103091;06/05/2025;14/05/2025;01-juil-25;CLI-0188;EMP-506;ENT-MTL;BD-1029;8;330,87;15,60;243,45;Portail web
CMD-102737;21/03/2025;25/03/2025;2025-05-29;CLI-0134;EMP-509;ENT-MTL;BD-1118;2;457,54;8,00;343,17;Représentant
CMD-103833;13/08/2025;17/08/2025;2025-09-30;CLI-0034;EMP-507;ENT-MTL;BD-1064;3;104,62;16,50;70,89;Courriel
CMD-104762;06/11/2025;14/11/2025;2025-12-05;CLI-0212;EMP-507;ENT-QC;BD-1027;9;345,35;24,60;254,96;Représentant
CMD-104408;06/10/2025;09/10/2025;2025-11-16;CLI-0209;EMP-508;ENT-QC;BD-1172;38;333,75;20,30;221,22;Téléphone
CMD-103137;12/05/2025;14/05/2025;2025-06-30;CLI-0204;EMP-506;ENT-MTL;BD-1160;12;72,26;8,30;41,56;Représentant
CMD-104206;18-sept-25;22/09/2025;02/12/2025;CLI-0191;EMP-504;ENT-MTL;BD-1137;1;38,42;10,30;25,59;Salon
CMD-102466;2025-01-31;09/02/2025;30/03/2025;CLI-0199;EMP-504;ENT-QC;BD-1106;1;447,45;15,70;340,08;Représentant
CMD-104844;2025-11-18;24/11/2025;;CLI-0115;EMP-509;ENT-QC;BD-1071;3;460,76;13,70;363,51;Représentant
CMD-102540;17-févr-25;19/02/2025;02/04/2025;CLI-0012;EMP-501;ENT-QC;BD-1057;8;22,93;23,20;19,66;Téléphone
CMD-102733;20/03/2025;27-mars-25;30/04/2025;CLI-0193;EMP-509;ENT-QC;BD-1092;1;247,18;12,40;142,98;Téléphone
CMD-102852;2025-04-07;14/04/2025;07/06/2025;CLI-0138;EMP-506;ENT-MTL;BD-1061;6;115,29;2,40;76,81;Téléphone
CMD-104304;2025-09-26;30/09/2025;01/12/2025;CLI-0166;EMP-503;ENT-QC;BD-1092;3;246,46;12,70;168,72;Représentant
CMD-103356;06/06/2025;2025-06-14;09/08/2025;CLI-0107;EMP-506;ENT-QC;BD-1145;6;172,55;6,30;111,12;Portail web
CMD-103387;11/06/2025;20/06/2025;2025-08-01;CLI-0116;EMP-509;ENT-QC;BD-1045;8;113,08;13,70;78,37;Téléphone
CMD-104097;09-sept-25;17/09/2025;22/11/2025;CLI-0041;EMP-508;ENT-MTL;BD-1044;3;289,35;10,40;199,55;Téléphone
CMD-104896;24/11/2025;2025-11-30;;CLI-0165;EMP-507;ENT-QC;BD-1040;2;418,20;5,10;274,41;Représentant
CMD-104209;18/09/2025;2025-09-24;06/11/2025;CLI-0127;EMP-503;ENT-MTL;BD-1129;1;64,05;10,90;46,45;Téléphone
CMD-102361;08/01/2025;16/01/2025;05/03/2025;CLI-0029;EMP-506;ENT-MTL;BD-1143;6;293,48;21,80;220,45;Téléphone
CMD-104167;16/09/2025;2025-09-20;15/11/2025;CLI-0190;EMP-504;ENT-QC;BD-1042;12;417,75;5,30;267,02;Portail web
CMD-103320;02/06/2025;2025-06-09;02/08/2025;CLI-0141;EMP-502;ENT-MTL;BD-1118;4;430,29;13,40;343,17;Portail web
CMD-102540;17/02/2025;19-févr-25;02/04/2025;CLI-0012;EMP-501;ENT-QC;BD-1159;5;222,06;23,20;169,65;Portail web
CMD-104559;2025-10-17;24/10/2025;;CLI-0026;EMP-506;ENT-MTL;BD-1166;4;369,82;11,00;217,35;Téléphone
CMD-103902;2025-08-19;27/08/2025;15/10/2025;CLI-0012;EMP-501;ENT-MTL;BD-1045;22;99,77;23,90;78,37;Portail web
CMD-103557;01/07/2025;09/07/2025;07-sept-25;CLI-0009;EMP-502;ENT-MTL;BD-1182;3;83,69;23,10;58,06;Représentant
CMD-102562;20/02/2025;28/02/2025;06/05/2025;CLI-0195;EMP-506;ENT-QC;BD-1181;8;522,96;16,30;312,40;Portail web
CMD-104537;16/10/2025;21/10/2025;23/12/2025;CLI-0053;EMP-509;ENT-QC;BD-1091;2;479,66;15,60;336,22;Portail web
CMD-103430;16/06/2025;20-juin-25;02/08/2025;CLI-0055;EMP-506;ENT-MTL;BD-1063;2;344,74;6,40;247,24;Représentant
CMD-102555;19/02/2025;21-févr-25;01/04/2025;CLI-0055;EMP-506;ENT-SAG;BD-1150;6;603,77;3,50;347,06;Portail web
CMD-103966;26/08/2025;02/09/2025;2025-10-08;CLI-0080;EMP-506;ENT-QC;BD-1165;4;155,94;15,30;107,92;Représentant
CMD-102822;02/04/2025;05/04/2025;2025-05-28;CLI-0037;EMP-504;ENT-MTL;BD-1038;24;443,21;19,70;319,94;Portail web
CMD-103598;08-juil-25;11/07/2025;14/09/2025;CLI-0091;EMP-504;ENT-MTL;BD-1019;12;294,28;2,20;205,07;Portail web
CMD-104590;2025-10-21;26/10/2025;24/12/2025;CLI-0084;EMP-503;ENT-SAG;BD-1142;4;145,48;10,80;100,93;Portail web
CMD-102759;25/03/2025;29/03/2025;2025-05-31;CLI-0104;EMP-501;ENT-MTL;BD-1041;3;232,51;8,30;163,24;Représentant
CMD-103639;15/07/2025;17/07/2025;22/09/2025;CLI-0212;EMP-507;ENT-QC;BD-1033;74;149,89;20,00;113,22;Salon
CMD-104527;15/10/2025;23/10/2025;2025-12-25;CLI-0016;EMP-505;ENT-MTL;BD-1160;2;73,09;7,20;41,56;Représentant
CMD-104367;02/10/2025;11-oct-25;13/11/2025;CLI-0054;EMP-507;ENT-QC;BD-1161;2;117,44;13,00;64,16;Représentant
CMD-102779;2025-03-28;04/04/2025;26/04/2025;CLI-0209;EMP-508;ENT-MTL;BD-1166;48;336,01;19,10;217,35;Portail web
CMD-103562;02/07/2025;09/07/2025;2025-08-24;CLI-0006;EMP-505;ENT-QC;BD-1038;8;461,23;16,40;319,94;Courriel
CMD-103395;12/06/2025;15/06/2025;2025-08-03;CLI-0153;EMP-507;ENT-QC;BD-1126;1;177,99;12,10;133,03;Courriel
CMD-103898;19/08/2025;24/08/2025;10/10/2025;CLI-0024;EMP-504;ENT-QC;BD-1052;1;288,32;6,10;183,03;Courriel
CMD-103419;13/06/2025;22-juin-25;10/08/2025;CLI-0133;EMP-508;ENT-MTL;BD-1026;3;369,41;15,70;246,82;Représentant
CMD-104579;21/10/2025;25/10/2025;15/12/2025;CLI-0045;EMP-502;ENT-MTL;BD-1134;6;91380,00;16,90;61,77;Téléphone
CMD-104755;05/11/2025;12/11/2025;;CLI-0054;EMP-507;ENT-MTL;BD-1135;2;65,27;11,00;40,73;Représentant
CMD-102364;08/01/2025;2025-01-13;26/02/2025;CLI-0042;EMP-505;ENT-SAG;BD-1141;2;446,16;10,60;314,24;Portail web
CMD-105088;24/12/2025;01/01/2026;;CLI-0112;EMP-505;ENT-QC;BD-1094;6;175,76;13,80;124,30;Représentant
CMD-103514;26/06/2025;29/06/2025;2025-08-10;CLI-0041;EMP-508;ENT-MTL;BD-1039;4;177,06;10,60;122,17;Représentant
CMD-103089;06/05/2025;2025-05-14;27/06/2025;CLI-0041;EMP-508;ENT-QC;BD-1078;6;321,79;16,10;238,11;Portail web
CMD-104208;18-sept-25;25/09/2025;21/11/2025;CLI-0157;EMP-502;ENT-MTL;BD-1047;1;91,37;14,30;71,53;Représentant
CMD-104200;18/09/2025;24/09/2025;13-nov-25;CLI-0045;EMP-502;ENT-MTL;BD-1158;1;305,41;12,60;184,61;Portail web
CMD-104070;2025-09-08;10/09/2025;08/11/2025;CLI-0217;EMP-506;ENT-QC;BD-1102;7;385,09;20,60;260,69;Téléphone
CMD-104040;04/09/2025;07-sept-25;23/11/2025;CLI-0156;EMP-502;ENT-QC;BD-1036;1;245,87;4,20;191,63;Courriel
CMD-104301;2025-09-26;02/10/2025;06/11/2025;cli-0063;EMP-503;ENT-QC;BD-1059;24;468,70;11,10;391,48;Téléphone
CMD-102429;23-janv-25;29/01/2025;30/03/2025;CLI-0009;EMP-502;ENT-SAG;BD-1168;36;314,83;21,30;229,43;Représentant
CMD-103179;n/d;24/05/2025;2025-07-14;CLI-0080;EMP-506;ENT-QC;BD-1178;3;174,55;15,00;119,43;Représentant
CMD-102535;15/02/2025;22-févr-25;25/05/2025;CLI-0073;EMP-501;ENT-MTL;BD-1055;1;276,23;15,90;213,75;Courriel
CMD-102383;14/01/2025;23/01/2025;09/03/2025;  CLI-0091;EMP-504;ENT-MTL;BD-1024;4;310,89;7,00;189,35;Téléphone
CMD-103136;12/05/2025;19-mai-25;27/06/2025;CLI-0056;EMP-502;ENT-MTL;BD-1054;5;380,68;18,30;262,94;Représentant
CMD-103294;29/05/2025;03/06/2025;2025-07-13;CLI-0051;EMP-509;ENT-MTL;BD-1061;2;108,15;8,40;76,81;Téléphone
CMD-103597;2025-07-07;12/07/2025;17/08/2025;CLI-0192;EMP-505;ENT-MTL;BD-1034;8;224,84;5,30;182,99;Courriel
CMD-104028;03-sept-25;10/09/2025;02/11/2025;CLI-0209;EMP-508;ENT-MTL;BD-1179;25;320,64;25,70;231,35;Portail web
CMD-102636;2025-03-07;10/03/2025;01/05/2025;CLI-0063;EMP-503;ENT-SAG;BD-1110;2;237,80;16,20;182,67;Représentant
CMD-102575;24/02/2025;2025-02-26;01/04/2025;CLI-0064;EMP-504;ENT-QC;BD-1150;24;607,96;2,90;347,06;Salon
CMD-105009;12/12/2025;2025-12-14;;CLI-0211;EMP-504;ENT-MTL;BD-1072;3;348,56;11,90;236,88;Représentant
CMD-103223;22/05/2025;31/05/2025;2025-07-02;CLI-0031;EMP-509;ENT-SAG;BD-1062;6;155,71;13,30;135,59;Téléphone
CMD-104160;15/09/2025;19-sept-25;08/11/2025;CLI-0191;EMP-504;ENT-MTL;BD-1045;3;109,96;16,10;78,37;Représentant
CMD-104507;14/10/2025;19-oct-25;29/11/2025;CLI-0157;EMP-502;ENT-MTL;BD-1092;2;249,79;11,50;168,72;Représentant
CMD-102960;21/04/2025;27/04/2025;2025-06-13;CLI-0009;EMP-502;ENT-MTL;BD-1058;9;195,51;20,10;149,54;Portail web
CMD-104584;21/10/2025;28/10/2025;2025-11-17;CLI-0026;EMP-506;ENT-QC;BD-1155;6;456,90;15,70;329,15;Représentant
CMD-103390;11/06/2025;2025-06-14;30/07/2025;CLI-0024;EMP-504;ENT-QC;BD-1104;6;107,06;3,30;76,70;Représentant
CMD-104371;2025-10-02;08/10/2025;;CLI-0056;EMP-502;ENT-MTL;BD-1133;3;76,72;24,30;62,95;Téléphone
CMD-104035;03/09/2025;07/09/2025;2025-10-29;CLI-0191;EMP-504;ENT-MTL;BD-1092;6;242,85;13,90;168,72;Salon
CMD-104041;04-sept-25;08/09/2025;03/11/2025;CLI-0013;EMP-507;ENT-QC;BD-1102;6;470,21;3,00;260,69;Portail web
CMD-104149;2025-09-13;17/09/2025;03/11/2025;CLI-0034;EMP-507;ENT-QC;BD-1093;3;187,79;16,10;159,25;Représentant
CMD-104497;13/10/2025;20/10/2025;2025-12-01;CLI-0056;EMP-502;ENT-MTL;BD-1096;3;233,94;21,00;205,70;Représentant
CMD-103427;16/06/2025;2025-06-19;15/08/2025;CLI-0119;EMP-503;ENT-QC;BD-1021;4;344,93;5,20;242,82;Portail web
CMD-102848;2025-04-05;07/04/2025;07/05/2025;CLI-0009;EMP-502;ENT-QC;BD-1037;29;23,22;22,40;16,65;Représentant
CMD-103513;2025-06-26;30/06/2025;11/08/2025;CLI-0181;EMP-504;ENT-MTL;BD-1115;8;69,41;7,10;47,23;Représentant
CMD-104799;11/11/2025;20/11/2025;28/12/2025;CLI-0076;EMP-507;ENT-QC;BD-1076;16;451,54;19,50;338,68;Téléphone
CMD-104832;17/11/2025;2025-11-23;;CLI-0198;EMP-504;ENT-SAG;BD-1178;2;195,82;4,60;119,43;Portail web
CMD-103731;31/07/2025;02/08/2025;05-oct-25;CLI-0005;EMP-503;ENT-MTL;BD-1153;3;189,86;5,40;116,00;Représentant
CMD-102814;02/04/2025;06-avr-25;05/05/2025;CLI-0185;EMP-508;ENT-QC;BD-1050;73;379,10;24,80;297,82;Représentant
CMD-103873;16/08/2025;2025-08-18;09/10/2025;CLI-0031;EMP-509;ENT-MTL;BD-1181;6;550,51;11,90;312,40;Téléphone
CMD-104461;10/10/2025;19-oct-25;04/12/2025;CLI-0208;EMP-507;ENT-MTL;BD-1092;1;239,01;15,30;168,72;Représentant
CMD-102501;2025-02-10;12/02/2025;05/04/2025;CLI-0017;EMP-507;ENT-QC;BD-1109;2;411,88;10,50;310,20;Représentant
CMD-102585;26/02/2025;28/02/2025;06-avr-25;CLI-0220;EMP-506;ENT-SAG;BD-1019;1;269,89;10,30;173,78;Téléphone
CMD-104181;2025-09-16;25/09/2025;16/11/2025;CLI-0024;EMP-504;ENT-SAG;BD-1004;24;266,34;2,80;158,83;Téléphone
CMD-104877;20/11/2025;2025-11-24;;CLI-0214;EMP-508;ENT-MTL;BD-1182;12;103,74;4,70;58,06;Représentant
CMD-103445;2025-06-17;21/06/2025;15/07/2025;CLI-0174;EMP-502;ENT-MTL;BD-1099;4;452,09;8,90;346,57;Téléphone
CMD-104536;2025-10-16;25/10/2025;31/12/2025;CLI-0209;EMP-508;ENT-QC;BD-1079;5;214,35;18,70;147,87;Salon
CMD-103641;2025-07-15;18/07/2025;13/08/2025;CLI-0183;EMP-506;ENT-QC;BD-1048;12;48,71;4,90;33,51;Téléphone
CMD-103682;21/07/2025;30/07/2025;;CLI-0135;EMP-506;ENT-QC;BD-1018;8;408,21;12,20;247,17;Téléphone
CMD-102362;08/01/2025;10-janv-25;23/02/2025;CLI-0056;EMP-502;ENT-QC;BD-1155;4;436,77;19,40;329,15;Salon
CMD-103124;09/05/2025;15/05/2025;2025-07-13;CLI-0157;EMP-502;ENT-SAG;BD-1041;2;218,16;13,90;163,24;Téléphone
CMD-102817;02/04/2025;07/04/2025;09/06/2025;CLI-0143;EMP-503;ENT-MTL;BD-1024;2;277,66;16,90;189,35;Portail web
CMD-103195;19-mai-25;25/05/2025;15/07/2025;CLI-0036;EMP-505;ENT-SAG;BD-1096;4;250,55;15,40;205,70;Téléphone
CMD-102823;2025-04-02;04/04/2025;17/05/2025;CLI-0059;EMP-504;ENT-QC;BD-1083;16;251,30;18,20;160,44;Représentant
CMD-103277;28/05/2025;06-juin-25;17/07/2025;CLI-0132;EMP-507;ENT-MTL;BD-1046;6;410,79;13,90;372,17;Portail web
CMD-103139;2025-05-12;16/05/2025;17/07/2025;CLI-0105;EMP-502;ENT-QC;BD-1054;1;447,36;4,00;262,94;Représentant
CMD-104034;03-sept-25;08/09/2025;07/10/2025;CLI-0025;EMP-509;ENT-MTL;BD-1040;12;382,08;13,30;274,41;Courriel
CMD-102417;21/01/2025;23/01/2025;2025-03-02;CLI-0201;EMP-504;ENT-MTL;BD-1028;4;220,25;6,80;143,73;Représentant
CMD-104292;25/09/2025;28/09/2025;25-nov-25;CLI-0157;EMP-502;ENT-MTL;BD-1085;1;57,53;14,40;49,28;Représentant
CMD-102614;04/03/2025;2025-03-08;21/04/2025;CLI-0080;EMP-506;ENT-QC;BD-1123;8;181,99;16,30;132,28;Portail web
CMD-103756;2025-08-05;10/08/2025;24/09/2025;CLI-0030;EMP-501;ENT-SAG;BD-1161;8;126,31;6,50;64,16;Portail web
CMD-103429;16/06/2025;25/06/2025;2025-07-30;CLI-0175;EMP-505;ENT-QC;BD-1113;4;414,07;3,00;281,81;Téléphone
CMD-103533;2025-06-28;02/07/2025;21/07/2025;CLI-0212;EMP-507;ENT-QC;BD-1110;1;226,33;20,30;182,67;Représentant
CMD-102810;01/04/2025;2025-04-07;30/05/2025;CLI-0057;EMP-507;ENT-SAG;BD-1041;2;220,59;13,00;163,24;Représentant
CMD-103899;19/08/2025;2025-08-27;27/09/2025;CLI-0131;EMP-502;ENT-QC;BD-1015;6;443,90;16,40;325,38;Portail web
CMD-104886;21/11/2025;2025-11-27;;CLI-0073;EMP-501;ENT-MTL;BD-1074;24;171,24;11,80;130,44;Représentant
CMD-103047;01/05/2025;06-mai-25;23/06/2025;CLI-0049;EMP-508;ENT-SAG;BD-1060;4;334,68;15,40;291,44;Représentant
CMD-104461;10/10/2025;19/10/2025;04-déc-25;CLI-0208;EMP-507;ENT-MTL;BD-1021;4;308,01;15,30;242,82;Représentant
CMD-104858;2025-11-19;25/11/2025;23/12/2025;CLI-0037;EMP-504;ENT-MTL;BD-1165;10;146,69;20,30;107,92;Téléphone
CMD-104537;2025-10-16;21/10/2025;23/12/2025;CLI-0053;EMP-509;ENT-QC;BD-1088;4;531,85;15,60;404,63;Représentant
CMD-103869;2025-08-16;22/08/2025;21/09/2025;CLI-0111;EMP-507;ENT-QC;BD-1001;1;319,18;4,80;219,63;Courriel
CMD-103216;21/05/2025;29/05/2025;16/07/2025;CLI-0065;EMP-504;ENT-SAG;BD-1033;6;180,04;3,90;113,22;Portail web
CMD-103421;14/06/2025;16/06/2025;2025-08-07;CLI-0052;EMP-504;ENT-QC;BD-1126;1;175,39;13,40;133,03;Portail web
CMD-103070;03/05/2025;2025-05-12;26/06/2025;CLI-0137;EMP-503;ENT-SAG;BD-1103;7;172,74;24,20;154,84;Courriel
CMD-103224;22/05/2025;27/05/2025;20-juin-25;CLI-0185;EMP-508;ENT-QC;BD-1112;8;87,35;24,00;67,02;Représentant
CMD-103325;02/06/2025;08/06/2025;07-juil-25;CLI-0009;EMP-502;ENT-QC;BD-1107;6;164,39;25,40;150,54;Téléphone
CMD-102476;03-févr-25;10/02/2025;18/03/2025;CLI-0043;EMP-506;ENT-MTL;BD-1007;2;92,40;10,60;57,14;Téléphone
CMD-103972;27/08/2025;29/08/2025;29/10/2025;CLI-0191;EMP-504;ENT-SAG;BD-1099;4;443,40;10,70;346,57;Téléphone
CMD-102911;15/04/2025;22/04/2025;28/05/2025;CLI-0169;EMP-507;ENT-MTL;BD-1092;12;246,10;12,80;142,98;Représentant
CMD-102681;2025-03-13;17/03/2025;31/05/2025;CLI-0049;EMP-508;ENT-SAG;BD-1065;3;210,35;15,70;131,52;Salon
CMD-104145;12/09/2025;14-sept-25;18/10/2025;CLI-0112;EMP-505;ENT-QC;BD-1044;8;282,68;12,50;199,55;Téléphone
CMD-103139;12/05/2025;16-mai-25;17/07/2025;CLI-0105;EMP-502;ENT-QC;BD-1027;6;439,88;4,00;254,96;Portail web
CMD-105098;2025-12-26;04/01/2026;;CLI-0050;EMP-502;ENT-MTL;BD-1097;1;327,53;11,00;253,06;Représentant
CMD-104854;19/11/2025;21/11/2025;;CLI-0061;EMP-503;ENT-QC;BD-1080;1;281,60;14,80;208,57;Portail web
CMD-104570;18/10/2025;25/10/2025;04/12/2025;CLI-0081;EMP-502;ENT-MTL;BD-1102;12;430,32;11,20;260,69;Représentant
CMD-105021;2025-12-15;23/12/2025;;  CLI-0137;EMP-503;ENT-QC;BD-1148;21;373,73;18,70;302,28;Représentant
CMD-103503;25/06/2025;03/07/2025;2025-08-05;CLI-0072;EMP-501;ENT-SAG;BD-1002;6;391,73;16,40;298,72;Représentant
CMD-103726;30-juil-25;02/08/2025;12/09/2025;CLI-0027;EMP-502;ENT-MTL;BD-1096;4;275,09;7,10;205,70;Représentant
CMD-103430;16/06/2025;2025-06-20;02/08/2025;CLI-0055;EMP-506;ENT-MTL;BD-1107;12;206,16;6,40;150,54;Portail web
CMD-102704;17/03/2025;24-mars-25;15/05/2025;CLI-0119;EMP-503;ENT-MTL;BD-1104;12;102,53;7,40;76,70;Portail web
CMD-102375;11/01/2025;13-janv-25;02/02/2025;CLI-0009;EMP-502;ENT-MTL;BD-1137;2;34,88;18,50;25,59;Téléphone
CMD-103115;09/05/2025;2025-05-15;27/06/2025;CLI-0015;EMP-509;ENT-MTL;BD-1160;3;76,77;2,50;41,56;Représentant
CMD-104880;20/11/2025;23/11/2025;;CLI-0059;EMP-504;ENT-MTL;BD-1030;3;135,65;25,90;119,13;Portail web
CMD-103946;25/08/2025;2025-08-31;20/10/2025;CLI-0217;EMP-506;ENT-SAG;BD-1121;2;62,39;19,90;44,65;Représentant
CMD-103625;11/07/2025;16/07/2025;;CLI-0198;EMP-504;ENT-SAG;BD-1181;8;602,43;3,60;312,40;Représentant
CMD-105038;17/12/2025;2025-12-19;;  CLI-0217;EMP-506;ENT-QC;BD-1157;6;41,11;21,50;25,21;Courriel
CMD-104305;26/09/2025;28/09/2025;2025-11-02;CLI-0160;EMP-508;ENT-SAG;BD-1067;3;40,70;2,20;28,64;Représentant
CMD-104577;20/10/2025;2025-10-27;28/11/2025;CLI-0185;EMP-508;ENT-QC;BD-1075;5;76,04;24,50;71,97;Portail web
CMD-102542;17/02/2025;19/02/2025;2025-04-18;CLI-0076;EMP-507;ENT-MTL;BD-1081;20;476,13;19,70;309,18;Représentant
CMD-104468;10/10/2025;16/10/2025;2025-11-22;CLI-0130;EMP-508;ENT-QC;BD-1129;21;57,59;19,90;46,45;Représentant
CMD-104487;13/10/2025;20/10/2025;19-nov-25;CLI-0088;EMP-504;ENT-QC;BD-1127;4;264,32;12,30;174,31;Téléphone
CMD-103393;12/06/2025;2025-06-19;29/07/2025;CLI-0148;EMP-501;ENT-SAG;BD-1118;6;435,77;12,30;343,17;Téléphone
CMD-103171;2025-05-16;25/05/2025;08/07/2025;CLI-0105;EMP-502;ENT-QC;BD-1009;6;99,31;5,60;67,67;Représentant
CMD-104433;08/10/2025;16/10/2025;30-nov-25;CLI-0149;EMP-501;ENT-QC;BD-1052;8;282,66;7,90;183,03;Représentant
CMD-104454;2025-10-09;13/10/2025;04/11/2025;CLI-0194;EMP-506;ENT-SAG;BD-1081;3;560,13;5,60;364,83;Représentant
CMD-104511;14/10/2025;18/10/2025;2025-12-27;CLI-0073;EMP-501;ENT-QC;BD-1133;3;84,94;16,20;62,95;Téléphone
CMD-102913;15/04/2025;19/04/2025;2025-06-09;CLI-0019;EMP-502;ENT-QC;BD-1055;6;320,43;2,40;213,75;Représentant
CMD-104343;30/09/2025;05/10/2025;2025-12-05;CLI-0207;EMP-501;ENT-QC;BD-1100;3;523,35;2,50;369,19;Téléphone
CMD-103836;13/08/2025;17/08/2025;;CLI-0144;EMP-502;ENT-MTL;BD-1106;1;472,91;10,90;340,08;Portail web
CMD-103708;28/07/2025;2025-08-05;16/10/2025;CLI-0059;EMP-504;ENT-SAG;BD-1002;9;361,75;22,80;298,72;Représentant
CMD-103811;11-août-25;19/08/2025;02/10/2025;CLI-0145;EMP-504;ENT-QC;BD-1166;2;393,10;5,40;217,35;Représentant
CMD-103523;27/06/2025;06/07/2025;2025-08-10;CLI-0009;EMP-502;ENT-QC;BD-1117;5;114,35;22,80;100,34;Représentant
CMD-103052;01/05/2025;08/05/2025;2025-07-07;CLI-0129;EMP-508;ENT-SAG;BD-1107;1;204,18;7,30;150,54;Téléphone
CMD-104819;14/11/2025;18/11/2025;;CLI-0139;EMP-506;ENT-MTL;BD-1087;12;327,69;15,10;215,66;Portail web
CMD-104673;29/10/2025;06/11/2025;2025-12-29;CLI-0059;EMP-504;ENT-QC;BD-1030;4;137,38;24,90;119,13;N/A
CMD-105063;22/12/2025;29/12/2025;;CLI-0124;EMP-509;ENT-QC;BD-1099;1;483,12;2,70;346,57;Courriel
CMD-104354;01/10/2025;2025-10-04;19/11/2025;CLI-0051;EMP-509;ENT-SAG;BD-1081;8;578,98;2,40;364,83;Représentant
CMD-102838;04/04/2025;06/04/2025;07-mai-25;CLI-0084;EMP-503;ENT-SAG;BD-1055;3;280,15;14,70;213,75;Représentant
CMD-102737;21-mars-25;25/03/2025;29/05/2025;CLI-0134;EMP-509;ENT-MTL;BD-1104;2;101,87;8,00;76,70;Courriel
CMD-102379;13/01/2025;19/01/2025;2025-02-20;CLI-0090;EMP-505;ENT-SAG;BD-1150;4;558,38;10,80;347,06;Représentant
CMD-104051;04/09/2025;2025-09-08;10/10/2025;CLI-0017;EMP-507;ENT-MTL;BD-1124;3;215,09;15,60;153,77;Portail web
CMD-104227;19/09/2025;28/09/2025;11-nov-25;CLI-0122;EMP-505;ENT-MTL;BD-1168;2;377,05;5,70;229,43;Courriel
CMD-105008;12/12/2025;16/12/2025;;CLI-0099;EMP-505;ENT-MTL;BD-1102;13;386,62;20,20;260,69;Représentant
CMD-103800;08-août-25;12/08/2025;11/10/2025;CLI-0056;EMP-502;ENT-SAG;BD-1087;57;295,86;23,30;215,66;Représentant
CMD-103876;18/08/2025;22/08/2025;2025-09-19;CLI-0154;EMP-507;ENT-QC;BD-1072;6;345,37;12,70;236,88;Représentant
CMD-105008;12/12/2025;16/12/2025;;CLI-0099;EMP-505;ENT-MTL;BD-1175;6;135,38;20,20;96,85;Représentant
CMD-103157;2025-05-14;23/05/2025;14/06/2025;CLI-0037;EMP-504;ENT-MTL;BD-1107;20;178,86;18,80;150,54;Représentant
CMD-103762;05/08/2025;13/08/2025;18/09/2025;CLI-0012;EMP-501;ENT-SAG;BD-1046;4;378,03;20,80;372,17;Représentant
CMD-104346;30/09/2025;07/10/2025;2025-11-26;CLI-0209;EMP-508;ENT-SAG;BD-1158;55;261,55;25,20;184,61;Représentant
CMD-103360;06/06/2025;10-juin-25;31/07/2025;CLI-0048;EMP-508;ENT-QC;BD-9061;3;280,93;13,00;199,55;Représentant
CMD-104327;29-sept-25;05/10/2025;07/11/2025;CLI-0012;EMP-501;ENT-MTL;BD-1057;14;24,35;18,40;23,20;Représentant
CMD-104451;09/10/2025;2025-10-17;03/12/2025;CLI-0002;EMP-509;ENT-QC;BD-1062;1;166,58;7,30;135,59;Téléphone
CMD-104401;06/10/2025;11/10/2025;30/11/2025;cli-0212;EMP-507;ENT-SAG;BD-1134;17;84,11;23,50;61,77;Salon
CMD-104040;2025-09-04;07/09/2025;23/11/2025;CLI-0156;EMP-502;ENT-QC;BD-1133;6;97,07;4,20;62,95;Téléphone
CMD-104825;2025-11-14;18/11/2025;;CLI-0217;EMP-506;ENT-MTL;BD-1148;9;360,70;21,60;302,28;Représentant
CMD-104877;20/11/2025;24-nov-25;;CLI-0214;EMP-508;ENT-MTL;BD-1065;8;237,62;4,70;155,19;Représentant
CMD-103913;2025-08-20;27/08/2025;23/10/2025;CLI-0154;EMP-507;ENT-QC;BD-1050;8;427,06;15,30;297,82;Représentant
CMD-104109;10/09/2025;17/09/2025;2025-10-16;CLI-0087;EMP-502;ENT-QC;BD-1176;1;545,64;13,50;328,78;Portail web
CMD-102831;03/04/2025;06/04/2025;2025-05-10;CLI-0212;EMP-507;ENT-QC;BD-1048;10;41,60;18,80;33,51;Représentant
CMD-103881;18/08/2025;2025-08-22;15/10/2025;CLI-0100;EMP-505;ENT-MTL;BD-1030;3;179,34;2,00;119,13;Représentant
CMD-103174;2025-05-16;24/05/2025;18/07/2025;CLI-0039;EMP-503;ENT-MTL;BD-1116;3;85,96;3,10;60,17;Portail web
CMD-102928;17/04/2025;24/04/2025;01/06/2025;CLI-0173;EMP-508;ENT-MTL;BD-1037;6;26,23;12,30;16,65;Représentant
CMD-103756;2025-08-05;10/08/2025;24/09/2025;CLI-0030;EMP-501;ENT-SAG;BD-1046;2;446,41;6,50;372,17;Courriel
CMD-104995;10/12/2025;19-déc-25;;CLI-0012;EMP-501;ENT-MTL;BD-1071;6;436,90;18,10;363,51;Courriel
CMD-102618;04/03/2025;2025-03-06;23/04/2025;CLI-0029;EMP-506;ENT-MTL;BD-1030;12;150,02;18,00;100,96;Téléphone
CMD-105047;2025-12-18;20/12/2025;;CLI-0185;EMP-508;ENT-SAG;BD-1070;79;60,79;20,20;48,05;Portail web
CMD-103784;07/08/2025;13/08/2025;2025-09-14;CLI-0108;EMP-503;ENT-SAG;BD-1043;8;468,66;11,20;300,28; 
CMD-102414;20/01/2025;27/01/2025;06/03/2025;CLI-0094;EMP-502;ENT-QC;BD-1158;4;328,40;6,00;184,61;Portail web
CMD-103085;06/05/2025;14/05/2025;2025-07-25;CLI-0047;EMP-508;ENT-MTL;BD-1100;24;466,16;13,10;369,19;Portail web
CMD-105011;12-déc-25;20/12/2025;;CLI-0063;EMP-503;ENT-MTL;BD-1087;8;328,79;14,80;215,66;Représentant
CMD-102751;24/03/2025;29/03/2025;03/05/2025;CLI-0035;EMP-503;ENT-MTL;BD-1115;6;62,06;16,90;47,23;Téléphone
CMD-103057;01/05/2025;07/05/2025;2025-07-02;CLI-0073;EMP-501;ENT-QC;BD-1025;2;200,92;14,10;149,35;Représentant
CMD-103098;07/05/2025;15/05/2025;30/06/2025;CLI-0142;EMP-508;ENT-MTL;BD-1017;6;543,20;3,60;313,71;Représentant
CMD-102721;19/03/2025;24/03/2025;20-mai-25;CLI-0212;EMP-507;ENT-QC;BD-1034;3;180,13;24,20;155,08;Courriel
CMD-103261;27-mai-25;30/05/2025;08/07/2025;CLI-0143;EMP-503;ENT-SAG;BD-1063;6;322,01;12,60;247,24;Représentant
CMD-104091;09/09/2025;14/09/2025;13-oct-25;CLI-0073;EMP-501;ENT-MTL;BD-1156;8;254,39;15,80;164,64;Représentant
CMD-102778;28/03/2025;31/03/2025;23/06/2025;CLI-0048;EMP-508;ENT-MTL;BD-1179;12;366,78;15,00;231,35;Représentant
CMD-103187;2025-05-17;24/05/2025;;CLI-0058;EMP-508;ENT-SAG;BD-1106;2;498,49;6,00;340,08;Portail web
CMD-102676;12/03/2025;2025-03-18;17/05/2025;CLI-0074;EMP-507;ENT-MTL;BD-1029;9;303,70;22,50;243,45;Représentant
CMD-103037;30/04/2025;09/05/2025;2025-06-13;CLI-0076;EMP-507;ENT-SAG;BD-1096;3;225,00;24,00;174,33;Représentant
CMD-102951;18/04/2025;21/04/2025;04/06/2025;CLI-0037;EMP-504;ENT-MTL;BD-1044;8;254,68;21,20;199,55;Téléphone
CMD-103449;18/06/2025;26-juin-25;05/08/2025;CLI-0095;EMP-505;ENT-QC;BD-1053;4;303,59;7,20;180,55;Téléphone
CMD-104239;22-sept-25;29/09/2025;08/12/2025;CLI-0074;EMP-507;ENT-MTL;BD-1075;6;80,97;19,60;71,97;Représentant
CMD-103470;20/06/2025;29/06/2025;2025-08-01;CLI-0194;EMP-506;ENT-QC;BD-1036;12;243,90;5,00;191,63;Représentant
CMD-102980;23/04/2025;29/04/2025;15-juin-25;CLI-0064;EMP-504;ENT-SAG;BD-1044;6;299,79;7,20;199,55;Représentant
CMD-103267;2025-05-27;30/05/2025;16/06/2025;CLI-0115;EMP-509;ENT-QC;BD-1020;12;50,93;11,40;33,12;Représentant
CMD-102567;2025-02-21;25/02/2025;24/03/2025;CLI-0145;EMP-504;ENT-SAG;BD-1001;3;328,29;2,10;186,13;Téléphone
CMD-104369;02/10/2025;2025-10-06;12/11/2025;CLI-0067;EMP-502;ENT-SAG;BD-1127;8;270,68;10,20;174,31;Portail web
CMD-103161;14/05/2025;2025-05-16;23/06/2025;CLI-0137;EMP-503;ENT-QC;BD-1023;15;297,48;21,20;244,32;Courriel
CMD-102393;15/01/2025;2025-01-18;25/03/2025;CLI-0189;EMP-501;ENT-QC;BD-1117;3;138,09;6,80;100,34;Salon
CMD-103042;30-avr-25;04/05/2025;17/06/2025;CLI-0181;EMP-504;ENT-MTL;BD-1022;8;425,74;6,30;252,94;Représentant
CMD-103963;26-août-25;30/08/2025;25/10/2025;CLI-0166;EMP-503;ENT-SAG;BD-1042;12;389,48;11,70;267,02;Téléphone
CMD-104472;10/10/2025;13/10/2025;2025-12-06;CLI-0009;EMP-502;ENT-QC;BD-1129;15;54,60;24,10;46,45;Portail web
CMD-104774;10/11/2025;19/11/2025;20-déc-25;CLI-0037;EMP-504;ENT-MTL;BD-1151;11;120,25;24,40;92,25;Représentant
CMD-102606;03/03/2025;08/03/2025;26/04/2025;CLI-0039;EMP-503;ENT-QC;BD-1038;12;504,43;8,60;319,94;Courriel
CMD-103536;30/06/2025;05/07/2025;29-août-25;CLI-0182;EMP-503;ENT-MTL;BD-1010;6;137,17;15,90;88,91;Représentant
CMD-103119;09/05/2025;2025-05-11;11/06/2025;CLI-0050;EMP-502;ENT-QC;BD-1062;2;155,53;13,40;135,59;Téléphone
CMD-103667;2025-07-18;22/07/2025;23/08/2025;CLI-0032;EMP-504;ENT-QC;BD-1006;8;319,68;4,50;182,47;Représentant
CMD-104529;15/10/2025;2025-10-18;09/12/2025;CLI-0059;EMP-504;ENT-QC;BD-1065;4;186,90;25,10;155,19;Représentant
CMD-103767;06/08/2025;12/08/2025;2025-09-23;CLI-0192;EMP-505;ENT-MTL;BD-1174;6;270,87;8,20;169,01;Portail web
CMD-103401;12/06/2025;19/06/2025;2025-07-20;CLI-0209;EMP-508;ENT-QC;BD-1007;9;76,80;25,70;57,14;Salon
CMD-104612;23/10/2025;2025-10-29;10/12/2025;CLI-0076;EMP-507;ENT-SAG;BD-1152;23;367,97;23,50;271,40;Représentant
CMD-105124;31/12/2025;2026-01-02;;CLI-0154;EMP-507;ENT-QC;BD-1138;8;129,80;11,90;88,19;Portail web
CMD-103774;06/08/2025;2025-08-14;01/10/2025;CLI-0208;EMP-507;ENT-MTL;BD-1164;8;171,44;12,10;100,45;Représentant
CMD-103663;17/07/2025;24/07/2025;25/09/2025;CLI-0204;EMP-506;ENT-QC;BD-1012;3;113,40;6,80;69,62;Représentant
CMD-104555;17/10/2025;22/10/2025;;CLI-0132;EMP-507;ENT-MTL;BD-1073;3;393,76;12,50;307,22;Représentant
CMD-103172;16/05/2025;24/05/2025;2025-06-21;CLI-0006;EMP-505;ENT-MTL;BD-1114;8;227,31;10,00;152,73;Portail web
CMD-104987;06-déc-25;13/12/2025;;CLI-0160;EMP-508;ENT-QC;BD-1147;6;545,80;8,80;346,92;Courriel
CMD-105082;23/12/2025;28/12/2025;;CLI-0066;EMP-507;ENT-QC;BD-1173;6;351,53;11,80;212,35;Représentant
CMD-102482;2025-02-04;06/02/2025;11/04/2025;CLI-0121;EMP-508;ENT-QC;BD-1173;1;346,23;13,20;212,35;Téléphone
CMD-102413;20-janv-25;27/01/2025;14/02/2025;CLI-0122;EMP-505;ENT-QC;BD-1158;3;325,42;6,90;184,61;Téléphone
CMD-102399;16/01/2025;2025-01-22;01/03/2025;CLI-0157;EMP-502;ENT-MTL;BD-1106;8;471,03;11,20;340,08;Courriel
CMD-103868;16-août-25;18/08/2025;22/09/2025;CLI-0163;EMP-505;ENT-MTL;BD-1043;12;509,07;3,50;300,28;Représentant
CMD-104857;19/11/2025;23/11/2025;;CLI-0212;EMP-507;ENT-QC;BD-1169;6;466,20;19,20;282,28;Représentant
CMD-102690;2025-03-14;18/03/2025;;CLI-0141;EMP-502;ENT-QC;BD-1065;4;222,58;10,70;131,52;Portail web
CMD-103052;01/05/2025;08/05/2025;07-juil-25;CLI-0129;EMP-508;ENT-SAG;BD-1128;4;134,28;7,30;78,87;Représentant
CMD-104615;23/10/2025;26/10/2025;28/12/2025;CLI-0038;EMP-507;ENT-MTL;BD-1127;4;250,10;17,00;174,31;Téléphone
CMD-103919;20/08/2025;2025-08-22;04/09/2025;CLI-0002;EMP-509;ENT-QC;BD-1061;12;112,64;4,60;76,81;Représentant
CMD-102912;15/04/2025;2025-04-22;29/05/2025;CLI-0209;EMP-508;ENT-MTL;BD-1163;2;477,82;22,10;300,77;Représentant
CMD-103015;28/04/2025;2025-05-06;20/06/2025;CLI-0057;EMP-507;ENT-QC;BD-1168;3;355,10;11,20;229,43;Téléphone
CMD-104792;2025-11-11;17/11/2025;19/12/2025;CLI-0074;EMP-507;ENT-MTL;BD-1081;19;475,43;19,80;364,83;Portail web
CMD-102797;31/03/2025;08/04/2025;2025-05-24;CLI-0099;EMP-505;ENT-MTL;BD-1078;12;288,83;24,70;201,79;Représentant
CMD-102346;06-janv-25;09/01/2025;20/02/2025;CLI-0137;EMP-503;ENT-MTL;BD-1141;9;371,98;25,50;314,24;Représentant
CMD-104217;18/09/2025;2025-09-23;28/10/2025;CLI-0150;EMP-502;ENT-MTL;BD-1038;4;524,68;4,90;319,94;Représentant
CMD-104253;2025-09-23;02/10/2025;27/11/2025;CLI-0076;EMP-507;ENT-SAG;BD-1039;6;147,21;25,60;122,17;Représentant
CMD-103695;23/07/2025;01-août-25;26/09/2025;CLI-0135;EMP-506;ENT-QC;BD-1051;3;114,14;12,00;79,76;Téléphone
CMD-104026;03/09/2025;08/09/2025;31-oct-25;CLI-0043;EMP-506;ENT-QC;BD-1099;6;438,07;11,80;346,57;Téléphone
CMD-103901;19/08/2025;26/08/2025;2025-10-09;CLI-0137;EMP-503;ENT-MTL;BD-1065;20;190,06;23,80;155,19;Représentant
CMD-104987;2025-12-06;13/12/2025;;CLI-0160;EMP-508;ENT-QC;BD-1145;4;168,02;8,80;111,12;Téléphone
CMD-102897;12/04/2025;2025-04-15;13/06/2025;CLI-0146;EMP-503;ENT-MTL;BD-1002;1;389,68;16,80;298,72;Représentant
CMD-102467;31/01/2025;02/02/2025;17/04/2025;CLI-0060;EMP-508;ENT-MTL;BD-1158;2;327,59;6,30;184,61;Portail web
CMD-103550;2025-07-01;05/07/2025;22/08/2025;CLI-0187;EMP-507;ENT-QC;BD-1055;2;289,90;11,70;213,75;Téléphone
CMD-103124;09-mai-25;15/05/2025;13/07/2025;CLI-0157;EMP-502;ENT-SAG;BD-1111;1;190,68;13,90;148,90;Téléphone
CMD-103438;17/06/2025;21-juin-25;26/07/2025;CLI-0133;EMP-508;ENT-MTL;BD-1111;6;192,01;13,30;148,90;Représentant
CMD-103741;01/08/2025;04/08/2025;2025-10-04;CLI-0004;EMP-505;ENT-QC;BD-1035;2;45,27;6,40;30,63;Courriel
CMD-102371;10/01/2025;17/01/2025;2025-03-06;CLI-0066;EMP-507;ENT-QC;BD-1006;2;282,47;15,60;182,47;Portail web
CMD-104190;17/09/2025;26/09/2025;2025-10-22;CLI-0091;EMP-504;ENT-QC;BD-1070;4;74,43;2,30;48,05;Téléphone
CMD-104774;10/11/2025;19/11/2025;2025-12-20;CLI-0037;EMP-504;ENT-MTL;BD-1139;9;271,32;24,40;203,11;Représentant
CMD-103921;21/08/2025;28/08/2025;07-oct-25;CLI-0093;EMP-508;ENT-MTL;BD-1051;3;108,13;16,60;79,76;Portail web
CMD-104418;07-oct-25;10/10/2025;15/11/2025;CLI-0124;EMP-509;ENT-MTL;BD-1074;1;179,74;7,40;130,44;Portail web
CMD-103245;23/05/2025;31/05/2025;2025-07-18;CLI-0211;EMP-504;ENT-SAG;BD-1019;12;263,02;12,60;205,07;Salon
CMD-103548;30/06/2025;07/07/2025;;CLI-0037;EMP-504;ENT-MTL;BD-1038;25;440,02;20,30;319,94;Représentant
CMD-103063;02-mai-25;11/05/2025;09/06/2025;CLI-0015;EMP-509;ENT-QC;BD-1114;4;239,94;5,00;152,73;Représentant
CMD-102781;28/03/2025;01/04/2025;27/05/2025;CLI-0133;EMP-508;ENT-QC;BD-1040;3;367,24;16,70;274,41;Représentant
CMD-104536;16/10/2025;25/10/2025;2025-12-31;CLI-0209;EMP-508;ENT-QC;BD-1039;16;160,92;18,70;122,17;Représentant
CMD-103799;;2025-08-11;23/09/2025;CLI-0137;EMP-503;ENT-MTL;BD-1033;14;143,75;23,30;113,22;Représentant
CMD-104960;02/12/2025;06/12/2025;;CLI-0148;EMP-501;ENT-MTL;BD-1078;2;325,42;15,10;238,11;Représentant
CMD-103046;30/04/2025;08/05/2025;16-juin-25;CLI-0011;EMP-507;ENT-QC;BD-1100;6;519,41;3,20;312,88;Représentant
CMD-103915;20/08/2025;26-août-25;22/10/2025;CLI-0009;EMP-502;ENT-SAG;BD-1018;17;363,20;21,90;247,17;Représentant
CMD-102700;15/03/2025;2025-03-21;21/05/2025;CLI-0060;EMP-508;ENT-QC;BD-1110;4;267,02;6,00;182,67;Téléphone
CMD-103943;25/08/2025;01-sept-25;19/10/2025;CLI-0127;EMP-503;ENT-QC;BD-1055;3;288,91;12,00;213,75;Téléphone
CMD-103114;09/05/2025;16/05/2025;28/06/2025;CLI-0154;EMP-507;ENT-QC;BD-1104;8;99,13;10,40;76,70;Téléphone
CMD-103979;28/08/2025;30-août-25;14/10/2025;CLI-0185;EMP-508;ENT-MTL;BD-1079;22;206,23;21,80;147,87;Représentant
CMD-104005;01/09/2025;2025-09-08;22/10/2025;CLI-0006;EMP-505;ENT-QC;BD-1040;8;391,04;11,30;274,41;Portail web
CMD-102453;28/01/2025;02/02/2025;2025-03-01;CLI-0037;EMP-504;ENT-SAG;BD-1153;14;160,21;20,10;116,00;Téléphone
CMD-102662;11/03/2025;15/03/2025;13-mai-25;CLI-0036;EMP-505;ENT-QC;BD-1182;4;97,56;10,40;58,06;Représentant
CMD-104121;11/09/2025;15-sept-25;11/11/2025;CLI-0054;EMP-507;ENT-QC;BD-1060;1;343,63;13,20;291,44;Portail web
CMD-104238;2025-09-20;23/09/2025;04/11/2025;CLI-0041;EMP-508;ENT-QC;BD-1078;4;341,59;10,90;238,11;Représentant
CMD-103186;17/05/2025;2025-05-23;11/07/2025;CLI-0206;EMP-503;ENT-QC;BD-1021;12;320,01;12,00;242,82;Portail web
CMD-102916;15/04/2025;2025-04-18;12/06/2025;CLI-0037;EMP-504;ENT-MTL;BD-1044;10;245,76;23,90;199,55;Représentant
CMD-103444;17/06/2025;19-juin-25;23/07/2025;CLI-0217;EMP-506;ENT-MTL;BD-1180;24;142,22;24,90;95,30;Représentant
CMD-104935;28/11/2025;02/12/2025;;CLI-0144;EMP-502;ENT-QC;BD-1077;2;289,20;15,40;171,09;Téléphone
CMD-103130;10/05/2025;13/05/2025;22/06/2025;CLI-0185;EMP-508;ENT-QC;BD-1034;2;179,36;24,50;182,99;Représentant
CMD-104133;2025-09-12;17/09/2025;;CLI-0220;EMP-506;ENT-MTL;BD-1178;8;179,06;12,80;119,43;Téléphone
CMD-103909;20/08/2025;22-août-25;28/10/2025;CLI-0206;EMP-503;ENT-MTL;BD-1109;3;384,10;16,50;310,20;Téléphone
CMD-103332;2025-06-03;05/06/2025;30/07/2025;CLI-0137;EMP-503;ENT-MTL;BD-1054;59;362,88;22,10;262,94;Représentant
CMD-102459;29/01/2025;07-févr-25;25/03/2025;CLI-0089;EMP-502;ENT-SAG;BD-1149;6;140,56;23,20;111,14;Téléphone
CMD-104606;2025-10-23;31/10/2025;29/12/2025;CLI-0209;EMP-508;ENT-QC;BD-1130;6;424,76;24,70;323,89;Représentant
CMD-104032;03/09/2025;06/09/2025;2025-10-15;CLI-0145;EMP-504;ENT-MTL;BD-1047;8;103,16;3,20;71,53;Représentant
CMD-103253;26/05/2025;01-juin-25;10/07/2025;CLI-0081;EMP-502;ENT-SAG;BD-1052;2;267,97;12,70;183,03;Portail web
CMD-104651;2025-10-27;30/10/2025;22/12/2025;CLI-0185;EMP-508;ENT-QC;BD-1074;64;156,00;19,70;130,44;Portail web
CMD-104111;2025-09-10;18/09/2025;07/11/2025;CLI-0177;EMP-505;ENT-QC;BD-1048;4;47,87;6,50;33,51;Représentant
CMD-102867;08/04/2025;13/04/2025;2025-06-05;CLI-0059;EMP-504;ENT-MTL;BD-1076;18;430,00;23,40;287,01;Portail web
CMD-104784;10/11/2025;2025-11-13;23/12/2025;CLI-0054;EMP-507;ENT-SAG;BD-1102;8;402,91;16,90;260,69;Portail web
CMD-104082;2025-09-08;14/09/2025;16/11/2025;CLI-0174;EMP-502;ENT-QC;BD-1080;1;313,59;5,20;208,57;Représentant
CMD-104050;04-sept-25;07/09/2025;11/10/2025;CLI-0185;EMP-508;ENT-QC;BD-1038;3;438,99;20,40;319,94;Salon
CMD-104815;13/11/2025;17/11/2025;;CLI-0082;EMP-504;ENT-QC;BD-1157;4;49930,00;4,60;25,21;Téléphone
CMD-104362;01/10/2025;09/10/2025;2025-10-27;CLI-0122;EMP-505;ENT-QC;BD-1172;1;382,43;8,60;221,22;Téléphone
CMD-104320;2025-09-29;05/10/2025;28/11/2025;CLI-0185;EMP-508;ENT-QC;BD-1036;18;197,36;23,10;191,63;Représentant
CMD-105029;16/12/2025;2025-12-21;;CLI-0118;EMP-504;ENT-SAG;BD-1131;-6;57,47;14,30;37,08;Courriel
CMD-104961;02/12/2025;11-déc-25;;CLI-0146;EMP-503;ENT-MTL;BD-1084;8;501,85;13,60;375,89;Représentant
CMD-104238;20/09/2025;2025-09-23;04/11/2025;CLI-0041;EMP-508;ENT-QC;BD-1065;8;222,19;10,90;155,19;Téléphone
CMD-104448;09/10/2025;2025-10-12;04/12/2025;CLI-0118;EMP-504;ENT-QC;BD-1147;6;528,23;11,70;346,92;Représentant
CMD-103506;25/06/2025;28/06/2025;19-juil-25;CLI-0006;EMP-505;ENT-MTL;BD-1111;6;197,08;11,10;148,90;Représentant
CMD-102925;2025-04-16;25/04/2025;07/06/2025;CLI-0141;EMP-502;ENT-QC;BD-1041;8;225,84;10,90;163,24;Courriel
CMD-104735;2025-11-04;10/11/2025;;CLI-0059;EMP-504;ENT-QC;BD-1102;23;396,57;18,20;260,69;Salon
CMD-103328;03/06/2025;11/06/2025;13/07/2025;CLI-0208;EMP-507;ENT-MTL;BD-1067;2;34,64;16,70;28,64;Portail web
CMD-103996;01/09/2025;04/09/2025;2025-10-18;CLI-0042;EMP-505;ENT-QC;BD-1169;6;497,49;13,70;282,28;Portail web
CMD-104225;2025-09-19;28/09/2025;27/10/2025;CLI-0009;EMP-502;ENT-MTL;BD-1063;2;290,38;21,20;247,24;Salon
CMD-104697;30/10/2025;08/11/2025;;CLI-0130;EMP-508;ENT-MTL;BD-1021;8;278,74;23,40;242,82;Représentant
CMD-103731;31/07/2025;02-août-25;05/10/2025;CLI-0005;EMP-503;ENT-MTL;BD-1045;6;124,03;5,40;78,37;Portail web
CMD-102935;17/04/2025;22/04/2025;2025-05-24;CLI-0046;EMP-508;ENT-SAG;BD-1036;8;243,10;5,30;162,40;Courriel
CMD-104039;04/09/2025;2025-09-08;09/10/2025;CLI-0127;EMP-503;ENT-MTL;BD-1066;12;304,06;11,70;240,06;Téléphone
CMD-104890;22/11/2025;01/12/2025;;CLI-0074;EMP-507;ENT-QC;BD-1079;62;214,17;18,80;147,87;Représentant
CMD-102719;19-mars-25;23/03/2025;20/05/2025;CLI-0154;EMP-507;ENT-SAG;BD-1020;6;48,70;15,30;33,12;Courriel
CMD-102533;14/02/2025;16/02/2025;;CLI-0142;EMP-508;ENT-QC;BD-1051;6;124,46;4,00;79,76;Téléphone
CMD-103318;2025-06-02;06/06/2025;17/07/2025;CLI-0109;EMP-501;ENT-QC;BD-1062;24;172,51;4,00;135,59;Courriel
CMD-103292;29/05/2025;06/06/2025;26-juil-25;CLI-0042;EMP-505;ENT-QC;BD-1108;3;229,35;16,00;169,96;Représentant
CMD-104890;22/11/2025;01/12/2025;;CLI-0074;EMP-507;ENT-QC;BD-1175;13;137,86;18,80;96,85;Téléphone
CMD-103182;16/05/2025;18/05/2025;2025-08-08;CLI-0059;EMP-504;ENT-MTL;BD-1056;9;398,16;19,00;293,14;Portail web
CMD-104813;13/11/2025;2025-11-22;19/12/2025;CLI-0099;EMP-505;ENT-QC;BD-1085;23;49770,00;25,90;49,28;Représentant
CMD-104677;29/10/2025;03-nov-25;21/12/2025;CLI-0012;EMP-501;ENT-MTL;BD-1067;59;32,92;20,90;28,64;Portail web
CMD-104607;23-oct-25;28/10/2025;25/12/2025;CLI-0057;EMP-507;ENT-MTL;BD-1084;1;509,93;12,20;375,89;Téléphone
CMD-103155;14/05/2025;21/05/2025;2025-06-14;CLI-0040;EMP-509;ENT-QC;BD-1016;12;355,27;14,00;224,02;Représentant
CMD-103689;22/07/2025;28/07/2025;25/08/2025;CLI-0053;EMP-509;ENT-MTL;BD-1103;8;193,70;15,00;154,84;Portail web
CMD-102521;12/02/2025;19/02/2025;2025-03-28;CLI-0097;EMP-504;ENT-QC;BD-1051;4;124,96;3,60;79,76;Représentant
CMD-103102;07/05/2025;14/05/2025;2025-06-17;CLI-0175;EMP-505;ENT-QC;BD-1048;1;47,35;7,50;33,51;Représentant
CMD-104238;20/09/2025;23-sept-25;04/11/2025;CLI-0041;EMP-508;ENT-QC;BD-1065;4;222,19;10,90;155,19;Représentant
CMD-104474;11/10/2025;15/10/2025;18/11/2025;CLI-0185;EMP-508;ENT-QC;BD-1133;14;79,60;21,50;62,95;Représentant
CMD-104561;17/10/2025;25/10/2025;29-nov-25;CLI-0192;EMP-505;ENT-MTL;BD-1083;4;292,26;4,90;189,32;Téléphone
CMD-102406;17/01/2025;21/01/2025;2025-03-16;CLI-0118;EMP-504;ENT-MTL;BD-1010;6;139,30;14,50;88,91;Représentant
CMD-103169;16-mai-25;21/05/2025;18/06/2025;CLI-0171;EMP-507;ENT-MTL;BD-1011;3;488,34;7,00;294,52;Représentant
CMD-103101;07/05/2025;14-mai-25;28/06/2025;CLI-0001;EMP-508;ENT-MTL;BD-1118;3;456,82;8,10;343,17;Représentant
CMD-104495;13/10/2025;17-oct-25;03/12/2025;CLI-0015;EMP-509;ENT-QC;BD-1133;8;94,86;6,40;62,95;Téléphone
CMD-104783;10/11/2025;14/11/2025;;CLI-0167;EMP-506;ENT-SAG;BD-1159;12;274,47;5,00;169,65;Courriel
CMD-104172;16/09/2025;23/09/2025;2025-10-30;CLI-0161;EMP-508;ENT-SAG;BD-1051;4;121,21;6,50;79,76;Téléphone
CMD-103165;15/05/2025;19/05/2025;27/06/2025;CLI-0070;EMP-503;ENT-QC;BD-1055;2;309,25;5,80;213,75;Portail web
CMD-104409;06/10/2025;2025-10-12;02/12/2025;CLI-0137;EMP-503;ENT-MTL;BD-1066;17;258,08;25,10;240,06;Représentant
CMD-103153;14/05/2025;22/05/2025;16-juil-25;CLI-0040;EMP-509;ENT-MTL;BD-1055;8;284,66;13,30;213,75;Représentant
CMD-102980;23/04/2025;29/04/2025;2025-06-15;CLI-0064;EMP-504;ENT-SAG;BD-1047;3;98,92;7,20;71,53;Portail web
CMD-103849;14/08/2025;2025-08-18;07/09/2025;CLI-0059;EMP-504;ENT-QC;BD-1121;6;63,71;18,20;44,65;Représentant
CMD-103167;15/05/2025;2025-05-19;29/06/2025;CLI-0143;EMP-503;ENT-QC;BD-1017;6;503,32;10,70;313,71;Représentant
CMD-104782;10/11/2025;2025-11-17;;CLI-0217;EMP-506;ENT-QC;BD-1131;14;54,79;18,30;37,08;Téléphone
CMD-104301;26/09/2025;2025-10-02;06/11/2025;CLI-0063;EMP-503;ENT-QC;BD-1139;24;318,83;11,10;203,11;Courriel
CMD-103137;12-mai-25;14/05/2025;30/06/2025;CLI-0204;EMP-506;ENT-MTL;BD-1029;8;359,53;8,30;243,45;Portail web
CMD-104312;26/09/2025;28/09/2025;24/11/2025;CLI-0155;EMP-506;ENT-MTL;BD-1075;3;86,25;14,40;71,97;Portail web
CMD-102745;24/03/2025;01/04/2025;2025-05-06;CLI-0116;EMP-509;ENT-MTL;BD-1043;3;471,51;10,70;300,28;Représentant
CMD-102680;13/03/2025;17/03/2025;02-mai-25;CLI-0026;EMP-506;ENT-QC;BD-1116;12;78,49;11,50;60,17;Courriel
CMD-104986;05/12/2025;2025-12-14;;CLI-0034;EMP-507;ENT-QC;BD-1180;3;159,27;15,90;95,30;Représentant
CMD-102717;19/03/2025;2025-03-28;27/04/2025;CLI-0053;EMP-509;ENT-QC;BD-1103;2;194,53;14,60;154,84;Salon
CMD-102459;2025-01-29;07/02/2025;25/03/2025;CLI-0089;EMP-502;ENT-SAG;BD-1153;12;154,00;23,20;116,00;Représentant
CMD-103746;02/08/2025;10/08/2025;2025-09-21;CLI-0074;EMP-507;ENT-MTL;BD-1177;11;314,77;22,80;215,66;Téléphone
CMD-102356;08/01/2025;13/01/2025;2025-02-21;CLI-0012;EMP-501;ENT-MTL;BD-1154;12;404,86;24,30;329,92;Portail web
CMD-103598;2025-07-08;11/07/2025;14/09/2025;CLI-0091;EMP-504;ENT-MTL;BD-1045;4;128,13;2,20;78,37; 
CMD-104827;15/11/2025;19/11/2025;2025-12-20;CLI-0046;EMP-508;ENT-MTL;BD-1102;4;450,06;7,20;260,69;Portail web
CMD-103637;14/07/2025;21-juil-25;09/09/2025;CLI-0047;EMP-508;ENT-QC;BD-1108;2;228,71;16,30;169,96;Représentant
CMD-103738;01/08/2025;03/08/2025;30/08/2025;CLI-0043;EMP-506;ENT-MTL;BD-1049;4;48,76;10,80;31,22;Courriel
CMD-104187;17/09/2025;24/09/2025;23-nov-25;CLI-0076;EMP-507;ENT-MTL;BD-1182;9;83,91;22,90;58,06;Salon
CMD-103021;2025-04-29;01/05/2025;31/05/2025;CLI-0087;EMP-502;ENT-QC;BD-1053;6;289,20;11,60;180,55;Courriel
CMD-103855;15/08/2025;24/08/2025;2025-09-21;CLI-0212;EMP-507;ENT-QC;BD-1108;16;215,10;21,30;169,96;Représentant
CMD-104753;2025-11-05;07/11/2025;10/12/2025;CLI-0199;EMP-504;ENT-QC;BD-1075;3;85,77;14,90;71,97;Représentant
CMD-103901;19/08/2025;26/08/2025;2025-10-09;CLI-0137;EMP-503;ENT-MTL;BD-1134;17;83,80;23,80;61,77;Courriel
CMD-103600;08/07/2025;2025-07-10;04/09/2025;CLI-0017;EMP-507;ENT-QC;BD-1030;12;153,02;16,40;119,13;Portail web
CMD-104323;2025-09-29;03/10/2025;11/11/2025;CLI-0110;EMP-507;ENT-SAG;BD-1061;24;107,86;8,70;76,81;Représentant
CMD-103223;22/05/2025;31-mai-25;02/07/2025;CLI-0031;EMP-509;ENT-SAG;BD-1105;4;224,49;13,30;169,61;Représentant
CMD-104443;09-oct-25;16/10/2025;18/12/2025;CLI-0132;EMP-507;ENT-QC;BD-1092;4;243,43;13,70;168,72;Téléphone
CMD-102555;19-févr-25;21/02/2025;01/04/2025;CLI-0055;EMP-506;ENT-SAG;BD-1180;4;182,65;3,50;95,30;Téléphone
CMD-104735;04/11/2025;10-nov-25;;CLI-0059;EMP-504;ENT-QC;BD-1169;2;471,76;18,20;282,28;Représentant
CMD-103158;14/05/2025;2025-05-16;;CLI-0056;EMP-502;ENT-QC;BD-1060;5;297,43;24,80;291,44;Représentant
CMD-102443;2025-01-27;01/02/2025;15/03/2025;CLI-0116;EMP-509;ENT-QC;BD-1137;3;37,51;12,40;25,59;Portail web
CMD-103630;11/07/2025;13-juil-25;20/08/2025;CLI-0200;EMP-509;ENT-QC;BD-1109;12;402,75;12,50;310,20;Représentant
CMD-102514;11/02/2025;2025-02-18;01/04/2025;CLI-0039;EMP-503;ENT-MTL;BD-1022;8;444,36;2,20;252,94;Représentant
CMD-104205;18-sept-25;26/09/2025;;CLI-0080;EMP-506;ENT-SAG;BD-1081;3;513,07;13,50;364,83;Représentant
CMD-104842;18/11/2025;2025-11-25;;CLI-0012;EMP-501;ENT-SAG;BD-1133;18;81,15;20,00;62,95;Téléphone
CMD-103972;2025-08-27;29/08/2025;29/10/2025;CLI-0191;EMP-504;ENT-SAG;BD-1046;6;426,24;10,70;372,17; 
CMD-103342;2025-06-04;10/06/2025;25/07/2025;CLI-0026;EMP-506;ENT-QC;BD-1154;4;461,39;13,70;329,92;Représentant
CMD-103371;09/06/2025;11/06/2025;10/07/2025;CLI-0130;EMP-508;ENT-MTL;BD-1062;3;139,65;22,30;135,59;Portail web
CMD-102562;20/02/2025;28/02/2025;2025-05-06;CLI-0195;EMP-506;ENT-QC;BD-1165;4;154,03;16,30;107,92;Représentant
CMD-103666;18/07/2025;2025-07-23;01/09/2025;CLI-0184;EMP-503;ENT-MTL;BD-1117;3;141,49;4,50;100,34;Portail web
CMD-103596;07/07/2025;2025-07-13;16/09/2025;CLI-0095;EMP-505;ENT-MTL;BD-1116;3;82,36;7,10;60,17;Représentant
CMD-104013;02/09/2025;10/09/2025;09-nov-25;CLI-0089;EMP-502;ENT-MTL;BD-1074;18;145,39;25,10;130,44;Représentant
CMD-103982;28/08/2025;2025-08-30;14/10/2025;CLI-0195;EMP-506;ENT-QC;BD-1167;8;316,47;14,70;209,73;Représentant
CMD-105067;22/12/2025;27/12/2025;;CLI-0037;EMP-504;ENT-MTL;BD-1146;15;299,89;20,10;225,52;Représentant
CMD-104585;2025-10-21;29/10/2025;11/12/2025;CLI-0061;EMP-503;ENT-MTL;BD-1086;2;115,04;16,50;97,25;Portail web
CMD-104745;05/11/2025;07-nov-25;23/12/2025;CLI-0185;EMP-508;ENT-MTL;BD-1130;3;440,69;21,90;323,89;Courriel
CMD-103039;30/04/2025;08/05/2025;2025-06-09;CLI-0077;EMP-501;ENT-MTL;BD-1098;3;403,62;8,50;262,51;Représentant
CMD-102776;27/03/2025;29-mars-25;14/05/2025;CLI-0049;EMP-508;ENT-MTL;BD-1174;8;260,00;11,90;169,01;Téléphone
CMD-102525;13/02/2025;21/02/2025;24-mars-25;CLI-0118;EMP-504;ENT-MTL;BD-1120;8;250,86;15,50;186,72;Représentant
CMD-103645;15/07/2025;21/07/2025;06-sept-25;CLI-0012;EMP-501;ENT-MTL;BD-1028;9;181,74;23,10;143,73;Représentant
CMD-104281;24/09/2025;02-oct-25;01/11/2025;CLI-0209;EMP-508;ENT-QC;BD-1167;5;276,29;25,60;209,73;Représentant
CMD-105002;11/12/2025;2025-12-15;;CLI-0048;EMP-508;ENT-SAG;BD-1101;6;97,47;10,20;75,83;Téléphone
CMD-103963;26/08/2025;30/08/2025;2025-10-25;CLI-0166;EMP-503;ENT-SAG;BD-1088;2;555,84;11,70;404,63;Représentant
CMD-103935;23/08/2025;2025-08-26;17/10/2025;CLI-0212;EMP-507;ENT-QC;BD-1035;1;38,06;21,30;30,63;Représentant
CMD-104119;10-sept-25;18/09/2025;17/11/2025;CLI-0016;EMP-505;ENT-SAG;BD-1040;1;430,26;2,40;274,41;Représentant
CMD-103667;18/07/2025;22-juil-25;23/08/2025;CLI-0032;EMP-504;ENT-QC;BD-1044;12;308,48;4,50;199,55;Représentant
CMD-103374;10/06/2025;16/06/2025;23/07/2025;CLI-0006;EMP-505;ENT-MTL;BD-1045;3;113,26;13,60;78,37; 
CMD-103206;20/05/2025;2025-05-24;;CLI-0184;EMP-503;ENT-QC;BD-1113;8;397,85;6,80;281,81;Représentant
CMD-103718;29-juil-25;01/08/2025;23/09/2025;CLI-0143;EMP-503;ENT-MTL;BD-1012;4;105,15;13,60;69,62;Représentant
CMD-103531;2025-06-27;30/06/2025;16/09/2025;CLI-0026;EMP-506;ENT-MTL;BD-1007;6;92,50;10,50;57,14; 
CMD-103972;27/08/2025;29/08/2025;2025-10-29;CLI-0191;EMP-504;ENT-SAG;BD-1171;8;141,38;10,70;85,46;Salon
CMD-103000;25/04/2025;2025-04-29;23/06/2025;CLI-0185;EMP-508;ENT-SAG;BD-1038;8;438,12;20,60;319,94;Représentant
CMD-104846;2025-11-18;20/11/2025;;CLI-0139;EMP-506;ENT-QC;BD-1115;12;62,96;15,70;47,23;Téléphone
CMD-105058;19/12/2025;25-déc-25;;CLI-0137;EMP-503;ENT-QC;BD-1073;6;337,63;24,90;307,22;Salon
CMD-103891;19/08/2025;25/08/2025;;CLI-0089;EMP-502;ENT-QC;BD-1027;17;351,54;23,30;254,96;Téléphone
CMD-104192;17/09/2025;20-sept-25;26/10/2025;CLI-0012;EMP-501;ENT-SAG;BD-1093;2;169,93;24,10;159,25;Courriel
CMD-104883;21/11/2025;29-nov-25;;CLI-0199;EMP-504;ENT-MTL;BD-1114;4;221,43;12,30;152,73;Représentant
CMD-104763;2025-11-06;08/11/2025;22/12/2025;CLI-0129;EMP-508;ENT-QC;BD-1128;2;137,56;5,00;78,87;Représentant
CMD-104552;17/10/2025;21/10/2025;;CLI-0116;EMP-509;ENT-SAG;BD-1143;6;325,23;13,30;220,45;Représentant
CMD-105078;23-déc-25;29/12/2025;;CLI-0137;EMP-503;ENT-QC;BD-1152;3;390,80;18,70;271,40;Téléphone
CMD-102956;21/04/2025;2025-04-28;29/05/2025;CLI-0070;EMP-503;ENT-MTL;BD-1053;2;320,21;2,10;180,55;Représentant
CMD-104657;28/10/2025;01/11/2025;2025-12-28;CLI-0185;EMP-508;ENT-MTL;BD-1046;6;359,38;24,70;372,17;Téléphone
CMD-102764;26-mars-25;04/04/2025;29/05/2025;CLI-0084;EMP-503;ENT-QC;BD-1159;8;255,88;11,50;169,65;Téléphone
CMD-103420;13-juin-25;19/06/2025;21/07/2025;CLI-0012;EMP-501;ENT-SAG;BD-1105;18;207,90;19,80;169,61;Portail web
CMD-104357;2025-10-01;08/10/2025;08/12/2025;CLI-0009;EMP-502;ENT-QC;BD-1171;11;120,28;24,00;85,46;Représentant
CMD-103303;2025-05-30;08/06/2025;08/07/2025;CLI-0106;EMP-501;ENT-MTL;BD-1042;4;383,71;13,10;267,02;Représentant
CMD-104467;10/10/2025;13/10/2025;19/11/2025;CLI-0208;EMP-507;ENT-SAG;BD-1136;6;181,09;12,80;112,45;Téléphone
CMD-103482;23/06/2025;27/06/2025;2025-08-17;CLI-0073;EMP-501;ENT-MTL;BD-1062;3;156,34;13,00;135,59;Téléphone
CMD-104383;2025-10-02;11/10/2025;16/12/2025;CLI-0135;EMP-506;ENT-MTL;BD-1145;24;163,07;11,40;111,12;Téléphone
CMD-103980;2025-08-28;30/08/2025;11/10/2025;CLI-0099;EMP-505;ENT-QC;BD-1151;5;128,29;19,30;92,25;Courriel
CMD-104267;24/09/2025;01/10/2025;2025-11-11;CLI-0077;EMP-501;ENT-QC;BD-1157;6;49,17;6,10;25,21;Portail web
CMD-104543;2025-10-16;18/10/2025;17/12/2025;CLI-0212;EMP-507;ENT-MTL;BD-1122;6;275,69;19,20;212,67;Téléphone
CMD-104428;08-oct-25;10/10/2025;06/11/2025;CLI-0193;EMP-509;ENT-QC;BD-1038;4;493,86;10,50;319,94;Courriel
CMD-104301;26/09/2025;2025-10-02;06/11/2025;CLI-0063;EMP-503;ENT-QC;BD-1182;2;96,76;11,10;58,06;Téléphone
CMD-103470;n/d;2025-06-29;01/08/2025;CLI-0194;EMP-506;ENT-QC;BD-1010;4;154,83;5,00;88,91;Représentant
CMD-103035;30/04/2025;06-mai-25;04/06/2025;CLI-0118;EMP-504;ENT-MTL;BD-1040;2;387,50;12,10;274,41;Téléphone
CMD-102579;26/02/2025;02/03/2025;02/05/2025;CLI-0055;EMP-506;ENT-MTL;BD-1078;2;371,76;3,00;201,79;Représentant
CMD-103129;2025-05-10;16/05/2025;08/07/2025;CLI-0176;EMP-503;ENT-QC;BD-1107;12;206,63;6,20;150,54;Téléphone
CMD-102464;30/01/2025;03/02/2025;2025-03-20;CLI-0148;EMP-501;ENT-SAG;BD-1126;8;180,67;10,70;133,03;Représentant
CMD-102887;11/04/2025;14-avr-25;18/06/2025;CLI-0029;EMP-506;ENT-SAG;BD-1159;12;230,95;20,10;169,65;Représentant
CMD-103998;2025-09-01;09/09/2025;28/10/2025;CLI-0075;EMP-506;ENT-MTL;BD-1165;4;177,88;3,30;107,92;Salon
CMD-104755;05/11/2025;12/11/2025;;CLI-0054;EMP-507;ENT-MTL;BD-1142;4;145,18;11,00;100,93;Portail web
CMD-104596;22/10/2025;25/10/2025;2025-11-29;CLI-0009;EMP-502;ENT-MTL;BD-1067;4;33,44;19,60;28,64;Portail web
CMD-102740;2025-03-21;30/03/2025;03/05/2025;CLI-0209;EMP-508;ENT-QC;BD-1160;6;58,69;25,50;41,56;Téléphone
CMD-104886;2025-11-21;27/11/2025;;CLI-0073;EMP-501;ENT-MTL;BD-1136;12;183,11;11,80;112,45;Représentant
CMD-102912;15/04/2025;2025-04-22;29/05/2025;CLI-0209;EMP-508;ENT-MTL;BD-1018;23;362,16;22,10;247,17;Téléphone
CMD-104569;18/10/2025;21/10/2025;08-déc-25;CLI-0171;EMP-507;ENT-QC;BD-1112;6;108,16;5,80;67,02;Portail web
CMD-103278;28/05/2025;05/06/2025;09-juil-25;CLI-0209;EMP-508;ENT-MTL;BD-1117;6;117,98;20,40;100,34;Représentant
CMD-104567;17/10/2025;19/10/2025;2025-12-03;CLI-0182;EMP-503;ENT-QC;BD-1137;4;38,02;11,20;25,59;Représentant
CMD-102688;13/03/2025;18-mars-25;22/04/2025;CLI-0201;EMP-504;ENT-QC;BD-1160;2;0,00;7,10;41,56;Portail web
CMD-104749;05-nov-25;07/11/2025;;CLI-0079;EMP-509;ENT-MTL;BD-1031;4;500,94;3,60;300,62;Représentant
CMD-102566;21/02/2025;23-févr-25;24/03/2025;CLI-0216;EMP-503;ENT-MTL;BD-1084;8;553,06;4,70;318,55;Portail web
CMD-104283;25/09/2025;03/10/2025;06/11/2025;CLI-0045;EMP-502;ENT-SAG;BD-1138;2;126,35;14,20;88,19;Représentant
CMD-104552;17/10/2025;21/10/2025;;CLI-0116;EMP-509;ENT-SAG;BD-1177;2;353,39;13,30;215,66;Portail web
CMD-103258;26/05/2025;2025-06-03;21/07/2025;CLI-0002;EMP-509;ENT-MTL;BD-1019;24;285,79;5,10;205,07;Représentant
CMD-103451;18/06/2025;24/06/2025;2025-07-31;CLI-0063;EMP-503;ENT-QC;BD-1176;4;551,28;12,60;328,78;Téléphone
CMD-102983;24/04/2025;03/05/2025;2025-06-24;CLI-0123;EMP-501;ENT-MTL;BD-1063;6;317,02;13,90;247,24;Représentant
CMD-102961;21/04/2025;29/04/2025;12/06/2025;CLI-0089;EMP-502;ENT-MTL;BD-1067;8;30,97;25,50;24,27;Représentant
CMD-104724;03/11/2025;07/11/2025;;CLI-0057;EMP-507;ENT-MTL;BD-1167;12;330,72;10,90;209,73;Représentant
CMD-103452;18/06/2025;2025-06-27;29/07/2025;CLI-0139;EMP-506;ENT-MTL;BD-1031;1;453,82;12,60;300,62;Représentant
CMD-103989;2025-08-29;01/09/2025;12/10/2025;CLI-0047;EMP-508;ENT-MTL;BD-1038;6;464,34;15,80;319,94;Représentant
CMD-103114;09/05/2025;16/05/2025;28-juin-25;CLI-0154;EMP-507;ENT-QC;BD-1086;12;123,38;10,40;97,25;Représentant
CMD-104082;08-sept-25;14/09/2025;16/11/2025;CLI-0174;EMP-502;ENT-QC;BD-1055;24;311,51;5,20;213,75;Représentant
CMD-103153;14/05/2025;2025-05-22;16/07/2025;CLI-0040;EMP-509;ENT-MTL;BD-1088;12;545,89;13,30;404,63;Représentant
CMD-103717;2025-07-29;31/07/2025;17/09/2025;CLI-0121;EMP-508;ENT-MTL;BD-1122;12;290,99;14,70;212,67;Téléphone
CMD-102489;05/02/2025;07/02/2025;24-mars-25;CLI-0186;EMP-507;ENT-QC;BD-1181;2;607,97;2,70;312,40;Portail web
CMD-103767;2025-08-06;12/08/2025;23/09/2025;CLI-0192;EMP-505;ENT-MTL;BD-1034;24;218,02;8,20;182,99;Portail web
CMD-104067;08/09/2025;2025-09-16;21/10/2025;CLI-0185;EMP-508;ENT-QC;BD-1040;17;351,43;20,30;274,41;Portail web
CMD-104239;22/09/2025;29/09/2025;08-déc-25;CLI-0074;EMP-507;ENT-MTL;BD-1176;25;506,67;19,60;328,78;Représentant
CMD-103553;31/02/2024;08/07/2025;28/08/2025;CLI-0031;EMP-509;ENT-QC;BD-1120;24;247,87;16,50;186,72;Salon
CMD-103729;2025-07-31;06/08/2025;23/09/2025;CLI-0195;EMP-506;ENT-MTL;BD-1116;2;78,86;11,10;60,17;Représentant
CMD-104206;2025-09-18;22/09/2025;02/12/2025;CLI-0191 ;EMP-504;ENT-MTL;BD-1141;6;448,03;10,30;314,24;Représentant
CMD-103939;25/08/2025;30-août-25;18/10/2025;CLI-0155;EMP-506;ENT-MTL;BD-1060;12;346,81;12,40;291,44;Portail web
CMD-104704;31/10/2025;04/11/2025;08-déc-25;CLI-0052;EMP-504;ENT-QC;BD-1138;6;126,05;14,40;88,19;Portail web
CMD-103735;01/08/2025;2025-08-03;26/09/2025;CLI-0006;EMP-505;ENT-MTL;BD-1057;24;25,83;13,40;23,20;Portail web
CMD-102555;19/02/2025;2025-02-21;01/04/2025;CLI-0055;EMP-506;ENT-SAG;BD-1123;8;209,83;3,50;132,28;Portail web
CMD-104437;08/10/2025;17/10/2025;2025-11-10;CLI-0039;EMP-503;ENT-QC;BD-1145;3;172,36;6,40;111,12;Portail web
CMD-104950;01/12/2025;10/12/2025;;CLI-0012;EMP-501;ENT-SAG;BD-1131;5;53,52;20,20;37,08;Représentant
CMD-103558;2025-07-01;09/07/2025;19/08/2025;CLI-0073;EMP-501;ENT-QC;BD-1040;3;387,89;12,00;274,41;Portail web
CMD-103459;19/06/2025;21/06/2025;01/08/2025;CLI-0096;EMP-504;ENT-MTL;BD-1029;3;356,89;8,90;243,45;Représentant
CMD-102564;21-févr-25;01/03/2025;21/04/2025;CLI-0108;EMP-503;ENT-MTL;BD-1135;8;61,25;16,40;40,73;Représentant
CMD-102555;2025-02-19;21/02/2025;01/04/2025;CLI-0055;EMP-506;ENT-SAG;BD-1141;2;481,58;3,50;314,24;Salon
CMD-104245;22/09/2025;2025-09-26;15/11/2025;CLI-0025;EMP-509;ENT-QC;BD-1161;24;113,81;15,70;64,16;Représentant
CMD-102838;04/04/2025;06/04/2025;2025-05-07;CLI-0084;EMP-503;ENT-SAG;BD-1129;1;61,32;14,70;46,45;Représentant
CMD-104951;01/12/2025;2025-12-05;;CLI-0162;EMP-508;ENT-MTL;BD-1098;4;396,64;10,00;309,76;Téléphone
CMD-102544;17-févr-25;19/02/2025;06/04/2025;CLI-0137;EMP-503;ENT-MTL;BD-1175;78;135,86;20,00;96,85;Représentant
CMD-104353;01/10/2025;03/10/2025;2025-11-04;CLI-0095;EMP-505;ENT-QC;BD-1109;3;423,03;8,00;310,20;Représentant
CMD-103311;30/05/2025;02/06/2025;2025-07-17;CLI-0130;EMP-508;ENT-MTL;BD-1106;45;430,58;18,80;340,08;Représentant
CMD-102899;14/04/2025;22/04/2025;17/06/2025;CLI-0012;EMP-501;ENT-QC;BD-1090;6;75,27;21,50;58,79;Portail web
CMD-102747;24/03/2025;26-mars-25;02/05/2025;CLI-0148;EMP-501;ENT-SAG;BD-1002;24;416,90;11,00;298,72;Représentant
CMD-104453;09/10/2025;16/10/2025;2025-11-25;CLI-0114;EMP-502;ENT-MTL;BD-1012;3;112,84;7,30;69,62;Représentant
CMD-104981;2025-12-05;10/12/2025;;CLI-0037;EMP-504;ENT-SAG;BD-1147;6;478,11;20,10;346,92;Téléphone
CMD-102594;28/02/2025;06/03/2025;2025-04-18;CLI-0185;EMP-508;ENT-MTL;BD-1104;8;82,06;25,90;76,70;Courriel
CMD-102585;26/02/2025;2025-02-28;06/04/2025;CLI-0220;EMP-506;ENT-SAG;BD-1150;6;561,13;10,30;347,06;Portail web
CMD-104099;2025-09-09;16/09/2025;07/11/2025;CLI-0177;EMP-505;ENT-SAG;BD-1064;3;121,22;3,20;70,89;Représentant
CMD-103739;01/08/2025;2025-08-08;28/09/2025;CLI-0182;EMP-503;ENT-QC;BD-1037;6;26,90;10,10;16,65;Courriel
CMD-104008;01/09/2025;2025-09-04;29/10/2025;CLI-0185;EMP-508;ENT-MTL;BD-1065;3;187,20;24,90;155,19;Téléphone
CMD-102648;10/03/2025;18/03/2025;09/05/2025;CLI-0017;EMP-507;ENT-QC;BD-1004;24;243,45;11,20;158,83;Téléphone
CMD-104800;11/11/2025;16-nov-25;04/12/2025;CLI-0059;EMP-504;ENT-MTL;BD-1109;9;344,28;25,20;310,20;Représentant
CMD-102987;24/04/2025;2025-05-02;05/07/2025;CLI-0012;EMP-501;ENT-MTL;BD-1057;5;22,49;24,60;19,66;Représentant
CMD-104437;08/10/2025;17/10/2025;10-nov-25;CLI-0039;EMP-503;ENT-QC;BD-1074;1;181,75;6,40;130,44;Représentant
CMD-105107;2025-12-27;01/01/2026;;CLI-0045;EMP-502;ENT-QC;BD-1174;8;263,59;10,70;169,01;Représentant
CMD-103647;15/07/2025;20-juil-25;19/09/2025;CLI-0219;EMP-505;ENT-QC;BD-1178;6;194,92;5,10;119,43;Portail web
CMD-103678;21-juil-25;26/07/2025;20/08/2025;CLI-0175;EMP-505;ENT-QC;BD-1031;3;472,74;9,00;300,62;Représentant
CMD-104880;20/11/2025;23/11/2025;;CLI-0059;EMP-504;ENT-MTL;BD-1137;7;31730,00;25,90;25,59;Téléphone
CMD-104341;30/09/2025;09/10/2025;22-nov-25;CLI-0144;EMP-502;ENT-MTL;BD-1158;3;305,62;12,60;184,61;Représentant
CMD-104498;13/10/2025;2025-10-22;16/11/2025;CLI-0017;EMP-507;ENT-MTL;BD-1127;2;266,30;11,60;174,31;Représentant
CMD-104432;08/10/2025;13/10/2025;2025-11-02;CLI-0057;EMP-507;ENT-MTL;BD-1132;24;172,48;13,20;128,45;Portail web
CMD-103709;2025-07-28;01/08/2025;12/09/2025;CLI-0076;EMP-507;ENT-SAG;BD-1028;24;184,77;21,80;143,73;Représentant
CMD-102393;2025-01-15;18/01/2025;25/03/2025;CLI-0189;EMP-501;ENT-QC;BD-1182;24;101,47;6,80;58,06;Représentant
CMD-104793;11/11/2025;2025-11-17;;CLI-0171;EMP-507;ENT-QC;BD-1175;8;165,44;2,50;96,85;Courriel
CMD-103910;2025-08-20;23/08/2025;17/10/2025;CLI-0099;EMP-505;ENT-QC;BD-1160;7;60,29;23,50;41,56;Représentant
CMD-104129;2025-09-11;18/09/2025;24/10/2025;CLI-0103;EMP-502;ENT-MTL;BD-1160;2;71,87;8,80;41,56;Téléphone
CMD-103064;02/05/2025;2025-05-07;26/06/2025;CLI-0059;EMP-504;ENT-SAG;BD-1019;3;238,83;20,70;205,07;Représentant
CMD-102721;00/00/0000;2025-03-24;20/05/2025;CLI-0212;EMP-507;ENT-QC;BD-1007;60;78,36;24,20;57,14;Représentant
CMD-103415;13/06/2025;16/06/2025;2025-07-23;CLI-0153;EMP-507;ENT-QC;BD-1168;8;335,41;16,10;229,43;Représentant
CMD-104587;21/10/2025;23-oct-25;22/11/2025;CLI-0206;EMP-503;ENT-QC;BD-1143;3;323,30;13,80;220,45;Représentant
CMD-102567;21/02/2025;25/02/2025;24/03/2025;CLI-0145;EMP-504;ENT-SAG;BD-1067;4;40,74;2,10;24,27;Représentant
CMD-104028;03/09/2025;10/09/2025;2025-11-02;CLI-0209;EMP-508;ENT-MTL;BD-1040;1;327,46;25,70;274,41;Portail web
CMD-105076;23/12/2025;27/12/2025;;CLI-0035;EMP-503;ENT-QC;BD-1128;3;127,35;12,10;78,87;Représentant
CMD-104164;15/09/2025;19/09/2025;06-nov-25;CLI-0135;EMP-506;ENT-QC;BD-1042;12;378,01;14,30;267,02;Téléphone
CMD-103015;28/04/2025;2025-05-06;20/06/2025;CLI-0057;EMP-507;ENT-QC;BD-1050;6;447,55;11,20;297,82;Représentant
CMD-103898;2025-08-19;24/08/2025;10/10/2025;CLI-0024;EMP-504;ENT-QC;BD-1036;1;241,11;6,10;191,63;Représentant
CMD-102383;14-janv-25;23/01/2025;09/03/2025;CLI-0091;EMP-504;ENT-MTL;BD-1154;1;497,33;7,00;329,92;Salon
CMD-102579;26/02/2025;02/03/2025;2025-05-02;CLI-0055;EMP-506;ENT-MTL;BD-1169;6;559,17;3,00;282,28;Représentant
CMD-102795;31/03/2025;2025-04-09;22/05/2025;CLI-0210;EMP-503;ENT-MTL;BD-1106;6;510,33;3,80;340,08;Courriel
CMD-103974;27/08/2025;01/09/2025;2025-10-06;CLI-0089;EMP-502;ENT-MTL;BD-1036;6;207,57;19,20;191,63;Portail web
CMD-103025;29/04/2025;08/05/2025;2025-06-02;CLI-0074;EMP-507;ENT-MTL;BD-1009;3;79,47;24,40;67,67;Portail web
CMD-103061;02/05/2025;2025-05-05;11/06/2025;CLI-0173;EMP-508;ENT-MTL;BD-1027;8;382,07;16,60;254,96;Portail web
CMD-103923;21/08/2025;25/08/2025;2025-10-09;CLI-0162;EMP-508;ENT-MTL;BD-1034;8;197,46;16,90;182,99;Représentant
CMD-103065;2025-05-02;04/05/2025;29/05/2025;CLI-0053;EMP-509;ENT-QC;BD-1175;3;143,42;15,50;96,85;Téléphone
CMD-102401;16/01/2025;24/01/2025;2025-03-12;CLI-0127;EMP-503;ENT-MTL;BD-1133;2;86,35;14,80;62,95;Portail web
CMD-104148;13/09/2025;2025-09-22;04/11/2025;CLI-0073;EMP-501;ENT-MTL;BD-1054;2;391,94;15,90;262,94;Représentant
CMD-104820;14/11/2025;2025-11-19;;CLI-0009;EMP-502;ENT-MTL;BD-1093;9;168,92;24,50;159,25;Représentant
CMD-102707;17/03/2025;26/03/2025;26-mai-25;CLI-0053;EMP-509;ENT-MTL;BD-1115;8;64,31;13,90;47,23;Portail web
CMD-103733;01-août-25;04/08/2025;03/10/2025;CLI-0022;EMP-506;ENT-MTL;BD-1180;12;178,91;5,50;95,30;Téléphone
CMD-103236;23-mai-25;28/05/2025;15/07/2025;CLI-0039;EMP-503;ENT-SAG;BD-1046;2;446,77;6,40;372,17;Représentant
CMD-103517;26/06/2025;30/06/2025;2025-09-09;CLI-0134;EMP-509;ENT-MTL;BD-1013;6;480,22;7,00;315,34;Portail web
CMD-102944;18/04/2025;24-avr-25;12/06/2025;CLI-0053;EMP-509;ENT-QC;BD-1157;24;46,89;10,40;25,21;Téléphone
CMD-102855;07/04/2025;14/04/2025;23-mai-25;CLI-0206;EMP-503;ENT-QC;BD-1055;1;287,23;12,50;213,75;Représentant
CMD-104623;24/10/2025;31/10/2025;;cli-0035;EMP-503;ENT-QC;BD-1154;4;461,30;13,70;329,92;Portail web
CMD-104006;01-sept-25;04/09/2025;03/11/2025;CLI-0170;EMP-504;ENT-QC;BD-1066;1;324,98;5,70;240,06;Téléphone
CMD-103726;30/07/2025;02/08/2025;12/09/2025;CLI-0027;EMP-502;ENT-MTL;BD-1011;6;487,87;7,10;294,52;Représentant
CMD-102470;31/01/2025;04/02/2025;02/04/2025;CLI-0112;EMP-505;ENT-QC;BD-1056;4;428,69;12,80;293,14;Téléphone
CMD-105051;2025-12-18;26/12/2025;;CLI-0045;EMP-502;ENT-QC;BD-1088;8;549,11;12,80;404,63;Courriel
CMD-103304;30/05/2025;2025-06-05;25/08/2025;CLI-0051;EMP-509;ENT-SAG;BD-1038;1;536,65;2,70;319,94;Représentant
CMD-102598;03/03/2025;06/03/2025;2025-04-28;CLI-0166;EMP-503;ENT-MTL;BD-1025;4;210,31;10,10;149,35;Représentant
CMD-103141;13/05/2025;16/05/2025;13-juil-25;CLI-0053;EMP-509;ENT-QC;BD-1066;4;309,28;10,20;240,06;Portail web
CMD-102657;2025-03-11;17/03/2025;20/04/2025;CLI-0128;EMP-502;ENT-MTL;BD-1005;6;293,01;10,40;208,35;Portail web
CMD-103193;19/05/2025;21-mai-25;30/07/2025;CLI-0102;EMP-506;ENT-SAG;BD-1039;6;186,93;5,60;122,17;Portail web
CMD-103365;2025-06-09;18/06/2025;03/07/2025;CLI-0127;EMP-503;ENT-QC;BD-1061;6;106,12;10,20;76,81;Représentant
CMD-104249;22/09/2025;2025-09-25;07/11/2025;CLI-0053;EMP-509;ENT-QC;BD-1083;3;276,29;10,10;189,32;Représentant
CMD-103773;06-août-25;09/08/2025;27/09/2025;cli-0019;EMP-502;ENT-SAG;BD-1063;1;359,37;2,40;247,24;Téléphone
CMD-103039;30/04/2025;08/05/2025;09/06/2025;CLI-0077;EMP-501;ENT-MTL;BD-1041;3;232,09;8,50;163,24;Portail web
CMD-104638;27/10/2025;05/11/2025;2025-12-17;CLI-0071;EMP-503;ENT-MTL;BD-1086;3;132,61;3,70;97,25;Courriel
CMD-104683;29/10/2025;01/11/2025;26-déc-25;CLI-0212;EMP-507;ENT-SAG;BD-1139;49;269,03;25,00;203,11;Téléphone
CMD-104941;28/11/2025;04/12/2025;;CLI-0037;EMP-504;ENT-QC;BD-1068;6;461,71;18,10;342,49;Représentant
CMD-104352;30/09/2025;2025-10-07;22/11/2025;CLI-0089;EMP-502;ENT-QC;BD-1081;24;477,98;19,40;364,83;Téléphone
CMD-104129;11-sept-25;18/09/2025;24/10/2025;CLI-0103;EMP-502;ENT-MTL;BD-1049;6;49,86;8,80;31,22;Représentant
CMD-104137;12-sept-25;21/09/2025;05/10/2025;CLI-0121;EMP-508;ENT-MTL;BD-1079;4;230,57;12,60;147,87;Représentant
CMD-104058;05/09/2025;12-sept-25;25/10/2025;CLI-0047;EMP-508;ENT-MTL;BD-1181;4;521,66;16,50;312,40;Téléphone
CMD-103031;30/04/2025;09/05/2025;2025-06-19;CLI-0037;EMP-504;ENT-MTL;BD-1037;19;23,39;21,80;16,65;Portail web
CMD-102948;18/04/2025;27-avr-25;07/06/2025;CLI-0034;EMP-507;ENT-MTL;BD-1051;4;114,38;11,80;79,76;Courriel
CMD-104994;00/00/0000;2025-12-14;;CLI-0136;EMP-507;ENT-QC;BD-1167;6;308,60;16,90;209,73;Téléphone
CMD-104608;23/10/2025;27/10/2025;21-déc-25;CLI-0034;EMP-507;ENT-MTL;BD-1145;1;159,11;13,60;111,12;Portail web
CMD-103522;27/06/2025;06/07/2025;10/08/2025;CLI-0143;EMP-503;ENT-MTL;BD-1159;4;241,05;16,60;169,65;Représentant
CMD-102726;19/03/2025;24/03/2025;14-mai-25;CLI-0193;EMP-509;ENT-SAG;BD-1036;3;231,00;10,00;162,40;Représentant
CMD-102363;08/01/2025;15/01/2025;14-févr-25;CLI-0132;EMP-507;ENT-QC;BD-1158;1;291,65;16,60;184,61;Portail web
CMD-104291;25/09/2025;03/10/2025;2025-11-10;CLI-0186;EMP-507;ENT-SAG;BD-1055;6;300,43;8,50;213,75;Téléphone
CMD-103046;30/04/2025;2025-05-08;16/06/2025;CLI-0011;EMP-507;ENT-QC;BD-1087;6;373,43;3,20;215,66;Représentant
CMD-105013;12-déc-25;20/12/2025;;CLI-0036;EMP-505;ENT-QC;BD-1008;8;209,84;10,30;155,34;Représentant
CMD-103974;27/08/2025;01/09/2025;06-oct-25;CLI-0089;EMP-502;ENT-MTL;BD-1060;48;319,93;19,20;291,44;Téléphone
CMD-105123;31/12/2025;06/01/2026;;CLI-0076;EMP-507;ENT-QC;BD-1023;9;280,15;25,80;244,32;Courriel
CMD-104979;04/12/2025;10/12/2025;;CLI-0076;EMP-507;ENT-MTL;BD-1069;36;302,13;24,20;239,15;Représentant
CMD-102963;21/04/2025;25-avr-25;24/05/2025;CLI-0023;EMP-505;ENT-MTL;BD-1039;3;185,37;6,40;122,17;Portail web
CMD-103268;27/05/2025;04/06/2025;02/07/2025;CLI-0045;EMP-502;ENT-MTL;BD-1126;2;181,51;10,30;133,03;Portail web
CMD-103191;19-mai-25;22/05/2025;22/07/2025;CLI-0001;EMP-508;ENT-MTL;BD-1110;-1;270,15;4,80;182,67;Portail web
CMD-103928;22-août-25;24/08/2025;23/09/2025;CLI-0200;EMP-509;ENT-SAG;BD-1149;24;158,98;13,20;111,14;Portail web
CMD-103155;14-mai-25;21/05/2025;14/06/2025;CLI-0040;EMP-509;ENT-QC;BD-1056;3;422,79;14,00;293,14;Portail web
CMD-103973;27/08/2025;04/09/2025;05-oct-25;CLI-0132;EMP-507;ENT-QC;BD-1014;2;39,11;12,50;27,18;Portail web
CMD-103850;2025-08-14;19/08/2025;17/10/2025;CLI-0151;EMP-504;ENT-SAG;BD-1001;1;316,70;5,50;219,63;Portail web
CMD-103982;28/08/2025;30/08/2025;14-oct-25;CLI-0195;EMP-506;ENT-QC;BD-1013;8;440,11;14,70;315,34;Portail web
CMD-104788;11/11/2025;18/11/2025;2025-12-15;CLI-0187;EMP-507;ENT-MTL;BD-1141;4;437,18;12,40;314,24;Représentant
CMD-103697;24/07/2025;2025-07-31;28/09/2025;CLI-0123;EMP-501;ENT-SAG;BD-1001;2;285,84;14,70;219,63;Portail web
CMD-103422;14/06/2025;18/06/2025;2025-07-23;CLI-0094;EMP-502;ENT-MTL;BD-1027;8;435,32;5,00;254,96;Représentant
CMD-102773;27/03/2025;04-avr-25;12/05/2025;CLI-0162;EMP-508;ENT-SAG;BD-1165;24;156,96;14,70;107,92;Portail web
CMD-104031;2025-09-03;11/09/2025;25/10/2025;CLI-0076;EMP-507;ENT-MTL;BD-1126;17;157,07;22,40;133,03;Représentant
CMD-104186;17/09/2025;24/09/2025;28/11/2025;CLI-0111;EMP-507;ENT-MTL;BD-1042;12;425,32;3,60;267,02;Représentant
CMD-104274;24/09/2025;2025-09-29;09/11/2025;CLI-0036;EMP-505;ENT-SAG;BD-1038;24;479,58;13,10;319,94;Représentant
CMD-103133;12/05/2025;15/05/2025;24-juin-25;CLI-0076;EMP-507;ENT-QC;BD-1059;9;423,41;19,70;391,48;Portail web
CMD-103166;2025-05-15;22/05/2025;27/06/2025;CLI-0182;EMP-503;ENT-MTL;BD-1115;2;66,13;11,40;47,23;Portail web
CMD-103523;27/06/2025;2025-07-06;10/08/2025;CLI-0009;EMP-502;ENT-QC;BD-1127;14;232,51;22,80;174,31;Portail web
CMD-104393;04/10/2025;2025-10-10;16/11/2025;CLI-0153;EMP-507;ENT-MTL;BD-1093;2;190,46;14,90;159,25;Portail web
CMD-104420;07/10/2025;11/10/2025;25-oct-25;CLI-0076;EMP-507;ENT-QC;BD-1096;32;242,46;18,10;205,70;Représentant
CMD-105100;26/12/2025;2026-01-03;;CLI-0153;EMP-507;ENT-MTL;BD-1026;2;366,51;16,40;246,82;Téléphone
CMD-103819;11-août-25;16/08/2025;02/10/2025;CLI-0193;EMP-509;ENT-QC;BD-1030;24;159,12;13,10;119,13;Téléphone
CMD-102972;22/04/2025;2025-05-01;29/06/2025;CLI-0209;EMP-508;ENT-MTL;BD-1056;18;374,55;23,80;293,14;Portail web
CMD-102387;14-janv-25;23/01/2025;19/02/2025;CLI-0086;EMP-502;ENT-QC;BD-1155;1;523,87;3,30;329,15;Portail web
CMD-104851;19/11/2025;22/11/2025;;CLI-0217;EMP-506;ENT-QC;BD-1148;4;355,71;22,70;302,28;Représentant
CMD-104190;2025-09-17;26/09/2025;22/10/2025;CLI-0091;EMP-504;ENT-QC;BD-1079;8;257,60;2,30;147,87;Représentant
CMD-102474;03/02/2025;2025-02-05;13/03/2025;CLI-0155;EMP-506;ENT-QC;BD-1119;1;81,32;11,40;59,67;Portail web
CMD-103461;19/06/2025;24/06/2025;2025-07-26;CLI-0211;EMP-504;ENT-SAG;BD-1106;4;457,14;13,80;340,08;Représentant
CMD-102798;31/03/2025;08/04/2025;17/05/2025;CLI-0006;EMP-505;ENT-SAG;BD-1104;6;96,18;13,10;76,70;Téléphone
CMD-102576;2025-02-25;27/02/2025;14/03/2025;CLI-0182;EMP-503;ENT-QC;BD-1044;2;277,70;14,00;199,55;Courriel
CMD-104904;2025-11-25;03/12/2025;;CLI-0133;EMP-508;ENT-MTL;BD-1142;8;136,24;16,50;100,93;Représentant
CMD-103894;2025-08-19;21/08/2025;26/10/2025;CLI-0209;EMP-508;ENT-MTL;BD-1055;2;252,39;23,20;213,75;Représentant
CMD-103961;26/08/2025;2025-09-02;29/09/2025;CLI-0089;EMP-502;ENT-QC;BD-1178;5;168,07;18,10;119,43;Portail web
CMD-102978;23/04/2025;26/04/2025;11-juin-25;CLI-0031;EMP-509;ENT-QC;BD-1175;3;141,50;16,60;96,85;Représentant
CMD-104916;2025-11-26;02/12/2025;;CLI-0139;EMP-506;ENT-MTL;BD-1092;8;242,36;14,10;168,72;Représentant
CMD-104833;17-nov-25;23/11/2025;;CLI-0089;EMP-502;ENT-MTL;BD-1149;19;145,46;20,60;111,14;Portail web
CMD-103662;17/07/2025;24-juil-25;;CLI-0157;EMP-502;ENT-MTL;BD-1018;3;417,34;10,20;247,17;Portail web
CMD-103541;2025-06-30;06/07/2025;02/09/2025;CLI-0029;EMP-506;ENT-QC;BD-1040;8;342,51;22,30;274,41; 
CMD-104252;22/09/2025;2025-09-28;18/11/2025;CLI-0123;EMP-501;ENT-QC;BD-1168;12;356,23;10,90;229,43;Portail web
CMD-103499;25/06/2025;03/07/2025;2025-08-21;CLI-0155;EMP-506;ENT-QC;BD-1103;4;197,32;13,40;154,84;Représentant
CMD-103368;2025-06-09;12/06/2025;09/07/2025;CLI-0056;EMP-502;ENT-MTL;BD-1037;17;23,12;22,70;16,65;Téléphone
CMD-103475;21/06/2025;26/06/2025;2025-09-07;CLI-0200;EMP-509;ENT-MTL;BD-1040;2;384,20;12,80;274,41;Représentant
CMD-104073;2025-09-08;17/09/2025;;CLI-0147;EMP-506;ENT-MTL;BD-1062;3;167,16;7,00;135,59;Représentant
CMD-104203;18/09/2025;22/09/2025;26-nov-25;CLI-0097;EMP-504;ENT-QC;BD-1121;8;73,29;5,90;44,65;Portail web
CMD-103023;29/04/2025;08/05/2025;01-juin-25;cli-0154;EMP-507;ENT-QC;BD-1037;2;25,78;13,90;16,65;Téléphone
CMD-103836;13/08/2025;17/08/2025;;CLI-0144;EMP-502;ENT-MTL;BD-1085;4;59,90;10,90;49,28;Représentant
CMD-103594;07/07/2025;16/07/2025;2025-09-10;CLI-0115;EMP-509;ENT-MTL;BD-1008;2;196,89;15,80;155,34;Représentant
CMD-103978;28/08/2025;2025-09-04;18/10/2025;CLI-0023;EMP-505;ENT-QC;BD-1064;12;114,52;8,60;70,89;Portail web
CMD-102576;25/02/2025;27-févr-25;14/03/2025;CLI-0182;EMP-503;ENT-QC;BD-1176;8;542,01;14,00;328,78;Téléphone
CMD-103365;2025-06-09;18/06/2025;03/07/2025;CLI-0127;EMP-503;ENT-QC;BD-1037;8;26,88;10,20;16,65;Téléphone
CMD-103052;01/05/2025;2025-05-08;07/07/2025;CLI-0129;EMP-508;ENT-SAG;BD-1074;2;179,99;7,30;130,44;Courriel
CMD-103835;13/08/2025;21-août-25;11/10/2025;CLI-0009;EMP-502;ENT-SAG;BD-1022;11;352,65;22,40;298,47;Représentant
CMD-104205;18/09/2025;26/09/2025;;CLI-0080;EMP-506;ENT-SAG;BD-1063;2;318,63;13,50;247,24;Représentant
CMD-104845;18/11/2025;2025-11-25;;CLI-0056;EMP-502;ENT-MTL;BD-1150;9;503,24;19,60;347,06;Portail web
CMD-102667;2025-03-12;14/03/2025;17/04/2025;CLI-0169;EMP-507;ENT-MTL;BD-1181;24;543,75;13,00;312,40;Portail web
CMD-103977;28-août-25;05/09/2025;20/10/2025;CLI-0132;EMP-507;ENT-QC;BD-1005;8;284,42;13,00;208,35;Représentant
CMD-103898;19/08/2025;24/08/2025;2025-10-10;CLI-0024;EMP-504;ENT-QC;BD-1037;6;28,09;6,10;16,65;Téléphone
CMD-104743;04/11/2025;06/11/2025;2025-12-21;CLI-0029;EMP-506;ENT-QC;BD-1168;18;322,66;19,30;229,43;Représentant
CMD-102394;15/01/2025;23/01/2025;24/02/2025;CLI-0179;EMP-509;ENT-QC;BD-1156;6;288,18;4,60;164,64;Portail web
CMD-103063;02/05/2025;11/05/2025;09/06/2025;CLI-0015;EMP-509;ENT-QC;BD-1040;3;418,66;5,00;274,41;Portail web
CMD-104851;19/11/2025;2025-11-22;;CLI-0217;EMP-506;ENT-QC;BD-1098;2;341,01;22,70;309,76;Portail web
CMD-103563;02/07/2025;04/07/2025;23-août-25;CLI-0137;EMP-503;ENT-QC;BD-1037;24;22,35;25,30;16,65;Représentant
CMD-103772;06/08/2025;2025-08-12;22/09/2025;CLI-0031;EMP-509;ENT-MTL;BD-1050;2;432,84;14,10;297,82;Courriel
CMD-102868;08/04/2025;2025-04-12;07/06/2025;CLI-0191;EMP-504;ENT-SAG;BD-1061;4;104,06;11,90;76,81;Courriel
CMD-104165;15-sept-25;17/09/2025;09/11/2025;CLI-0026;EMP-506;ENT-QC;BD-1083;3;271,49;11,60;189,32;Représentant
CMD-103500;25/06/2025;03/07/2025;2025-08-09;CLI-0059;EMP-504;ENT-QC;BD-1045;8;101,99;22,20;78,37;Représentant
CMD-104496;2025-10-13;16/10/2025;23/11/2025;CLI-0037;EMP-504;ENT-SAG;BD-1165;18;150,03;18,50;107,92;Représentant
CMD-103865;15/08/2025;2025-08-23;23/09/2025;CLI-0137;EMP-503;ENT-MTL;BD-1062;15;133,58;25,70;135,59;Représentant
CMD-104683;29/10/2025;01/11/2025;2025-12-26;CLI-0212;EMP-507;ENT-SAG;BD-1101;24;81,37;25,00;75,83;Téléphone
CMD-103397;12/06/2025;2025-06-16;25/07/2025;CLI-0204;EMP-506;ENT-QC;BD-1124;3;235,04;7,80;153,77;Courriel
CMD-102750;24/03/2025;26/03/2025;2025-05-02;CLI-0074;EMP-507;ENT-QC;BD-1032;10;430,46;21,40;347,11;Représentant
CMD-103388;2025-06-11;16/06/2025;08/08/2025;CLI-0209;EMP-508;ENT-QC;BD-1112;20;90,91;20,90;67,02;Courriel
CMD-102495;07/02/2025;2025-02-14;10/04/2025;CLI-0075;EMP-506;ENT-SAG;BD-1063;12;355,46;3,50;247,24;Représentant
CMD-104377;02/10/2025;2025-10-05;03/11/2025;CLI-0066;EMP-507;ENT-MTL;BD-1132;3;171,88;13,50;128,45;Représentant
CMD-103529;27/06/2025;02/07/2025;2025-08-28;CLI-0212;EMP-507;ENT-SAG;BD-1094;2;162,35;20,40;124,30;Salon
CMD-102767;27/03/2025;01-avr-25;16/05/2025;CLI-0185;EMP-508;ENT-QC;BD-1170;6;27,67;21,30;16,95;Représentant
CMD-102927;17/04/2025;26/04/2025;2025-05-25;CLI-0050;EMP-502;ENT-QC;BD-1154;2;471,21;11,80;329,92;Courriel
CMD-104341;30/09/2025;2025-10-09;22/11/2025;CLI-0144;EMP-502;ENT-MTL;BD-1171;12;138,43;12,60;85,46;Portail web
CMD-104013;02/09/2025;10/09/2025;09/11/2025;CLI-0089;EMP-502;ENT-MTL;BD-1083;22;230,03;25,10;189,32;Portail web
CMD-103810;11/08/2025;18/08/2025;07-oct-25;CLI-0207;EMP-501;ENT-QC;BD-1005;4;304,84;6,80;208,35;Téléphone
CMD-103406;2025-06-12;16/06/2025;31/07/2025;CLI-0099;EMP-505;ENT-MTL;BD-1060;12;305,73;22,80;291,44;Représentant
CMD-105112;29/12/2025;07/01/2026;;CLI-0074;EMP-507;ENT-QC;BD-1082;8;385,09;19,00;335,40;Salon
CMD-103885;18/08/2025;22/08/2025;2025-09-28;CLI-0041;EMP-508;ENT-MTL;BD-1054;12;398,55;14,50;262,94;Courriel
CMD-103922;2025-08-21;29/08/2025;22/10/2025;CLI-0096;EMP-504;ENT-SAG;BD-1033;3;173,25;7,50;113,22;Représentant
CMD-103571;03-juil-25;11/07/2025;02/09/2025;CLI-0009;EMP-502;ENT-QC;BD-1035;12;39,52;18,30;30,63;Représentant
CMD-102347;06/01/2025;12/01/2025;05-févr-25;CLI-0106;EMP-501;ENT-QC;BD-1177;4;340,02;16,60;215,66;Portail web
CMD-102948;18/04/2025;2025-04-27;07/06/2025;CLI-0034;EMP-507;ENT-MTL;BD-1074;2;171,26;11,80;110,54;Téléphone
CMD-103981;28/08/2025;03/09/2025;20/10/2025;CLI-0012;EMP-501;ENT-SAG;BD-1165;24;149,63;18,70;107,92;Téléphone
CMD-104602;22-oct-25;26/10/2025;09/12/2025;CLI-0031;EMP-509;ENT-QC;BD-1142;12;140,84;13,60;100,93;Représentant
CMD-102917;2025-04-15;17/04/2025;18/05/2025;CLI-0167;EMP-506;ENT-MTL;BD-1016;4;392,45;5,00;224,02;Portail web
CMD-103475;21/06/2025;26/06/2025;2025-09-07;CLI-0200;EMP-509;ENT-MTL;BD-1063;2;321,08;12,80;247,24;Téléphone
CMD-103992;30/08/2025;2025-09-03;12/10/2025;CLI-0130;EMP-508;ENT-QC;BD-1024;15;249,59;25,30;189,35;Représentant
CMD-103323;2025-06-02;06/06/2025;16/07/2025;CLI-0024;EMP-504;ENT-QC;BD-1144;8;170,43;4,50;98,33;Téléphone
CMD-103623;00/00/0000;18/07/2025;2025-08-12;CLI-0141;EMP-502;ENT-SAG;BD-1177;1;352,64;13,50;215,66;Téléphone
CMD-102869;08-avr-25;13/04/2025;01/06/2025;CLI-0209;EMP-508;ENT-MTL;BD-1138;6;120,09;18,50;88,19;Portail web
CMD-104899;25/11/2025;28/11/2025;;CLI-0074;EMP-507;ENT-QC;BD-1145;6;143,53;22,10;111,12;Représentant
CMD-104493;2025-10-13;21/10/2025;11/12/2025;CLI-0124;EMP-509;ENT-MTL;BD-1044;6;313,73;2,90;199,55;Téléphone
CMD-104367;02/10/2025;2025-10-11;13/11/2025;CLI-0054;EMP-507;ENT-QC;BD-1182;8;94,67;13,00;58,06;Représentant
CMD-104613;23/10/2025;31-oct-25;27/12/2025;CLI-0130;EMP-508;ENT-QC;BD-1088;6;508,64;19,20;404,63;Représentant
CMD-103104;08-mai-25;14/05/2025;;CLI-0037;EMP-504;ENT-MTL;BD-1045;4;104,13;20,60;78,37;Représentant
CMD-104135;12/09/2025;2025-09-15;24/10/2025;CLI-0191;EMP-504;ENT-MTL;BD-1084;3;496,18;14,50;375,89;N/A
CMD-102560;20/02/2025;2025-02-27;11/04/2025;CLI-0217;EMP-506;ENT-QC;BD-1036;11;203,76;20,60;162,40;Représentant
CMD-104688;2025-10-30;03/11/2025;20/12/2025;CLI-0012;EMP-501;ENT-MTL;BD-1031;21;398,22;23,30;300,62;Téléphone
CMD-103039;2025-04-30;08/05/2025;09/06/2025;CLI-0077;EMP-501;ENT-MTL;BD-1177;6;373,18;8,50;215,66;Représentant
CMD-102565;21/02/2025;28/02/2025;2025-04-10;CLI-0207;EMP-501;ENT-QC;BD-1161;6;129,17;4,40;64,16;Représentant
CMD-103809;11/08/2025;16/08/2025;2025-09-26;CLI-0143;EMP-503;ENT-QC;BD-1027;3;386,81;15,60;254,96;Représentant
CMD-104561;17/10/2025;2025-10-25;29/11/2025;CLI-0192;EMP-505;ENT-MTL;BD-1162;12;130,39;4,90;68,38;Portail web
CMD-104957;01/12/2025;2025-12-03;;CLI-0173;EMP-508;ENT-QC;BD-1068;12;478,66;15,10;342,49;Représentant
CMD-103925;2025-08-21;26/08/2025;23/09/2025;CLI-0125;EMP-509;ENT-QC;BD-1056;6;478,03;2,80;293,14;Téléphone
CMD-104077;08/09/2025;2025-09-13;22/10/2025;CLI-0044;EMP-505;ENT-SAG;BD-1115;2;65,25;12,60;47,23;Représentant
CMD-103155;2025-05-14;21/05/2025;14/06/2025;CLI-0040;EMP-509;ENT-QC;BD-1049;3;46,97;14,00;31,22;Représentant
CMD-103344;04/06/2025;07/06/2025;14-août-25;CLI-0056;EMP-502;ENT-MTL;BD-1122;19;258,68;24,20;212,67;Portail web
CMD-104479;2025-10-11;15/10/2025;17/11/2025;CLI-0182;EMP-503;ENT-QC;BD-1138;24;127,98;13,10;88,19;Téléphone
CMD-104610;23/10/2025;27/10/2025;25/11/2025;CLI-0066;EMP-507;ENT-MTL;BD-1150;6;557,74;10,90;347,06;Représentant
CMD-103942;25/08/2025;28/08/2025;30-sept-25;CLI-0012;EMP-501;ENT-QC;BD-1175;5;130,13;23,30;96,85;Portail web
CMD-102735;21/03/2025;30/03/2025;2025-05-07;CLI-0140;EMP-502;ENT-MTL;BD-1114;3;241,18;4,50;152,73;Téléphone
CMD-104946;29-nov-25;04/12/2025;19/12/2025;CLI-0206;EMP-503;ENT-QC;BD-1130;8;488,16;13,50;323,89;Représentant
CMD-103094;2025-05-07;15/05/2025;02/07/2025;CLI-0082;EMP-504;ENT-QC;BD-1045;2;126,28;3,70;78,37;Portail web
CMD-103734;01/08/2025;09/08/2025;2025-09-21;CLI-0099 ;EMP-505;ENT-MTL;BD-1170;15;28,09;20,10;16,95;Téléphone
CMD-103876;18/08/2025;22/08/2025;2025-09-19;CLI-0154;EMP-507;ENT-QC;BD-1094;6;177,90;12,70;124,30;Courriel
CMD-104986;2025-12-05;14/12/2025;;CLI-0034;EMP-507;ENT-QC;BD-1083;1;258,41;15,90;189,32;Représentant
CMD-104398;06/10/2025;2025-10-10;14/12/2025;CLI-0029;EMP-506;ENT-MTL;BD-1102;10;394,02;18,70;260,69;Portail web
CMD-104232;2025-09-20;26/09/2025;02/11/2025;CLI-0212;EMP-507;ENT-QC;BD-1162;14;110,97;19,00;68,38;Représentant
CMD-104852;2025-11-19;26/11/2025;;CLI-0195;EMP-506;ENT-MTL;BD-1134;6;94,09;14,40;61,77;Courriel
CMD-103343;04/06/2025;06/06/2025;2025-07-27;CLI-0027;EMP-502;ENT-MTL;BD-1062;12;164,20;8,60;135,59;Téléphone
CMD-103559;01-juil-25;07/07/2025;19/08/2025;CLI-0204;EMP-506;ENT-QC;BD-1002;2;446,38;4,70;298,72;Portail web
CMD-104032;03/09/2025;06/09/2025;15-oct-25;CLI-0145;EMP-504;ENT-MTL;BD-1016;6;399,99;3,20;224,02;Représentant
CMD-104731;04/11/2025;2025-11-10;20/12/2025;CLI-0137;EMP-503;ENT-MTL;BD-1081;11;446,94;24,60;364,83;Portail web
CMD-102548;18/02/2025;24/02/2025;2025-04-08;CLI-0185;EMP-508;ENT-QC;BD-1178;18;166,68;18,80;119,43;Représentant
CMD-103220;2025-05-22;29/05/2025;30/07/2025;CLI-0012;EMP-501;ENT-MTL;BD-1003;5;241,01;19,20;227,23;Représentant
CMD-102436;24/01/2025;02-févr-25;21/03/2025;CLI-0001;EMP-508;ENT-QC;BD-1180;6;174,46;7,90;95,30;Portail web
CMD-102473;2025-02-01;09/02/2025;;CLI-0071;EMP-503;ENT-QC;BD-1040;3;402,89;8,60;274,41;Représentant
CMD-104255;23/09/2025;2025-09-30;25/11/2025;CLI-0175;EMP-505;ENT-QC;BD-1090;8;90,78;5,30;69,37;Représentant
CMD-103475;21/06/2025;26/06/2025;07/09/2025;CLI-0200;EMP-509;ENT-MTL;BD-1036;2;223,83;12,80;191,63;Représentant
CMD-103654;2025-07-16;19/07/2025;29/08/2025;CLI-0193;EMP-509;ENT-MTL;BD-1159;8;240,53;16,80;169,65;Portail web
CMD-103306;30/05/2025;08/06/2025;2025-08-02;CLI-0110;EMP-507;ENT-QC;BD-1105;12;236,88;8,60;169,61;Courriel
CMD-103077;2025-05-05;11/05/2025;14/06/2025;CLI-0212;EMP-507;ENT-MTL;BD-1103;13;176,88;22,30;154,84;Courriel
CMD-103149;14/05/2025;16/05/2025;05/07/2025;CLI-0123;EMP-501;ENT-MTL;BD-1121;8;65,79;15,50;44,65;Représentant
CMD-102767;27/03/2025;01/04/2025;2025-05-16;CLI-0185;EMP-508;ENT-QC;BD-1130;10;444,19;21,30;323,89;Téléphone
CMD-102429;23/01/2025;29/01/2025;30/03/2025;CLI-0009;EMP-502;ENT-SAG;BD-1102;9;381,55;21,30;260,69;Représentant
CMD-104282;2025-09-25;04/10/2025;07/12/2025;CLI-0099;EMP-505;ENT-QC;BD-1169;9;472,79;18,00;282,28;Courriel
CMD-103021;2025-04-29;01/05/2025;31/05/2025;CLI-0087;EMP-502;ENT-QC;BD-1037;1;26,45;11,60;16,65;Représentant
CMD-103452;18/06/2025;27-juin-25;29/07/2025;CLI-0139;EMP-506;ENT-MTL;BD-1024;8;291,94;12,60;189,35;Portail web
CMD-103471;20-juin-25;29/06/2025;31/08/2025;CLI-0090;EMP-505;ENT-QC;BD-1163;6;531,47;13,30;300,77;Représentant
CMD-105049;18/12/2025;26/12/2025;;CLI-0099;EMP-505;ENT-MTL;BD-1077;28;277,72;18,80;171,09;Représentant
CMD-103096;07/05/2025;16/05/2025;05-juil-25;CLI-0131;EMP-502;ENT-MTL;BD-1119;4;77,67;15,40;59,67;Représentant
CMD-104506;14/10/2025;2025-10-22;06/12/2025;CLI-0014;EMP-502;ENT-MTL;BD-1159;4;266,34;7,80;169,65;Représentant
CMD-103834;13/08/2025;2025-08-21;28/09/2025;CLI-0009;EMP-502;ENT-MTL;BD-1043;5;430,60;18,40;300,28;Représentant
CMD-102984;24/04/2025;26-avr-25;19/06/2025;CLI-0173;EMP-508;ENT-QC;BD-1053;2;279,08;14,70;180,55;Courriel
CMD-104308;2025-09-26;28/09/2025;28/11/2025;CLI-0187;EMP-507;ENT-QC;BD-1044;1;275,00;14,90;199,55;Représentant
CMD-103711;28/07/2025;04/08/2025;28-sept-25;CLI-0090;EMP-505;ENT-MTL;BD-1118;3;434,04;12,70;343,17;Téléphone
CMD-102974;23/04/2025;2025-05-02;02/06/2025;CLI-0204;EMP-506;ENT-MTL;BD-1140;3;61,43;3,30;41,26;Portail web
CMD-104634;2025-10-25;27/10/2025;25/11/2025;CLI-0029;EMP-506;ENT-QC;BD-1148;18;361,45;21,40;302,28;Salon
CMD-103879;18/08/2025;23/08/2025;2025-11-01;CLI-0058;EMP-508;ENT-QC;BD-1062;4;175,94;2,10;135,59;Représentant
CMD-104678;29-oct-25;04/11/2025;14/12/2025;CLI-0074;EMP-507;ENT-MTL;BD-1094;6;162,42;20,30;124,30;Représentant
CMD-104617;23/10/2025;28-oct-25;26/12/2025;CLI-0193;EMP-509;ENT-QC;BD-1100;1;476,16;11,30;369,19;Représentant
CMD-103383;11/06/2025;16/06/2025;2025-08-22;CLI-0144;EMP-502;ENT-MTL;BD-1027;24;391,89;14,50;254,96;Portail web
CMD-102971;22/04/2025;01/05/2025;2025-06-07;CLI-0155;EMP-506;ENT-MTL;BD-1036;4;221,76;13,60;162,40;Représentant
CMD-102822;02/04/2025;05/04/2025;2025-05-28;CLI-0037;EMP-504;ENT-MTL;BD-1024;8;268,40;19,70;189,35;Représentant
CMD-104453;09-oct-25;16/10/2025;25/11/2025;CLI-0114;EMP-502;ENT-MTL;BD-1128;3;134,29;7,30;78,87;Représentant
CMD-104460;10/10/2025;15/10/2025;2025-11-06;CLI-0056;EMP-502;ENT-QC;BD-1154;33;428,56;19,80;329,92;Représentant
CMD-104899;25/11/2025;28/11/2025;;CLI-0074;EMP-507;ENT-QC;BD-1164;2;151,98;22,10;100,45;Téléphone
CMD-104685;30-oct-25;02/11/2025;;CLI-0098;EMP-509;ENT-QC;BD-1152;12;446,50;7,20;271,40;Représentant
CMD-102637;2025-03-07;13/03/2025;02/05/2025;CLI-0182;EMP-503;ENT-QC;BD-1181;8;525,92;15,80;312,40;Représentant
CMD-103689;22-juil-25;28/07/2025;25/08/2025;CLI-0053;EMP-509;ENT-MTL;BD-1106;4;451,18;15,00;340,08;Téléphone
CMD-103360;2025-06-06;10/06/2025;31/07/2025;CLI-0048;EMP-508;ENT-QC;BD-1104;3;96,24;13,00;76,70;Représentant
CMD-103832;13/08/2025;2025-08-19;28/09/2025;CLI-0129;EMP-508;ENT-MTL;BD-1139;3;330,51;7,90;203,11;Téléphone
CMD-102623;05/03/2025;2025-03-07;13/05/2025;CLI-0056;EMP-502;ENT-MTL;BD-1174;9;237,57;19,50;169,01;Représentant
CMD-102489;05/02/2025;2025-02-07;24/03/2025;CLI-0186;EMP-507;ENT-QC;BD-1161;2;131,41;2,70;64,16;Portail web
CMD-102827;03/04/2025;08/04/2025;07-mai-25;CLI-0194;EMP-506;ENT-SAG;BD-1063;6;345,32;6,20;247,24;Téléphone
CMD-104376;02/10/2025;04/10/2025;;CLI-0126;EMP-502;ENT-SAG;BD-1171;2;134,40;15,10;85,46;Représentant
CMD-104164;15/09/2025;19/09/2025;2025-11-06;CLI-0135;EMP-506;ENT-QC;BD-1170;2;30,12;14,30;16,95;Portail web
CMD-104003;01/09/2025;06/09/2025;07/10/2025;CLI-0004;EMP-505;ENT-MTL;BD-1060;12;376,14;5,00;291,44;Représentant
CMD-102844;04/04/2025;2025-04-08;10/05/2025;CLI-0056;EMP-502;ENT-QC;BD-1023;14;295,77;21,60;244,32;Représentant
CMD-102501;10/02/2025;12/02/2025;05/04/2025;CLI-0017;EMP-507;ENT-QC;BD-1178;24;183,80;10,50;119,43;Courriel
CMD-104344;30/09/2025;03-oct-25;25/11/2025;CLI-0200;EMP-509;ENT-MTL;BD-1069;8;358,46;10,10;239,15;Portail web
CMD-104418;2025-10-07;10/10/2025;15/11/2025;CLI-0124;EMP-509;ENT-MTL;BD-1098;24;408,11;7,40;309,76;Téléphone
CMD-102660;11-mars-25;18/03/2025;20/05/2025;CLI-0166;EMP-503;ENT-QC;BD-1170;12;30,17;14,20;16,95;Représentant
CMD-104329;29/09/2025;2025-10-07;02/12/2025;CLI-0057;EMP-507;ENT-MTL;BD-1063;6;313,03;15,00;247,24;Portail web
CMD-103608;09/07/2025;16-juil-25;18/08/2025;CLI-0059;EMP-504;ENT-MTL;BD-1124;3;207,45;18,60;153,77;Portail web
CMD-103333;03/06/2025;11/06/2025;2025-08-24;CLI-0107;EMP-506;ENT-SAG;BD-1041;2;240,22;5,20;163,24;Représentant
CMD-103120;09/05/2025;13/05/2025;2025-06-20;CLI-0203;EMP-503;ENT-QC;BD-1020;4;52,73;8,20;33,12;Courriel
CMD-103684;2025-07-22;24/07/2025;02/10/2025;CLI-0089;EMP-502;ENT-MTL;BD-1030;22;138,55;24,30;119,13;Représentant
CMD-104230;19/09/2025;26/09/2025;;CLI-0066;EMP-507;ENT-MTL;BD-1035;12;41,44;14,30;30,63;Courriel
CMD-104917;2025-11-26;03/12/2025;29/12/2025;CLI-0034;EMP-507;ENT-QC;BD-1066;4;297,08;13,80;240,06;Portail web
CMD-102838;04/04/2025;2025-04-06;07/05/2025;CLI-0084;EMP-503;ENT-SAG;BD-1062;2;153,27;14,70;114,90;Téléphone
CMD-104128;11/09/2025;20-sept-25;21/10/2025;CLI-0032;EMP-504;ENT-QC;BD-1066;6;333,76;3,10;240,06;Portail web
CMD-103341;04/06/2025;2025-06-07;03/07/2025;CLI-0099;EMP-505;ENT-QC;BD-1008;6;179,60;23,20;155,34;Représentant
CMD-102390;2025-01-15;20/01/2025;05/03/2025;CLI-0047;EMP-508;ENT-QC;BD-1132;1;175,42;11,70;128,45;Courriel
CMD-102701;2025-03-15;21/03/2025;22/04/2025;CLI-0184;EMP-503;ENT-QC;BD-1173;3;365,89;8,20;212,35;Téléphone
CMD-104057;05/09/2025;09/09/2025;2025-10-29;CLI-0023;EMP-505;ENT-QC;BD-1052;3;297,00;3,30;183,03;Portail web
CMD-102798;31-mars-25;08/04/2025;17/05/2025;CLI-0006;EMP-505;ENT-SAG;BD-1088;8;547,36;13,10;342,90;Téléphone
CMD-104365;2025-10-01;07/10/2025;05/12/2025;CLI-0132;EMP-507;ENT-MTL;BD-1091;12;505,98;10,90;336,22;Représentant
CMD-102920;16/04/2025;23/04/2025;2025-06-18;CLI-0050;EMP-502;ENT-MTL;BD-1177;2;357,68;12,30;215,66;Représentant
CMD-102407;2025-01-17;20/01/2025;17/03/2025;CLI-0047;EMP-508;ENT-QC;BD-1112;2;103,10;10,20;67,02;Représentant
CMD-102528;14/02/2025;17-févr-25;10/03/2025;CLI-0037;EMP-504;ENT-QC;BD-1130;3;430,59;23,70;323,89;Téléphone
CMD-102662;11/03/2025;2025-03-15;13/05/2025;CLI-0036;EMP-505;ENT-QC;BD-1134;4;98,54;10,40;61,77;Représentant
CMD-103244;2025-05-23;25/05/2025;05/07/2025;CLI-0012;EMP-501;ENT-QC;BD-1024;2;260,89;21,90;189,35;Téléphone
CMD-103838;2025-08-13;16/08/2025;11/10/2025;CLI-0151;EMP-504;ENT-SAG;BD-1027;3;426,10;7,00;254,96;Représentant
CMD-104389;03/10/2025;2025-10-05;02/12/2025;CLI-0166;EMP-503;ENT-SAG;BD-1138;2;123,04;16,50;88,19;Représentant
CMD-104011;2025-09-02;11/09/2025;01/11/2025;CLI-0127;EMP-503;ENT-MTL;BD-1014;8;39,14;12,40;27,18;Courriel
CMD-103502;2025-06-25;27/06/2025;27/07/2025;CLI-0169;EMP-507;ENT-QC;BD-1117;3;127,68;13,80;100,34;Représentant
CMD-102434;24/01/2025;31/01/2025;2025-03-02;CLI-0053;EMP-509;ENT-QC;BD-1163;6;518,64;15,40;300,77;Portail web
CMD-103084;06/05/2025;2025-05-12;30/06/2025;CLI-0207;EMP-501;ENT-MTL;BD-1182;4;100,00;8,10;58,06;Représentant
CMD-102375;11/01/2025;2025-01-13;02/02/2025;CLI-0009;EMP-502;ENT-MTL;BD-9626;5;105,64;18,50;79,76;Représentant
CMD-103618;10/07/2025;16/07/2025;05/09/2025;CLI-0182;EMP-503;ENT-QC;BD-1060;4;345,86;12,60;291,44;Représentant
CMD-102752;24/03/2025;2025-04-02;08/05/2025;CLI-0012;EMP-501;ENT-QC;BD-1081;4;443,38;25,20;309,18;Portail web
CMD-104338;30/09/2025;2025-10-08;30/10/2025;CLI-0081;EMP-502;ENT-MTL;BD-1055;2;274,81;16,30;213,75;Courriel
CMD-104278;24/09/2025;2025-10-01;26/11/2025;CLI-0055;EMP-506;ENT-QC;BD-1158;3;342,24;2,10;184,61;Téléphone
CMD-103914;20/08/2025;22/08/2025;12/11/2025;CLI-0075;EMP-506;ENT-MTL;BD-1016;2;382,67;7,40;224,02;Portail web
CMD-102808;2025-04-01;04/04/2025;07/05/2025;CLI-0033;EMP-504;ENT-QC;BD-1047;2;91,35;14,30;71,53;Courriel
CMD-102562;20/02/2025;28/02/2025;2025-05-06;CLI-0195;EMP-506;ENT-QC;BD-1181;6;522,96;16,30;312,40;Représentant
CMD-102609;04/03/2025;07/03/2025;02-mai-25;CLI-0177;EMP-505;ENT-MTL;BD-1069;8;364,41;8,60;202,67;Représentant
CMD-102852;07/04/2025;2025-04-14;07/06/2025;CLI-0138;EMP-506;ENT-MTL;BD-1122;12;333,01;2,40;212,67;Portail web
CMD-103360;06/06/2025;10/06/2025;31-juil-25;CLI-0048;EMP-508;ENT-QC;BD-1083;6;267,16;13,00;189,32;Représentant
CMD-103171;16/05/2025;25-mai-25;08/07/2025;CLI-0105;EMP-502;ENT-QC;BD-1181;2;590,00;5,60;312,40;Représentant
CMD-105112;29-déc-25;07/01/2026;;CLI-0074;EMP-507;ENT-QC;BD-1051;5;105,07;19,00;79,76;Téléphone
CMD-103471;2025-06-20;29/06/2025;31/08/2025;CLI-0090;EMP-505;ENT-QC;BD-1175;24;147,11;13,30;96,85;Représentant
CMD-104059;2025-09-05;09/09/2025;26/10/2025;CLI-0194;EMP-506;ENT-MTL;BD-1046;6;446,88;6,40;372,17;Téléphone
CMD-103334;03/06/2025;2025-06-10;01/08/2025;CLI-0147;EMP-506;ENT-SAG;BD-1028;1;230,76;2,40;143,73;Courriel
CMD-103024;2025-04-29;02/05/2025;21/06/2025;cli-0144;EMP-502;ENT-SAG;BD-1036;24;217,90;15,10;162,40;Téléphone
CMD-102639;07/03/2025;2025-03-11;01/05/2025;CLI-0143;EMP-503;ENT-MTL;BD-1029;1;327,20;16,50;243,45;Représentant
CMD-102773;27/03/2025;2025-04-04;12/05/2025;CLI-0162;EMP-508;ENT-SAG;BD-1107;6;187,87;14,70;150,54;Représentant
CMD-103420;2025-06-13;19/06/2025;21/07/2025;CLI-0012;EMP-501;ENT-SAG;BD-1104;9;88,81;19,80;76,70;Portail web
CMD-102836;2025-04-04;11/04/2025;13/05/2025;CLI-0202;EMP-504;ENT-QC;BD-1104;1;107,08;3,20;76,70;Portail web
CMD-102467;2025-01-31;02/02/2025;17/04/2025;CLI-0060;EMP-508;ENT-MTL;BD-1020;4;53,87;6,30;33,12;Salon
CMD-105072;23/12/2025;2025-12-29;;CLI-0147;EMP-506;ENT-QC;BD-1070;4;70,39;7,60;48,05;N/A
CMD-104547;2025-10-16;23/10/2025;15/12/2025;CLI-0036;EMP-505;ENT-MTL;BD-1131;4;55,82;16,70;37,08;Portail web
CMD-104589;21-oct-25;24/10/2025;27/11/2025;CLI-0012;EMP-501;ENT-SAG;BD-1086;8;106,28;22,80;97,25;Représentant
CMD-103242;23/05/2025;31/05/2025;24/07/2025;CLI-0003;EMP-508;ENT-MTL;BD-1049;8;53,16;2,70;31,22;Téléphone
CMD-103529;27/06/2025;02/07/2025;2025-08-28;CLI-0212;EMP-507;ENT-SAG;BD-1117;3;117,99;20,40;100,34;Représentant
CMD-102444;2025-01-27;04/02/2025;30/03/2025;CLI-0200;EMP-509;ENT-QC;BD-1071;24;456,38;14,50;308,06;Portail web
CMD-103410;13/06/2025;18-juin-25;12/08/2025;CLI-0025;EMP-509;ENT-SAG;BD-1004;1;241,61;11,90;158,83;Portail web
CMD-103084;06/05/2025;12/05/2025;30/06/2025;CLI-0207;EMP-501;ENT-MTL;BD-1165;2;169,04;8,10;107,92;Représentant
CMD-102445;27-janv-25;03/02/2025;13/03/2025;CLI-0200;EMP-509;ENT-QC;BD-1028;2;209,11;11,60;143,73;Portail web
CMD-104179;16/09/2025;18/09/2025;14-oct-25;CLI-0074;EMP-507;ENT-QC;BD-1042;8;336,34;23,80;267,02;Courriel
CMD-102781;28/03/2025;01/04/2025;2025-05-27;CLI-0133;EMP-508;ENT-QC;BD-1178;4;171,06;16,70;119,43;Représentant
CMD-105017;13/12/2025;21/12/2025;;CLI-0012;EMP-501;ENT-QC;BD-1074;6;147,50;24,00;130,44;Téléphone
CMD-103551;01/07/2025;06/07/2025;2025-09-17;CLI-0012;EMP-501;ENT-QC;BD-1095;56;82,11;20,80;64,62;Téléphone
CMD-104617;23-oct-25;28/10/2025;26/12/2025;CLI-0193;EMP-509;ENT-QC;BD-1160;4;69,90;11,30;41,56;Portail web
CMD-102931;17/04/2025;2025-04-24;21/06/2025;CLI-0083;EMP-507;ENT-QC;BD-1049;6;50,87;6,90;31,22;Représentant
CMD-103112;09/05/2025;14-mai-25;23/06/2025;CLI-0063;EMP-503;ENT-QC;BD-1020;3;49,59;13,70;33,12;Portail web
CMD-103416;13/06/2025;2025-06-19;10/08/2025;CLI-0144;EMP-502;ENT-MTL;BD-1010;4;135,55;16,80;88,91;Représentant
CMD-103857;15-août-25;23/08/2025;24/09/2025;CLI-0071;EMP-503;ENT-QC;BD-1019;1;292,93;2,70;205,07;Représentant
CMD-104140;12-sept-25;19/09/2025;28/11/2025;CLI-0183;EMP-506;ENT-MTL;BD-1046;8;450,53;5,60;372,17;Téléphone
CMD-103794;08/08/2025;14-août-25;20/09/2025;CLI-0089;EMP-502;ENT-QC;BD-1069;5;302,07;24,20;239,15;Représentant
CMD-104094;09/09/2025;16/09/2025;04-nov-25;CLI-0009;EMP-502;ENT-QC;BD-1120;18;237,75;19,90;186,72;Portail web
CMD-103536;2025-06-30;05/07/2025;29/08/2025;CLI-0182;EMP-503;ENT-MTL;BD-1016;1;347,78;15,90;224,02;Représentant
CMD-102934;17/04/2025;25/04/2025;2025-06-25;CLI-0143;EMP-503;ENT-SAG;BD-1048;12;45,62;10,90;33,51;Téléphone
CMD-103703;25/07/2025;03/08/2025;2025-09-12;CLI-0130;EMP-508;ENT-MTL;BD-1034;32;186,42;21,50;182,99;Représentant
CMD-102903;14-avr-25;20/04/2025;07/05/2025;CLI-0087;EMP-502;ENT-SAG;BD-1048;1;43,82;14,40;33,51;Représentant
CMD-102927;17/04/2025;26-avr-25;25/05/2025;CLI-0050;EMP-502;ENT-QC;BD-1058;3;215,82;11,80;149,54;Portail web
CMD-104283;25/09/2025;03/10/2025;2025-11-06;CLI-0045;EMP-502;ENT-SAG;BD-1175;6;145,61;14,20;96,85;Représentant
CMD-102437;24/01/2025;2025-02-01;21/03/2025;CLI-0136;EMP-507;ENT-SAG;BD-1146;1;313,97;16,40;225,52;Téléphone
CMD-102361;08/01/2025;16/01/2025;2025-03-05;CLI-0029;EMP-506;ENT-MTL;BD-1156;20;236,35;21,80;164,64;Salon
CMD-105035;17-déc-25;21/12/2025;;CLI-0155;EMP-506;ENT-SAG;BD-1139;2;319,68;10,90;203,11;Représentant
CMD-103767;06/08/2025;12/08/2025;2025-09-23;CLI-0192;EMP-505;ENT-MTL;BD-1044;8;296,49;8,20;199,55;Portail web
CMD-102491;2025-02-06;13/02/2025;23/03/2025;CLI-0127;EMP-503;ENT-QC;BD-1025;12;201,37;13,90;149,35;Portail web
CMD-105054;19/12/2025;2025-12-23;;CLI-0182;EMP-503;ENT-QC;BD-1134;4;96,84;11,90;61,77;Représentant
CMD-103706;26/07/2025;02/08/2025;2025-09-09;CLI-0209;EMP-508;ENT-QC;BD-1015;4;430,38;19,00;325,38;Courriel
CMD-103424;2025-06-14;21/06/2025;30/07/2025;CLI-0037;EMP-504;ENT-QC;BD-1027;26;353,86;22,80;254,96;Représentant
CMD-104918;27-nov-25;05/12/2025;;CLI-0059;EMP-504;ENT-MTL;BD-1143;8;299,82;20,10;220,45;Téléphone
CMD-104005;01/09/2025;08-sept-25;22/10/2025;CLI-0006;EMP-505;ENT-QC;BD-1149;3;162,47;11,30;111,14;Portail web
CMD-103323;02/06/2025;2025-06-06;16/07/2025;CLI-0024;EMP-504;ENT-QC;BD-1023;6;360,37;4,50;244,32;Téléphone
CMD-103771;06/08/2025;11/08/2025;2025-09-21;CLI-0006;EMP-505;ENT-MTL;BD-1029;2;345,74;11,80;243,45;Représentant
CMD-102981;24/04/2025;26-avr-25;08/07/2025;CLI-0084;EMP-503;ENT-MTL;BD-1123;6;182,63;16,00;132,28;Téléphone
CMD-104603;22/10/2025;25-oct-25;06/12/2025;CLI-0005;EMP-503;ENT-SAG;BD-1084;2;546,02;6,00;375,89;Représentant
CMD-104624;24/10/2025;2025-11-01;25/12/2025;CLI-0076;EMP-507;ENT-QC;BD-1130;35;462,39;18,10;323,89;Représentant
CMD-102804;2025-04-01;04/04/2025;09/05/2025;CLI-0219;EMP-505;ENT-MTL;BD-1018;1;436,34;6,10;247,17;Représentant
CMD-104166;16/09/2025;2025-09-19;04/12/2025;CLI-0200;EMP-509;ENT-MTL;BD-1070;1;66,18;13,10;48,05;Portail web
CMD-103147;2025-05-13;18/05/2025;17/07/2025;CLI-0059;EMP-504;ENT-QC;BD-1022;6;365,29;19,60;298,47;Représentant
CMD-104031;03/09/2025;11-sept-25;25/10/2025;CLI-0076;EMP-507;ENT-MTL;BD-1096;18;229,79;22,40;205,70;Portail web
CMD-102681;2025-03-13;17/03/2025;31/05/2025;CLI-0049;EMP-508;ENT-SAG;BD-1178;4;173,17;15,70;119,43;Représentant
CMD-103648;16/07/2025;23/07/2025;02-sept-25;CLI-0121;EMP-508;ENT-QC;BD-1063;3;329,02;10,70;247,24;Représentant
CMD-103716;29/07/2025;2025-08-04;19/09/2025;CLI-0003;EMP-508;ENT-MTL;BD-1163;6;579,57;5,50;300,77;Représentant
CMD-104329;29/09/2025;07-oct-25;02/12/2025;CLI-0057;EMP-507;ENT-MTL;BD-1089;2;269,05;15,00;189,92;Courriel
CMD-102480;04/02/2025;2025-02-11;22/04/2025;CLI-0040;EMP-509;ENT-MTL;BD-1129;12;61,88;13,90;46,45;Portail web
CMD-102462;2025-01-30;01/02/2025;21/03/2025;CLI-0141;EMP-502;ENT-QC;BD-1177;4;344,03;15,60;215,66;Représentant
CMD-104624;24/10/2025;01/11/2025;25-déc-25;CLI-0076;EMP-507;ENT-QC;BD-1138;29;120,68;18,10;88,19;Portail web
CMD-103346;2025-06-04;10/06/2025;18/07/2025;CLI-0066;EMP-507;ENT-QC;BD-1062;1;156,75;12,80;135,59;Téléphone
CMD-104662;2025-10-28;30/10/2025;23/12/2025;CLI-0056;EMP-502;ENT-MTL;BD-1102;6;396,65;18,20;260,69;Portail web
CMD-103901;19/08/2025;26/08/2025;09/10/2025;CLI-0137;EMP-503;ENT-MTL;BD-1028;51;180,19;23,80;143,73;Téléphone
CMD-102449;28/01/2025;2025-02-05;09/04/2025;CLI-0057;EMP-507;ENT-SAG;BD-1109;4;412,22;10,40;310,20;Portail web
CMD-103131;10/05/2025;2025-05-13;17/06/2025;CLI-0191;EMP-504;ENT-QC;BD-1063;8;316,55;14,10;247,24;Téléphone
CMD-103051;01-mai-25;08/05/2025;08/06/2025;CLI-0130;EMP-508;ENT-MTL;BD-1104;25;86,42;21,90;76,70;Téléphone
CMD-103200;19/05/2025;27-mai-25;28/07/2025;CLI-0185;EMP-508;ENT-SAG;BD-1020;7;46,94;18,30;33,12;Représentant
CMD-102406;17/01/2025;2025-01-21;16/03/2025;CLI-0118;EMP-504;ENT-MTL;BD-1033;2;160,12;14,50;113,22;Représentant
CMD-104884;21/11/2025;28/11/2025;;CLI-0190;EMP-504;ENT-MTL;BD-1113;2;417,36;2,30;281,81;Portail web
CMD-102565;21/02/2025;2025-02-28;10/04/2025;CLI-0207;EMP-501;ENT-QC;BD-1139;1;343,10;4,40;203,11;Portail web
CMD-104141;12/09/2025;21/09/2025;18-nov-25;CLI-0143;EMP-503;ENT-QC;BD-1081;2;502,67;15,20;364,83;Représentant
CMD-104331;29/09/2025;01/10/2025;02-nov-25;CLI-0207;EMP-501;ENT-SAG;BD-1108;3;252,58;7,50;169,96;Représentant
CMD-104907;25/11/2025;28/11/2025;;CLI-0136;EMP-507;ENT-QC;BD-1111;4;190,29;14,10;148,90;Représentant
CMD-103901;19/08/2025;26/08/2025;09-oct-25;CLI-0137;EMP-503;ENT-MTL;BD-1033;9;142,81;23,80;113,22;Représentant
CMD-103478;2025-06-23;29/06/2025;30/07/2025;CLI-0145;EMP-504;ENT-MTL;BD-1043;6;500,70;5,10;300,28;Représentant
CMD-104281;24/09/2025;2025-10-02;01/11/2025;CLI-0209;EMP-508;ENT-QC;BD-1090;25;71,34;25,60;69,37;Représentant
CMD-103103;07/05/2025;15/05/2025;30-juin-25;CLI-0209;EMP-508;ENT-MTL;BD-1117;5;120,49;18,70;100,34;Portail web
CMD-103879;18-août-25;23/08/2025;01/11/2025;CLI-0058;EMP-508;ENT-QC;BD-1010;3;159,61;2,10;88,91;Représentant
CMD-104432;08/10/2025;13/10/2025;2025-11-02;CLI-0057;EMP-507;ENT-MTL;BD-1143;2;325,79;13,20;220,45;Représentant
CMD-103964;26/08/2025;28-août-25;08/11/2025;CLI-0062;EMP-507;ENT-MTL;BD-1123;8;183,36;15,70;132,28;Représentant
CMD-103748;04/08/2025;08/08/2025;2025-09-22;CLI-0166;EMP-503;ENT-QC;BD-1040;4;389,50;11,60;274,41;Portail web
CMD-103863;15/08/2025;18-août-25;13/10/2025;CLI-0160;EMP-508;ENT-QC;BD-1062;3;169,40;5,70;135,59;Représentant
CMD-104156;15-sept-25;19/09/2025;31/10/2025;CLI-0107;EMP-506;ENT-QC;BD-1012;8;113,03;7,10;69,62;Portail web
CMD-104290;25-sept-25;03/10/2025;04/12/2025;CLI-0133;EMP-508;ENT-MTL;BD-1050;4;426,12;15,50;297,82;Portail web
CMD-102397;16-janv-25;21/01/2025;25/02/2025;CLI-0184;EMP-503;ENT-MTL;BD-1181;8;587,05;6,00;312,40;Représentant
CMD-104700;31/10/2025;08/11/2025;2025-12-20;CLI-0050;EMP-502;ENT-QC;BD-1129;1;62,45;13,10;46,45;Portail web
CMD-102828;03/04/2025;09-avr-25;31/05/2025;CLI-0078;EMP-504;ENT-MTL;BD-1056;2;455,56;7,40;293,14;Portail web
CMD-104851;19/11/2025;22/11/2025;;CLI-0217;EMP-506;ENT-QC;BD-1181;8;483,28;22,70;312,40;Téléphone
CMD-102757;25/03/2025;2025-03-28;16/05/2025;CLI-0031;EMP-509;ENT-MTL;BD-1043;3;471,02;10,80;300,28;Courriel
CMD-102804;01/04/2025;04-avr-25;09/05/2025;CLI-0219;EMP-505;ENT-MTL;BD-1068;8;529,36;6,10;290,25;Représentant
CMD-104407;2025-10-06;09/10/2025;28/11/2025;CLI-0157;EMP-502;ENT-QC;BD-1065;3;208,76;16,30;155,19;Téléphone
CMD-104476;11/10/2025;2025-10-16;07/11/2025;CLI-0099;EMP-505;ENT-SAG;BD-1130;4;460,80;18,40;323,89;Téléphone
CMD-103960;26/08/2025;28/08/2025;2025-11-13;CLI-0048;EMP-508;ENT-SAG;BD-1039;12;177,76;10,20;122,17;Téléphone
CMD-102611;04/03/2025;12/03/2025;2025-05-08;CLI-0015;EMP-509;ENT-MTL;BD-1170;24;34,44;2,00;16,95;Représentant
CMD-102830;03-avr-25;05/04/2025;24/05/2025;CLI-0040;EMP-509;ENT-MTL;BD-1082;6;414,43;12,80;284,24;Représentant
CMD-104252;22/09/2025;28-sept-25;18/11/2025;CLI-0123;EMP-501;ENT-QC;BD-1120;8;264,34;10,90;186,72;Représentant
CMD-103928;22/08/2025;24-août-25;23/09/2025;CLI-0200;EMP-509;ENT-SAG;BD-1026;6;380,54;13,20;246,82;Portail web
CMD-103215;21/05/2025;30-mai-25;13/07/2025;CLI-0213;EMP-508;ENT-MTL;BD-1118;2;482,39;3,00;343,17;Représentant
CMD-103662;2025-07-17;24/07/2025;;CLI-0157;EMP-502;ENT-MTL;BD-1158;6;313,79;10,20;184,61;Représentant
CMD-103141;13/05/2025;16-mai-25;13/07/2025;CLI-0053;EMP-509;ENT-QC;BD-1029;6;351,84;10,20;243,45;Téléphone
CMD-102471;31/01/2025;04/02/2025;2025-04-04;CLI-0178;EMP-501;ENT-MTL;BD-1151;6;149,36;6,10;92,25;Courriel
CMD-102606;03/03/2025;08/03/2025;2025-04-26;CLI-0039;EMP-503;ENT-QC;BD-1123;6;198,84;8,60;132,28;Téléphone
CMD-104494;13/10/2025;2025-10-17;26/11/2025;CLI-0041;EMP-508;ENT-QC;BD-1136;1;185,69;10,60;112,45;Téléphone
CMD-103658;2025-07-17;23/07/2025;20/08/2025;CLI-0185;EMP-508;ENT-SAG;BD-1130;35;439,67;22,10;323,89;Portail web
CMD-104226;19/09/2025;25/09/2025;2025-10-30;CLI-0209;EMP-508;ENT-SAG;BD-1080;4;262,81;20,50;208,57;Téléphone
CMD-104726;03-nov-25;07/11/2025;21/12/2025;CLI-0202;EMP-504;ENT-MTL;BD-1081;8;580,58;2,10;364,83;Représentant
CMD-104093;09/09/2025;16/09/2025;2025-11-03;CLI-0185;EMP-508;ENT-SAG;BD-1094;13;161,40;20,80;124,30;Représentant
CMD-102373;10-janv-25;14/01/2025;17/03/2025;CLI-0106;EMP-501;ENT-QC;BD-1176;4;534,44;15,20;328,78;Courriel
CMD-103266;27/05/2025;2025-05-30;25/07/2025;CLI-0038;EMP-507;ENT-MTL;BD-1033;4;165,48;11,70;113,22;Représentant
CMD-104108;10/09/2025;12/09/2025;11/11/2025;CLI-0121;EMP-508;ENT-SAG;BD-1076;3;483,03;13,90;338,68;Portail web
CMD-105062;22/12/2025;29-déc-25;;CLI-0132;EMP-507;ENT-QC;BD-1139;1;305,82;14,70;203,11;Courriel
CMD-104802;12/11/2025;2025-11-15;;CLI-0076;EMP-507;ENT-MTL;BD-1172;1;319,89;23,60;221,22;Téléphone
CMD-105006;11/12/2025;2025-12-20;;CLI-0128;EMP-502;ENT-QC;BD-1161;12;115,14;14,70;64,16;Représentant
CMD-103653;16/07/2025;2025-07-19;09/09/2025;CLI-0089;EMP-502;ENT-QC;BD-1117;8;115,41;22,10;100,34;Portail web
CMD-102649;2025-03-10;14/03/2025;06/05/2025;CLI-0123;EMP-501;ENT-MTL;BD-1049;12;46,60;14,70;31,22;Salon
CMD-103939;25/08/2025;30/08/2025;18-oct-25;CLI-0155;EMP-506;ENT-MTL;BD-1057;3;26,15;12,40;23,20;Représentant
CMD-103693;23/07/2025;31/07/2025;2025-09-24;CLI-0076;EMP-507;ENT-SAG;BD-1125;2;347,68;21,00;291,24;Portail web
CMD-104531;2025-10-15;17/10/2025;01/12/2025;CLI-0042;EMP-505;ENT-QC;BD-1182;8;93,88;13,80;58,06;Représentant
CMD-102513;11/02/2025;13/02/2025;;CLI-0144;EMP-502;ENT-QC;BD-1002;12;389,27;16,90;298,72;Courriel
CMD-102609;04/03/2025;07/03/2025;2025-05-02;CLI-0177;EMP-505;ENT-MTL;BD-1104;1;101,13;8,60;76,70;Téléphone
CMD-105010;12/12/2025;17-déc-25;;CLI-0024;EMP-504;ENT-QC;BD-1088;12;578,39;8,20;404,63;Représentant
CMD-104845;18/11/2025;25/11/2025;;CLI-0056;EMP-502;ENT-MTL;BD-1148;5;369,78;19,60;302,28;Représentant
CMD-102503;10/02/2025;19-févr-25;08/04/2025;CLI-0026;EMP-506;ENT-MTL;BD-1061;6;104,57;11,50;76,81;Représentant
CMD-104415;07/10/2025;11/10/2025;2025-12-06;CLI-0053;EMP-509;ENT-QC;BD-1103;1;189,78;16,70;154,84;N/A
CMD-104101;10/09/2025;17/09/2025;15/11/2025;CLI-0099;EMP-505;ENT-MTL;BD-1063;11;291,00;21,00;247,24;Téléphone
CMD-105013;12/12/2025;20/12/2025;;CLI-0036;EMP-505;ENT-QC;BD-1076;12;503,35;10,30;338,68;Courriel
CMD-104301;26/09/2025;02/10/2025;06-nov-25;CLI-0063;EMP-503;ENT-QC;BD-1141;3;443,71;11,10;314,24;Courriel
CMD-103770;2025-08-06;13/08/2025;20/09/2025;CLI-0126;EMP-502;ENT-MTL;BD-1139;4;299,59;16,50;203,11;Portail web
CMD-104929;27/11/2025;02/12/2025;;CLI-0063;EMP-503;ENT-QC;BD-1080;8;294,56;10,90;208,57;Courriel
CMD-103220;22/05/2025;29-mai-25;30/07/2025;CLI-0012;EMP-501;ENT-MTL;BD-1115;5;60,36;19,20;47,23;Portail web
CMD-102717;19/03/2025;28/03/2025;27-avr-25;CLI-0053;EMP-509;ENT-QC;BD-1084;8;495,85;14,60;318,55;Représentant
CMD-104935;28/11/2025;02/12/2025;;CLI-0144;EMP-502;ENT-QC;BD-1128;3;122,54;15,40;78,87;Courriel
CMD-102551;19/02/2025;21/02/2025;2025-04-02;CLI-0187;EMP-507;ENT-QC;BD-1053;24;279,54;14,60;180,55;Représentant
CMD-103092;07/05/2025;2025-05-10;18/06/2025;CLI-0057;EMP-507;ENT-SAG;BD-1176;6;553,72;12,20;328,78;Représentant
CMD-104929;27/11/2025;02/12/2025;;CLI-0063;EMP-503;ENT-QC;BD-1149;2;163,15;10,90;111,14;Téléphone
CMD-104558;17/10/2025;2025-10-26;25/11/2025;CLI-0043;EMP-506;ENT-QC;BD-1065;-2;212,17;14,90;155,19;Portail web
CMD-105011;12/12/2025;2025-12-20;;CLI-0063;EMP-503;ENT-MTL;BD-1142;6;139,00;14,80;100,93;Représentant
CMD-104996;10-déc-25;14/12/2025;;CLI-0132;EMP-507;ENT-MTL;BD-1150;4;531,20;15,10;347,06;Représentant
CMD-102366;09/01/2025;2025-01-12;14/02/2025;CLI-0041;EMP-508;ENT-SAG;BD-1045;3;109,25;16,70;78,37;Portail web
CMD-105105;26/12/2025;01/01/2026;;CLI-0044;EMP-505;ENT-QC;BD-1142;4;142,65;12,50;100,93;Courriel
CMD-104068;08-sept-25;10/09/2025;06/11/2025;CLI-0217;EMP-506;ENT-MTL;BD-1172;16;329,90;21,20;221,22;Représentant
CMD-104977;04/12/2025;13/12/2025;;CLI-0131;EMP-502;ENT-MTL;BD-1138;8;129,87;11,80;88,19;Représentant
CMD-104944;28/11/2025;04/12/2025;;CLI-0063;EMP-503;ENT-QC;BD-1154;3;462,98;13,40;329,92;Représentant
CMD-104183;17/09/2025;21/09/2025;27-oct-25;CLI-0136;EMP-507;ENT-MTL;BD-1001;4;297,29;11,30;219,63;Portail web
CMD-104814;13/11/2025;17/11/2025;;CLI-0216;EMP-503;ENT-QC;BD-1072;4;384,48;2,80;236,88;Représentant
CMD-104919;27/11/2025;30/11/2025;2025-12-15;CLI-0119;EMP-503;ENT-QC;BD-1013;12;474,92;8,00;315,34;Courriel
CMD-103778;07/08/2025;14/08/2025;2025-09-27;CLI-0089;EMP-502;ENT-MTL;BD-1047;3;86,89;18,50;71,53;Téléphone
CMD-105014;12/12/2025;18/12/2025;;CLI-0195;EMP-506;ENT-SAG;BD-1002;2;410,48;12,40;298,72;Représentant
CMD-103798;08/08/2025;16/08/2025;2025-10-02;CLI-0208;EMP-507;ENT-MTL;BD-1146;3;328,37;12,60;225,52;Portail web
CMD-103206;20/05/2025;24/05/2025;;CLI-0184;EMP-503;ENT-QC;BD-1045;1;122,12;6,80;78,37;Représentant
CMD-104603;22/10/2025;2025-10-25;06/12/2025;CLI-0005;EMP-503;ENT-SAG;BD-1091;12;534,17;6,00;336,22;Portail web
CMD-103680;21/07/2025;24/07/2025;05-oct-25;CLI-0066;EMP-507;ENT-MTL;BD-1150;8;556,46;11,10;347,06;Portail web
CMD-103090;06/05/2025;10-mai-25;18/06/2025;CLI-0059;EMP-504;ENT-MTL;BD-1125;15;358,72;18,50;291,24;Représentant
CMD-102928;17-avr-25;24/04/2025;01/06/2025;CLI-0173;EMP-508;ENT-MTL;BD-1043;6;462,70;12,30;300,28;Représentant
CMD-104174;2025-09-16;19/09/2025;;CLI-0076;EMP-507;ENT-SAG;BD-1124;5;194,12;23,90;153,77;Représentant
CMD-102657;11-mars-25;17/03/2025;20/04/2025;CLI-0128;EMP-502;ENT-MTL;BD-1159;8;258,96;10,40;169,65;Représentant
CMD-104637;27/10/2025;05/11/2025;05/12/2025;CLI-0186;EMP-507;ENT-MTL;BD-1074;1;189,01;2,70;130,44;Représentant
CMD-103135;12/05/2025;16-mai-25;01/07/2025;CLI-0126;EMP-502;ENT-MTL;BD-1110;8;236,46;16,70;182,67;Téléphone
CMD-104158;15/09/2025;17/09/2025;2025-11-08;CLI-0102;EMP-506;ENT-QC;BD-1078;3;357,46;6,80;238,11;Téléphone
CMD-102397;2025-01-16;21/01/2025;25/02/2025;CLI-0184;EMP-503;ENT-MTL;BD-1160;6;74,00;6,00;41,56;Représentant
CMD-103365;09/06/2025;18/06/2025;2025-07-03;CLI-0127;EMP-503;ENT-QC;BD-1016;1;371,29;10,20;224,02;Représentant
CMD-104391;03/10/2025;06/10/2025;2025-11-19;CLI-0093;EMP-508;ENT-SAG;BD-1056;8;434,05;11,80;293,14;Téléphone
CMD-104023;02/09/2025;2025-09-07;17/11/2025;CLI-0182;EMP-503;ENT-MTL;BD-1081;8;532,66;10,20;364,83;Courriel
CMD-105035;17/12/2025;21/12/2025;;CLI-0155;EMP-506;ENT-SAG;BD-1067;8;37,07;10,90;28,64;Portail web
CMD-102752;24/03/2025;02/04/2025;2025-05-08;CLI-0012;EMP-501;ENT-QC;BD-1112;2;85,87;25,20;67,02;Représentant
CMD-102331;01/01/2025;07/01/2025;08-mars-25;CLI-0098;EMP-509;ENT-SAG;BD-1093;6;212,59;5,00;134,96;Portail web
CMD-104253;23-sept-25;02/10/2025;27/11/2025;CLI-0076;EMP-507;ENT-SAG;BD-1163;2;456,04;25,60;300,77;Représentant
CMD-104886;21/11/2025;27/11/2025;;CLI-0073;EMP-501;ENT-MTL;BD-1142;3;143,82;11,80;100,93;Représentant
CMD-103049;01/05/2025;05/05/2025;25-juin-25;CLI-0212;EMP-507;ENT-QC;BD-1124;7;192,61;24,50;153,77;Représentant
CMD-104556;2025-10-17;20/10/2025;30/12/2025;cli-0136;EMP-507;ENT-QC;BD-1149;6;164,63;10,10;111,14;Portail web
CMD-102860;2025-04-07;14/04/2025;02/05/2025;CLI-0162;EMP-508;ENT-QC;BD-1110;4;242,82;14,50;182,67;Salon
CMD-102639;07/03/2025;11/03/2025;2025-05-01;CLI-0143;EMP-503;ENT-MTL;BD-1037;6;24,98;16,50;16,65;Portail web
CMD-104281;24/09/2025;02/10/2025;2025-11-01;CLI-0209;EMP-508;ENT-QC;BD-1037;17;22,27;25,60;16,65;Téléphone
CMD-103636;14/07/2025;18/07/2025;10/09/2025;CLI-0148;EMP-501;ENT-MTL;BD-1041;8;221,20;12,70;163,24;Représentant
CMD-103387;11/06/2025;2025-06-20;01/08/2025;CLI-0116;EMP-509;ENT-QC;BD-1103;12;196,52;13,70;154,84;Salon
CMD-103541;30/06/2025;2025-07-06;02/09/2025;CLI-0029;EMP-506;ENT-QC;BD-1019;6;233,93;22,30;205,07;Portail web
CMD-103413;13/06/2025;21/06/2025;02-juil-25;CLI-0173;EMP-508;ENT-MTL;BD-1023;2;316,84;16,10;244,32;Représentant
CMD-103958;26/08/2025;30-août-25;02/11/2025;CLI-0100;EMP-505;ENT-SAG;BD-1057;24;28,71;3,80;23,20;Courriel
CMD-102789;28/03/2025;02/04/2025;2025-04-27;CLI-0092;EMP-508;ENT-SAG;BD-1180;2;179,69;5,10;95,30;Représentant
CMD-104937;2025-11-28;07/12/2025;;CLI-0180;EMP-509;ENT-QC;BD-1118;6;455,59;8,30;343,17;Téléphone
CMD-104258;23/09/2025;2025-10-02;22/10/2025;CLI-0184;EMP-503;ENT-QC;BD-1046;4;451,99;5,30;372,17;Représentant
CMD-103510;26/06/2025;2025-07-03;05/08/2025;CLI-0113;EMP-505;ENT-QC;BD-1001;12;308,47;8,00;219,63;Représentant
CMD-104463;10/10/2025;13/10/2025;2025-12-05;CLI-0042;EMP-505;ENT-QC;BD-1164;8;168,30;13,70;100,45;Représentant
CMD-102987;24-avr-25;02/05/2025;05/07/2025;CLI-0012;EMP-501;ENT-MTL;BD-1103;9;171,64;24,60;154,84;Portail web
CMD-103282;28/05/2025;01/06/2025;;CLI-0033;EMP-504;ENT-MTL;BD-1109;8;388,11;15,60;310,20;Représentant
CMD-102753;2025-03-24;01/04/2025;06/05/2025;CLI-0144;EMP-502;ENT-SAG;BD-1174;4;244,98;17,00;169,01;Portail web
CMD-102328;2025-01-01;10/01/2025;21/01/2025;CLI-0207;EMP-501;ENT-MTL;BD-1042;1;402,71;8,70;267,02;Portail web
CMD-103182;16/05/2025;18/05/2025;2025-08-08;CLI-0059;EMP-504;ENT-MTL;BD-1005;27;264,69;19,00;208,35;Salon
CMD-103660;17/07/2025;26/07/2025;22/08/2025;CLI-0193;EMP-509;ENT-QC;BD-1080;2;293,85;11,10;208,57;Représentant
CMD-102876;09/04/2025;12/04/2025;2025-05-10;CLI-0131;EMP-502;ENT-QC;BD-1172;2;357,34;14,60;221,22;Téléphone
CMD-103868;16/08/2025;18/08/2025;22/09/2025;CLI-0163;EMP-505;ENT-MTL;BD-1031;3;501,04;3,50;300,62;Représentant
CMD-103546;30/06/2025;05/07/2025;2025-08-23;CLI-0211;EMP-504;ENT-QC;BD-1063;12;320,67;12,90;247,24;Téléphone
CMD-103656;16/07/2025;2025-07-23;25/08/2025;CLI-0185;EMP-508;ENT-QC;BD-1015;9;394,50;25,70;325,38;Salon
CMD-104032;03/09/2025;2025-09-06;15/10/2025;CLI-0145;EMP-504;ENT-MTL;BD-1169;3;558,13;3,20;282,28;Représentant
CMD-102642;07/03/2025;10/03/2025;2025-04-05;CLI-0037;EMP-504;ENT-MTL;BD-1171;36;128,30;19,00;85,46;Représentant
CMD-103756;05/08/2025;10-août-25;24/09/2025;CLI-0030;EMP-501;ENT-SAG;BD-1014;2;41,80;6,50;27,18;Représentant
CMD-102563;20/02/2025;2025-02-28;05/04/2025;CLI-0113;EMP-505;ENT-MTL;BD-1003;8;281,15;5,70;192,57;Représentant
CMD-104952;01/12/2025;05/12/2025;;CLI-0063;EMP-503;ENT-QC;BD-1085;1;56,87;15,40;49,28;Représentant
CMD-104989;06/12/2025;10/12/2025;;CLI-0007;EMP-508;ENT-SAG;BD-1005;12;308,20;5,70;208,35;N/A
CMD-102397;16/01/2025;21/01/2025;2025-02-25;CLI-0184;EMP-503;ENT-MTL;BD-1127;12;283,05;6,00;174,31;Portail web
CMD-103867;15/08/2025;23-août-25;01/10/2025;CLI-0167;EMP-506;ENT-QC;BD-1059;1;495,89;6,00;391,48;Courriel
CMD-103446;17/06/2025;26/06/2025;09-août-25;CLI-0056;EMP-502;ENT-MTL;BD-1179;8;345,10;20,00;231,35;Courriel
CMD-102457;29/01/2025;2025-01-31;16/04/2025;CLI-0052;EMP-504;ENT-MTL;BD-1162;24;114,96;16,10;68,38;Portail web
CMD-103090;06/05/2025;2025-05-10;18/06/2025;CLI-0059;EMP-504;ENT-MTL;BD-1118;5;405,34;18,50;343,17;Représentant
CMD-103932;22/08/2025;27/08/2025;2025-09-28;CLI-0047;EMP-508;ENT-MTL;BD-1024;2;298,30;10,70;189,35;Téléphone
CMD-103847;14/08/2025;19/08/2025;04/10/2025;CLI-0042;EMP-505;ENT-MTL;BD-1050;1;420,61;16,60;297,82;Représentant
CMD-102515;2025-02-12;19/02/2025;27/03/2025;CLI-0009;EMP-502;ENT-QC;BD-1167;59;279,85;24,60;209,73;Portail web
CMD-102784;28/03/2025;2025-04-04;11/05/2025;CLI-0206;EMP-503;ENT-SAG;BD-1141;4;429,45;14,00;314,24;Téléphone
CMD-103759;05-août-25;07/08/2025;09/09/2025;CLI-0012;EMP-501;ENT-QC;BD-1063;14;287,92;21,80;247,24;Portail web
CMD-103699;25-juil-25;01/08/2025;22/09/2025;CLI-0217;EMP-506;ENT-MTL;BD-1052;23;241,41;21,40;183,03;Représentant
CMD-102582;2025-02-26;28/02/2025;28/03/2025;CLI-0112;EMP-505;ENT-SAG;BD-1108;2;232,89;14,70;169,96;Salon
CMD-104342;30/09/2025;03/10/2025;02/12/2025;CLI-0141;EMP-502;ENT-QC;BD-1057;3;25,91;13,20;23,20;Portail web
CMD-103514;26/06/2025;29/06/2025;2025-08-10;CLI-0041;EMP-508;ENT-MTL;BD-1012;3;108,86;10,60;69,62;Téléphone
CMD-103774;06/08/2025;14/08/2025;2025-10-01;CLI-0208;EMP-507;ENT-MTL;BD-1179;2;379,49;12,10;231,35;Représentant
CMD-103850;14/08/2025;19/08/2025;2025-10-17;CLI-0151;EMP-504;ENT-SAG;BD-1170;6;33,22;5,50;16,95;Téléphone
CMD-103905;20/08/2025;2025-08-26;;CLI-0099;EMP-505;ENT-MTL;BD-1090;9;74,22;22,60;69,37;Téléphone
CMD-104588;2025-10-21;26/10/2025;17/12/2025;CLI-0178;EMP-501;ENT-MTL;BD-1066;12;336,77;2,20;240,06;Salon
CMD-104103;10/09/2025;18-sept-25;01/11/2025;CLI-0072;EMP-501;ENT-MTL;BD-1026;2;384,47;12,30;246,82;Portail web
CMD-103541;30/06/2025;06/07/2025;2025-09-02;CLI-0029;EMP-506;ENT-QC;BD-1097;26;285,96;22,30;253,06;Courriel
CMD-104919;27/11/2025;30/11/2025;15/12/2025;CLI-0119;EMP-503;ENT-QC;BD-1135;1;67,44;8,00;40,73;Représentant
CMD-102581;26/02/2025;07/03/2025;;CLI-0053;EMP-509;ENT-MTL;BD-1163;3;517,10;15,70;300,77;Téléphone
CMD-104751;2025-11-05;13/11/2025;19/12/2025;CLI-0034;EMP-507;ENT-SAG;BD-1158;12;301,66;13,70;184,61;Représentant
CMD-103509;26/06/2025;05/07/2025;2025-07-26;CLI-0037;EMP-504;ENT-MTL;BD-1035;14;37,47;22,60;30,63;Représentant
CMD-104660;28/10/2025;03/11/2025;28-déc-25;CLI-0107;EMP-506;ENT-MTL;BD-1075;2;94,19;6,50;71,97;Salon
CMD-103770;2025-08-06;13/08/2025;20/09/2025;cli-0126;EMP-502;ENT-MTL;BD-1052;6;256,46;16,50;183,03;Représentant
CMD-102910;15/04/2025;21-avr-25;01/06/2025;CLI-0168;EMP-509;ENT-QC;BD-1148;24;425,92;7,40;302,28;Courriel
CMD-103945;25/08/2025;29/08/2025;2025-10-06;CLI-0038;EMP-507;ENT-QC;BD-1015;3;467,37;12,00;325,38;Téléphone
CMD-102637;07-mars-25;13/03/2025;02/05/2025;CLI-0182;EMP-503;ENT-QC;BD-1157;12;44,06;15,80;25,21;Portail web
CMD-102952;19/04/2025;21/04/2025;2025-05-14;CLI-0033;EMP-504;ENT-QC;BD-1043;12;443,40;16,00;300,28;Représentant
CMD-104985;05-déc-25;07/12/2025;;CLI-0045;EMP-502;ENT-SAG;BD-1142;2;138,84;14,90;100,93;Représentant
CMD-103759;05/08/2025;07/08/2025;09-sept-25;CLI-0012;EMP-501;ENT-QC;BD-1063;11;287,92;21,80;247,24;Représentant
CMD-102370;10-janv-25;12/01/2025;;CLI-0137;EMP-503;ENT-SAG;BD-1129;6;54,76;23,80;46,45;Courriel
CMD-103206;20/05/2025;24/05/2025;;CLI-0184;EMP-503;ENT-QC;BD-1047;24;99,31;6,80;71,53;Représentant
CMD-102721;19/03/2025;2025-03-24;20/05/2025;CLI-0212;EMP-507;ENT-QC;BD-1143;7;284,48;24,20;220,45;
CMD-104153;13-sept-25;17/09/2025;19/10/2025;CLI-0177;EMP-505;ENT-SAG;BD-1085;4;65,22;2,90;49,28;Représentant
CMD-102569;21/02/2025;01/03/2025;10-avr-25;CLI-0154;EMP-507;ENT-QC;BD-1157;12;46,74;10,70;25,21;Représentant
CMD-104536;16/10/2025;25/10/2025;31-déc-25;CLI-0209;EMP-508;ENT-QC;BD-1089;32;257,34;18,70;189,92;Portail web
CMD-103016;28/04/2025;30/04/2025;2025-06-11;CLI-0185;EMP-508;ENT-SAG;BD-1044;6;239,22;25,90;199,55;Représentant
CMD-104811;2025-11-13;21/11/2025;;CLI-0154;EMP-507;ENT-MTL;BD-1093;8;186,60;16,60;159,25;Portail web
CMD-104655;27/10/2025;29/10/2025;28/12/2025;CLI-0050;EMP-502;ENT-QC;BD-1117;4;131,54;11,20;100,34;Représentant
CMD-103765;05/08/2025;2025-08-08;05/10/2025;CLI-0115;EMP-509;ENT-MTL;BD-1063;4;326,47;11,40;247,24;Représentant
CMD-104349;30/09/2025;02/10/2025;2025-11-15;CLI-0186;EMP-507;ENT-MTL;BD-1050;24;460,14;8,70;297,82;Courriel
CMD-103409;12/06/2025;21/06/2025;23-juil-25;CLI-0099;EMP-505;ENT-QC;BD-1134;2;85,46;22,30;61,77;Courriel
CMD-102839;2025-04-04;11/04/2025;08/06/2025;CLI-0074;EMP-507;ENT-SAG;BD-1042;11;359,92;18,40;267,02;Portail web
CMD-103032;30/04/2025;2025-05-08;05/06/2025;CLI-0088;EMP-504;ENT-QC;BD-1050;2;426,20;15,50;297,82;Représentant
CMD-104327;2025-09-29;05/10/2025;07/11/2025;CLI-0012;EMP-501;ENT-MTL;BD-1063;8;300,57;18,40;247,24;Téléphone
CMD-104564;17/10/2025;22/10/2025;2025-12-20;CLI-0144;EMP-502;ENT-QC;BD-1075;3;87,52;13,10;71,97;Représentant
CMD-102421;22/01/2025;26/01/2025;03/03/2025;CLI-0059;EMP-504;ENT-QC;BD-1030;2;140,69;23,10;100,96;Représentant
CMD-104701;31/10/2025;2025-11-04;;CLI-0025;EMP-509;ENT-QC;BD-1169;3;508,89;11,80;282,28;Représentant
CMD-103765;05/08/2025;08/08/2025;05-oct-25;CLI-0115;EMP-509;ENT-MTL;BD-1027;3;406,03;11,40;254,96;Représentant
CMD-104760;06/11/2025;08-nov-25;04/12/2025;CLI-0198;EMP-504;ENT-QC;BD-1082;6;460,91;3,00;335,40;Représentant
CMD-103882;18/08/2025;23/08/2025;2025-10-06;CLI-0115;EMP-509;ENT-QC;BD-1051;8;115,44;11,00;79,76;Portail web
CMD-102457;29/01/2025;2025-01-31;16/04/2025;CLI-0052;EMP-504;ENT-MTL;BD-1164;3;163,53;16,10;100,45;Représentant
CMD-102447;27-janv-25;05/02/2025;08/03/2025;CLI-0130;EMP-508;ENT-QC;BD-1127;19;238,85;20,70;174,31;Représentant
CMD-104075;08/09/2025;11/09/2025;2025-10-21;CLI-0105;EMP-502;ENT-MTL;BD-1071;1;495,85;7,10;363,51;Représentant
CMD-103768;06/08/2025;2025-08-10;13/09/2025;CLI-0009;EMP-502;ENT-MTL;BD-1141;23;392,75;21,30;314,24;Portail web
CMD-104998;11/12/2025;20-déc-25;;CLI-0066;EMP-507;ENT-QC;BD-1151;6;137,46;13,50;92,25;Représentant
CMD-103494;2025-06-24;29/06/2025;24/08/2025;CLI-0056;EMP-502;ENT-QC;BD-1044;20;243,34;24,70;199,55;Représentant
CMD-103317;02/06/2025;2025-06-04;27/07/2025;CLI-0106;EMP-501;ENT-QC;BD-1104;2;96,87;12,50;76,70;Téléphone
CMD-103588;05/07/2025;10/07/2025;25-août-25;CLI-0054;EMP-507;ENT-QC;BD-1043;4;454,47;13,90;300,28;Portail web
CMD-103111;09/05/2025;2025-05-17;01/07/2025;CLI-0075;EMP-506;ENT-SAG;BD-1159;1;269,41;6,80;169,65;Portail web
CMD-103212;21/05/2025;2025-05-24;18/06/2025;CLI-0034;EMP-507;ENT-MTL;BD-1147;3;505,76;15,40;346,92;Téléphone
CMD-104142;12/09/2025;2025-09-18;06/11/2025;CLI-0010;EMP-504;ENT-MTL;BD-1178;6;198,52;3,30;119,43;Représentant
CMD-105124;31/12/2025;2026-01-02;;CLI-0154;EMP-507;ENT-QC;BD-1100;6;472,80;11,90;369,19;Représentant
CMD-104539;31/02/2024;2025-10-21;17/11/2025;CLI-0220;EMP-506;ENT-QC;BD-1178;2;177,24;13,70;119,43;Représentant
CMD-103225;22/05/2025;2025-05-27;08/07/2025;CLI-0029;EMP-506;ENT-MTL;BD-1014;67;35,80;19,90;27,18;Téléphone
CMD-103994;2025-08-30;05/09/2025;23/10/2025;CLI-0009;EMP-502;ENT-SAG;BD-1028;9;178,67;24,40;143,73;Représentant
CMD-103962;2025-08-26;04/09/2025;31/10/2025;CLI-0103;EMP-502;ENT-QC;BD-1096;6;271,04;8,50;205,70;Portail web
CMD-103019;28/04/2025;2025-05-01;03/06/2025;CLI-0065;EMP-504;ENT-QC;BD-1041;1;242,93;4,20;163,24;Téléphone
CMD-103962;2025-08-26;04/09/2025;31/10/2025;CLI-0103;EMP-502;ENT-QC;BD-1008;4;214,05;8,50;155,34;Représentant
CMD-105083;24/12/2025;2025-12-27;;CLI-0117;EMP-504;ENT-MTL;BD-1023;24;355,44;5,80;244,32;Représentant
CMD-104939;28/11/2025;07/12/2025;;CLI-0056;EMP-502;ENT-SAG;BD-1141;23;378,02;24,30;314,24;Représentant
CMD-103074;05/05/2025;12/05/2025;2025-05-30;CLI-0015;EMP-509;ENT-QC;BD-1175;4;159,32;6,10;96,85;Représentant
CMD-103920;20-août-25;29/08/2025;08/10/2025;CLI-0120;EMP-509;ENT-QC;BD-1012;2;114,34;6,10;69,62;Représentant
CMD-104756;2025-11-05;08/11/2025;26/11/2025;CLI-0057;EMP-507;ENT-QC;BD-1112;6;97,43;15,20;67,02;Téléphone
CMD-103704;25/07/2025;2025-07-29;30/08/2025;CLI-0122;EMP-505;ENT-QC;BD-1158;6;320,16;8,40;184,61;Portail web
CMD-103102;07/05/2025;14/05/2025;2025-06-17;CLI-0175;EMP-505;ENT-QC;BD-1110;6;262,55;7,50;182,67;Représentant
CMD-102611;04/03/2025;12/03/2025;08/05/2025;CLI-0015;EMP-509;ENT-MTL;BD-1012;1;119,24;2,00;69,62;Téléphone
CMD-104138;12/09/2025;21/09/2025;;CLI-0048;EMP-508;ENT-MTL;BD-1092;6;238,07;15,60;168,72;Courriel
CMD-102972;22/04/2025;2025-05-01;29/06/2025;CLI-0209;EMP-508;ENT-MTL;BD-1077;10;260,35;23,80;171,09;Téléphone
CMD-103098;07/05/2025;15/05/2025;2025-06-30;CLI-0142;EMP-508;ENT-MTL;BD-1130;6;543,80;3,60;323,89;Courriel
CMD-104552;17/10/2025;21/10/2025;;CLI-0116;EMP-509;ENT-SAG;BD-1135;2;63,56;13,30;40,73;Portail web
CMD-104220;18/09/2025;20/09/2025;2025-11-06;CLI-0211;EMP-504;ENT-SAG;BD-1175;2;146,03;14,00;96,85;Représentant
CMD-103175;16-mai-25;24/05/2025;29/07/2025;CLI-0042;EMP-505;ENT-QC;BD-1179;4;374,16;13,30;231,35;Représentant
CMD-103136;12/05/2025;2025-05-19;27/06/2025;CLI-0056;EMP-502;ENT-MTL;BD-1117;45;121,06;18,30;100,34;Représentant
CMD-102993;24/04/2025;2025-04-30;20/06/2025;CLI-0081;EMP-502;ENT-SAG;BD-1067;8;35,85;13,80;24,27;Courriel
CMD-102445;2025-01-27;03/02/2025;13/03/2025;CLI-0200;EMP-509;ENT-QC;BD-1114;2;223,41;11,60;152,73;Représentant
CMD-104440;08-oct-25;15/10/2025;29/11/2025;CLI-0043;EMP-506;ENT-QC;BD-1086;3;120,90;12,20;97,25;Portail web
CMD-103759;05/08/2025;07/08/2025;2025-09-09;CLI-0012;EMP-501;ENT-QC;BD-1007;18;80,77;21,80;57,14;Portail web
CMD-102463;30/01/2025;05/02/2025;12/04/2025;CLI-0191;EMP-504;ENT-QC;BD-1150;12;520,69;16,80;347,06;Représentant
CMD-103533;28-juin-25;02/07/2025;21/07/2025;CLI-0212;EMP-507;ENT-QC;BD-1009;6;83,84;20,30;67,67;Courriel
CMD-104452;09/10/2025;18-oct-25;08/12/2025;CLI-0157;EMP-502;ENT-QC;BD-1075;24;86,90;13,80;71,97;Représentant
CMD-102705;17-mars-25;24/03/2025;;CLI-0218;EMP-503;ENT-MTL;BD-1175;24;159,47;6,10;96,85;Représentant
CMD-102984;24/04/2025;2025-04-26;19/06/2025;CLI-0173;EMP-508;ENT-QC;BD-1117;8;126,38;14,70;100,34;Représentant
CMD-104748;2025-11-05;13/11/2025;26/12/2025;CLI-0198;EMP-504;ENT-MTL;BD-1150;3;600,00;4,10;347,06;Représentant
CMD-103328;03/06/2025;11/06/2025;2025-07-13;CLI-0208;EMP-507;ENT-MTL;BD-1111;3;184,50;16,70;148,90;Portail web
CMD-103876;18-août-25;22/08/2025;19/09/2025;CLI-0154;EMP-507;ENT-QC;BD-1015;6;463,42;12,70;325,38;Représentant
CMD-103844;14/08/2025;2025-08-21;28/09/2025;CLI-0056;EMP-502;ENT-QC;BD-1006;31;274,36;18,00;182,47;Représentant
CMD-104689;2025-10-30;06/11/2025;25/12/2025;CLI-0033;EMP-504;ENT-MTL;BD-1119;6;80,34;12,50;59,67;Représentant
CMD-104679;29/10/2025;07-nov-25;16/12/2025;CLI-0041 ;EMP-508;ENT-MTL;BD-1182;8;95,90;11,90;58,06;Représentant
CMD-103049;01/05/2025;2025-05-05;25/06/2025;CLI-0212;EMP-507;ENT-QC;BD-1037;23;22,60;24,50;16,65;Représentant
CMD-103009;28/04/2025;2025-05-06;09/07/2025;CLI-0009;EMP-502;ENT-SAG;BD-1180;15;146,86;22,40;95,30;Salon
CMD-103078;05/05/2025;10/05/2025;11/07/2025;CLI-0043;EMP-506;ENT-MTL;BD-1123;6;193,40;11,10;132,28;Salon
CMD-103393;12/06/2025;19-juin-25;29/07/2025;CLI-0148;EMP-501;ENT-SAG;BD-1119;6;80,49;12,30;59,67;Représentant
CMD-104977;04/12/2025;13/12/2025;;CLI-0131;EMP-502;ENT-MTL;BD-1086;8;121,45;11,80;97,25;Représentant
CMD-102790;28/03/2025;30/03/2025;09-mai-25;CLI-0056;EMP-502;ENT-MTL;BD-1093;31;181,61;18,80;134,96;Téléphone
CMD-104390;03/10/2025;05/10/2025;22/11/2025;CLI-0081;EMP-502;ENT-QC;BD-1079;6;223,89;15,10;147,87;Représentant
CMD-104088;09/09/2025;15/09/2025;2025-11-17;CLI-0126;EMP-502;ENT-MTL;BD-1058;4;218,74;10,70;149,54;Téléphone
CMD-102484;04/02/2025;08/02/2025;2025-03-21;CLI-0151;EMP-504;ENT-QC;BD-1005;2;301,63;7,70;208,35;Courriel
CMD-104021;02/09/2025;06/09/2025;2025-10-11;CLI-0219;EMP-505;ENT-SAG;BD-1020;6;53,38;7,10;33,12;Représentant
CMD-104821;2025-11-14;16/11/2025;;CLI-0084;EMP-503;ENT-MTL;BD-1129;3;61,79;14,00;46,45;Courriel
CMD-104775;10/11/2025;2025-11-12;30/12/2025;CLI-0137;EMP-503;ENT-SAG;BD-1108;1;217,54;20,40;169,96;Représentant
CMD-104627;24/10/2025;2025-11-01;19/12/2025;CLI-0099;EMP-505;ENT-QC;BD-1151;2;121,86;23,40;92,25;Portail web
CMD-103370;09-juin-25;13/06/2025;;CLI-0217;EMP-506;ENT-MTL;BD-1048;31;37,93;25,90;33,51;Représentant
CMD-104746;05/11/2025;09/11/2025;;CLI-0220;EMP-506;ENT-MTL;BD-1129;3;63,23;12,00;46,45;Représentant
CMD-105068;22/12/2025;31/12/2025;;CLI-0191;EMP-504;ENT-QC;BD-1132;3;166,24;16,30;128,45;Portail web
CMD-102367;09/01/2025;2025-01-13;17/02/2025;CLI-0162;EMP-508;ENT-QC;BD-1130;2;492,48;12,70;323,89;Représentant
CMD-104204;2025-09-18;23/09/2025;12/11/2025;CLI-0034;EMP-507;ENT-QC;BD-1162;8;119,37;12,90;68,38;Représentant
CMD-102766;26/03/2025;28/03/2025;2025-05-23;CLI-0156;EMP-502;ENT-SAG;BD-1137;12;41,18;3,80;25,59;Représentant
CMD-105118;30/12/2025;03/01/2026;;CLI-0080;EMP-506;ENT-MTL;BD-1073;4;375,98;16,40;307,22;Représentant
CMD-104201;2025-09-18;21/09/2025;21/11/2025;CLI-0036;EMP-505;ENT-QC;BD-1060;6;336,61;14,90;291,44;Représentant
CMD-104791;11/11/2025;2025-11-20;09/12/2025;CLI-0161;EMP-508;ENT-QC;BD-1089;6;308,65;2,50;189,92;Représentant
CMD-104169;16/09/2025;22/09/2025;2025-10-20;CLI-0165;EMP-507;ENT-SAG;BD-1026;4;412,86;5,80;246,82;Téléphone
CMD-103900;2025-08-19;23/08/2025;08/10/2025;CLI-0189;EMP-501;ENT-QC;BD-1026;2;425,26;3,00;246,82;Téléphone
CMD-104953;01/12/2025;07/12/2025;;CLI-0089;EMP-502;ENT-MTL;BD-1149;20;136,43;25,50;111,14;Téléphone
CMD-103253;26/05/2025;01-juin-25;10/07/2025;CLI-0081;EMP-502;ENT-SAG;BD-1052;2;267,97;12,70;183,03;Portail web
CMD-103669;18/07/2025;2025-07-22;22/09/2025;CLI-0191;EMP-504;ENT-MTL;BD-1111;2;191,34;13,60;148,90;Représentant
CMD-103200;19/05/2025;2025-05-27;28/07/2025;CLI-0185;EMP-508;ENT-SAG;BD-1126;17;165,31;18,30;133,03;Représentant
CMD-102520;2025-02-12;17/02/2025;12/04/2025;CLI-0022;EMP-506;ENT-QC;BD-1069;12;363,96;8,70;202,67;Représentant
CMD-104335;30/09/2025;04/10/2025;07-nov-25;CLI-0008;EMP-506;ENT-SAG;BD-1050;4;484,39;3,90;297,82;Téléphone
CMD-102346;2025-01-06;09/01/2025;20/02/2025;CLI-0137;EMP-503;ENT-MTL;BD-1141;9;371,98;25,50;314,24;Représentant
CMD-103550;01/07/2025;05-juil-25;22/08/2025;CLI-0187;EMP-507;ENT-QC;BD-1119;3;81,05;11,70;59,67;Représentant
CMD-103871;16/08/2025;20/08/2025;2025-09-27;CLI-0134;EMP-509;ENT-QC;BD-1150;3;610,18;2,50;347,06;Représentant
CMD-104016;02/09/2025;06/09/2025;2025-10-21;CLI-0048;EMP-508;ENT-QC;BD-1062;6;154,61;14,00;135,59;Représentant
CMD-105000;11/12/2025;16/12/2025;31/12/2025;CLI-0103;EMP-502;ENT-SAG;BD-1095;4;95,33;8,10;64,62;Représentant
CMD-104249;2025-09-22;25/09/2025;07/11/2025;CLI-0053;EMP-509;ENT-QC;BD-1130;6;507,60;10,10;323,89;Téléphone
CMD-103898;19/08/2025;24/08/2025;2025-10-10;CLI-0024;EMP-504;ENT-QC;BD-1037;6;28,09;6,10;16,65;Téléphone
CMD-104242;22/09/2025;26-sept-25;03/11/2025;CLI-0130;EMP-508;ENT-SAG;BD-1053;20;261,87;20,00;180,55;Téléphone
CMD-102349;07/01/2025;14/01/2025;16/02/2025;CLI-0048;EMP-508;ENT-MTL;BD-1130;3;498,00;11,80;323,89;Représentant
CMD-103934;22/08/2025;30/08/2025;2025-11-03;CLI-0220;EMP-506;ENT-MTL;BD-1172;3;373,47;10,80;221,22;Portail web
CMD-103731;31/07/2025;2025-08-02;05/10/2025;CLI-0005;EMP-503;ENT-MTL;BD-1057;3;28,24;5,40;23,20;Téléphone
CMD-102451;2025-01-28;02/02/2025;08/03/2025;CLI-0163;EMP-505;ENT-MTL;BD-1169;12;538,90;6,60;282,28;Représentant
CMD-103969;27-août-25;03/09/2025;27/09/2025;CLI-0106;EMP-501;ENT-MTL;BD-1120;3;265,00;10,70;186,72;Portail web
CMD-103263;27/05/2025;2025-05-31;19/07/2025;CLI-0017;EMP-507;ENT-QC;BD-1122;3;283,26;17,00;212,67;Représentant
CMD-104665;28/10/2025;01/11/2025;2025-12-15;CLI-0148;EMP-501;ENT-QC;BD-1033;2;166,12;11,30;113,22;Téléphone
CMD-104440;08/10/2025;15/10/2025;29/11/2025;CLI-0043;EMP-506;ENT-QC;BD-1138;12;129,28;12,20;88,19;Téléphone
CMD-105076;23/12/2025;27/12/2025;;CLI-0035;EMP-503;ENT-QC;BD-1016;6;363,33;12,10;224,02;Téléphone
CMD-102863;08/04/2025;12/04/2025;2025-06-05;CLI-0039;EMP-503;ENT-SAG;BD-1073;12;432,31;3,90;260,35;Représentant
CMD-105042;18/12/2025;27/12/2025;;CLI-0031;EMP-509;ENT-SAG;BD-1071;3;457,48;14,30;363,51;Portail web
CMD-102667;12/03/2025;14-mars-25;17/04/2025;CLI-0169;EMP-507;ENT-MTL;BD-1057;4;25,97;13,00;19,66;Représentant
CMD-102909;15/04/2025;21/04/2025;25/05/2025;CLI-0090;EMP-505;ENT-QC;BD-1174;6;257,50;12,70;169,01;Courriel
CMD-104957;01/12/2025;03-déc-25;;CLI-0173;EMP-508;ENT-QC;BD-1076;6;476,18;15,10;338,68;Téléphone
CMD-104935;28-nov-25;02/12/2025;;CLI-0144;EMP-502;ENT-QC;BD-1104;24;93,62;15,40;76,70;Représentant
CMD-103735;01/08/2025;03/08/2025;2025-09-26;CLI-0006;EMP-505;ENT-MTL;BD-1043;2;456,79;13,40;300,28;Courriel
CMD-103102;07/05/2025;14/05/2025;17/06/2025;CLI-0175;EMP-505;ENT-QC;BD-1057;4;27,59;7,50;23,20;Représentant
CMD-102685;13/03/2025;15-mars-25;20/05/2025;CLI-0022;EMP-506;ENT-QC;BD-1066;3;324,46;5,80;203,44;Portail web
CMD-103004;2025-04-25;30/04/2025;;CLI-0099;EMP-505;ENT-QC;BD-1128;5;110,84;23,50;78,87;Représentant
CMD-102633;06/03/2025;13/03/2025;2025-05-08;CLI-0012;EMP-501;ENT-QC;BD-1155;6;407,58;24,80;329,15;Téléphone
CMD-104233;20/09/2025;27/09/2025;06-nov-25;CLI-0014;EMP-502;ENT-MTL;BD-1093;4;218,41;2,40;159,25;Portail web
CMD-104895;24/11/2025;29/11/2025;;CLI-0064;EMP-504;ENT-SAG;BD-1040;6;407,08;7,60;274,41;Représentant
CMD-103711;28/07/2025;04/08/2025;2025-09-28;CLI-0090;EMP-505;ENT-MTL;BD-1086;3;120,28;12,70;97,25;Représentant
CMD-103748;04/08/2025;08/08/2025;22/09/2025;CLI-0166;EMP-503;ENT-QC;BD-1026;2;387,37;11,60;246,82;Portail web
CMD-102634;07/03/2025;2025-03-09;03/05/2025;CLI-0067;EMP-502;ENT-QC;BD-1178;24;170,72;16,80;119,43;Représentant
CMD-104813;13/11/2025;22/11/2025;19-déc-25;CLI-0099;EMP-505;ENT-QC;BD-1130;19;417,98;25,90;323,89;Représentant
CMD-104330;29/09/2025;01/10/2025;2025-11-20;CLI-0089;EMP-502;ENT-QC;BD-1180;34;149,93;20,80;95,30;Représentant
CMD-102682;13/03/2025;17/03/2025;18/05/2025;CLI-0141;EMP-502;ENT-MTL;BD-1039;2;170,20;14,00;122,17;Portail web
CMD-102898;2025-04-12;15/04/2025;12/06/2025;CLI-0088;EMP-504;ENT-MTL;BD-1166;3;367,10;11,60;217,35;Portail web
CMD-103037;30/04/2025;09/05/2025;13-juin-25;CLI-0076;EMP-507;ENT-SAG;BD-1159;37;219,55;24,00;169,65;Représentant
CMD-102589;27/02/2025;02/03/2025;08-avr-25;CLI-0177;EMP-505;ENT-QC;BD-1095;4;99,59;3,90;54,77;Téléphone
CMD-103666;18/07/2025;23/07/2025;2025-09-01;CLI-0184;EMP-503;ENT-MTL;BD-1053;2;312,44;4,50;180,55;Portail web
CMD-103445;2025-06-17;21/06/2025;15/07/2025;CLI-0174;EMP-502;ENT-MTL;BD-1062;3;163,62;8,90;135,59;Portail web
CMD-103049;01/05/2025;2025-05-05;25/06/2025;CLI-0212;EMP-507;ENT-QC;BD-1044;10;244,04;24,50;199,55;Téléphone
CMD-104878;20/11/2025;22/11/2025;;CLI-0169;EMP-507;ENT-SAG;BD-1134;3;98,85;10,10;61,77;Représentant
CMD-102746;24/03/2025;28/03/2025;19-mai-25;CLI-0031;EMP-509;ENT-MTL;BD-1175;6;147,14;13,30;96,85;Représentant
CMD-104289;25/09/2025;2025-10-01;11/11/2025;CLI-0012;EMP-501;ENT-SAG;BD-1092;5;218,40;22,60;168,72;Portail web
CMD-104560;17/10/2025;23/10/2025;07/12/2025;CLI-0174;EMP-502;ENT-QC;BD-1162;4;126,63;7,60;68,38;Portail web
CMD-102581;26/02/2025;07/03/2025;;CLI-0053;EMP-509;ENT-MTL;BD-1036;12;216,51;15,70;162,40;Téléphone
CMD-103784;07/08/2025;2025-08-13;14/09/2025;CLI-0108;EMP-503;ENT-SAG;BD-1055;1;291,65;11,20;213,75;Téléphone
CMD-104976;2025-12-04;08/12/2025;;CLI-0009;EMP-502;ENT-MTL;BD-1046;21;359,66;24,60;372,17;Représentant
CMD-103564;2025-07-02;10/07/2025;09/09/2025;CLI-0199;EMP-504;ENT-QC;BD-1161;2;119,96;11,20;64,16;Représentant
CMD-103342;04/06/2025;10-juin-25;25/07/2025;CLI-0026;EMP-506;ENT-QC;BD-1038;12;476,28;13,70;319,94;Représentant
CMD-102486;05/02/2025;12/02/2025;2025-03-22;CLI-0139;EMP-506;ENT-MTL;BD-1182;1;94,08;13,60;58,06;Représentant
CMD-103285;28-mai-25;06/06/2025;01/07/2025;CLI-0036;EMP-505;ENT-QC;BD-1163;1;534,08;12,90;300,77;Portail web
CMD-104926;27-nov-25;04/12/2025;;CLI-0102;EMP-506;ENT-QC;BD-1083;3;293,06;4,60;189,32;Représentant
CMD-103868;16/08/2025;18/08/2025;2025-09-22;CLI-0163;EMP-505;ENT-MTL;BD-1055;2;316,79;3,50;213,75;Représentant
CMD-102539;17/02/2025;2025-02-23;22/03/2025;CLI-0208;EMP-507;ENT-MTL;BD-1165;4;161,80;12,10;107,92;Téléphone
CMD-104311;26-sept-25;04/10/2025;10/11/2025;CLI-0187;EMP-507;ENT-SAG;BD-1039;6;166,47;15,90;122,17;Représentant
CMD-104723;2025-11-03;08/11/2025;08/12/2025;CLI-0162;EMP-508;ENT-MTL;BD-1123;2;190,87;12,20;132,28;Portail web
CMD-102879;10/04/2025;13-avr-25;13/06/2025;CLI-0048;EMP-508;ENT-SAG;BD-1018;6;402,67;13,40;247,17;Représentant
CMD-103663;17-juil-25;24/07/2025;25/09/2025;CLI-0204;EMP-506;ENT-QC;BD-1108;8;254,51;6,80;169,96;Téléphone
CMD-103570;02/07/2025;2025-07-04;18/08/2025;CLI-0185;EMP-508;ENT-QC;BD-1014;3;34,38;23,10;27,18;Représentant
CMD-103392;12/06/2025;16/06/2025;30-juil-25;CLI-0012;EMP-501;ENT-QC;BD-1120;16;232,98;21,50;186,72;Portail web
CMD-102854;07/04/2025;11/04/2025;09/06/2025;CLI-0165;EMP-507;ENT-QC;BD-1153;3;182,65;9,00;116,00;Téléphone
CMD-103889;19/08/2025;24/08/2025;2025-10-13;CLI-0190;EMP-504;ENT-QC;BD-1003;6;279,81;6,20;227,23;Téléphone
CMD-102492;06-févr-25;14/02/2025;22/03/2025;CLI-0056;EMP-502;ENT-QC;BD-1170;2;27,47;21,90;16,95;Portail web
CMD-104077;08/09/2025;2025-09-13;22/10/2025;CLI-0044;EMP-505;ENT-SAG;BD-1056;2;429,74;12,60;293,14;Représentant
CMD-103781;07/08/2025;16-août-25;12/10/2025;CLI-0123;EMP-501;ENT-QC;BD-1002;1;399,38;14,70;298,72;Portail web
CMD-103479;23/06/2025;26-juin-25;19/08/2025;CLI-0217;EMP-506;ENT-MTL;BD-1040;18;347,12;21,20;274,41;Salon
CMD-104486;13/10/2025;17/10/2025;03/12/2025;CLI-0090;EMP-505;ENT-QC;BD-1120;4;261,21;12,00;186,72;Téléphone
CMD-104533;16/10/2025;20/10/2025;2025-12-07;CLI-0191;EMP-504;ENT-MTL;BD-1106;4;446,06;15,90;340,08;Portail web
CMD-104424;2025-10-07;10/10/2025;06/12/2025;CLI-0090;EMP-505;ENT-SAG;BD-1098;1;384,37;12,80;309,76;Téléphone
CMD-103287;2025-05-28;31/05/2025;31/07/2025;CLI-0091;EMP-504;ENT-SAG;BD-1121;2;73,09;6,10;44,65;Téléphone
CMD-102688;13/03/2025;2025-03-18;22/04/2025;CLI-0201;EMP-504;ENT-QC;BD-1173;12;370,38;7,10;212,35;Téléphone
CMD-102485;04/02/2025;2025-02-08;16/04/2025;CLI-0148;EMP-501;ENT-QC;BD-1126;2;181,96;10,10;133,03;Représentant
CMD-104388;03/10/2025;09/10/2025;2025-11-22;CLI-0074;EMP-507;ENT-SAG;BD-1131;36;51,49;23,20;37,08;Représentant
CMD-102893;11/04/2025;13/04/2025;2025-06-02;CLI-0212;EMP-507;ENT-MTL;BD-1035;78;39,18;19,00;30,63;Salon
CMD-103884;2025-08-18;24/08/2025;14/10/2025;CLI-0209;EMP-508;ENT-QC;BD-1165;8;144,77;21,30;107,92;Représentant
CMD-103007;26-avr-25;03/05/2025;08/06/2025;CLI-0160;EMP-508;ENT-MTL;BD-1105;3;244,68;5,60;169,61;Représentant
CMD-103812;11/08/2025;17/08/2025;2025-10-02;CLI-0136;EMP-507;ENT-MTL;BD-1032;4;468,80;14,40;409,59;Représentant
CMD-104469;10/10/2025;2025-10-18;19/11/2025;CLI-0088;EMP-504;ENT-SAG;BD-1168;2;352,65;11,80;229,43;Téléphone
CMD-104168;2025-09-16;18/09/2025;;CLI-0025;EMP-509;ENT-SAG;BD-1018;4;390,86;15,90;247,17;Représentant
CMD-103529;27/06/2025;02/07/2025;28/08/2025;CLI-0212;EMP-507;ENT-SAG;BD-1054;8;371,04;20,40;262,94;Portail web
CMD-104825;14/11/2025;2025-11-18;;CLI-0217;EMP-506;ENT-MTL;BD-1102;15;380,21;21,60;260,69;Portail web
CMD-103202;20/05/2025;22/05/2025;19-juin-25;CLI-0080;EMP-506;ENT-QC;BD-1027;6;392,93;14,20;254,96;Représentant
CMD-103934;22/08/2025;30/08/2025;03/11/2025;CLI-0220;EMP-506;ENT-MTL;BD-1051;6;115,70;10,80;79,76;Portail web
CMD-102482;2025-02-04;06/02/2025;11/04/2025;CLI-0121;EMP-508;ENT-QC;BD-1114;12;219,37;13,20;152,73;Portail web
CMD-104945;29/11/2025;01/12/2025;24-déc-25;CLI-0178;EMP-501;ENT-MTL;BD-1074;8;183,00;5,80;130,44;Représentant
CMD-104951;01/12/2025;05-déc-25;;CLI-0162;EMP-508;ENT-MTL;BD-1102;12;436,12;10,00;260,69;Téléphone
CMD-103763;05/08/2025;09/08/2025;;CLI-0165;EMP-507;ENT-MTL;BD-1057;3;27,25;8,70;23,20;Représentant
CMD-105080;2025-12-23;27/12/2025;;CLI-0182;EMP-503;ENT-QC;BD-1069;3;332,58;16,60;239,15;Téléphone
CMD-103063;02/05/2025;11/05/2025;2025-06-09;CLI-0015;EMP-509;ENT-QC;BD-1014;3;42,45;5,00;27,18;Représentant
CMD-103454;19/06/2025;25/06/2025;30/07/2025;CLI-0137;EMP-503;ENT-MTL;BD-1058;16;193,05;21,10;149,54;Représentant
CMD-104410;2025-10-06;14/10/2025;27/11/2025;CLI-0084;EMP-503;ENT-QC;BD-1147;8;509,32;14,90;346,92;Représentant
CMD-102349;07/01/2025;2025-01-14;16/02/2025;CLI-0048;EMP-508;ENT-MTL;BD-1029;3;345,77;11,80;243,45;Représentant
CMD-102469;31/01/2025;2025-02-02;21/03/2025;CLI-0155;EMP-506;ENT-SAG;BD-1122;1;284,67;16,60;212,67;Représentant
CMD-102742;22/03/2025;25/03/2025;05-mai-25;CLI-0201;EMP-504;ENT-QC;BD-1106;1;509,33;4,00;340,08;Représentant
CMD-102983;24/04/2025;2025-05-03;24/06/2025;CLI-0123;EMP-501;ENT-MTL;BD-1112;6;98,87;13,90;67,02;Téléphone
CMD-104663;2025-10-28;06/11/2025;28/12/2025;CLI-0105;EMP-502;ENT-QC;BD-1074;1;186,74;3,80;130,44;Téléphone
CMD-102792;2025-03-29;31/03/2025;16/05/2025;CLI-0083;EMP-507;ENT-SAG;BD-1116;4;81,60;8,00;60,17;Portail web
CMD-102444;27/01/2025;2025-02-04;30/03/2025;CLI-0200;EMP-509;ENT-QC;BD-1017;4;482,06;14,50;313,71;Représentant
CMD-104289;25/09/2025;2025-10-01;11/11/2025;CLI-0012;EMP-501;ENT-SAG;BD-1182;12;84,25;22,60;58,06;Téléphone
CMD-103162;15/05/2025;21-mai-25;10/06/2025;CLI-0220;EMP-506;ENT-QC;BD-1046;4;417,67;12,50;372,17;Téléphone
CMD-102758;25-mars-25;03/04/2025;15/05/2025;CLI-0056;EMP-502;ENT-SAG;BD-1112;16;85,51;25,60;67,02;Représentant
CMD-104401;06/10/2025;11/10/2025;2025-11-30;CLI-0212;EMP-507;ENT-SAG;BD-1071;26;408,28;23,50;363,51;Représentant
CMD-102965;21/04/2025;27-avr-25;;CLI-0062;EMP-507;ENT-MTL;BD-1031;6;460,90;11,30;300,62;Portail web
CMD-103747;2025-08-04;13/08/2025;11/10/2025;CLI-0005;EMP-503;ENT-QC;BD-1036;6;244,50;4,80;191,63;Représentant
CMD-104957;01/12/2025;03/12/2025;;CLI-0173;EMP-508;ENT-QC;BD-1072;4;335,92;15,10;236,88;Téléphone
CMD-104429;08/10/2025;14/10/2025;21-nov-25;CLI-0195;EMP-506;ENT-MTL;BD-1111;8;198,06;10,60;148,90;Représentant
CMD-104569;18/10/2025;21/10/2025;2025-12-08;CLI-0171;EMP-507;ENT-QC;BD-1131;1;63,13;5,80;37,08;Représentant
CMD-104305;26-sept-25;28/09/2025;02/11/2025;CLI-0160;EMP-508;ENT-SAG;BD-1087;12;377,40;2,20;215,66;Représentant
CMD-103696;24/07/2025;28/07/2025;07/09/2025;CLI-0103;EMP-502;ENT-QC;BD-1048;1;49,29;3,70;33,51;Représentant
CMD-103413;13/06/2025;21-juin-25;02/07/2025;CLI-0173;EMP-508;ENT-MTL;BD-1042;24;370,44;16,10;267,02;Représentant
CMD-103673;21/07/2025;25/07/2025;29-août-25;CLI-0113;EMP-505;ENT-QC;BD-1019;1;280,79;6,70;205,07;Représentant
CMD-102530;14/02/2025;23/02/2025;24-mars-25;CLI-0148;EMP-501;ENT-MTL;BD-1125;2;393,21;10,60;291,24;Téléphone
CMD-103552;01/07/2025;05-juil-25;25/08/2025;CLI-0072;EMP-501;ENT-QC;BD-1056;6;411,70;16,30;293,14;Portail web
CMD-104982;05-déc-25;07/12/2025;;CLI-0155;EMP-506;ENT-MTL;BD-1036;8;220,39;14,20;191,63;Représentant
CMD-103141;2025-05-13;16/05/2025;13/07/2025;CLI-0053;EMP-509;ENT-QC;BD-1114;8;226,80;10,20;152,73;Portail web
CMD-104753;05-nov-25;07/11/2025;10/12/2025;CLI-0199;EMP-504;ENT-QC;BD-1003;6;253,83;14,90;227,23;Représentant
CMD-104720;03/11/2025;07/11/2025;2025-12-31;CLI-0204;EMP-506;ENT-SAG;BD-1095;2;99,42;4,10;64,62;Représentant
CMD-104277;24/09/2025;27/09/2025;31-oct-25;CLI-0037;EMP-504;ENT-QC;BD-1067;19;32,21;22,60;28,64;Représentant
CMD-104813;13/11/2025;2025-11-22;19/12/2025;CLI-0099;EMP-505;ENT-QC;BD-1082;17;351,98;25,90;335,40;Représentant
CMD-102752;24/03/2025;02/04/2025;2025-05-08;CLI-0012;EMP-501;ENT-QC;BD-1140;25;47,49;25,20;41,26;Portail web
CMD-104594;22/10/2025;2025-10-27;01/12/2025;CLI-0053;EMP-509;ENT-MTL;BD-1154;4;467,54;12,50;329,92;Portail web
CMD-104316;2025-09-27;01/10/2025;25/11/2025;CLI-0019;EMP-502;ENT-SAG;BD-1089;1;308,43;2,60;189,92;Représentant
CMD-103212;31/02/2024;24-mai-25;18/06/2025;CLI-0034;EMP-507;ENT-MTL;BD-1122;8;288,51;15,40;212,67;Représentant
CMD-104596;22/10/2025;25/10/2025;29/11/2025;CLI-0009;EMP-502;ENT-MTL;BD-1098;7;354,42;19,60;309,76;Portail web
CMD-102350;07/01/2025;15/01/2025;15/02/2025;CLI-0043;EMP-506;ENT-QC;BD-1140;4;56,13;11,70;41,26;Représentant
CMD-104099;09/09/2025;16-sept-25;07/11/2025;CLI-0177;EMP-505;ENT-SAG;BD-1066;3;333,33;3,20;240,06;Représentant
CMD-103456;19/06/2025;21/06/2025;2025-07-21;CLI-0132;EMP-507;ENT-MTL;BD-1032;3;462,65;15,50;409,59;Représentant
CMD-102906;14/04/2025;23/04/2025;17-mai-25;CLI-0037;EMP-504;ENT-QC;BD-1037;59;22,47;24,90;16,65;Représentant
CMD-104330;2025-09-29;01/10/2025;20/11/2025;CLI-0089;EMP-502;ENT-QC;BD-1037;5;23,69;20,80;16,65;Représentant
CMD-104385;03/10/2025;11/10/2025;03-déc-25;CLI-0076;EMP-507;ENT-SAG;BD-1148;6;355,52;22,70;302,28;Courriel
CMD-103277;28/05/2025;2025-06-06;17/07/2025;CLI-0132;EMP-507;ENT-MTL;BD-1027;3;394290,00;13,90;254,96;Courriel
CMD-103178;16/05/2025;20/05/2025;18/07/2025;CLI-0088;EMP-504;ENT-MTL;BD-1167;1;313,97;15,40;209,73;Portail web
CMD-103587;04/07/2025;06/07/2025;07/09/2025;CLI-0099;EMP-505;ENT-MTL;BD-1038;11;439,86;20,30;319,94;Représentant
CMD-104654;2025-10-27;02/11/2025;;CLI-0211;EMP-504;ENT-QC;BD-1084;1;511,07;12,00;375,89;Portail web
CMD-104919;27/11/2025;30/11/2025;2025-12-15;CLI-0119;EMP-503;ENT-QC;BD-1072;4;364,09;8,00;236,88;Représentant
CMD-102751;24/03/2025;29-mars-25;03/05/2025;CLI-0035;EMP-503;ENT-MTL;BD-1173;2;331,30;16,90;212,35;Portail web
CMD-102744;2025-03-22;24/03/2025;07/05/2025;CLI-0209;EMP-508;ENT-QC;BD-1056;4;375,51;23,70;293,14;Portail web
CMD-105120;30/12/2025;05/01/2026;;CLI-0171;EMP-507;ENT-QC;BD-1145;2;179,45;2,50;111,12;Portail web
CMD-103050;2025-05-01;09/05/2025;27/06/2025;CLI-0187;EMP-507;ENT-QC;BD-1062;6;151,33;15,80;135,59;Portail web
CMD-103954;26/08/2025;28/08/2025;2025-10-14;CLI-0151;EMP-504;ENT-SAG;BD-1057;24;27,89;6,50;23,20;Représentant
CMD-103719;2025-07-29;06/08/2025;24/09/2025;CLI-0137;EMP-503;ENT-MTL;BD-1050;74;396,03;21,40;297,82;Téléphone
CMD-102599;2025-03-03;11/03/2025;06/04/2025;CLI-0001;EMP-508;ENT-QC;BD-1180;3;176,85;6,60;95,30;Courriel
CMD-102658;11/03/2025;13-mars-25;15/04/2025;CLI-0002;EMP-509;ENT-MTL;BD-1121;3;75,10;3,50;44,65;Portail web
CMD-103881;2025-08-18;22/08/2025;15/10/2025;CLI-0100;EMP-505;ENT-MTL;BD-1012;4;119,25;2,00;69,62;Représentant
CMD-103567;2025-07-02;04/07/2025;31/08/2025;CLI-0057;EMP-507;ENT-QC;BD-1125;1;375,79;14,60;291,24;Téléphone
CMD-103976;2025-08-28;01/09/2025;26/10/2025;CLI-0052;EMP-504;ENT-MTL;BD-1064;4;109,18;12,80;70,89;Téléphone
CMD-103849;14/08/2025;2025-08-18;07/09/2025;CLI-0059;EMP-504;ENT-QC;BD-1087;11;315,68;18,20;215,66;Portail web
CMD-104239;22/09/2025;29/09/2025;08/12/2025;CLI-0074;EMP-507;ENT-MTL;BD-1093;2;179,84;19,60;159,25;Téléphone
CMD-103876;18/08/2025;22/08/2025;19/09/2025;CLI-0154;EMP-507;ENT-QC;BD-1034;2;207,30;12,70;182,99;Représentant
CMD-104794;11-nov-25;15/11/2025;;CLI-0067;EMP-502;ENT-SAG;BD-1094;8;176,94;13,20;124,30;Représentant
CMD-104279;2025-09-24;03/10/2025;23/11/2025;CLI-0074;EMP-507;ENT-QC;BD-1039;5;157,99;20,20;122,17;Portail web
CMD-104866;20/11/2025;29/11/2025;;CLI-0012;EMP-501;ENT-MTL;BD-1092;9;228,62;19,00;168,72;Portail web
CMD-104496;2025-10-13;16/10/2025;23/11/2025;CLI-0037;EMP-504;ENT-SAG;BD-1103;7;185,71;18,50;154,84;Téléphone
CMD-104146;12/09/2025;20/09/2025;08/11/2025;CLI-0145;EMP-504;ENT-MTL;BD-1053;2;315,82;3,50;180,55;Représentant
CMD-104212;2025-09-18;21/09/2025;19/10/2025;CLI-0106;EMP-501;ENT-MTL;BD-1178;1;177,05;13,80;119,43;Représentant
CMD-104537;16/10/2025;2025-10-21;23/12/2025;CLI-0053;EMP-509;ENT-QC;BD-1058;8;206,74;15,60;149,54;Téléphone
CMD-104007;01/09/2025;03/09/2025;2025-11-12;CLI-0067;EMP-502;ENT-MTL;BD-1045;2;110,84;15,40;78,37;Portail web
CMD-104353;01-oct-25;03/10/2025;04/11/2025;CLI-0095;EMP-505;ENT-QC;BD-1102;24;445,75;8,00;260,69;Portail web
CMD-103881;18/08/2025;2025-08-22;15/10/2025;CLI-0100;EMP-505;ENT-MTL;BD-1145;6;180,41;2,00;111,12;Représentant
CMD-104684;2025-10-30;04/11/2025;15/12/2025;CLI-0050;EMP-502;ENT-MTL;BD-1127;2;269,18;10,60;174,31;Téléphone
CMD-103376;10/06/2025;2025-06-12;02/08/2025;CLI-0056;EMP-502;ENT-QC;BD-1031;9;402,20;22,60;300,62;Représentant
CMD-103025;2025-04-29;08/05/2025;02/06/2025;CLI-0074;EMP-507;ENT-MTL;BD-1053;70;247,22;24,40;180,55;Portail web
CMD-104139;12/09/2025;20-sept-25;30/10/2025;CLI-0112;EMP-505;ENT-QC;BD-1106;4;463,45;12,70;340,08;Portail web
CMD-102703;17/03/2025;25/03/2025;09-avr-25;CLI-0170;EMP-504;ENT-QC;BD-1179;6;409,41;5,10;231,35;Courriel
CMD-104472;10/10/2025;2025-10-13;06/12/2025;CLI-0009;EMP-502;ENT-QC;BD-1081;5;450,43;24,10;364,83;Téléphone
CMD-104074;2025-09-08;14/09/2025;24/11/2025;CLI-0003;EMP-508;ENT-QC;BD-1049;12;53,33;2,40;31,22;Portail web
CMD-103351;00/00/0000;10/06/2025;09/08/2025;CLI-0099;EMP-505;ENT-QC;BD-1019;36;226,67;24,70;205,07;Représentant
CMD-102747;24/03/2025;2025-03-26;02/05/2025;CLI-0148;EMP-501;ENT-SAG;BD-1134;3;97,85;11,00;61,77;Courriel
CMD-104004;01/09/2025;07/09/2025;2025-10-18;CLI-0099;EMP-505;ENT-QC;BD-1059;6;412,10;21,90;391,48;Représentant
CMD-102758;25/03/2025;03/04/2025;15/05/2025;CLI-0056;EMP-502;ENT-SAG;BD-1005;21;243,39;25,60;208,35;Représentant
CMD-103613;09/07/2025;2025-07-12;20/08/2025;CLI-0212;EMP-507;ENT-QC;BD-1114;4;199,70;20,90;152,73;Représentant
CMD-103352;05/06/2025;11/06/2025;2025-08-07;CLI-0148;EMP-501;ENT-SAG;BD-1119;1;77,07;16,10;59,67;Portail web
CMD-104434;08/10/2025;17-oct-25;10/12/2025;CLI-0097;EMP-504;ENT-SAG;BD-1175;3;160,40;5,50;96,85;Représentant
CMD-104530;15/10/2025;23-oct-25;13/12/2025;CLI-0089;EMP-502;ENT-MTL;BD-1100;17;431,42;19,60;369,19;Représentant
CMD-103787;07/08/2025;2025-08-13;02/10/2025;CLI-0152;EMP-503;ENT-MTL;BD-1152;2;460,71;4,20;271,40;Représentant
CMD-104792;11-nov-25;17/11/2025;19/12/2025;cli-0074;EMP-507;ENT-MTL;BD-1135;13;58,76;19,80;40,73;Représentant
CMD-102426;22/01/2025;26/01/2025;2025-02-24;CLI-0112 ;EMP-505;ENT-QC;BD-1074;4;165,00;15,00;110,54;Téléphone
CMD-102642;07/03/2025;10/03/2025;05-avr-25;CLI-0037;EMP-504;ENT-MTL;BD-1087;40;312,62;19,00;215,66;Représentant
CMD-104016;02/09/2025;06/09/2025;21/10/2025;CLI-0048;EMP-508;ENT-QC;BD-1043;4;454,11;14,00;300,28;Représentant
CMD-102420;2025-01-21;30/01/2025;20/02/2025;CLI-0193;EMP-509;ENT-SAG;BD-1140;12;55,97;11,90;41,26;Représentant
CMD-103655;16/07/2025;21/07/2025;;CLI-0154;EMP-507;ENT-MTL;BD-1112;6;97,41;15,20;67,02;Représentant
CMD-104579;21/10/2025;25/10/2025;2025-12-15;CLI-0045;EMP-502;ENT-MTL;BD-1170;4;29,22;16,90;16,95;Téléphone
CMD-103969;2025-08-27;03/09/2025;27/09/2025;CLI-0106;EMP-501;ENT-MTL;BD-1054;3;415,95;10,70;262,94;Représentant
CMD-102437;24/01/2025;01/02/2025;21-mars-25;CLI-0136;EMP-507;ENT-SAG;BD-1026;6;366,45;16,40;246,82;Représentant
CMD-103295;29/05/2025;07-juin-25;02/07/2025;CLI-0130;EMP-508;ENT-QC;BD-1109;21;360,25;21,70;310,20;Téléphone
CMD-103692;23-juil-25;01/08/2025;01/09/2025;CLI-0092;EMP-508;ENT-QC;BD-1019;3;291,48;3,20;205,07;Courriel
CMD-104236;20/09/2025;27/09/2025;;CLI-0209;EMP-508;ENT-QC;BD-1001;3;257,15;23,30;219,63;Représentant
CMD-104887;31/02/2024;27/11/2025;;CLI-0089;EMP-502;ENT-QC;BD-1054;7;345,82;25,80;262,94;Portail web
CMD-104398;06/10/2025;10-oct-25;14/12/2025;CLI-0029;EMP-506;ENT-MTL;BD-1008;10;190,09;18,70;155,34;Représentant
CMD-103997;01/09/2025;07/09/2025;19-oct-25;CLI-0037;EMP-504;ENT-MTL;BD-1036;17;190,62;25,80;191,63;Représentant
CMD-104143;2025-09-12;21/09/2025;30/10/2025;CLI-0076;EMP-507;ENT-MTL;BD-1085;9;54,01;19,60;49,28;Salon
CMD-104344;30/09/2025;03/10/2025;25-nov-25;CLI-0200;EMP-509;ENT-MTL;BD-1117;6;133,18;10,10;100,34;Représentant
CMD-102440;25/01/2025;28/01/2025;21-mars-25;CLI-0193;EMP-509;ENT-QC;BD-1107;6;191,83;12,90;150,54;Représentant
CMD-104406;06/10/2025;11/10/2025;2025-11-24;CLI-0142;EMP-508;ENT-SAG;BD-1136;4;202,00;2,70;112,45;Représentant
CMD-104580;21/10/2025;2025-10-23;17/12/2025;CLI-0106;EMP-501;ENT-SAG;BD-1131;8;56,12;16,30;37,08;Courriel
CMD-105027;2025-12-16;21/12/2025;;CLI-0056;EMP-502;ENT-QC;BD-1150;33;485,72;22,40;347,06;Représentant
CMD-105022;15-déc-25;24/12/2025;;CLI-0080;EMP-506;ENT-MTL;BD-1117;4;126,27;14,80;100,34;Téléphone
CMD-103905;20/08/2025;26/08/2025;;CLI-0099;EMP-505;ENT-MTL;BD-1006;18;259,23;22,60;182,47;Représentant
CMD-103069;03/05/2025;2025-05-11;16/07/2025;CLI-0059;EMP-504;ENT-QC;BD-1169;5;470,87;18,30;282,28;Représentant
CMD-103803;2025-08-09;11/08/2025;22/09/2025;CLI-0108;EMP-503;ENT-QC;BD-1046;2;425,28;10,90;372,17;Portail web
CMD-102823;02/04/2025;2025-04-04;17/05/2025;CLI-0059;EMP-504;ENT-QC;BD-1182;2;89,06;18,20;58,06;Portail web
CMD-102900;14/04/2025;2025-04-22;27/06/2025;CLI-0053;EMP-509;ENT-SAG;BD-1167;2;314,13;15,40;209,73;Représentant
CMD-102583;26-févr-25;02/03/2025;02/04/2025;CLI-0009;EMP-502;ENT-QC;BD-1110;17;227,03;20,00;182,67;Représentant
CMD-102426;22/01/2025;26/01/2025;2025-02-24;CLI-0112;EMP-505;ENT-QC;BD-1157;4;44,49;15,00;25,21;Téléphone
CMD-103584;04/07/2025;09/07/2025;27-août-25;CLI-0108;EMP-503;ENT-MTL;BD-1042;2;377,56;14,40;267,02;Représentant
CMD-102341;03-janv-25;11/01/2025;09/03/2025;CLI-0056;EMP-502;ENT-MTL;BD-1122;9;269,07;21,10;212,67;Représentant
CMD-104182;17/09/2025;26/09/2025;2025-11-01;CLI-0059;EMP-504;ENT-QC;BD-1103;23;178,16;21,80;154,84;Portail web
CMD-103922;21-août-25;29/08/2025;22/10/2025;CLI-0096;EMP-504;ENT-SAG;BD-1061;6;109,22;7,50;76,81;Représentant
CMD-102644;08/03/2025;11/03/2025;07/05/2025;CLI-0192;EMP-505;ENT-QC;BD-1180;3;172,77;8,80;95,30;Représentant
CMD-104376;02/10/2025;04/10/2025;;CLI-0126;EMP-502;ENT-SAG;BD-1160;24;66,86;15,10;41,56;Téléphone
CMD-102354;07-janv-25;14/01/2025;17/02/2025;CLI-0211;EMP-504;ENT-MTL;BD-1021;8;310,73;14,60;205,78;Représentant
CMD-102333;02/01/2025;11/01/2025;16/02/2025;CLI-0011;EMP-507;ENT-QC;BD-1111;6;207,89;6,20;148,90;Représentant
CMD-102904;14/04/2025;2025-04-19;16/06/2025;CLI-0198;EMP-504;ENT-QC;BD-1036;8;242,09;5,70;162,40;Représentant
CMD-104508;14/10/2025;2025-10-16;20/11/2025;CLI-0043;EMP-506;ENT-QC;BD-1087;6;330,55;14,30;215,66;Salon
CMD-104774;2025-11-10;19/11/2025;20/12/2025;CLI-0037;EMP-504;ENT-MTL;BD-1107;15;166,60;24,40;150,54;Représentant
CMD-104215;18-sept-25;22/09/2025;;CLI-0073;EMP-501;ENT-MTL;BD-1118;8;440,46;11,40;343,17;Représentant
CMD-103449;2025-06-18;26/06/2025;05/08/2025;CLI-0095;EMP-505;ENT-QC;BD-1109;3;426,90;7,20;310,20;Portail web
CMD-104095;09/09/2025;2025-09-16;11/10/2025;CLI-0077;EMP-501;ENT-MTL;BD-1125;3;416,58;5,30;291,24;Représentant
CMD-102375;2025-01-11;13/01/2025;02/02/2025;CLI-0009;EMP-502;ENT-MTL;BD-1156;6;246,11;18,50;164,64;Représentant
CMD-103944;2025-08-25;01/09/2025;27/09/2025;CLI-0087;EMP-502;ENT-MTL;BD-1012;1;106,94;12,10;69,62;Téléphone
CMD-103389;11/06/2025;16/06/2025;2025-08-03;CLI-0108;EMP-503;ENT-QC;BD-1018;3;386,03;17,00;247,17;Représentant
CMD-102382;2025-01-14;17/01/2025;05/03/2025;CLI-0190;EMP-504;ENT-MTL;BD-1143;12;350,11;6,70;220,45;Représentant
CMD-104975;04/12/2025;13/12/2025;;CLI-0057;EMP-507;ENT-MTL;BD-1028;1;203,41;14,00;143,73;Représentant
CMD-103428;2025-06-16;24/06/2025;17/08/2025;CLI-0185;EMP-508;ENT-SAG;BD-1012;45;91,01;25,20;69,62;Représentant
CMD-104163;15-sept-25;17/09/2025;10/11/2025;CLI-0089;EMP-502;ENT-SAG;BD-1074;2;149,72;22,90;130,44;Représentant
CMD-104741;2025-11-04;10/11/2025;18/12/2025;CLI-0059;EMP-504;ENT-QC;BD-1094;13;159,32;21,80;124,30;Salon
CMD-103313;31/05/2025;08-juin-25;24/07/2025;CLI-0112;EMP-505;ENT-QC;BD-1024;4;288,51;13,70;189,35;Représentant
CMD-104802;12/11/2025;15/11/2025;;CLI-0076;EMP-507;ENT-MTL;BD-1169;5;440,71;23,60;282,28;Portail web
CMD-103540;2025-06-30;02/07/2025;22/08/2025;CLI-0214;EMP-508;ENT-SAG;BD-1105;8;244,62;5,60;169,61;Représentant
CMD-104813;2025-11-13;22/11/2025;19/12/2025;CLI-0099;EMP-505;ENT-QC;BD-1087;17;285,68;25,90;215,66;Représentant
CMD-104333;2025-09-30;08/10/2025;25/11/2025;CLI-0054;EMP-507;ENT-MTL;BD-1041;12;211,83;16,40;163,24;Représentant
CMD-105053;19/12/2025;27/12/2025;;CLI-0173;EMP-508;ENT-QC;BD-1148;24;392,96;14,60;302,28;Portail web
CMD-103040;30/04/2025;03/05/2025;12-juin-25;CLI-0033;EMP-504;ENT-QC;BD-1154;1;445,44;16,70;329,92;Téléphone
CMD-104557;17/10/2025;19/10/2025;2025-12-03;CLI-0201;EMP-504;ENT-SAG;BD-1013;4;474,92;8,00;315,34;Portail web
CMD-103532;28/06/2025;2025-07-03;23/08/2025;CLI-0080;EMP-506;ENT-SAG;BD-1122;-2;289,71;15,10;212,67;Courriel
CMD-102735;21/03/2025;30/03/2025;07/05/2025;CLI-0140;EMP-502;ENT-MTL;BD-1107;2;210,32;4,50;150,54;Téléphone
CMD-102800;31/03/2025;2025-04-08;26/05/2025;CLI-0209;EMP-508;ENT-MTL;BD-1158;33;266,64;23,70;184,61;Portail web
CMD-104717;01/11/2025;2025-11-10;28/12/2025;CLI-0121;EMP-508;ENT-QC;BD-1153;4;169,80;15,40;116,00;Représentant
CMD-104137;12/09/2025;21/09/2025;05/10/2025;CLI-0121;EMP-508;ENT-MTL;BD-1085;1;58,76;12,60;49,28;Représentant
CMD-104489;13/10/2025;16/10/2025;08/12/2025;CLI-0085;EMP-503;ENT-QC;BD-1150;6;593,43;5,20;347,06;Représentant
CMD-103634;2025-07-14;16/07/2025;29/09/2025;CLI-0041;EMP-508;ENT-QC;BD-1007;12;88,37;14,50;57,14;Représentant
CMD-104559;2025-10-17;24/10/2025;;CLI-0026;EMP-506;ENT-MTL;BD-1028;2;210,45;11,00;143,73;Téléphone
CMD-104708;31/10/2025;08/11/2025;23-déc-25;CLI-0112;EMP-505;ENT-MTL;BD-1131;2;58,99;12,00;37,08;Représentant
CMD-102966;2025-04-21;27/04/2025;07/06/2025;CLI-0139;EMP-506;ENT-SAG;BD-1064;3;106,55;14,90;70,89;Courriel
CMD-103410;13/06/2025;2025-06-18;12/08/2025;CLI-0025;EMP-509;ENT-SAG;BD-9437;12;240,80;11,90;169,96;Courriel
CMD-104939;28/11/2025;2025-12-07;;CLI-0056;EMP-502;ENT-SAG;BD-1164;6;147,63;24,30;100,45;Représentant
CMD-105084;24-déc-25;29/12/2025;;CLI-0170;EMP-504;ENT-MTL;BD-1129;2;69,27;3,60;46,45;Portail web
CMD-104134;12/09/2025;21/09/2025;2025-10-11;CLI-0163;EMP-505;ENT-QC;BD-1046;3;446,03;6,50;372,17;Téléphone
CMD-103763;05/08/2025;2025-08-09;;CLI-0165;EMP-507;ENT-MTL;BD-1045;8;119,69;8,70;78,37;Courriel
CMD-103928;22/08/2025;24/08/2025;2025-09-23;CLI-0200;EMP-509;ENT-SAG;BD-1024;6;290,10;13,20;189,35;Représentant
CMD-104500;13/10/2025;22/10/2025;2025-11-27;CLI-0056;EMP-502;ENT-QC;BD-1138;11;112,94;23,30;88,19;Téléphone
CMD-102416;20/01/2025;23/01/2025;;CLI-0074;EMP-507;ENT-MTL;BD-1151;18;125,58;21,00;92,25;Représentant
CMD-103952;25/08/2025;2025-08-29;03/10/2025;CLI-0062;EMP-507;ENT-SAG;BD-1042;8;386,58;12,40;267,02;Représentant
CMD-103532;28/06/2025;03-juil-25;23/08/2025;CLI-0080;EMP-506;ENT-SAG;BD-1018;4;394,67;15,10;247,17;Représentant
CMD-102842;04-avr-25;11/04/2025;27/05/2025;CLI-0090;EMP-505;ENT-MTL;BD-1059;1;468,90;11,10;331,76;Portail web
CMD-103635;14-juil-25;16/07/2025;27/08/2025;CLI-0115;EMP-509;ENT-SAG;BD-1019;1;268,20;10,90;205,07;Téléphone
CMD-103500;25-juin-25;03/07/2025;09/08/2025;CLI-0059;EMP-504;ENT-QC;BD-1121;7;60,58;22,20;44,65;Téléphone
CMD-103121;09/05/2025;2025-05-15;04/07/2025;CLI-0121;EMP-508;ENT-QC;BD-1146;3;321,55;14,40;225,52;Portail web
CMD-104977;04/12/2025;13/12/2025;;CLI-0131;EMP-502;ENT-MTL;BD-1139;1;316,27;11,80;203,11;Portail web
CMD-105121;31/12/2025;2026-01-08;;CLI-0069;EMP-508;ENT-SAG;BD-1114;2;246,49;2,40;152,73;Téléphone
CMD-105086;2025-12-24;01/01/2026;;CLI-0056;EMP-502;ENT-MTL;BD-1005;47;266,21;18,60;208,35;Représentant
CMD-104565;2025-10-17;23/10/2025;31/12/2025;CLI-0099;EMP-505;ENT-SAG;BD-1046;21;380,19;20,30;372,17;Représentant
CMD-103516;2025-06-26;29/06/2025;26/07/2025;CLI-0155;EMP-506;ENT-MTL;BD-1048;6;44,85;12,40;33,51;Représentant
CMD-103182;16/05/2025;18/05/2025;08-août-25;CLI-0059;EMP-504;ENT-MTL;BD-1109;3;372,44;19,00;310,20;Téléphone
CMD-104877;20-nov-25;24/11/2025;;CLI-0214;EMP-508;ENT-MTL;BD-1167;1;353,70;4,70;209,73;Portail web
CMD-104315;27/09/2025;04/10/2025;2025-11-24;CLI-0059;EMP-504;ENT-QC;BD-1038;8;415,63;24,70;319,94;Représentant
CMD-103913;2025-08-20;27/08/2025;23/10/2025;CLI-0154;EMP-507;ENT-QC;BD-1063;8;312,03;15,30;247,24;Représentant
CMD-102862;08/04/2025;14/04/2025;23/05/2025;CLI-0151;EMP-504;ENT-MTL;BD-1013;8;500,20;3,10;315,34;Salon
CMD-103890;19/08/2025;2025-08-26;01/10/2025;CLI-0089;EMP-502;ENT-QC;BD-1002;11;366,64;21,70;298,72;Téléphone
CMD-104692;30/10/2025;03/11/2025;22-déc-25;CLI-0105;EMP-502;ENT-MTL;BD-1142;1;149,30;8,50;100,93;Portail web
CMD-104025;02/09/2025;06/09/2025;2025-10-14;CLI-0180;EMP-509;ENT-QC;BD-1065;6;230,39;7,60;155,19;Représentant
CMD-104536;16/10/2025;25/10/2025;31/12/2025;CLI-0209;EMP-508;ENT-QC;BD-1095;5;84,28;18,70;64,62;Représentant
CMD-103198;2025-05-19;26/05/2025;;CLI-0029;EMP-506;ENT-QC;BD-1126;71;154,37;23,70;133,03;Téléphone
CMD-103648;;23/07/2025;2025-09-02;CLI-0121;EMP-508;ENT-QC;BD-1061;3;105,52;10,70;76,81;Portail web
CMD-104348;30-sept-25;03/10/2025;29/11/2025;CLI-0048;EMP-508;ENT-QC;BD-1099;3;436,93;12,00;346,57;Représentant
CMD-104698;30/10/2025;2025-11-05;;CLI-0196;EMP-506;ENT-QC;BD-1064;6;117,41;6,30;70,89;Salon
CMD-104210;18/09/2025;26-sept-25;31/10/2025;CLI-0074;EMP-507;ENT-MTL;BD-1094;5;159,10;22,00;124,30;Représentant
CMD-103549;01/07/2025;2025-07-08;21/08/2025;CLI-0130;EMP-508;ENT-MTL;BD-1021;29;290,76;20,10;242,82;Courriel
CMD-102425;22/01/2025;30/01/2025;13/03/2025;CLI-0056;EMP-502;ENT-QC;BD-1033;6;150,94;19,40;113,22;Portail web
CMD-104605;23/10/2025;31/10/2025;;CLI-0059;EMP-504;ENT-SAG;BD-1139;14;277,28;22,70;203,11;Représentant
CMD-102648;10-mars-25;18/03/2025;09/05/2025;CLI-0017;EMP-507;ENT-QC;BD-1057;4;26,50;11,20;19,66;Téléphone
CMD-104792;2025-11-11;17/11/2025;19/12/2025;CLI-0074;EMP-507;ENT-MTL;BD-1169;13;462,26;19,80;282,28;Représentant
CMD-103446;17/06/2025;26/06/2025;2025-08-09;CLI-0056;EMP-502;ENT-MTL;BD-1051;2;103,70;20,00;79,76;Portail web
CMD-103303;30/05/2025;2025-06-08;08/07/2025;CLI-0106;EMP-501;ENT-MTL;BD-1032;1;475,93;13,10;409,59;Courriel
CMD-102941;18/04/2025;25-avr-25;10/06/2025;CLI-0093;EMP-508;ENT-QC;BD-1033;12;158,69;15,30;113,22;Représentant
CMD-103015;2025-04-28;06/05/2025;20/06/2025;CLI-0057;EMP-507;ENT-QC;BD-1106;3;471,02;11,20;340,08;Portail web
CMD-104445;09/10/2025;2025-10-18;13/12/2025;CLI-0107;EMP-506;ENT-MTL;BD-1076;2;521,80;7,00;338,68;Téléphone
CMD-103770;06/08/2025;13/08/2025;20/09/2025;CLI-0126;EMP-502;ENT-MTL;BD-1015;6;443,52;16,50;325,38;Portail web
CMD-103541;30/06/2025;06/07/2025;2025-09-02;CLI-0029;EMP-506;ENT-QC;BD-1035;13;37,60;22,30;30,63;Téléphone
CMD-104714;31/10/2025;09/11/2025;;CLI-0075;EMP-506;ENT-QC;BD-1162;4;130,02;5,10;68,38;Représentant
CMD-104576;20/10/2025;29/10/2025;2025-11-16;CLI-0185;EMP-508;ENT-QC;BD-1141;11;372,39;25,40;314,24;Représentant
CMD-104287;25/09/2025;27/09/2025;24-nov-25;CLI-0012;EMP-501;ENT-SAG;BD-1037;35;23,44;21,70;16,65;Téléphone
CMD-103816;11/08/2025;20/08/2025;2025-09-23;CLI-0073;EMP-501;ENT-MTL;BD-1006;2;279,01;16,70;182,47;Courriel
CMD-104614;2025-10-23;27/10/2025;25/12/2025;CLI-0062;EMP-507;ENT-MTL;BD-1087;1;321,98;16,50;215,66;Représentant
CMD-104968;03/12/2025;2025-12-11;;CLI-0212;EMP-507;ENT-MTL;BD-1138;4;114,64;22,20;88,19;Représentant
CMD-103438;2025-06-17;21/06/2025;26/07/2025;CLI-0133;EMP-508;ENT-MTL;BD-1018;4;402,80;13,30;247,17;Représentant
CMD-104002;2025-09-01;03/09/2025;23/10/2025;CLI-0074;EMP-507;ENT-MTL;BD-1130;18;431,23;23,60;323,89;Représentant
CMD-105053;19/12/2025;27/12/2025;;CLI-0173;EMP-508;ENT-QC;BD-1087;8;329,61;14,60;215,66;Téléphone
CMD-103930;22/08/2025;29-août-25;25/10/2025;CLI-0050;EMP-502;ENT-QC;BD-1050;3;434,67;13,80;297,82;Représentant
CMD-104950;01/12/2025;10/12/2025;;CLI-0012;EMP-501;ENT-SAG;BD-1086;19;109,98;20,20;97,25;Salon
CMD-104738;2025-11-04;07/11/2025;;CLI-0033;EMP-504;ENT-MTL;BD-1154;3;447,14;16,40;329,92;Représentant
CMD-102555;19/02/2025;21/02/2025;01/04/2025;CLI-0055;EMP-506;ENT-SAG;BD-1107;3;212,49;3,50;150,54;Représentant
CMD-104365;2025-10-01;07/10/2025;05/12/2025;CLI-0132;EMP-507;ENT-MTL;BD-1117;3;131,98;10,90;100,34;Représentant
CMD-102653;10-mars-25;14/03/2025;14/04/2025;CLI-0068;EMP-505;ENT-MTL;BD-1055;6;309,29;5,80;213,75;Représentant
CMD-102655;10/03/2025;2025-03-15;27/04/2025;CLI-0209;EMP-508;ENT-QC;BD-1165;5;137,58;25,20;107,92;Représentant
CMD-102710;17/03/2025;21/03/2025;2025-05-19;CLI-0155;EMP-506;ENT-MTL;BD-1069;2;340,62;14,60;202,67;Portail web
CMD-104764;06/11/2025;09/11/2025;2025-12-19;CLI-0099;EMP-505;ENT-MTL;BD-1111;3;166,58;24,80;148,90;Courriel
CMD-104146;2025-09-12;20/09/2025;08/11/2025;CLI-0145;EMP-504;ENT-MTL;BD-1083;3;296,54;3,50;189,32;Salon
CMD-102863;08/04/2025;12/04/2025;2025-06-05;CLI-0039;EMP-503;ENT-SAG;BD-1049;2;52,52;3,90;31,22;Représentant
CMD-104260;23/09/2025;27/09/2025;12/11/2025;CLI-0012;EMP-501;ENT-QC;BD-1053;6;265,11;19,00;180,55;Représentant
CMD-102984;24/04/2025;26/04/2025;19/06/2025;CLI-0173;EMP-508;ENT-QC;BD-1168;3;341,21;14,70;229,43;Courriel
CMD-102884;2025-04-11;13/04/2025;03/06/2025;CLI-0186;EMP-507;ENT-QC;BD-1162;1;130,03;5,10;68,38;Représentant
CMD-104964;2025-12-02;10/12/2025;;CLI-0037;EMP-504;ENT-QC;BD-1145;5;143,22;22,20;111,12;Portail web
CMD-104172;16/09/2025;23/09/2025;2025-10-30;CLI-0161;EMP-508;ENT-SAG;BD-1062;3;167,96;6,50;135,59;Téléphone
CMD-103150;14/05/2025;17/05/2025;31-juil-25;CLI-0158;EMP-507;ENT-SAG;BD-1022;3;424,10;6,70;298,47;Téléphone
CMD-103177;16/05/2025;2025-05-21;09/07/2025;CLI-0029;EMP-506;ENT-QC;BD-1026;7;357,21;18,50;246,82;Portail web
CMD-102934;17/04/2025;2025-04-25;25/06/2025;CLI-0143;EMP-503;ENT-SAG;BD-1087;2;343,75;10,90;215,66;Salon
CMD-102443;27/01/2025;01/02/2025;2025-03-15;CLI-0116;EMP-509;ENT-QC;BD-1039;3;173,45;12,40;122,17;Représentant
CMD-102593;28-févr-25;03/03/2025;19/04/2025;CLI-0008;EMP-506;ENT-QC;BD-1121;12;72,83;6,40;44,65;Téléphone
CMD-103082;2025-05-06;14/05/2025;30/06/2025;CLI-0009;EMP-502;ENT-MTL;BD-1169;10;469,50;18,60;282,28;Téléphone
CMD-104663;28-oct-25;06/11/2025;28/12/2025;CLI-0105;EMP-502;ENT-QC;BD-1071;3;513,30;3,80;363,51;Représentant
CMD-103189;19/05/2025;25/05/2025;10-juil-25;CLI-0217;EMP-506;ENT-MTL;BD-1004;7;222,18;18,90;158,83;Portail web
CMD-102888;11-avr-25;19/04/2025;20/05/2025;CLI-0199;EMP-504;ENT-SAG;BD-1035;6;41,68;13,80;30,63;Représentant
CMD-103109;08/05/2025;2025-05-13;27/06/2025;CLI-0051;EMP-509;ENT-QC;BD-1060;8;369,57;6,60;291,44;Représentant
CMD-103973;27/08/2025;04/09/2025;2025-10-05;CLI-0132;EMP-507;ENT-QC;BD-1045;4;114,71;12,50;78,37;Représentant
CMD-104552;17/10/2025;21/10/2025;;CLI-0116;EMP-509;ENT-SAG;BD-1169;8;0,00;13,30;282,28;Représentant
CMD-104953;01/12/2025;07/12/2025;;CLI-0089;EMP-502;ENT-MTL;BD-1128;14;107,92;25,50;78,87;Représentant
CMD-104521;15-oct-25;18/10/2025;28/12/2025;CLI-0109;EMP-501;ENT-SAG;BD-1066;1;317,73;7,80;240,06;Portail web
CMD-104354;01/10/2025;04/10/2025;19-nov-25;CLI-0051;EMP-509;ENT-SAG;BD-1137;8;41,79;2,40;25,59;Portail web
CMD-103455;19/06/2025;2025-06-25;02/08/2025;CLI-0209;EMP-508;ENT-QC;BD-1019;3;230,96;23,30;205,07;Représentant
CMD-103204;2025-05-20;29/05/2025;;CLI-0169;EMP-507;ENT-MTL;BD-1061;8;104,43;11,60;76,81;Téléphone
CMD-102795;31/03/2025;09/04/2025;22-mai-25;cli-0210;EMP-503;ENT-MTL;BD-1067;8;40,01;3,80;24,27;Représentant
CMD-104881;20/11/2025;26/11/2025;2025-12-20;CLI-0063;EMP-503;ENT-QC;BD-1152;8;432,48;10,10;271,40;Représentant
CMD-102509;11/02/2025;15/02/2025;2025-03-30;CLI-0141;EMP-502;ENT-SAG;BD-1045;1;111,12;15,20;78,37;Courriel
CMD-102969;2025-04-22;24/04/2025;24/05/2025;CLI-0099;EMP-505;ENT-MTL;BD-1160;11;61,32;22,10;41,56;Portail web
CMD-104757;06/11/2025;08/11/2025;27/12/2025;CLI-0181;EMP-504;ENT-SAG;BD-1151;2;154,78;2,60;92,25;Représentant
CMD-103525;27/06/2025;02/07/2025;2025-08-10;CLI-0219;EMP-505;ENT-MTL;BD-1049;8;53,51;2,10;31,22;Représentant
CMD-104805;12/11/2025;15/11/2025;;CLI-0037;EMP-504;ENT-SAG;BD-1135;5;58,09;20,80;40,73;Portail web
CMD-104016;2025-09-02;06/09/2025;21/10/2025;CLI-0048;EMP-508;ENT-QC;BD-1050;6;433,77;14,00;297,82;Portail web
CMD-103919;20/08/2025;2025-08-22;04/09/2025;CLI-0002;EMP-509;ENT-QC;BD-1037;4;28,53;4,60;16,65;Téléphone
CMD-102371;10/01/2025;17/01/2025;06-mars-25;CLI-0066;EMP-507;ENT-QC;BD-1144;6;150,63;15,60;98,33;Représentant
CMD-103681;21/07/2025;30/07/2025;17/09/2025;CLI-0006;EMP-505;ENT-MTL;BD-9625;4;389,16;14,40;298,47;Représentant
CMD-102613;04-mars-25;10/03/2025;09/05/2025;CLI-0011;EMP-507;ENT-SAG;BD-1042;4;429,55;2,70;267,02;Téléphone
CMD-104332;2025-09-29;02/10/2025;29/11/2025;CLI-0130;EMP-508;ENT-QC;BD-1062;3;135,75;24,50;135,59;Portail web
CMD-104733;04/11/2025;09/11/2025;;CLI-0085;EMP-503;ENT-QC;BD-1090;2;92,14;3,90;69,37;Représentant
CMD-103128;10/05/2025;17/05/2025;2025-06-14;CLI-0132;EMP-507;ENT-MTL;BD-1124;12;211,66;17,00;153,77;Portail web
CMD-104521;2025-10-15;18/10/2025;28/12/2025;CLI-0109;EMP-501;ENT-SAG;BD-1072;2;365,04;7,80;236,88;Salon
CMD-102421;22/01/2025;26/01/2025;2025-03-03;CLI-0059;EMP-504;ENT-QC;BD-1137;37;32,90;23,10;25,59;Représentant
CMD-103562;02/07/2025;09/07/2025;24/08/2025;CLI-0006;EMP-505;ENT-QC;BD-1054;3;389,43;16,40;262,94;Téléphone
CMD-103844;14/08/2025;21-août-25;28/09/2025;CLI-0056;EMP-502;ENT-QC;BD-1166;8;340,51;18,00;217,35;Représentant
CMD-103641;15-juil-25;18/07/2025;13/08/2025;CLI-0183;EMP-506;ENT-QC;BD-1013;1;491,09;4,90;315,34;Représentant
CMD-104632;2025-10-25;02/11/2025;26/12/2025;CLI-0047;EMP-508;ENT-QC;BD-1154;8;474,27;11,30;329,92;Représentant
CMD-103985;28-août-25;06/09/2025;08/10/2025;CLI-0035;EMP-503;ENT-QC;BD-1031;6;439,89;15,30;300,62; 
CMD-104436;2025-10-08;17/10/2025;18/11/2025;CLI-0081;EMP-502;ENT-SAG;BD-1153;1;176,65;12,00;116,00;Représentant
CMD-102927;17/04/2025;2025-04-26;25/05/2025;CLI-0050;EMP-502;ENT-QC;BD-1035;3;42,65;11,80;30,63;Représentant
CMD-104888;21/11/2025;2025-11-26;;CLI-0202;EMP-504;ENT-SAG;BD-1131;12;63,66;5,00;37,08;Représentant
CMD-104545;16/10/2025;24/10/2025;2025-11-28;CLI-0095;EMP-505;ENT-MTL;BD-1147;3;575,56;3,80;346,92;Représentant
CMD-103680;21/07/2025;2025-07-24;05/10/2025;CLI-0066;EMP-507;ENT-MTL;BD-1107;8;195,84;11,10;150,54;Courriel
CMD-104751;2025-11-05;13/11/2025;19/12/2025;CLI-0034;EMP-507;ENT-SAG;BD-1009;4;90,77;13,70;67,67;Téléphone
CMD-103643;15/07/2025;2025-07-17;12/08/2025;CLI-0045;EMP-502;ENT-MTL;BD-1108;8;240,76;11,90;169,96;Téléphone
CMD-103651;16/07/2025;25/07/2025;17/09/2025;CLI-0169;EMP-507;ENT-MTL;BD-1043;2;451,67;14,40;300,28;Représentant
CMD-103862;15/08/2025;2025-08-21;04/10/2025;CLI-0029;EMP-506;ENT-QC;BD-1005;3;248,62;24,00;208,35;Téléphone
CMD-102595;01/03/2025;2025-03-04;18/04/2025;CLI-0087;EMP-502;ENT-QC;BD-1054;8;418,03;10,30;262,94;Représentant
CMD-104674;29/10/2025;2025-11-04;24/12/2025;CLI-0052;EMP-504;ENT-QC;BD-1153;1;180,48;10,00;116,00;Courriel
CMD-103305;30/05/2025;06/06/2025;15/07/2025;CLI-0143;EMP-503;ENT-MTL;BD-1014;4;39,09;12,50;27,18;Représentant
CMD-103577;03/07/2025;2025-07-06;23/08/2025;CLI-0066;EMP-507;ENT-QC;BD-1039;8;177,94;10,10;122,17;Représentant
CMD-104527;2025-10-15;23/10/2025;25/12/2025;CLI-0016;EMP-505;ENT-MTL;BD-1119;6;85,21;7,20;59,67;Courriel
CMD-103104;08/05/2025;14/05/2025;;CLI-0037;EMP-504;ENT-MTL;BD-9723;19;109,44;20,60;97,25;Représentant
CMD-103736;2025-08-01;07/08/2025;11/09/2025;CLI-0211;EMP-504;ENT-QC;BD-1047;12;95,50;10,40;71,53;Téléphone
CMD-103850;14/08/2025;19/08/2025;17/10/2025;CLI-0151;EMP-504;ENT-SAG;BD-1019;8;284,40;5,50;205,07;Représentant
CMD-104722;03/11/2025;2025-11-11;;CLI-0169;EMP-507;ENT-QC;BD-1173;8;344,84;13,50;212,35;Portail web
CMD-103791;08/08/2025;13/08/2025;2025-09-30;CLI-0027;EMP-502;ENT-QC;BD-1119;1;84,92;7,50;59,67;Portail web
CMD-104926;2025-11-27;04/12/2025;;CLI-0102;EMP-506;ENT-QC;BD-1135;3;69,94;4,60;40,73;Représentant
CMD-103007;2025-04-26;03/05/2025;08/06/2025;CLI-0160;EMP-508;ENT-MTL;BD-1029;3;370,11;5,60;243,45;Portail web
CMD-104824;14/11/2025;19/11/2025;;CLI-0051;EMP-509;ENT-QC;BD-1097;1;338,07;8,10;253,06;Portail web
CMD-103307;30/05/2025;2025-06-08;02/08/2025;CLI-0206;EMP-503;ENT-QC;BD-1166;12;359,64;13,40;217,35;Portail web
CMD-103908;20/08/2025;25/08/2025;2025-10-27;CLI-0190;EMP-504;ENT-MTL;BD-1028;4;218,26;7,70;143,73;Courriel
CMD-103972;2025-08-27;29/08/2025;29/10/2025;CLI-0191;EMP-504;ENT-SAG;BD-1033;1;167,34;10,70;113,22;Représentant
CMD-102423;22/01/2025;2025-01-29;09/03/2025;CLI-0099;EMP-505;ENT-MTL;BD-1132;4;154,84;22,00;128,45;Portail web
CMD-103083;06/05/2025;11/05/2025;26/06/2025;CLI-0130;EMP-508;ENT-MTL;BD-1079;11;213,51;19,00;147,87;Représentant
CMD-102689;00/00/0000;21/03/2025;13/05/2025;CLI-0212;EMP-507;ENT-SAG;BD-1015;66;393,19;26,00;325,38;Portail web
CMD-104638;27/10/2025;05/11/2025;2025-12-17;CLI-0071;EMP-503;ENT-MTL;BD-1079;2;253,87;3,70;147,87;Portail web
CMD-104790;11/11/2025;20/11/2025;26/12/2025;CLI-0218;EMP-503;ENT-QC;BD-1097;2;345,55;6,10;253,06;Téléphone
CMD-102811;01-avr-25;08/04/2025;06/06/2025;CLI-0076;EMP-507;ENT-MTL;BD-1049;25;43,91;19,60;31,22;Portail web
CMD-104199;17-sept-25;26/09/2025;04/11/2025;CLI-0004;EMP-505;ENT-MTL;BD-1095;1;97,77;5,70;64,62;Représentant
CMD-105074;23-déc-25;28/12/2025;;CLI-0107;EMP-506;ENT-MTL;BD-1127;12;290,61;3,50;174,31;Portail web
CMD-103324;02/06/2025;06/06/2025;2025-08-06;CLI-0027;EMP-502;ENT-SAG;BD-1178;2;194,71;5,20;119,43;Représentant
CMD-104582;21-oct-25;29/10/2025;08/12/2025;CLI-0026;EMP-506;ENT-SAG;BD-1181;4;537,65;14,00;312,40;Téléphone
CMD-103454;19/06/2025;25/06/2025;2025-07-30;CLI-0137;EMP-503;ENT-MTL;BD-1116;9;69,92;21,10;60,17;Courriel
CMD-104728;2025-11-04;13/11/2025;;CLI-0213;EMP-508;ENT-MTL;BD-1117;2;143,71;3,00;100,34;Représentant
CMD-103990;29/08/2025;04/09/2025;2025-10-06;CLI-0100;EMP-505;ENT-MTL;BD-1169;3;533,68;7,50;282,28;Représentant
CMD-105072;23/12/2025;2025-12-29;;CLI-0147;EMP-506;ENT-QC;BD-1127;6;278,34;7,60;174,31;Représentant
CMD-105051;18/12/2025;26-déc-25;;CLI-0045;EMP-502;ENT-QC;BD-1168;1;348,74;12,80;229,43;Courriel
CMD-103097;07/05/2025;2025-05-16;25/06/2025;CLI-0201;EMP-504;ENT-MTL;BD-1109;6;448,43;2,50;310,20;Téléphone
CMD-102521;12/02/2025;19/02/2025;2025-03-28;CLI-0097;EMP-504;ENT-QC;BD-1117;6;142,76;3,60;100,34;Représentant
CMD-104484;13/10/2025;21/10/2025;26/12/2025;CLI-0055;EMP-506;ENT-MTL;BD-1069;3;366,23;8,20;239,15;Portail web
CMD-104753;2025-11-05;07/11/2025;10/12/2025;CLI-0199;EMP-504;ENT-QC;BD-1032;24;465,98;14,90;409,59;Téléphone
CMD-103184;17/05/2025;23/05/2025;2025-07-13;CLI-0211;EMP-504;ENT-QC;BD-1043;-2;452,69;14,20;300,28;Téléphone
CMD-103835;2025-08-13;21/08/2025;11/10/2025;CLI-0009;EMP-502;ENT-SAG;BD-1041;17;196,72;22,40;163,24;Représentant
CMD-103567;02/07/2025;2025-07-04;31/08/2025;CLI-0057;EMP-507;ENT-QC;BD-1039;3;169,12;14,60;122,17;Portail web
CMD-102847;05/04/2025;08-avr-25;21/05/2025;CLI-0143;EMP-503;ENT-SAG;BD-1013;3;455,71;11,70;315,34;Représentant
CMD-104893;24/11/2025;2025-11-28;;CLI-0080;EMP-506;ENT-QC;BD-1071;12;466,05;12,70;363,51;Téléphone
CMD-104337;30/09/2025;07/10/2025;2025-11-24;CLI-0130;EMP-508;ENT-MTL;BD-1048;29;41,82;18,30;33,51;Représentant
CMD-102415;20/01/2025;2025-01-24;01/04/2025;CLI-0079;EMP-509;ENT-MTL;BD-1174;6;278,99;5,50;169,01;Portail web
CMD-104906;25-nov-25;30/11/2025;;CLI-0217;EMP-506;ENT-MTL;BD-1151;12;123,12;22,60;92,25;Portail web
CMD-103556;01/07/2025;06/07/2025;;CLI-0131;EMP-502;ENT-MTL;BD-1161;8;119,18;11,80;64,16;Téléphone
CMD-104008;01/09/2025;2025-09-04;29/10/2025;CLI-0185;EMP-508;ENT-MTL;BD-1059;9;395,84;24,90;391,48;Représentant
CMD-103489;23/06/2025;2025-06-28;21/08/2025;CLI-0185;EMP-508;ENT-SAG;BD-1170;10;28,67;18,50;16,95;Représentant
CMD-102576;25/02/2025;27/02/2025;14/03/2025;CLI-0182;EMP-503;ENT-QC;BD-1116;8;76,23;14,00;60,17;Représentant
CMD-103039;30-avr-25;08/05/2025;09/06/2025;CLI-0077;EMP-501;ENT-MTL;BD-1043;12;483,17;8,50;300,28;Représentant
CMD-103507;26/06/2025;2025-06-30;13/09/2025;CLI-0029;EMP-506;ENT-QC;BD-1116;57;69,18;22,00;60,17;Représentant
CMD-103740;01/08/2025;06-août-25;09/09/2025;CLI-0054;EMP-507;ENT-QC;BD-1067;4;36,90;11,30;28,64;Portail web
CMD-103124;09/05/2025;2025-05-15;13/07/2025;CLI-0157;EMP-502;ENT-SAG;BD-1123;8;187,18;13,90;132,28;Courriel
CMD-104247;22/09/2025;25/09/2025;2025-11-14;CLI-0076;EMP-507;ENT-QC;BD-1176;44;516,35;18,10;328,78;Représentant
CMD-102456;29/01/2025;07/02/2025;13-mars-25;CLI-0032;EMP-504;ENT-SAG;BD-1139;6;343,68;4,20;203,11;Représentant
CMD-103022;29-avr-25;01/05/2025;01/07/2025;CLI-0001;EMP-508;ENT-MTL;BD-1112;2;106,07;7,70;67,02;Représentant
CMD-103436;16/06/2025;24/06/2025;2025-07-26;CLI-0038;EMP-507;ENT-SAG;BD-1109;6;390,08;15,20;310,20;Représentant
CMD-104618;24/10/2025;30/10/2025;22/12/2025;CLI-0191;EMP-504;ENT-SAG;BD-1128;6;126,02;13,00;78,87;Représentant
CMD-103105;08/05/2025;2025-05-14;14/06/2025;CLI-0147;EMP-506;ENT-QC;BD-1015;4;501,03;5,60;325,38;Représentant
CMD-105054;19/12/2025;23-déc-25;;  CLI-0182;EMP-503;ENT-QC;BD-1074;3;171,01;11,90;130,44;Courriel
CMD-102742;22/03/2025;25/03/2025;2025-05-05;CLI-0201;EMP-504;ENT-QC;BD-1174;3;283,30;4,00;169,01; 
CMD-103300;29/05/2025;01/06/2025;2025-07-13;CLI-0132;EMP-507;ENT-QC;BD-1012;8;106,33;12,60;69,62;Représentant
CMD-104673;29/10/2025;06/11/2025;2025-12-29;CLI-0059;EMP-504;ENT-QC;BD-1138;20;110,55;24,90;88,19;Courriel
CMD-104823;14/11/2025;23/11/2025;;CLI-0098;EMP-509;ENT-SAG;BD-1075;2;92,59;8,10;71,97;Portail web
CMD-103606;2025-07-08;10/07/2025;10/09/2025;CLI-0175;EMP-505;ENT-QC;BD-1033;6;180,66;3,60;113,22;Portail web
CMD-103226;2025-05-22;31/05/2025;04/06/2025;CLI-0029;EMP-506;ENT-MTL;BD-1007;6;80,47;22,10;57,14;Téléphone
CMD-102611;04-mars-25;12/03/2025;08/05/2025;CLI-0015;EMP-509;ENT-MTL;BD-1030;4;179,32;2,00;100,96;Courriel
CMD-104322;29/09/2025;2025-10-02;13/11/2025;CLI-0054;EMP-507;ENT-QC;BD-1047;3;91,68;14,00;71,53;Représentant
CMD-102547;18/02/2025;21-févr-25;29/04/2025;CLI-0202;EMP-504;ENT-MTL;BD-1018;2;444,97;4,30;247,17;Portail web
CMD-102766;26-mars-25;28/03/2025;23/05/2025;CLI-0156;EMP-502;ENT-SAG;BD-1121;2;74,89;3,80;44,65;Portail web
CMD-104043;2025-09-04;07/09/2025;21/11/2025;CLI-0185;EMP-508;ENT-QC;BD-1036;13;198,47;22,70;191,63;Courriel
CMD-104996;10/12/2025;14/12/2025;;CLI-0132;EMP-507;ENT-MTL;BD-1068;3;478,62;15,10;342,49;Portail web
CMD-102621;05/03/2025;12/03/2025;09/04/2025;CLI-0212;EMP-507;ENT-QC;BD-1003;19;239,34;19,70;192,57;Représentant
CMD-103906;20/08/2025;27/08/2025;2025-10-03;CLI-0037;EMP-504;ENT-QC;BD-1144;22;140,72;21,20;98,33;Représentant
CMD-102552;2025-02-19;23/02/2025;06/04/2025;CLI-0076;EMP-507;ENT-QC;BD-1050;13;413,14;18,00;297,82;Courriel
CMD-102773;27/03/2025;2025-04-04;12/05/2025;CLI-0162;EMP-508;ENT-SAG;BD-1155;12;462,16;14,70;329,15;Téléphone
CMD-102757;2025-03-25;28/03/2025;16/05/2025;CLI-0031;EMP-509;ENT-MTL;BD-1175;3;151,50;10,80;96,85;Représentant
CMD-104364;01/10/2025;06-oct-25;18/11/2025;CLI-0154;EMP-507;ENT-QC;BD-1088;2;526,95;16,30;404,63;Téléphone
CMD-104782;2025-11-10;17/11/2025;;CLI-0217 ;EMP-506;ENT-QC;BD-1084;2;474,50;18,30;375,89;Représentant
CMD-102378;13/01/2025;16-janv-25;17/03/2025;CLI-0059;EMP-504;ENT-SAG;BD-1130;5;460,30;18,40;323,89;Représentant
CMD-104397;06/10/2025;15/10/2025;06-déc-25;CLI-0012;EMP-501;ENT-MTL;BD-1167;14;275,55;25,80;209,73;Courriel
CMD-103742;01/08/2025;2025-08-03;13/09/2025;CLI-0130;EMP-508;ENT-MTL;BD-1061;8;93,19;21,10;76,81;Portail web
CMD-103342;04/06/2025;10/06/2025;25/07/2025;CLI-0026;EMP-506;ENT-QC;BD-1057;24;25,76;13,70;23,20;Téléphone
CMD-104763;2025-11-06;08/11/2025;22/12/2025;CLI-0129;EMP-508;ENT-QC;BD-1182;12;103,38;5,00;58,06;Téléphone
CMD-102344;06/01/2025;13-janv-25;16/02/2025;CLI-0002;EMP-509;ENT-MTL;BD-1177;4;372,30;8,70;215,66;Représentant
CMD-102761;26/03/2025;04-avr-25;;CLI-0195;EMP-506;ENT-MTL;BD-1168;3;340,72;14,80;229,43;Portail web
CMD-104740;04/11/2025;09/11/2025;2025-12-13;CLI-0104;EMP-501;ENT-QC;BD-1152;1;464,16;3,50;271,40;Représentant
CMD-102988;24/04/2025;02/05/2025;2025-06-25;CLI-0032;EMP-504;ENT-MTL;BD-1171;3;151,60;4,20;85,46;Portail web
CMD-103868;16/08/2025;18/08/2025;22-sept-25;CLI-0163;EMP-505;ENT-MTL;BD-1054;6;449,39;3,50;262,94;Portail web
CMD-105039;2025-12-17;21/12/2025;;CLI-0185;EMP-508;ENT-MTL;BD-1099;2;370,09;25,50;346,57;Portail web
CMD-105107;27/12/2025;01/01/2026;;CLI-0045;EMP-502;ENT-QC;BD-1094;6;182,08;10,70;124,30;Courriel
CMD-103785;2025-08-07;11/08/2025;21/09/2025;CLI-0185;EMP-508;ENT-MTL;BD-1180;15;146,04;22,90;95,30;Téléphone
CMD-102905;2025-04-14;18/04/2025;19/05/2025;CLI-0137;EMP-503;ENT-QC;BD-1112;8;85,75;25,30;67,02;Téléphone
CMD-104452;2025-10-09;18/10/2025;08/12/2025;CLI-0157;EMP-502;ENT-QC;BD-1142;8;140,65;13,80;100,93;Courriel
CMD-103613;09/07/2025;12-juil-25;20/08/2025;CLI-0212;EMP-507;ENT-QC;BD-1112;2;90,81;20,90;67,02;Portail web
CMD-104731;04/11/2025;10-nov-25;20/12/2025;CLI-0137;EMP-503;ENT-MTL;BD-1144;3;134,52;24,60;98,33;Portail web
CMD-103318;02-juin-25;06/06/2025;17/07/2025;CLI-0109;EMP-501;ENT-QC;BD-1022;4;436,31;4,00;298,47;Portail web
CMD-104158;15/09/2025;2025-09-17;08/11/2025;CLI-0102;EMP-506;ENT-QC;BD-1132;2;185,17;6,80;128,45;Portail web
CMD-103358;06-juin-25;12/06/2025;16/08/2025;CLI-0044;EMP-505;ENT-QC;BD-1126;1;168,29;16,90;133,03;Téléphone
CMD-102502;10/02/2025;15/02/2025;26-mars-25;CLI-0040;EMP-509;ENT-QC;BD-1172;3;348,50;16,70;221,22;Portail web
CMD-103779;07/08/2025;16/08/2025;27-sept-25;CLI-0061;EMP-503;ENT-QC;BD-1122;12;288,75;15,40;212,67;Téléphone
CMD-104151;13/09/2025;19/09/2025;29-oct-25;CLI-0081;EMP-502;ENT-QC;BD-1099;12;416,61;16,10;346,57;Portail web
CMD-104523;15/10/2025;2025-10-23;20/11/2025;CLI-0185;EMP-508;ENT-QC;BD-1070;5;59,33;22,10;48,05;Représentant
CMD-102896;12/04/2025;18/04/2025;2025-05-26;CLI-0052;EMP-504;ENT-QC;BD-1122;2;294,14;13,80;212,67;Portail web
CMD-104499;13/10/2025;15/10/2025;21/12/2025;CLI-0180;EMP-509;ENT-QC;BD-1141;4;0,00;4,50;314,24;Téléphone
CMD-104462;2025-10-10;19/10/2025;07/12/2025;CLI-0184;EMP-503;ENT-MTL;BD-1148;4;449,62;2,20;302,28;Téléphone
CMD-102950;18-avr-25;20/04/2025;30/05/2025;CLI-0212;EMP-507;ENT-QC;BD-1181;9;486,73;22,10;312,40;Portail web
CMD-104757;2025-11-06;08/11/2025;27/12/2025;CLI-0181;EMP-504;ENT-SAG;BD-1140;3;61,85;2,60;41,26;Représentant
CMD-103601;2025-07-08;10/07/2025;11/09/2025;CLI-0206;EMP-503;ENT-MTL;BD-1034;1;211,07;11,10;182,99;N/A
CMD-103365;09/06/2025;18/06/2025;2025-07-03;CLI-0127;EMP-503;ENT-QC;BD-1021;6;326,74;10,20;242,82;Courriel
CMD-104626;24/10/2025;01/11/2025;2025-11-23;CLI-0132;EMP-507;ENT-SAG;BD-1126;1;179,75;11,20;133,03;Représentant
CMD-102578;25/02/2025;04-mars-25;09/04/2025;CLI-0044;EMP-505;ENT-SAG;BD-1081;24;512,67;13,60;309,18;Téléphone
CMD-103676;21/07/2025;27/07/2025;26-sept-25;  CLI-0102;EMP-506;ENT-MTL;BD-1035;4;46,57;3,70;30,63;Représentant
CMD-103622;10/07/2025;19/07/2025;2025-09-04;CLI-0050;EMP-502;ENT-MTL;BD-1104;6;97,36;12,00;76,70;Représentant
CMD-102439;25-janv-25;31/01/2025;12/03/2025;  CLI-0068;EMP-505;ENT-MTL;BD-1174;1;270,83;8,20;169,01;Représentant
CMD-102364;08/01/2025;13-janv-25;26/02/2025;CLI-0042;EMP-505;ENT-SAG;BD-1140;2;56,78;10,60;41,26;Représentant
CMD-102675;12/03/2025;17/03/2025;2025-04-28;CLI-0012;EMP-501;ENT-MTL;BD-1011;8;409,72;22,00;294,52;Portail web
CMD-102722;2025-03-19;24/03/2025;;CLI-0191;EMP-504;ENT-MTL;BD-1159;6;244,84;15,30;169,65;Représentant
CMD-102429;23/01/2025;2025-01-29;30/03/2025;CLI-0009;EMP-502;ENT-SAG;BD-1084;9;456,99;21,30;318,55;Téléphone
CMD-103748;04/08/2025;08/08/2025;2025-09-22;CLI-0166;EMP-503;ENT-QC;BD-1159;8;255,37;11,60;169,65;Courriel
CMD-103902;19/08/2025;27/08/2025;15/10/2025;CLI-0012;EMP-501;ENT-MTL;BD-1064;15;95,36;23,90;70,89;Courriel
CMD-103847;2025-08-14;19/08/2025;04/10/2025;CLI-0042;EMP-505;ENT-MTL;BD-1129;8;59,98;16,60;46,45;Représentant
CMD-102727;20-mars-25;29/03/2025;04/05/2025;CLI-0056;EMP-502;ENT-MTL;BD-1162;5;109,22;20,30;68,38;Courriel
CMD-105066;22-déc-25;26/12/2025;;CLI-0131;EMP-502;ENT-MTL;BD-1144;3;154,93;13,20;98,33;Téléphone
CMD-102996;25/04/2025;2025-04-27;26/06/2025;CLI-0131;EMP-502;ENT-SAG;BD-1170;12;29,35;16,50;16,95;Courriel
CMD-102533;14/02/2025;16/02/2025;;CLI-0142;EMP-508;ENT-QC;BD-1114;6;242,43;4,00;152,73;Représentant
CMD-102708;17/03/2025;20-mars-25;03/05/2025;CLI-0143;EMP-503;ENT-QC;BD-1049;3;48,27;11,70;31,22;Représentant
CMD-103817;11/08/2025;2025-08-17;17/09/2025;CLI-0048;EMP-508;ENT-QC;BD-1172;8;357,37;14,60;221,22;Courriel
CMD-104398;2025-10-06;10/10/2025;14/12/2025;CLI-0029;EMP-506;ENT-MTL;BD-1156;14;245,56;18,70;164,64;Portail web
CMD-102689;13/03/2025;21/03/2025;13-mai-25;CLI-0212;EMP-507;ENT-SAG;BD-1109;19;340,64;26,00;310,20;Portail web
CMD-104794;11/11/2025;15/11/2025;;CLI-0067;EMP-502;ENT-SAG;BD-1171;-1;137,40;13,20;85,46;Représentant
CMD-103221;22/05/2025;27/05/2025;28-juil-25;CLI-0195;EMP-506;ENT-MTL;BD-1115;2;64,31;13,90;47,23;Représentant
CMD-102412;2025-01-20;22/01/2025;13/03/2025;CLI-0130;EMP-508;ENT-MTL;BD-1151;12;117,85;25,90;92,25;Téléphone
CMD-102931;17/04/2025;24/04/2025;21/06/2025;CLI-0083;EMP-507;ENT-QC;BD-1151;6;148,01;6,90;92,25;Représentant
CMD-103379;10/06/2025;17/06/2025;21-août-25;CLI-0058;EMP-508;ENT-MTL;BD-1120;12;278,79;6,10;186,72;Représentant
CMD-103551;01/07/2025;06/07/2025;17-sept-25;CLI-0012;EMP-501;ENT-QC;BD-1106;2;420,21;20,80;340,08;Portail web
CMD-103743;01/08/2025;2025-08-03;;CLI-0197;EMP-507;ENT-QC;BD-1163;6;569,22;7,20;300,77;Téléphone
CMD-102333;02/01/2025;11/01/2025;2025-02-16;CLI-0011;EMP-507;ENT-QC;BD-1128;8;135,91;6,20;78,87;Courriel
CMD-102366;2025-01-09;12/01/2025;14/02/2025;CLI-0041;EMP-508;ENT-SAG;BD-1153;2;0,00;16,70;116,00;Représentant
CMD-104782;10/11/2025;17-nov-25;;CLI-0217;EMP-506;ENT-QC;BD-1182;9;88,97;18,30;58,06;Téléphone
CMD-104889;21/11/2025;23-nov-25;;CLI-0187;EMP-507;ENT-SAG;BD-1176;3;525,72;16,60;328,78;Représentant
CMD-104877;20/11/2025;24/11/2025;;CLI-0214;EMP-508;ENT-MTL;BD-1093;4;213,24;4,70;159,25;Portail web
CMD-104416;07/10/2025;16/10/2025;18-déc-25;CLI-0054;EMP-507;ENT-QC;BD-1155;3;455,74;15,90;329,15;Représentant
CMD-104216;18/09/2025;26/09/2025;2025-10-14;CLI-0193;EMP-509;ENT-QC;BD-1065;2;213,44;14,40;155,19;Représentant
CMD-102554;19/02/2025;27/02/2025;2025-04-04;CLI-0130;EMP-508;ENT-QC;BD-1154;5;427,12;20,10;329,92;Courriel
CMD-104107;10/09/2025;2025-09-14;27/10/2025;CLI-0073;EMP-501;ENT-QC;BD-1177;4;350,02;14,10;215,66;Représentant
CMD-104112;10/09/2025;13/09/2025;2025-10-17;CLI-0029 ;EMP-506;ENT-SAG;BD-1081;34;450,80;24,00;364,83;Téléphone
CMD-103309;30/05/2025;06-juin-25;31/07/2025;CLI-0209;EMP-508;ENT-MTL;BD-1014;4;33,59;24,80;27,18;Représentant
CMD-102425;2025-01-22;30/01/2025;13/03/2025;CLI-0056;EMP-502;ENT-QC;BD-1143;10;302,20;19,40;220,45;Représentant
CMD-103008;26/04/2025;03/05/2025;27/06/2025;CLI-0118;EMP-504;ENT-SAG;BD-1175;4;146,62;13,60;96,85;Représentant
CMD-105020;15/12/2025;23-déc-25;;CLI-0100;EMP-505;ENT-MTL;BD-1141;8;457,44;8,40;314,24;Représentant
CMD-104869;20/11/2025;29/11/2025;2025-12-25;CLI-0193;EMP-509;ENT-MTL;BD-1072;8;354,40;10,50;236,88;Téléphone
CMD-102917;2025-04-15;17/04/2025;18/05/2025;CLI-0167;EMP-506;ENT-MTL;BD-1089;4;300,62;5,00;160,95;Représentant
CMD-103404;12/06/2025;18/06/2025;2025-08-06;CLI-0065;EMP-504;ENT-MTL;BD-1045;3;126,19;3,70;78,37;Représentant
CMD-103613;09/07/2025;2025-07-12;20/08/2025;CLI-0212;EMP-507;ENT-QC;BD-1056;5;388,83;20,90;293,14;Représentant
CMD-102744;22/03/2025;24/03/2025;07/05/2025;CLI-0209;EMP-508;ENT-QC;BD-1168;5;305,39;23,70;229,43;Courriel
CMD-104641;27/10/2025;04/11/2025;18/12/2025;CLI-0205;EMP-505;ENT-QC;BD-1156;8;279,34;7,50;164,64;Téléphone
CMD-102502;10/02/2025;2025-02-15;26/03/2025;CLI-0040;EMP-509;ENT-QC;BD-1174;6;245,71;16,70;169,01;Représentant
CMD-103122;09/05/2025;11-mai-25;26/06/2025;CLI-0137;EMP-503;ENT-MTL;BD-1114;6;202,64;19,80;152,73;Courriel
CMD-102507;10/02/2025;18-févr-25;23/03/2025;CLI-0165;EMP-507;ENT-MTL;BD-1109;3;448,08;2,60;310,20;Représentant
CMD-103057;01/05/2025;07/05/2025;02-juil-25;CLI-0073;EMP-501;ENT-QC;BD-1125;2;378,01;14,10;291,24;Courriel
CMD-104312;26/09/2025;28/09/2025;2025-11-24;CLI-0155;EMP-506;ENT-MTL;BD-1071;4;456,89;14,40;363,51;Représentant
CMD-103859;15/08/2025;2025-08-24;15/10/2025;CLI-0033;EMP-504;ENT-MTL;BD-1039;2;171,34;13,50;122,17;Représentant
CMD-104967;03/12/2025;06/12/2025;;CLI-0087;EMP-502;ENT-SAG;BD-1139;6;311,47;13,20;203,11;Représentant
CMD-102757;25/03/2025;28-mars-25;16/05/2025;CLI-0031;EMP-509;ENT-MTL;BD-1140;4;56,70;10,80;41,26;Représentant
CMD-103280;2025-05-28;30/05/2025;14/07/2025;CLI-0209;EMP-508;ENT-MTL;BD-1054;20;361,94;22,30;262,94;Téléphone
CMD-102460;30/01/2025;05/02/2025;2025-03-26;CLI-0209;EMP-508;ENT-SAG;BD-1141;5;380,88;23,70;314,24;Téléphone
CMD-103842;14/08/2025;17/08/2025;08/09/2025;CLI-0119;EMP-503;ENT-MTL;BD-1075;2;96,21;4,50;71,97;Représentant
CMD-102850;05/04/2025;12/04/2025;01-juin-25;CLI-0044;EMP-505;ENT-SAG;BD-1141;3;419,99;15,90;314,24;Courriel
CMD-102350;07-janv-25;15/01/2025;15/02/2025;CLI-0043;EMP-506;ENT-QC;BD-1047;4;94,17;11,70;71,53;Représentant
CMD-104005;01/09/2025;08/09/2025;22-oct-25;CLI-0006;EMP-505;ENT-QC;BD-1064;3;111,14;11,30;70,89;Portail web
CMD-102756;25/03/2025;30/03/2025;27-avr-25;CLI-0049;EMP-508;ENT-MTL;BD-1124;12;220,29;13,60;153,77;Représentant
CMD-105122;31/12/2025;08-janv-26;;CLI-0179;EMP-509;ENT-SAG;BD-1139;4;348,21;2,90;203,11;Portail web
CMD-103365;09/06/2025;18/06/2025;03/07/2025;CLI-0127;EMP-503;ENT-QC;BD-1039;24;177,85;10,20;122,17;Représentant
CMD-103006;26/04/2025;01/05/2025;23-mai-25;CLI-0064;EMP-504;ENT-MTL;BD-1028;2;219,59;7,10;143,73;Représentant
CMD-104327;2025-09-29;05/10/2025;07/11/2025;CLI-0012;EMP-501;ENT-MTL;BD-1042;9;360,12;18,40;267,02;Représentant
CMD-104023;02/09/2025;2025-09-07;17/11/2025;CLI-0182;EMP-503;ENT-MTL;BD-1081;8;532,66;10,20;364,83;Courriel
CMD-105034;2025-12-17;26/12/2025;;CLI-0209;EMP-508;ENT-QC;BD-1066;23;273,63;20,60;240,06;Représentant
CMD-103720;30-juil-25;05/08/2025;14/09/2025;CLI-0217;EMP-506;ENT-QC;BD-1020;4;44,12;23,20;33,12;Représentant
CMD-102756;25/03/2025;2025-03-30;27/04/2025;CLI-0049;EMP-508;ENT-MTL;BD-1038;8;476,75;13,60;319,94;Représentant
CMD-102563;20/02/2025;2025-02-28;05/04/2025;  CLI-0113;EMP-505;ENT-MTL;BD-1052;6;289,52;5,70;183,03;Représentant
CMD-104804;2025-11-12;19/11/2025;26/12/2025;CLI-0185;EMP-508;ENT-QC;BD-1030;3;144,84;20,90;119,13;Portail web
CMD-103585;04/07/2025;09-juil-25;31/08/2025;CLI-0215;EMP-503;ENT-QC;BD-1036;1;235,82;8,20;191,63;Portail web
CMD-103575;2025-07-03;05/07/2025;09/09/2025;CLI-0188;EMP-506;ENT-MTL;BD-1081;4;526,57;11,20;364,83;Courriel
CMD-105033;17/12/2025;2025-12-23;;CLI-0163;EMP-505;ENT-MTL;BD-1083;2;290,81;5,30;189,32;Salon
CMD-104405;06-oct-25;15/10/2025;12/11/2025;CLI-0009;EMP-502;ENT-QC;BD-1161;20;109,76;18,70;64,16;Téléphone
CMD-102403;17/01/2025;23/01/2025;2025-03-01;CLI-0137;EMP-503;ENT-MTL;BD-1142;7;131,48;19,40;100,93;Portail web
CMD-102903;14/04/2025;20/04/2025;07/05/2025;CLI-0087;EMP-502;ENT-SAG;BD-1057;1;25,54;14,40;19,66;Téléphone
CMD-102845;04-avr-25;12/04/2025;27/05/2025;CLI-0127;EMP-503;ENT-QC;BD-1107;4;185,52;15,80;150,54;Représentant
CMD-102549;19/02/2025;2025-02-21;18/04/2025;CLI-0160;EMP-508;ENT-MTL;BD-1114;6;236,88;6,20;152,73;Représentant
CMD-103326;02/06/2025;2025-06-04;18/07/2025;CLI-0154;EMP-507;ENT-QC;BD-1170;12;31,44;10,60;16,95;Téléphone
CMD-103359;06/06/2025;08/06/2025;2025-08-19;CLI-0154;EMP-507;ENT-MTL;BD-1125;3;384,97;12,50;291,24;Représentant
CMD-103768;06/08/2025;10/08/2025;13-sept-25;CLI-0009;EMP-502;ENT-MTL;BD-1156;9;237,68;21,30;164,64;Portail web
CMD-103965;2025-08-26;01/09/2025;17/10/2025;CLI-0036;EMP-505;ENT-MTL;BD-1165;6;156,02;15,20;107,92;Portail web
CMD-102899;14/04/2025;22/04/2025;2025-06-17;CLI-0012;EMP-501;ENT-QC;BD-1152;6;377,69;21,50;271,40;Téléphone
CMD-104883;21/11/2025;2025-11-29;;CLI-0199;EMP-504;ENT-MTL;BD-1114;6;221,43;12,30;152,73;Portail web
CMD-102890;2025-04-11;16/04/2025;18/06/2025;CLI-0075;EMP-506;ENT-MTL;BD-1027;6;443,50;3,20;254,96;Représentant
CMD-105014;12/12/2025;18/12/2025;;CLI-0195;EMP-506;ENT-SAG;BD-1065;12;218,50;12,40;155,19;Portail web
CMD-103704;25/07/2025;2025-07-29;30/08/2025;CLI-0122;EMP-505;ENT-QC;BD-1042;1;404,27;8,40;267,02;Représentant
CMD-102385;14/01/2025;17/01/2025;15-févr-25;CLI-0058;EMP-508;ENT-QC;BD-1046;6;453,69;4,90;315,40;Représentant
CMD-103532;28/06/2025;03/07/2025;23-août-25;CLI-0080;EMP-506;ENT-SAG;BD-1055;3;278,86;15,10;213,75;Téléphone
CMD-104824;14/11/2025;19-nov-25;;CLI-0051;EMP-509;ENT-QC;BD-1143;24;344,65;8,10;220,45;Portail web
CMD-104584;21/10/2025;28/10/2025;2025-11-17;CLI-0026;EMP-506;ENT-QC;BD-1116;24;74,77;15,70;60,17;Représentant
CMD-103973;27/08/2025;04-sept-25;05/10/2025;CLI-0132;EMP-507;ENT-QC;BD-1121;3;68,13;12,50;44,65;Représentant
CMD-105020;15/12/2025;2025-12-23;;CLI-0100;EMP-505;ENT-MTL;BD-1003;1;273,23;8,40;227,23;Portail web
CMD-103672;21/07/2025;29/07/2025;30/09/2025;CLI-0052;EMP-504;ENT-QC;BD-1174;2;247,97;16,00;169,01;Portail web
CMD-104517;15/10/2025;17/10/2025;;CLI-0044;EMP-505;ENT-MTL;BD-1127;6;260,86;13,40;174,31;Portail web
CMD-103948;25/08/2025;01/09/2025;2025-09-21;CLI-0194;EMP-506;ENT-MTL;BD-1050;3;482,46;4,30;297,82;Représentant
CMD-103700;25/07/2025;27/07/2025;2025-08-19;CLI-0174;EMP-502;ENT-QC;BD-1104;6;107,84;2,60;76,70;Courriel
CMD-103076;05/05/2025;2025-05-10;10/06/2025;CLI-0185;EMP-508;ENT-MTL;BD-1022;6;351,27;22,70;298,47;Téléphone
CMD-104126;11/09/2025;17/09/2025;12-nov-25;CLI-0082;EMP-504;ENT-MTL;BD-1042;6;408,38;7,50;267,02;Téléphone
CMD-103480;2025-06-23;01/07/2025;30/08/2025;CLI-0130;EMP-508;ENT-QC;BD-1053;3;255,80;21,80;180,55;Représentant
CMD-104108;10/09/2025;12/09/2025;2025-11-11;CLI-0121;EMP-508;ENT-SAG;BD-1172;3;360,41;13,90;221,22;Représentant
CMD-104453;09/10/2025;16/10/2025;25/11/2025;CLI-0114;EMP-502;ENT-MTL;BD-1145;3;170,70;7,30;111,12;Représentant
CMD-104622;24/10/2025;26-oct-25;02/12/2025;CLI-0031;EMP-509;ENT-MTL;BD-1067;8;36,09;13,20;28,64;Représentant
CMD-102461;30/01/2025;2025-02-03;28/03/2025;CLI-0074;EMP-507;ENT-MTL;BD-1155;13;428,19;21,00;329,15;Portail web
CMD-102752;24/03/2025;2025-04-02;08/05/2025;CLI-0012;EMP-501;ENT-QC;BD-1032;17;409,20;25,20;347,11;Représentant
CMD-104893;2025-11-24;28/11/2025;;CLI-0080;EMP-506;ENT-QC;BD-1039;8;172,86;12,70;122,17;Représentant
CMD-104009;01/09/2025;09-sept-25;30/10/2025;CLI-0037;EMP-504;ENT-MTL;BD-1101;45;86,13;20,60;75,83;Représentant
CMD-103929;22/08/2025;25/08/2025;03-oct-25;CLI-0217;EMP-506;ENT-MTL;BD-1017;2;436,67;22,50;313,71;Téléphone
CMD-104149;13-sept-25;17/09/2025;03/11/2025;CLI-0034;EMP-507;ENT-QC;BD-1149;3;153,67;16,10;111,14;Représentant
CMD-103911;20/08/2025;28/08/2025;2025-10-17;CLI-0130;EMP-508;ENT-MTL;BD-1043;7;428,08;18,90;300,28;Représentant
CMD-104181;16/09/2025;2025-09-25;16/11/2025;CLI-0024;EMP-504;ENT-SAG;BD-1175;1;164,95;2,80;96,85;Salon
CMD-103061;02/05/2025;05/05/2025;2025-06-11;CLI-0173;EMP-508;ENT-MTL;BD-1003;12;248,68;16,60;227,23;Téléphone
CMD-102367;09/01/2025;13/01/2025;17-févr-25;CLI-0162;EMP-508;ENT-QC;BD-1081;2;517,54;12,70;309,18;Représentant
CMD-104101;10/09/2025;17/09/2025;2025-11-15;CLI-0099;EMP-505;ENT-MTL;BD-1078;21;302,90;21,00;238,11;Courriel
CMD-104156;2025-09-15;19/09/2025;31/10/2025;CLI-0107;EMP-506;ENT-QC;BD-1058;12;227,34;7,10;149,54;Courriel
CMD-104768;07-nov-25;15/11/2025;28/12/2025;CLI-0111;EMP-507;ENT-MTL;BD-1137;8;41,86;2,20;25,59;Représentant
CMD-104536;2025-10-16;25/10/2025;31/12/2025;CLI-0209;EMP-508;ENT-QC;BD-1178;14;166,88;18,70;119,43;Téléphone
CMD-104152;2025-09-13;17/09/2025;24/10/2025;CLI-0029;EMP-506;ENT-SAG;BD-1016;5;313,17;24,20;224,02;Représentant
CMD-103074;05-mai-25;12/05/2025;30/05/2025;CLI-0015;EMP-509;ENT-QC;BD-1063;6;345,70;6,10;247,24;Représentant
CMD-103142;13-mai-25;20/05/2025;01/06/2025;CLI-0208;EMP-507;ENT-QC;BD-1119;3;76,86;16,30;59,67;Représentant
CMD-103110;09-mai-25;12/05/2025;05/07/2025;CLI-0011;EMP-507;ENT-MTL;BD-1066;3;333,94;3,10;240,06;Portail web
CMD-103585;04/07/2025;2025-07-09;31/08/2025;CLI-0215;EMP-503;ENT-QC;BD-1115;1;68,58;8,20;47,23;Téléphone
CMD-103742;01-août-25;03/08/2025;13/09/2025;CLI-0130;EMP-508;ENT-MTL;BD-1155;33;427,46;21,10;329,15;Représentant
CMD-103124;09/05/2025;2025-05-15;13/07/2025;CLI-0157;EMP-502;ENT-SAG;BD-1049;2;47,02;13,90;31,22;Téléphone
CMD-104123;11/09/2025;16/09/2025;10-nov-25;CLI-0059;EMP-504;ENT-QC;BD-1094;7;152,70;25,10;124,30;Portail web
CMD-104895;24/11/2025;29/11/2025;;CLI-0064;EMP-504;ENT-SAG;BD-1074;3;179,34;7,60;130,44;Portail web
CMD-103749;04/08/2025;09-août-25;11/09/2025;CLI-0063;EMP-503;ENT-QC;BD-1171;3;140,19;11,40;85,46;Téléphone
CMD-104616;23/10/2025;27/10/2025;2025-12-15;CLI-0006;EMP-505;ENT-SAG;BD-1094;2;174,63;14,30;124,30;Portail web
CMD-104956;01/12/2025;08/12/2025;;CLI-0204;EMP-506;ENT-QC;BD-1020;8;53,58;6,80;33,12;Représentant
CMD-103463;2025-06-19;26/06/2025;06/08/2025;CLI-0150;EMP-502;ENT-QC;BD-1040;24;428,11;2,90;274,41;Portail web
CMD-102789;28/03/2025;02/04/2025;2025-04-27;CLI-0092;EMP-508;ENT-SAG;BD-1017;4;535,05;5,10;313,71;Représentant
CMD-102350;07/01/2025;15/01/2025;2025-02-15;CLI-0043;EMP-506;ENT-QC;BD-1146;6;331,82;11,70;225,52;Représentant
CMD-102376;11-janv-25;15/01/2025;02/02/2025;CLI-0043;EMP-506;ENT-QC;BD-1144;3;154,43;13,50;98,33;Portail web
CMD-102894;12/04/2025;2025-04-16;15/05/2025;CLI-0209;EMP-508;ENT-MTL;BD-1071;81;436,81;18,20;308,06;Représentant
CMD-104206;18/09/2025;2025-09-22;02/12/2025;CLI-0191;EMP-504;ENT-MTL;BD-1047;24;95,66;10,30;71,53;Téléphone
CMD-103672;21/07/2025;29/07/2025;2025-09-30;CLI-0052;EMP-504;ENT-QC;BD-1120;3;249,40;16,00;186,72;Représentant
CMD-102698;14-mars-25;21/03/2025;24/05/2025;CLI-0053;EMP-509;ENT-MTL;BD-1049;3;45,58;16,60;31,22;Représentant
CMD-103031;30/04/2025;09/05/2025;19/06/2025;CLI-0037;EMP-504;ENT-MTL;BD-1158;6;273,19;21,80;184,61;Téléphone
CMD-103634;14/07/2025;2025-07-16;29/09/2025;CLI-0041;EMP-508;ENT-QC;BD-1039;8;169,31;14,50;122,17;Courriel
CMD-102390;15/01/2025;20-janv-25;05/03/2025;CLI-0047;EMP-508;ENT-QC;BD-1151;8;140,43;11,70;92,25;Représentant
CMD-104033;03/09/2025;05-sept-25;06/11/2025;CLI-0063;EMP-503;ENT-QC;BD-1026;4;368,21;16,00;246,82;
CMD-104292;25/09/2025;28/09/2025;2025-11-25;CLI-0157;EMP-502;ENT-MTL;BD-1013;3;441,94;14,40;315,34;Téléphone
CMD-103075;05/05/2025;12/05/2025;2025-07-09;CLI-0217;EMP-506;ENT-QC;BD-1035;2;37,94;21,60;30,63;Téléphone
CMD-103064;02/05/2025;2025-05-07;26/06/2025;CLI-0059;EMP-504;ENT-SAG;BD-1035;17;38,38;20,70;30,63;Portail web
CMD-104173;2025-09-16;20/09/2025;13/10/2025;CLI-0150;EMP-502;ENT-MTL;BD-1097;2;352,19;4,30;253,06;Représentant
CMD-104842;18/11/2025;25-nov-25;;CLI-0012;EMP-501;ENT-SAG;BD-1153;6;160,60;20,00;116,00;Téléphone
CMD-103960;26/08/2025;28/08/2025;2025-11-13;CLI-0048;EMP-508;ENT-SAG;BD-9850;8;109,29;10,20;69,62;Portail web
CMD-104850;2025-11-19;21/11/2025;19/12/2025;CLI-0009;EMP-502;ENT-QC;BD-1088;7;514,51;18,30;404,63;Représentant
CMD-103784;07/08/2025;13/08/2025;2025-09-14;CLI-0108;EMP-503;ENT-SAG;BD-1080;1;293,60;11,20;208,57;Courriel
CMD-104507;14/10/2025;2025-10-19;29/11/2025;CLI-0157;EMP-502;ENT-MTL;BD-1079;2;233,40;11,50;147,87;Représentant
CMD-103000;25/04/2025;29/04/2025;23-juin-25;CLI-0185;EMP-508;ENT-SAG;BD-1167;3;294,74;20,60;209,73;Représentant
CMD-103409;12/06/2025;21/06/2025;2025-07-23;CLI-0099;EMP-505;ENT-QC;BD-1048;6;39,79;22,30;33,51;Représentant
CMD-104215;2025-09-18;22/09/2025;;CLI-0073;EMP-501;ENT-MTL;BD-1075;6;89,28;11,40;71,97;Portail web
CMD-104373;02/10/2025;2025-10-07;07/11/2025;CLI-0209;EMP-508;ENT-MTL;BD-1168;4;306,88;23,30;229,43;Portail web
CMD-104089;09-sept-25;13/09/2025;29/10/2025;CLI-0191;EMP-504;ENT-QC;BD-1055;3;279,87;14,80;213,75;Portail web
CMD-103692;2025-07-23;01/08/2025;01/09/2025;CLI-0092;EMP-508;ENT-QC;BD-1057;1;28,89;3,20;23,20;Représentant
CMD-104917;26/11/2025;2025-12-03;29/12/2025;CLI-0034;EMP-507;ENT-QC;BD-1099;8;428,19;13,80;346,57;Portail web
CMD-104038;04/09/2025;07/09/2025;2025-11-01;CLI-0023;EMP-505;ENT-SAG;BD-1040;6;410,69;6,80;274,41;Représentant
CMD-104330;29-sept-25;01/10/2025;20/11/2025;CLI-0089;EMP-502;ENT-QC;BD-1084;80;459,78;20,80;375,89;Représentant
CMD-104628;2025-10-24;01/11/2025;;CLI-0141;EMP-502;ENT-QC;BD-1022;6;402,98;11,30;298,47;Représentant
CMD-102406;17/01/2025;21/01/2025;16/03/2025;CLI-0118;EMP-504;ENT-MTL;BD-1130;12;482,30;14,50;323,89;Portail web
CMD-104423;2025-10-07;13/10/2025;08/11/2025;CLI-0132;EMP-507;ENT-QC;BD-1128;24;128,66;11,20;78,87;Représentant
CMD-103367;2025-06-09;11/06/2025;12/08/2025;CLI-0099;EMP-505;ENT-QC;BD-1051;7;106,21;18,10;79,76;Représentant
CMD-103864;15/08/2025;21/08/2025;2025-10-08;CLI-0139;EMP-506;ENT-MTL;BD-1018;3;390,74;15,90;247,17;Représentant
CMD-103498;2025-06-25;03/07/2025;04/09/2025;CLI-0130;EMP-508;ENT-MTL;BD-1123;3;176,20;19,00;132,28;Téléphone
CMD-104905;25/11/2025;01/12/2025;;CLI-0191;EMP-504;ENT-SAG;BD-1130;1;480,73;14,80;323,89;Portail web
CMD-103751;04/08/2025;12/08/2025;2025-10-02;CLI-0096;EMP-504;ENT-SAG;BD-1180;6;185,17;2,20;95,30;Représentant
CMD-104342;30-sept-25;03/10/2025;02/12/2025;CLI-0141;EMP-502;ENT-QC;BD-1043;8;458,29;13,20;300,28;Courriel
CMD-104920;27/11/2025;2025-12-05;;CLI-0118;EMP-504;ENT-MTL;BD-1156;12;263,02;12,90;164,64;Représentant
CMD-104123;11/09/2025;16-sept-25;10/11/2025;CLI-0059;EMP-504;ENT-QC;BD-1088;2;471,75;25,10;404,63;Courriel
CMD-103335;04/06/2025;13/06/2025;2025-07-28;CLI-0051;EMP-509;ENT-MTL;BD-1181;6;590,65;5,50;312,40;Représentant
CMD-103950;25/08/2025;31/08/2025;2025-10-12;CLI-0117;EMP-504;ENT-SAG;BD-1109;4;429,80;6,60;310,20;Représentant
CMD-103928;2025-08-22;24/08/2025;23/09/2025;CLI-0200;EMP-509;ENT-SAG;BD-1050;2;437,65;13,20;297,82;Représentant
CMD-103625;11/07/2025;16-juil-25;;CLI-0198;EMP-504;ENT-SAG;BD-1029;24;377,83;3,60;243,45;Représentant
CMD-103845;2025-08-14;18/08/2025;27/10/2025;CLI-0048;EMP-508;ENT-MTL;BD-1016;1;371,23;10,20;224,02;Représentant
CMD-102484;04/02/2025;08/02/2025;2025-03-21;CLI-0151;EMP-504;ENT-QC;BD-1178;24;189,39;7,70;119,43;Téléphone
CMD-104739;2025-11-04;09/11/2025;14/12/2025;CLI-0009;EMP-502;ENT-MTL;BD-1104;7;88,42;20,10;76,70;Représentant
CMD-104893;24/11/2025;2025-11-28;;CLI-0080;EMP-506;ENT-QC;BD-1081;1;517,89;12,70;364,83;Téléphone
CMD-102714;18/03/2025;26-mars-25;10/05/2025;CLI-0073;EMP-501;ENT-SAG;BD-1042;2;366,54;16,90;267,02;Représentant
CMD-103411;13-juin-25;20/06/2025;07/09/2025;CLI-0179;EMP-509;ENT-QC;BD-1019;3;290,87;3,40;205,07;Portail web
CMD-104825;14/11/2025;18-nov-25;;CLI-0217;EMP-506;ENT-MTL;BD-1101;10;85,09;21,60;75,83;Téléphone
CMD-102903;14/04/2025;20/04/2025;2025-05-07;CLI-0087;EMP-502;ENT-SAG;BD-1052;2;262,78;14,40;183,03;Portail web
CMD-104805;12/11/2025;15/11/2025;;CLI-0037;EMP-504;ENT-SAG;BD-1045;6;103,86;20,80;78,37;Téléphone
CMD-102360;08-janv-25;12/01/2025;26/02/2025;CLI-0136;EMP-507;ENT-MTL;BD-1032;1;470,80;14,00;347,11;Téléphone
CMD-102670;12-mars-25;19/03/2025;;CLI-0199;EMP-504;ENT-QC;BD-1030;3;153,83;16,00;100,96;Représentant
CMD-102751;2025-03-24;29/03/2025;03/05/2025;CLI-0035;EMP-503;ENT-MTL;BD-1141;6;414,86;16,90;314,24;Portail web
CMD-103681;2025-07-21;30/07/2025;17/09/2025;CLI-0006;EMP-505;ENT-MTL;BD-1171;1;135,56;14,40;85,46;Portail web
CMD-103255;26-mai-25;31/05/2025;01/07/2025;CLI-0045;EMP-502;ENT-SAG;BD-1107;3;192,93;12,40;150,54;Représentant
CMD-103567;02/07/2025;2025-07-04;31/08/2025;CLI-0057;EMP-507;ENT-QC;BD-1029;4;334,75;14,60;243,45;Courriel
CMD-103895;19/08/2025;26/08/2025;13/10/2025;CLI-0161;EMP-508;ENT-MTL;BD-1106;3;513,03;3,30;340,08;Représentant
CMD-104485;13/10/2025;2025-10-22;;CLI-0029;EMP-506;ENT-MTL;BD-1160;3;62,28;20,90;41,56;Représentant
CMD-104434;2025-10-08;17/10/2025;10/12/2025;CLI-0097;EMP-504;ENT-SAG;BD-1097;4;347,72;5,50;253,06;Téléphone
CMD-103081;2025-05-06;09/05/2025;28/06/2025;CLI-0056;EMP-502;ENT-QC;BD-1031;38;418,94;19,40;300,62;Représentant
CMD-102437;24/01/2025;2025-02-01;21/03/2025;CLI-0136;EMP-507;ENT-SAG;BD-1134;12;91,93;16,40;61,77;Représentant
CMD-102719;19/03/2025;23/03/2025;20/05/2025;CLI-0154;EMP-507;ENT-SAG;BD-1165;6;155,95;15,30;107,92;Portail web
CMD-102829;2025-04-03;05/04/2025;15/05/2025;CLI-0137;EMP-503;ENT-MTL;BD-1161;33;109,28;19,10;64,16;Courriel
CMD-103314;2025-05-31;08/06/2025;13/06/2025;CLI-0067;EMP-502;ENT-QC;BD-1009;4;94,40;10,20;67,67;Courriel
CMD-102592;2025-02-28;04/03/2025;;CLI-0220;EMP-506;ENT-QC;BD-1146;3;323,20;13,90;225,52;Représentant
CMD-102928;17/04/2025;24/04/2025;2025-06-01;  CLI-0173;EMP-508;ENT-MTL;BD-1047;8;93,45;12,30;71,53;Téléphone
CMD-103678;21/07/2025;26-juil-25;20/08/2025;CLI-0175;EMP-505;ENT-QC;BD-1011;6;477,98;9,00;294,52;Représentant
CMD-103622;10/07/2025;19/07/2025;04/09/2025;CLI-0050;EMP-502;ENT-MTL;BD-1041;4;223,03;12,00;163,24;Portail web
CMD-103623;11/07/2025;18/07/2025;12-août-25;CLI-0141;EMP-502;ENT-SAG;BD-1015;24;459,40;13,50;325,38;Représentant
CMD-102943;18/04/2025;26/04/2025;2025-06-09;CLI-0172 ;EMP-502;ENT-QC;BD-1103;2;212,76;6,60;154,84;Courriel
CMD-102915;15/04/2025;2025-04-24;07/06/2025;CLI-0209;EMP-508;ENT-QC;BD-1061;8;95,83;18,90;76,81;Portail web
CMD-102744;2025-03-22;24/03/2025;07/05/2025;CLI-0209;EMP-508;ENT-QC;BD-1061;18;90,19;23,70;76,81;Représentant
CMD-103347;04/06/2025;06/06/2025;18/07/2025;CLI-0042;EMP-505;ENT-QC;BD-1021;1;326,22;10,30;242,82;Portail web
CMD-104696;2025-10-30;07/11/2025;;CLI-0071;EMP-503;ENT-QC;BD-1074;2;188,80;2,80;130,44;Portail web
CMD-104532;15/10/2025;17/10/2025;2025-11-21;CLI-0157;EMP-502;ENT-SAG;BD-1134;3;96,88;11,90;61,77;Portail web
CMD-104675;2025-10-29;04/11/2025;25/11/2025;CLI-0114;EMP-502;ENT-MTL;BD-1002;2;441,37;5,80;298,72;Représentant
CMD-104482;13/10/2025;15/10/2025;30-déc-25;CLI-0061;EMP-503;ENT-QC;BD-1085;3;57,89;13,80;49,28;Représentant
CMD-103644;15-juil-25;21/07/2025;10/09/2025;CLI-0006;EMP-505;ENT-MTL;BD-1119;4;80,68;12,10;59,67;Représentant
CMD-102641;07/03/2025;15/03/2025;13/04/2025;CLI-0066;EMP-507;ENT-SAG;BD-1127;4;261,49;13,20;174,31;Représentant
CMD-104147;13/09/2025;16/09/2025;15-oct-25;CLI-0099;EMP-505;ENT-SAG;BD-1173;5;299,63;24,80;212,35;Représentant
CMD-104619;24/10/2025;2025-10-30;25/11/2025;CLI-0076;EMP-507;ENT-MTL;BD-1021;8;284,50;21,80;242,82;Téléphone
CMD-103701;25/07/2025;02-août-25;14/09/2025;CLI-0076;EMP-507;ENT-SAG;BD-1040;8;331,28;24,80;274,41;Représentant
CMD-104175;16/09/2025;24/09/2025;16-nov-25;CLI-0121;EMP-508;ENT-SAG;BD-1044;2;286,44;11,30;199,55;Représentant
CMD-104664;28/10/2025;02/11/2025;08/12/2025;CLI-0062;EMP-507;ENT-QC;BD-1160;3;69,45;11,80;41,56;Téléphone
CMD-103012;28-avr-25;07/05/2025;26/06/2025;CLI-0085;EMP-503;ENT-MTL;BD-1019;4;276,56;8,10;173,78;Représentant
CMD-103644;15/07/2025;21/07/2025;10/09/2025;CLI-0006;EMP-505;ENT-MTL;BD-1124;8;224,03;12,10;153,77;Portail web
CMD-104855;2025-11-19;24/11/2025;22/12/2025;CLI-0127;EMP-503;ENT-MTL;BD-1149;1;159,74;12,80;111,14;Téléphone
CMD-102527;14/02/2025;19/02/2025;29-mars-25;CLI-0057;EMP-507;ENT-MTL;BD-1181;8;535,06;14,40;312,40;Courriel
CMD-104973;2025-12-03;05/12/2025;;CLI-0152;EMP-503;ENT-QC;BD-1067;4;39,06;6,10;28,64;Représentant
CMD-104908;2025-11-25;28/11/2025;;CLI-0099;EMP-505;ENT-MTL;BD-1143;1;285,17;24,00;220,45;Courriel
CMD-103307;30/05/2025;08/06/2025;02-août-25;CLI-0206;EMP-503;ENT-QC;BD-1120;2;256,93;13,40;186,72;Représentant
CMD-104565;17/10/2025;2025-10-23;31/12/2025;CLI-0099;EMP-505;ENT-SAG;BD-1097;2;293,12;20,30;253,06;Portail web
CMD-104809;13/11/2025;2025-11-22;;CLI-0133;EMP-508;ENT-SAG;BD-1089;4;268,43;15,20;189,92;Portail web
CMD-104359;01/10/2025;2025-10-05;22/12/2025;CLI-0220;EMP-506;ENT-MTL;BD-1142;3;144,93;11,10;100,93;Courriel
CMD-104927;27/11/2025;05/12/2025;;CLI-0148;EMP-501;ENT-QC;BD-1139;1;307,61;14,20;203,11;Portail web
CMD-102334;02/01/2025;2025-01-08;21/03/2025;CLI-0209;EMP-508;ENT-SAG;BD-1147;8;488,25;18,40;346,92;Représentant
CMD-103862;15/08/2025;21/08/2025;2025-10-04;CLI-0029;EMP-506;ENT-QC;BD-1150;5;475,92;24,00;347,06;Salon
CMD-104844;18/11/2025;24/11/2025;;CLI-0115;EMP-509;ENT-QC;BD-1152;6;415,21;13,70;271,40;Courriel
CMD-104752;05/11/2025;14/11/2025;;CLI-0123;EMP-501;ENT-QC;BD-1075;4;87,70;13,00;71,97;Portail web
CMD-104482;13/10/2025;15/10/2025;2025-12-30;CLI-0061;EMP-503;ENT-QC;BD-1175;24;146,24;13,80;96,85;Téléphone
CMD-104946;29/11/2025;04/12/2025;2025-12-19;CLI-0206;EMP-503;ENT-QC;BD-1040;8;381,22;13,50;274,41;Courriel
CMD-104526;2025-10-15;20/10/2025;30/11/2025;CLI-0143;EMP-503;ENT-QC;BD-1131;4;58,01;13,50;37,08;Représentant
CMD-103629;11/07/2025;13/07/2025;2025-08-26;CLI-0105;EMP-502;ENT-MTL;BD-1063;8;348,94;5,30;247,24;Portail web
CMD-102570;22/02/2025;2025-03-03;04/04/2025;CLI-0218;EMP-503;ENT-MTL;BD-1006;12;324,58;3,00;182,47;Portail web
CMD-103606;08/07/2025;10/07/2025;10/09/2025;CLI-0175;EMP-505;ENT-QC;BD-1046;8;460,18;3,60;372,17;Téléphone
CMD-102340;2025-01-03;10/01/2025;08/03/2025;CLI-0074;EMP-507;ENT-MTL;BD-1134;16;88,33;19,70;61,77;Représentant
CMD-102755;25/03/2025;01/04/2025;2025-05-04;CLI-0131;EMP-502;ENT-QC;BD-1164;24;171,87;11,80;100,45;Portail web
CMD-105031;16/12/2025;25/12/2025;;CLI-0160;EMP-508;ENT-QC;BD-1031;1;484,52;6,70;300,62;Courriel
CMD-104857;31/02/2024;23/11/2025;;CLI-0212;EMP-507;ENT-QC;BD-1078;18;309,95;19,20;238,11;Portail web
CMD-104547;16/10/2025;2025-10-23;15/12/2025;CLI-0036;EMP-505;ENT-MTL;BD-1101;6;90,33;16,70;75,83;Représentant
CMD-103071;2025-05-03;10/05/2025;02/07/2025;CLI-0148;EMP-501;ENT-QC;BD-1023;1;313,82;16,90;244,32;Courriel
CMD-104863;20/11/2025;26/11/2025;;CLI-0047;EMP-508;ENT-QC;BD-1150;24;534,78;14,60;347,06;Représentant
CMD-103139;2025-05-12;16/05/2025;17/07/2025;CLI-0105;EMP-502;ENT-QC;BD-1106;12;509,45;4,00;340,08;Représentant
CMD-103102;07-mai-25;14/05/2025;17/06/2025;CLI-0175;EMP-505;ENT-QC;BD-1119;1;84,91;7,50;59,67;Représentant
CMD-103813;11/08/2025;18-août-25;23/09/2025;CLI-0029;EMP-506;ENT-MTL;BD-1005;11;243,93;25,40;208,35;Représentant
CMD-103732;2025-08-01;06/08/2025;20/09/2025;CLI-0150;EMP-502;ENT-MTL;BD-1157;1;51,02;2,50;25,21;Courriel
CMD-104478;11/10/2025;14/10/2025;2025-11-10;CLI-0095;EMP-505;ENT-SAG;BD-1013;1;493,26;4,50;315,34;Portail web
CMD-104538;16/10/2025;21/10/2025;2025-12-14;CLI-0013;EMP-507;ENT-QC;BD-1153;3;183,08;8,70;116,00;Portail web
CMD-103949;2025-08-25;28/08/2025;28/10/2025;CLI-0063;EMP-503;ENT-QC;BD-1058;24;214,52;12,40;149,54;Portail web
CMD-104381;02/10/2025;2025-10-10;30/11/2025;CLI-0035;EMP-503;ENT-MTL;BD-1177;6;355,17;12,90;215,66;Téléphone
CMD-104965;03/12/2025;05/12/2025;;CLI-0062;EMP-507;ENT-SAG;BD-1046;4;424,01;11,20;372,17;Représentant
CMD-103227;2025-05-22;29/05/2025;18/06/2025;CLI-0169;EMP-507;ENT-SAG;BD-1002;2;421,19;10,10;298,72;Représentant
CMD-102875;09-avr-25;17/04/2025;20/06/2025;CLI-0112;EMP-505;ENT-MTL;BD-1003;12;260,36;12,70;192,57;Représentant
CMD-104225;2025-09-19;28/09/2025;27/10/2025;CLI-0009;EMP-502;ENT-MTL;BD-1069;10;314,37;21,20;239,15;Représentant
CMD-103359;06/06/2025;08/06/2025;2025-08-19;CLI-0154;EMP-507;ENT-MTL;BD-1111;3;193,91;12,50;148,90;Représentant
CMD-105114;2025-12-30;08/01/2026;;CLI-0089;EMP-502;ENT-MTL;BD-1127;5;232,18;22,90;174,31;Représentant
CMD-104834;17/11/2025;26/11/2025;;CLI-0205;EMP-505;ENT-MTL;BD-1085;4;65,04;3,20;49,28;Téléphone
CMD-104780;2025-11-10;13/11/2025;;CLI-0198;EMP-504;ENT-SAG;BD-1117;4;137,60;7,10;100,34;Représentant
CMD-103373;10/06/2025;2025-06-14;10/07/2025;CLI-0005;EMP-503;ENT-QC;BD-1171;3;151,33;4,40;85,46;Représentant
CMD-102716;18/03/2025;26/03/2025;2025-05-24;CLI-0196;EMP-506;ENT-MTL;BD-1170;3;34,13;2,90;16,95;Représentant
CMD-104469;10/10/2025;18/10/2025;19-nov-25;CLI-0088;EMP-504;ENT-SAG;BD-1050;6;444,45;11,80;297,82;Représentant
CMD-103030;30-avr-25;02/05/2025;02/07/2025;CLI-0212;EMP-507;ENT-MTL;BD-1061;5;95,60;19,10;76,81;Courriel
CMD-104961;2025-12-02;11/12/2025;;CLI-0146;EMP-503;ENT-MTL;BD-1075;2;87,09;13,60;71,97;Portail web
CMD-103520;27/06/2025;29-juin-25;04/08/2025;CLI-0053;EMP-509;ENT-QC;BD-1104;8;97,33;12,10;76,70;Représentant
CMD-104799;11-nov-25;20/11/2025;28/12/2025;CLI-0076;EMP-507;ENT-QC;BD-1054;33;374,99;19,50;262,94;Portail web
CMD-103492;24/06/2025;30/06/2025;21-août-25;CLI-0123;EMP-501;ENT-SAG;BD-1139;3;320,19;10,70;203,11;Courriel
CMD-104098;09/09/2025;15/09/2025;27-oct-25;CLI-0044;EMP-505;ENT-QC;BD-1045;1;112,49;14,20;78,37;Représentant
CMD-104868;20-nov-25;27/11/2025;;CLI-0159;EMP-502;ENT-QC;BD-1087;12;358,55;7,10;215,66;Courriel
CMD-104133;12-sept-25;17/09/2025;;CLI-0220;EMP-506;ENT-MTL;BD-1159;2;252,04;12,80;169,65;Représentant
CMD-103463;19-juin-25;26/06/2025;06/08/2025;CLI-0150;EMP-502;ENT-QC;BD-1039;24;192,29;2,90;122,17;Courriel
CMD-103654;2025-07-16;19/07/2025;29/08/2025;CLI-0193;EMP-509;ENT-MTL;BD-1117;4;123,32;16,80;100,34;Téléphone
CMD-103283;28/05/2025;2025-06-06;26/06/2025;CLI-0122;EMP-505;ENT-MTL;BD-1023;12;364,59;3,40;244,32;Représentant
CMD-102458;29/01/2025;31/01/2025;28-mars-25;CLI-0130;EMP-508;ENT-MTL;BD-1124;11;208,68;18,20;153,77;Courriel
CMD-103999;01/09/2025;04/09/2025;07/10/2025;CLI-0212;EMP-507;ENT-QC;BD-1143;6;305,48;18,60;220,45;Représentant
CMD-103428;2025-06-16;24/06/2025;17/08/2025;CLI-0185;EMP-508;ENT-SAG;BD-1016;19;309,01;25,20;224,02;Représentant
CMD-104896;24/11/2025;30-nov-25;;CLI-0165;EMP-507;ENT-QC;BD-1150;4;593,86;5,10;347,06;Portail web
CMD-103405;12/06/2025;2025-06-14;18/07/2025;CLI-0203;EMP-503;ENT-SAG;BD-1046;2;463,65;2,90;372,17;Portail web
CMD-104860;19/11/2025;23/11/2025;;CLI-0164;EMP-509;ENT-MTL;BD-1144;2;173,57;2,80;98,33;Courriel
CMD-104553;17/10/2025;2025-10-24;14/12/2025;CLI-0059;EMP-504;ENT-MTL;BD-1039;7;160,07;19,10;122,17;Représentant
CMD-103181;2025-05-16;21/05/2025;02/07/2025;CLI-0033;EMP-504;ENT-QC;BD-1127;3;255,81;15,10;174,31;Portail web
CMD-103147;13/05/2025;18/05/2025;2025-07-17;CLI-0059;EMP-504;ENT-QC;BD-1044;8;259,66;19,60;199,55;Téléphone
CMD-103030;2025-04-30;02/05/2025;02/07/2025;CLI-0212;EMP-507;ENT-MTL;BD-1020;6;46,51;19,10;33,12;Représentant
CMD-103189;19/05/2025;25/05/2025;2025-07-10;CLI-0217;EMP-506;ENT-MTL;BD-1095;8;84,04;18,90;64,62;Portail web
CMD-104970;03/12/2025;06/12/2025;;CLI-0041;EMP-508;ENT-SAG;BD-1135;3;64,13;12,50;40,73;Courriel
CMD-102710;17/03/2025;2025-03-21;19/05/2025;CLI-0155;EMP-506;ENT-MTL;BD-1173;8;340,53;14,60;212,35;Représentant
CMD-104728;04-nov-25;13/11/2025;;CLI-0213;EMP-508;ENT-MTL;BD-1147;24;580,20;3,00;346,92;Salon
CMD-102776;2025-03-27;29/03/2025;14/05/2025;CLI-0049;EMP-508;ENT-MTL;BD-1124;4;224,62;11,90;153,77;Représentant
CMD-103750;2025-08-04;08/08/2025;23/09/2025;CLI-0035;EMP-503;ENT-MTL;BD-1035;1;42,67;11,80;30,63;Salon
CMD-103291;29/05/2025;04/06/2025;30/07/2025;CLI-0045;EMP-502;ENT-QC;BD-1124;6;219,26;14,00;153,77;Représentant
CMD-104674;29/10/2025;2025-11-04;24/12/2025;  CLI-0052;EMP-504;ENT-QC;BD-1168;4;359,83;10,00;229,43;Représentant
CMD-102476;03/02/2025;10/02/2025;18/03/2025;CLI-0043;EMP-506;ENT-MTL;BD-1148;4;411,25;10,60;302,28;Téléphone
CMD-103406;2025-06-12;16/06/2025;31/07/2025;CLI-0099;EMP-505;ENT-MTL;BD-1034;24;183,50;22,80;182,99;Représentant
CMD-104888;21/11/2025;2025-11-26;;CLI-0202;EMP-504;ENT-SAG;BD-1131;12;63,66;5,00;37,08;Représentant
CMD-103436;16/06/2025;24/06/2025;26-juil-25;CLI-0038;EMP-507;ENT-SAG;BD-1162;4;116,21;15,20;68,38;Téléphone
CMD-104838;18/11/2025;26/11/2025;;CLI-0050;EMP-502;ENT-QC;BD-1076;6;489,52;12,70;338,68;Portail web
CMD-104204;18/09/2025;2025-09-23;12/11/2025;CLI-0034;EMP-507;ENT-QC;BD-1067;8;36,23;12,90;28,64;Représentant
CMD-104506;14/10/2025;22/10/2025;06-déc-25;CLI-0014;EMP-502;ENT-MTL;BD-1098;24;406,36;7,80;309,76;Portail web
CMD-104361;01-oct-25;09/10/2025;08/12/2025;CLI-0202;EMP-504;ENT-MTL;BD-1101;24;103,11;5,00;75,83;Portail web
CMD-102824;02/04/2025;09/04/2025;10-mai-25;CLI-0076;EMP-507;ENT-QC;BD-1180;6;152,29;19,60;95,30;Représentant
CMD-102725;19/03/2025;2025-03-24;07/05/2025;CLI-0188;EMP-506;ENT-MTL;BD-1134;3;98,39;10,50;61,77;Téléphone
CMD-103926;21-août-25;26/08/2025;13/10/2025;CLI-0063;EMP-503;ENT-QC;BD-1008;3;205,49;12,10;155,34;Portail web
CMD-104070;08/09/2025;10-sept-25;08/11/2025;CLI-0217;EMP-506;ENT-QC;BD-1045;5;104,12;20,60;78,37;Représentant
CMD-103492;24/06/2025;2025-06-30;21/08/2025;CLI-0123;EMP-501;ENT-SAG;BD-1006;3;298,82;10,70;182,47;Représentant
CMD-103264;27/05/2025;03/06/2025;07/07/2025;CLI-0070;EMP-503;ENT-SAG;BD-1045;6;120,97;7,70;78,37;Téléphone
CMD-103559;n/d;07/07/2025;19/08/2025;CLI-0204;EMP-506;ENT-QC;BD-1109;6;438,36;4,70;310,20;Courriel
CMD-104281;24/09/2025;2025-10-02;01/11/2025;CLI-0209;EMP-508;ENT-QC;BD-1111;4;164,92;25,60;148,90;Téléphone
CMD-102710;17/03/2025;21/03/2025;19-mai-25;CLI-0155;EMP-506;ENT-MTL;BD-1134;3;93,92;14,60;61,77;Courriel
CMD-103443;17/06/2025;24/06/2025;2025-08-17;CLI-0183;EMP-506;ENT-QC;BD-1098;12;404,58;8,20;309,76;Représentant
CMD-102572;22-févr-25;27/02/2025;30/04/2025;CLI-0028;EMP-509;ENT-SAG;BD-1037;8;28,50;4,80;16,65;Portail web
CMD-104898;24-nov-25;30/11/2025;24/12/2025;CLI-0074;EMP-507;ENT-QC;BD-1073;9;353,22;21,50;307,22;Représentant
CMD-102479;03/02/2025;05/02/2025;14-avr-25;CLI-0076;EMP-507;ENT-SAG;BD-1033;14;140,32;25,10;113,22;Représentant
CMD-103514;26/06/2025;29/06/2025;10/08/2025;CLI-0041;EMP-508;ENT-MTL;BD-1127;8;269,43;10,60;174,31;Portail web
CMD-104934;28/11/2025;2025-12-01;;CLI-0185;EMP-508;ENT-QC;BD-1135;8;54,71;25,40;40,73;Représentant
CMD-103152;14/05/2025;23/05/2025;;CLI-0094;EMP-502;ENT-QC;BD-1037;8;28,25;5,60;16,65;Courriel
CMD-103388;11/06/2025;16-juin-25;08/08/2025;CLI-0209;EMP-508;ENT-QC;BD-1125;34;348,17;20,90;291,24;Portail web
CMD-103586;2025-07-04;13/07/2025;24/08/2025;CLI-0118;EMP-504;ENT-QC;BD-1106;8;466,40;12,10;340,08;Salon
CMD-104005;01/09/2025;2025-09-08;22/10/2025;CLI-0006;EMP-505;ENT-QC;BD-1126;3;179,59;11,30;133,03;Portail web
CMD-104486;13-oct-25;17/10/2025;03/12/2025;CLI-0090;EMP-505;ENT-QC;BD-1179;2;379,80;12,00;231,35;Représentant
CMD-105119;30/12/2025;07-janv-26;;CLI-0118;EMP-504;ENT-MTL;BD-1169;12;489,99;15,00;282,28;Téléphone
CMD-104921;2025-11-27;04/12/2025;;CLI-0147;EMP-506;ENT-MTL;BD-1101;4;100,41;7,40;75,83;Portail web
CMD-102537;17/02/2025;2025-02-23;08/04/2025;CLI-0153;EMP-507;ENT-QC;BD-1171;1;133,86;15,40;85,46;Représentant
CMD-103549;01/07/2025;2025-07-08;21/08/2025;CLI-0130;EMP-508;ENT-MTL;BD-1063;8;294,47;20,10;247,24;Représentant
CMD-103347;04/06/2025;06/06/2025;2025-07-18;CLI-0042;EMP-505;ENT-QC;BD-1001;3;300,67;10,30;219,63;Téléphone
CMD-103569;02/07/2025;10/07/2025;2025-09-04;CLI-0012;EMP-501;ENT-QC;BD-1013;6;385,30;25,40;315,34;Représentant
CMD-102842;04/04/2025;11-avr-25;27/05/2025;CLI-0090;EMP-505;ENT-MTL;BD-1060;8;351,92;11,10;246,98;Téléphone
CMD-103176;16/05/2025;19/05/2025;2025-07-09;CLI-0185;EMP-508;ENT-QC;BD-1122;19;274,02;19,70;212,67;Représentant
CMD-102486;2025-02-05;12/02/2025;22/03/2025;CLI-0139;EMP-506;ENT-MTL;BD-1065;1;215,51;13,60;131,52;Représentant
CMD-104016;02-sept-25;06/09/2025;21/10/2025;CLI-0048;EMP-508;ENT-QC;BD-1062;8;154,61;14,00;135,59;Représentant
CMD-104093;2025-09-09;16/09/2025;03/11/2025;CLI-0185;EMP-508;ENT-SAG;BD-1052;15;243,11;20,80;183,03;Téléphone
CMD-102875;09/04/2025;17/04/2025;20/06/2025;CLI-0112;EMP-505;ENT-MTL;BD-1048;12;44,71;12,70;33,51;Représentant
CMD-104301;2025-09-26;02/10/2025;06/11/2025;CLI-0063;EMP-503;ENT-QC;BD-1069;1;354,43;11,10;239,15;Représentant
CMD-103595;07/07/2025;14/07/2025;05-sept-25;CLI-0074;EMP-507;ENT-QC;BD-1180;10;152,55;19,40;95,30;Représentant
CMD-104442;08/10/2025;2025-10-17;18/11/2025;CLI-0173;EMP-508;ENT-MTL;BD-1134;1;92,15;16,20;61,77;Portail web
CMD-102607;03/03/2025;12-mars-25;17/04/2025;CLI-0131;EMP-502;ENT-MTL;BD-1137;3;38,43;10,20;25,59;Courriel
CMD-104854;19/11/2025;21/11/2025;;CLI-0061;EMP-503;ENT-QC;BD-1133;3;86,34;14,80;62,95;Représentant
CMD-103001;25-avr-25;04/05/2025;19/06/2025;CLI-0186;EMP-507;ENT-MTL;BD-1176;2;603,86;4,20;328,78;Représentant
CMD-102625;05/03/2025;14/03/2025;21-avr-25;CLI-0076;EMP-507;ENT-SAG;BD-1086;3;106,19;22,90;82,42;Courriel
CMD-102528;14/02/2025;2025-02-17;10/03/2025;CLI-0037;EMP-504;ENT-QC;BD-1024;6;254,94;23,70;189,35;Salon
CMD-102594;28/02/2025;06/03/2025;2025-04-18;CLI-0185;EMP-508;ENT-MTL;BD-1122;6;253,00;25,90;212,67;Représentant
CMD-104287;25/09/2025;2025-09-27;24/11/2025;CLI-0012;EMP-501;ENT-SAG;BD-1094;6;159,71;21,70;124,30;Représentant
CMD-104572;2025-10-18;25/10/2025;15/12/2025;CLI-0115;EMP-509;ENT-QC;BD-1170;3;30,23;14,00;16,95;Téléphone
CMD-104152;13/09/2025;2025-09-17;24/10/2025;CLI-0029;EMP-506;ENT-SAG;BD-1070;8;57,73;24,20;48,05;Téléphone
CMD-102729;20/03/2025;22/03/2025;12-mai-25;CLI-0080;EMP-506;ENT-QC;BD-1082;1;413,07;13,10;284,24;Représentant
CMD-104367;2025-10-02;11/10/2025;13/11/2025;CLI-0054;EMP-507;ENT-QC;BD-1127;3;261,98;13,00;174,31;Téléphone
CMD-103910;20-août-25;23/08/2025;17/10/2025;CLI-0099;EMP-505;ENT-QC;BD-1033;9;143,43;23,50;113,22;Représentant
CMD-103276;28/05/2025;2025-05-30;11/07/2025;CLI-0056;EMP-502;ENT-MTL;BD-1019;17;233,32;22,50;205,07;Portail web
CMD-104083;09/09/2025;12/09/2025;09-nov-25;CLI-0160;EMP-508;ENT-QC;BD-1122;2;328,73;3,70;212,67;Représentant
CMD-102560;20/02/2025;27/02/2025;11-avr-25;CLI-0217;EMP-506;ENT-QC;BD-1167;8;294,56;20,60;209,73;Représentant
CMD-103985;28/08/2025;06/09/2025;2025-10-08;CLI-0035;EMP-503;ENT-QC;BD-1049;3;46,27;15,30;31,22;Représentant
CMD-102687;13/03/2025;2025-03-21;30/04/2025;CLI-0211;EMP-504;ENT-MTL;BD-1165;1;165,29;10,20;107,92;Représentant
CMD-104331;29/09/2025;2025-10-01;02/11/2025;CLI-0207;EMP-501;ENT-SAG;BD-1019;8;278,33;7,50;205,07;Représentant
CMD-104758;06/11/2025;10/11/2025;2025-12-26;CLI-0103;EMP-502;ENT-QC;BD-1137;2;41,40;3,30;25,59;Représentant
CMD-105010;2025-12-12;17/12/2025;;CLI-0024;EMP-504;ENT-QC;BD-1165;12;169,00;8,20;107,92;Salon
CMD-104127;11/09/2025;2025-09-13;18/10/2025;CLI-0185;EMP-508;ENT-QC;BD-1082;43;375,51;21,00;335,40;Téléphone
CMD-104667;28/10/2025;05/11/2025;2025-12-09;CLI-0056;EMP-502;ENT-MTL;BD-1096;14;227,89;23,00;205,70;Représentant
CMD-104307;26/09/2025;2025-09-29;06/12/2025;CLI-0012;EMP-501;ENT-QC;BD-1061;19;96,82;18,00;76,81;Portail web
CMD-104270;24/09/2025;02/10/2025;22-nov-25;CLI-0074;EMP-507;ENT-MTL;BD-1070;7;56,65;25,60;48,05;Portail web
CMD-102552;2025-02-19;23/02/2025;06/04/2025;CLI-0076;EMP-507;ENT-QC;BD-1013;3;423,05;18,00;315,34;Téléphone
CMD-104905;25/11/2025;01-déc-25;;CLI-0191;EMP-504;ENT-SAG;BD-1172;8;356,55;14,80;221,22;Représentant
CMD-104970;03/12/2025;06/12/2025;;CLI-0041;EMP-508;ENT-SAG;BD-1090;3;83,84;12,50;69,37;Représentant
CMD-104870;20/11/2025;29/11/2025;;CLI-0118;EMP-504;ENT-SAG;BD-1171;4;133,03;16,00;85,46;Représentant
CMD-103366;09/06/2025;15/06/2025;02-août-25;CLI-0061;EMP-503;ENT-QC;BD-1121;4;66,75;14,30;44,65;Représentant
CMD-104266;2025-09-23;01/10/2025;28/11/2025;CLI-0169;EMP-507;ENT-SAG;BD-1081;6;512,35;13,60;364,83;Courriel
CMD-104142;12/09/2025;18-sept-25;06/11/2025;CLI-0010;EMP-504;ENT-MTL;BD-1050;8;487,47;3,30;297,82;Représentant
CMD-102501;10-févr-25;12/02/2025;05/04/2025;CLI-0017;EMP-507;ENT-QC;BD-1018;4;416,15;10,50;247,17;Représentant
CMD-104946;2025-11-29;04/12/2025;19/12/2025;CLI-0206;EMP-503;ENT-QC;BD-1145;2;159,27;13,50;111,12;Représentant
CMD-104849;19/11/2025;2025-11-28;;CLI-0209;EMP-508;ENT-QC;BD-1158;4;274,96;21,30;184,61;Représentant
CMD-102637;07/03/2025;13/03/2025;02/05/2025;CLI-0182;EMP-503;ENT-QC;BD-1178;3;172,81;15,80;119,43;Représentant
CMD-104651;2025-10-27;30/10/2025;22/12/2025;CLI-0185;EMP-508;ENT-QC;BD-1171;1;127,19;19,70;85,46;Téléphone
CMD-104113;10/09/2025;19/09/2025;07-nov-25;CLI-0087;EMP-502;ENT-MTL;BD-1083;24;267,76;12,80;189,32;Représentant
CMD-104308;26/09/2025;28/09/2025;28-nov-25;CLI-0187;EMP-507;ENT-QC;BD-1056;3;418,70;14,90;293,14;Représentant
CMD-103030;30/04/2025;02-mai-25;02/07/2025;CLI-0212;EMP-507;ENT-MTL;BD-1178;16;166,15;19,10;119,43;Courriel
CMD-103536;30/06/2025;05-juil-25;29/08/2025;CLI-0182;EMP-503;ENT-MTL;BD-1025;2;196,76;15,90;149,35;Représentant
CMD-103301;30/05/2025;08-juin-25;11/07/2025;CLI-0025;EMP-509;ENT-MTL;BD-1055;1;274,08;16,50;213,75;Représentant
CMD-103932;22/08/2025;27-août-25;28/09/2025;CLI-0047;EMP-508;ENT-MTL;BD-1008;2;208,77;10,70;155,34;Représentant
CMD-104314;2025-09-27;02/10/2025;24/11/2025;CLI-0012;EMP-501;ENT-MTL;BD-1064;10;101,25;19,20;70,89;Représentant
CMD-102715;18/03/2025;24/03/2025;10/05/2025;CLI-0056;EMP-502;ENT-QC;BD-1142;8;125,50;23,00;100,93;Représentant
CMD-103800;2025-08-08;12/08/2025;11/10/2025;CLI-0056;EMP-502;ENT-SAG;BD-1167;9;284,71;23,30;209,73;Représentant
CMD-105071;2025-12-22;26/12/2025;;CLI-0217;EMP-506;ENT-QC;BD-1068;20;454,51;19,40;342,49;Salon
CMD-103937;23-août-25;26/08/2025;25/10/2025;CLI-0009 ;EMP-502;ENT-SAG;BD-1074;30;153,65;20,90;130,44;Représentant
CMD-104485;13/10/2025;22-oct-25;;CLI-0029;EMP-506;ENT-MTL;BD-1173;10;315,27;20,90;212,35;Téléphone
CMD-103831;13/08/2025;19/08/2025;2025-09-28;CLI-0183;EMP-506;ENT-MTL;BD-1068;8;518,45;8,10;342,49;Téléphone
CMD-103028;29/04/2025;06/05/2025;2025-06-12;CLI-0151;EMP-504;ENT-SAG;BD-1151;2;147,36;7,30;92,25;Courriel
CMD-104570;18-oct-25;25/10/2025;04/12/2025;CLI-0081;EMP-502;ENT-MTL;BD-1129;3;63,81;11,20;46,45;Téléphone
CMD-102466;31/01/2025;09-févr-25;30/03/2025;CLI-0199;EMP-504;ENT-QC;BD-1004;3;231,16;15,70;158,83;Représentant
CMD-103740;01-août-25;06/08/2025;09/09/2025;CLI-0054;EMP-507;ENT-QC;BD-1014;6;39,64;11,30;27,18;Téléphone
CMD-104789;2025-11-11;16/11/2025;22/12/2025;CLI-0044;EMP-505;ENT-MTL;BD-1096;2;250,56;15,40;205,70;Salon
CMD-102492;06/02/2025;14/02/2025;2025-03-22;CLI-0056;EMP-502;ENT-QC;BD-1067;6;32,50;21,90;24,27;Représentant
CMD-104609;2025-10-23;28/10/2025;12/12/2025;CLI-0110;EMP-507;ENT-QC;BD-1039;4;184,04;7,00;122,17;Représentant
CMD-104213;18/09/2025;23/09/2025;2025-11-04;CLI-0009;EMP-502;ENT-QC;BD-1054;5;355,30;23,70;262,94;Représentant
CMD-104994;09/12/2025;14/12/2025;;CLI-0136;EMP-507;ENT-QC;BD-1099;2;412,75;16,90;346,57;Représentant
CMD-103633;12/07/2025;2025-07-21;05/09/2025;CLI-0081;EMP-502;ENT-MTL;BD-1177;12;342,00;16,10;215,66;Représentant
CMD-104968;03/12/2025;11/12/2025;;CLI-0212;EMP-507;ENT-MTL;BD-1075;6;78,42;22,20;71,97;Courriel
CMD-103398;12-juin-25;16/06/2025;18/07/2025;CLI-0197;EMP-507;ENT-QC;BD-1032;3;509,22;7,00;409,59;Représentant
CMD-102731;2025-03-20;28/03/2025;06/05/2025;CLI-0020;EMP-508;ENT-QC;BD-1136;4;189,61;8,70;112,45;Portail web
CMD-103951;25/08/2025;03/09/2025;16-oct-25;CLI-0114;EMP-502;ENT-MTL;BD-1140;6;60,37;5,00;41,26;Téléphone
CMD-103824;12/08/2025;2025-08-18;11/09/2025;CLI-0166;EMP-503;ENT-QC;BD-1040;8;368,96;16,30;274,41;Salon
CMD-102872;09/04/2025;2025-04-11;10/06/2025;CLI-0137;EMP-503;ENT-QC;BD-1094;10;161,76;20,70;124,30;Représentant
CMD-104430;08/10/2025;2025-10-13;24/11/2025;CLI-0012;EMP-501;ENT-MTL;BD-1087;9;300,08;22,20;215,66;Portail web
CMD-104907;25/11/2025;2025-11-28;;CLI-0136;EMP-507;ENT-QC;BD-1007;3;88,74;14,10;57,14;Représentant
CMD-102495;07/02/2025;14/02/2025;10-avr-25;CLI-0075;EMP-506;ENT-SAG;BD-1147;2;577,23;3,50;346,92;Représentant
CMD-103806;09/08/2025;2025-08-12;20/10/2025;CLI-0076;EMP-507;ENT-MTL;BD-1063;9;282,63;23,30;247,24;Portail web
CMD-103011;2025-04-28;01/05/2025;29/06/2025;CLI-0135;EMP-506;ENT-QC;BD-1086;6;115,49;16,20;82,42;Téléphone
CMD-103832;2025-08-13;19/08/2025;28/09/2025;CLI-0129;EMP-508;ENT-MTL;BD-1143;3;345,65;7,90;220,45;Téléphone
CMD-103809;11/08/2025;16/08/2025;26/09/2025;CLI-0143;EMP-503;ENT-QC;BD-1054;4;393,39;15,60;262,94;Représentant
CMD-104911;26/11/2025;2025-12-03;;CLI-0130;EMP-508;ENT-MTL;BD-1150;1;491,76;21,40;347,06;Portail web
CMD-103698;2025-07-24;30/07/2025;06/09/2025;CLI-0061;EMP-503;ENT-MTL;BD-1004;2;236,84;13,60;158,83;Représentant
CMD-104434;08/10/2025;17/10/2025;10/12/2025;CLI-0097;EMP-504;ENT-SAG;BD-1164;4;184,24;5,50;100,45;Courriel
CMD-104737;04/11/2025;2025-11-12;14/12/2025;CLI-0187;EMP-507;ENT-QC;BD-1149;1;161,40;11,90;111,14;Courriel
CMD-103325;02/06/2025;2025-06-08;07/07/2025;CLI-0009;EMP-502;ENT-QC;BD-1063;26;274,89;25,40;247,24;Portail web
CMD-102465;30/01/2025;2025-02-05;07/04/2025;CLI-0037;EMP-504;ENT-MTL;BD-1128;3;112,53;22,30;78,87;Courriel
CMD-103781;07/08/2025;2025-08-16;12/10/2025;CLI-0123;EMP-501;ENT-QC;BD-1050;3;429,77;14,70;297,82;Téléphone
CMD-103379;10/06/2025;17/06/2025;2025-08-21;CLI-0058;EMP-508;ENT-MTL;BD-1042;24;414,51;6,10;267,02;Représentant
CMD-102646;10/03/2025;14-mars-25;21/04/2025;CLI-0005;EMP-503;ENT-SAG;BD-1113;2;411,87;3,50;281,81;Représentant
CMD-103521;2025-06-27;30/06/2025;18/08/2025;CLI-0034;EMP-507;ENT-QC;BD-1176;8;551,44;12,50;328,78;Représentant
CMD-103826;2025-08-12;19/08/2025;18/09/2025;CLI-0037;EMP-504;ENT-MTL;BD-1033;6;146,21;22,00;113,22;Téléphone
CMD-104352;00/00/0000;07/10/2025;22/11/2025;CLI-0089;EMP-502;ENT-QC;BD-1070;4;61,40;19,40;48,05;Représentant
CMD-103799;08/08/2025;11/08/2025;23-sept-25;CLI-0137;EMP-503;ENT-MTL;BD-1158;7;268,13;23,30;184,61;Téléphone
CMD-104886;21/11/2025;2025-11-27;;CLI-0073;EMP-501;ENT-MTL;BD-1127;2;265,68;11,80;174,31;Représentant
CMD-102911;2025-04-15;22/04/2025;28/05/2025;CLI-0169;EMP-507;ENT-MTL;BD-1058;8;213,50;12,80;149,54;Représentant
CMD-103696;24-juil-25;28/07/2025;07/09/2025;CLI-0103;EMP-502;ENT-QC;BD-1064;3;120,60;3,70;70,89;Représentant
CMD-102896;12/04/2025;18/04/2025;2025-05-26;CLI-0052;EMP-504;ENT-QC;BD-1040;3;379,95;13,80;274,41;Portail web
CMD-104559;17/10/2025;24-oct-25;;CLI-0026;EMP-506;ENT-MTL;BD-1107;8;196,07;11,00;150,54;Portail web
CMD-102874;09/04/2025;12/04/2025;13-juin-25;CLI-0169;EMP-507;ENT-MTL;BD-1041;4;227,24;10,40;163,24;Salon
CMD-103873;16/08/2025;18/08/2025;09/10/2025;CLI-0031;EMP-509;ENT-MTL;BD-1157;3;46,12;11,90;25,21;Représentant
CMD-102810;01/04/2025;07/04/2025;2025-05-30;CLI-0057;EMP-507;ENT-SAG;BD-1039;1;172,26;13,00;122,17;Téléphone
CMD-105005;11/12/2025;16/12/2025;;CLI-0076;EMP-507;ENT-MTL;BD-1149;6;137,09;25,10;111,14;Représentant
CMD-102936;17/04/2025;22/04/2025;05-juin-25;CLI-0185;EMP-508;ENT-MTL;BD-1058;24;183,26;25,10;149,54;Représentant
CMD-103729;31/07/2025;06/08/2025;23/09/2025;CLI-0195;EMP-506;ENT-MTL;BD-1115;1;66,42;11,10;47,23;Salon
CMD-103561;2025-07-02;09/07/2025;09/09/2025;CLI-0209;EMP-508;ENT-MTL;BD-1065;16;192,12;23,00;155,19;Portail web
CMD-102471;31/01/2025;04/02/2025;04-avr-25;CLI-0178;EMP-501;ENT-MTL;BD-1127;3;283,01;6,10;174,31;Portail web
CMD-103671;21-juil-25;30/07/2025;08/08/2025;CLI-0087;EMP-502;ENT-MTL;BD-1010;2;138,10;15,30;88,91;Représentant
CMD-103757;05/08/2025;07/08/2025;2025-09-15;CLI-0059;EMP-504;ENT-QC;BD-1057;11;23,44;21,40;23,20;Courriel
CMD-102630;06-mars-25;11/03/2025;04/05/2025;CLI-0034;EMP-507;ENT-MTL;BD-1008;12;196,71;15,90;131,65;Représentant
CMD-104175;16/09/2025;2025-09-24;16/11/2025;CLI-0121;EMP-508;ENT-SAG;BD-1047;4;94,51;11,30;71,53;Téléphone
CMD-102824;02/04/2025;09/04/2025;2025-05-10;CLI-0076;EMP-507;ENT-QC;BD-1042;12;354,96;19,60;267,02;Représentant
CMD-103106;2025-05-08;13/05/2025;29/06/2025;CLI-0137;EMP-503;ENT-MTL;BD-1034;23;185,86;21,80;182,99;Téléphone
CMD-104265;23/09/2025;2025-10-02;31/10/2025;CLI-0192;EMP-505;ENT-QC;BD-1081;3;548,49;7,50;364,83;Portail web
CMD-103729;31-juil-25;06/08/2025;23/09/2025;CLI-0195;EMP-506;ENT-MTL;BD-1142;8;145,04;11,10;100,93;Téléphone
CMD-102407;17/01/2025;2025-01-20;17/03/2025;CLI-0047;EMP-508;ENT-QC;BD-1023;2;338,78;10,20;244,32;Téléphone
CMD-102350;2025-01-07;15/01/2025;15/02/2025;CLI-0043;EMP-506;ENT-QC;BD-1069;1;352,31;11,70;202,67;Portail web
CMD-104536;16-oct-25;25/10/2025;31/12/2025;CLI-0209;EMP-508;ENT-QC;BD-1047;2;86,64;18,70;71,53;Téléphone
CMD-104706;31/10/2025;02-nov-25;21/12/2025;CLI-0036;EMP-505;ENT-QC;BD-1084;3;485,77;16,30;375,89;Portail web
CMD-104791;11/11/2025;20/11/2025;09-déc-25;CLI-0161;EMP-508;ENT-QC;BD-1043;12;514,54;2,50;300,28;Représentant
CMD-105062;22/12/2025;29-déc-25;;CLI-0132;EMP-507;ENT-QC;BD-1139;1;305,82;14,70;203,11;Courriel
CMD-103232;22/05/2025;2025-05-26;11/07/2025;CLI-0025;EMP-509;ENT-SAG;BD-1054;2;418,33;10,20;262,94;Portail web
CMD-102646;10/03/2025;14/03/2025;21-avr-25;CLI-0005;EMP-503;ENT-SAG;BD-1168;2;385,81;3,50;229,43;Représentant
CMD-103408;12/06/2025;20/06/2025;2025-07-14;CLI-0010;EMP-504;ENT-SAG;BD-1049;4;52,84;3,30;31,22;Téléphone
CMD-105058;19/12/2025;2025-12-25;;CLI-0137;EMP-503;ENT-QC;BD-1127;23;226,15;24,90;174,31;Représentant
CMD-104012;02-sept-25;11/09/2025;04/10/2025;CLI-0087;EMP-502;ENT-MTL;BD-1147;12;522,69;12,60;346,92;Représentant
CMD-103367;09/06/2025;11-juin-25;12/08/2025;CLI-0099;EMP-505;ENT-QC;BD-1029;14;320,95;18,10;243,45;Représentant
CMD-103416;13/06/2025;19/06/2025;2025-08-10;CLI-0144;EMP-502;ENT-MTL;BD-1052;12;255,33;16,80;183,03;Portail web
CMD-103813;11/08/2025;2025-08-18;23/09/2025;CLI-0029;EMP-506;ENT-MTL;BD-1180;11;141,26;25,40;95,30;Représentant
CMD-102631;06/03/2025;2025-03-15;06/05/2025;cli-0012;EMP-501;ENT-QC;BD-1148;8;375,18;18,40;302,28;Portail web
CMD-103119;09/05/2025;2025-05-11;11/06/2025;CLI-0050;EMP-502;ENT-QC;BD-1104;4;95,79;13,40;76,70;Courriel
CMD-103566;02/07/2025;04/07/2025;2025-07-29;CLI-0141;EMP-502;ENT-QC;BD-1045;24;108,92;16,90;78,37;Portail web
CMD-102648;10/03/2025;2025-03-18;09/05/2025;CLI-0017;EMP-507;ENT-QC;BD-1031;6;461,37;11,20;300,62;Courriel
CMD-103452;18/06/2025;2025-06-27;29/07/2025;CLI-0139;EMP-506;ENT-MTL;BD-1025;2;204,28;12,60;149,35;Portail web
CMD-103089;06/05/2025;14/05/2025;2025-06-27;CLI-0041;EMP-508;ENT-QC;BD-1008;12;196,29;16,10;155,34;Courriel
CMD-104955;01/12/2025;04/12/2025;;CLI-0161;EMP-508;ENT-QC;BD-1072;4;377,30;4,70;236,88;Représentant
CMD-104412;07/10/2025;13/10/2025;2025-12-04;CLI-0109;EMP-501;ENT-MTL;BD-1146;8;350,36;6,70;225,52;Représentant
CMD-102848;05/04/2025;07/04/2025;07/05/2025;CLI-0009;EMP-502;ENT-QC;BD-1124;13;197,90;22,40;153,77;Téléphone
CMD-103302;30/05/2025;08/06/2025;2025-07-19;CLI-0059;EMP-504;ENT-QC;BD-1132;5;158,55;20,20;128,45;Salon
CMD-105049;18/12/2025;26/12/2025;;CLI-0099;EMP-505;ENT-MTL;BD-1092;26;229,25;18,80;168,72;Représentant
CMD-104835;17/11/2025;23/11/2025;;CLI-0029;EMP-506;ENT-QC;BD-1111;4;175,51;20,80;148,90;Téléphone
CMD-104010;02/09/2025;04/09/2025;2025-11-02;CLI-0128;EMP-502;ENT-MTL;BD-1136;12;185,42;10,70;112,45;Téléphone
CMD-103084;2025-05-06;12/05/2025;30/06/2025;CLI-0207;EMP-501;ENT-MTL;BD-1168;4;367,41;8,10;229,43;Téléphone
CMD-103852;14/08/2025;2025-08-18;03/10/2025;CLI-0048;EMP-508;ENT-MTL;BD-1181;1;536,68;14,10;312,40;Téléphone
CMD-104602;22/10/2025;26/10/2025;09-déc-25;CLI-0031;EMP-509;ENT-QC;BD-1082;6;410,45;13,60;335,40;Salon
CMD-104474;11/10/2025;15/10/2025;18-nov-25;CLI-0185;EMP-508;ENT-QC;BD-1084;8;455,86;21,50;375,89;Téléphone
CMD-105068;22/12/2025;31/12/2025;;CLI-0191;EMP-504;ENT-QC;BD-1146;12;314,35;16,30;225,52;Représentant
CMD-102444;27/01/2025;04-févr-25;30/03/2025;CLI-0200;EMP-509;ENT-QC;BD-1095;4;88,65;14,50;54,77;Courriel
CMD-103772;06/08/2025;2025-08-12;22/09/2025;CLI-0031;EMP-509;ENT-MTL;BD-1043;6;453,13;14,10;300,28;Portail web
CMD-102501;2025-02-10;12/02/2025;05/04/2025;CLI-0017;EMP-507;ENT-QC;BD-1160;3;70,51;10,50;41,56;Représentant
CMD-102512;11/02/2025;19/02/2025;30/03/2025;CLI-0137;EMP-503;ENT-MTL;BD-1179;6;331,84;23,10;231,35;Téléphone
CMD-103583;04/07/2025;10/07/2025;28/08/2025;CLI-0114;EMP-502;ENT-QC;BD-1103;2;208,63;8,40;154,84;Représentant
CMD-104867;2025-11-20;24/11/2025;;CLI-0109;EMP-501;ENT-QC;BD-1063;8;336,63;8,60;247,24;Portail web
CMD-104308;26/09/2025;28/09/2025;2025-11-28;CLI-0187;EMP-507;ENT-QC;BD-1087;12;328,39;14,90;215,66;Courriel
CMD-104585;21/10/2025;29-oct-25;11/12/2025;CLI-0061;EMP-503;ENT-MTL;BD-1125;2;367,38;16,50;291,24;Téléphone
CMD-102735;21-mars-25;30/03/2025;07/05/2025;CLI-0140;EMP-502;ENT-MTL;BD-1026;4;418,53;4,50;246,82;Téléphone
CMD-103391;2025-06-11;14/06/2025;13/08/2025;CLI-0041;EMP-508;ENT-MTL;BD-1034;1;210,58;11,30;182,99;Téléphone
CMD-104699;30/10/2025;01-nov-25;26/12/2025;CLI-0073;EMP-501;ENT-SAG;BD-1131;8;57,09;14,80;37,08;Portail web
CMD-103916;2025-08-20;28/08/2025;01/10/2025;CLI-0209;EMP-508;ENT-SAG;BD-1006;15;270,58;19,20;182,47;Téléphone
CMD-104923;27-nov-25;02/12/2025;28/12/2025;CLI-0060;EMP-508;ENT-QC;BD-1111;1;216,16;2,40;148,90;Portail web
CMD-103969;2025-08-27;03/09/2025;27/09/2025;CLI-0106;EMP-501;ENT-MTL;BD-1049;4;48,78;10,70;31,22;Portail web
CMD-103809;11/08/2025;16/08/2025;2025-09-26;CLI-0143;EMP-503;ENT-QC;BD-1042;4;372,64;15,60;267,02;Téléphone
CMD-102609;04/03/2025;07/03/2025;2025-05-02;CLI-0177;EMP-505;ENT-MTL;BD-1179;3;394,38;8,60;231,35;Courriel
CMD-102585;26/02/2025;2025-02-28;06/04/2025;CLI-0220;EMP-506;ENT-SAG;BD-1067;4;37,30;10,30;24,27;Portail web
CMD-103956;26/08/2025;2025-08-31;13/10/2025;CLI-0130;EMP-508;ENT-MTL;BD-1121;9;63,23;18,80;44,65;Représentant
CMD-104597;22/10/2025;2025-10-26;;CLI-0103;EMP-502;ENT-MTL;BD-1152;1;0,00;3,00;271,40;Représentant
CMD-102725;2025-03-19;24/03/2025;07/05/2025;CLI-0188;EMP-506;ENT-MTL;BD-1175;8;151,89;10,50;96,85;Représentant
CMD-103579;04/07/2025;10/07/2025;2025-08-13;CLI-0183;EMP-506;ENT-MTL;BD-1118;12;465,41;6,40;343,17;Portail web
CMD-102726;19/03/2025;24/03/2025;2025-05-14;CLI-0193;EMP-509;ENT-SAG;BD-1181;6;562,09;10,00;312,40;Portail web
CMD-102382;2025-01-14;17/01/2025;05/03/2025;CLI-0190;EMP-504;ENT-MTL;BD-1143;12;350,11;6,70;220,45;Représentant
CMD-102510;11/02/2025;2025-02-16;07/04/2025;CLI-0076;EMP-507;ENT-QC;BD-1025;5;184,17;21,20;149,35;Représentant
CMD-104338;30/09/2025;08/10/2025;30-oct-25;CLI-0081;EMP-502;ENT-MTL;BD-1089;6;264,91;16,30;189,92;Représentant
CMD-102453;28/01/2025;2025-02-02;01/03/2025;CLI-0037;EMP-504;ENT-SAG;BD-1130;18;450,67;20,10;323,89;Représentant
CMD-102816;02/04/2025;04/04/2025;2025-06-06;CLI-0035;EMP-503;ENT-SAG;BD-1030;6;152,49;16,70;100,96;Portail web
CMD-102601;03/03/2025;06/03/2025;2025-05-18;CLI-0068;EMP-505;ENT-MTL;BD-1031;4;495,16;4,70;300,62;Portail web
CMD-104524;15/10/2025;17/10/2025;2025-12-16;CLI-0072;EMP-501;ENT-MTL;BD-1082;4;411,41;13,40;335,40;Représentant
CMD-103097;07-mai-25;16/05/2025;25/06/2025;CLI-0201;EMP-504;ENT-MTL;BD-1019;2;293,42;2,50;205,07;Représentant
CMD-104257;23/09/2025;26/09/2025;2025-11-08;CLI-0054;EMP-507;ENT-MTL;BD-1066;3;306,93;10,90;240,06;Représentant
CMD-104789;11/11/2025;16-nov-25;22/12/2025;CLI-0044;EMP-505;ENT-MTL;BD-1176;4;533,45;15,40;328,78;Téléphone
CMD-104620;24/10/2025;31/10/2025;2025-12-04;CLI-0137;EMP-503;ENT-MTL;BD-1099;17;403,44;18,70;346,57;Représentant
CMD-103476;21/06/2025;2025-06-29;25/07/2025;CLI-0116;EMP-509;ENT-QC;BD-1006;6;297,48;11,10;182,47;Représentant
CMD-103213;2025-05-21;24/05/2025;12/07/2025;CLI-0211;EMP-504;ENT-MTL;BD-1116;4;79,13;10,80;60,17;Portail web
CMD-104341;30/09/2025;09-oct-25;22/11/2025;CLI-0144;EMP-502;ENT-MTL;BD-1075;4;88,11;12,60;71,97;Téléphone
CMD-103952;25/08/2025;29-août-25;03/10/2025;CLI-0062;EMP-507;ENT-SAG;BD-1021;3;318,59;12,40;242,82;Représentant
CMD-104850;19/11/2025;21/11/2025;19/12/2025;CLI-0009;EMP-502;ENT-QC;BD-1146;9;306,81;18,30;225,52;Représentant
CMD-104876;2025-11-20;28/11/2025;;CLI-0088;EMP-504;ENT-SAG;BD-1156;6;269,58;10,80;164,64;Portail web
CMD-103402;12/06/2025;2025-06-21;25/07/2025;CLI-0076;EMP-507;ENT-SAG;BD-1064;56;101,60;18,90;70,89;Représentant
CMD-104221;18/09/2025;2025-09-21;12/10/2025;CLI-0118;EMP-504;ENT-QC;BD-1178;2;180,87;11,90;119,43;Téléphone
CMD-103758;2025-08-05;14/08/2025;14/10/2025;CLI-0137;EMP-503;ENT-QC;BD-1006;7;251,60;24,80;182,47;Représentant
CMD-102331;01/01/2025;2025-01-07;08/03/2025;CLI-0098;EMP-509;ENT-SAG;BD-1101;6;103,06;5,00;64,26;Représentant
CMD-104112;10-sept-25;13/09/2025;17/10/2025;CLI-0029;EMP-506;ENT-SAG;BD-1058;8;186,09;24,00;149,54;Représentant
CMD-104422;07/10/2025;09/10/2025;05-déc-25;CLI-0185;EMP-508;ENT-QC;BD-1078;16;290,46;24,20;238,11;Portail web
CMD-102682;13/03/2025;17/03/2025;2025-05-18;CLI-0141;EMP-502;ENT-MTL;BD-1179;2;371,04;14,00;231,35;Représentant
CMD-105049;18/12/2025;26/12/2025;;CLI-0099;EMP-505;ENT-MTL;BD-1092;19;229,25;18,80;168,72;Téléphone
CMD-102606;03/03/2025;2025-03-08;26/04/2025;CLI-0039;EMP-503;ENT-QC;BD-1155;3;495,34;8,60;329,15;Portail web
CMD-103627;11/07/2025;2025-07-17;27/08/2025;CLI-0162;EMP-508;ENT-SAG;BD-1098;1;388,03;12,00;309,76;Téléphone
CMD-104659;28-oct-25;03/11/2025;;CLI-0056;EMP-502;ENT-QC;BD-1137;19;35,04;18,20;25,59;Téléphone
CMD-104650;27/10/2025;2025-11-04;;CLI-0121;EMP-508;ENT-MTL;BD-1175;3;149,52;11,90;96,85;Représentant
CMD-103931;22-août-25;28/08/2025;22/10/2025;CLI-0019;EMP-502;ENT-QC;BD-1162;8;125,95;8,10;68,38;Téléphone
CMD-104370;2025-10-02;05/10/2025;24/11/2025;CLI-0209;EMP-508;ENT-MTL;BD-1179;9;352,15;18,40;231,35;Téléphone
CMD-103077;05-mai-25;11/05/2025;14/06/2025;CLI-0212;EMP-507;ENT-MTL;BD-1126;2;157,18;22,30;133,03;Téléphone
CMD-104492;13/10/2025;22/10/2025;2025-11-30;CLI-0061;EMP-503;ENT-SAG;BD-1101;3;95,40;12,10;75,83;Portail web
CMD-104409;06/10/2025;2025-10-12;02/12/2025;CLI-0137;EMP-503;ENT-MTL;BD-1104;2;82,91;25,10;76,70;Représentant
CMD-102802;31/03/2025;02/04/2025;2025-05-21;CLI-0137;EMP-503;ENT-SAG;BD-1026;11;337,99;22,90;246,82;Téléphone
CMD-103429;16/06/2025;25/06/2025;2025-07-30;CLI-0175;EMP-505;ENT-QC;BD-1118;6;482,01;3,00;343,17;Téléphone
CMD-104069;08/09/2025;13/09/2025;2025-10-30;CLI-0217;EMP-506;ENT-MTL;BD-1061;12;93,53;20,80;76,81;Portail web
CMD-103759;05/08/2025;07/08/2025;2025-09-09;CLI-0012;EMP-501;ENT-QC;BD-1005;5;255,57;21,80;208,35;Représentant
CMD-103775;2025-08-06;10/08/2025;05/10/2025;CLI-0176;EMP-503;ENT-QC;BD-1163;12;570,90;6,90;300,77;Représentant
CMD-103547;30/06/2025;02/07/2025;08-août-25;CLI-0192;EMP-505;ENT-MTL;BD-1162;1;128,74;6,10;68,38;Représentant
CMD-104405;06/10/2025;15/10/2025;2025-11-12;CLI-0009;EMP-502;ENT-QC;BD-1087;4;313,52;18,70;215,66;Représentant
CMD-102961;21-avr-25;29/04/2025;12/06/2025;CLI-0089;EMP-502;ENT-MTL;BD-1048;13;38,12;25,50;33,51;Représentant
CMD-102983;24/04/2025;03/05/2025;24-juin-25;CLI-0123;EMP-501;ENT-MTL;BD-1154;3;460,07;13,90;329,92;Représentant
CMD-104548;16/10/2025;19/10/2025;2025-12-04;CLI-0001;EMP-508;ENT-MTL;BD-1070;12;70,92;6,90;48,05;Représentant
CMD-104675;29/10/2025;04-nov-25;25/11/2025;CLI-0114;EMP-502;ENT-MTL;BD-1169;4;543,31;5,80;282,28;Portail web
CMD-102509;;15/02/2025;30-mars-25;CLI-0141;EMP-502;ENT-SAG;BD-1140;3;53,86;15,20;41,26;Représentant
CMD-104316;2025-09-27;01/10/2025;25/11/2025;CLI-0019;EMP-502;ENT-SAG;BD-1089;1;308,43;2,60;189,92;Représentant
CMD-103193;19/05/2025;2025-05-21;30/07/2025;CLI-0102;EMP-506;ENT-SAG;BD-1106;3;500,99;5,60;340,08;Représentant
CMD-104360;01/10/2025;2025-10-06;10/11/2025;CLI-0199;EMP-504;ENT-MTL;BD-1086;2;119,00;13,60;97,25;Salon
CMD-102712;18/03/2025;26/03/2025;2025-04-16;CLI-0082;EMP-504;ENT-QC;BD-1071;2;512,64;4,00;308,06;Téléphone
CMD-102474;03/02/2025;05/02/2025;2025-03-13;CLI-0155;EMP-506;ENT-QC;BD-1181;6;553,34;11,40;312,40;Portail web
CMD-103884;18/08/2025;2025-08-24;14/10/2025;CLI-0209;EMP-508;ENT-QC;BD-1002;18;368,55;21,30;298,72;Salon
CMD-104684;2025-10-30;04/11/2025;15/12/2025;CLI-0050;EMP-502;ENT-MTL;BD-1034;2;212,25;10,60;182,99;Portail web
CMD-102984;24-avr-25;26/04/2025;19/06/2025;CLI-0173;EMP-508;ENT-QC;BD-1010;3;139,05;14,70;88,91;Représentant
CMD-102480;2025-02-04;11/02/2025;22/04/2025;CLI-0040;EMP-509;ENT-MTL;BD-1111;3;190,72;13,90;148,90;Représentant
CMD-102642;07/03/2025;2025-03-10;05/04/2025;CLI-0037;EMP-504;ENT-MTL;BD-1056;3;398,59;19,00;293,14;Représentant
CMD-102989;24/04/2025;01/05/2025;18-juin-25;CLI-0006;EMP-505;ENT-MTL;BD-1158;3;312,94;10,50;184,61;Représentant
CMD-103319;02/06/2025;08/06/2025;19/07/2025;CLI-0200;EMP-509;ENT-MTL;BD-1065;2;209,20;16,10;155,19;Téléphone
CMD-103473;20/06/2025;2025-06-27;12/08/2025;CLI-0031;EMP-509;ENT-SAG;BD-1123;3;181,19;16,70;132,28;Courriel
CMD-103537;2025-06-30;03/07/2025;02/09/2025;CLI-0157;EMP-502;ENT-MTL;BD-1026;6;366,97;16,30;246,82;Courriel
CMD-104152;13/09/2025;17-sept-25;24/10/2025;CLI-0029;EMP-506;ENT-SAG;BD-1093;8;169,58;24,20;159,25;Représentant
CMD-104193;17/09/2025;25/09/2025;25/11/2025;CLI-0034;EMP-507;ENT-SAG;BD-1170;4;30,48;13,30;16,95;Représentant
CMD-103134;12/05/2025;2025-05-14;06/07/2025;CLI-0009;EMP-502;ENT-QC;BD-1053;18;256,18;21,70;180,55;Téléphone
CMD-103032;2025-04-30;08/05/2025;05/06/2025;CLI-0088;EMP-504;ENT-QC;BD-1055;8;277,66;15,50;213,75;Téléphone
CMD-104161;15/09/2025;18/09/2025;08/11/2025;CLI-0201;EMP-504;ENT-MTL;BD-1044;8;300,46;7,00;199,55;Représentant
CMD-103885;18/08/2025;22/08/2025;28-sept-25;CLI-0041;EMP-508;ENT-MTL;BD-1166;1;355,42;14,50;217,35;Téléphone
CMD-104664;28/10/2025;02/11/2025;2025-12-08;CLI-0062;EMP-507;ENT-QC;BD-1174;3;260,23;11,80;169,01;Représentant
CMD-104829;17/11/2025;2025-11-24;;CLI-0127;EMP-503;ENT-QC;BD-1172;4;370,11;11,60;221,22;Représentant
CMD-104697;30/10/2025;08/11/2025;;CLI-0130;EMP-508;ENT-MTL;BD-1104;8;84,82;23,40;76,70;Téléphone
CMD-104450;09/10/2025;15/10/2025;2025-12-22;CLI-0114;EMP-502;ENT-MTL;BD-1053;8;309,40;5,40;180,55;Représentant
CMD-104302;26/09/2025;05/10/2025;2025-11-22;CLI-0118;EMP-504;ENT-SAG;BD-1059;2;469,71;10,90;391,48;Téléphone
CMD-103474;21/06/2025;23-juin-25;23/07/2025;CLI-0088;EMP-504;ENT-MTL;BD-1026;12;372,23;15,10;246,82;Représentant
CMD-104016;02/09/2025;06/09/2025;2025-10-21;CLI-0048;EMP-508;ENT-QC;BD-1062;6;154,61;14,00;135,59;Représentant
CMD-102629;05/03/2025;09/03/2025;26-mai-25;CLI-0166;EMP-503;ENT-QC;BD-1162;6;122,85;10,40;68,38;Représentant
CMD-103971;27/08/2025;04-sept-25;12/11/2025;CLI-0044;EMP-505;ENT-MTL;BD-1001;4;281,22;16,10;219,63;Représentant
CMD-104876;20/11/2025;28/11/2025;;CLI-0088;EMP-504;ENT-SAG;BD-1056;6;438,89;10,80;293,14;Représentant
CMD-103599;08/07/2025;10/07/2025;31-août-25;CLI-0033;EMP-504;ENT-MTL;BD-1002;6;403,51;13,90;298,72;Représentant
CMD-104337;30-sept-25;07/10/2025;24/11/2025;CLI-0130;EMP-508;ENT-MTL;BD-1151;7;129,87;18,30;92,25;Représentant
CMD-103580;04/07/2025;11/07/2025;02-août-25;CLI-0138;EMP-506;ENT-MTL;BD-1115;24;69,45;7,00;47,23;Représentant
CMD-103020;29/04/2025;2025-05-02;16/06/2025;CLI-0048;EMP-508;ENT-MTL;BD-1157;3;45,39;13,30;25,21;Représentant
CMD-102419;21/01/2025;2025-01-30;04/03/2025;CLI-0116;EMP-509;ENT-QC;BD-1114;4;211,29;16,40;152,73;Portail web
CMD-103095;07/05/2025;12/05/2025;01/07/2025;CLI-0212;EMP-507;ENT-MTL;BD-1052;9;235,15;23,40;183,03;Portail web
CMD-104974;04/12/2025;11/12/2025;;CLI-0190;EMP-504;ENT-MTL;BD-1144;3;168,09;5,80;98,33;Représentant
CMD-103811;2025-08-11;19/08/2025;02/10/2025;CLI-0145;EMP-504;ENT-QC;BD-1020;12;54,37;5,40;33,12;Téléphone
CMD-104492;13/10/2025;22/10/2025;2025-11-30;CLI-0061;EMP-503;ENT-SAG;BD-1141;4;439,00;12,10;314,24;Courriel
CMD-102349;07/01/2025;14/01/2025;2025-02-16;CLI-0048;EMP-508;ENT-MTL;BD-1168;2;352,95;11,80;229,43;Courriel
CMD-104922;27/11/2025;2025-12-04;;CLI-0015;EMP-509;ENT-QC;BD-1169;3;532,94;7,60;282,28;Représentant
CMD-103207;20-mai-25;22/05/2025;08/07/2025;CLI-0009;EMP-502;ENT-QC;BD-1023;6;291,40;22,80;244,32;Représentant
CMD-103490;2025-06-24;30/06/2025;06/09/2025;CLI-0029;EMP-506;ENT-MTL;BD-1062;5;142,00;21,00;135,59;Représentant
CMD-103482;23/06/2025;27/06/2025;2025-08-17;CLI-0073;EMP-501;ENT-MTL;BD-1120;1;258,24;13,00;186,72;Portail web
CMD-104954;2025-12-01;09/12/2025;;CLI-0152;EMP-503;ENT-MTL;BD-1127;4;287,84;4,50;174,31;Téléphone
CMD-104925;27/11/2025;2025-11-30;;CLI-0206;EMP-503;ENT-MTL;BD-1139;1;299,69;16,50;203,11;Téléphone
CMD-104836;18/11/2025;2025-11-26;;CLI-0130 ;EMP-508;ENT-MTL;BD-1145;24;144,80;21,40;111,12;Représentant
CMD-103316;31/05/2025;03/06/2025;2025-08-09;CLI-0212;EMP-507;ENT-QC;BD-1051;5;105,40;18,70;79,76;Téléphone
CMD-102692;14/03/2025;18-mars-25;;CLI-0072;EMP-501;ENT-QC;BD-1162;3;117,78;14,10;68,38;Représentant
CMD-103173;16/05/2025;2025-05-20;20/06/2025;CLI-0029;EMP-506;ENT-QC;BD-1070;5;57,14;25,00;48,05;Représentant
CMD-104837;18-nov-25;26/11/2025;24/12/2025;CLI-0205;EMP-505;ENT-SAG;BD-1135;1;71,59;2,30;40,73;Portail web
CMD-103198;19-mai-25;26/05/2025;;CLI-0029;EMP-506;ENT-QC;BD-1057;18;22,76;23,70;23,20;Représentant
CMD-102606;03/03/2025;2025-03-08;26/04/2025;CLI-0039;EMP-503;ENT-QC;BD-1069;3;364,53;8,60;202,67;Portail web
CMD-102582;26/02/2025;28-févr-25;28/03/2025;CLI-0112;EMP-505;ENT-SAG;BD-1139;3;305,80;14,70;203,11;Téléphone
CMD-104393;04/10/2025;10-oct-25;16/11/2025;CLI-0153;EMP-507;ENT-MTL;BD-1166;8;353,60;14,90;217,35;Représentant
CMD-104053;05/09/2025;12/09/2025;02/11/2025;CLI-0130;EMP-508;ENT-MTL;BD-1040;19;349,71;20,70;274,41;Portail web
CMD-103047;01-mai-25;06/05/2025;23/06/2025;  CLI-0049;EMP-508;ENT-SAG;BD-1017;4;476,75;15,40;313,71;Représentant
CMD-104335;30/09/2025;2025-10-04;07/11/2025;CLI-0008;EMP-506;ENT-SAG;BD-1067;1;39,97;3,90;28,64;Représentant
CMD-104308;26-sept-25;28/09/2025;28/11/2025;CLI-0187;EMP-507;ENT-QC;BD-1036;1;218,59;14,90;191,63;Portail web
CMD-103044;30/04/2025;2025-05-03;05/07/2025;CLI-0017;EMP-507;ENT-MTL;BD-1040;12;382,39;13,20;274,41;Représentant
CMD-104982;05/12/2025;07/12/2025;;CLI-0155;EMP-506;ENT-MTL;BD-1079;12;226,33;14,20;147,87;Représentant
CMD-103286;28/05/2025;2025-05-30;02/07/2025;CLI-0187;EMP-507;ENT-MTL;BD-1024;3;285,31;14,60;189,35;Portail web
CMD-103180;16/05/2025;2025-05-19;26/06/2025;CLI-0047;EMP-508;ENT-QC;BD-1182;4;90,55;16,80;58,06;Téléphone
CMD-102448;27/01/2025;05/02/2025;13/02/2025;CLI-0027;EMP-502;ENT-MTL;BD-1174;2;282,22;4,40;169,01;Courriel
CMD-104634;25/10/2025;2025-10-27;25/11/2025;CLI-0029;EMP-506;ENT-QC;BD-1084;20;456,34;21,40;375,89;Représentant
CMD-103818;11/08/2025;20-août-25;24/09/2025;CLI-0014;EMP-502;ENT-SAG;BD-1034;4;231,45;2,60;182,99;Représentant
CMD-104524;15-oct-25;17/10/2025;16/12/2025;CLI-0072;EMP-501;ENT-MTL;BD-1114;6;218,66;13,40;152,73;Représentant
CMD-103121;09/05/2025;15/05/2025;04-juil-25;CLI-0121;EMP-508;ENT-QC;BD-1004;8;234,68;14,40;158,83;Portail web
CMD-104431;2025-10-08;10/10/2025;18/11/2025;CLI-0031;EMP-509;ENT-MTL;BD-1106;24;451,09;15,00;340,08;Portail web
CMD-104943;2025-11-28;05/12/2025;;CLI-0010;EMP-504;ENT-QC;BD-1130;6;520,74;7,70;323,89;Représentant
CMD-102439;25/01/2025;31/01/2025;12/03/2025;CLI-0068;EMP-505;ENT-MTL;BD-1144;2;163,83;8,20;98,33;Représentant
CMD-104576;20-oct-25;29/10/2025;16/11/2025;CLI-0185;EMP-508;ENT-QC;BD-1179;5;321,93;25,40;231,35;Représentant
CMD-102351;07/01/2025;10/01/2025;2025-02-27;CLI-0144;EMP-502;ENT-MTL;BD-1130;1;497,97;11,80;323,89;Représentant
CMD-104996;10/12/2025;14/12/2025;;CLI-0132;EMP-507;ENT-MTL;BD-1087;4;327,40;15,10;215,66;Portail web
CMD-104510;2025-10-14;23/10/2025;04/12/2025;CLI-0099;EMP-505;ENT-QC;BD-1090;4;72,50;24,40;69,37;Représentant
CMD-104172;16/09/2025;2025-09-23;30/10/2025;CLI-0161;EMP-508;ENT-SAG;BD-1006;12;312,91;6,50;182,47;Portail web
CMD-105095;25/12/2025;02-janv-26;;CLI-0192;EMP-505;ENT-SAG;BD-1146;24;342,57;8,80;225,52;Représentant
CMD-103833;2025-08-13;17/08/2025;30/09/2025;CLI-0034;EMP-507;ENT-MTL;BD-1159;6;241,33;16,50;169,65;Portail web
CMD-104093;09-sept-25;16/09/2025;03/11/2025;CLI-0185;EMP-508;ENT-SAG;BD-1064;17;99,18;20,80;70,89;Portail web
CMD-103768;06/08/2025;2025-08-10;13/09/2025;CLI-0009;EMP-502;ENT-MTL;BD-1017;5;443,53;21,30;313,71;Portail web
CMD-103569;02/07/2025;10/07/2025;2025-09-04;CLI-0012;EMP-501;ENT-QC;BD-1029;4;292,48;25,40;243,45;Portail web
CMD-104754;05/11/2025;08/11/2025;;CLI-0089;EMP-502;ENT-QC;BD-9164;21;304,06;23,80;239,15;Téléphone
CMD-102775;27/03/2025;05/04/2025;17-mai-25;CLI-0130;EMP-508;ENT-MTL;BD-1149;11;146,00;20,30;111,14;Représentant
CMD-103606;08-juil-25;10/07/2025;10/09/2025;CLI-0175;EMP-505;ENT-QC;BD-1177;6;393,01;3,60;215,66;Courriel
CMD-103625;11-juil-25;16/07/2025;;CLI-0198;EMP-504;ENT-SAG;BD-1001;4;323,21;3,60;219,63;Courriel
CMD-104895;24/11/2025;29/11/2025;;CLI-0064;EMP-504;ENT-SAG;BD-1168;24;369,44;7,60;229,43;Représentant
CMD-102858;07/04/2025;13/04/2025;10/06/2025;CLI-0056;EMP-502;ENT-MTL;BD-1042;24;360,76;18,30;267,02;Représentant
CMD-104032;03/09/2025;06/09/2025;2025-10-15;CLI-0145;EMP-504;ENT-MTL;BD-1059;3;510,37;3,20;391,48;Téléphone
CMD-102526;14/02/2025;17-févr-25;02/04/2025;CLI-0061;EMP-503;ENT-MTL;BD-1045;3;111,97;14,60;78,37;Portail web
CMD-104750;05/11/2025;2025-11-12;28/12/2025;CLI-0025;EMP-509;ENT-MTL;BD-1084;24;515,22;11,30;375,89;Portail web
CMD-104555;17/10/2025;2025-10-22;;CLI-0132;EMP-507;ENT-MTL;BD-1091;4;497,29;12,50;336,22;Courriel
CMD-104590;21/10/2025;2025-10-26;24/12/2025;CLI-0084;EMP-503;ENT-SAG;BD-1151;24;141,84;10,80;92,25;Représentant
CMD-103510;26/06/2025;2025-07-03;05/08/2025;CLI-0113;EMP-505;ENT-QC;BD-9647;3;236,29;8,00;191,63;Salon
CMD-104627;24/10/2025;2025-11-01;19/12/2025;CLI-0099;EMP-505;ENT-QC;BD-1003;33;228,55;23,40;227,23;Portail web
CMD-102710;17/03/2025;2025-03-21;19/05/2025;CLI-0155;EMP-506;ENT-MTL;BD-1164;2;166,54;14,60;100,45;Téléphone
CMD-105007;2025-12-12;14/12/2025;;CLI-0165;EMP-507;ENT-QC;BD-1013;8;475,00;8,00;315,34;Représentant
CMD-102991;24/04/2025;2025-05-02;22/06/2025;CLI-0066;EMP-507;ENT-SAG;BD-1060;2;352,33;11,00;246,98;Courriel
CMD-104188;17-sept-25;23/09/2025;29/10/2025;CLI-0210;EMP-503;ENT-QC;BD-1065;8;232,58;6,70;155,19;Représentant
CMD-105055;19/12/2025;24/12/2025;;CLI-0217;EMP-506;ENT-MTL;BD-1153;9;161,04;19,70;116,00;
CMD-103183;2025-05-16;22/05/2025;08/06/2025;CLI-0115;EMP-509;ENT-MTL;BD-1120;1;266,23;10,30;186,72;Portail web
CMD-104595;2025-10-22;27/10/2025;29/12/2025;CLI-0174;EMP-502;ENT-QC;BD-1077;3;333,29;2,50;171,09;Téléphone
CMD-103110;2025-05-09;12/05/2025;05/07/2025;CLI-0011;EMP-507;ENT-MTL;BD-1016;3;400,65;3,10;224,02;Portail web
CMD-102361;08/01/2025;16/01/2025;05-mars-25;CLI-0029;EMP-506;ENT-MTL;BD-1116;7;69,37;21,80;60,17;Représentant
CMD-104528;15/10/2025;2025-10-23;26/12/2025;CLI-0074;EMP-507;ENT-MTL;BD-1131;6;52,88;21,10;37,08;Représentant
CMD-102574;24/02/2025;04/03/2025;17-avr-25;CLI-0012;EMP-501;ENT-SAG;BD-1174;33;234,37;20,60;169,01;Représentant
CMD-103184;17/05/2025;23/05/2025;2025-07-13;CLI-0211;EMP-504;ENT-QC;BD-1154;2;458,50;14,20;329,92;Représentant
CMD-104782;10-nov-25;17/11/2025;;CLI-0217;EMP-506;ENT-QC;BD-1158;17;285,62;18,30;184,61;Téléphone
CMD-102700;15/03/2025;21-mars-25;21/05/2025;CLI-0060;EMP-508;ENT-QC;BD-1022;2;427,40;6,00;252,94;Représentant
CMD-104679;29/10/2025;07/11/2025;2025-12-16;CLI-0041;EMP-508;ENT-MTL;BD-1177;12;359,07;11,90;215,66;Téléphone
CMD-104739;04-nov-25;09/11/2025;14/12/2025;CLI-0009;EMP-502;ENT-MTL;BD-1133;50;81,00;20,10;62,95;Téléphone
CMD-103647;2025-07-15;20/07/2025;19/09/2025;CLI-0219;EMP-505;ENT-QC;BD-1016;3;392,39;5,10;224,02;Courriel
CMD-103451;18/06/2025;24/06/2025;2025-07-31;CLI-0063;EMP-503;ENT-QC;BD-1117;24;129,54;12,60;100,34;Téléphone
CMD-104868;20/11/2025;27/11/2025;;CLI-0159;EMP-502;ENT-QC;BD-1155;1;503,66;7,10;329,15;Téléphone
CMD-104120;10/09/2025;18/09/2025;2025-10-05;CLI-0047;EMP-508;ENT-QC;BD-1098;2;370,37;16,00;309,76;Téléphone
CMD-102364;2025-01-08;13/01/2025;26/02/2025;CLI-0042;EMP-505;ENT-SAG;BD-1149;4;163,67;10,60;111,14;Représentant
CMD-102773;27/03/2025;04/04/2025;12-mai-25;CLI-0162;EMP-508;ENT-SAG;BD-1060;4;337,56;14,70;246,98;Courriel
CMD-103722;30/07/2025;02/08/2025;28-sept-25;CLI-0073;EMP-501;ENT-SAG;BD-1029;6;338,68;13,60;243,45;Téléphone
CMD-103840;13/08/2025;2025-08-22;28/09/2025;CLI-0081;EMP-502;ENT-QC;BD-1057;2;25,22;15,50;23,20;Téléphone
CMD-104280;24-sept-25;28/09/2025;01/11/2025;CLI-0141;EMP-502;ENT-SAG;BD-1175;12;149,06;12,20;96,85;Représentant
CMD-104051;04/09/2025;2025-09-08;10/10/2025;CLI-0017;EMP-507;ENT-MTL;BD-1087;12;325,41;15,60;215,66;Représentant
CMD-104189;17/09/2025;26/09/2025;14-nov-25;CLI-0060;EMP-508;ENT-SAG;BD-1096;2;288,90;2,40;205,70;Représentant
CMD-104641;27/10/2025;04/11/2025;2025-12-18;CLI-0205;EMP-505;ENT-QC;BD-1114;2;233,56;7,50;152,73;Représentant
CMD-102533;14/02/2025;2025-02-16;;CLI-0142;EMP-508;ENT-QC;BD-1042;4;423,56;4,00;267,02;Portail web
CMD-103219;22/05/2025;2025-05-28;24/07/2025;CLI-0041;EMP-508;ENT-QC;BD-1074;6;173,44;10,70;130,44;Portail web
CMD-102767;2025-03-27;01/04/2025;16/05/2025;CLI-0185;EMP-508;ENT-QC;BD-1125;7;346,22;21,30;291,24;Représentant
CMD-104631;2025-10-25;03/11/2025;27/12/2025;CLI-0132;EMP-507;ENT-QC;BD-1169;3;493,47;14,40;282,28;Représentant
CMD-105076;23/12/2025;2025-12-27;;CLI-0035;EMP-503;ENT-QC;BD-1142;1;143,37;12,10;100,93;Courriel
CMD-104996;10/12/2025;14/12/2025;;CLI-0132;EMP-507;ENT-MTL;BD-1092;2;239,53;15,10;168,72;Téléphone
CMD-104953;01/12/2025;2025-12-07;;CLI-0089;EMP-502;ENT-MTL;BD-1142;10;121,50;25,50;100,93;Portail web
CMD-104777;10/11/2025;14/11/2025;11/12/2025;CLI-0052;EMP-504;ENT-QC;BD-1177;3;339,24;16,80;215,66;Portail web
CMD-103591;07/07/2025;16/07/2025;15/09/2025;CLI-0089;EMP-502;ENT-QC;BD-1120;7;234,42;21,00;186,72;Représentant
CMD-103000;25/04/2025;2025-04-29;23/06/2025;CLI-0185;EMP-508;ENT-SAG;BD-1160;5;62,53;20,60;41,56;Représentant
CMD-103773;2025-08-06;09/08/2025;27/09/2025;CLI-0019;EMP-502;ENT-SAG;BD-1047;1;103,99;2,40;71,53;Représentant
CMD-103022;29/04/2025;01/05/2025;01/07/2025;CLI-0001;EMP-508;ENT-MTL;BD-1179;6;398,52;7,70;231,35;Représentant
CMD-103680;21/07/2025;2025-07-24;05/10/2025;CLI-0066;EMP-507;ENT-MTL;BD-1121;4;69,22;11,10;44,65;Portail web
CMD-103526;27/06/2025;05/07/2025;2025-07-30;CLI-0037;EMP-504;ENT-QC;BD-1051;60;98,46;24,10;79,76;Représentant
CMD-104414;2025-10-07;13/10/2025;06/12/2025;CLI-0153;EMP-507;ENT-SAG;BD-1072;3;342,66;13,40;236,88;Téléphone
CMD-102421;22-janv-25;26/01/2025;03/03/2025;CLI-0059;EMP-504;ENT-QC;BD-1156;12;232,20;23,10;164,64;Représentant
CMD-103807;11/08/2025;18-août-25;14/09/2025;CLI-0012;EMP-501;ENT-QC;BD-1003;12;240,36;19,40;227,23;Portail web
CMD-103299;29/05/2025;2025-06-01;20/07/2025;CLI-0126;EMP-502;ENT-MTL;BD-1048;8;42,83;16,30;33,51;Représentant
CMD-104057;05/09/2025;09/09/2025;29/10/2025;CLI-0023;EMP-505;ENT-QC;BD-1061;3;114,26;3,30;76,81;Salon
CMD-103448;18/06/2025;27/06/2025;2025-07-17;CLI-0054;EMP-507;ENT-SAG;BD-1061;2;102,47;13,30;76,81;Salon
CMD-103461;19/06/2025;24/06/2025;26-juil-25;CLI-0211;EMP-504;ENT-SAG;BD-1055;8;282,98;13,80;213,75;Représentant
CMD-103469;2025-06-20;24/06/2025;;CLI-0182;EMP-503;ENT-SAG;BD-1179;6;371,99;13,80;231,35;Représentant
CMD-103446;17/06/2025;26/06/2025;09/08/2025;CLI-0056;EMP-502;ENT-MTL;BD-1032;81;437,72;20,00;409,59;Téléphone
CMD-104000;01/09/2025;2025-09-08;30/10/2025;CLI-0014;EMP-502;ENT-QC;BD-1179;12;411,46;4,70;231,35;Courriel
CMD-103704;25/07/2025;29/07/2025;2025-08-30;CLI-0122;EMP-505;ENT-QC;BD-1062;6;164,61;8,40;135,59;Représentant
CMD-102806;01/04/2025;10/04/2025;11-mai-25;CLI-0169;EMP-507;ENT-SAG;BD-1049;12;47,34;13,40;31,22;Téléphone
CMD-103930;2025-08-22;29/08/2025;25/10/2025;CLI-0050;EMP-502;ENT-QC;BD-1120;2;255,92;13,80;186,72;Portail web
CMD-102738;21/03/2025;23/03/2025;19-mai-25;CLI-0037;EMP-504;ENT-QC;BD-1074;18;157,46;18,90;110,54;Courriel
CMD-104154;15/09/2025;18/09/2025;11-nov-25;CLI-0081;EMP-502;ENT-SAG;BD-1042;24;392,78;11,00;267,02;Représentant
CMD-104494;13/10/2025;2025-10-17;26/11/2025;CLI-0041;EMP-508;ENT-QC;BD-1132;4;177,63;10,60;128,45;Représentant
CMD-103361;06/06/2025;15/06/2025;21/07/2025;CLI-0216;EMP-503;ENT-MTL;BD-1006;8;318,40;4,90;182,47;Portail web
CMD-102925;16/04/2025;2025-04-25;07/06/2025;CLI-0141;EMP-502;ENT-QC;BD-1135;6;65,31;10,90;40,73;Représentant
CMD-104691;30/10/2025;02/11/2025;2025-12-17;CLI-0037;EMP-504;ENT-QC;BD-1014;7;33,24;25,60;27,18;Portail web
CMD-102680;13/03/2025;2025-03-17;02/05/2025;CLI-0026;EMP-506;ENT-QC;BD-1165;8;162,89;11,50;107,92;Représentant
CMD-104253;23/09/2025;02/10/2025;27/11/2025;CLI-0076;EMP-507;ENT-SAG;BD-1116;8;65,94;25,60;60,17;Représentant
CMD-102992;24-avr-25;26/04/2025;06/06/2025;CLI-0008;EMP-506;ENT-SAG;BD-1103;6;217,85;4,40;154,84;Représentant
CMD-103790;2025-08-07;14/08/2025;18/09/2025;CLI-0102;EMP-506;ENT-SAG;BD-1182;12;103,43;5,00;58,06;Représentant
CMD-103423;14/06/2025;2025-06-21;06/08/2025;CLI-0161;EMP-508;ENT-QC;BD-1015;8;493,49;7,10;325,38;Téléphone
CMD-104937;28/11/2025;2025-12-07;;CLI-0180;EMP-509;ENT-QC;BD-1175;2;155,58;8,30;96,85;Représentant
CMD-103638;2025-07-15;18/07/2025;29/08/2025;CLI-0057;EMP-507;ENT-MTL;BD-1030;4;157,42;14,00;119,13;Représentant
CMD-103795;08/08/2025;13/08/2025;29/09/2025;CLI-0004;EMP-505;ENT-SAG;BD-1022;6;421,42;7,30;298,47;Représentant
CMD-104887;21/11/2025;27/11/2025;;CLI-0089;EMP-502;ENT-QC;BD-1036;11;190,60;25,80;191,63;Portail web
CMD-103015;28/04/2025;06-mai-25;20/06/2025;CLI-0057;EMP-507;ENT-QC;BD-1115;2;66,30;11,20;47,23;Représentant
CMD-103423;14/06/2025;21-juin-25;06/08/2025;CLI-0161;EMP-508;ENT-QC;BD-1036;1;238,63;7,10;191,63;Représentant
CMD-103702;25-juil-25;02/08/2025;09/09/2025;CLI-0036;EMP-505;ENT-QC;BD-1044;3;277,93;14,00;199,55;Représentant
CMD-102477;03/02/2025;11/02/2025;28-mars-25;CLI-0059;EMP-504;ENT-QC;BD-1136;10;154,14;25,80;112,45;Représentant
CMD-103516;2025-06-26;29/06/2025;26/07/2025;CLI-0155;EMP-506;ENT-MTL;BD-1084;12;508,58;12,40;375,89;Salon
CMD-102477;03/02/2025;11-févr-25;28/03/2025;CLI-0059;EMP-504;ENT-QC;BD-1175;12;126,02;25,80;96,85;Représentant
CMD-103845;2025-08-14;18/08/2025;27/10/2025;CLI-0048;EMP-508;ENT-MTL;BD-1126;24;181,82;10,20;133,03;Représentant
CMD-102405;17/01/2025;20-janv-25;07/03/2025;CLI-0009;EMP-502;ENT-SAG;BD-1136;8;157,92;23,90;112,45;Représentant
CMD-102422;22/01/2025;2025-01-24;21/03/2025;CLI-0152;EMP-503;ENT-SAG;BD-1007;2;101,25;2,00;57,14;Courriel
CMD-105019;15-déc-25;17/12/2025;;CLI-0130;EMP-508;ENT-QC;BD-1128;2;109,90;24,10;78,87;Téléphone
CMD-104287;2025-09-25;27/09/2025;24/11/2025;cli-0012;EMP-501;ENT-SAG;BD-1093;15;175,32;21,70;159,25;Téléphone
CMD-102555;19/02/2025;2025-02-21;01/04/2025;CLI-0055;EMP-506;ENT-SAG;BD-1171;8;152,72;3,50;85,46;Représentant
CMD-103069;03/05/2025;11/05/2025;16-juil-25;CLI-0059;EMP-504;ENT-QC;BD-1044;2;263,77;18,30;199,55;Téléphone
CMD-103693;23/07/2025;31/07/2025;24/09/2025;CLI-0076;EMP-507;ENT-SAG;BD-1104;12;87,47;21,00;76,70;Représentant
CMD-102751;2025-03-24;29/03/2025;03/05/2025;CLI-0035;EMP-503;ENT-MTL;BD-1139;3;298,09;16,90;203,11;Portail web
CMD-104849;19/11/2025;28-nov-25;;CLI-0209;EMP-508;ENT-QC;BD-1133;9;79,76;21,30;62,95;Représentant
CMD-104181;16/09/2025;25-sept-25;16/11/2025;CLI-0024;EMP-504;ENT-SAG;BD-1084;4;564,19;2,80;375,89;Représentant
CMD-103252;2025-05-26;29/05/2025;06/07/2025;CLI-0008;EMP-506;ENT-SAG;BD-1008;6;225,33;3,70;155,34;Téléphone
CMD-102907;15/04/2025;2025-04-24;09/05/2025;CLI-0120;EMP-509;ENT-SAG;BD-1091;2;538,37;5,20;284,93;Représentant
CMD-104141;12/09/2025;21/09/2025;2025-11-18;CLI-0143;EMP-503;ENT-QC;BD-1104;8;93,79;15,20;76,70;Représentant
CMD-103199;19/05/2025;21/05/2025;29/06/2025;CLI-0050;EMP-502;ENT-MTL;BD-1062;3;149,26;16,90;135,59;Portail web
CMD-102555;2025-02-19;21/02/2025;01/04/2025;CLI-0055;EMP-506;ENT-SAG;BD-1141;2;481,58;3,50;314,24;Salon
CMD-103699;25/07/2025;01/08/2025;2025-09-22;CLI-0217;EMP-506;ENT-MTL;BD-1008;15;183,87;21,40;155,34;Représentant
CMD-102935;17/04/2025;22/04/2025;2025-05-24;CLI-0046;EMP-508;ENT-SAG;BD-1125;3;416,48;5,30;291,24;Représentant
CMD-105108;29/12/2025;02/01/2026;;CLI-0039;EMP-503;ENT-QC;BD-1133;12;97,76;3,60;62,95;Courriel
CMD-104573;20/10/2025;26/10/2025;26/12/2025;CLI-0056;EMP-502;ENT-QC;BD-1128;5;107,72;25,60;78,87;Courriel
CMD-104206;18/09/2025;22-sept-25;02/12/2025;CLI-0191;EMP-504;ENT-MTL;BD-1123;8;195,21;10,30;132,28;Portail web
CMD-104893;24/11/2025;28-nov-25;;CLI-0080;EMP-506;ENT-QC;BD-1134;6;96,02;12,70;61,77;Portail web
CMD-104170;16/09/2025;2025-09-20;22/10/2025;CLI-0150;EMP-502;ENT-MTL;BD-1075;6;94,98;5,70;71,97;Portail web
CMD-102550;2025-02-19;21/02/2025;03/04/2025;CLI-0037;EMP-504;ENT-QC;BD-1120;18;234,40;21,00;186,72;Représentant
CMD-103087;2025-05-06;14/05/2025;07/06/2025;CLI-0089;EMP-502;ENT-QC;BD-1103;9;181,50;20,30;154,84;Représentant
CMD-104401;06/10/2025;11-oct-25;30/11/2025;CLI-0212;EMP-507;ENT-SAG;BD-1119;10;70,24;23,50;59,67;Courriel
CMD-104527;15/10/2025;23/10/2025;25/12/2025;CLI-0016;EMP-505;ENT-MTL;BD-1079;8;244,71;7,20;147,87;Téléphone
CMD-103246;23/05/2025;2025-06-01;17/07/2025;CLI-0204;EMP-506;ENT-SAG;BD-1059;1;509,95;3,30;391,48;Représentant
CMD-105015;12/12/2025;2025-12-20;;CLI-0037;EMP-504;ENT-SAG;BD-1088;25;507,62;19,40;404,63;Représentant
CMD-102402;2025-01-16;24/01/2025;27/02/2025;CLI-0067;EMP-502;ENT-MTL;BD-1132;2;166,08;16,40;128,45;Courriel
CMD-104013;02/09/2025;2025-09-10;09/11/2025;CLI-0089;EMP-502;ENT-MTL;BD-1157;5;39,20;25,10;25,21;Portail web
CMD-104401;2025-10-06;11/10/2025;30/11/2025;CLI-0212;EMP-507;ENT-SAG;BD-1072;2;302,73;23,50;236,88;Représentant
CMD-104104;2025-09-10;15/09/2025;14/11/2025;CLI-0172;EMP-502;ENT-MTL;BD-1140;3;60,70;4,50;41,26;Téléphone
CMD-103270;27/05/2025;05/06/2025;2025-07-12;CLI-0185;EMP-508;ENT-MTL;BD-1104;7;88,28;20,20;76,70;Représentant
CMD-104619;2025-10-24;30/10/2025;25/11/2025;CLI-0076;EMP-507;ENT-MTL;BD-1153;8;156,94;21,80;116,00;Représentant
CMD-104472;10/10/2025;2025-10-13;06/12/2025;CLI-0009;EMP-502;ENT-QC;BD-1139;16;272,42;24,10;203,11;Téléphone
CMD-104864;20/11/2025;2025-11-22;;CLI-0188;EMP-506;ENT-MTL;BD-1147;8;536,05;10,40;346,92;Portail web
CMD-103843;14/08/2025;2025-08-23;30/09/2025;CLI-0206;EMP-503;ENT-MTL;BD-1062;6;154,14;14,20;135,59;Représentant
CMD-103240;23/05/2025;2025-06-01;30/06/2025;CLI-0056;EMP-502;ENT-MTL;BD-1170;22;27,03;23,10;16,95;Représentant
CMD-102597;2025-03-01;09/03/2025;10/04/2025;CLI-0138;EMP-506;ENT-QC;BD-1005;1;299,38;8,40;208,35;Portail web
CMD-102495;07/02/2025;14/02/2025;2025-04-10;CLI-0075;EMP-506;ENT-SAG;BD-1116;2;85,57;3,50;60,17;Représentant
CMD-103080;06/05/2025;2025-05-15;25/06/2025;CLI-0051;EMP-509;ENT-QC;BD-1121;8;70,88;9,00;44,65;Représentant
CMD-104582;2025-10-21;29/10/2025;08/12/2025;CLI-0026;EMP-506;ENT-SAG;BD-1058;2;210,67;14,00;149,54;Salon
CMD-104951;01-déc-25;05/12/2025;;CLI-0162;EMP-508;ENT-MTL;BD-1138;6;132,52;10,00;88,19;Téléphone
CMD-104255;23/09/2025;30/09/2025;25/11/2025;CLI-0175;EMP-505;ENT-QC;BD-1051;8;122,82;5,30;79,76;Courriel
CMD-104587;21/10/2025;2025-10-23;22/11/2025;CLI-0206;EMP-503;ENT-QC;BD-1182;1;93,82;13,80;58,06;Représentant
CMD-103528;2025-06-27;04/07/2025;21/07/2025;CLI-0079;EMP-509;ENT-MTL;BD-1011;2;502,33;4,40;294,52;Portail web
CMD-104373;02/10/2025;2025-10-07;07/11/2025;CLI-0209;EMP-508;ENT-MTL;BD-1081;19;455,04;23,30;364,83;Représentant
CMD-102795;31/03/2025;09-avr-25;22/05/2025;CLI-0210;EMP-503;ENT-MTL;BD-1085;2;64,64;3,80;41,76;Courriel
CMD-102400;16/01/2025;20/01/2025;2025-03-28;CLI-0163;EMP-505;ENT-QC;BD-1179;1;416,28;3,50;231,35;Téléphone
CMD-104902;25/11/2025;29/11/2025;;CLI-0215;EMP-503;ENT-QC;BD-1109;1;449,57;2,30;310,20;Téléphone
CMD-102994;24-avr-25;01/05/2025;01/07/2025;CLI-0040;EMP-509;ENT-QC;BD-1081;4;516,52;12,90;309,18;Courriel
CMD-102856;07/04/2025;2025-04-10;18/05/2025;CLI-0036;EMP-505;ENT-MTL;BD-1070;3;64,80;14,90;40,72;Représentant
CMD-103675;2025-07-21;25/07/2025;05/09/2025;CLI-0119;EMP-503;ENT-QC;BD-1009;2;98,20;6,60;67,67;
CMD-105028;16/12/2025;19/12/2025;;CLI-0125;EMP-509;ENT-MTL;BD-1157;4;49,44;5,60;25,21;Téléphone
CMD-103310;2025-05-30;05/06/2025;05/07/2025;CLI-0120;EMP-509;ENT-QC;BD-1054;6;451,65;3,10;262,94;Salon
CMD-102974;23/04/2025;02/05/2025;02-juin-25;CLI-0204;EMP-506;ENT-MTL;BD-1061;4;114,22;3,30;76,81;Représentant
CMD-104366;02/10/2025;10/10/2025;2025-11-07;CLI-0107;EMP-506;ENT-QC;BD-1153;8;185040,00;7,80;116,00;Téléphone
CMD-104061;05/09/2025;2025-09-11;21/11/2025;CLI-0060;EMP-508;ENT-QC;BD-1072;24;368,26;6,90;236,88;Portail web
CMD-105053;19/12/2025;27/12/2025;;CLI-0173;EMP-508;ENT-QC;BD-1181;4;533,88;14,60;312,40;Représentant
CMD-104190;17/09/2025;2025-09-26;22/10/2025;CLI-0091;EMP-504;ENT-QC;BD-1159;3;282,28;2,30;169,65;Représentant
CMD-104274;24/09/2025;29/09/2025;09-nov-25;CLI-0036;EMP-505;ENT-SAG;BD-1082;3;413,06;13,10;335,40;Représentant
CMD-103560;02/07/2025;05/07/2025;2025-08-30;CLI-0130;EMP-508;ENT-QC;BD-1128;5;112,35;22,40;78,87;Téléphone
CMD-102339;03/01/2025;08/01/2025;2025-02-20;CLI-0049;EMP-508;ENT-QC;BD-1138;6;123,25;16,30;88,19;Téléphone
CMD-102381;13/01/2025;2025-01-20;24/02/2025;CLI-0137;EMP-503;ENT-MTL;BD-1140;7;48,00;24,40;41,26;Courriel
CMD-102910;15/04/2025;2025-04-21;01/06/2025;CLI-0168;EMP-509;ENT-QC;BD-1058;12;226,74;7,40;149,54;Portail web
CMD-102781;28/03/2025;2025-04-01;27/05/2025;CLI-0133;EMP-508;ENT-QC;BD-1110;8;236570,00;16,70;182,67;Représentant
CMD-103574;03/07/2025;2025-07-09;08/08/2025;CLI-0130;EMP-508;ENT-QC;BD-1038;9;421,15;23,70;319,94;Représentant
CMD-103636;14/07/2025;18/07/2025;2025-09-10;CLI-0148;EMP-501;ENT-MTL;BD-1001;-6;292,49;12,70;219,63;Représentant
CMD-104636;25-oct-25;01/11/2025;29/12/2025;CLI-0049;EMP-508;ENT-MTL;BD-1101;2;95,41;12,10;75,83;Représentant
CMD-103233;23-mai-25;01/06/2025;14/07/2025;CLI-0035;EMP-503;ENT-MTL;BD-1181;2;544,11;12,90;312,40;Représentant
CMD-102958;21-avr-25;25/04/2025;02/06/2025;CLI-0037;EMP-504;ENT-SAG;BD-1043;20;424,59;19,50;300,28;Représentant
CMD-104510;2025-10-14;23/10/2025;04/12/2025;CLI-0099;EMP-505;ENT-QC;BD-1058;39;185,19;24,40;149,54;Représentant
CMD-104024;02/09/2025;08/09/2025;2025-10-11;CLI-0220;EMP-506;ENT-QC;BD-1040;12;377,16;14,40;274,41;Salon
CMD-104378;2025-10-02;04/10/2025;26/11/2025;CLI-0130;EMP-508;ENT-QC;BD-1143;3;280,87;25,10;220,45;Portail web
CMD-103684;22/07/2025;2025-07-24;02/10/2025;CLI-0089;EMP-502;ENT-MTL;BD-1036;3;194,36;24,30;191,63;Représentant
CMD-103250;24/05/2025;02/06/2025;31-juil-25;CLI-0185;EMP-508;ENT-SAG;BD-1105;20;194,26;25,00;169,61;Représentant
CMD-103749;04/08/2025;2025-08-09;11/09/2025;CLI-0063;EMP-503;ENT-QC;BD-1124;2;225,79;11,40;153,77;Salon
CMD-104857;19/11/2025;2025-11-23;;CLI-0212;EMP-507;ENT-QC;BD-1102;3;391,90;19,20;260,69;Portail web
CMD-104873;20/11/2025;28/11/2025;2025-12-20;CLI-0185;EMP-508;ENT-QC;BD-1129;2;53,66;25,40;46,45;Représentant
CMD-104804;2025-11-12;19/11/2025;26/12/2025;CLI-0185;EMP-508;ENT-QC;BD-1100;5;424,55;20,90;369,19;Courriel
CMD-104049;2025-09-04;08/09/2025;04/11/2025;CLI-0137;EMP-503;ENT-MTL;BD-1059;3;421,23;20,10;391,48;Courriel
CMD-102736;2025-03-21;30/03/2025;09/05/2025;CLI-0012;EMP-501;ENT-MTL;BD-1071;4;405,53;24,00;308,06;Représentant
CMD-103640;15/07/2025;23/07/2025;2025-09-22;CLI-0177;EMP-505;ENT-SAG;BD-1005;24;317,75;2,80;208,35;Téléphone
CMD-105096;2025-12-25;30/12/2025;;CLI-0116;EMP-509;ENT-MTL;BD-1073;1;376,03;16,40;307,22;Salon
CMD-103097;07/05/2025;16-mai-25;25/06/2025;CLI-0201;EMP-504;ENT-MTL;BD-9363;4;118,64;2,50;69,62;Téléphone
CMD-103110;09/05/2025;12/05/2025;05/07/2025;CLI-0011;EMP-507;ENT-MTL;BD-1125;1;426,46;3,10;291,24;Représentant
CMD-103766;2025-08-05;10/08/2025;21/09/2025;CLI-0048;EMP-508;ENT-QC;BD-1049;3;46,45;15,00;31,22;Courriel
CMD-102615;2025-03-04;06/03/2025;05/04/2025;CLI-0066;EMP-507;ENT-MTL;BD-1178;8;170,43;17,00;119,43;Courriel
CMD-104549;16/10/2025;23/10/2025;25-nov-25;CLI-0144;EMP-502;ENT-QC;BD-1137;4;35,78;16,40;25,59;Représentant
CMD-104221;18/09/2025;2025-09-21;12/10/2025;CLI-0118;EMP-504;ENT-QC;BD-1058;8;215,69;11,90;149,54;Représentant
CMD-103846;14/08/2025;21/08/2025;26-oct-25;CLI-0009;EMP-502;ENT-MTL;BD-1139;3;270,30;24,60;203,11;Courriel
CMD-102615;04-mars-25;06/03/2025;05/04/2025;CLI-0066;EMP-507;ENT-MTL;BD-1178;8;170,43;17,00;119,43;Portail web
CMD-104660;28/10/2025;03/11/2025;2025-12-28;CLI-0107;EMP-506;ENT-MTL;BD-1097;2;344,00;6,50;253,06;Portail web
CMD-104037;2025-09-03;08/09/2025;28/10/2025;CLI-0031;EMP-509;ENT-MTL;BD-1094;4;177,04;13,20;124,30;Téléphone
CMD-102769;27/03/2025;04/04/2025;04-mai-25;CLI-0076;EMP-507;ENT-MTL;BD-1127;13;224,10;25,60;174,31;Représentant
CMD-103545;30/06/2025;2025-07-04;31/08/2025;CLI-0072;EMP-501;ENT-MTL;BD-1057;4;26,05;12,70;23,20;Téléphone
CMD-103564;2025-07-02;10/07/2025;09/09/2025;CLI-0199;EMP-504;ENT-QC;BD-1028;1;210,01;11,20;143,73;Représentant
CMD-104146;2025-09-12;20/09/2025;08/11/2025;CLI-0145;EMP-504;ENT-MTL;BD-1072;1;382,03;3,50;236,88;Représentant
CMD-103452;2025-06-18;27/06/2025;29/07/2025;CLI-0139;EMP-506;ENT-MTL;BD-1010;3;142,41;12,60;88,91;Téléphone
CMD-103254;2025-05-26;04/06/2025;06/07/2025;CLI-0011;EMP-507;ENT-MTL;BD-1176;12;575,30;8,80;328,78;Représentant
CMD-104676;29/10/2025;03/11/2025;08-déc-25;CLI-0182;EMP-503;ENT-QC;BD-1094;1;173,35;15,00;124,30;Téléphone
CMD-102348;07-janv-25;11/01/2025;08/02/2025;CLI-0112;EMP-505;ENT-QC;BD-1128;2;128,62;11,20;78,87;Téléphone
CMD-102817;02/04/2025;07-avr-25;09/06/2025;CLI-0143;EMP-503;ENT-MTL;BD-1088;4;523,33;16,90;342,90;Représentant
CMD-103245;23/05/2025;31/05/2025;18-juil-25;CLI-0211;EMP-504;ENT-SAG;BD-1034;3;207,54;12,60;182,99;Portail web
CMD-104311;2025-09-26;04/10/2025;10/11/2025;CLI-0187;EMP-507;ENT-SAG;BD-1178;1;172,64;15,90;119,43;Représentant
CMD-104917;26/11/2025;03/12/2025;2025-12-29;CLI-0034;EMP-507;ENT-QC;BD-1133;6;87,43;13,80;62,95;Portail web
CMD-104666;28/10/2025;2025-11-04;;CLI-0012;EMP-501;ENT-QC;BD-1081;2;466,69;21,30;364,83;Représentant
CMD-103697;24/07/2025;31-juil-25;28/09/2025;CLI-0123;EMP-501;ENT-SAG;BD-1115;3;63,68;14,70;47,23;Courriel
CMD-102938;17-avr-25;26/04/2025;05/06/2025;CLI-0081;EMP-502;ENT-MTL;BD-1053;24;281,88;13,80;180,55;Représentant
CMD-102621;05/03/2025;12/03/2025;09/04/2025;CLI-0212;EMP-507;ENT-QC;BD-1003;19;239,34;19,70;192,57;Représentant
CMD-102969;22/04/2025;2025-04-24;24/05/2025;CLI-0099;EMP-505;ENT-MTL;BD-1059;8;410,57;22,10;331,76;Représentant
CMD-104116;10/09/2025;12/09/2025;13-nov-25;CLI-0041;EMP-508;ENT-MTL;BD-1114;6;225,96;10,50;152,73;Représentant
CMD-102705;2025-03-17;24/03/2025;;CLI-0218;EMP-503;ENT-MTL;BD-1103;4;213,99;6,10;154,84;Téléphone
CMD-104552;17-oct-25;21/10/2025;;CLI-0116;EMP-509;ENT-SAG;BD-1088;3;546,03;13,30;404,63;Portail web
CMD-102886;11/04/2025;15/04/2025;07-juin-25;CLI-0124;EMP-509;ENT-MTL;BD-1170;1;32,60;7,30;16,95;Courriel
CMD-102492;06/02/2025;14/02/2025;2025-03-22;CLI-0056;EMP-502;ENT-QC;BD-1036;21;200,62;21,90;162,40;Représentant
CMD-104547;2025-10-16;23/10/2025;15/12/2025;CLI-0036;EMP-505;ENT-MTL;BD-1077;4;284,65;16,70;171,09;Représentant
CMD-103603;08-juil-25;13/07/2025;26/08/2025;  CLI-0004;EMP-505;ENT-SAG;BD-1159;3;275,38;4,70;169,65;Représentant
CMD-102783;28/03/2025;01/04/2025;2025-04-29;CLI-0210;EMP-503;ENT-MTL;BD-1164;4;180,94;7,20;100,45;Téléphone
CMD-104135;12/09/2025;15/09/2025;24-oct-25;CLI-0191;EMP-504;ENT-MTL;BD-1056;12;420,31;14,50;293,14;Portail web
CMD-102478;03-févr-25;05/02/2025;26/03/2025;CLI-0217;EMP-506;ENT-SAG;BD-1075;24;78,57;22,00;60,99;Représentant
CMD-103268;27-mai-25;04/06/2025;02/07/2025;CLI-0045;EMP-502;ENT-MTL;BD-1119;3;82,34;10,30;59,67;Portail web
CMD-104649;27/10/2025;29/10/2025;2025-12-09;CLI-0056;EMP-502;ENT-QC;BD-1172;8;319,60;23,60;221,22;Représentant
CMD-102950;2025-04-18;20/04/2025;30/05/2025;CLI-0212;EMP-507;ENT-QC;BD-1041;2;197,48;22,10;163,24;Courriel
CMD-104928;27-nov-25;01/12/2025;;CLI-0102;EMP-506;ENT-MTL;BD-1149;12;173,43;5,30;111,14;Téléphone
CMD-104857;19/11/2025;23/11/2025;;CLI-0212;EMP-507;ENT-QC;BD-1072;2;319,94;19,20;236,88;Téléphone
CMD-103034;30/04/2025;08/05/2025;2025-07-10;CLI-0154;EMP-507;ENT-SAG;BD-1056;6;441,79;10,20;293,14;Représentant
CMD-103001;2025-04-25;04/05/2025;19/06/2025;CLI-0186;EMP-507;ENT-MTL;BD-1056;24;471,06;4,20;293,14;Portail web
CMD-102986;24/04/2025;2025-05-01;06/06/2025;CLI-0049;EMP-508;ENT-MTL;BD-1049;8;48,72;10,80;31,22;Téléphone
CMD-103574;03/07/2025;09/07/2025;2025-08-08;CLI-0130;EMP-508;ENT-QC;BD-1009;13;80,27;23,70;67,67;Téléphone
CMD-103845;14/08/2025;18/08/2025;2025-10-27;CLI-0048;EMP-508;ENT-MTL;BD-1057;1;26,80;10,20;23,20;Représentant
CMD-102550;19/02/2025;21/02/2025;2025-04-03;CLI-0037;EMP-504;ENT-QC;BD-1092;54;222,87;21,00;142,98;Téléphone
CMD-103942;25/08/2025;28/08/2025;2025-09-30;CLI-0012;EMP-501;ENT-QC;BD-1037;3;22,94;23,30;16,65;Courriel
CMD-103971;27/08/2025;2025-09-04;12/11/2025;CLI-0044;EMP-505;ENT-MTL;BD-1157;12;43,92;16,10;25,21;Téléphone
CMD-105008;12/12/2025;16/12/2025;;CLI-0099;EMP-505;ENT-MTL;BD-1011;13;418,87;20,20;294,52;Représentant
CMD-103978;28/08/2025;2025-09-04;18/10/2025;CLI-0023;EMP-505;ENT-QC;BD-1038;4;504,45;8,60;319,94;Représentant
CMD-103252;26-mai-25;29/05/2025;06/07/2025;CLI-0008;EMP-506;ENT-SAG;BD-1010;1;157,06;3,70;88,91;Représentant
CMD-102353;2025-01-07;16/01/2025;18/03/2025;CLI-0210;EMP-503;ENT-MTL;BD-1181;12;596,56;4,50;312,40;Portail web
CMD-103206;20/05/2025;24/05/2025;;CLI-0184;EMP-503;ENT-QC;BD-1011;3;489,33;6,80;294,52;Représentant
CMD-104542;31/02/2024;2025-10-21;16/11/2025;CLI-0192;EMP-505;ENT-QC;BD-1090;3;92,13;3,90;69,37;Représentant
CMD-104694;30/10/2025;02-nov-25;30/12/2025;CLI-0049;EMP-508;ENT-MTL;BD-1162;4;121,70;11,20;68,38;Représentant
CMD-103904;20/08/2025;2025-08-29;17/09/2025;CLI-0012;EMP-501;ENT-MTL;BD-1007;4;78,28;24,20;57,14;Représentant
CMD-103705;2025-07-26;29/07/2025;08/09/2025;CLI-0160;EMP-508;ENT-QC;BD-1042;12;430,24;2,50;267,02;Portail web
CMD-103484;23/06/2025;30/06/2025;2025-08-25;CLI-0137;EMP-503;ENT-SAG;BD-1170;9;28,19;19,80;16,95;Représentant
CMD-102386;14/01/2025;2025-01-16;01/03/2025;CLI-0108;EMP-503;ENT-QC;BD-1148;4;394,12;14,30;302,28;Téléphone
CMD-104806;12/11/2025;15-nov-25;;CLI-0191;EMP-504;ENT-MTL;BD-1134;6;95,61;13,00;61,77;Représentant
CMD-104568;17-oct-25;23/10/2025;09/12/2025;CLI-0041;EMP-508;ENT-MTL;BD-1086;3;115,24;16,30;97,25;Téléphone
CMD-103678;21/07/2025;2025-07-26;20/08/2025;CLI-0175;EMP-505;ENT-QC;BD-1111;12;201,65;9,00;148,90;Représentant
CMD-103187;17/05/2025;24-mai-25;;CLI-0058;EMP-508;ENT-SAG;BD-1182;2;102,29;6,00;58,06;Représentant
CMD-103642;15/07/2025;24/07/2025;21-août-25;CLI-0093;EMP-508;ENT-QC;BD-1001;12;282,26;15,80;219,63;Portail web
CMD-105090;24/12/2025;2026-01-01;;CLI-0037;EMP-504;ENT-MTL;BD-1150;8;501,34;19,90;347,06;Représentant
CMD-102883;11/04/2025;2025-04-16;31/05/2025;CLI-0101;EMP-509;ENT-QC;BD-1090;3;91,45;4,60;58,79;Représentant
CMD-104349;30/09/2025;02/10/2025;2025-11-15;CLI-0186;EMP-507;ENT-MTL;BD-1056;1;448,92;8,70;293,14;Téléphone
CMD-105097;26/12/2025;30-déc-25;;CLI-0167;EMP-506;ENT-MTL;BD-1098;4;429,95;2,50;309,76;Téléphone
CMD-103600;08/07/2025;2025-07-10;04/09/2025;CLI-0017;EMP-507;ENT-QC;BD-1024;3;279,34;16,40;189,35;Portail web
CMD-103773;2025-08-06;09/08/2025;27/09/2025;CLI-0019;EMP-502;ENT-SAG;BD-1031;2;506,80;2,40;300,62;Représentant
CMD-103901;19/08/2025;2025-08-26;09/10/2025;CLI-0137;EMP-503;ENT-MTL;BD-1015;2;404,71;23,80;325,38;Portail web
CMD-104867;20/11/2025;2025-11-24;;CLI-0109;EMP-501;ENT-QC;BD-1099;3;453,76;8,60;346,57;Représentant
CMD-102967;21/04/2025;27/04/2025;07/06/2025;CLI-0012;EMP-501;ENT-QC;BD-1054;6;371,86;20,20;262,94;Courriel
CMD-102933;17/04/2025;25/04/2025;2025-06-22;CLI-0056;EMP-502;ENT-QC;BD-1116;5;66,59;24,90;60,17;Portail web
CMD-103036;2025-04-30;04/05/2025;02/06/2025;CLI-0093;EMP-508;ENT-QC;BD-1101;6;91,21;15,90;64,26;Téléphone
CMD-103024;29/04/2025;02/05/2025;2025-06-21;CLI-0144;EMP-502;ENT-SAG;BD-1089;3;268,65;15,10;160,95;Représentant
CMD-103095;07-mai-25;12/05/2025;01/07/2025;CLI-0212;EMP-507;ENT-MTL;BD-1013;18;395,33;23,40;315,34;Représentant
CMD-103845;14/08/2025;18/08/2025;27/10/2025;CLI-0048;EMP-508;ENT-MTL;BD-1119;8;82,48;10,20;59,67;Représentant
CMD-104762;06/11/2025;2025-11-14;05/12/2025;CLI-0212;EMP-507;ENT-QC;BD-1072;35;298,34;24,60;236,88;Représentant
CMD-103301;30/05/2025;2025-06-08;11/07/2025;CLI-0025;EMP-509;ENT-MTL;BD-1105;4;216,20;16,50;169,61;Représentant
CMD-102601;03/03/2025;06/03/2025;18/05/2025;CLI-0068;EMP-505;ENT-MTL;BD-1135;3;69,88;4,70;40,73;Représentant
CMD-104313;26/09/2025;2025-09-30;12/11/2025;CLI-0033;EMP-504;ENT-QC;BD-1013;8;455,97;11,70;315,34;Téléphone
CMD-103939;25/08/2025;2025-08-30;18/10/2025;CLI-0155;EMP-506;ENT-MTL;BD-1152;4;421,48;12,40;271,40;Portail web
CMD-103456;19-juin-25;21/06/2025;21/07/2025;CLI-0132;EMP-507;ENT-MTL;BD-1030;1;154,71;15,50;119,13;Courriel
CMD-102366;09-janv-25;12/01/2025;14/02/2025;CLI-0041;EMP-508;ENT-SAG;BD-1041;3;211,30;16,70;163,24;Portail web
CMD-102630;06/03/2025;11/03/2025;2025-05-04;CLI-0034;EMP-507;ENT-MTL;BD-1039;3;166,52;15,90;122,17;Représentant
CMD-104935;28/11/2025;02/12/2025;;CLI-0144;EMP-502;ENT-QC;BD-1149;12;154,91;15,40;111,14;Représentant
CMD-105032;16/12/2025;22/12/2025;;CLI-0037;EMP-504;ENT-QC;BD-1155;4;403,01;25,60;329,15;Portail web
CMD-103203;20/05/2025;2025-05-24;24/06/2025;CLI-0200;EMP-509;ENT-QC;BD-1086;6;117,32;14,80;97,25;Représentant
CMD-104983;05/12/2025;12-déc-25;;CLI-0031;EMP-509;ENT-MTL;BD-1153;3;171,34;14,60;116,00;Courriel
CMD-103860;15-août-25;21/08/2025;17/09/2025;CLI-0076;EMP-507;ENT-QC;BD-1107;7;179,48;18,50;150,54;Représentant
CMD-102714;2025-03-18;26/03/2025;10/05/2025;CLI-0073;EMP-501;ENT-SAG;BD-1118;2;412,85;16,90;343,17;Représentant
CMD-104416;07/10/2025;16/10/2025;2025-12-18;CLI-0054;EMP-507;ENT-QC;BD-1129;2;60,46;15,90;46,45;Représentant
CMD-103610;09/07/2025;12/07/2025;2025-08-25;CLI-0183;EMP-506;ENT-SAG;BD-1032;8;508,48;7,10;409,59;Téléphone
CMD-103882;18-août-25;23/08/2025;06/10/2025;CLI-0115;EMP-509;ENT-QC;BD-1043;1;469,80;11,00;300,28;Salon
CMD-103785;2025-08-07;11/08/2025;21/09/2025;CLI-0185;EMP-508;ENT-MTL;BD-1072;12;305,25;22,90;236,88;Portail web
CMD-104565;2025-10-17;23/10/2025;31/12/2025;CLI-0099;EMP-505;ENT-SAG;BD-1065;8;198,65;20,30;155,19;Représentant
CMD-104850;19-nov-25;21/11/2025;19/12/2025;CLI-0009;EMP-502;ENT-QC;BD-1179;10;352,56;18,30;231,35;Portail web
CMD-103684;22/07/2025;24-juil-25;02/10/2025;CLI-0089;EMP-502;ENT-MTL;BD-1108;2;206,77;24,30;169,96;Téléphone
CMD-103856;15/08/2025;24-août-25;06/10/2025;CLI-0142;EMP-508;ENT-QC;BD-1014;4;43,33;3,00;27,18;Portail web
CMD-102462;30/01/2025;01-févr-25;21/03/2025;CLI-0141;EMP-502;ENT-QC;BD-1138;4;124,32;15,60;88,19;Courriel
CMD-104449;09/10/2025;17-oct-25;21/11/2025;CLI-0187;EMP-507;ENT-MTL;BD-1170;12;29,31;16,60;16,95;Courriel
CMD-104387;03-oct-25;09/10/2025;07/12/2025;CLI-0012;EMP-501;ENT-QC;BD-1072;13;305,89;22,70;236,88;Représentant
CMD-103318;2025-06-02;06/06/2025;17/07/2025;CLI-0109;EMP-501;ENT-QC;BD-1045;1;125,83;4,00;78,37;Portail web
CMD-103257;n/d;2025-05-31;03/08/2025;CLI-0111;EMP-507;ENT-MTL;BD-1053;4;312,72;4,40;180,55;Représentant
CMD-104453;09/10/2025;16/10/2025;2025-11-25;CLI-0114;EMP-502;ENT-MTL;BD-1077;24;316,93;7,30;171,09;Représentant
CMD-103505;25/06/2025;27/06/2025;03/09/2025;CLI-0153;EMP-507;ENT-QC;BD-1021;12;306,37;15,80;242,82;Courriel
CMD-104469;10/10/2025;18-oct-25;19/11/2025;CLI-0088;EMP-504;ENT-SAG;BD-1072;6;348,91;11,80;236,88;Portail web
CMD-102689;13/03/2025;2025-03-21;13/05/2025;CLI-0212;EMP-507;ENT-SAG;BD-1175;20;125,69;26,00;96,85;Représentant
CMD-102492;06/02/2025;14/02/2025;22/03/2025;CLI-0056;EMP-502;ENT-QC;BD-1145;12;143,87;21,90;111,12;Téléphone
CMD-104960;02/12/2025;2025-12-06;;CLI-0148;EMP-501;ENT-MTL;BD-1084;4;492,81;15,10;375,89;Représentant
CMD-104038;04/09/2025;07/09/2025;2025-11-01;CLI-0023;EMP-505;ENT-SAG;BD-1108;12;254,55;6,80;169,96;Portail web
CMD-104203;18/09/2025;2025-09-22;26/11/2025;CLI-0097;EMP-504;ENT-QC;BD-1097;8;346,41;5,90;253,06;Portail web
CMD-104060;05/09/2025;08/09/2025;2025-10-24;CLI-0193;EMP-509;ENT-QC;BD-1166;8;352,01;15,30;217,35;Représentant
CMD-103987;29/08/2025;2025-09-01;24/10/2025;CLI-0209;EMP-508;ENT-MTL;BD-1114;38;198,07;21,60;152,73;Portail web
CMD-102512;11-févr-25;19/02/2025;30/03/2025;CLI-0137;EMP-503;ENT-MTL;BD-1043;65;405,81;23,10;300,28;Courriel
CMD-102904;14/04/2025;19/04/2025;16-juin-25;CLI-0198;EMP-504;ENT-QC;BD-1129;6;67,78;5,70;46,45;Portail web
CMD-102895;12/04/2025;18/04/2025;;CLI-0217;EMP-506;ENT-MTL;BD-1055;12;243,65;25,80;213,75;Portail web
CMD-103785;07/08/2025;11/08/2025;2025-09-21;CLI-0185;EMP-508;ENT-MTL;BD-1011;19;405,10;22,90;294,52;Représentant
CMD-104731;04/11/2025;2025-11-10;20/12/2025;CLI-0137;EMP-503;ENT-MTL;BD-1004;1;206,55;24,60;158,83;Représentant
CMD-103878;2025-08-18;25/08/2025;28/09/2025;CLI-0073;EMP-501;ENT-QC;BD-1035;8;41,92;13,40;30,63;Portail web
CMD-103009;28/04/2025;2025-05-06;09/07/2025;CLI-0009;EMP-502;ENT-SAG;BD-1041;5;196,63;22,40;163,24;Représentant
CMD-104914;26/11/2025;2025-12-05;;CLI-0217;EMP-506;ENT-QC;BD-1089;17;249,64;21,10;189,92;Représentant
CMD-104653;27/10/2025;2025-11-01;09/12/2025;CLI-0023;EMP-505;ENT-QC;BD-1017;12;542,35;3,80;313,71;Salon
CMD-102732;20/03/2025;2025-03-23;18/05/2025;CLI-0083;EMP-507;ENT-QC;BD-1141;8;478,23;4,20;314,24;Représentant
CMD-104303;26/09/2025;01/10/2025;2025-11-19;CLI-0005;EMP-503;ENT-SAG;BD-1075;8;92,49;8,20;71,97;Représentant
CMD-104865;2025-11-20;22/11/2025;;CLI-0009;EMP-502;ENT-SAG;BD-1111;18;179,68;18,90;148,90;Courriel
CMD-104829;17/11/2025;24-nov-25;;CLI-0127;EMP-503;ENT-QC;BD-1013;6;456,44;11,60;315,34;Portail web
CMD-104843;2025-11-18;25/11/2025;;CLI-0217;EMP-506;ENT-QC;BD-1010;36;133,52;18,10;88,91;Téléphone
CMD-102627;2025-03-05;08/03/2025;01/05/2025;CLI-0179;EMP-509;ENT-MTL;BD-1102;3;442,98;8,60;260,69;Représentant
CMD-102404;17/01/2025;22/01/2025;10-mars-25;CLI-0053;EMP-509;ENT-MTL;BD-1143;6;332,29;11,40;220,45;Portail web
CMD-102823;02-avr-25;04/04/2025;17/05/2025;CLI-0059;EMP-504;ENT-QC;BD-1055;16;268,67;18,20;213,75;Représentant
CMD-102899;14-avr-25;22/04/2025;17/06/2025;CLI-0012;EMP-501;ENT-QC;BD-1019;3;236,39;21,50;173,78;Téléphone
CMD-104259;2025-09-23;28/09/2025;14/11/2025;CLI-0130;EMP-508;ENT-QC;BD-1077;22;256,56;25,00;171,09;Téléphone
CMD-104342;2025-09-30;03/10/2025;02/12/2025;CLI-0141;EMP-502;ENT-QC;BD-1047;1;92,56;13,20;71,53;Téléphone
CMD-104280;2025-09-24;28/09/2025;01/11/2025;CLI-0141;EMP-502;ENT-SAG;BD-1168;2;351,25;12,20;229,43;Représentant
CMD-103447;17-juin-25;22/06/2025;04/08/2025;CLI-0171;EMP-507;ENT-MTL;BD-1104;6;102,37;7,50;76,70;Portail web
CMD-104314;27/09/2025;02/10/2025;24/11/2025;CLI-0012;EMP-501;ENT-MTL;BD-1092;9;228,11;19,20;168,72;Représentant
CMD-104470;10-oct-25;14/10/2025;03/12/2025;CLI-0072;EMP-501;ENT-SAG;BD-1142;12;141,36;13,30;100,93;Salon
CMD-102791;28/03/2025;2025-04-03;11/06/2025;CLI-0210;EMP-503;ENT-QC;BD-1064;1;116,21;7,20;70,89;Portail web
CMD-103228;22/05/2025;30/05/2025;2025-07-03;CLI-0049;EMP-508;ENT-QC;BD-1106;6;451,91;14,80;340,08;Représentant
CMD-102353;2025-01-07;16/01/2025;18/03/2025;CLI-0210;EMP-503;ENT-MTL;BD-1010;3;155,64;4,50;88,91;Courriel
CMD-102561;2025-02-20;24/02/2025;28/04/2025;CLI-0056;EMP-502;ENT-QC;BD-1161;21;102,96;23,80;64,16;Représentant
CMD-103368;09/06/2025;12-juin-25;09/07/2025;CLI-0056;EMP-502;ENT-MTL;BD-1162;67;105,89;22,70;68,38;Téléphone
CMD-104079;08-sept-25;16/09/2025;;CLI-0054;EMP-507;ENT-MTL;BD-1102;2;405,99;16,30;260,69;Portail web
CMD-103353;2025-06-06;11/06/2025;22/07/2025;CLI-0139;EMP-506;ENT-MTL;BD-1176;6;528,23;16,20;328,78;Portail web
CMD-102550;19/02/2025;21/02/2025;03/04/2025;CLI-0037 ;EMP-504;ENT-QC;BD-1029;18;309,46;21,00;243,45;Portail web
CMD-102401;16/01/2025;2025-01-24;12/03/2025;CLI-0127;EMP-503;ENT-MTL;BD-1079;4;224,61;14,80;147,87;Représentant
CMD-104175;2025-09-16;24/09/2025;16/11/2025;cli-0121;EMP-508;ENT-SAG;BD-1093;1;198,44;11,30;159,25;Courriel
CMD-102713;18/03/2025;2025-03-21;23/04/2025;CLI-0061;EMP-503;ENT-QC;BD-1175;4;148,69;12,40;96,85;Représentant
CMD-104997;10/12/2025;2025-12-16;;CLI-0160;EMP-508;ENT-MTL;BD-1073;12;421,65;6,30;307,22;Téléphone
CMD-104120;10/09/2025;18/09/2025;05-oct-25;CLI-0047;EMP-508;ENT-QC;BD-1038;4;463,55;16,00;319,94;Portail web
CMD-102674;2025-03-12;19/03/2025;03/05/2025;CLI-0093;EMP-508;ENT-QC;BD-1061;4;102,88;12,90;76,81;Téléphone
CMD-102529;2025-02-14;17/02/2025;20/04/2025;CLI-0099;EMP-505;ENT-MTL;BD-1157;22;39,86;23,90;25,21;Téléphone
CMD-102409;18/01/2025;25/01/2025;2025-03-22;CLI-0143;EMP-503;ENT-QC;BD-1180;4;157,18;17,00;95,30;Représentant
CMD-104769;07/11/2025;13/11/2025;08-déc-25;CLI-0055;EMP-506;ENT-QC;BD-1092;24;257,47;8,80;168,72;Courriel
CMD-103257;26/05/2025;31/05/2025;03-août-25;CLI-0111;EMP-507;ENT-MTL;BD-1024;3;319,40;4,40;189,35;Représentant
CMD-105017;13/12/2025;21/12/2025;;CLI-0012;EMP-501;ENT-QC;BD-1078;7;291,25;24,00;238,11;Courriel
CMD-105083;2025-12-24;27/12/2025;;CLI-0117;EMP-504;ENT-MTL;BD-1182;3;102,52;5,80;58,06;Portail web
CMD-103512;26/06/2025;29/06/2025;2025-09-09;CLI-0099;EMP-505;ENT-MTL;BD-1111;7;179,74;18,90;148,90;Téléphone
CMD-103719;29/07/2025;06-août-25;24/09/2025;CLI-0137;EMP-503;ENT-MTL;BD-1002;4;368,03;21,40;298,72;Téléphone
CMD-103859;15/08/2025;2025-08-24;15/10/2025;CLI-0033;EMP-504;ENT-MTL;BD-1129;4;62,22;13,50;46,45;Représentant
CMD-103928;22/08/2025;24/08/2025;23/09/2025;CLI-0200;EMP-509;ENT-SAG;BD-1047;1;92,53;13,20;71,53;Portail web
CMD-103345;04/06/2025;12-juin-25;20/07/2025;CLI-0051;EMP-509;ENT-QC;BD-1154;2;496,73;7,10;329,92;Téléphone
CMD-103369;2025-06-09;18/06/2025;02/08/2025;CLI-0080;EMP-506;ENT-MTL;BD-1023;3;335,72;11,10;244,32;Représentant
CMD-102717;19/03/2025;2025-03-28;27/04/2025;CLI-0053;EMP-509;ENT-QC;BD-1017;4;481,46;14,60;313,71;Représentant
CMD-102631;2025-03-06;15/03/2025;06/05/2025;CLI-0012;EMP-501;ENT-QC;BD-1107;24;179,70;18,40;150,54;Téléphone
CMD-103172;16/05/2025;24/05/2025;2025-06-21;CLI-0006;EMP-505;ENT-MTL;BD-1009;4;94,64;10,00;67,67;Téléphone
CMD-104165;2025-09-15;17/09/2025;09/11/2025;CLI-0026;EMP-506;ENT-QC;BD-1059;8;466,02;11,60;391,48;Représentant
CMD-104161;2025-09-15;18/09/2025;08/11/2025;CLI-0201;EMP-504;ENT-MTL;BD-1075;6;93,72;7,00;71,97;Portail web
CMD-104815;13/11/2025;2025-11-17;;CLI-0082;EMP-504;ENT-QC;BD-1019;4;287,14;4,60;205,07;Représentant
CMD-104189;17/09/2025;2025-09-26;14/11/2025;CLI-0060;EMP-508;ENT-SAG;BD-1039;4;193,13;2,40;122,17;Portail web
CMD-104244;22/09/2025;25/09/2025;2025-11-16;CLI-0158;EMP-507;ENT-QC;BD-1062;4;167,35;6,90;135,59; 
CMD-102721;19/03/2025;24-mars-25;20/05/2025;CLI-0212;EMP-507;ENT-QC;BD-1080;3;250,73;24,20;176,76;Téléphone
CMD-104890;22/11/2025;01/12/2025;;CLI-0074;EMP-507;ENT-QC;BD-1154;3;434,14;18,80;329,92;Représentant
CMD-102996;25/04/2025;2025-04-27;26/06/2025;CLI-0131;EMP-502;ENT-SAG;BD-1118;2;415,00;16,50;343,17;Représentant
CMD-104097;09/09/2025;17/09/2025;22/11/2025;CLI-0041;EMP-508;ENT-MTL;BD-1180;3;169,59;10,40;95,30;Courriel
CMD-103132;12-mai-25;21/05/2025;20/06/2025;CLI-0116;EMP-509;ENT-MTL;BD-1117;2;125,65;15,20;100,34;Représentant
CMD-104216;18/09/2025;26/09/2025;2025-10-14;CLI-0193;EMP-509;ENT-QC;BD-1045;6;112,18;14,40;78,37;Portail web
CMD-104846;18-nov-25;20/11/2025;;CLI-0139;EMP-506;ENT-QC;BD-1147;2;504,32;15,70;346,92;Téléphone
CMD-104269;2025-09-24;28/09/2025;02/11/2025;CLI-0076;EMP-507;ENT-MTL;BD-1063;3;289,98;21,30;247,24;Courriel
CMD-102657;11/03/2025;17/03/2025;2025-04-20;CLI-0128;EMP-502;ENT-MTL;BD-1047;24;95,52;10,40;71,53;Représentant
CMD-103235;23/05/2025;2025-05-26;25/06/2025;CLI-0012;EMP-501;ENT-MTL;BD-1123;6;177,97;18,20;132,28;Portail web
CMD-104929;27/11/2025;2025-12-02;;CLI-0063;EMP-503;ENT-QC;BD-1150;3;557,60;10,90;347,06;Téléphone
CMD-103196;19/05/2025;21/05/2025;23-juil-25;CLI-0009;EMP-502;ENT-MTL;BD-1126;13;163,78;19,10;133,03;Représentant
CMD-102842;04/04/2025;11/04/2025;27/05/2025;CLI-0090;EMP-505;ENT-MTL;BD-1059;6;468,90;11,10;331,76;Représentant
CMD-103042;30/04/2025;04/05/2025;17/06/2025;CLI-0181;EMP-504;ENT-MTL;BD-1160;8;73,78;6,30;41,56;Téléphone
CMD-104177;16/09/2025;20/09/2025;2025-10-24;CLI-0183;EMP-506;ENT-QC;BD-1048;3;47,96;6,30;33,51;Portail web
CMD-103713;2025-07-29;06/08/2025;22/09/2025;CLI-0173;EMP-508;ENT-QC;BD-1105;6;223,91;13,60;169,61;Représentant
CMD-105067;22/12/2025;2025-12-27;;CLI-0037;EMP-504;ENT-MTL;BD-1143;19;299,55;20,10;220,45;Courriel
CMD-103084;06/05/2025;2025-05-12;30/06/2025;CLI-0207;EMP-501;ENT-MTL;BD-1103;2;209,23;8,10;154,84;Courriel
CMD-102445;27/01/2025;03/02/2025;13/03/2025;CLI-0200;EMP-509;ENT-QC;BD-1016;3;365,53;11,60;224,02;Représentant
CMD-104976;04/12/2025;08/12/2025;;CLI-0009;EMP-502;ENT-MTL;BD-1155;40;408,31;24,60;329,15;Représentant
CMD-103368;09/06/2025;12/06/2025;09-juil-25;CLI-0056;EMP-502;ENT-MTL;BD-1064;6;96,78;22,70;70,89;Courriel
CMD-102616;04/03/2025;09/03/2025;2025-04-10;CLI-0106;EMP-501;ENT-MTL;BD-1065;6;216,45;13,20;131,52;Portail web
CMD-104857;19/11/2025;2025-11-23;;CLI-0212;EMP-507;ENT-QC;BD-1005;14;264,32;19,20;208,35;Courriel
CMD-104808;13/11/2025;20/11/2025;24/12/2025;CLI-0089;EMP-502;ENT-QC;BD-1090;19;71,62;25,30;69,37;Représentant
CMD-103527;27/06/2025;02-juil-25;30/07/2025;CLI-0063;EMP-503;ENT-SAG;BD-1100;6;477,38;11,00;369,19;Représentant
CMD-102493;06/02/2025;08-févr-25;11/04/2025;CLI-0209;EMP-508;ENT-SAG;BD-1137;35;35,06;18,10;25,59;Courriel
CMD-102663;11/03/2025;19-mars-25;19/04/2025;CLI-0029;EMP-506;ENT-MTL;BD-1064;6;99,24;20,80;70,89;Téléphone
CMD-102489;05-févr-25;07/02/2025;24/03/2025;CLI-0186;EMP-507;ENT-QC;BD-1086;8;134,03;2,70;82,42;Représentant
CMD-103885;18/08/2025;2025-08-22;28/09/2025;CLI-0041;EMP-508;ENT-MTL;BD-1138;12;126,01;14,50;88,19;Téléphone
CMD-103655;16/07/2025;21/07/2025;;CLI-0154;EMP-507;ENT-MTL;BD-1115;4;63,33;15,20;47,23;Représentant
CMD-104594;22/10/2025;27-oct-25;01/12/2025;CLI-0053;EMP-509;ENT-MTL;BD-1017;24;493,09;12,50;313,71;Portail web
CMD-104597;22/10/2025;26/10/2025;;CLI-0103;EMP-502;ENT-MTL;BD-1071;3;517,56;3,00;363,51;Portail web
CMD-103336;04/06/2025;06-juin-25;03/07/2025;CLI-0116;EMP-509;ENT-QC;BD-1012;2;108,24;11,10;69,62;Portail web
CMD-103836;13/08/2025;2025-08-17;;CLI-0144;EMP-502;ENT-MTL;BD-1010;12;145,29;10,90;88,91;Portail web
CMD-104577;20/10/2025;27-oct-25;28/11/2025;CLI-0185;EMP-508;ENT-QC;BD-1035;17;36,51;24,50;30,63;Salon
CMD-103294;29/05/2025;2025-06-03;13/07/2025;CLI-0051;EMP-509;ENT-MTL;BD-1171;12;144,94;8,40;85,46;Représentant
CMD-103990;29/08/2025;04/09/2025;2025-10-06;CLI-0100;EMP-505;ENT-MTL;BD-1177;2;377,23;7,50;215,66;Courriel
CMD-103104;08/05/2025;14/05/2025;;CLI-0037;EMP-504;ENT-MTL;BD-1113;12;339,25;20,60;281,81;Représentant
CMD-104601;22/10/2025;2025-10-28;31/12/2025;CLI-0074;EMP-507;ENT-QC;BD-1145;22;145,90;20,80;111,12;Représentant
CMD-104361;2025-10-01;09/10/2025;08/12/2025;CLI-0202;EMP-504;ENT-MTL;BD-1020;4;54,62;5,00;33,12;Téléphone
CMD-103995;01-sept-25;09/09/2025;16/10/2025;CLI-0076;EMP-507;ENT-QC;BD-1067;4;32,57;21,70;28,64;Représentant
CMD-102928;2025-04-17;24/04/2025;01/06/2025;CLI-0173;EMP-508;ENT-MTL;BD-1041;12;222,25;12,30;163,24;Téléphone
CMD-103754;04/08/2025;08/08/2025;02/10/2025;CLI-0079;EMP-509;ENT-QC;BD-1120;12;289,23;2,60;186,72;Représentant
CMD-102642;07/03/2025;10/03/2025;2025-04-05;CLI-0037;EMP-504;ENT-MTL;BD-1108;63;221,39;19,00;169,96;Téléphone
CMD-102646;10/03/2025;2025-03-14;21/04/2025;CLI-0005;EMP-503;ENT-SAG;BD-1123;6;209,80;3,50;132,28;Courriel
CMD-103167;15/05/2025;19-mai-25;29/06/2025;CLI-0143;EMP-503;ENT-QC;BD-1031;8;463,75;10,70;300,62;Téléphone
CMD-104143;12/09/2025;21/09/2025;2025-10-30;CLI-0076;EMP-507;ENT-MTL;BD-1105;7;208,22;19,60;169,61;Portail web
CMD-102737;21/03/2025;25/03/2025;29/05/2025;CLI-0134;EMP-509;ENT-MTL;BD-1153;12;184,67;8,00;116,00;Téléphone
CMD-103778;07/08/2025;14/08/2025;27/09/2025;CLI-0089;EMP-502;ENT-MTL;BD-1038;17;449,81;18,50;319,94;Représentant
CMD-104430;08/10/2025;2025-10-13;24/11/2025;CLI-0012;EMP-501;ENT-MTL;BD-1070;1;59,27;22,20;48,05;Portail web
CMD-104237;20/09/2025;23/09/2025;21-nov-25;CLI-0188;EMP-506;ENT-MTL;BD-1059;1;469,19;11,00;391,48;Portail web
CMD-103985;28/08/2025;06/09/2025;2025-10-08;CLI-0035;EMP-503;ENT-QC;BD-1168;3;338,73;15,30;229,43;Courriel
CMD-105072;23-déc-25;29/12/2025;;CLI-0147;EMP-506;ENT-QC;BD-1048;2;47,30;7,60;33,51;Représentant
CMD-103305;30-mai-25;06/06/2025;15/07/2025;CLI-0143;EMP-503;ENT-MTL;BD-1117;4;129,61;12,50;100,34;Représentant
CMD-104305;26/09/2025;28/09/2025;02/11/2025;CLI-0160;EMP-508;ENT-SAG;BD-1159;2;282,71;2,20;169,65;Courriel
CMD-104296;26/09/2025;2025-09-28;09/11/2025;CLI-0052;EMP-504;ENT-MTL;BD-1144;12;160,03;10,40;98,33;Représentant
CMD-103754;2025-08-04;08/08/2025;02/10/2025;CLI-0079;EMP-509;ENT-QC;BD-1155;2;528,01;2,60;329,15;Représentant
CMD-104714;31/10/2025;09/11/2025;;CLI-0075;EMP-506;ENT-QC;BD-1175;12;161,04;5,10;96,85;Représentant
CMD-103253;26/05/2025;01/06/2025;10-juil-25;CLI-0081;EMP-502;ENT-SAG;BD-1033;4;163,52;12,70;113,22;Courriel
CMD-105081;2025-12-23;26/12/2025;;CLI-0048;EMP-508;ENT-SAG;BD-1078;24;332,07;13,40;238,11;Téléphone
CMD-103354;06/06/2025;09/06/2025;2025-08-03;CLI-0139;EMP-506;ENT-MTL;BD-1039;4;169,22;14,50;122,17;Représentant
CMD-102935;17/04/2025;22-avr-25;24/05/2025;CLI-0046;EMP-508;ENT-SAG;BD-1042;1;417,81;5,30;267,02;Téléphone
CMD-104162;15/09/2025;17/09/2025;2025-10-23;CLI-0072;EMP-501;ENT-SAG;BD-1059;2;466,96;11,40;391,48;Téléphone
CMD-104283;25/09/2025;2025-10-03;06/11/2025;CLI-0045;EMP-502;ENT-SAG;BD-1100;24;460,22;14,20;369,19;Représentant
CMD-102493;06/02/2025;2025-02-08;11/04/2025;CLI-0209;EMP-508;ENT-SAG;BD-1159;6;236,63;18,10;169,65;Salon
CMD-104672;2025-10-28;06/11/2025;26/12/2025;CLI-0074;EMP-507;ENT-QC;BD-1080;17;251,32;24,00;208,57;Courriel
CMD-103728;31/07/2025;08/08/2025;08-sept-25;CLI-0059;EMP-504;ENT-QC;BD-1009;8;85,38;18,80;67,67;Représentant
CMD-104875;20/11/2025;2025-11-22;;CLI-0212;EMP-507;ENT-QC;BD-1161;14;110,65;18,10;64,16;Salon
CMD-102624;2025-03-05;10/03/2025;23/04/2025;CLI-0167;EMP-506;ENT-MTL;BD-1176;1;587,86;6,80;328,78;Courriel
CMD-104155;15/09/2025;2025-09-21;30/10/2025;CLI-0080;EMP-506;ENT-QC;BD-1137;2;36,42;14,90;25,59;Téléphone
CMD-102392;15/01/2025;24/01/2025;2025-03-01;CLI-0049;EMP-508;ENT-QC;BD-1137;12;35,75;16,50;25,59;Représentant
CMD-103284;28/05/2025;05-juin-25;27/07/2025;CLI-0147;EMP-506;ENT-MTL;BD-1138;3;137,35;6,80;88,19;Représentant
CMD-104632;25-oct-25;02/11/2025;26/12/2025;CLI-0047;EMP-508;ENT-QC;BD-1144;6;158,39;11,30;98,33;Représentant
CMD-103016;28/04/2025;30/04/2025;2025-06-11;CLI-0185;EMP-508;ENT-SAG;BD-1051;22;0,00;25,90;79,76;Courriel
CMD-103936;23/08/2025;28-août-25;08/10/2025;CLI-0026;EMP-506;ENT-MTL;BD-1044;6;283,59;12,20;199,55;Représentant
CMD-103905;2025-08-20;26/08/2025;;CLI-0099;EMP-505;ENT-MTL;BD-1150;50;484,65;22,60;347,06;Représentant
CMD-103647;2025-07-15;20/07/2025;19/09/2025;CLI-0219;EMP-505;ENT-QC;BD-1059;3;500,67;5,10;391,48;Portail web
CMD-102895;12-avr-25;18/04/2025;;CLI-0217;EMP-506;ENT-MTL;BD-1154;8;396,57;25,80;329,92;Représentant
CMD-104102;10/09/2025;12/09/2025;11-oct-25;CLI-0076;EMP-507;ENT-QC;BD-1047;6;80,43;24,50;71,53;Courriel
CMD-104719;2025-11-01;05/11/2025;24/12/2025;CLI-0144;EMP-502;ENT-SAG;BD-1090;8;85,95;10,30;69,37;Courriel
CMD-103488;23/06/2025;28/06/2025;2025-07-29;CLI-0164;EMP-509;ENT-QC;BD-1048;4;49,51;3,30;33,51;Téléphone
CMD-103819;2025-08-11;16/08/2025;02/10/2025;CLI-0193;EMP-509;ENT-QC;BD-1133;2;88,13;13,10;62,95;Représentant
CMD-104943;28/11/2025;2025-12-05;;CLI-0010;EMP-504;ENT-QC;BD-1101;1;100,10;7,70;75,83;Téléphone
CMD-102523;13/02/2025;18-févr-25;28/03/2025;CLI-0079;EMP-509;ENT-MTL;BD-1181;3;580,73;7,10;312,40;Représentant
CMD-102414;20/01/2025;27/01/2025;2025-03-06;CLI-0094;EMP-502;ENT-QC;BD-1166;8;390,39;6,00;217,35;Représentant
CMD-103443;17/06/2025;24/06/2025;2025-08-17;CLI-0183;EMP-506;ENT-QC;BD-1180;2;173,75;8,20;95,30;Téléphone
CMD-103968;27/08/2025;2025-09-02;05/09/2025;CLI-0128;EMP-502;ENT-QC;BD-1172;24;347,46;17,00;221,22;Portail web
CMD-102817;02-avr-25;07/04/2025;09/06/2025;CLI-0143;EMP-503;ENT-MTL;BD-1167;-1;308,45;16,90;209,73;Courriel
CMD-103123;2025-05-09;16/05/2025;18/06/2025;CLI-0162;EMP-508;ENT-QC;BD-1042;6;394,92;10,50;267,02;Portail web
CMD-104928;2025-11-27;01/12/2025;;CLI-0102 ;EMP-506;ENT-MTL;BD-1073;2;425,95;5,30;307,22;Portail web
CMD-104872;2025-11-20;25/11/2025;;CLI-0092;EMP-508;ENT-MTL;BD-1066;2;332,75;3,40;240,06;Représentant
CMD-102458;29/01/2025;31/01/2025;2025-03-28;CLI-0130;EMP-508;ENT-MTL;BD-1010;6;133,42;18,20;88,91;Représentant
CMD-102355;07/01/2025;13/01/2025;01-mars-25;CLI-0079;EMP-509;ENT-MTL;BD-1048;8;49,90;2,50;33,51;Représentant
CMD-103547;30-juin-25;02/07/2025;08/08/2025;CLI-0192;EMP-505;ENT-MTL;BD-1062;1;168,78;6,10;135,59;Représentant
CMD-104804;12-nov-25;19/11/2025;26/12/2025;CLI-0185;EMP-508;ENT-QC;BD-1092;37;223,31;20,90;168,72;Représentant
CMD-103118;09/05/2025;18/05/2025;2025-06-26;CLI-0115;EMP-509;ENT-MTL;BD-1029;6;352,03;10,20;243,45;Portail web
CMD-103984;2025-08-28;31/08/2025;15/10/2025;CLI-0099;EMP-505;ENT-MTL;BD-1175;15;134,47;20,80;96,85;Représentant
CMD-104617;2025-10-23;28/10/2025;26/12/2025;CLI-0193;EMP-509;ENT-QC;BD-1072;3;351,23;11,30;236,88;Représentant
CMD-104264;23/09/2025;25/09/2025;2025-11-18;CLI-0099;EMP-505;ENT-QC;BD-1056;25;375,03;23,70;293,14;Portail web
CMD-102820;02/04/2025;10-avr-25;16/05/2025;CLI-0031;EMP-509;ENT-SAG;BD-1150;3;556,73;11,00;347,06;Courriel
CMD-104915;26/11/2025;03-déc-25;;CLI-0118;EMP-504;ENT-MTL;BD-1093;4;185,75;17,00;159,25;Portail web
CMD-104420;07/10/2025;11/10/2025;2025-10-25;CLI-0076;EMP-507;ENT-QC;BD-1085;23;55,02;18,10;49,28;Portail web
CMD-102500;08/02/2025;2025-02-13;31/03/2025;CLI-0059;EMP-504;ENT-QC;BD-1025;8;191,51;18,10;149,35;Représentant
CMD-104367;02-oct-25;11/10/2025;13/11/2025;CLI-0054;EMP-507;ENT-QC;BD-1145;3;160,13;13,00;111,12;Courriel
CMD-103106;08-mai-25;13/05/2025;29/06/2025;CLI-0137;EMP-503;ENT-MTL;BD-1055;19;256,97;21,80;213,75;Portail web
CMD-103304;30/05/2025;05/06/2025;2025-08-25;CLI-0051;EMP-509;ENT-SAG;BD-1058;1;238,11;2,70;149,54;Représentant
CMD-105110;29/12/2025;2026-01-06;;CLI-0178;EMP-501;ENT-QC;BD-1086;2;133,84;2,80;97,25;Téléphone
CMD-104929;27/11/2025;02/12/2025;;CLI-0063;EMP-503;ENT-QC;BD-1060;4;352,59;10,90;291,44;Courriel
CMD-104937;28/11/2025;07-déc-25;;CLI-0180;EMP-509;ENT-QC;BD-1015;6;486,71;8,30;325,38;Représentant
CMD-103655;16/07/2025;21/07/2025;;CLI-0154;EMP-507;ENT-MTL;BD-1010;24;138,24;15,20;88,91;Portail web
CMD-104830;2025-11-17;26/11/2025;24/12/2025;CLI-0034;EMP-507;ENT-MTL;BD-1003;3;256,23;14,10;227,23;Représentant
CMD-103336;04/06/2025;2025-06-06;03/07/2025;CLI-0116;EMP-509;ENT-QC;BD-1153;3;178,40;11,10;116,00;Portail web
CMD-104207;18/09/2025;23/09/2025;2025-11-29;CLI-0076;EMP-507;ENT-MTL;BD-1170;3;26,16;25,60;16,95;Portail web
CMD-104224;19/09/2025;28/09/2025;03-nov-25;CLI-0099;EMP-505;ENT-QC;BD-1114;20;203,24;19,50;152,73;Portail web
CMD-102727;2025-03-20;29/03/2025;04/05/2025;CLI-0056;EMP-502;ENT-MTL;BD-1047;18;84,94;20,30;71,53;Représentant
CMD-103404;12/06/2025;18/06/2025;2025-08-06;CLI-0065;EMP-504;ENT-MTL;BD-1119;-1;88,40;3,70;59,67;Courriel
CMD-103293;2025-05-29;05/06/2025;29/07/2025;CLI-0029;EMP-506;ENT-QC;BD-1130;15;451,27;20,00;323,89;Portail web
CMD-102338;03/01/2025;09/01/2025;16/02/2025;CLI-0031;EMP-509;ENT-MTL;BD-1149;6;156,14;14,70;111,14;Représentant
CMD-103290;2025-05-28;01/06/2025;15/07/2025;CLI-0087 ;EMP-502;ENT-MTL;BD-1023;12;336,88;10,80;244,32;Représentant
CMD-102682;13/03/2025;17/03/2025;2025-05-18;CLI-0141;EMP-502;ENT-MTL;BD-1061;8;101,56;14,00;76,81;Portail web
CMD-103820;11/08/2025;16/08/2025;2025-10-16;CLI-0056;EMP-502;ENT-MTL;BD-1025;15;186,23;20,40;149,35;Portail web
CMD-103735;n/d;2025-08-03;26/09/2025;CLI-0006;EMP-505;ENT-MTL;BD-1050;2;436,32;13,40;297,82;Téléphone
CMD-102431;2025-01-23;27/01/2025;24/02/2025;CLI-0012;EMP-501;ENT-QC;BD-1145;6;147,87;19,70;111,12;Représentant
CMD-102384;14/01/2025;22/01/2025;2025-03-23;CLI-0203;EMP-503;ENT-QC;BD-1165;2;175,92;4,40;107,92;Représentant
CMD-103243;23/05/2025;28/05/2025;13-juil-25;CLI-0073;EMP-501;ENT-SAG;BD-1016;8;361,70;12,50;224,02;Représentant
CMD-103499;25/06/2025;2025-07-03;21/08/2025;CLI-0155;EMP-506;ENT-QC;BD-1112;1;99,51;13,40;67,02;Représentant
CMD-104175;16/09/2025;24/09/2025;2025-11-16;CLI-0121;EMP-508;ENT-SAG;BD-1039;4;175,54;11,30;122,17;Courriel
CMD-103300;29/05/2025;01/06/2025;2025-07-13;CLI-0132;EMP-507;ENT-QC;BD-1104;1;96,68;12,60;76,70;Représentant
CMD-103291;29/05/2025;04/06/2025;2025-07-30;CLI-0045;EMP-502;ENT-QC;BD-1115;12;64,22;14,00;47,23;Salon
CMD-102732;20/03/2025;23/03/2025;18-mai-25;CLI-0083;EMP-507;ENT-QC;BD-1131;24;64,22;4,20;37,08;Téléphone
CMD-103531;27/06/2025;30/06/2025;16/09/2025;CLI-0026;EMP-506;ENT-MTL;BD-1036;24;229,88;10,50;191,63;Téléphone
CMD-103121;09/05/2025;2025-05-15;04/07/2025;CLI-0121;EMP-508;ENT-QC;BD-1035;2;41,42;14,40;30,63;Représentant
CMD-104043;04/09/2025;2025-09-07;21/11/2025;CLI-0185;EMP-508;ENT-QC;BD-1041;3;195,94;22,70;163,24;Représentant
CMD-104287;2025-09-25;27/09/2025;24/11/2025;CLI-0012;EMP-501;ENT-SAG;BD-1055;7;257,30;21,70;213,75;Courriel
CMD-104921;27-nov-25;04/12/2025;;CLI-0147;EMP-506;ENT-MTL;BD-1068;3;521,93;7,40;342,49;Représentant
CMD-104422;07/10/2025;09/10/2025;2025-12-05;CLI-0185;EMP-508;ENT-QC;BD-1152;3;364,38;24,20;271,40;Représentant
CMD-102665;12/03/2025;19/03/2025;2025-04-24;CLI-0059;EMP-504;ENT-SAG;BD-1031;32;415,61;20,00;300,62;Représentant
CMD-104490;13/10/2025;2025-10-22;20/11/2025;CLI-0057;EMP-507;ENT-QC;BD-1001;2;284,75;15,10;219,63;Courriel
CMD-103221;22/05/2025;27/05/2025;28/07/2025;CLI-0195;EMP-506;ENT-MTL;BD-1002;4;403,45;13,90;298,72;Portail web
CMD-104121;2025-09-11;15/09/2025;11/11/2025;CLI-0054;EMP-507;ENT-QC;BD-1081;3;514,98;13,20;364,83;Représentant
CMD-102454;28/01/2025;2025-02-02;12/03/2025;CLI-0023;EMP-505;ENT-MTL;BD-1146;12;365,35;2,70;225,52;Représentant
CMD-104187;17/09/2025;2025-09-24;23/11/2025;CLI-0076;EMP-507;ENT-MTL;BD-1047;6;82,16;22,90;71,53;Salon
CMD-102545;18/02/2025;23/02/2025;29/04/2025;CLI-0012;EMP-501;ENT-QC;BD-1014;9;33,70;24,60;27,18;Téléphone
CMD-104523;2025-10-15;23/10/2025;20/11/2025;CLI-0185;EMP-508;ENT-QC;BD-1133;18;78,95;22,10;62,95;Portail web
CMD-103873;16-août-25;18/08/2025;09/10/2025;CLI-0031;EMP-509;ENT-MTL;BD-1179;24;380,24;11,90;231,35;Courriel
CMD-103341;04/06/2025;2025-06-07;03/07/2025;CLI-0099;EMP-505;ENT-QC;BD-1119;27;70,51;23,20;59,67;Portail web
CMD-103755;04/08/2025;07/08/2025;2025-10-29;CLI-0153;EMP-507;ENT-QC;BD-1004;2;244,25;10,90;158,83;Portail web
CMD-102613;2025-03-04;10/03/2025;09/05/2025;CLI-0011;EMP-507;ENT-SAG;BD-1172;2;407,43;2,70;221,22;Représentant
CMD-103302;30/05/2025;08/06/2025;19/07/2025;CLI-0059;EMP-504;ENT-QC;BD-1020;5;45,88;20,20;33,12;Portail web
CMD-104449;09/10/2025;17/10/2025;21/11/2025;CLI-0187;EMP-507;ENT-MTL;BD-1139;4;299,04;16,60;203,11;Représentant
CMD-105111;2025-12-29;07/01/2026;;CLI-0015;EMP-509;ENT-QC;BD-1161;6;124,05;8,10;64,16;Téléphone
CMD-103402;2025-06-12;21/06/2025;25/07/2025;CLI-0076;EMP-507;ENT-SAG;BD-1110;12;230,28;18,90;182,67;Téléphone
CMD-105017;13/12/2025;21/12/2025;;CLI-0012;EMP-501;ENT-QC;BD-1131;38;50,93;24,00;37,08;Téléphone
CMD-103319;02/06/2025;08/06/2025;2025-07-19;CLI-0200;EMP-509;ENT-MTL;BD-1144;6;149,76;16,10;98,33;Portail web
CMD-104727;03/11/2025;06-nov-25;02/12/2025;CLI-0090;EMP-505;ENT-MTL;BD-1143;24;324,94;13,40;220,45;Téléphone
CMD-104659;28/10/2025;03-nov-25;;CLI-0056;EMP-502;ENT-QC;BD-1098;11;360,82;18,20;309,76;Représentant
CMD-104731;2025-11-04;10/11/2025;20/12/2025;CLI-0137;EMP-503;ENT-MTL;BD-1089;62;238,57;24,60;189,92;Téléphone
CMD-104686;30/10/2025;01/11/2025;;CLI-0183;EMP-506;ENT-MTL;BD-1080;12;312,85;5,40;208,57;Portail web
CMD-103090;06/05/2025;2025-05-10;18/06/2025;CLI-0059;EMP-504;ENT-MTL;BD-1118;5;405,34;18,50;343,17;Représentant
CMD-104639;27/10/2025;2025-10-31;15/12/2025;CLI-0086;EMP-502;ENT-QC;BD-1054;4;446,52;4,20;262,94;Téléphone
CMD-102343;04/01/2025;12/01/2025;2025-02-04;CLI-0041;EMP-508;ENT-MTL;BD-1070;1;64,80;14,90;40,72;Représentant
CMD-103824;12/08/2025;18/08/2025;2025-09-11;CLI-0166;EMP-503;ENT-QC;BD-1090;24;80,24;16,30;69,37;Portail web
CMD-104486;13/10/2025;17/10/2025;2025-12-03;CLI-0090;EMP-505;ENT-QC;BD-1027;2;403,15;12,00;254,96;Représentant
CMD-103545;30/06/2025;04-juil-25;31/08/2025;CLI-0072;EMP-501;ENT-MTL;BD-1052;1;268,02;12,70;183,03;Représentant
CMD-104422;07/10/2025;2025-10-09;05/12/2025;CLI-0185;EMP-508;ENT-QC;BD-1056;26;372,61;24,20;293,14;Portail web
CMD-104062;2025-09-05;10/09/2025;21/10/2025;CLI-0206;EMP-503;ENT-MTL;BD-1073;6;384,33;14,50;307,22;Portail web
CMD-104346;30/09/2025;2025-10-07;26/11/2025;CLI-0209;EMP-508;ENT-SAG;BD-1049;6;40,89;25,20;31,22;Téléphone
CMD-103912;20/08/2025;2025-08-28;13/10/2025;CLI-0128;EMP-502;ENT-MTL;BD-1029;6;346,33;11,60;243,45;Représentant
CMD-104439;08/10/2025;2025-10-12;22/12/2025;CLI-0012;EMP-501;ENT-MTL;BD-1127;10;235,14;21,90;174,31;Portail web
CMD-102810;01/04/2025;07/04/2025;2025-05-30;CLI-0057;EMP-507;ENT-SAG;BD-1061;8;102,79;13,00;76,81;Portail web
CMD-102834;03/04/2025;11/04/2025;2025-05-09;CLI-0049;EMP-508;ENT-SAG;BD-1137;3;36,31;15,20;25,59;Portail web
CMD-102938;2025-04-17;26/04/2025;05/06/2025;CLI-0081;EMP-502;ENT-MTL;BD-1051;12;111,73;13,80;79,76;Représentant
CMD-102742;22/03/2025;2025-03-25;05/05/2025;CLI-0201;EMP-504;ENT-QC;BD-1160;4;75,61;4,00;41,56;Portail web
CMD-102383;2025-01-14;23/01/2025;09/03/2025;CLI-0091;EMP-504;ENT-MTL;BD-1145;6;171,32;7,00;111,12;Représentant
CMD-103505;2025-06-25;27/06/2025;03/09/2025;CLI-0153;EMP-507;ENT-QC;BD-9634;8;213,55;15,80;163,24;Salon
CMD-104986;05/12/2025;2025-12-14;;CLI-0034;EMP-507;ENT-QC;BD-1086;2;115,87;15,90;97,25;Téléphone
CMD-104906;2025-11-25;30/11/2025;;CLI-0217;EMP-506;ENT-MTL;BD-1023;10;292,32;22,60;244,32;Portail web
CMD-103622;10-juil-25;19/07/2025;04/09/2025;CLI-0050;EMP-502;ENT-MTL;BD-1046;3;419,91;12,00;372,17;Représentant
CMD-105001;11/12/2025;15/12/2025;;CLI-0198;EMP-504;ENT-QC;BD-1152;8;461,79;4,00;271,40;Représentant
CMD-104117;10/09/2025;2025-09-16;31/10/2025;CLI-0059;EMP-504;ENT-SAG;BD-1056;4;368,59;25,10;293,14;Téléphone
CMD-104912;26/11/2025;05/12/2025;;CLI-0056;EMP-502;ENT-SAG;BD-1102;8;388,52;19,90;260,69;Portail web
CMD-104603;22/10/2025;2025-10-25;06/12/2025;CLI-0005;EMP-503;ENT-SAG;BD-1015;12;499,38;6,00;325,38;Représentant
CMD-105119;2025-12-30;07/01/2026;;CLI-0118;EMP-504;ENT-MTL;BD-1151;4;135,09;15,00;92,25;Représentant
CMD-104966;03/12/2025;06-déc-25;;CLI-0137;EMP-503;ENT-MTL;BD-1162;16;107,43;21,60;68,38;Représentant
CMD-102978;23/04/2025;2025-04-26;11/06/2025;CLI-0031;EMP-509;ENT-QC;BD-1025;6;194,90;16,60;149,35;Représentant
CMD-103774;06/08/2025;14/08/2025;01/10/2025;CLI-0208;EMP-507;ENT-MTL;BD-1132;8;174,64;12,10;128,45;Téléphone
CMD-104761;06/11/2025;15/11/2025;;CLI-0188;EMP-506;ENT-QC;BD-1071;4;466,10;12,70;363,51;Portail web
CMD-103266;27/05/2025;2025-05-30;25/07/2025;CLI-0038;EMP-507;ENT-MTL;BD-1031;4;458,75;11,70;300,62;Courriel
CMD-102617;04/03/2025;09/03/2025;2025-04-22;CLI-0056;EMP-502;ENT-QC;BD-1165;6;145,92;20,70;107,92;Représentant
CMD-104772;08/11/2025;17/11/2025;2025-12-22;CLI-0006;EMP-505;ENT-MTL;BD-1143;2;334,35;10,90;220,45;Portail web
CMD-103359;06/06/2025;08/06/2025;19/08/2025;CLI-0154;EMP-507;ENT-MTL;BD-1024;3;292,43;12,50;189,35;Représentant
CMD-102354;07/01/2025;14/01/2025;2025-02-17;CLI-0211;EMP-504;ENT-MTL;BD-1137;6;36,58;14,60;25,59;Représentant
CMD-103925;21/08/2025;26-août-25;23/09/2025;CLI-0125;EMP-509;ENT-QC;BD-1147;2;581,35;2,80;346,92;Courriel
CMD-103252;26/05/2025;29/05/2025;06/07/2025;CLI-0008;EMP-506;ENT-SAG;BD-1060;8;381,32;3,70;291,44;Représentant
CMD-102446;27/01/2025;2025-02-04;;CLI-0076;EMP-507;ENT-SAG;BD-1130;5;442,56;21,60;323,89;Représentant
CMD-103487;23/06/2025;29/06/2025;19/08/2025;CLI-0209;EMP-508;ENT-QC;BD-1040;19;336,97;23,50;274,41;Téléphone
CMD-104454;09/10/2025;2025-10-13;04/11/2025;CLI-0194;EMP-506;ENT-SAG;BD-1080;6;312,25;5,60;208,57;Représentant
CMD-104783;10/11/2025;14/11/2025;;CLI-0167;EMP-506;ENT-SAG;BD-1086;3;130,84;5,00;97,25;Représentant
CMD-104371;02-oct-25;08/10/2025;;CLI-0056;EMP-502;ENT-MTL;BD-1066;5;260,68;24,30;240,06;Portail web
CMD-103869;2025-08-16;22/08/2025;21/09/2025;CLI-0111;EMP-507;ENT-QC;BD-1128;1;137,93;4,80;78,87;Téléphone
CMD-103401;12/06/2025;19/06/2025;20/07/2025;CLI-0209;EMP-508;ENT-QC;BD-1048;11;38,05;25,70;33,51;Téléphone
CMD-102560;20/02/2025;27/02/2025;2025-04-11;CLI-0217;EMP-506;ENT-QC;BD-1001;3;266,00;20,60;186,13;Représentant
CMD-104199;17/09/2025;26/09/2025;2025-11-04;CLI-0004;EMP-505;ENT-MTL;BD-1064;2;118,13;5,70;70,89;Portail web
CMD-103519;26/06/2025;29/06/2025;05/08/2025;CLI-0080;EMP-506;ENT-SAG;BD-1051;4;112,22;13,50;79,76;Téléphone
CMD-104213;18/09/2025;2025-09-23;04/11/2025;CLI-0009;EMP-502;ENT-QC;BD-1088;6;480,31;23,70;404,63;Représentant
CMD-104568;17/10/2025;2025-10-23;09/12/2025;CLI-0041;EMP-508;ENT-MTL;BD-1161;2;112,99;16,30;64,16;Représentant
CMD-103574;03/07/2025;09/07/2025;08-août-25;CLI-0130;EMP-508;ENT-QC;BD-1085;7;51,29;23,70;49,28;Portail web
CMD-104201;2025-09-18;21/09/2025;21/11/2025;CLI-0036;EMP-505;ENT-QC;BD-1091;12;483,11;14,90;336,22;Représentant
CMD-104135;2025-09-12;15/09/2025;24/10/2025;CLI-0191;EMP-504;ENT-MTL;BD-1114;6;215,87;14,50;152,73;Portail web
CMD-103991;2025-08-30;02/09/2025;09/10/2025;CLI-0209;EMP-508;ENT-QC;BD-1060;13;298,87;24,50;291,44;Portail web
CMD-102683;13/03/2025;2025-03-21;27/04/2025;CLI-0062;EMP-507;ENT-SAG;BD-1041;8;213,41;15,80;163,24;Portail web
CMD-104584;21/10/2025;2025-10-28;17/11/2025;CLI-0026;EMP-506;ENT-QC;BD-1066;6;290,46;15,70;240,06;Représentant
CMD-103252;26/05/2025;29/05/2025;2025-07-06;CLI-0008;EMP-506;ENT-SAG;BD-1013;8;497,38;3,70;315,34;Représentant
CMD-102967;21-avr-25;27/04/2025;07/06/2025;CLI-0012;EMP-501;ENT-QC;BD-1035;22;38,62;20,20;30,63;Téléphone
CMD-102717;19/03/2025;28-mars-25;27/04/2025;CLI-0053 ;EMP-509;ENT-QC;BD-1117;3;126,53;14,60;100,34;Représentant
CMD-103086;2025-05-06;08/05/2025;30/06/2025;CLI-0136;EMP-507;ENT-SAG;BD-1126;8;172,18;14,90;133,03;Téléphone
CMD-103604;08/07/2025;11/07/2025;13-août-25;CLI-0062;EMP-507;ENT-QC;BD-1064;3;107,13;14,50;70,89;Représentant
CMD-103509;26/06/2025;05/07/2025;2025-07-26;CLI-0037;EMP-504;ENT-MTL;BD-1058;9;189,60;22,60;149,54;Téléphone
CMD-104757;06-nov-25;08/11/2025;27/12/2025;CLI-0181;EMP-504;ENT-SAG;BD-1082;2;462,67;2,60;335,40;Représentant
CMD-103160;14/05/2025;21/05/2025;12/06/2025;CLI-0034;EMP-507;ENT-MTL;BD-1028;6;209,82;11,30;143,73;Portail web
CMD-104487;13/10/2025;20/10/2025;2025-11-19;CLI-0088;EMP-504;ENT-QC;BD-1081;3;520,39;12,30;364,83;Portail web
CMD-102979;23-avr-25;30/04/2025;09/07/2025;CLI-0076;EMP-507;ENT-QC;BD-1045;16;99,20;24,30;78,37;Représentant
CMD-103798;08/08/2025;16/08/2025;02/10/2025;CLI-0208;EMP-507;ENT-MTL;BD-1087;1;337,27;12,60;215,66;Téléphone
CMD-104389;2025-10-03;05/10/2025;02/12/2025;CLI-0166;EMP-503;ENT-SAG;BD-1093;6;186,93;16,50;159,25;Portail web
CMD-102625;2025-03-05;14/03/2025;21/04/2025;CLI-0076;EMP-507;ENT-SAG;BD-1079;25;203,28;22,90;147,87;Représentant
CMD-103003;25/04/2025;30/04/2025;01-juil-25;CLI-0017;EMP-507;ENT-MTL;BD-1044;6;271,82;15,90;199,55;Représentant
CMD-105124;31/12/2025;2026-01-02;;CLI-0154;EMP-507;ENT-QC;BD-1100;6;472,80;11,90;369,19;Représentant
CMD-102963;2025-04-21;25/04/2025;24/05/2025;CLI-0023;EMP-505;ENT-MTL;BD-1053;3;306,34;6,40;180,55;Courriel
CMD-105066;22/12/2025;26/12/2025;;CLI-0131;EMP-502;ENT-MTL;BD-1156;6;262,18;13,20;164,64;Représentant
CMD-104577;20/10/2025;2025-10-27;28/11/2025;CLI-0185;EMP-508;ENT-QC;BD-1144;25;134,72;24,50;98,33;Représentant
CMD-104476;11/10/2025;16-oct-25;07/11/2025;CLI-0099;EMP-505;ENT-SAG;BD-1129;19;58,70;18,40;46,45;Représentant
CMD-104193;17-sept-25;25/09/2025;25/11/2025;CLI-0034;EMP-507;ENT-SAG;BD-1096;1;256,71;13,30;205,70;Représentant
CMD-103946;25/08/2025;31-août-25;20/10/2025;CLI-0217;EMP-506;ENT-SAG;BD-1033;36;150,18;19,90;113,22;Téléphone
CMD-102685;2025-03-13;15/03/2025;20/05/2025;CLI-0022;EMP-506;ENT-QC;BD-1109;2;433,34;5,80;310,20;Portail web
CMD-102811;2025-04-01;08/04/2025;06/06/2025;CLI-0076;EMP-507;ENT-MTL;BD-1059;12;423,82;19,60;331,76;Représentant
CMD-104703;31/10/2025;02/11/2025;2025-12-20;  CLI-0048;EMP-508;ENT-MTL;BD-1057;3;25,80;13,60;23,20;Portail web
CMD-104550;16/10/2025;2025-10-21;08/12/2025;CLI-0137;EMP-503;ENT-MTL;BD-1076;6;421,87;24,80;338,68;Téléphone
CMD-103686;22/07/2025;24/07/2025;2025-09-16;CLI-0017;EMP-507;ENT-SAG;BD-9408;8;25,11;15,80;23,20;Portail web
CMD-102839;2025-04-04;11/04/2025;08/06/2025;CLI-0074;EMP-507;ENT-SAG;BD-1151;9;129,66;18,40;92,25;Courriel
CMD-104413;07/10/2025;10-oct-25;03/12/2025;CLI-0131;EMP-502;ENT-MTL;BD-1087;4;339,78;11,90;215,66;Téléphone
CMD-103572;03/07/2025;11/07/2025;18/08/2025;CLI-0076;EMP-507;ENT-MTL;BD-1037;8;22,36;25,30;16,65;Représentant
CMD-104412;07/10/2025;13/10/2025;2025-12-04;CLI-0109;EMP-501;ENT-MTL;BD-1065;2;232,64;6,70;155,19;Téléphone
CMD-104225;19/09/2025;28-sept-25;27/10/2025;CLI-0009;EMP-502;ENT-MTL;BD-1079;49;207,89;21,20;147,87;Représentant
CMD-102555;2025-02-19;21/02/2025;01/04/2025;CLI-0055;EMP-506;ENT-SAG;BD-1161;3;130,28;3,50;64,16;Représentant
CMD-103420;13/06/2025;19/06/2025;21/07/2025;CLI-0012;EMP-501;ENT-SAG;BD-1117;19;118,90;19,80;100,34;Représentant
CMD-102628;05/03/2025;08/03/2025;2025-04-23;CLI-0187;EMP-507;ENT-MTL;BD-1162;2;119,59;12,70;68,38;Téléphone
CMD-103008;26/04/2025;03/05/2025;2025-06-27;CLI-0118;EMP-504;ENT-SAG;BD-1063;6;318,15;13,60;247,24;Téléphone
CMD-104494;13/10/2025;17/10/2025;2025-11-26;CLI-0041;EMP-508;ENT-QC;BD-1073;12;402,25;10,60;307,22;Représentant
CMD-103054;2025-05-01;08/05/2025;26/06/2025;CLI-0137;EMP-503;ENT-MTL;BD-1048;5;38,50;24,80;33,51;Représentant
CMD-103957;26/08/2025;28/08/2025;2025-10-14;CLI-0001;EMP-508;ENT-SAG;BD-1118;3;476,60;4,10;343,17;Téléphone
CMD-102868;08/04/2025;12-avr-25;07/06/2025;CLI-0191;EMP-504;ENT-SAG;BD-1174;3;259,96;11,90;169,01;Représentant
CMD-103273;27-mai-25;02/06/2025;18/07/2025;CLI-0210;EMP-503;ENT-MTL;BD-1014;3;42,21;5,60;27,18;Portail web
CMD-103848;14/08/2025;19/08/2025;2025-10-11;CLI-0080;EMP-506;ENT-MTL;BD-1060;1;340,00;14,10;291,44;Portail web
CMD-104178;2025-09-16;24/09/2025;06/12/2025;CLI-0063;EMP-503;ENT-SAG;BD-1067;3;36,70;11,80;28,64;Téléphone
CMD-102377;13/01/2025;17/01/2025;13-févr-25;CLI-0209;EMP-508;ENT-QC;BD-1080;6;250,55;24,20;176,76;Représentant
CMD-104750;05/11/2025;12/11/2025;28-déc-25;CLI-0025;EMP-509;ENT-MTL;BD-1043;4;468,32;11,30;300,28;Téléphone
CMD-104455;09-oct-25;17/10/2025;28/11/2025;CLI-0066;EMP-507;ENT-MTL;BD-1142;6;142,30;12,70;100,93;Représentant
CMD-102698;14/03/2025;21/03/2025;24/05/2025;CLI-0053;EMP-509;ENT-MTL;BD-1171;24;132070,00;16,60;85,46;Représentant
CMD-104647;27/10/2025;2025-11-05;09/12/2025;CLI-0136;EMP-507;ENT-MTL;BD-1008;24;202,60;13,40;155,34;Courriel
CMD-104435;08/10/2025;10/10/2025;16-nov-25;CLI-0061;EMP-503;ENT-SAG;BD-1153;6;175,96;12,30;116,00;Téléphone
CMD-102355;07-janv-25;13/01/2025;01/03/2025;CLI-0079;EMP-509;ENT-MTL;BD-1144;6;173,98;2,50;98,33;Représentant
CMD-102782;2025-03-28;05/04/2025;22/05/2025;CLI-0116;EMP-509;ENT-MTL;BD-1146;2;332,30;11,50;225,52;Représentant
CMD-103849;14/08/2025;18-août-25;07/09/2025;CLI-0059;EMP-504;ENT-QC;BD-1149;14;149,86;18,20;111,14;Représentant
CMD-105013;2025-12-12;20/12/2025;;CLI-0036;EMP-505;ENT-QC;BD-1147;3;536,69;10,30;346,92;Représentant
CMD-103242;;31/05/2025;2025-07-24;CLI-0003;EMP-508;ENT-MTL;BD-1052;2;298,76;2,70;183,03;Téléphone
CMD-102732;20/03/2025;2025-03-23;18/05/2025;CLI-0083;EMP-507;ENT-QC;BD-1158;8;334,81;4,20;184,61;Portail web
CMD-102523;13-févr-25;18/02/2025;28/03/2025;CLI-0079;EMP-509;ENT-MTL;BD-1079;4;245,09;7,10;147,87;Portail web
CMD-103332;2025-06-03;05/06/2025;30/07/2025;CLI-0137;EMP-503;ENT-MTL;BD-1053;13;254,82;22,10;180,55;Représentant
CMD-104388;03/10/2025;2025-10-09;22/11/2025;CLI-0074;EMP-507;ENT-SAG;BD-1146;25;288,46;23,20;225,52;Téléphone
CMD-103836;13/08/2025;17/08/2025;;CLI-0144;EMP-502;ENT-MTL;BD-1086;1;122,78;10,90;97,25;Représentant
CMD-102628;05/03/2025;08/03/2025;2025-04-23;CLI-0187;EMP-507;ENT-MTL;BD-1027;2;399,72;12,70;254,96;Portail web
CMD-102788;28-mars-25;01/04/2025;19/05/2025;CLI-0037;EMP-504;ENT-SAG;BD-1079;-6;208,11;21,10;147,87;Représentant
CMD-102473;01-févr-25;09/02/2025;;CLI-0071;EMP-503;ENT-QC;BD-1121;12;71,16;8,60;44,65;Représentant
CMD-103933;22-août-25;31/08/2025;27/10/2025;CLI-0137;EMP-503;ENT-QC;BD-1037;9;23,14;22,70;16,65;Représentant
CMD-102659;2025-03-11;19/03/2025;19/05/2025;CLI-0021;EMP-501;ENT-MTL;BD-1180;6;174,69;7,70;95,30;Portail web
CMD-103635;2025-07-14;16/07/2025;27/08/2025;CLI-0115;EMP-509;ENT-SAG;BD-1122;6;303,99;10,90;212,67;Représentant
CMD-104912;26/11/2025;05/12/2025;;CLI-0056;EMP-502;ENT-SAG;BD-1076;9;449,62;19,90;338,68;Portail web
CMD-105106;26/12/2025;31-déc-25;;CLI-0076;EMP-507;ENT-MTL;BD-1139;15;269,01;25,00;203,11;Portail web
CMD-104561;17/10/2025;25/10/2025;2025-11-29;CLI-0192;EMP-505;ENT-MTL;BD-1090;6;91,19;4,90;69,37;Représentant
CMD-103257;26/05/2025;31/05/2025;2025-08-03;CLI-0111;EMP-507;ENT-MTL;BD-1090;4;91,62;4,40;69,37;Téléphone
CMD-103751;04/08/2025;12/08/2025;02-oct-25;CLI-0096;EMP-504;ENT-SAG;BD-1164;12;190,67;2,20;100,45;Portail web
CMD-102791;28/03/2025;2025-04-03;11/06/2025;CLI-0210;EMP-503;ENT-QC;BD-1142;3;151,29;7,20;100,93;Téléphone
CMD-102886;11/04/2025;15/04/2025;2025-06-07;CLI-0124;EMP-509;ENT-MTL;BD-1038;6;511,63;7,30;319,94;Représentant
CMD-102523;13/02/2025;2025-02-18;28/03/2025;CLI-0079;EMP-509;ENT-MTL;BD-1043;8;490,53;7,10;300,28;Courriel
CMD-102639;07/03/2025;11/03/2025;01-mai-25;CLI-0143;EMP-503;ENT-MTL;BD-1111;4;185,01;16,50;148,90;Représentant
CMD-103837;13/08/2025;22-août-25;11/09/2025;CLI-0036;EMP-505;ENT-QC;BD-1028;4;212,52;10,10;143,73;Représentant
CMD-102349;07/01/2025;14/01/2025;2025-02-16;CLI-0048;EMP-508;ENT-MTL;BD-1142;24;143,90;11,80;100,93;Représentant
CMD-102650;10/03/2025;15/03/2025;22/05/2025;CLI-0139;EMP-506;ENT-QC;BD-1045;6;116,59;11,00;78,37;Représentant
CMD-102399;2025-01-16;22/01/2025;01/03/2025;CLI-0157;EMP-502;ENT-MTL;BD-1181;4;554,70;11,20;312,40;Représentant
CMD-102369;2025-01-09;15/01/2025;20/02/2025;CLI-0045;EMP-502;ENT-MTL;BD-1167;3;329,72;11,20;209,73;Portail web
CMD-104163;2025-09-15;17/09/2025;10/11/2025;CLI-0089;EMP-502;ENT-SAG;BD-1057;6;23,01;22,90;23,20;Téléphone
CMD-103262;27/05/2025;02/06/2025;05/07/2025;CLI-0179;EMP-509;ENT-QC;BD-1167;6;350,58;5,60;209,73;Représentant
CMD-103721;30/07/2025;05/08/2025;2025-10-05;CLI-0212;EMP-507;ENT-MTL;BD-1015;2;428,27;19,40;325,38;Courriel
CMD-105008;12-déc-25;16/12/2025;;CLI-0099;EMP-505;ENT-MTL;BD-1142;13;130,06;20,20;100,93;
CMD-102457;29/01/2025;31-janv-25;16/04/2025;CLI-0052;EMP-504;ENT-MTL;BD-1109;4;385,88;16,10;310,20;Portail web
CMD-102835;03/04/2025;2025-04-11;20/05/2025;CLI-0162;EMP-508;ENT-QC;BD-1009;4;89,34;15,00;67,67;Téléphone
CMD-103250;24/05/2025;2025-06-02;31/07/2025;CLI-0185;EMP-508;ENT-SAG;BD-1035;6;36,28;25,00;30,63;Représentant
CMD-104093;09/09/2025;16/09/2025;2025-11-03;CLI-0185;EMP-508;ENT-SAG;BD-1070;4;60,32;20,80;48,05; 
CMD-105052;18/12/2025;22/12/2025;;CLI-0099;EMP-505;ENT-MTL;BD-1153;5;156,53;22,00;116,00;Représentant
CMD-103282;28/05/2025;01/06/2025;;CLI-0033;EMP-504;ENT-MTL;BD-1019;3;253,95;15,60;205,07;Représentant
CMD-102774;2025-03-27;05/04/2025;19/05/2025;CLI-0217;EMP-506;ENT-SAG;BD-1110;3;221,47;22,00;182,67;Représentant
CMD-104790;11/11/2025;20/11/2025;2025-12-26;CLI-0218;EMP-503;ENT-QC;BD-1052;4;288,34;6,10;183,03;Courriel
CMD-103580;04/07/2025;2025-07-11;02/08/2025;CLI-0138;EMP-506;ENT-MTL;BD-1144;6;166,02;7,00;98,33;Téléphone
CMD-102626;05/03/2025;2025-03-09;30/04/2025;CLI-0212;EMP-507;ENT-QC;BD-1135;12;57,91;21,00;40,73;Représentant
CMD-104089;2025-09-09;13/09/2025;29/10/2025;CLI-0191;EMP-504;ENT-QC;BD-1091;1;484,04;14,80;336,22;Téléphone
CMD-103524;2025-06-27;06/07/2025;03/09/2025;CLI-0220;EMP-506;ENT-MTL;BD-1035;6;43,46;10,20;30,63;Représentant
CMD-104309;26/09/2025;2025-10-03;14/11/2025;CLI-0050;EMP-502;ENT-MTL;BD-1165;8;153,91;16,40;107,92;Représentant
CMD-105124;31/12/2025;02-janv-26;;CLI-0154;EMP-507;ENT-QC;BD-1107;3;194,10;11,90;150,54;Courriel
CMD-102613;04/03/2025;10/03/2025;2025-05-09;CLI-0011;EMP-507;ENT-SAG;BD-1166;4;404,40;2,70;217,35;Téléphone
CMD-102711;2025-03-18;23/03/2025;03/05/2025;CLI-0176;EMP-503;ENT-SAG;BD-1160;2;74,74;5,10;41,56;Représentant
CMD-104278;24/09/2025;01-oct-25;26/11/2025;CLI-0055;EMP-506;ENT-QC;BD-1149;8;179,32;2,10;111,14;Téléphone
CMD-103240;23/05/2025;2025-06-01;30/06/2025;CLI-0056;EMP-502;ENT-MTL;BD-1036;5;197,40;23,10;191,63;Représentant
CMD-104236;20-sept-25;27/09/2025;;CLI-0209;EMP-508;ENT-QC;BD-1061;24;90,62;23,30;76,81;Téléphone
CMD-104807;2025-11-12;20/11/2025;22/12/2025;CLI-0016;EMP-505;ENT-QC;BD-1015;2;498,48;6,10;325,38;Représentant
CMD-104211;18/09/2025;20-sept-25;08/11/2025;CLI-0138;EMP-506;ENT-SAG;BD-1074;8;182,77;5,90;130,44;Représentant
CMD-104052;04/09/2025;11-sept-25;28/10/2025;CLI-0035;EMP-503;ENT-MTL;BD-1074;12;163,95;15,60;130,44;Représentant
CMD-103719;29/07/2025;2025-08-06;24/09/2025;CLI-0137;EMP-503;ENT-MTL;BD-1120;6;233,17;21,40;186,72;Portail web
CMD-104711;31/10/2025;09/11/2025;17/12/2025;CLI-0158;EMP-507;ENT-MTL;BD-1092;6;257,40;8,80;168,72;Représentant
CMD-102816;02/04/2025;04/04/2025;06-juin-25;CLI-0035;EMP-503;ENT-SAG;BD-1121;4;64,85;16,70;44,65;Représentant
CMD-104912;26/11/2025;05/12/2025;;CLI-0056;EMP-502;ENT-SAG;BD-1082;15;380,90;19,90;335,40;Représentant
CMD-104070;08/09/2025;2025-09-10;08/11/2025;CLI-0217;EMP-506;ENT-QC;BD-1091;38;451,23;20,60;336,22;Représentant
CMD-103571;2025-07-03;11/07/2025;02/09/2025;CLI-0009;EMP-502;ENT-QC;BD-1040;3;360,01;18,30;274,41;Portail web
CMD-103496;24/06/2025;2025-06-28;24/08/2025;CLI-0148;EMP-501;ENT-QC;BD-1116;2;73,94;16,60;60,17;Téléphone
CMD-104392;03/10/2025;12/10/2025;;CLI-0012;EMP-501;ENT-MTL;BD-1150;33;488,96;21,90;347,06;Représentant
CMD-103233;23/05/2025;01/06/2025;2025-07-14;CLI-0035;EMP-503;ENT-MTL;BD-1106;6;462,03;12,90;340,08;Portail web
CMD-102439;2025-01-25;31/01/2025;12/03/2025;CLI-0068;EMP-505;ENT-MTL;BD-1174;3;270,83;8,20;169,01;Représentant
CMD-102546;18/02/2025;22/02/2025;2025-04-11;CLI-0171;EMP-507;ENT-MTL;BD-1103;24;221,77;2,60;154,84;Courriel
CMD-105122;2025-12-31;08/01/2026;;CLI-0179;EMP-509;ENT-SAG;BD-1037;1;29,04;2,90;16,65;Courriel
CMD-103754;04/08/2025;08-août-25;02/10/2025;CLI-0079;EMP-509;ENT-QC;BD-1166;4;404,86;2,60;217,35;Portail web
CMD-103407;12-juin-25;17/06/2025;31/07/2025;CLI-0188;EMP-506;ENT-QC;BD-1104;4;95,81;13,40;76,70;Salon
CMD-102848;05-avr-25;07/04/2025;07/05/2025;CLI-0009;EMP-502;ENT-QC;BD-1035;9;37,55;22,40;30,63;Représentant
CMD-104541;16/10/2025;20/10/2025;2025-12-01;CLI-0123;EMP-501;ENT-MTL;BD-1098;3;367,40;16,70;309,76;Représentant
CMD-102974;23/04/2025;02/05/2025;02/06/2025;CLI-0204;EMP-506;ENT-MTL;BD-1097;4;355,80;3,30;214,46;Représentant
CMD-102468;31/01/2025;03/02/2025;2025-03-22;CLI-0148;EMP-501;ENT-QC;BD-1078;8;337,97;11,80;201,79;Représentant
CMD-103592;07/07/2025;2025-07-16;05/08/2025;CLI-0167;EMP-506;ENT-SAG;BD-1126;24;188,39;6,90;133,03;Salon
CMD-103551;01/07/2025;2025-07-06;17/09/2025;CLI-0012;EMP-501;ENT-QC;BD-1114;4;200,06;20,80;152,73;Représentant
CMD-102580;26/02/2025;2025-03-05;13/04/2025;CLI-0130;EMP-508;ENT-MTL;BD-1102;1;386,83;20,20;260,69; 
CMD-104889;21-nov-25;23/11/2025;;CLI-0187;EMP-507;ENT-SAG;BD-1009;6;0,00;16,60;67,67;Représentant
CMD-102665;12-mars-25;19/03/2025;24/04/2025;CLI-0059;EMP-504;ENT-SAG;BD-1088;17;503,92;20,00;342,90;Portail web
CMD-103398;12/06/2025;16/06/2025;18/07/2025;CLI-0197;EMP-507;ENT-QC;BD-1118;1;462,42;7,00;343,17;Représentant
CMD-102723;19/03/2025;26/03/2025;17/05/2025;CLI-0212;EMP-507;ENT-MTL;BD-1020;20;42,77;25,60;33,12;Salon
CMD-102395;16/01/2025;23/01/2025;2025-02-24;CLI-0134;EMP-509;ENT-MTL;BD-1044;8;308,73;4,40;199,55;Représentant
CMD-104479;11/10/2025;15-oct-25;17/11/2025;CLI-0182;EMP-503;ENT-QC;BD-1173;24;346,37;13,10;212,35;Représentant
CMD-104673;2025-10-29;06/11/2025;29/12/2025;CLI-0059;EMP-504;ENT-QC;BD-1099;24;372,63;24,90;346,57;Téléphone
CMD-102369;09/01/2025;15-janv-25;20/02/2025;CLI-0045;EMP-502;ENT-MTL;BD-1165;2;163,46;11,20;107,92;N/A
CMD-104997;10/12/2025;16/12/2025;;CLI-0160;EMP-508;ENT-MTL;BD-1083;4;287,99;6,30;189,32;Représentant
CMD-103979;2025-08-28;30/08/2025;14/10/2025;CLI-0185;EMP-508;ENT-MTL;BD-1140;4;49,68;21,80;41,26;Représentant
CMD-102650;10/03/2025;15/03/2025;22-mai-25;CLI-0139;EMP-506;ENT-QC;BD-1102;4;431,21;11,00;260,69;Représentant
CMD-104446;2025-10-09;12/10/2025;20/12/2025;CLI-0202;EMP-504;ENT-SAG;BD-1155;1;514,86;5,00;329,15;Représentant
CMD-103521;27-juin-25;30/06/2025;18/08/2025;CLI-0034;EMP-507;ENT-QC;BD-1106;8;464,04;12,50;340,08;Représentant
CMD-103689;2025-07-22;28/07/2025;25/08/2025;CLI-0053;EMP-509;ENT-MTL;BD-1140;4;54,02;15,00;41,26;Représentant
CMD-105087;24-déc-25;31/12/2025;;CLI-0141;EMP-502;ENT-QC;BD-1154;6;447,02;16,40;329,92;Représentant
CMD-104527;15-oct-25;23/10/2025;25/12/2025;CLI-0016;EMP-505;ENT-MTL;BD-1082;3;441,04;7,20;335,40;Portail web
CMD-104455;09/10/2025;17/10/2025;2025-11-28;CLI-0066;EMP-507;ENT-MTL;BD-1140;8;55,44;12,70;41,26;Représentant
CMD-104418;2025-10-07;10/10/2025;15/11/2025;CLI-0124;EMP-509;ENT-MTL;BD-1078;3;354,90;7,40;238,11;Représentant
CMD-104221;18/09/2025;21-sept-25;12/10/2025;CLI-0118;EMP-504;ENT-QC;BD-1126;4;178,33;11,90;133,03;Portail web
CMD-102809;2025-04-01;06/04/2025;07/06/2025;CLI-0041;EMP-508;ENT-QC;BD-1049;2;47,80;12,50;31,22;Représentant
CMD-104783;10/11/2025;14/11/2025;;CLI-0167;EMP-506;ENT-SAG;BD-1086;6;130,84;5,00;97,25;Téléphone
CMD-103760;05/08/2025;2025-08-13;12/09/2025;CLI-0123;EMP-501;ENT-MTL;BD-1048;3;45,07;12,00;33,51;Représentant
CMD-103289;28/05/2025;31/05/2025;20-juil-25;CLI-0193;EMP-509;ENT-MTL;BD-1050;12;436,32;13,50;297,82;Courriel
CMD-104116;10/09/2025;12/09/2025;2025-11-13;CLI-0041;EMP-508;ENT-MTL;BD-1089;3;283,21;10,50;189,92;Représentant
CMD-102599;2025-03-03;11/03/2025;06/04/2025;CLI-0001;EMP-508;ENT-QC;BD-1013;6;482,18;6,60;315,34;Téléphone
CMD-103458;2025-06-19;26/06/2025;20/07/2025;CLI-0173;EMP-508;ENT-SAG;BD-1121;3;67,20;13,70;44,65;Représentant
CMD-104310;26/09/2025;28-sept-25;19/11/2025;CLI-0033;EMP-504;ENT-QC;BD-1042;8;369,70;16,20;267,02;Téléphone
CMD-102496;07/02/2025;12-févr-25;10/04/2025;CLI-0037;EMP-504;ENT-QC;BD-1004;11;219,38;20,00;158,83;Téléphone
CMD-103009;28/04/2025;06/05/2025;09-juil-25;CLI-0009;EMP-502;ENT-SAG;BD-1169;3;447,30;22,40;282,28;Portail web
CMD-103800;08/08/2025;12/08/2025;2025-10-11;CLI-0056;EMP-502;ENT-SAG;BD-1129;77;55,14;23,30;46,45;Portail web
CMD-104242;2025-09-22;26/09/2025;03/11/2025;CLI-0130;EMP-508;ENT-SAG;BD-1057;3;23,88;20,00;23,20;Représentant
CMD-104824;2025-11-14;19/11/2025;;CLI-0051;EMP-509;ENT-QC;BD-1150;24;575,01;8,10;347,06;Représentant
CMD-103869;16/08/2025;2025-08-22;21/09/2025;CLI-0111;EMP-507;ENT-QC;BD-1006;8;318,76;4,80;182,47; 
CMD-103045;30/04/2025;03/05/2025;16/06/2025;CLI-0029;EMP-506;ENT-SAG;BD-1046;19;361,04;24,40;315,40;Représentant
CMD-103579;2025-07-04;10/07/2025;13/08/2025;CLI-0183;EMP-506;ENT-MTL;BD-1045;2;122,72;6,40;78,37;Représentant
CMD-102789;;02/04/2025;27/04/2025;CLI-0092;EMP-508;ENT-SAG;BD-1172;4;397,26;5,10;221,22;Téléphone
CMD-103718;29/07/2025;2025-08-01;23/09/2025;CLI-0143;EMP-503;ENT-MTL;BD-1002;3;404,69;13,60;298,72;Représentant
CMD-104371;02/10/2025;08/10/2025;;CLI-0056;EMP-502;ENT-MTL;BD-1070;-2;57,66;24,30;48,05;Portail web
CMD-103801;08/08/2025;2025-08-17;02/10/2025;CLI-0073;EMP-501;ENT-MTL;BD-1060;6;344,41;13,00;291,44;Représentant
CMD-103051;2025-05-01;08/05/2025;08/06/2025;CLI-0130;EMP-508;ENT-MTL;BD-1121;9;60,79;21,90;44,65;Portail web
CMD-102368;09/01/2025;2025-01-15;04/03/2025;CLI-0088;EMP-504;ENT-MTL;BD-1127;1;256,32;14,90;174,31;Portail web
CMD-104404;06/10/2025;2025-10-10;20/10/2025;CLI-0069;EMP-508;ENT-QC;BD-1040;2;417,96;5,20;274,41;Représentant
CMD-103357;2025-06-06;11/06/2025;28/07/2025;CLI-0089;EMP-502;ENT-QC;BD-1123;27;169,90;21,90;132,28;Téléphone
CMD-103988;29/08/2025;03/09/2025;2025-11-12;CLI-0131;EMP-502;ENT-SAG;BD-1029;6;325,75;16,90;243,45;Représentant
CMD-103078;05/05/2025;10/05/2025;2025-07-11;CLI-0043;EMP-506;ENT-MTL;BD-1014;3;39,74;11,10;27,18;Représentant
CMD-105110;29/12/2025;06-janv-26;;CLI-0178;EMP-501;ENT-QC;BD-1125;6;427,43;2,80;291,24;Téléphone
CMD-102526;2025-02-14;17/02/2025;02/04/2025;CLI-0061;EMP-503;ENT-MTL;BD-1090;3;81,88;14,60;58,79;Portail web
CMD-104074;08-sept-25;14/09/2025;24/11/2025;CLI-0003;EMP-508;ENT-QC;BD-1055;4;320,57;2,40;213,75;Téléphone
CMD-104028;03/09/2025;10/09/2025;02/11/2025;CLI-0209;EMP-508;ENT-MTL;BD-1072;12;294,03;25,70;236,88;Salon
CMD-103710;28-juil-25;04/08/2025;13/09/2025;CLI-0070;EMP-503;ENT-MTL;BD-1115;12;70,38;5,80;47,23; 
CMD-104901;2025-11-25;27/11/2025;;CLI-0162;EMP-508;ENT-MTL;BD-1099;3;442,44;10,90;346,57;Courriel
CMD-104444;09/10/2025;2025-10-11;16/11/2025;CLI-0206;EMP-503;ENT-QC;BD-1083;6;264,06;14,00;189,32;Portail web
CMD-103505;25/06/2025;27/06/2025;2025-09-03;CLI-0153;EMP-507;ENT-QC;BD-1105;1;218,23;15,80;169,61;Téléphone
CMD-103091;2025-05-06;14/05/2025;01/07/2025;CLI-0188;EMP-506;ENT-MTL;BD-1126;3;170,91;15,60;133,03;Représentant
CMD-105035;17/12/2025;21/12/2025;;CLI-0155;EMP-506;ENT-SAG;BD-1018;4;414,26;10,90;247,17;Représentant
CMD-103304;30/05/2025;05/06/2025;25/08/2025;CLI-0051;EMP-509;ENT-SAG;BD-1011;1;510,79;2,70;294,52;Représentant
CMD-103235;23/05/2025;26-mai-25;25/06/2025;CLI-0012;EMP-501;ENT-MTL;BD-1011;14;429,74;18,20;294,52;Téléphone
CMD-103437;17/06/2025;2025-06-26;06/08/2025;CLI-0090;EMP-505;ENT-QC;BD-1006;3;282,44;15,60;182,47;Téléphone
CMD-104093;09/09/2025;16-sept-25;03/11/2025;CLI-0185;EMP-508;ENT-SAG;BD-1170;9;27,84;20,80;16,95;Salon
CMD-103988;2025-08-29;03/09/2025;12/11/2025;CLI-0131;EMP-502;ENT-SAG;BD-1051;4;107,80;16,90;79,76;Courriel
CMD-103867;2025-08-15;23/08/2025;01/10/2025;CLI-0167;EMP-506;ENT-QC;BD-1038;4;518,90;6,00;319,94;Courriel
CMD-102521;12/02/2025;19/02/2025;28/03/2025;CLI-0097;EMP-504;ENT-QC;BD-1122;8;328,78;3,60;212,67;Représentant
CMD-104484;2025-10-13;21/10/2025;26/12/2025;CLI-0055;EMP-506;ENT-MTL;BD-1080;4;303,65;8,20;208,57;Représentant
CMD-103911;20/08/2025;28/08/2025;17-oct-25;CLI-0130;EMP-508;ENT-MTL;BD-1009;4;85,31;18,90;67,67;Téléphone
CMD-103292;29/05/2025;2025-06-06;26/07/2025;CLI-0042;EMP-505;ENT-QC;BD-1120;2;249,20;16,00;186,72;Représentant
CMD-103691;23/07/2025;31/07/2025;14-sept-25;CLI-0137;EMP-503;ENT-SAG;BD-1032;14;445,10;18,70;409,59;Téléphone
CMD-104437;08-oct-25;17/10/2025;10/11/2025;CLI-0039;EMP-503;ENT-QC;BD-1074;6;181750,00;6,40;130,44;Représentant
CMD-104761;06-nov-25;15/11/2025;;CLI-0188;EMP-506;ENT-QC;BD-1145;12;160,81;12,70;111,12;Représentant
CMD-103662;;2025-07-24;;CLI-0157;EMP-502;ENT-MTL;BD-1166;6;373,03;10,20;217,35;Portail web
CMD-103346;2025-06-04;10/06/2025;18/07/2025;CLI-0066;EMP-507;ENT-QC;BD-1068;8;491,92;12,80;342,49;Téléphone
CMD-102414;20/01/2025;2025-01-27;06/03/2025;CLI-0094;EMP-502;ENT-QC;BD-1170;4;33,04;6,00;16,95;Téléphone
CMD-102488;2025-02-05;08/02/2025;16/03/2025;CLI-0063;EMP-503;ENT-QC;BD-1157;24;46,46;11,30;25,21;Portail web
CMD-102480;04/02/2025;11-févr-25;22/04/2025;CLI-0040;EMP-509;ENT-MTL;BD-1157;12;45,06;13,90;25,21;Portail web
CMD-103300;29/05/2025;01/06/2025;13/07/2025;CLI-0132;EMP-507;ENT-QC;BD-1037;3;26,14;12,60;16,65;Courriel
CMD-104388;03/10/2025;09/10/2025;22-nov-25;CLI-0074;EMP-507;ENT-SAG;BD-1040;9;338,52;23,20;274,41;Représentant
CMD-104824;14-nov-25;19/11/2025;;CLI-0051;EMP-509;ENT-QC;BD-1036;4;235,91;8,10;191,63;Portail web
CMD-105002;11/12/2025;2025-12-15;;CLI-0048;EMP-508;ENT-SAG;BD-1067;2;37,37;10,20;28,64;Représentant
CMD-104304;26/09/2025;30-sept-25;01/12/2025;CLI-0166;EMP-503;ENT-QC;BD-1010;2;142,36;12,70;88,91;Représentant
CMD-104649;27-oct-25;29/10/2025;09/12/2025;CLI-0056;EMP-502;ENT-QC;BD-1152;7;367,23;23,60;271,40;Téléphone
CMD-103669;18/07/2025;22/07/2025;22-sept-25;CLI-0191;EMP-504;ENT-MTL;BD-1043;4;455,74;13,60;300,28;Portail web
CMD-105119;30/12/2025;2026-01-07;;CLI-0118;EMP-504;ENT-MTL;BD-1129;6;61,08;15,00;46,45;Portail web
CMD-104566;17-oct-25;24/10/2025;21/11/2025;CLI-0048;EMP-508;ENT-SAG;BD-1089;2;267,66;15,50;189,92;Représentant
CMD-103593;07/07/2025;10/07/2025;26/07/2025;CLI-0118;EMP-504;ENT-QC;BD-1014;3;38,56;13,70;27,18;Portail web
CMD-103323;02/06/2025;06-juin-25;16/07/2025;CLI-0024;EMP-504;ENT-QC;BD-1125;4;419,98;4,50;291,24;Représentant
CMD-104059;05-sept-25;09/09/2025;26/10/2025;CLI-0194;EMP-506;ENT-MTL;BD-1052;8;287,50;6,40;183,03;Représentant
CMD-102439;2025-01-25;31/01/2025;12/03/2025;CLI-0068;EMP-505;ENT-MTL;BD-1157;6;48,04;8,20;25,21;Représentant
CMD-104540;2025-10-16;21/10/2025;21/11/2025;CLI-0188;EMP-506;ENT-MTL;BD-1137;4;35,76;16,50;25,59;Portail web
CMD-102333;2025-01-02;11/01/2025;16/02/2025;CLI-0011;EMP-507;ENT-QC;BD-1160;4;73,89;6,20;41,56;Téléphone
CMD-102576;2025-02-25;27/02/2025;14/03/2025;CLI-0182;EMP-503;ENT-QC;BD-1123;8;186,98;14,00;132,28;Représentant
CMD-103030;2025-04-30;02/05/2025;02/07/2025;CLI-0212;EMP-507;ENT-MTL;BD-1181;31;505,66;19,10;312,40;Téléphone
CMD-103926;21/08/2025;26/08/2025;13/10/2025;CLI-0063;EMP-503;ENT-QC;BD-1002;12;411,62;12,10;298,72;Courriel
CMD-103965;26/08/2025;01/09/2025;17/10/2025;CLI-0036;EMP-505;ENT-MTL;BD-1129;4;60,95;15,20;46,45;Représentant
CMD-102576;25-févr-25;27/02/2025;14/03/2025;CLI-0182;EMP-503;ENT-QC;BD-1179;2;371,00;14,00;231,35;Téléphone
CMD-104146;12/09/2025;20/09/2025;2025-11-08;CLI-0145;EMP-504;ENT-MTL;BD-1181;4;603,14;3,50;312,40;Représentant
CMD-104020;2025-09-02;09/09/2025;10/10/2025;CLI-0018;EMP-503;ENT-QC;BD-1095;3;100,25;3,30;64,62;Portail web
CMD-104056;05-sept-25;08/09/2025;01/11/2025;CLI-0195;EMP-506;ENT-QC;BD-1181;24;561,69;10,10;312,40;Téléphone
CMD-102858;07/04/2025;13/04/2025;2025-06-10;CLI-0056;EMP-502;ENT-MTL;BD-1026;2;358,33;18,30;246,82;Téléphone
CMD-103675;21/07/2025;2025-07-25;05/09/2025;CLI-0119;EMP-503;ENT-QC;BD-1026;3;409,30;6,60;246,82;Portail web
CMD-102737;2025-03-21;25/03/2025;29/05/2025;CLI-0134;EMP-509;ENT-MTL;BD-1071;8;491,29;8,00;308,06;Portail web
CMD-102359;2025-01-08;15/01/2025;12/02/2025;CLI-0009;EMP-502;ENT-SAG;BD-1178;2;159,81;22,20;119,43;Portail web
CMD-104507;2025-10-14;19/10/2025;29/11/2025;CLI-0157;EMP-502;ENT-MTL;BD-1013;8;456,91;11,50;315,34;Téléphone
CMD-102953;19/04/2025;25-avr-25;25/05/2025;CLI-0059;EMP-504;ENT-MTL;BD-1083;4;248,12;19,20;160,44;Représentant
CMD-104675;2025-10-29;04/11/2025;25/11/2025;CLI-0114;EMP-502;ENT-MTL;BD-1072;1;372,86;5,80;236,88;N/A
CMD-104667;2025-10-28;05/11/2025;09/12/2025;CLI-0056;EMP-502;ENT-MTL;BD-1068;16;433,95;23,00;342,49;Courriel
CMD-103250;24/05/2025;2025-06-02;31/07/2025;CLI-0185;EMP-508;ENT-SAG;BD-1116;20;66,49;25,00;60,17;Téléphone
CMD-104942;28/11/2025;02/12/2025;2025-12-28;CLI-0006;EMP-505;ENT-QC;BD-1069;3;350,92;12,00;239,15;Téléphone
CMD-104618;24/10/2025;30/10/2025;2025-12-22;CLI-0191;EMP-504;ENT-SAG;BD-1131;1;58,32;13,00;37,08;Téléphone
CMD-102438;24/01/2025;28-janv-25;16/03/2025;CLI-0209;EMP-508;ENT-QC;BD-1024;30;270,07;19,20;189,35;Représentant
CMD-102658;11/03/2025;13/03/2025;2025-04-15;CLI-0002;EMP-509;ENT-MTL;BD-1065;6;240,57;3,50;131,52;Téléphone
CMD-104570;2025-10-18;25/10/2025;04/12/2025;CLI-0081;EMP-502;ENT-MTL;BD-1094;4;180,96;11,20;124,30;Représentant
CMD-103996;01/09/2025;04/09/2025;18/10/2025;CLI-0042;EMP-505;ENT-QC;BD-1062;3;155,01;13,70;135,59;Portail web
CMD-104122;11/09/2025;20/09/2025;2025-11-07;CLI-0084;EMP-503;ENT-SAG;BD-1037;3;26,86;10,20;16,65;Portail web
CMD-102696;2025-03-14;23/03/2025;07/05/2025;CLI-0209;EMP-508;ENT-QC;BD-1107;11;175,57;20,30;150,54;Représentant
CMD-105035;17/12/2025;21/12/2025;;CLI-0155;EMP-506;ENT-SAG;BD-1041;4;225,93;10,90;163,24;Représentant
CMD-103531;27/06/2025;30/06/2025;2025-09-16;CLI-0026;EMP-506;ENT-MTL;BD-1018;1;416,13;10,50;247,17;Représentant
CMD-103386;11-juin-25;19/06/2025;11/08/2025;CLI-0120;EMP-509;ENT-SAG;BD-1046;2;444,19;6,90;372,17;Représentant
CMD-103172;16/05/2025;24/05/2025;21-juin-25;CLI-0006;EMP-505;ENT-MTL;BD-1122;3;307,05;10,00;212,67;Représentant
CMD-104557;17/10/2025;2025-10-19;03/12/2025;CLI-0201;EMP-504;ENT-SAG;BD-1131;1;61,68;8,00;37,08;Représentant
CMD-103616;09/07/2025;2025-07-12;29/08/2025;CLI-0066;EMP-507;ENT-SAG;BD-1042;1;396,39;10,20;267,02;Téléphone
CMD-103511;26-juin-25;01/07/2025;19/08/2025;CLI-0057;EMP-507;ENT-MTL;BD-1178;12;178,80;12,90;119,43;Courriel
CMD-102399;16/01/2025;22-janv-25;01/03/2025;CLI-0157;EMP-502;ENT-MTL;BD-1158;6;310,28;11,20;184,61;Téléphone
CMD-103799;08/08/2025;2025-08-11;23/09/2025;CLI-0137;EMP-503;ENT-MTL;BD-1155;24;415,70;23,30;329,15;Téléphone
CMD-103127;09-mai-25;15/05/2025;03/07/2025;CLI-0056;EMP-502;ENT-SAG;BD-1028;20;180,17;23,80;143,73;Téléphone
CMD-102930;17/04/2025;2025-04-22;19/06/2025;CLI-0136;EMP-507;ENT-SAG;BD-1042;2;393,01;10,90;267,02;Représentant
CMD-102393;15/01/2025;18-janv-25;25/03/2025;CLI-0189;EMP-501;ENT-QC;BD-1140;8;59,21;6,80;41,26;Téléphone
CMD-104070;08/09/2025;2025-09-10;08/11/2025;CLI-0217;EMP-506;ENT-QC;BD-1162;23;108,88;20,60;68,38;Représentant
CMD-102362;2025-01-08;10/01/2025;23/02/2025;CLI-0056;EMP-502;ENT-QC;BD-1027;12;369,27;19,40;254,96;Portail web
CMD-103989;29/08/2025;2025-09-01;12/10/2025;CLI-0047;EMP-508;ENT-MTL;BD-1040;6;370,89;15,80;274,41;Représentant
CMD-102909;15/04/2025;21/04/2025;25-mai-25;CLI-0090;EMP-505;ENT-QC;BD-1029;1;341,92;12,70;243,45;Représentant
CMD-104655;27-oct-25;29/10/2025;28/12/2025;CLI-0050;EMP-502;ENT-QC;BD-1128;4;128,61;11,20;78,87;Représentant
CMD-102764;26/03/2025;04/04/2025;2025-05-29;CLI-0084;EMP-503;ENT-QC;BD-1160;3;69,74;11,50;41,56;Représentant
CMD-102613;04/03/2025;10-mars-25;09/05/2025;CLI-0011;EMP-507;ENT-SAG;BD-1024;1;325,25;2,70;189,35;Représentant
CMD-104088;09/09/2025;2025-09-15;17/11/2025;CLI-0126;EMP-502;ENT-MTL;BD-1079;3;235,60;10,70;147,87;Représentant
CMD-103613;09/07/2025;12/07/2025;2025-08-20;CLI-0212;EMP-507;ENT-QC;BD-1008;18;184,89;20,90;155,34;Portail web
CMD-103739;01/08/2025;08/08/2025;2025-09-28;CLI-0182;EMP-503;ENT-QC;BD-1096;4;266,28;10,10;205,70;Portail web
CMD-104892;2025-11-22;30/11/2025;;CLI-0116;EMP-509;ENT-SAG;BD-1080;4;286,73;13,30;208,57;Portail web
CMD-102840;04/04/2025;2025-04-06;23/05/2025;CLI-0042;EMP-505;ENT-SAG;BD-1063;4;318,93;13,40;247,24;Représentant
CMD-102489;05/02/2025;07/02/2025;2025-03-24;CLI-0186;EMP-507;ENT-QC;BD-1140;3;61,82;2,70;41,26;Téléphone
CMD-103443;17/06/2025;24/06/2025;17-août-25;CLI-0183;EMP-506;ENT-QC;BD-1049;3;50,14;8,20;31,22;Représentant
CMD-102671;12/03/2025;20/03/2025;2025-05-10;CLI-0054;EMP-507;ENT-QC;BD-1119;2;82,57;10,10;59,67;Représentant
CMD-102891;2025-04-11;20/04/2025;26/05/2025;CLI-0137;EMP-503;ENT-MTL;BD-1091;25;464,82;18,20;284,93;Représentant
CMD-103399;12/06/2025;15/06/2025;2025-08-08;CLI-0055;EMP-506;ENT-QC;BD-1033;1;178,64;4,70;113,22;Portail web
CMD-104361;2025-10-01;09/10/2025;08/12/2025;CLI-0202;EMP-504;ENT-MTL;BD-1111;6;210,59;5,00;148,90;Représentant
CMD-102931;17/04/2025;24/04/2025;2025-06-21;CLI-0083;EMP-507;ENT-QC;BD-1044;24;300,73;6,90;199,55;Portail web
CMD-102926;16-avr-25;23/04/2025;05/05/2025;CLI-0077;EMP-501;ENT-SAG;BD-1167;8;341,34;8,00;209,73;Portail web
CMD-102707;17/03/2025;26/03/2025;2025-05-26;CLI-0053;EMP-509;ENT-MTL;BD-1178;8;176,79;13,90;119,43;Représentant
CMD-105017;13/12/2025;2025-12-21;;CLI-0012;EMP-501;ENT-QC;BD-1138;73;111,90;24,00;88,19;Courriel
CMD-104060;05/09/2025;08/09/2025;2025-10-24;CLI-0193;EMP-509;ENT-QC;BD-1119;4;77,79;15,30;59,67;Portail web
CMD-104414;2025-10-07;13/10/2025;06/12/2025;CLI-0153;EMP-507;ENT-SAG;BD-1141;8;432,24;13,40;314,24;Représentant
CMD-104802;12/11/2025;15/11/2025;;CLI-0076;EMP-507;ENT-MTL;BD-1138;8;112,57;23,60;88,19;Téléphone
CMD-104639;27/10/2025;31-oct-25;15/12/2025;CLI-0086;EMP-502;ENT-QC;BD-1078;24;367,45;4,20;238,11;Courriel
CMD-103230;22/05/2025;28/05/2025;2025-07-11;CLI-0216;EMP-503;ENT-MTL;BD-1074;6;179,71;7,40;130,44;Représentant
CMD-104844;18-nov-25;24/11/2025;;CLI-0115;EMP-509;ENT-QC;BD-1018;24;401,28;13,70;247,17;Courriel
CMD-104187;17/09/2025;24/09/2025;2025-11-23;CLI-0076;EMP-507;ENT-MTL;BD-1071;2;411,39;22,90;363,51;Représentant
CMD-104470;10/10/2025;14/10/2025;03/12/2025;CLI-0072;EMP-501;ENT-SAG;BD-1031;4;450,27;13,30;300,62;Représentant
CMD-103360;06/06/2025;2025-06-10;31/07/2025;CLI-0048;EMP-508;ENT-QC;BD-1109;1;400,09;13,00;310,20;Représentant
CMD-105030;16/12/2025;21-déc-25;;CLI-0009;EMP-502;ENT-QC;BD-1040;5;353,52;19,80;274,41;Portail web
CMD-102571;2025-02-22;01/03/2025;27/03/2025;CLI-0081;EMP-502;ENT-QC;BD-1159;2;247,65;14,30;169,65;Représentant
CMD-102825;03/04/2025;2025-04-06;30/05/2025;CLI-0093;EMP-508;ENT-MTL;BD-1063;3;316,64;14,00;247,24;Portail web
CMD-103303;30/05/2025;08/06/2025;08-juil-25;CLI-0106;EMP-501;ENT-MTL;BD-1050;4;438,32;13,10;297,82;Téléphone
CMD-102632;06/03/2025;15/03/2025;;CLI-0036;EMP-505;ENT-SAG;BD-1112;12;100,76;12,30;67,02;Téléphone
CMD-104985;05/12/2025;07/12/2025;;CLI-0045;EMP-502;ENT-SAG;BD-1051;6;110,41;14,90;79,76;Téléphone
CMD-105062;2025-12-22;29/12/2025;;CLI-0132;EMP-507;ENT-QC;BD-1012;8;103,77;14,70;69,62;Téléphone
CMD-104505;14/10/2025;20/10/2025;2025-12-05;CLI-0012;EMP-501;ENT-SAG;BD-1081;18;450,99;24,00;364,83;Courriel
CMD-104439;08/10/2025;12-oct-25;22/12/2025;CLI-0012;EMP-501;ENT-MTL;BD-1148;43;358,95;21,90;302,28;Téléphone
CMD-104077;2025-09-08;13/09/2025;22/10/2025;CLI-0044;EMP-505;ENT-SAG;BD-1037;8;26,14;12,60;16,65;Téléphone
CMD-103948;25/08/2025;01/09/2025;2025-09-21;CLI-0194;EMP-506;ENT-MTL;BD-1048;3;49,00;4,30;33,51;Téléphone
CMD-104922;27/11/2025;04/12/2025;;CLI-0015;EMP-509;ENT-QC;BD-1139;1;331,50;7,60;203,11;Portail web
CMD-103433;16/06/2025;24/06/2025;28-juil-25;CLI-0127;EMP-503;ENT-MTL;BD-1105;3;231,62;10,60;169,61;Courriel
CMD-105100;26/12/2025;03/01/2026;;CLI-0153;EMP-507;ENT-MTL;BD-1148;1;384,53;16,40;302,28;Représentant
CMD-103664;18/07/2025;24/07/2025;2025-09-03;CLI-0172;EMP-502;ENT-QC;BD-1161;12;128,03;5,20;64,16;Portail web
CMD-103339;04/06/2025;11/06/2025;2025-08-06;CLI-0122;EMP-505;ENT-QC;BD-1053;4;310,37;5,10;180,55;Courriel
CMD-104940;2025-11-28;05/12/2025;;CLI-0033;EMP-504;ENT-SAG;BD-1142;2;140,17;14,00;100,93;Salon
CMD-103513;2025-06-26;30/06/2025;11/08/2025;CLI-0181;EMP-504;ENT-MTL;BD-1053;6;304,10;7,10;180,55;Téléphone
CMD-102593;28/02/2025;03/03/2025;19/04/2025;CLI-0008;EMP-506;ENT-QC;BD-1164;6;182,40;6,40;100,45;Portail web
CMD-102684;13-mars-25;18/03/2025;20/05/2025;CLI-0219;EMP-505;ENT-MTL;BD-1042;3;416,52;5,60;267,02;Représentant
CMD-104475;11/10/2025;2025-10-19;25/11/2025;CLI-0191;EMP-504;ENT-MTL;BD-1082;8;426,58;10,20;335,40;Portail web
CMD-104197;17/09/2025;19/09/2025;2025-11-14;CLI-0181;EMP-504;ENT-MTL;BD-1178;2;200,94;2,10;119,43;Représentant
CMD-105016;2025-12-12;17/12/2025;;CLI-0148;EMP-501;ENT-SAG;BD-1059;12;463,78;12,10;391,48;Téléphone
CMD-102729;20/03/2025;2025-03-22;12/05/2025;CLI-0080;EMP-506;ENT-QC;BD-1132;3;172,62;13,10;128,45;Représentant
CMD-104659;2025-10-28;03/11/2025;;CLI-0056;EMP-502;ENT-QC;BD-1088;8;515,45;18,20;404,63;Téléphone
CMD-103954;26/08/2025;28/08/2025;14/10/2025;CLI-0151;EMP-504;ENT-SAG;BD-1048;24;47,85;6,50;33,51;Représentant
CMD-103238;23/05/2025;30-mai-25;14/07/2025;CLI-0185;EMP-508;ENT-QC;BD-1036;4;207,04;19,40;191,63;Portail web
CMD-104597;22/10/2025;26-oct-25;;CLI-0103;EMP-502;ENT-MTL;BD-1074;8;188,29;3,00;130,44;Portail web
CMD-102617;04/03/2025;09/03/2025;22-avr-25;CLI-0056;EMP-502;ENT-QC;BD-1076;11;444,82;20,70;287,01;Téléphone
CMD-103628;2025-07-11;17/07/2025;07/09/2025;CLI-0127;EMP-503;ENT-QC;BD-1171;3;140,64;11,20;85,46;Portail web
CMD-102520;12-févr-25;17/02/2025;12/04/2025;CLI-0022;EMP-506;ENT-QC;BD-1173;8;363,86;8,70;212,35;Représentant
CMD-104220;18/09/2025;20/09/2025;06-nov-25;CLI-0211;EMP-504;ENT-SAG;BD-1135;4;63,07;14,00;40,73;Portail web
CMD-104774;2025-11-10;19/11/2025;20/12/2025;CLI-0037;EMP-504;ENT-MTL;BD-1143;17;283,74;24,40;220,45;Téléphone
CMD-104307;26/09/2025;2025-09-29;06/12/2025;CLI-0012;EMP-501;ENT-QC;BD-1097;4;301,59;18,00;253,06;Courriel
CMD-103654;16/07/2025;19-juil-25;29/08/2025;CLI-0193;EMP-509;ENT-MTL;BD-1118;6;413,75;16,80;343,17;Portail web
CMD-103806;09/08/2025;2025-08-12;20/10/2025;CLI-0076;EMP-507;ENT-MTL;BD-1065;18;191,35;23,30;155,19;Portail web
CMD-104818;14-nov-25;20/11/2025;;CLI-0212;EMP-507;ENT-MTL;BD-1140;5;49,32;22,40;41,26;Courriel
CMD-104553;17/10/2025;24-oct-25;14/12/2025;CLI-0059;EMP-504;ENT-MTL;BD-1098;1;356,47;19,10;309,76;Représentant
CMD-103267;27/05/2025;30-mai-25;16/06/2025;CLI-0115;EMP-509;ENT-QC;BD-1042;1;391,09;11,40;267,02;Téléphone
CMD-102640;07/03/2025;12-mars-25;26/04/2025;CLI-0112;EMP-505;ENT-MTL;BD-1166;4;359,51;13,50;217,35;Représentant
CMD-104927;27/11/2025;2025-12-05;;CLI-0148;EMP-501;ENT-QC;BD-1034;0;203,70;14,20;182,99;Téléphone
CMD-102516;12/02/2025;21/02/2025;17-mars-25;CLI-0084;EMP-503;ENT-MTL;BD-1133;6;88,51;12,70;62,95;Portail web
CMD-104330;29/09/2025;01/10/2025;2025-11-20;CLI-0089;EMP-502;ENT-QC;BD-1052;9;243,15;20,80;183,03;Représentant
CMD-104093;2025-09-09;16/09/2025;03/11/2025;CLI-0185;EMP-508;ENT-SAG;BD-1063;5;291,62;20,80;247,24;Représentant
CMD-102702;15/03/2025;20/03/2025;09/05/2025;CLI-0037;EMP-504;ENT-SAG;BD-1114;25;201,20;20,30;152,73; 
CMD-105102;2025-12-26;31/12/2025;;CLI-0037;EMP-504;ENT-MTL;BD-1073;2;338,49;24,70;307,22;Représentant
CMD-104371;02/10/2025;08/10/2025;;CLI-0056;EMP-502;ENT-MTL;BD-1156;6;228,63;24,30;164,64;Représentant
CMD-103323;02/06/2025;06/06/2025;2025-07-16;CLI-0024;EMP-504;ENT-QC;BD-1011;8;501,42;4,50;294,52;Représentant
CMD-103376;10/06/2025;12-juin-25;02/08/2025;CLI-0056;EMP-502;ENT-QC;BD-1038;18;427,24;22,60;319,94;Courriel
CMD-104513;14/10/2025;19/10/2025;28-nov-25;CLI-0182;EMP-503;ENT-MTL;BD-1142;8;139,81;14,30;100,93;Représentant
CMD-103398;12/06/2025;2025-06-16;18/07/2025;CLI-0197;EMP-507;ENT-QC;BD-1124;2;237,19;7,00;153,77;Représentant
CMD-102409;18/01/2025;25/01/2025;2025-03-22;CLI-0143;EMP-503;ENT-QC;BD-1144;12;148,20;17,00;98,33;Représentant
CMD-102691;14/03/2025;22/03/2025;29/04/2025;CLI-0206;EMP-503;ENT-MTL;BD-1176;2;523,92;16,90;328,78;Téléphone
CMD-103891;2025-08-19;25/08/2025;;CLI-0089;EMP-502;ENT-QC;BD-1005;47;250,90;23,30;208,35;Représentant
CMD-103782;2025-08-07;15/08/2025;07/10/2025;CLI-0219;EMP-505;ENT-MTL;BD-1037;8;28,26;5,50;16,65;Téléphone
CMD-105025;15/12/2025;2025-12-19;;CLI-0009;EMP-502;ENT-QC;BD-1058;4;184,10;24,80;149,54;Téléphone
CMD-103785;07/08/2025;11/08/2025;21/09/2025;CLI-0185;EMP-508;ENT-MTL;BD-1001;6;258,56;22,90;219,63;Portail web
CMD-103368;09/06/2025;12/06/2025;2025-07-09;CLI-0056;EMP-502;ENT-MTL;BD-1007;2;79,83;22,70;57,14;Téléphone
CMD-103057;01/05/2025;07/05/2025;2025-07-02;CLI-0073;EMP-501;ENT-QC;BD-1109;2;395,33;14,10;310,20;Téléphone
CMD-103707;28/07/2025;04/08/2025;2025-09-14;CLI-0049;EMP-508;ENT-QC;BD-1035;3;42,13;12,90;30,63;Portail web
CMD-104504;14/10/2025;22/10/2025;2025-12-06;CLI-0178;EMP-501;ENT-QC;BD-1093;3;213,93;4,40;159,25;Représentant
CMD-103777;07-août-25;14/08/2025;27/09/2025;CLI-0183;EMP-506;ENT-QC;BD-1021;4;352,52;3,10;242,82;Représentant
CMD-103340;04/06/2025;10/06/2025;25-juil-25;CLI-0087;EMP-502;ENT-QC;BD-1005;3;289,53;11,40;208,35;Représentant
CMD-103285;28/05/2025;06/06/2025;01/07/2025;CLI-0036;EMP-505;ENT-QC;BD-1114;24;219,98;12,90;152,73;Représentant
CMD-105120;30/12/2025;05/01/2026;;CLI-0171;EMP-507;ENT-QC;BD-1160;6;76,75;2,50;41,56;Représentant
CMD-104551;2025-10-16;19/10/2025;02/12/2025;CLI-0217;EMP-506;ENT-QC;BD-1071;6;422,46;20,80;363,51;Portail web
CMD-103413;13/06/2025;21/06/2025;2025-07-02;CLI-0173;EMP-508;ENT-MTL;BD-1001;6;281,38;16,10;219,63;Portail web
CMD-103198;2025-05-19;26/05/2025;;CLI-0029;EMP-506;ENT-QC;BD-1063;24;280,90;23,70;247,24;Portail web
CMD-104871;20/11/2025;2025-11-29;;CLI-0103;EMP-502;ENT-QC;BD-1154;4;515,24;3,60;329,92;Représentant
CMD-103432;16/06/2025;21/06/2025;14/08/2025;CLI-0048;EMP-508;ENT-SAG;BD-1016;6;347,48;15,90;224,02;Téléphone
CMD-103536;30/06/2025;05/07/2025;2025-08-29;CLI-0182;EMP-503;ENT-MTL;BD-1093;1;188,32;15,90;159,25;Représentant
CMD-104193;2025-09-17;25/09/2025;25/11/2025;CLI-0034;EMP-507;ENT-SAG;BD-1084;24;503,31;13,30;375,89;Portail web
CMD-104070;2025-09-08;10/09/2025;08/11/2025;CLI-0217;EMP-506;ENT-QC;BD-1135;7;58,24;20,60;40,73;Portail web
CMD-103507;26/06/2025;30-juin-25;13/09/2025;CLI-0029;EMP-506;ENT-QC;BD-1030;12;142,81;22,00;119,13;Portail web
CMD-102993;24/04/2025;2025-04-30;20/06/2025;CLI-0081;EMP-502;ENT-SAG;BD-1040;1;379,86;13,80;274,41;Portail web
CMD-103749;2025-08-04;09/08/2025;11/09/2025;CLI-0063;EMP-503;ENT-QC;BD-1034;8;210,36;11,40;182,99;Représentant
CMD-103697;24/07/2025;31/07/2025;2025-09-28;CLI-0123;EMP-501;ENT-SAG;BD-1015;12;452,80;14,70;325,38;Téléphone
CMD-104064;06/09/2025;2025-09-12;08/10/2025;CLI-0130;EMP-508;ENT-MTL;BD-1163;12;489,50;20,20;300,77;Représentant
CMD-104979;2025-12-04;10/12/2025;;CLI-0076;EMP-507;ENT-MTL;BD-1132;7;150,48;24,20;128,45;Courriel
CMD-102811;01/04/2025;08/04/2025;2025-06-06;CLI-0076;EMP-507;ENT-MTL;BD-1050;1;405,17;19,60;297,82;Portail web
CMD-104624;24/10/2025;2025-11-01;25/12/2025;CLI-0076;EMP-507;ENT-QC;BD-1071;16;437,28;18,10;363,51;Représentant
CMD-102560;20/02/2025;27/02/2025;2025-04-11;CLI-0217;EMP-506;ENT-QC;BD-1123;9;172,60;20,60;132,28;Représentant
CMD-104040;04/09/2025;2025-09-07;23/11/2025;CLI-0156;EMP-502;ENT-QC;BD-1103;12;218,11;4,20;154,84;Téléphone
CMD-103542;2025-06-30;08/07/2025;09/08/2025;CLI-0084;EMP-503;ENT-QC;BD-1011;1;445,14;15,20;294,52;Téléphone
CMD-105013;12/12/2025;20/12/2025;;CLI-0036;EMP-505;ENT-QC;BD-1146;4;336,98;10,30;225,52;Salon
CMD-104065;06/09/2025;10/09/2025;23-oct-25;CLI-0199;EMP-504;ENT-QC;BD-1069;6;342,68;14,10;239,15;Représentant
CMD-103699;2025-07-25;01/08/2025;22/09/2025;CLI-0217;EMP-506;ENT-MTL;BD-1173;7;313,43;21,40;212,35;Représentant
CMD-102347;06/01/2025;12/01/2025;2025-02-05;CLI-0106;EMP-501;ENT-QC;BD-1146;8;313,29;16,60;225,52;Portail web
CMD-102819;02/04/2025;2025-04-09;10/05/2025;CLI-0088;EMP-504;ENT-SAG;BD-1062;4;160,47;10,70;114,90;Portail web
CMD-104360;01/10/2025;06-oct-25;10/11/2025;CLI-0199;EMP-504;ENT-MTL;BD-1162;3;118,41;13,60;68,38;Portail web
CMD-104479;11/10/2025;2025-10-15;17/11/2025;CLI-0182;EMP-503;ENT-QC;BD-1078;8;333,10;13,10;238,11;Portail web
CMD-103540;30/06/2025;02-juil-25;22/08/2025;CLI-0214;EMP-508;ENT-SAG;BD-1174;12;278,66;5,60;169,01;Représentant
CMD-103524;27-juin-25;06/07/2025;03/09/2025;CLI-0220;EMP-506;ENT-MTL;BD-1050;24;452,83;10,20;297,82;Salon
CMD-103989;29/08/2025;01/09/2025;12/10/2025;CLI-0047;EMP-508;ENT-MTL;BD-1052;2;258,39;15,80;183,03;Téléphone
CMD-103865;15/08/2025;23/08/2025;23-sept-25;CLI-0137;EMP-503;ENT-MTL;BD-1018;4;345,54;25,70;247,17;Portail web
CMD-102420;21/01/2025;30-janv-25;20/02/2025;CLI-0193;EMP-509;ENT-SAG;BD-1155;12;477,39;11,90;329,15;Représentant
CMD-104715;31/10/2025;2025-11-04;;CLI-0089;EMP-502;ENT-QC;BD-1144;39;134,68;24,60;98,33;Représentant
CMD-104171;16/09/2025;23-sept-25;20/10/2025;CLI-0208;EMP-507;ENT-SAG;BD-1051;8;112,82;13,00;79,76;Portail web
CMD-102728;20/03/2025;25/03/2025;04/05/2025;CLI-0089;EMP-502;ENT-QC;BD-1010;18;121,19;25,70;88,91;Représentant
CMD-104867;20/11/2025;2025-11-24;;CLI-0109;EMP-501;ENT-QC;BD-1150;2;0,00;8,60;347,06;Courriel
CMD-104179;16-sept-25;18/09/2025;14/10/2025;CLI-0074;EMP-507;ENT-QC;BD-1114;10;192,51;23,80;152,73;Représentant
CMD-104504;14-oct-25;22/10/2025;06/12/2025;CLI-0178;EMP-501;ENT-QC;BD-1045;2;125,30;4,40;78,37;Téléphone
CMD-103573;03/07/2025;05/07/2025;;CLI-0029;EMP-506;ENT-QC;BD-1105;20;209,02;19,30;169,61;Téléphone
CMD-103813;2025-08-11;18/08/2025;23/09/2025;CLI-0029;EMP-506;ENT-MTL;BD-1087;2;287,79;25,40;215,66;Téléphone
CMD-104370;02/10/2025;05-oct-25;24/11/2025;CLI-0209;EMP-508;ENT-MTL;BD-1156;1;246,51;18,40;164,64;Représentant
CMD-103590;2025-07-07;10/07/2025;;CLI-0063;EMP-503;ENT-QC;BD-1164;4;171,14;12,20;100,45;Téléphone
CMD-102805;01/04/2025;07/04/2025;;CLI-0106;EMP-501;ENT-MTL;BD-1083;3;271,44;11,60;160,44;Téléphone
CMD-103334;03/06/2025;2025-06-10;01/08/2025;CLI-0147;EMP-506;ENT-SAG;BD-1013;8;503,84;2,40;315,34;Téléphone
CMD-102352;07/01/2025;2025-01-11;07/02/2025;CLI-0137;EMP-503;ENT-MTL;BD-1103;6;181,26;20,40;154,84;Téléphone
CMD-104628;24-oct-25;01/11/2025;;CLI-0141;EMP-502;ENT-QC;BD-1152;8;426,49;11,30;271,40;Représentant
CMD-103802;08/08/2025;2025-08-14;02/10/2025;CLI-0088;EMP-504;ENT-QC;BD-1001;3;300,00;10,50;219,63;Représentant
CMD-104241;22/09/2025;2025-09-27;31/10/2025;CLI-0019;EMP-502;ENT-MTL;BD-1053;8;309,35;5,40;180,55;Portail web
CMD-103957;2025-08-26;28/08/2025;14/10/2025;CLI-0001;EMP-508;ENT-SAG;BD-1003;8;285,90;4,10;227,23;Portail web
CMD-103856;15/08/2025;2025-08-24;06/10/2025;CLI-0142;EMP-508;ENT-QC;BD-1057;6;28,93;3,00;23,20;Courriel
CMD-105105;26/12/2025;01/01/2026;;CLI-0044;EMP-505;ENT-QC;BD-1045;1;114,65;12,50;78,37;Téléphone
CMD-104459;10/10/2025;16/10/2025;;CLI-0102;EMP-506;ENT-SAG;BD-1180;2;177,67;6,20;95,30;Téléphone
CMD-104062;05/09/2025;10/09/2025;2025-10-21;CLI-0206;EMP-503;ENT-MTL;BD-1053;4;279,57;14,50;180,55;Représentant
CMD-104909;26/11/2025;03/12/2025;;CLI-0037;EMP-504;ENT-SAG;BD-1101;5;83,10;23,40;75,83;Représentant
CMD-103681;21-juil-25;30/07/2025;17/09/2025;CLI-0006;EMP-505;ENT-MTL;BD-1046;8;408,71;14,40;372,17;Téléphone
CMD-102458;29/01/2025;2025-01-31;28/03/2025;CLI-0130;EMP-508;ENT-MTL;BD-1149;70;149,88;18,20;111,14;Portail web
CMD-104675;29-oct-25;04/11/2025;25/11/2025;CLI-0114;EMP-502;ENT-MTL;BD-1088;1;593,38;5,80;404,63;Représentant
CMD-103210;20-mai-25;22/05/2025;30/06/2025;CLI-0212;EMP-507;ENT-SAG;BD-1039;8;154,90;21,80;122,17;
CMD-103915;20/08/2025;26/08/2025;22-oct-25;CLI-0009;EMP-502;ENT-SAG;BD-1057;3;23,32;21,90;23,20;Portail web
CMD-103860;2025-08-15;21/08/2025;17/09/2025;CLI-0076;EMP-507;ENT-QC;BD-1024;6;272,28;18,50;189,35;Courriel
CMD-102540;2025-02-17;19/02/2025;02/04/2025;CLI-0012;EMP-501;ENT-QC;BD-1034;2;182,54;23,20;155,08;Courriel
CMD-103205;20/05/2025;22/05/2025;19/06/2025;CLI-0209;EMP-508;ENT-QC;BD-1001;8;256,95;23,30;219,63;Représentant
CMD-103158;14/05/2025;2025-05-16;;CLI-0056;EMP-502;ENT-QC;BD-1042;4;331,66;24,80;267,02;Portail web
CMD-102486;05/02/2025;2025-02-12;22/03/2025;CLI-0139;EMP-506;ENT-MTL;BD-1163;4;529,99;13,60;300,77;Représentant
CMD-103114;09/05/2025;16/05/2025;2025-06-28;CLI-0154;EMP-507;ENT-QC;BD-1014;6;40,03;10,40;27,18;Portail web
CMD-103135;12-mai-25;16/05/2025;01/07/2025;CLI-0126;EMP-502;ENT-MTL;BD-1166;3;346,04;16,70;217,35;Téléphone
CMD-104916;26/11/2025;02/12/2025;;CLI-0139;EMP-506;ENT-MTL;BD-1028;6;203,04;14,10;143,73;Téléphone
CMD-103183;16/05/2025;22/05/2025;08/06/2025;CLI-0115;EMP-509;ENT-MTL;BD-1044;2;289,75;10,30;199,55;Représentant
CMD-102707;17/03/2025;2025-03-26;26/05/2025;CLI-0053;EMP-509;ENT-MTL;BD-1145;24;158,57;13,90;111,12;Représentant
CMD-103415;2025-06-13;16/06/2025;23/07/2025;CLI-0153;EMP-507;ENT-QC;BD-1054;4;390,67;16,10;262,94;Portail web
CMD-104892;22/11/2025;30/11/2025;;CLI-0116;EMP-509;ENT-SAG;BD-1172;8;363,01;13,30;221,22;Représentant
CMD-103106;08/05/2025;13-mai-25;29/06/2025;CLI-0137;EMP-503;ENT-MTL;BD-1147;3;468,01;21,80;346,92;Portail web
CMD-105046;18/12/2025;2025-12-27;;CLI-0037;EMP-504;ENT-QC;BD-1160;10;60,34;23,40;41,56;Portail web
CMD-104597;22/10/2025;2025-10-26;;CLI-0103;EMP-502;ENT-MTL;BD-1077;6;331,52;3,00;171,09;Portail web
CMD-104942;28/11/2025;02/12/2025;28-déc-25;CLI-0006;EMP-505;ENT-QC;BD-1136;6;182,72;12,00;112,45;Représentant
CMD-104385;03/10/2025;2025-10-11;03/12/2025;CLI-0076;EMP-507;ENT-SAG;BD-1002;19;362,16;22,70;298,72;Courriel
CMD-103908;20/08/2025;25/08/2025;27-oct-25;CLI-0190;EMP-504;ENT-MTL;BD-1032;2;505,32;7,70;409,59;Courriel
CMD-104549;16/10/2025;23/10/2025;2025-11-25;CLI-0144;EMP-502;ENT-QC;BD-1047;2;89,08;16,40;71,53;Représentant
CMD-103398;2025-06-12;16/06/2025;18/07/2025;CLI-0197;EMP-507;ENT-QC;BD-1126;4;188,30;7,00;133,03;Représentant
CMD-103644;15/07/2025;21-juil-25;10/09/2025;CLI-0006;EMP-505;ENT-MTL;BD-1003;12;262,00;12,10;227,23;Courriel
CMD-102779;28/03/2025;04/04/2025;26-avr-25;CLI-0209;EMP-508;ENT-MTL;BD-1049;18;44,19;19,10;31,22;Représentant
CMD-104362;01/10/2025;09/10/2025;27-oct-25;CLI-0122;EMP-505;ENT-QC;BD-1080;12;302,07;8,60;208,57;Représentant
CMD-103064;02/05/2025;07-mai-25;26/06/2025;CLI-0059;EMP-504;ENT-SAG;BD-1041;2;201,13;20,70;163,24;Portail web
CMD-102371;10/01/2025;17/01/2025;06/03/2025;CLI-0066;EMP-507;ENT-QC;BD-1127;4;254,20;15,60;174,31;Représentant
CMD-103034;30/04/2025;08/05/2025;2025-07-10;CLI-0154;EMP-507;ENT-SAG;BD-1166;6;373,20;10,20;217,35;Portail web
CMD-103163;2025-05-15;22/05/2025;24/07/2025;CLI-0088;EMP-504;ENT-MTL;BD-1124;2;216,54;15,10;153,77; 
CMD-103796;08/08/2025;2025-08-15;22/09/2025;  CLI-0115;EMP-509;ENT-QC;BD-1021;6;309,83;14,80;242,82;Représentant
CMD-103202;20/05/2025;22/05/2025;2025-06-19;CLI-0080;EMP-506;ENT-QC;BD-1014;2;38,33;14,20;27,18;Téléphone
CMD-104958;01-déc-25;07/12/2025;;CLI-0025;EMP-509;ENT-MTL;BD-1032;6;455,67;16,80;409,59;Portail web
CMD-104288;25/09/2025;01/10/2025;06/11/2025;CLI-0112;EMP-505;ENT-MTL;BD-1074;2;174,64;10,10;130,44;Représentant
CMD-102410;18/01/2025;20/01/2025;05-mars-25;CLI-0173;EMP-508;ENT-MTL;BD-1173;24;350,46;12,10;212,35;Portail web
CMD-104242;2025-09-22;26/09/2025;03/11/2025;CLI-0130;EMP-508;ENT-SAG;BD-1152;16;384,98;20,00;271,40;Téléphone
CMD-104244;22/09/2025;25/09/2025;16-nov-25;CLI-0158;EMP-507;ENT-QC;BD-1093;1;208,42;6,90;159,25;Représentant
CMD-104972;03/12/2025;2025-12-11;;CLI-0121;EMP-508;ENT-MTL;BD-1161;12;114,42;15,30;64,16;Représentant
CMD-102586;27/02/2025;05-mars-25;18/04/2025;CLI-0038;EMP-507;ENT-SAG;BD-1066;4;301,51;12,50;203,44;N/A
CMD-102526;2025-02-14;17/02/2025;02/04/2025;CLI-0061;EMP-503;ENT-MTL;BD-1120;6;253,56;14,60;186,72;Représentant
CMD-104736;04/11/2025;09/11/2025;2025-12-08;CLI-0118;EMP-504;ENT-QC;BD-1152;3;405,74;15,60;271,40;Courriel
CMD-104044;04/09/2025;10/09/2025;12/10/2025;CLI-0074;EMP-507;ENT-QC;BD-1048;21;39,85;22,20;33,51;Portail web
CMD-103128;10/05/2025;2025-05-17;14/06/2025;CLI-0132;EMP-507;ENT-MTL;BD-1023;2;313,35;17,00;244,32;Représentant
CMD-103708;28/07/2025;05/08/2025;16-oct-25;CLI-0059;EMP-504;ENT-SAG;BD-1005;13;252,47;22,80;208,35;Salon
CMD-102835;03/04/2025;11-avr-25;20/05/2025;CLI-0162;EMP-508;ENT-QC;BD-1068;12;479,06;15,00;290,25;Représentant
CMD-103548;30/06/2025;07/07/2025;;CLI-0037;EMP-504;ENT-MTL;BD-1056;19;392,20;20,30;293,14;Représentant
CMD-103745;2025-08-02;09/08/2025;17/09/2025;CLI-0005;EMP-503;ENT-SAG;BD-1022;6;438,02;3,60;298,47;Courriel
CMD-104423;07/10/2025;13-oct-25;08/11/2025;CLI-0132;EMP-507;ENT-QC;BD-1145;24;163,54;11,20;111,12;Portail web
CMD-104417;07/10/2025;2025-10-11;12/12/2025;CLI-0023;EMP-505;ENT-MTL;BD-1142;6;155,15;4,90;100,93;Téléphone
CMD-103558;2025-07-01;09/07/2025;19/08/2025;CLI-0073;EMP-501;ENT-QC;BD-1028;8;208,08;12,00;143,73;Représentant
CMD-103100;07/05/2025;09/05/2025;07-juil-25;CLI-0130;EMP-508;ENT-QC;BD-1033;4;139,99;25,30;113,22;Portail web
CMD-104175;16/09/2025;24-sept-25;16/11/2025;CLI-0121;EMP-508;ENT-SAG;BD-1045;2;116,22;11,30;78,37;Portail web
CMD-104300;26/09/2025;04/10/2025;2025-11-16;CLI-0014;EMP-502;ENT-QC;BD-1045;6;126,94;3,20;78,37;Courriel
CMD-103473;20/06/2025;27/06/2025;2025-08-12;CLI-0031;EMP-509;ENT-SAG;BD-1048;1;42,65;16,70;33,51;Courriel
CMD-103373;2025-06-10;14/06/2025;10/07/2025;CLI-0005;EMP-503;ENT-QC;BD-1057;8;28,52;4,40;23,20;Représentant
CMD-104166;16/09/2025;19/09/2025;04-déc-25;CLI-0200;EMP-509;ENT-MTL;BD-1046;6;414,56;13,10;372,17;Téléphone
CMD-104120;10/09/2025;18/09/2025;2025-10-05;CLI-0047;EMP-508;ENT-QC;BD-1061;3;99,24;16,00;76,81;Portail web
CMD-105090;24/12/2025;2026-01-01;;CLI-0037;EMP-504;ENT-MTL;BD-1100;9;429780,00;19,90;369,19;Représentant
CMD-102978;23/04/2025;26-avr-25;11/06/2025;CLI-0031;EMP-509;ENT-QC;BD-1176;6;525,56;16,60;328,78;Représentant
CMD-103485;23/06/2025;2025-07-01;03/08/2025;CLI-0115;EMP-509;ENT-SAG;BD-1013;1;456,54;11,60;315,34;Représentant
CMD-103084;06/05/2025;12-mai-25;30/06/2025;CLI-0207;EMP-501;ENT-MTL;BD-1051;4;119,11;8,10;79,76;Salon
CMD-102968;22/04/2025;27/04/2025;2025-06-10;CLI-0048;EMP-508;ENT-MTL;BD-1162;4;121,91;11,10;68,38;Représentant
CMD-102327;2025-01-01;10/01/2025;04/02/2025;CLI-0012;EMP-501;ENT-QC;BD-1133;70;83,06;18,10;62,95;Représentant
CMD-102954;2025-04-19;21/04/2025;07/06/2025;CLI-0154;EMP-507;ENT-QC;BD-1175;3;150,31;11,50;96,85;Téléphone
CMD-105023;15/12/2025;18/12/2025;;CLI-0099;EMP-505;ENT-QC;BD-1147;9;443,51;25,90;346,92;Courriel
CMD-103800;08/08/2025;12/08/2025;11/10/2025;CLI-0056;EMP-502;ENT-SAG;BD-1024;10;256,29;23,30;189,35;Représentant
CMD-104435;08/10/2025;2025-10-10;16/11/2025;CLI-0061;EMP-503;ENT-SAG;BD-1142;2;143,02;12,30;100,93;Téléphone
CMD-102814;02/04/2025;2025-04-06;05/05/2025;CLI-0185;EMP-508;ENT-QC;BD-1036;23;193,10;24,80;162,40;Représentant
CMD-103593;07-juil-25;10/07/2025;26/07/2025;CLI-0118;EMP-504;ENT-QC;BD-1059;24;455,01;13,70;391,48;Courriel
CMD-104532;15/10/2025;17/10/2025;21/11/2025;CLI-0157;EMP-502;ENT-SAG;BD-1135;3;64,59;11,90;40,73;Téléphone
CMD-103782;07-août-25;15/08/2025;07/10/2025;CLI-0219;EMP-505;ENT-MTL;BD-1036;3;242,56;5,50;191,63;Courriel
CMD-104950;01/12/2025;10/12/2025;;CLI-0012;EMP-501;ENT-SAG;BD-1130;8;450,59;20,20;323,89;Téléphone
CMD-104903;25/11/2025;28-nov-25;26/12/2025;CLI-0137;EMP-503;ENT-MTL;BD-1088;13;483,52;23,20;404,63;Représentant
CMD-103909;20/08/2025;2025-08-22;28/10/2025;CLI-0206;EMP-503;ENT-MTL;BD-1036;4;214,38;16,50;191,63;Portail web
CMD-104949;01-déc-25;08/12/2025;;CLI-0005;EMP-503;ENT-SAG;BD-1147;1;564,12;5,70;346,92;Représentant
CMD-103004;25/04/2025;30-avr-25;;CLI-0099;EMP-505;ENT-QC;BD-1157;5;40,06;23,50;25,21;Portail web
CMD-104238;20/09/2025;2025-09-23;04/11/2025;CLI-0041;EMP-508;ENT-QC;BD-1100;2;478,03;10,90;369,19;Téléphone
CMD-103109;08/05/2025;13-mai-25;27/06/2025;CLI-0051;EMP-509;ENT-QC;BD-1126;24;189,02;6,60;133,03;Représentant
CMD-105046;2025-12-18;27/12/2025;;CLI-0037;EMP-504;ENT-QC;BD-1072;20;303,19;23,40;236,88;Représentant
CMD-103619;10/07/2025;16/07/2025;08-sept-25;CLI-0127;EMP-503;ENT-SAG;BD-1104;4;99,14;10,40;76,70;Téléphone
CMD-103390;11/06/2025;14-juin-25;30/07/2025;CLI-0024;EMP-504;ENT-QC;BD-1178;8;198,60;3,30;119,43;Représentant
CMD-103558;01/07/2025;2025-07-09;19/08/2025;CLI-0073;EMP-501;ENT-QC;BD-1034;6;209,05;12,00;182,99;Représentant
CMD-104815;13/11/2025;17/11/2025;;CLI-0082;EMP-504;ENT-QC;BD-1146;4;358,24;4,60;225,52;Représentant
CMD-102664;2025-03-12;20/03/2025;01/05/2025;CLI-0044;EMP-505;ENT-QC;BD-1113;24;372,11;12,90;281,81;Représentant
CMD-104170;16/09/2025;2025-09-20;22/10/2025;CLI-0150;EMP-502;ENT-MTL;BD-1075;6;94,98;5,70;71,97;Courriel
CMD-103620;10/07/2025;2025-07-15;19/08/2025;CLI-0209;EMP-508;ENT-MTL;BD-1027;14;355,77;22,30;254,96;Téléphone
CMD-102711;2025-03-18;23/03/2025;03/05/2025;CLI-0176;EMP-503;ENT-SAG;BD-1091;1;539,04;5,10;284,93;Téléphone
CMD-102496;07/02/2025;2025-02-12;10/04/2025;CLI-0037;EMP-504;ENT-QC;BD-1043;6;422,41;20,00;300,28;Représentant
CMD-103974;2025-08-27;01/09/2025;06/10/2025;CLI-0089;EMP-502;ENT-MTL;BD-1119;24;74,22;19,20;59,67;Portail web
CMD-102799;31/03/2025;2025-04-05;05/06/2025;CLI-0081;EMP-502;ENT-MTL;BD-1163;4;541,85;11,60;300,77;Portail web
CMD-104610;23-oct-25;27/10/2025;25/11/2025;CLI-0066;EMP-507;ENT-MTL;BD-1137;3;38,15;10,90;25,59;Courriel
CMD-102977;23/04/2025;29/04/2025;2025-06-13;CLI-0108;EMP-503;ENT-QC;BD-1039;6;173,85;12,20;122,17;Représentant
CMD-104027;2025-09-03;12/09/2025;02/11/2025;CLI-0217;EMP-506;ENT-MTL;BD-1085;11;50,91;24,20;49,28;Représentant
CMD-103375;10/06/2025;14/06/2025;2025-07-21;CLI-0009 ;EMP-502;ENT-QC;BD-1047;18;83,37;21,80;71,53;Portail web
CMD-104253;23/09/2025;02/10/2025;2025-11-27;CLI-0076;EMP-507;ENT-SAG;BD-1177;5;303,11;25,60;215,66;Téléphone
CMD-103651;16-juil-25;25/07/2025;17/09/2025;CLI-0169;EMP-507;ENT-MTL;BD-1059;3;451,30;14,40;391,48;Téléphone
CMD-102797;31/03/2025;08/04/2025;2025-05-24;CLI-0099;EMP-505;ENT-MTL;BD-1176;2;474,98;24,70;328,78;Téléphone
CMD-102658;11/03/2025;2025-03-13;15/04/2025;CLI-0002;EMP-509;ENT-MTL;BD-1022;4;438,41;3,50;252,94;Courriel
CMD-103220;2025-05-22;29/05/2025;30/07/2025;CLI-0012;EMP-501;ENT-MTL;BD-1035;8;39,10;19,20;30,63;Téléphone
CMD-103728;31/07/2025;08-août-25;08/09/2025;CLI-0059;EMP-504;ENT-QC;BD-1060;3;321,28;18,80;291,44;Portail web
CMD-104149;13-sept-25;17/09/2025;03/11/2025;CLI-0034;EMP-507;ENT-QC;BD-1149;3;153,67;16,10;111,14;Représentant
CMD-102505;10/02/2025;16/02/2025;2025-04-22;CLI-0056;EMP-502;ENT-MTL;BD-1129;5;54,49;24,20;46,45;Téléphone
CMD-104602;2025-10-22;26/10/2025;09/12/2025;CLI-0031;EMP-509;ENT-QC;BD-1116;12;76,58;13,60;60,17;Représentant
CMD-104720;03-nov-25;07/11/2025;31/12/2025;CLI-0204;EMP-506;ENT-SAG;BD-1005;4;313,51;4,10;208,35;Représentant
CMD-102480;04/02/2025;2025-02-11;22/04/2025;CLI-0040;EMP-509;ENT-MTL;BD-1163;2;527,87;13,90;300,77;Téléphone
CMD-104274;24/09/2025;29/09/2025;2025-11-09;CLI-0036;EMP-505;ENT-SAG;BD-1083;4;267,00;13,10;189,32;Portail web
CMD-103575;2025-07-03;05/07/2025;09/09/2025;CLI-0188;EMP-506;ENT-MTL;BD-1087;8;342,47;11,20;215,66;Courriel
CMD-104183;17/09/2025;2025-09-21;27/10/2025;CLI-0136;EMP-507;ENT-MTL;BD-1102;1;429,91;11,30;260,69;Téléphone
CMD-104120;10/09/2025;18/09/2025;05/10/2025;CLI-0047;EMP-508;ENT-QC;BD-1036;1;215,71;16,00;191,63;
CMD-104100;09-sept-25;17/09/2025;13/11/2025;CLI-0217;EMP-506;ENT-MTL;BD-1101;12;82,37;24,10;75,83;Représentant
CMD-104080;08/09/2025;17/09/2025;2025-10-03;CLI-0111;EMP-507;ENT-QC;BD-1072;4;376,26;4,90;236,88;Courriel
CMD-103674;21/07/2025;2025-07-25;23/09/2025;CLI-0074;EMP-507;ENT-SAG;BD-1071;20;399,45;25,20;363,51;Portail web
CMD-105113;29/12/2025;04/01/2026;;CLI-0131;EMP-502;ENT-MTL;BD-1066;6;296,23;14,00;240,06;Téléphone
CMD-105107;2025-12-27;01/01/2026;;CLI-0045;EMP-502;ENT-QC;BD-1162;1;122,42;10,70;68,38;Téléphone
CMD-104201;18/09/2025;2025-09-21;21/11/2025;CLI-0036;EMP-505;ENT-QC;BD-1092;8;240,03;14,90;168,72;Représentant
CMD-102844;2025-04-04;08/04/2025;10/05/2025;CLI-0056;EMP-502;ENT-QC;BD-1046;7;373,98;21,60;315,40;Portail web
CMD-102463;30-janv-25;05/02/2025;12/04/2025;CLI-0191;EMP-504;ENT-QC;BD-1149;3;152,35;16,80;111,14;Portail web
CMD-103908;20/08/2025;25/08/2025;2025-10-27;CLI-0190;EMP-504;ENT-MTL;BD-1011;1;484,84;7,70;294,52;Représentant
CMD-103286;28/05/2025;2025-05-30;02/07/2025;CLI-0187;EMP-507;ENT-MTL;BD-1178;3;175,29;14,60;119,43;Représentant
CMD-103569;02/07/2025;10/07/2025;04-sept-25;CLI-0012;EMP-501;ENT-QC;BD-1015;5;396,35;25,40;325,38;Portail web
CMD-103630;11/07/2025;13/07/2025;20-août-25;CLI-0200;EMP-509;ENT-QC;BD-1107;6;192,83;12,50;150,54;Représentant
CMD-102469;31/01/2025;02/02/2025;2025-03-21;CLI-0155;EMP-506;ENT-SAG;BD-1131;3;55,93;16,60;37,08;Portail web
CMD-103778;07/08/2025;14/08/2025;2025-09-27;CLI-0089;EMP-502;ENT-MTL;BD-1042;2;359,75;18,50;267,02;Représentant
CMD-103106;2025-05-08;13/05/2025;29/06/2025;CLI-0137;EMP-503;ENT-MTL;BD-1159;3;226,10;21,80;169,65;Courriel
CMD-103240;23/05/2025;01/06/2025;30/06/2025;CLI-0056;EMP-502;ENT-MTL;BD-1133;61;77,94;23,10;62,95;Téléphone
CMD-102984;2025-04-24;26/04/2025;19/06/2025;CLI-0173 ;EMP-508;ENT-QC;BD-1009;8;89,71;14,70;67,67;Portail web
CMD-104239;22/09/2025;29/09/2025;2025-12-08;CLI-0074;EMP-507;ENT-MTL;BD-1035;10;38,88;19,60;30,63;Représentant
CMD-102880;2025-04-10;18/04/2025;28/06/2025;CLI-0074;EMP-507;ENT-QC;BD-1059;7;401,10;23,90;331,76;Représentant
CMD-103237;23/05/2025;26/05/2025;2025-08-18;CLI-0132;EMP-507;ENT-MTL;BD-1040;8;376,09;14,70;274,41;Représentant
CMD-102692;2025-03-14;18/03/2025;;CLI-0072;EMP-501;ENT-QC;BD-1110;3;243,98;14,10;182,67;Représentant
CMD-103553;01/07/2025;08/07/2025;28/08/2025;CLI-0031;EMP-509;ENT-QC;BD-1025;4;195,26;16,50;149,35;Représentant
CMD-104446;09-oct-25;12/10/2025;20/12/2025;CLI-0202;EMP-504;ENT-SAG;BD-1056;24;467,33;5,00;293,14;Représentant
CMD-102781;28/03/2025;01/04/2025;27-mai-25;CLI-0133;EMP-508;ENT-QC;BD-1104;6;92,21;16,70;76,70;Portail web
CMD-104045;04-sept-25;12/09/2025;29/10/2025;CLI-0130;EMP-508;ENT-QC;BD-1049;20;41,25;24,50;31,22;Représentant
CMD-104975;04/12/2025;13/12/2025;;CLI-0057;EMP-507;ENT-MTL;BD-1132;4;170,88;14,00;128,45;Téléphone
CMD-103932;22/08/2025;27/08/2025;2025-09-28;CLI-0047;EMP-508;ENT-MTL;BD-1017;2;503,27;10,70;313,71;Représentant
CMD-103846;14/08/2025;2025-08-21;26/10/2025;CLI-0009;EMP-502;ENT-MTL;BD-1039;18;149,18;24,60;122,17;Représentant
CMD-104773;08/11/2025;2025-11-10;20/12/2025;CLI-0051;EMP-509;ENT-MTL;BD-1172;3;399,33;4,60;221,22;Portail web
CMD-104504;2025-10-14;22/10/2025;06/12/2025;CLI-0178;EMP-501;ENT-QC;BD-1074;8;185,62;4,40;130,44;Portail web
CMD-103465;19/06/2025;22-juin-25;13/08/2025;CLI-0166;EMP-503;ENT-QC;BD-1009;1;87,83;16,50;67,67;Portail web
CMD-104464;10/10/2025;2025-10-13;11/12/2025;CLI-0156;EMP-502;ENT-SAG;BD-1175;8;157,96;6,90;96,85;Représentant
CMD-104466;10/10/2025;2025-10-18;12/12/2025;CLI-0200;EMP-509;ENT-QC;BD-1138;2;126,16;14,40;88,19;Téléphone
CMD-105085;24/12/2025;02/01/2026;;CLI-0211;EMP-504;ENT-MTL;BD-1165;24;158,98;13,60;107,92;Téléphone
CMD-104946;29/11/2025;04/12/2025;19/12/2025;CLI-0206;EMP-503;ENT-QC;BD-1076;24;485,23;13,50;338,68;Représentant
CMD-104564;17/10/2025;22/10/2025;20-déc-25;CLI-0144;EMP-502;ENT-QC;BD-1169;8;500,90;13,10;282,28;Portail web
CMD-103832;13/08/2025;19-août-25;28/09/2025;CLI-0129;EMP-508;ENT-MTL;BD-1170;2;32,40;7,90;16,95;Représentant
CMD-102436;2025-01-24;02/02/2025;21/03/2025;CLI-0001;EMP-508;ENT-QC;BD-1131;2;61,77;7,90;37,08;Portail web
CMD-104253;2025-09-23;02/10/2025;27/11/2025;CLI-0076;EMP-507;ENT-SAG;BD-1103;3;169,39;25,60;154,84;Représentant
CMD-103977;28/08/2025;05/09/2025;20/10/2025;CLI-0132;EMP-507;ENT-QC;BD-1157;8;45,54;13,00;25,21;Courriel
CMD-103040;30/04/2025;03/05/2025;2025-06-12;CLI-0033;EMP-504;ENT-QC;BD-1043;6;439,79;16,70;300,28;Téléphone
CMD-102812;01/04/2025;10/04/2025;2025-06-08;CLI-0166;EMP-503;ENT-QC;BD-1045;8;116,20;11,30;78,37;Représentant
CMD-103884;2025-08-18;24/08/2025;14/10/2025;CLI-0209;EMP-508;ENT-QC;BD-1117;15;116,56;21,30;100,34;Courriel
CMD-103174;2025-05-16;24/05/2025;18/07/2025;CLI-0039;EMP-503;ENT-MTL;BD-1020;4;55,72;3,10;33,12;Représentant
CMD-104701;31/10/2025;04-nov-25;;CLI-0025;EMP-509;ENT-QC;BD-1102;2;427,79;11,80;260,69;Représentant
CMD-104097;09/09/2025;17/09/2025;2025-11-22;CLI-0041;EMP-508;ENT-MTL;BD-1051;8;116,16;10,40;79,76;Portail web
CMD-104478;11/10/2025;2025-10-14;10/11/2025;CLI-0095;EMP-505;ENT-SAG;BD-1066;2;329,14;4,50;240,06;Représentant
CMD-102933;2025-04-17;25/04/2025;22/06/2025;CLI-0056;EMP-502;ENT-QC;BD-1044;4;242,59;24,90;199,55;Représentant
CMD-104649;27/10/2025;29/10/2025;2025-12-09;CLI-0056;EMP-502;ENT-QC;BD-1137;25;32,69;23,60;25,59;Représentant
CMD-103659;17-juil-25;23/07/2025;13/08/2025;CLI-0025;EMP-509;ENT-SAG;BD-1073;2;382,27;15,00;307,22;Portail web
CMD-102610;04/03/2025;2025-03-09;06/05/2025;CLI-0089;EMP-502;ENT-QC;BD-1079;44;200,93;23,80;147,87;Portail web
CMD-103230;22/05/2025;28/05/2025;11/07/2025;CLI-0216;EMP-503;ENT-MTL;BD-1123;3;201,31;7,40;132,28;Salon
CMD-104288;25/09/2025;01/10/2025;2025-11-06;CLI-0112;EMP-505;ENT-MTL;BD-1104;2;99,54;10,10;76,70;Portail web
CMD-104062;05/09/2025;10/09/2025;21/10/2025;CLI-0206;EMP-503;ENT-MTL;BD-1044;2;276,04;14,50;199,55;Représentant
CMD-103127;2025-05-09;15/05/2025;03/07/2025;CLI-0056;EMP-502;ENT-SAG;BD-1026;12;334,03;23,80;246,82;Représentant
CMD-103860;2025-08-15;21/08/2025;17/09/2025;CLI-0076;EMP-507;ENT-QC;BD-1027;31;373,27;18,50;254,96;Représentant
CMD-104084;09/09/2025;2025-09-16;30/10/2025;CLI-0112;EMP-505;ENT-MTL;BD-1059;4;446,50;15,30;391,48;Représentant
CMD-103271;27/05/2025;03-juin-25;17/07/2025;CLI-0047;EMP-508;ENT-QC;BD-1032;12;461,73;15,60;409,59;Salon
CMD-103207;20/05/2025;22/05/2025;08-juil-25;CLI-0009;EMP-502;ENT-QC;BD-1108;6;210,89;22,80;169,96;Téléphone
CMD-102906;14/04/2025;23/04/2025;2025-05-17;CLI-0037;EMP-504;ENT-QC;BD-1055;6;246,62;24,90;213,75;Portail web
CMD-104652;27/10/2025;29/10/2025;2025-12-04;CLI-0091;EMP-504;ENT-MTL;BD-1037;4;27,93;6,70;16,65;Portail web
CMD-104941;28-nov-25;04/12/2025;;CLI-0037;EMP-504;ENT-QC;BD-1100;19;439,29;18,10;369,19;Représentant
CMD-103823;12/08/2025;21/08/2025;26/09/2025;CLI-0061;EMP-503;ENT-QC;BD-1008;12;196,77;15,90;155,34;Représentant
CMD-103354;06/06/2025;09/06/2025;03/08/2025;CLI-0139;EMP-506;ENT-MTL;BD-1016;2;353,27;14,50;224,02;Portail web
CMD-104651;27/10/2025;30-oct-25;22/12/2025;CLI-0185;EMP-508;ENT-QC;BD-1136;3;166,82;19,70;112,45;Représentant
CMD-102764;26/03/2025;04/04/2025;29/05/2025;CLI-0084;EMP-503;ENT-QC;BD-1103;1;201,70;11,50;154,84;Représentant
CMD-103551;01/07/2025;06/07/2025;2025-09-17;CLI-0012;EMP-501;ENT-QC;BD-1056;19;389,53;20,80;293,14;
CMD-103718;29/07/2025;01/08/2025;2025-09-23;CLI-0143;EMP-503;ENT-MTL;BD-9462;2;344,38;13,60;212,35;Représentant
CMD-103469;20-juin-25;24/06/2025;;CLI-0182;EMP-503;ENT-SAG;BD-1004;3;236,26;13,80;158,83;Représentant
CMD-104890;22/11/2025;01/12/2025;;CLI-0074;EMP-507;ENT-QC;BD-1099;18;403,24;18,80;346,57;Salon
CMD-102357;08/01/2025;11/01/2025;2025-02-20;CLI-0140;EMP-502;ENT-MTL;BD-1060;3;366,05;7,50;246,98;Portail web
CMD-102409;18/01/2025;25/01/2025;2025-03-22;CLI-0143;EMP-503;ENT-QC;BD-1180;4;157,18;17,00;95,30;Représentant
CMD-103625;11/07/2025;2025-07-16;;CLI-0198;EMP-504;ENT-SAG;BD-1113;2;411,72;3,60;281,81;Représentant
CMD-103135;12/05/2025;2025-05-16;01/07/2025;CLI-0126;EMP-502;ENT-MTL;BD-1122;3;284,18;16,70;212,67;Représentant
CMD-102668;12/03/2025;21/03/2025;2025-05-01;CLI-0158;EMP-507;ENT-QC;BD-1014;8;41,92;6,20;27,18;Téléphone
CMD-104308;26/09/2025;28/09/2025;28/11/2025;CLI-0187;EMP-507;ENT-QC;BD-1040;8;375,21;14,90;274,41;Téléphone
CMD-104717;01/11/2025;10/11/2025;28-déc-25;CLI-0121;EMP-508;ENT-QC;BD-1065;12;211,05;15,40;155,19; 
CMD-104794;11/11/2025;15-nov-25;;CLI-0067;EMP-502;ENT-SAG;BD-1129;1;62,40;13,20;46,45;Portail web
CMD-104789;11/11/2025;2025-11-16;22/12/2025;CLI-0044;EMP-505;ENT-MTL;BD-1096;4;250,56;15,40;205,70;Téléphone
CMD-103167;15/05/2025;19/05/2025;2025-06-29;CLI-0143;EMP-503;ENT-QC;BD-1110;3;253,48;10,70;182,67;Représentant
CMD-102929;17/04/2025;20/04/2025;31-mai-25;CLI-0076;EMP-507;ENT-MTL;BD-1169;25;428,81;25,60;282,28;Courriel
CMD-104902;25/11/2025;29/11/2025;;CLI-0215;EMP-503;ENT-QC;BD-1139;8;350,53;2,30;203,11;Représentant
CMD-102922;16/04/2025;2025-04-25;02/06/2025;CLI-0099;EMP-505;ENT-SAG;BD-1101;30;84,56;22,10;64,26;Représentant
CMD-103570;02/07/2025;04-juil-25;18/08/2025;CLI-0185;EMP-508;ENT-QC;BD-1028;9;181,91;23,10;143,73;Représentant
CMD-104715;31/10/2025;04-nov-25;;CLI-0089;EMP-502;ENT-QC;BD-1146;12;283,34;24,60;225,52;Portail web
CMD-103298;29/05/2025;2025-06-06;29/07/2025;CLI-0043;EMP-506;ENT-MTL;BD-1055;12;279,91;14,80;213,75;Représentant
CMD-103085;06/05/2025;14/05/2025;25-juil-25;CLI-0047;EMP-508;ENT-MTL;BD-1121;4;67,64;13,10;44,65;Représentant
CMD-102911;15/04/2025;22/04/2025;2025-05-28;CLI-0169;EMP-507;ENT-MTL;BD-1053;4;285,30;12,80;180,55;Représentant
CMD-102882;11/04/2025;15/04/2025;2025-05-25;CLI-0089;EMP-502;ENT-MTL;BD-1158;13;267,87;23,40;184,61;Représentant
CMD-103427;16/06/2025;19-juin-25;15/08/2025;CLI-0119;EMP-503;ENT-QC;BD-1112;4;108,94;5,20;67,02;Téléphone
CMD-103447;2025-06-17;22/06/2025;04/08/2025;CLI-0171;EMP-507;ENT-MTL;BD-1051;3;119,96;7,50;79,76;Portail web
CMD-103402;12/06/2025;21/06/2025;25-juil-25;CLI-0076;EMP-507;ENT-SAG;BD-1027;10;371,55;18,90;254,96;Représentant
CMD-102871;09/04/2025;12/04/2025;2025-05-20;CLI-0021;EMP-501;ENT-QC;BD-1103;2;212,62;6,70;154,84;Représentant
CMD-104470;2025-10-10;14/10/2025;03/12/2025;CLI-0072;EMP-501;ENT-SAG;BD-1037;1;25,94;13,30;16,65;Représentant
CMD-105023;15/12/2025;18/12/2025;;CLI-0099;EMP-505;ENT-QC;BD-1129;3;53,30;25,90;46,45;Représentant
CMD-104648;27/10/2025;2025-11-04;10/12/2025;CLI-0167;EMP-506;ENT-QC;BD-1102;3;450,51;7,10;260,69;Téléphone
CMD-104299;26-sept-25;28/09/2025;25/11/2025;CLI-0057;EMP-507;ENT-MTL;BD-1029;6;346,91;11,50;243,45;Téléphone
CMD-104065;06-sept-25;10/09/2025;23/10/2025;CLI-0199;EMP-504;ENT-QC;BD-1009;1;90,38;14,10;67,67;Représentant
CMD-103884;18/08/2025;2025-08-24;14/10/2025;CLI-0209;EMP-508;ENT-QC;BD-1009;5;82,74;21,30;67,67;Courriel
CMD-104074;08/09/2025;14/09/2025;24/11/2025;CLI-0003;EMP-508;ENT-QC;BD-1068;3;550,43;2,40;342,49;Représentant
CMD-102443;27/01/2025;01/02/2025;2025-03-15;CLI-0116;EMP-509;ENT-QC;BD-1135;2;64,23;12,40;40,73;Représentant
CMD-102604;2025-03-03;10/03/2025;11/05/2025;CLI-0037;EMP-504;ENT-QC;BD-9080;3;56,73;24,00;47,23;Représentant
CMD-104755;05/11/2025;2025-11-12;;CLI-0054;EMP-507;ENT-MTL;BD-1077;24;304,36;11,00;171,09;Portail web
CMD-105100;26/12/2025;03/01/2026;;CLI-0153;EMP-507;ENT-MTL;BD-1094;12;170,45;16,40;124,30;Téléphone
CMD-103222;22/05/2025;2025-05-24;24/06/2025;CLI-0142;EMP-508;ENT-QC;BD-1058;6;223,91;8,50;149,54;Salon
CMD-102524;13/02/2025;17/02/2025;2025-03-08;CLI-0088;EMP-504;ENT-SAG;BD-1055;8;292,75;10,90;213,75;Portail web
CMD-104194;17/09/2025;23/09/2025;05-déc-25;CLI-0148;EMP-501;ENT-MTL;BD-1087;6;346,49;10,20;215,66;Courriel
CMD-104374;2025-10-02;04/10/2025;15/11/2025;CLI-0012;EMP-501;ENT-MTL;BD-1075;17;80,19;20,40;71,97;Téléphone
CMD-105010;2025-12-12;17/12/2025;;CLI-0024;EMP-504;ENT-QC;BD-1181;4;573,80;8,20;312,40;Représentant
CMD-103697;24/07/2025;31/07/2025;28-sept-25;CLI-0123;EMP-501;ENT-SAG;BD-1114;4;215,39;14,70;152,73;Représentant
CMD-102933;2025-04-17;25/04/2025;22/06/2025;CLI-0056;EMP-502;ENT-QC;BD-1058;16;183,86;24,90;149,54;N/A
CMD-102718;31/02/2024;22/03/2025;13/05/2025;CLI-0212;EMP-507;ENT-QC;BD-1152;5;361,51;24,80;271,40;Téléphone
CMD-102874;09/04/2025;2025-04-12;13/06/2025;CLI-0169;EMP-507;ENT-MTL;BD-1136;1;186,12;10,40;112,45;Portail web
CMD-103459;2025-06-19;21/06/2025;01/08/2025;CLI-0096;EMP-504;ENT-MTL;BD-1030;4;166,71;8,90;119,13;Représentant
CMD-102689;13/03/2025;2025-03-21;13/05/2025;CLI-0212;EMP-507;ENT-SAG;BD-1091;12;420,58;26,00;284,93;Portail web
CMD-102658;11/03/2025;2025-03-13;15/04/2025;CLI-0002;EMP-509;ENT-MTL;BD-1005;4;315,41;3,50;208,35;Représentant
CMD-104961;2025-12-02;11/12/2025;;CLI-0146;EMP-503;ENT-MTL;BD-1083;2;265,52;13,60;189,32;Représentant
CMD-103469;20/06/2025;24/06/2025;;CLI-0182;EMP-503;ENT-SAG;BD-1025;3;201,54;13,80;149,35;Représentant
CMD-103564;2025-07-02;10/07/2025;09/09/2025;CLI-0199;EMP-504;ENT-QC;BD-1028;1;210,01;11,20;143,73;Représentant
CMD-104679;29/10/2025;07/11/2025;2025-12-16;CLI-0041;EMP-508;ENT-MTL;BD-1126;4;178,31;11,90;133,03;Représentant
CMD-103216;2025-05-21;29/05/2025;16/07/2025;CLI-0065;EMP-504;ENT-SAG;BD-1050;4;484,38;3,90;297,82;Représentant
CMD-104629;24/10/2025;26/10/2025;2025-12-04;CLI-0185;EMP-508;ENT-MTL;BD-1009;23;83,55;20,60;67,67;Téléphone
CMD-103873;16/08/2025;18/08/2025;2025-10-09;CLI-0031;EMP-509;ENT-MTL;BD-1039;12;174,42;11,90;122,17;Portail web
CMD-103502;25/06/2025;27/06/2025;2025-07-27;CLI-0169;EMP-507;ENT-QC;BD-1088;24;542,75;13,80;404,63;
CMD-104547;16/10/2025;2025-10-23;15/12/2025;CLI-0036;EMP-505;ENT-MTL;BD-1174;2;245,72;16,70;169,01;Téléphone
CMD-104262;23/09/2025;2025-10-01;19/11/2025;CLI-0115 ;EMP-509;ENT-MTL;BD-1065;2;215,82;13,50;155,19;Représentant
CMD-103131;10/05/2025;13/05/2025;17-juin-25;CLI-0191;EMP-504;ENT-QC;BD-1005;6;280,99;14,10;208,35;Représentant
CMD-103757;05/08/2025;07/08/2025;15-sept-25;CLI-0059;EMP-504;ENT-QC;BD-1054;16;366,04;21,40;262,94;Représentant
CMD-104702;2025-10-31;06/11/2025;;CLI-0029;EMP-506;ENT-MTL;BD-1129;12;55,35;23,00;46,45;Téléphone
CMD-103547;30/06/2025;2025-07-02;08/08/2025;CLI-0192;EMP-505;ENT-MTL;BD-1124;8;239,49;6,10;153,77;Portail web
CMD-104814;2025-11-13;17/11/2025;;CLI-0216;EMP-503;ENT-QC;BD-1178;12;199,45;2,80;119,43;Portail web
CMD-104902;2025-11-25;29/11/2025;;CLI-0215;EMP-503;ENT-QC;BD-1076;12;548,21;2,30;338,68;Téléphone
CMD-103786;07/08/2025;12/08/2025;2025-09-24;CLI-0052;EMP-504;ENT-QC;BD-1026;3;374,91;14,50;246,82;Téléphone
CMD-103661;17/07/2025;2025-07-26;18/09/2025;CLI-0131;EMP-502;ENT-SAG;BD-1016;3;363,36;12,10;224,02;Courriel
CMD-102365;09-janv-25;17/01/2025;10/02/2025;CLI-0114;EMP-502;ENT-QC;BD-1137;24;41,82;2,30;25,59;Représentant
CMD-104214;18/09/2025;21-sept-25;22/11/2025;CLI-0197;EMP-507;ENT-SAG;BD-1039;8;181,61;8,30;122,17;Téléphone
CMD-104884;21/11/2025;28/11/2025;;CLI-0190;EMP-504;ENT-MTL;BD-1045;3;128,11;2,30;78,37;Courriel
CMD-104313;26/09/2025;30-sept-25;12/11/2025;CLI-0033;EMP-504;ENT-QC;BD-1071;2;471,43;11,70;363,51;Téléphone
CMD-102970;22-avr-25;25/04/2025;01/06/2025;CLI-0061;EMP-503;ENT-MTL;BD-1057;3;24,87;16,60;19,66;Portail web
CMD-105022;15/12/2025;24/12/2025;;CLI-0080;EMP-506;ENT-MTL;BD-1073;2;383,31;14,80;307,22;Courriel
CMD-103253;26/05/2025;2025-06-01;10/07/2025;  CLI-0081;EMP-502;ENT-SAG;BD-1018;8;405,65;12,70;247,17;Représentant
CMD-102865;08/04/2025;15-avr-25;19/05/2025;CLI-0019;EMP-502;ENT-QC;BD-1050;6;477,92;5,20;297,82;Portail web
CMD-102428;2025-01-23;29/01/2025;27/03/2025;CLI-0029;EMP-506;ENT-QC;BD-1122;20;267,77;21,50;212,67;Téléphone
CMD-104542;16/10/2025;21-oct-25;16/11/2025;CLI-0192;EMP-505;ENT-QC;BD-1093;3;215,10;3,90;159,25;Représentant
CMD-104200;18/09/2025;24/09/2025;2025-11-13;CLI-0045;EMP-502;ENT-MTL;BD-1122;2;298,17;12,60;212,67;Téléphone
CMD-102429;23/01/2025;29/01/2025;2025-03-30;CLI-0009;EMP-502;ENT-SAG;BD-1154;12;420,73;21,30;329,92;Téléphone
CMD-104747;05/11/2025;10-nov-25;20/12/2025;CLI-0109;EMP-501;ENT-MTL;BD-1086;3;128,51;6,70;97,25;Représentant
CMD-105045;18/12/2025;20/12/2025;;CLI-0123;EMP-501;ENT-SAG;BD-1139;12;313,11;12,70;203,11;Représentant
CMD-103948;25/08/2025;2025-09-01;21/09/2025;CLI-0194;EMP-506;ENT-MTL;BD-1178;4;196,48;4,30;119,43;Représentant
CMD-103072;05/05/2025;08/05/2025;09-juil-25;CLI-0105;EMP-502;ENT-QC;BD-1055;4;307,10;6,50;213,75;Représentant
CMD-104067;08/09/2025;16-sept-25;21/10/2025;CLI-0185;EMP-508;ENT-QC;BD-1164;4;155,46;20,30;100,45;Téléphone
CMD-104001;01/09/2025;08-sept-25;09/10/2025;CLI-0099;EMP-505;ENT-QC;BD-1089;6;254,76;19,50;189,92;Représentant
CMD-102779;2025-03-28;04/04/2025;26/04/2025;CLI-0209;EMP-508;ENT-MTL;BD-1121;15;62,96;19,10;44,65;Salon
CMD-104320;2025-09-29;05/10/2025;28/11/2025;CLI-0185;EMP-508;ENT-QC;BD-1081;5;455,87;23,10;364,83;Téléphone
CMD-104568;17/10/2025;23-oct-25;09/12/2025;CLI-0041;EMP-508;ENT-MTL;BD-1071;4;446,54;16,30;363,51;Salon
CMD-102377;13/01/2025;17/01/2025;2025-02-13;CLI-0209;EMP-508;ENT-QC;BD-1175;8;128,64;24,20;96,85;Représentant
CMD-103922;2025-08-21;29/08/2025;22/10/2025;CLI-0096;EMP-504;ENT-SAG;BD-1031;6;480,27;7,50;300,62;Représentant
CMD-104273;24/09/2025;30-sept-25;28/10/2025;CLI-0220;EMP-506;ENT-MTL;BD-1143;3;328,35;12,50;220,45;Portail web
CMD-103789;07/08/2025;13-août-25;11/10/2025;CLI-0074;EMP-507;ENT-QC;BD-1117;5;118,19;20,20;100,34;Représentant
CMD-104322;29/09/2025;02/10/2025;13-nov-25;CLI-0054;EMP-507;ENT-QC;BD-1071;1;459,08;14,00;363,51;Représentant
CMD-102406;2025-01-17;21/01/2025;16/03/2025;CLI-0118;EMP-504;ENT-MTL;BD-1151;1;135,86;14,50;92,25;Représentant
CMD-103805;09/08/2025;17/08/2025;2025-09-28;CLI-0077;EMP-501;ENT-MTL;BD-1041;3;247,18;2,50;163,24;Téléphone
CMD-104467;2025-10-10;13/10/2025;19/11/2025;CLI-0208;EMP-507;ENT-SAG;BD-1129;4;62,70;12,80;46,45;Courriel
CMD-104255;23/09/2025;30-sept-25;25/11/2025;CLI-0175;EMP-505;ENT-QC;BD-1158;6;331,02;5,30;184,61;Représentant
CMD-103598;08/07/2025;11/07/2025;2025-09-14;CLI-0091;EMP-504;ENT-MTL;BD-1023;4;369,00;2,20;244,32;Représentant
CMD-103709;2025-07-28;01/08/2025;12/09/2025;CLI-0076;EMP-507;ENT-SAG;BD-1013;60;403,44;21,80;315,34;Représentant
CMD-103605;08/07/2025;16-juil-25;03/09/2025;CLI-0080;EMP-506;ENT-QC;BD-1048;8;44,23;13,60;33,51;Représentant
CMD-103418;13/06/2025;22/06/2025;23/07/2025;CLI-0148;EMP-501;ENT-SAG;BD-1123;3;191,66;11,90;132,28;Représentant
CMD-103040;2025-04-30;03/05/2025;12/06/2025;CLI-0033;EMP-504;ENT-QC;BD-1162;2;114,21;16,70;68,38;Représentant
CMD-103014;28/04/2025;02/05/2025;2025-06-30;CLI-0074;EMP-507;ENT-QC;BD-1040;8;329,88;25,20;274,41;Portail web
CMD-104809;13/11/2025;22/11/2025;;CLI-0133;EMP-508;ENT-SAG;BD-1086;2;116,79;15,20;97,25;Représentant
CMD-102515;12/02/2025;19-févr-25;27/03/2025;CLI-0009;EMP-502;ENT-QC;BD-9284;9;301,55;24,60;229,43;Téléphone
CMD-102900;14/04/2025;22/04/2025;27-juin-25;CLI-0053;EMP-509;ENT-SAG;BD-1142;6;138,00;15,40;100,93;Salon
CMD-103455;19/06/2025;2025-06-25;02/08/2025;CLI-0209;EMP-508;ENT-QC;BD-1126;7;155,30;23,30;133,03;Représentant
CMD-102355;07/01/2025;2025-01-13;01/03/2025;CLI-0079;EMP-509;ENT-MTL;BD-1153;6;195,53;2,50;116,00;Représentant
CMD-104911;26/11/2025;03/12/2025;;CLI-0130;EMP-508;ENT-MTL;BD-1097;7;289,13;21,40;253,06;Courriel
CMD-102711;18/03/2025;23-mars-25;03/05/2025;CLI-0176;EMP-503;ENT-SAG;BD-1128;3;137,47;5,10;78,87;Téléphone
CMD-104590;21/10/2025;26-oct-25;24/12/2025;CLI-0084;EMP-503;ENT-SAG;BD-1159;2;257,79;10,80;169,65;Représentant
CMD-104644;27-oct-25;05/11/2025;;CLI-0217;EMP-506;ENT-SAG;BD-1152;9;358,21;25,50;271,40;Représentant
CMD-104194;17/09/2025;23/09/2025;2025-12-05;CLI-0148;EMP-501;ENT-MTL;BD-1143;2;336,96;10,20;220,45;Portail web
CMD-102350;07/01/2025;2025-01-15;15/02/2025;CLI-0043;EMP-506;ENT-QC;BD-1068;3;498,22;11,70;290,25;Représentant
CMD-103787;07-août-25;13/08/2025;02/10/2025;CLI-0152;EMP-503;ENT-MTL;BD-1172;24;400,96;4,20;221,22;Salon
CMD-103786;07/08/2025;12/08/2025;24-sept-25;CLI-0052;EMP-504;ENT-QC;BD-1161;8;115,51;14,50;64,16;Téléphone
CMD-104985;05/12/2025;07/12/2025;;CLI-0045;EMP-502;ENT-SAG;BD-1111;3;188,65;14,90;148,90;Portail web
CMD-102727;2025-03-20;29/03/2025;04/05/2025;CLI-0056;EMP-502;ENT-MTL;BD-1093;2;178,34;20,30;134,96;Représentant
CMD-103964;26/08/2025;28/08/2025;08-nov-25;CLI-0062;EMP-507;ENT-MTL;BD-1051;3;109,32;15,70;79,76;Portail web
CMD-103239;23-mai-25;25/05/2025;15/07/2025;CLI-0063;EMP-503;ENT-QC;BD-1042;6;394,49;10,60;267,02;Représentant
CMD-103677;21/07/2025;2025-07-26;13/09/2025;CLI-0183;EMP-506;ENT-QC;BD-1141;1;474,63;4,90;314,24;Portail web
CMD-105033;17/12/2025;23/12/2025;;CLI-0163;EMP-505;ENT-MTL;BD-1083;2;290,81;5,30;189,32;Représentant
CMD-104829;17/11/2025;2025-11-24;;CLI-0127;EMP-503;ENT-QC;BD-1093;3;197,87;11,60;159,25;Portail web
CMD-103446;17/06/2025;2025-06-26;09/08/2025;CLI-0056;EMP-502;ENT-MTL;BD-1100;17;429,04;20,00;369,19;Représentant
CMD-103284;2025-05-28;05/06/2025;27/07/2025;CLI-0147;EMP-506;ENT-MTL;BD-1035;8;45,11;6,80;30,63;Courriel
CMD-104735;04/11/2025;2025-11-10;;CLI-0059;EMP-504;ENT-QC;BD-1135;7;59,97;18,20;40,73;Téléphone
CMD-104854;19/11/2025;21/11/2025;;CLI-0061;EMP-503;ENT-QC;BD-1139;24;305,51;14,80;203,11;Salon
CMD-103484;2025-06-23;30/06/2025;25/08/2025;CLI-0137;EMP-503;ENT-SAG;BD-1156;16;242,19;19,80;164,64;Représentant
CMD-103082;06-mai-25;14/05/2025;30/06/2025;CLI-0009;EMP-502;ENT-MTL;BD-1122;18;277,79;18,60;212,67;Représentant
CMD-103988;29/08/2025;03/09/2025;12-nov-25;CLI-0131;EMP-502;ENT-SAG;BD-1179;2;358,76;16,90;231,35;Téléphone
CMD-104676;29/10/2025;2025-11-03;08/12/2025;CLI-0182;EMP-503;ENT-QC;BD-1150;2;532,22;15,00;347,06;Représentant
CMD-104140;12/09/2025;19/09/2025;28/11/2025;CLI-0183;EMP-506;ENT-MTL;BD-1079;8;248,92;5,60;147,87;Portail web
CMD-103695;2025-07-23;01/08/2025;26/09/2025;CLI-0135;EMP-506;ENT-QC;BD-1095;6;91,26;12,00;64,62;Portail web
CMD-103842;14/08/2025;17/08/2025;2025-09-08;CLI-0119;EMP-503;ENT-MTL;BD-1004;6;261,73;4,50;158,83;Portail web
CMD-103124;09/05/2025;15/05/2025;13/07/2025;CLI-0157;EMP-502;ENT-SAG;BD-1028;3;203,46;13,90;143,73;Représentant
CMD-103760;05/08/2025;13-août-25;12/09/2025;CLI-0123;EMP-501;ENT-MTL;BD-1014;2;39,34;12,00;27,18;Représentant
CMD-102833;03-avr-25;06/04/2025;31/05/2025;CLI-0037;EMP-504;ENT-MTL;BD-1052;19;248,47;19,10;183,03;Courriel
CMD-104926;27/11/2025;04-déc-25;;CLI-0102;EMP-506;ENT-QC;BD-1100;3;511,85;4,60;369,19;Portail web
CMD-104615;23-oct-25;26/10/2025;28/12/2025;CLI-0038;EMP-507;ENT-MTL;BD-1098;2;366,01;17,00;309,76;Représentant
CMD-104266;23/09/2025;01-oct-25;28/11/2025;CLI-0169;EMP-507;ENT-SAG;BD-1074;12;167,73;13,60;130,44;Représentant
CMD-104032;03-sept-25;06/09/2025;15/10/2025;CLI-0145;EMP-504;ENT-MTL;BD-1041;4;245,35;3,20;163,24;Représentant
CMD-102942;2025-04-18;25/04/2025;27/05/2025;CLI-0014;EMP-502;ENT-MTL;BD-1064;2;115,59;7,70;70,89;Portail web
CMD-104232;20/09/2025;26/09/2025;2025-11-02;CLI-0212;EMP-507;ENT-QC;BD-1169;9;466,91;19,00;282,28;Portail web
CMD-103434;16/06/2025;2025-06-25;27/07/2025;CLI-0101;EMP-509;ENT-MTL;BD-1009;2;97,11;7,70;67,67;Représentant
CMD-102573;24/02/2025;26/02/2025;2025-05-06;CLI-0037;EMP-504;ENT-MTL;BD-1162;24;108,99;20,50;68,38;Représentant
CMD-104114;10-sept-25;18/09/2025;15/11/2025;CLI-0089;EMP-502;ENT-QC;BD-1074;12;155,76;19,80;130,44;Portail web
CMD-102581;26/02/2025;2025-03-07;;cli-0053;EMP-509;ENT-MTL;BD-1172;3;352,94;15,70;221,22;Représentant
CMD-104838;18/11/2025;2025-11-26;;CLI-0050;EMP-502;ENT-QC;BD-1091;6;495,65;12,70;336,22;Téléphone
CMD-105091;24/12/2025;30-déc-25;;CLI-0191;EMP-504;ENT-QC;BD-1077;3;294,82;13,80;171,09;Courriel
CMD-103515;26/06/2025;2025-06-28;21/08/2025;CLI-0019;EMP-502;ENT-QC;BD-1016;24;387,75;6,20;224,02;Téléphone
CMD-104273;2025-09-24;30/09/2025;28/10/2025;CLI-0220;EMP-506;ENT-MTL;BD-1041;4;221,89;12,50;163,24;Téléphone
CMD-104208;2025-09-18;25/09/2025;21/11/2025;CLI-0157;EMP-502;ENT-MTL;BD-1088;6;539,91;14,30;404,63;Représentant
CMD-104238;2025-09-20;23/09/2025;04/11/2025;CLI-0041;EMP-508;ENT-QC;BD-1178;1;182,91;10,90;119,43;Téléphone
CMD-102749;24/03/2025;31/03/2025;2025-06-01;CLI-0043;EMP-506;ENT-MTL;BD-1027;3;394,83;13,80;254,96;Représentant
CMD-104769;07/11/2025;13/11/2025;2025-12-08;CLI-0055;EMP-506;ENT-QC;BD-1094;2;185,98;8,80;124,30;Portail web
CMD-104770;07/11/2025;2025-11-15;;CLI-0089;EMP-502;ENT-QC;BD-1134;16;89,94;18,20;61,77;Portail web
CMD-102335;02/01/2025;2025-01-07;20/02/2025;CLI-0078;EMP-504;ENT-MTL;BD-1117;1;139,18;6,10;100,34;Représentant
CMD-104489;2025-10-13;16/10/2025;08/12/2025;CLI-0085;EMP-503;ENT-QC;BD-1089;3;300,18;5,20;189,92;Représentant
CMD-103528;2025-06-27;04/07/2025;21/07/2025;CLI-0079;EMP-509;ENT-MTL;BD-1123;3;208,04;4,40;132,28;Représentant
CMD-103194;2025-05-19;24/05/2025;;CLI-0137;EMP-503;ENT-SAG;BD-1123;17;170,74;21,50;132,28;Représentant
CMD-104550;16/10/2025;21-oct-25;08/12/2025;CLI-0137;EMP-503;ENT-MTL;BD-1179;5;324,54;24,80;231,35;Représentant
CMD-103531;27/06/2025;30/06/2025;2025-09-16;CLI-0026;EMP-506;ENT-MTL;BD-1153;4;179,61;10,50;116,00;Représentant
CMD-105085;24/12/2025;02/01/2026;;CLI-0211;EMP-504;ENT-MTL;BD-1089;4;273,50;13,60;189,92;Représentant
CMD-103463;19/06/2025;26/06/2025;06/08/2025;CLI-0150;EMP-502;ENT-QC;BD-1109;6;446,87;2,90;310,20;Portail web
CMD-103327;2025-06-02;05/06/2025;15/07/2025;CLI-0033;EMP-504;ENT-SAG;BD-1159;6;249,09;13,80;169,65;Courriel
CMD-103467;19/06/2025;25/06/2025;2025-08-28;CLI-0056;EMP-502;ENT-QC;BD-1114;6;199,71;20,90;152,73;Portail web
CMD-105008;2025-12-12;16/12/2025;;CLI-0099;EMP-505;ENT-MTL;BD-1067;10;33,18;20,20;28,64;Salon
CMD-103790;2025-08-07;14/08/2025;18/09/2025;CLI-0102;EMP-506;ENT-SAG;BD-1033;3;178,02;5,00;113,22;Représentant
CMD-103236;23/05/2025;28/05/2025;15/07/2025;CLI-0039;EMP-503;ENT-SAG;BD-1044;2;302,39;6,40;199,55;Téléphone
CMD-104581;2025-10-21;27/10/2025;29/11/2025;CLI-0037;EMP-504;ENT-QC;BD-1097;23;289,50;21,30;253,06;Portail web
CMD-105079;23/12/2025;30/12/2025;;CLI-0160;EMP-508;ENT-SAG;BD-1072;2;384,81;2,80;236,88;Téléphone
CMD-104142;2025-09-12;18/09/2025;06/11/2025;CLI-0010;EMP-504;ENT-MTL;BD-1059;2;509,91;3,30;391,48;Représentant
CMD-104394;2025-10-04;10/10/2025;17/11/2025;CLI-0137;EMP-503;ENT-QC;BD-1151;10;128,89;18,90;92,25;Salon
CMD-102550;19/02/2025;21-févr-25;03/04/2025;CLI-0037;EMP-504;ENT-QC;BD-1159;24;228,20;21,00;169,65;Représentant
CMD-102485;2025-02-04;08/02/2025;16/04/2025;CLI-0148;EMP-501;ENT-QC;BD-1180;6;170,20;10,10;95,30;Représentant
CMD-103711;28/07/2025;04/08/2025;28/09/2025;CLI-0090;EMP-505;ENT-MTL;BD-1016;6;360,88;12,70;224,02;Représentant
CMD-103334;03-juin-25;10/06/2025;01/08/2025;CLI-0147;EMP-506;ENT-SAG;BD-1115;6;72,89;2,40;47,23;Téléphone
CMD-102782;28/03/2025;05/04/2025;2025-05-22;CLI-0116;EMP-509;ENT-MTL;BD-1041;1;224,30;11,50;163,24;Représentant
CMD-104406;06/10/2025;2025-10-11;24/11/2025;CLI-0142;EMP-508;ENT-SAG;BD-1101;2;105,55;2,70;75,83;Téléphone
CMD-104494;13/10/2025;17/10/2025;2025-11-26;CLI-0041;EMP-508;ENT-QC;BD-1080;6;295,70;10,60;208,57;Représentant
CMD-104756;05/11/2025;08-nov-25;26/11/2025;CLI-0057;EMP-507;ENT-QC;BD-1059;3;447,25;15,20;391,48;Portail web
CMD-102333;02/01/2025;11/01/2025;2025-02-16;CLI-0011;EMP-507;ENT-QC;BD-1155;3;508,38;6,20;329,15;Représentant
CMD-104571;18/10/2025;23-oct-25;14/12/2025;CLI-0084;EMP-503;ENT-MTL;BD-1156;6;258,95;14,30;164,64;Représentant
CMD-104201;18/09/2025;2025-09-21;21/11/2025;CLI-0036;EMP-505;ENT-QC;BD-1069;12;339,16;14,90;239,15;Représentant
CMD-103931;22/08/2025;28/08/2025;22/10/2025;CLI-0019;EMP-502;ENT-QC;BD-1015;24;488,00;8,10;325,38;Représentant
CMD-102477;2025-02-03;11/02/2025;28/03/2025;CLI-0059;EMP-504;ENT-QC;BD-1135;74;54,43;25,80;40,73;Portail web
CMD-104275;24-sept-25;01/10/2025;26/12/2025;CLI-0141;EMP-502;ENT-MTL;BD-1078;4;328,48;14,30;238,11;Représentant
CMD-103741;01/08/2025;04/08/2025;2025-10-04;CLI-0004;EMP-505;ENT-QC;BD-1044;8;302260,00;6,40;199,55;Portail web
CMD-104766;06/11/2025;12-nov-25;23/12/2025;CLI-0013;EMP-507;ENT-MTL;BD-1137;12;40,66;5,00;25,59;Représentant
CMD-103165;15/05/2025;19/05/2025;2025-06-27;CLI-0070;EMP-503;ENT-QC;BD-1014;8;42,08;5,80;27,18;Courriel
CMD-105064;22/12/2025;2025-12-24;;CLI-0025;EMP-509;ENT-SAG;BD-1081;4;510,16;14,00;364,83;Téléphone
CMD-103391;2025-06-11;14/06/2025;13/08/2025;CLI-0041;EMP-508;ENT-MTL;BD-1104;-1;98,11;11,30;76,70;Représentant
CMD-102430;23/01/2025;01-févr-25;25/02/2025;CLI-0080;EMP-506;ENT-MTL;BD-1148;12;399,35;13,20;302,28;Téléphone
CMD-103820;11/08/2025;16/08/2025;2025-10-16;CLI-0056;EMP-502;ENT-MTL;BD-1024;9;266,14;20,40;189,35;Représentant
CMD-104724;03-nov-25;07/11/2025;;CLI-0057;EMP-507;ENT-MTL;BD-1077;4;304,59;10,90;171,09;Téléphone
CMD-104961;02-déc-25;11/12/2025;;CLI-0146;EMP-503;ENT-MTL;BD-1161;3;116,73;13,60;64,16;Téléphone
CMD-104988;06/12/2025;12/12/2025;;CLI-0009;EMP-502;ENT-QC;BD-1106;20;408,61;23,00;340,08;Représentant
CMD-103256;26/05/2025;03/06/2025;12/07/2025;CLI-0210;EMP-503;ENT-MTL;BD-1034;6;229,90;3,20;182,99;Représentant
CMD-102996;25/04/2025;27/04/2025;26-juin-25;CLI-0131;EMP-502;ENT-SAG;BD-1057;6;24,91;16,50;19,66;Représentant
CMD-102406;17-janv-25;21/01/2025;16/03/2025;CLI-0118;EMP-504;ENT-MTL;BD-1007;2;88,30;14,50;57,14;Représentant
CMD-102885;11/04/2025;20/04/2025;13/05/2025;CLI-0073;EMP-501;ENT-MTL;BD-1163;12;516,14;15,80;300,77;Courriel
CMD-103658;2025-07-17;23/07/2025;20/08/2025;CLI-0185;EMP-508;ENT-SAG;BD-1033;6;145,97;22,10;113,22;Représentant
CMD-103418;13/06/2025;2025-06-22;23/07/2025;CLI-0148;EMP-501;ENT-SAG;BD-1057;12;26,29;11,90;23,20;Téléphone
CMD-103157;2025-05-14;23/05/2025;14/06/2025;CLI-0037;EMP-504;ENT-MTL;BD-1001;9;272,20;18,80;219,63;Représentant
CMD-102564;21/02/2025;01/03/2025;21/04/2025;CLI-0108;EMP-503;ENT-MTL;BD-1178;12;171,53;16,40;119,43;Représentant
CMD-102376;11/01/2025;15/01/2025;02/02/2025;CLI-0043;EMP-506;ENT-QC;BD-1155;3;468,74;13,50;329,15;Représentant
CMD-103941;25-août-25;03/09/2025;22/10/2025;CLI-0186;EMP-507;ENT-SAG;BD-1056;2;463,07;5,80;293,14;Téléphone
CMD-103449;18/06/2025;2025-06-26;05/08/2025;CLI-0095;EMP-505;ENT-QC;BD-1039;2;183,70;7,20;122,17;Portail web
CMD-102960;21/04/2025;2025-04-27;13/06/2025;CLI-0009;EMP-502;ENT-MTL;BD-1162;78;109,45;20,10;68,38;Téléphone
CMD-104822;14/11/2025;19/11/2025;;CLI-0009;EMP-502;ENT-QC;BD-1129;6;58,09;19,20;46,45;Courriel
CMD-102847;05/04/2025;08/04/2025;21-mai-25;CLI-0143;EMP-503;ENT-SAG;BD-1040;24;389,08;11,70;274,41;Représentant
CMD-104837;2025-11-18;26/11/2025;24/12/2025;CLI-0205;EMP-505;ENT-SAG;BD-1151;24;155,25;2,30;92,25;Représentant
CMD-103410;2025-06-13;18/06/2025;12/08/2025;CLI-0025;EMP-509;ENT-SAG;BD-1119;8;80,94;11,90;59,67;Représentant
CMD-103467;19/06/2025;25/06/2025;2025-08-28;CLI-0056;EMP-502;ENT-QC;BD-1023;22;298,44;20,90;244,32;Téléphone
CMD-104283;25/09/2025;03/10/2025;06-nov-25;CLI-0045;EMP-502;ENT-SAG;BD-1058;4;210,01;14,20;149,54;Portail web
CMD-103751;04/08/2025;12/08/2025;2025-10-02;CLI-0096;EMP-504;ENT-SAG;BD-1058;1;239,43;2,20;149,54;Portail web
CMD-103616;2025-07-09;12/07/2025;29/08/2025;cli-0066;EMP-507;ENT-SAG;BD-1120;4;266,60;10,20;186,72;Téléphone
CMD-102901;14/04/2025;21/04/2025;2025-05-27;CLI-0056;EMP-502;ENT-QC;BD-1005;18;246,31;24,70;208,35;Téléphone
CMD-104644;27/10/2025;05-nov-25;;CLI-0217;EMP-506;ENT-SAG;BD-1129;3;53,54;25,50;46,45;Téléphone
CMD-103146;13/05/2025;17/05/2025;16/06/2025;CLI-0085;EMP-503;ENT-MTL;BD-1114;4;246,67;2,30;152,73;Représentant
CMD-105004;11-déc-25;20/12/2025;;CLI-0129;EMP-508;ENT-MTL;BD-1080;6;306,38;7,30;208,57;Portail web
CMD-102884;11/04/2025;13-avr-25;03/06/2025;CLI-0186;EMP-507;ENT-QC;BD-1015;1;503,79;5,10;325,38;Représentant
CMD-104314;2025-09-27;02/10/2025;24/11/2025;CLI-0012;EMP-501;ENT-MTL;BD-1054;2;376,58;19,20;262,94;Salon
CMD-103746;02/08/2025;10-août-25;21/09/2025;CLI-0074;EMP-507;ENT-MTL;BD-1045;24;101,21;22,80;78,37;Représentant
CMD-104294;2025-09-25;27/09/2025;19/11/2025;CLI-0132;EMP-507;ENT-MTL;BD-1098;6;371,10;15,80;309,76;Représentant
CMD-103712;29/07/2025;2025-08-03;06/09/2025;CLI-0217;EMP-506;ENT-QC;BD-1004;5;212,37;22,50;158,83;Téléphone
CMD-103471;20/06/2025;29-juin-25;31/08/2025;CLI-0090;EMP-505;ENT-QC;BD-1111;8;192,02;13,30;148,90;Portail web
CMD-104293;25/09/2025;2025-09-29;22/11/2025;CLI-0076;EMP-507;ENT-MTL;BD-1099;4;385,30;22,40;346,57;Représentant
CMD-105079;23/12/2025;2025-12-30;;CLI-0160;EMP-508;ENT-SAG;BD-1071;6;518,97;2,80;363,51;Représentant
CMD-103287;28/05/2025;31-mai-25;31/07/2025;CLI-0091;EMP-504;ENT-SAG;BD-1106;3;498,16;6,10;340,08;Représentant
CMD-103167;15/05/2025;19/05/2025;2025-06-29;CLI-0143;EMP-503;ENT-QC;BD-1158;1;312,03;10,70;184,61;Téléphone
CMD-102518;12/02/2025;18-févr-25;01/04/2025;CLI-0217;EMP-506;ENT-QC;BD-1110;9;217,50;23,40;182,67;Portail web
CMD-103610;09/07/2025;12/07/2025;25/08/2025;CLI-0183;EMP-506;ENT-SAG;BD-1120;12;275,72;7,10;186,72;Courriel
CMD-104032;03/09/2025;06/09/2025;15/10/2025;CLI-0145;EMP-504;ENT-MTL;BD-1035;2;46,82;3,20;30,63;Représentant
CMD-104583;21/10/2025;25/10/2025;25/12/2025;CLI-0037;EMP-504;ENT-MTL;BD-1144;5;144,82;18,90;98,33;Représentant
CMD-103176;16/05/2025;19/05/2025;2025-07-09;CLI-0185;EMP-508;ENT-QC;BD-1120;2;238,37;19,70;186,72;Portail web
CMD-104290;2025-09-25;03/10/2025;04/12/2025;CLI-0133;EMP-508;ENT-MTL;BD-1064;2;105,89;15,50;70,89;Représentant
CMD-105043;18/12/2025;24-déc-25;;CLI-0012;EMP-501;ENT-QC;BD-1077;25;255,66;25,20;171,09;Téléphone
CMD-103846;2025-08-14;21/08/2025;26/10/2025;CLI-0009;EMP-502;ENT-MTL;BD-1038;6;415,80;24,60;319,94;Représentant
CMD-102734;2025-03-20;29/03/2025;19/04/2025;CLI-0035;EMP-503;ENT-MTL;BD-1182;6;90,70;16,70;58,06;Représentant
CMD-102835;03/04/2025;2025-04-11;20/05/2025;CLI-0162;EMP-508;ENT-QC;BD-1058;3;207,99;15,00;149,54;Représentant
CMD-103046;30/04/2025;2025-05-08;16/06/2025;CLI-0011;EMP-507;ENT-QC;BD-1047;6;103,19;3,20;71,53;Portail web
CMD-103180;2025-05-16;19/05/2025;26/06/2025;CLI-0047;EMP-508;ENT-QC;BD-1047;6;88,65;16,80;71,53;Portail web
CMD-102553;19/02/2025;27/02/2025;19/04/2025;CLI-0025;EMP-509;ENT-MTL;BD-1179;3;373,53;13,40;231,35;Portail web
CMD-103208;20/05/2025;27-mai-25;25/06/2025;CLI-0131;EMP-502;ENT-SAG;BD-1126;8;179,29;11,40;133,03;Représentant
CMD-104164;15/09/2025;2025-09-19;06/11/2025;CLI-0135;EMP-506;ENT-QC;BD-1064;8;107,30;14,30;70,89;Portail web
CMD-105061;20/12/2025;23/12/2025;;CLI-0018;EMP-503;ENT-MTL;BD-1099;6;471,87;5,00;346,57;Représentant
CMD-104788;11/11/2025;18/11/2025;15-déc-25;CLI-0187;EMP-507;ENT-MTL;BD-1167;2;325,08;12,40;209,73;Portail web
CMD-103613;2025-07-09;12/07/2025;20/08/2025;CLI-0212;EMP-507;ENT-QC;BD-1055;4;259,65;20,90;213,75;Salon
CMD-103223;22-mai-25;31/05/2025;02/07/2025;CLI-0031;EMP-509;ENT-SAG;BD-1041;6;219,67;13,30;163,24; 
CMD-102523;13/02/2025;2025-02-18;28/03/2025;CLI-0079;EMP-509;ENT-MTL;BD-1154;3;496,83;7,10;329,92;Représentant
CMD-102905;2025-04-14;18/04/2025;19/05/2025;CLI-0137;EMP-503;ENT-QC;BD-1182;8;81,27;25,30;58,06;Salon
CMD-104489;13/10/2025;16/10/2025;2025-12-08;CLI-0085;EMP-503;ENT-QC;BD-1075;4;95,54;5,20;71,97;Représentant
CMD-104027;03/09/2025;2025-09-12;02/11/2025;CLI-0217;EMP-506;ENT-MTL;BD-1054;19;352,99;24,20;262,94;Représentant
CMD-102892;11/04/2025;20/04/2025;2025-06-03;CLI-0172;EMP-502;ENT-QC;BD-1050;4;483,88;4,00;297,82;Courriel
CMD-102615;04/03/2025;06-mars-25;05/04/2025;CLI-0066;EMP-507;ENT-MTL;BD-1176;12;523,41;17,00;328,78;Représentant
CMD-104179;16/09/2025;18/09/2025;2025-10-14;CLI-0074;EMP-507;ENT-QC;BD-1068;8;429,77;23,80;342,49;Représentant
CMD-103204;20/05/2025;29-mai-25;;CLI-0169;EMP-507;ENT-MTL;BD-1056;3;434,78;11,60;293,14;Représentant
CMD-103899;19/08/2025;2025-08-27;27/09/2025;CLI-0131;EMP-502;ENT-QC;BD-1103;1;190,42;16,40;154,84;Courriel
CMD-104615;2025-10-23;26/10/2025;28/12/2025;CLI-0038;EMP-507;ENT-MTL;BD-1035;3;40,16;17,00;30,63;Téléphone
CMD-104857;19/11/2025;23-nov-25;;CLI-0212;EMP-507;ENT-QC;BD-1148;2;371,78;19,20;302,28;Représentant
CMD-103640;15/07/2025;23/07/2025;22-sept-25;CLI-0177;EMP-505;ENT-SAG;BD-1022;8;441,66;2,80;298,47;Portail web
CMD-103957;26/08/2025;28-août-25;14/10/2025;CLI-0001;EMP-508;ENT-SAG;BD-1028;6;226,69;4,10;143,73;Téléphone
CMD-103185;17/05/2025;21/05/2025;09-juil-25;CLI-0182;EMP-503;ENT-QC;BD-1051;1;113,00;12,90;79,76;Représentant
CMD-102515;12/02/2025;19/02/2025;27/03/2025;CLI-0009;EMP-502;ENT-QC;BD-1177;5;307,29;24,60;215,66;Représentant
CMD-102543;2025-02-17;21/02/2025;26/03/2025;CLI-0044;EMP-505;ENT-QC;BD-1158;3;313,55;10,30;184,61;Portail web
CMD-103637;2025-07-14;21/07/2025;09/09/2025;CLI-0047;EMP-508;ENT-QC;BD-1028;2;197,94;16,30;143,73;Portail web
CMD-102965;2025-04-21;27/04/2025;;CLI-0062;EMP-507;ENT-MTL;BD-1060;3;351,16;11,30;246,98;Courriel
CMD-104960;02/12/2025;2025-12-06;;CLI-0148;EMP-501;ENT-MTL;BD-1164;6;165,49;15,10;100,45;Représentant
CMD-102932;17/04/2025;22-avr-25;01/07/2025;CLI-0040;EMP-509;ENT-QC;BD-1057;3;26,35;11,70;19,66;Salon
CMD-102579;26/02/2025;02/03/2025;2025-05-02;CLI-0055;EMP-506;ENT-MTL;BD-1164;6;189,05;3,00;100,45;Portail web
CMD-102487;05/02/2025;2025-02-13;;CLI-0020;EMP-508;ENT-SAG;BD-1171;3;149,84;5,40;85,46;Portail web
CMD-104528;15/10/2025;23/10/2025;26-déc-25;CLI-0074;EMP-507;ENT-MTL;BD-1082;8;374,87;21,10;335,40;Représentant
CMD-102425;22-janv-25;30/01/2025;13/03/2025;CLI-0056;EMP-502;ENT-QC;BD-1075;26;81,17;19,40;60,99;Portail web
CMD-104251;22/09/2025;01/10/2025;12-nov-25;CLI-0087;EMP-502;ENT-MTL;BD-1095;8;86,54;16,50;64,62;Représentant
CMD-103065;2025-05-02;04/05/2025;29/05/2025;CLI-0053 ;EMP-509;ENT-QC;BD-1113;3;360,78;15,50;281,81;Courriel
CMD-103881;18/08/2025;22-août-25;15/10/2025;CLI-0100;EMP-505;ENT-MTL;BD-1056;6;481,88;2,00;293,14;Salon
CMD-103479;23/06/2025;2025-06-26;19/08/2025;CLI-0217;EMP-506;ENT-MTL;BD-1042;2;347,56;21,20;267,02;Téléphone
CMD-102428;2025-01-23;29/01/2025;27/03/2025;CLI-0029;EMP-506;ENT-QC;BD-1020;16;45,10;21,50;33,12;Portail web
CMD-103579;04/07/2025;10-juil-25;13/08/2025;CLI-0183;EMP-506;ENT-MTL;BD-1050;6;472,01;6,40;297,82;Courriel
CMD-104054;05/09/2025;2025-09-07;09/10/2025;CLI-0193;EMP-509;ENT-QC;BD-1166;3;356,35;14,20;217,35;Représentant
CMD-102833;03/04/2025;06-avr-25;31/05/2025;CLI-0037;EMP-504;ENT-MTL;BD-1046;6;386,21;19,10;315,40;Représentant
CMD-102888;2025-04-11;19/04/2025;20/05/2025;CLI-0199;EMP-504;ENT-SAG;BD-1103;4;196,25;13,80;154,84;Courriel
CMD-102899;14/04/2025;22/04/2025;2025-06-17;CLI-0012;EMP-501;ENT-QC;BD-1016;9;324,54;21,50;224,02;Représentant
CMD-104370;02/10/2025;2025-10-05;24/11/2025;CLI-0209;EMP-508;ENT-MTL;BD-1135;11;59,82;18,40;40,73;Téléphone
CMD-103702;2025-07-25;02/08/2025;09/09/2025;CLI-0036;EMP-505;ENT-QC;BD-1012;3;104,72;14,00;69,62;Représentant
CMD-102548;18/02/2025;24/02/2025;08/04/2025;CLI-0185;EMP-508;ENT-QC;BD-1182;8;88,39;18,80;58,06;Téléphone
CMD-103146;13-mai-25;17/05/2025;16/06/2025;CLI-0085;EMP-503;ENT-MTL;BD-1031;12;507,26;2,30;300,62;Représentant
CMD-104588;2025-10-21;26/10/2025;17/12/2025;CLI-0178;EMP-501;ENT-MTL;BD-1152;2;470,22;2,20;271,40;Téléphone
CMD-104446;2025-10-09;12/10/2025;20/12/2025;CLI-0202;EMP-504;ENT-SAG;BD-1037;4;28,43;5,00;16,65;Portail web
CMD-103272;2025-05-27;05/06/2025;06/07/2025;CLI-0067;EMP-502;ENT-SAG;BD-1164;8;174,25;10,60;100,45;Représentant
CMD-103864;15/08/2025;21/08/2025;08/10/2025;CLI-0139;EMP-506;ENT-MTL;BD-1049;4;45,93;15,90;31,22;Salon
CMD-104641;27/10/2025;04/11/2025;2025-12-18;CLI-0205;EMP-505;ENT-QC;BD-1142;4;150,79;7,50;100,93;Téléphone
CMD-102730;20/03/2025;23-mars-25;14/04/2025;CLI-0160;EMP-508;ENT-QC;BD-1112;3;105,77;7,90;67,02;Téléphone
CMD-103108;08/05/2025;17/05/2025;10-juil-25;CLI-0071;EMP-503;ENT-MTL;BD-9421;6;569,38;7,20;300,77;Portail web
CMD-103103;n/d;15/05/2025;30/06/2025;CLI-0209;EMP-508;ENT-MTL;BD-1015;8;431,85;18,70;325,38;Courriel
CMD-104247;22/09/2025;25/09/2025;14/11/2025;CLI-0076;EMP-507;ENT-QC;BD-1056;9;402,80;18,10;293,14;Courriel
CMD-104296;26/09/2025;28/09/2025;09-nov-25;CLI-0052;EMP-504;ENT-MTL;BD-1049;1;48,98;10,40;31,22;Courriel
CMD-102578;25/02/2025;04/03/2025;09-avr-25;CLI-0044;EMP-505;ENT-SAG;BD-1061;2;102,11;13,60;76,81;Téléphone
CMD-104494;13/10/2025;17/10/2025;26/11/2025;CLI-0041;EMP-508;ENT-QC;BD-1139;3;320,81;10,60;203,11;Représentant
CMD-102708;2025-03-17;20/03/2025;03/05/2025;CLI-0143;EMP-503;ENT-QC;BD-1181;2;551,97;11,70;312,40;Salon
CMD-102680;13/03/2025;17/03/2025;2025-05-02;CLI-0026;EMP-506;ENT-QC;BD-1163;2;542,84;11,50;300,77;Représentant
CMD-102581;26-févr-25;07/03/2025;;CLI-0053;EMP-509;ENT-MTL;BD-1180;3;159,65;15,70;95,30;Portail web
CMD-103147;13/05/2025;18-mai-25;17/07/2025;CLI-0059;EMP-504;ENT-QC;BD-1051;25;104,24;19,60;79,76;Téléphone
CMD-104206;18/09/2025;22/09/2025;02/12/2025;CLI-0191;EMP-504;ENT-MTL;BD-1174;1;264,86;10,30;169,01;Représentant
CMD-104920;27/11/2025;05-déc-25;;CLI-0118;EMP-504;ENT-MTL;BD-1068;3;490,95;12,90;342,49;Portail web
CMD-102930;2025-04-17;22/04/2025;19/06/2025;CLI-0136;EMP-507;ENT-SAG;BD-1107;4;196,16;10,90;150,54;Représentant
CMD-102944;2025-04-18;24/04/2025;12/06/2025;CLI-0053;EMP-509;ENT-QC;BD-1022;24;407,04;10,40;252,94;Téléphone
CMD-102456;29/01/2025;07/02/2025;2025-03-13;CLI-0032;EMP-504;ENT-SAG;BD-1164;4;186,80;4,20;100,45;Téléphone
CMD-104764;06/11/2025;09/11/2025;19/12/2025;CLI-0099;EMP-505;ENT-MTL;BD-1131;8;50,40;24,80;37,08;Portail web
CMD-104825;14/11/2025;18/11/2025;;CLI-0217;EMP-506;ENT-MTL;BD-1130;9;442,66;21,60;323,89;Téléphone
CMD-103166;15/05/2025;2025-05-22;27/06/2025;CLI-0182;EMP-503;ENT-MTL;BD-1041;2;224,50;11,40;163,24;Portail web
CMD-103294;29/05/2025;03/06/2025;2025-07-13;CLI-0051;EMP-509;ENT-MTL;BD-1049;3;50,02;8,40;31,22;Portail web
CMD-104859;19-nov-25;22/11/2025;;CLI-0120;EMP-509;ENT-SAG;BD-1163;6;597,87;2,50;300,77;Portail web
CMD-102657;11/03/2025;17/03/2025;20/04/2025;CLI-0128;EMP-502;ENT-MTL;BD-1068;1;505,36;10,40;290,25;Téléphone
CMD-103722;30/07/2025;02/08/2025;2025-09-28;CLI-0073;EMP-501;ENT-SAG;BD-1109;12;397,61;13,60;310,20;Représentant
CMD-102935;2025-04-17;22/04/2025;24/05/2025;CLI-0046;EMP-508;ENT-SAG;BD-1050;2;477,27;5,30;297,82;Téléphone
CMD-102764;26/03/2025;04/04/2025;2025-05-29;CLI-0084;EMP-503;ENT-QC;BD-1165;12;162,95;11,50;107,92;Représentant
CMD-104121;11/09/2025;15-sept-25;11/11/2025;CLI-0054;EMP-507;ENT-QC;BD-1060;1;343,63;13,20;291,44;Portail web
CMD-103469;20/06/2025;2025-06-24;;CLI-0182;EMP-503;ENT-SAG;BD-1118;2;428,46;13,80;343,17;Courriel
CMD-102449;28/01/2025;05/02/2025;09-avr-25;cli-0057;EMP-507;ENT-SAG;BD-1145;4;164,99;10,40;111,12;Portail web
CMD-102964;21/04/2025;29/04/2025;2025-06-10;CLI-0136;EMP-507;ENT-MTL;BD-1031;3;438,20;15,60;300,62;Portail web
CMD-103207;20/05/2025;22/05/2025;08/07/2025;CLI-0009;EMP-502;ENT-QC;BD-1173;10;307,76;22,80;212,35;Portail web
CMD-104491;2025-10-13;19/10/2025;01/12/2025;CLI-0203;EMP-503;ENT-SAG;BD-1139;6;337,21;6,00;203,11;Représentant
CMD-104192;17/09/2025;2025-09-20;26/10/2025;CLI-0012;EMP-501;ENT-SAG;BD-1056;7;373,46;24,10;293,14;Portail web
CMD-104590;2025-10-21;26/10/2025;24/12/2025;CLI-0084;EMP-503;ENT-SAG;BD-1156;12;269,51;10,80;164,64;Portail web
CMD-104105;10/09/2025;14/09/2025;2025-10-25;CLI-0009;EMP-502;ENT-MTL;BD-1090;53;76,06;20,60;69,37;Téléphone
CMD-104570;18/10/2025;25/10/2025;2025-12-04;CLI-0081;EMP-502;ENT-MTL;BD-1106;3;470,97;11,20;340,08;Représentant
CMD-102417;21/01/2025;23/01/2025;02-mars-25;CLI-0201;EMP-504;ENT-MTL;BD-1128;24;134,94;6,80;78,87;Téléphone
CMD-102522;13/02/2025;22/02/2025;30-mars-25;CLI-0009;EMP-502;ENT-MTL;BD-1139;26;269,89;24,80;203,11;Représentant
CMD-104127;11/09/2025;2025-09-13;18/10/2025;CLI-0185;EMP-508;ENT-QC;BD-1116;6;70,06;21,00;60,17;Représentant
CMD-103725;2025-07-30;07/08/2025;30/09/2025;CLI-0121;EMP-508;ENT-QC;BD-1130;4;484,57;14,10;323,89;Représentant
CMD-104049;04/09/2025;2025-09-08;04/11/2025;CLI-0137;EMP-503;ENT-MTL;BD-1087;12;308,14;20,10;215,66;Portail web
CMD-102619;05/03/2025;12-mars-25;14/04/2025;CLI-0217;EMP-506;ENT-QC;BD-1128;6;118,39;18,30;78,87;Salon
CMD-104999;11-déc-25;18/12/2025;;CLI-0056;EMP-502;ENT-QC;BD-1065;13;202,19;18,90;155,19;Représentant
CMD-104295;25/09/2025;30/09/2025;04/12/2025;CLI-0073;EMP-501;ENT-QC;BD-1165;3;156,61;14,90;107,92;Portail web
CMD-102597;01-mars-25;09/03/2025;10/04/2025;CLI-0138;EMP-506;ENT-QC;BD-1159;8;264,59;8,40;169,65;Portail web
CMD-102709;17-mars-25;20/03/2025;12/05/2025;CLI-0074;EMP-507;ENT-SAG;BD-1083;20;235,25;23,40;160,44;Portail web
CMD-104504;14/10/2025;22/10/2025;06/12/2025;CLI-0178;EMP-501;ENT-QC;BD-1128;2;138,48;4,40;78,87;Représentant
CMD-103646;15/07/2025;2025-07-17;12/09/2025;CLI-0159;EMP-502;ENT-MTL;BD-1119;3;86,85;5,40;59,67;Représentant
CMD-102994;2025-04-24;01/05/2025;01/07/2025;CLI-0040;EMP-509;ENT-QC;BD-1023;24;328,73;12,90;244,32;Courriel
CMD-103648;16-juil-25;23/07/2025;02/09/2025;CLI-0121;EMP-508;ENT-QC;BD-1048;2;45,73;10,70;33,51;Portail web
CMD-104616;23/10/2025;27/10/2025;15-déc-25;CLI-0006;EMP-505;ENT-SAG;BD-1100;2;459,60;14,30;369,19;Représentant
CMD-103797;2025-08-08;13/08/2025;11/10/2025;CLI-0093;EMP-508;ENT-SAG;BD-1051;8;109,90;15,30;79,76;Portail web
CMD-103543;30/06/2025;06/07/2025;2025-09-11;CLI-0085;EMP-503;ENT-MTL;BD-1014;3;43,57;2,50;27,18;Courriel
CMD-103523;2025-06-27;06/07/2025;10/08/2025;CLI-0009;EMP-502;ENT-QC;BD-1058;37;188,96;22,80;149,54;Représentant
CMD-104688;30/10/2025;2025-11-03;20/12/2025;CLI-0012;EMP-501;ENT-MTL;BD-1003;38;228,59;23,30;227,23;Courriel
CMD-102667;12-mars-25;14/03/2025;17/04/2025;CLI-0169;EMP-507;ENT-MTL;BD-1063;4;320,55;13,00;247,24;Représentant
CMD-102943;18/04/2025;26/04/2025;09-juin-25;CLI-0172;EMP-502;ENT-QC;BD-1162;4;128,01;6,60;68,38;Portail web
CMD-103059;02-mai-25;09/05/2025;29/06/2025;CLI-0008;EMP-506;ENT-QC;BD-1147;6;545,59;8,80;346,92;Représentant
CMD-102968;22/04/2025;2025-04-27;10/06/2025;CLI-0048;EMP-508;ENT-MTL;BD-1021;8;323,50;11,10;205,78;Téléphone
CMD-104273;2025-09-24;30/09/2025;28/10/2025;CLI-0220;EMP-506;ENT-MTL;BD-1110;0;248,51;12,50;182,67;Portail web
CMD-102890;11/04/2025;2025-04-16;18/06/2025;CLI-0075;EMP-506;ENT-MTL;BD-1149;8;177,29;3,20;111,14;N/A
CMD-104846;2025-11-18;20/11/2025;;CLI-0139;EMP-506;ENT-QC;BD-1169;3;486,21;15,70;282,28;Téléphone
CMD-104202;18/09/2025;27/09/2025;2025-11-07;CLI-0189;EMP-501;ENT-QC;BD-1179;12;400,76;7,10;231,35;Portail web
CMD-102583;26/02/2025;02/03/2025;2025-04-02;CLI-0009;EMP-502;ENT-QC;BD-1166;75;332,23;20,00;217,35;Téléphone
CMD-105050;18/12/2025;2025-12-20;;CLI-0107;EMP-506;ENT-MTL;BD-1152;1;440,23;8,50;271,40;Représentant
CMD-105028;16/12/2025;19/12/2025;;CLI-0125;EMP-509;ENT-MTL;BD-1099;8;468,90;5,60;346,57;Téléphone
CMD-103060;02/05/2025;06/05/2025;15/06/2025;CLI-0012;EMP-501;ENT-QC;BD-1004;10;219,06;20,10;158,83;Représentant
CMD-104015;2025-09-02;09/09/2025;20/10/2025;CLI-0089;EMP-502;ENT-QC;BD-1143;24;293,46;21,80;220,45;Téléphone
CMD-104962;02/12/2025;08/12/2025;;CLI-0045;EMP-502;ENT-QC;BD-1073;3;392,20;12,80;307,22;Téléphone
CMD-102714;2025-03-18;26/03/2025;10/05/2025;  CLI-0073;EMP-501;ENT-SAG;BD-1170;6;29,20;16,90;16,95;Téléphone
CMD-102530;14/02/2025;23/02/2025;24/03/2025;CLI-0148;EMP-501;ENT-MTL;BD-1099;3;443,80;10,60;293,70;Téléphone
CMD-102927;17/04/2025;26/04/2025;25/05/2025;CLI-0050;EMP-502;ENT-QC;BD-1055;1;289,51;11,80;213,75;Courriel
CMD-103130;10/05/2025;13/05/2025;2025-06-22;CLI-0185;EMP-508;ENT-QC;BD-1054;8;351,78;24,50;262,94;Courriel
CMD-102736;21/03/2025;2025-03-30;09/05/2025;CLI-0012;EMP-501;ENT-MTL;BD-1040;7;334,88;24,00;274,41;Téléphone
CMD-102994;24/04/2025;01/05/2025;2025-07-01;CLI-0040;EMP-509;ENT-QC;BD-1132;6;172,96;12,90;128,45;Téléphone
CMD-102973;2025-04-23;29/04/2025;07/06/2025;CLI-0102;EMP-506;ENT-SAG;BD-1051;12;122,55;5,50;79,76;Portail web
CMD-104062;2025-09-05;10/09/2025;21/10/2025;CLI-0206;EMP-503;ENT-MTL;BD-1086;3;117,71;14,50;97,25;Représentant
CMD-102818;02/04/2025;09/04/2025;2025-05-29;CLI-0076;EMP-507;ENT-MTL;BD-1162;16;105,55;23,00;68,38;Représentant
CMD-104044;04/09/2025;10/09/2025;2025-10-12;CLI-0074;EMP-507;ENT-QC;BD-1070;7;59,30;22,20;48,05;Téléphone
CMD-105122;31-déc-25;08/01/2026;;CLI-0179;EMP-509;ENT-SAG;BD-1130;2;547,88;2,90;323,89;Téléphone
CMD-104598;22/10/2025;25/10/2025;2025-12-15;CLI-0083;EMP-507;ENT-QC;BD-1129;12;66,52;7,50;46,45;Téléphone
CMD-102405;2025-01-17;20/01/2025;07/03/2025;CLI-0009;EMP-502;ENT-SAG;BD-1144;64;135,78;23,90;98,33;Portail web
CMD-103091;06/05/2025;14/05/2025;01/07/2025;CLI-0188;EMP-506;ENT-MTL;BD-1116;24;74,87;15,60;60,17;Représentant
CMD-104232;20-sept-25;26/09/2025;02/11/2025;CLI-0212;EMP-507;ENT-QC;BD-1164;7;157,86;19,00;100,45;Portail web
CMD-104442;08/10/2025;2025-10-17;18/11/2025;CLI-0173;EMP-508;ENT-MTL;BD-1149;2;153,47;16,20;111,14;Portail web
CMD-102429;23/01/2025;29/01/2025;30-mars-25;CLI-0009;EMP-502;ENT-SAG;BD-1084;8;456,99;21,30;318,55;Portail web
CMD-102527;14/02/2025;19/02/2025;29/03/2025;CLI-0057;EMP-507;ENT-MTL;BD-1178;4;175,81;14,40;119,43;Représentant
CMD-104461;2025-10-10;19/10/2025;04/12/2025;CLI-0208;EMP-507;ENT-MTL;BD-1129;8;60,88;15,30;46,45;Téléphone
CMD-103869;16/08/2025;22-août-25;21/09/2025;CLI-0111;EMP-507;ENT-QC;BD-1039;3;188,50;4,80;122,17;Portail web
CMD-104702;31-oct-25;06/11/2025;;CLI-0029;EMP-506;ENT-MTL;BD-1101;10;83,53;23,00;75,83;Représentant
CMD-102523;13/02/2025;18/02/2025;28/03/2025;CLI-0079;EMP-509;ENT-MTL;BD-1173;3;370,54;7,10;212,35;Représentant
CMD-103523;27/06/2025;06-juil-25;10/08/2025;CLI-0009;EMP-502;ENT-QC;BD-1060;6;305,45;22,80;291,44;Représentant
CMD-103734;01/08/2025;09/08/2025;21/09/2025;CLI-0099;EMP-505;ENT-MTL;BD-1143;5;299,66;20,10;220,45;Représentant
CMD-102981;2025-04-24;26/04/2025;08/07/2025;CLI-0084;EMP-503;ENT-MTL;BD-1046;2;400,76;16,00;315,40;Représentant
CMD-103464;19/06/2025;2025-06-23;23/08/2025;CLI-0120;EMP-509;ENT-QC;BD-1124;3;240,25;5,80;153,77;Téléphone
CMD-104427;2025-10-08;16/10/2025;02/12/2025;CLI-0102;EMP-506;ENT-SAG;BD-1139;3;329,35;8,20;203,11;Représentant
CMD-102785;28-mars-25;03/04/2025;03/05/2025;CLI-0059;EMP-504;ENT-QC;BD-1115;8;58,68;21,40;47,23;Courriel
CMD-103946;25/08/2025;2025-08-31;20/10/2025;CLI-0217;EMP-506;ENT-SAG;BD-1039;17;158,67;19,90;122,17;Représentant
CMD-102762;2025-03-26;03/04/2025;12/05/2025;CLI-0205;EMP-505;ENT-QC;BD-1178;24;193,27;5,90;119,43;Représentant
CMD-104007;01/09/2025;03/09/2025;2025-11-12;CLI-0067;EMP-502;ENT-MTL;BD-1099;6;419,85;15,40;346,57;Représentant
CMD-103546;30-juin-25;05/07/2025;23/08/2025;CLI-0211;EMP-504;ENT-QC;BD-1072;4;344,54;12,90;236,88;Représentant
CMD-103652;16/07/2025;24/07/2025;10-sept-25;CLI-0076;EMP-507;ENT-QC;BD-1105;10;201,75;22,10;169,61;Téléphone
CMD-105122;2025-12-31;08/01/2026;;CLI-0179;EMP-509;ENT-SAG;BD-1058;3;237,67;2,90;149,54;Représentant
CMD-103894;19/08/2025;21-août-25;26/10/2025;CLI-0209;EMP-508;ENT-MTL;BD-1017;5;433,25;23,20;313,71;Courriel
CMD-104551;2025-10-16;19/10/2025;02/12/2025;CLI-0217;EMP-506;ENT-QC;BD-1093;6;177,13;20,80;159,25;Salon
CMD-102478;2025-02-03;05/02/2025;26/03/2025;CLI-0217;EMP-506;ENT-SAG;BD-1180;17;147,64;22,00;95,30;Représentant
CMD-104367;2025-10-02;11/10/2025;13/11/2025;CLI-0054;EMP-507;ENT-QC;BD-1085;-6;58,44;13,00;49,28;Représentant
CMD-103516;26/06/2025;29/06/2025;26/07/2025;CLI-0155;EMP-506;ENT-MTL;BD-1165;3;161,20;12,40;107,92;Téléphone
CMD-102494;2025-02-06;14/02/2025;20/03/2025;CLI-0093;EMP-508;ENT-MTL;BD-1180;24;169,32;10,60;95,30;Représentant
CMD-104751;05/11/2025;13/11/2025;2025-12-19;CLI-0034;EMP-507;ENT-SAG;BD-1091;4;490,27;13,70;336,22;Représentant
CMD-104232;20/09/2025;26/09/2025;2025-11-02;CLI-0212;EMP-507;ENT-QC;BD-1082;11;384,79;19,00;335,40;Téléphone
CMD-104311;2025-09-26;04/10/2025;10/11/2025;CLI-0187;EMP-507;ENT-SAG;BD-1159;4;243,00;15,90;169,65;Portail web
CMD-104912;26-nov-25;05/12/2025;;CLI-0056;EMP-502;ENT-SAG;BD-1057;3;23,92;19,90;23,20;Portail web
CMD-104862;19/11/2025;2025-11-23;;CLI-0056;EMP-502;ENT-MTL;BD-1181;17;493,44;21,00;312,40;Téléphone
CMD-104300;26/09/2025;04/10/2025;2025-11-16;CLI-0014;EMP-502;ENT-QC;BD-1067;1;40,29;3,20;28,64;Représentant
CMD-104939;28/11/2025;07-déc-25;;CLI-0056;EMP-502;ENT-SAG;BD-1073;75;340,57;24,30;307,22;Représentant
CMD-102371;10/01/2025;17/01/2025;06/03/2025;CLI-0066;EMP-507;ENT-QC;BD-1127;4;254,20;15,60;174,31;Représentant
CMD-104009;01/09/2025;09-sept-25;30/10/2025;CLI-0037;EMP-504;ENT-MTL;BD-1101;45;86,13;20,60;75,83;Représentant
CMD-104021;02/09/2025;06/09/2025;2025-10-11;CLI-0219;EMP-505;ENT-SAG;BD-1168;2;371,56;7,10;229,43;Représentant
CMD-103041;2025-04-30;09/05/2025;17/06/2025;CLI-0012;EMP-501;ENT-SAG;BD-1054;19;366,18;21,40;262,94;Salon
CMD-104032;03/09/2025;2025-09-06;15/10/2025;CLI-0145;EMP-504;ENT-MTL;BD-1180;6;183,25;3,20;95,30;Représentant
CMD-103800;08/08/2025;12/08/2025;11-oct-25;CLI-0056;EMP-502;ENT-SAG;BD-1056;12;377,23;23,30;293,14;Téléphone
CMD-103667;2025-07-18;22/07/2025;23/08/2025;CLI-0032;EMP-504;ENT-QC;BD-1022;3;433,98;4,50;298,47;Portail web
CMD-103664;18/07/2025;2025-07-24;03/09/2025;CLI-0172;EMP-502;ENT-QC;BD-1021;2;344,79;5,20;242,82;Représentant
CMD-103281;28/05/2025;03/06/2025;25/07/2025;CLI-0047;EMP-508;ENT-MTL;BD-1114;1;217,99;13,70;152,73;Portail web
CMD-103553;2025-07-01;08/07/2025;28/08/2025;CLI-0031;EMP-509;ENT-QC;BD-1024;2;279,05;16,50;189,35;Représentant
CMD-104877;2025-11-20;24/11/2025;;CLI-0214;EMP-508;ENT-MTL;BD-1065;4;237,62;4,70;155,19;Représentant
CMD-103625;11/07/2025;16/07/2025;;CLI-0198;EMP-504;ENT-SAG;BD-1038;12;532,03;3,60;319,94;Représentant
CMD-103920;2025-08-20;29/08/2025;08/10/2025;CLI-0120;EMP-509;ENT-QC;BD-1042;24;414,58;6,10;267,02;Portail web
CMD-102486;05/02/2025;12/02/2025;22/03/2025;CLI-0139;EMP-506;ENT-MTL;BD-1061;6;102,09;13,60;76,81;Courriel
CMD-102427;22/01/2025;2025-01-25;22/03/2025;CLI-0132;EMP-507;ENT-QC;BD-1159;3;248,84;13,90;169,65;Courriel
CMD-102725;19/03/2025;24/03/2025;07/05/2025;CLI-0188;EMP-506;ENT-MTL;BD-1174;3;264,07;10,50;169,01;Représentant
CMD-105063;22/12/2025;29/12/2025;;CLI-0124;EMP-509;ENT-QC;BD-1173;4;387,93;2,70;212,35;Téléphone
CMD-103810;11/08/2025;2025-08-18;07/10/2025;CLI-0207;EMP-501;ENT-QC;BD-1143;4;349,76;6,80;220,45;Portail web
CMD-103868;16/08/2025;18/08/2025;2025-09-22;CLI-0163;EMP-505;ENT-MTL;BD-1128;1;139,73;3,50;78,87;Représentant
CMD-102760;25/03/2025;2025-03-27;20/05/2025;CLI-0088;EMP-504;ENT-QC;BD-1046;2;413,46;13,40;315,40;Portail web
CMD-103613;09/07/2025;12/07/2025;20-août-25;CLI-0212;EMP-507;ENT-QC;BD-1109;9;363,71;20,90;310,20;Courriel
CMD-104406;06/10/2025;11/10/2025;2025-11-24;CLI-0142;EMP-508;ENT-SAG;BD-1136;4;202,00;2,70;112,45;Représentant
CMD-105003;2025-12-11;14/12/2025;;CLI-0066;EMP-507;ENT-MTL;BD-1135;12;64,82;11,60;40,73;Téléphone
CMD-104466;10/10/2025;2025-10-18;12/12/2025;CLI-0200;EMP-509;ENT-QC;BD-1143;3;321,30;14,40;220,45;Représentant
CMD-102706;17/03/2025;20/03/2025;2025-04-28;CLI-0193;EMP-509;ENT-QC;BD-1164;6;172,89;11,30;100,45;Représentant
CMD-102887;11/04/2025;2025-04-14;18/06/2025;CLI-0029;EMP-506;ENT-SAG;BD-1073;7;359,46;20,10;260,35;Représentant
CMD-103115;09/05/2025;2025-05-15;27/06/2025;CLI-0015;EMP-509;ENT-MTL;BD-1039;6;192,97;2,50;122,17;Salon
CMD-102960;21/04/2025;27/04/2025;2025-06-13;CLI-0009;EMP-502;ENT-MTL;BD-1052;18;245,21;20,10;183,03;Courriel
CMD-103784;07/08/2025;13/08/2025;14-sept-25;CLI-0108;EMP-503;ENT-SAG;BD-1130;2;501,18;11,20;323,89;Téléphone
CMD-104960;02/12/2025;06/12/2025;;CLI-0148;EMP-501;ENT-MTL;BD-1019;2;255,51;15,10;205,07;Représentant
CMD-103936;2025-08-23;28/08/2025;08/10/2025;CLI-0026;EMP-506;ENT-MTL;BD-1056;1;431,77;12,20;293,14;Représentant
CMD-104011;02/09/2025;2025-09-11;01/11/2025;CLI-0127;EMP-503;ENT-MTL;BD-1086;6;120,65;12,40;97,25;Téléphone
CMD-103495;24/06/2025;29/06/2025;2025-08-11;CLI-0137;EMP-503;ENT-QC;BD-1013;11;385,21;25,40;315,34;Représentant
CMD-104232;2025-09-20;26/09/2025;02/11/2025;CLI-0212;EMP-507;ENT-QC;BD-1109;11;372,49;19,00;310,20;Portail web
CMD-103152;2025-05-14;23/05/2025;;CLI-0094;EMP-502;ENT-QC;BD-1106;8;500,92;5,60;340,08;Représentant
CMD-103873;2025-08-16;18/08/2025;09/10/2025;CLI-0031;EMP-509;ENT-MTL;BD-1002;2;412,76;11,90;298,72;Courriel
CMD-104258;23/09/2025;02-oct-25;22/10/2025;CLI-0184;EMP-503;ENT-QC;BD-1073;6;425,93;5,30;307,22;Représentant
CMD-102388;15/01/2025;23/01/2025;2025-03-07;CLI-0199;EMP-504;ENT-SAG;BD-1054;1;408,12;12,40;262,94;Représentant
CMD-103966;26/08/2025;02/09/2025;2025-10-08;CLI-0080;EMP-506;ENT-QC;BD-1058;8;207,47;15,30;149,54;Représentant
CMD-102811;01/04/2025;08/04/2025;06/06/2025;CLI-0076;EMP-507;ENT-MTL;BD-1164;6;156,70;19,60;100,45;Portail web
CMD-102807;01/04/2025;2025-04-09;21/05/2025;CLI-0050;EMP-502;ENT-MTL;BD-1066;1;294,20;14,60;203,44;Représentant
CMD-103960;2025-08-26;28/08/2025;13/11/2025;CLI-0048;EMP-508;ENT-SAG;BD-1011;6;471,59;10,20;294,52;Téléphone
CMD-104118;10/09/2025;17-sept-25;14/10/2025;CLI-0080;EMP-506;ENT-QC;BD-1146;24;324,15;13,70;225,52;Représentant
CMD-103025;29/04/2025;08/05/2025;02-juin-25;CLI-0074;EMP-507;ENT-MTL;BD-1098;10;333,15;24,40;262,51;Téléphone
CMD-104679;29/10/2025;2025-11-07;16/12/2025;CLI-0041;EMP-508;ENT-MTL;BD-1012;1;107,22;11,90;69,62;Portail web
CMD-104188;2025-09-17;23/09/2025;29/10/2025;CLI-0210;EMP-503;ENT-QC;BD-1086;8;128,47;6,70;97,25;Courriel
CMD-102942;18-avr-25;25/04/2025;27/05/2025;CLI-0014;EMP-502;ENT-MTL;BD-1069;1;367,96;7,70;202,67;Représentant
CMD-104273;24/09/2025;30/09/2025;28/10/2025;CLI-0220;EMP-506;ENT-MTL;BD-1028;6;206,94;12,50;143,73;Représentant
CMD-104894;2025-11-24;03/12/2025;;CLI-0061;EMP-503;ENT-MTL;BD-1136;24;185,84;10,50;112,45;Téléphone
CMD-102801;2025-03-31;05/04/2025;05/05/2025;CLI-0056;EMP-502;ENT-MTL;BD-1107;14;174,92;20,60;150,54;Représentant
CMD-103311;30/05/2025;02/06/2025;17/07/2025;CLI-0130;EMP-508;ENT-MTL;BD-1115;5;60,61;18,80;47,23;Représentant
CMD-103546;2025-06-30;05/07/2025;23/08/2025;CLI-0211;EMP-504;ENT-QC;BD-1100;12;467,10;12,90;369,19;Téléphone
CMD-103166;15/05/2025;22-mai-25;27/06/2025;CLI-0182;EMP-503;ENT-MTL;BD-1121;24;68,94;11,40;44,65;Portail web
CMD-103415;13/06/2025;16/06/2025;23/07/2025;CLI-0153;EMP-507;ENT-QC;BD-1017;4;472,73;16,10;313,71;Téléphone
CMD-103542;30-juin-25;08/07/2025;09/08/2025;CLI-0084;EMP-503;ENT-QC;BD-1026;4;371,51;15,20;246,82;Courriel
CMD-103627;11/07/2025;17/07/2025;27-août-25;CLI-0162;EMP-508;ENT-SAG;BD-1033;12;164,92;12,00;113,22;Salon
CMD-103856;15/08/2025;2025-08-24;06/10/2025;CLI-0142;EMP-508;ENT-QC;BD-1004;3;265,78;3,00;158,83;Représentant
CMD-102714;18/03/2025;2025-03-26;10/05/2025;CLI-0073;EMP-501;ENT-SAG;BD-1152;6;399,47;16,90;271,40;Salon
CMD-102858;07/04/2025;13/04/2025;10-juin-25;CLI-0056;EMP-502;ENT-MTL;BD-1064;5;102,40;18,30;70,89;Portail web
CMD-102746;24/03/2025;2025-03-28;19/05/2025;CLI-0031;EMP-509;ENT-MTL;BD-1080;3;286,59;13,30;176,76;Portail web
CMD-103541;30/06/2025;06/07/2025;02/09/2025;CLI-0029;EMP-506;ENT-QC;BD-1035;22;37,60;22,30;30,63;Représentant
CMD-102943;18/04/2025;26/04/2025;09/06/2025;CLI-0172;EMP-502;ENT-QC;BD-1074;1;181,36;6,60;110,54;Portail web
CMD-104519;15/10/2025;2025-10-23;;CLI-0007;EMP-508;ENT-QC;BD-1149;24;169,65;7,40;111,14;Représentant
CMD-102997;2025-04-25;27/04/2025;09/06/2025;CLI-0106;EMP-501;ENT-SAG;BD-1063;6;329,19;10,60;247,24;Courriel
CMD-104911;26/11/2025;2025-12-03;;CLI-0130;EMP-508;ENT-MTL;BD-1145;7;144,68;21,40;111,12;Représentant
CMD-104772;08/11/2025;17/11/2025;22/12/2025;CLI-0006;EMP-505;ENT-MTL;BD-1135;1;65,34;10,90;40,73;Représentant
CMD-104541;16/10/2025;2025-10-20;01/12/2025;CLI-0123;EMP-501;ENT-MTL;BD-1085;6;56,00;16,70;49,28;Représentant
CMD-103374;2025-06-10;16/06/2025;23/07/2025;CLI-0006;EMP-505;ENT-MTL;BD-1173;8;344,50;13,60;212,35;Représentant
CMD-103132;12/05/2025;21/05/2025;20/06/2025;CLI-0116;EMP-509;ENT-MTL;BD-1121;8;66,02;15,20;44,65;Portail web
CMD-103513;26/06/2025;2025-06-30;11/08/2025;CLI-0181;EMP-504;ENT-MTL;BD-1130;3;524,59;7,10;323,89;Représentant
CMD-105038;17/12/2025;19/12/2025;;CLI-0217;EMP-506;ENT-QC;BD-1101;9;85,19;21,50;75,83;Représentant
CMD-103787;07/08/2025;2025-08-13;02/10/2025;CLI-0152;EMP-503;ENT-MTL;BD-1176;6;603,94;4,20;328,78;Représentant
CMD-102874;09/04/2025;2025-04-12;13/06/2025;CLI-0169;EMP-507;ENT-MTL;BD-1036;8;230,17;10,40;162,40;Portail web
CMD-104775;10/11/2025;2025-11-12;30/12/2025;CLI-0137;EMP-503;ENT-SAG;BD-1079;4;209,99;20,40;147,87;Portail web
CMD-102884;2025-04-11;13/04/2025;03/06/2025;CLI-0186;EMP-507;ENT-QC;BD-1171;8;150,19;5,10;85,46;Téléphone
CMD-103152;14/05/2025;23/05/2025;;CLI-0094;EMP-502;ENT-QC;BD-1056;4;464,36;5,60;293,14;Portail web
CMD-103463;19/06/2025;26/06/2025;2025-08-06;CLI-0150;EMP-502;ENT-QC;BD-1039;4;192,29;2,90;122,17;Représentant
CMD-103484;23/06/2025;30/06/2025;25/08/2025;CLI-0137;EMP-503;ENT-SAG;BD-1003;15;239,04;19,80;227,23;Représentant
CMD-103070;03/05/2025;12-mai-25;26/06/2025;CLI-0137;EMP-503;ENT-SAG;BD-1120;9;225,09;24,20;186,72;Courriel
CMD-103807;2025-08-11;18/08/2025;14/09/2025;CLI-0012;EMP-501;ENT-QC;BD-1055;4;264,75;19,40;213,75;Portail web
CMD-103875;18/08/2025;22-août-25;03/10/2025;CLI-0136;EMP-507;ENT-MTL;BD-1180;3;158,29;16,40;95,30;Portail web
CMD-102726;19/03/2025;24/03/2025;2025-05-14;CLI-0193;EMP-509;ENT-SAG;BD-1182;4;97,94;10,00;58,06;Courriel
CMD-102956;21/04/2025;2025-04-28;29/05/2025;CLI-0070;EMP-503;ENT-MTL;BD-1134;1;107,62;2,10;61,77;Téléphone
CMD-102938;2025-04-17;26/04/2025;05/06/2025;CLI-0081;EMP-502;ENT-MTL;BD-1051;12;111,73;13,80;79,76;Représentant
CMD-103299;2025-05-29;01/06/2025;20/07/2025;CLI-0126;EMP-502;ENT-MTL;BD-1117;3;123,94;16,30;100,34;Représentant
CMD-104139;12/09/2025;2025-09-20;30/10/2025;CLI-0112;EMP-505;ENT-QC;BD-1036;3;224,30;12,70;191,63;Représentant
CMD-104358;01/10/2025;10/10/2025;2025-11-30;CLI-0218;EMP-503;ENT-QC;BD-1128;6;135,25;6,60;78,87;Téléphone
CMD-104347;30/09/2025;05-oct-25;15/12/2025;CLI-0076;EMP-507;ENT-QC;BD-1067;27;31,69;23,80;28,64;Téléphone
CMD-104922;27/11/2025;04/12/2025;;CLI-0015;EMP-509;ENT-QC;BD-1162;4;126,66;7,60;68,38;Représentant
CMD-104925;27/11/2025;2025-11-30;;CLI-0206;EMP-503;ENT-MTL;BD-1133;3;84,70;16,50;62,95;Portail web
CMD-103774;06/08/2025;14/08/2025;01-oct-25;CLI-0208;EMP-507;ENT-MTL;BD-1099;3;436,58;12,10;346,57;Représentant
CMD-103914;20/08/2025;22/08/2025;2025-11-12;CLI-0075;EMP-506;ENT-MTL;BD-1175;4;157,17;7,40;96,85;Représentant
CMD-104351;30/09/2025;2025-10-04;02/12/2025;CLI-0017;EMP-507;ENT-MTL;BD-1177;4;351,48;13,80;215,66;Représentant
CMD-103055;01-mai-25;09/05/2025;22/06/2025;CLI-0080;EMP-506;ENT-MTL;BD-1125;4;380,09;13,60;291,24;Représentant
CMD-104330;29/09/2025;01/10/2025;20/11/2025;CLI-0089;EMP-502;ENT-QC;BD-1038;30;436,96;20,80;319,94;Représentant
CMD-104387;03/10/2025;09/10/2025;2025-12-07;CLI-0012;EMP-501;ENT-QC;BD-1099;15;383,75;22,70;346,57;Portail web
CMD-103624;11/07/2025;2025-07-18;02/09/2025;CLI-0049;EMP-508;ENT-MTL;BD-1042;4;383,02;13,20;267,02;Représentant
CMD-104136;2025-09-12;14/09/2025;12/11/2025;CLI-0026;EMP-506;ENT-QC;BD-1169;12;498,45;13,60;282,28;Courriel
CMD-103367;09/06/2025;11/06/2025;2025-08-12;CLI-0099;EMP-505;ENT-QC;BD-1177;11;333,85;18,10;215,66;Portail web
CMD-102709;2025-03-17;20/03/2025;12/05/2025;CLI-0074;EMP-507;ENT-SAG;BD-1012;8;93,21;23,40;69,62;Téléphone
CMD-102668;12/03/2025;21/03/2025;01-mai-25;CLI-0158;EMP-507;ENT-QC;BD-1097;1;345,20;6,20;214,46;Représentant
CMD-102374;10/01/2025;15/01/2025;2025-03-12;CLI-0209;EMP-508;ENT-QC;BD-1137;17;34,68;19,00;25,59;Représentant
CMD-102878;10/04/2025;16/04/2025;07-juin-25;CLI-0073;EMP-501;ENT-MTL;BD-1082;3;419,31;11,80;284,24;Téléphone
CMD-103101;2025-05-07;14/05/2025;28/06/2025;CLI-0001;EMP-508;ENT-MTL;BD-1021;2;334,24;8,10;242,82;Représentant
CMD-104281;24/09/2025;02/10/2025;01/11/2025;CLI-0209;EMP-508;ENT-QC;BD-1054;3;346,77;25,60;262,94;Téléphone
CMD-103523;27/06/2025;06/07/2025;10-août-25;CLI-0009;EMP-502;ENT-QC;BD-1138;53;113,69;22,80;88,19;Portail web
CMD-102994;2025-04-24;01/05/2025;01/07/2025;CLI-0040;EMP-509;ENT-QC;BD-1108;6;237,90;12,90;169,96;Portail web
CMD-105076;23/12/2025;27/12/2025;;CLI-0035;EMP-503;ENT-QC;BD-1066;3;302,83;12,10;240,06;Représentant
CMD-103269;27/05/2025;05/06/2025;2025-07-31;CLI-0026;EMP-506;ENT-QC;BD-1110;2;236,90;16,60;182,67;Représentant
CMD-102686;13/03/2025;21/03/2025;12/05/2025;CLI-0185;EMP-508;ENT-MTL;BD-1080;8;259,14;21,60;176,76;Représentant
CMD-103475;21/06/2025;26/06/2025;07-sept-25;CLI-0200;EMP-509;ENT-MTL;BD-1035;4;42,17;12,80;30,63;Représentant
CMD-104707;2025-10-31;05/11/2025;31/12/2025;CLI-0144;EMP-502;ENT-MTL;BD-1038;8;486,69;11,80;319,94;Téléphone
CMD-103170;16/05/2025;19/05/2025;28-juin-25;CLI-0067;EMP-502;ENT-MTL;BD-1118;3;423,18;14,90;343,17;Portail web
CMD-103091;06-mai-25;14/05/2025;01/07/2025;CLI-0188;EMP-506;ENT-MTL;BD-1182;24;91,92;15,60;58,06;Représentant
CMD-103970;27/08/2025;30/08/2025;2025-10-31;CLI-0199;EMP-504;ENT-SAG;BD-1035;2;43,05;11,00;30,63;Portail web
CMD-102477;03/02/2025;2025-02-11;28/03/2025;CLI-0059;EMP-504;ENT-QC;BD-1169;20;428,13;25,80;282,28;Courriel
CMD-102840;04/04/2025;06/04/2025;2025-05-23;CLI-0042;EMP-505;ENT-SAG;BD-1119;1;79,50;13,40;59,67;Salon
CMD-104660;28/10/2025;03/11/2025;2025-12-28;CLI-0107;EMP-506;ENT-MTL;BD-1139;3;335,33;6,50;203,11;Téléphone
CMD-102801;31/03/2025;05/04/2025;05/05/2025;CLI-0056;EMP-502;ENT-MTL;BD-1036;26;203,91;20,60;162,40;Représentant
CMD-104592;21/10/2025;27/10/2025;2025-12-30;CLI-0099;EMP-505;ENT-MTL;BD-1171;6;129,16;18,40;85,46;Téléphone
CMD-102580;2025-02-26;05/03/2025;13/04/2025;CLI-0130;EMP-508;ENT-MTL;BD-1118;33;396,65;20,20;343,17;Portail web
CMD-103245;23/05/2025;31/05/2025;2025-07-18;CLI-0211;EMP-504;ENT-SAG;BD-1062;12;157,00;12,60;135,59;Représentant
CMD-104187;17/09/2025;2025-09-24;23/11/2025;CLI-0076;EMP-507;ENT-MTL;BD-1074;2;149,66;22,90;130,44;Téléphone
CMD-103387;11/06/2025;20/06/2025;2025-08-01;CLI-0116;EMP-509;ENT-QC;BD-1057;4;25,74;13,70;23,20;Portail web
CMD-103418;13/06/2025;2025-06-22;23/07/2025;CLI-0148;EMP-501;ENT-SAG;BD-1109;3;405,39;11,90;310,20;Représentant
CMD-103840;13/08/2025;2025-08-22;28/09/2025;CLI-0081;EMP-502;ENT-QC;BD-1033;6;158,34;15,50;113,22;Courriel
CMD-105120;2025-12-30;05/01/2026;;CLI-0171;EMP-507;ENT-QC;BD-1092;4;275,03;2,50;168,72;Portail web
CMD-104554;17/10/2025;22/10/2025;16/12/2025;CLI-0111;EMP-507;ENT-SAG;BD-1100;12;495,14;7,70;369,19;Représentant
CMD-104618;24/10/2025;30/10/2025;2025-12-22;CLI-0191;EMP-504;ENT-SAG;BD-1098;3;383,55;13,00;309,76;Représentant
CMD-104794;2025-11-11;15/11/2025;;CLI-0067;EMP-502;ENT-SAG;BD-1087;8;334,81;13,20;215,66;Portail web
CMD-103875;2025-08-18;22/08/2025;03/10/2025;CLI-0136;EMP-507;ENT-MTL;BD-1122;3;285,26;16,40;212,67;Représentant
CMD-104286;25/09/2025;27/09/2025;2025-11-25;CLI-0129;EMP-508;ENT-SAG;BD-1182;2;104,18;4,30;58,06;Téléphone
CMD-104493;2025-10-13;21/10/2025;11/12/2025;CLI-0124;EMP-509;ENT-MTL;BD-1132;12;192,89;2,90;128,45;Représentant
CMD-103156;14/05/2025;2025-05-22;14/07/2025;CLI-0037;EMP-504;ENT-QC;BD-1051;15;100,35;22,60;79,76;Représentant
CMD-104102;10/09/2025;2025-09-12;11/10/2025;CLI-0076;EMP-507;ENT-QC;BD-1160;29;59,43;24,50;41,56;Représentant
CMD-102532;14-févr-25;19/02/2025;20/03/2025;CLI-0072;EMP-501;ENT-MTL;BD-1062;3;160,83;10,50;114,90;Représentant
CMD-103208;20/05/2025;2025-05-27;25/06/2025;CLI-0131;EMP-502;ENT-SAG;BD-1024;24;295,98;11,40;189,35;Téléphone
CMD-102680;13/03/2025;17-mars-25;02/05/2025;CLI-0026;EMP-506;ENT-QC;BD-1162;1;121,32;11,50;68,38;Représentant
CMD-104379;02/10/2025;08/10/2025;2025-12-03;CLI-0076;EMP-507;ENT-SAG;BD-1076;-1;415,52;25,90;338,68;Représentant
CMD-103878;18/08/2025;25-août-25;28/09/2025;CLI-0073;EMP-501;ENT-QC;BD-1079;3;228,49;13,40;147,87;Téléphone
CMD-104029;03/09/2025;2025-09-08;05/11/2025;CLI-0103;EMP-502;ENT-QC;BD-1044;12;312,34;3,30;199,55;Portail web
CMD-103559;01/07/2025;07/07/2025;2025-08-19;CLI-0204;EMP-506;ENT-QC;BD-1123;2;207,25;4,70;132,28;Courriel
CMD-104028;2025-09-03;10/09/2025;02/11/2025;CLI-0209;EMP-508;ENT-MTL;BD-1068;17;418,97;25,70;342,49;Représentant
CMD-104424;07-oct-25;10/10/2025;06/12/2025;CLI-0090;EMP-505;ENT-SAG;BD-1133;12;88,39;12,80;62,95;Représentant
CMD-103901;19-août-25;26/08/2025;09/10/2025;CLI-0137;EMP-503;ENT-MTL;BD-1061;12;90,03;23,80;76,81;Représentant
CMD-103150;14/05/2025;2025-05-17;31/07/2025;CLI-0158;EMP-507;ENT-SAG;BD-1111;1;206,78;6,70;148,90;Portail web
CMD-104417;07/10/2025;11-oct-25;12/12/2025;CLI-0023;EMP-505;ENT-MTL;BD-1076;6;533,71;4,90;338,68;Représentant
CMD-103243;23/05/2025;2025-05-28;13/07/2025;CLI-0073;EMP-501;ENT-SAG;BD-1111;12;193,92;12,50;148,90;Salon
CMD-102793;2025-03-29;06/04/2025;21/05/2025;CLI-0130;EMP-508;ENT-MTL;BD-1169;3;447,79;22,40;282,28;Portail web
CMD-102908;15/04/2025;17-avr-25;03/06/2025;CLI-0054;EMP-507;ENT-MTL;BD-1055;2;285,88;13,00;213,75;Téléphone
CMD-104107;2025-09-10;14/09/2025;27/10/2025;CLI-0073;EMP-501;ENT-QC;BD-1088;4;540,82;14,10;404,63;Téléphone
CMD-104972;03/12/2025;11/12/2025;;CLI-0121;EMP-508;ENT-MTL;BD-1012;2;103,12;15,30;69,62;Représentant
CMD-104981;05/12/2025;2025-12-10;;CLI-0037;EMP-504;ENT-SAG;BD-1134;22;87,89;20,10;61,77;Représentant
CMD-103441;17/06/2025;2025-06-21;07/08/2025;CLI-0091;EMP-504;ENT-MTL;BD-1115;8;69,58;6,80;47,23;Portail web
CMD-103321;2025-06-02;05/06/2025;26/07/2025;cli-0176;EMP-503;ENT-MTL;BD-1013;3;503,64;2,40;315,34;Téléphone
CMD-104606;23/10/2025;31-oct-25;29/12/2025;CLI-0209;EMP-508;ENT-QC;BD-1028;55;177,94;24,70;143,73;Portail web
CMD-102794;29/03/2025;05/04/2025;2025-05-30;CLI-0048;EMP-508;ENT-MTL;BD-1143;12;313,31;16,50;220,45;Représentant
CMD-103232;2025-05-22;26/05/2025;11/07/2025;CLI-0025;EMP-509;ENT-SAG;BD-1054;3;418,33;10,20;262,94;Courriel
CMD-103110;09/05/2025;12/05/2025;2025-07-05;CLI-0011;EMP-507;ENT-MTL;BD-1103;4;220,82;3,10;154,84;Représentant
CMD-103455;19/06/2025;25/06/2025;02-août-25;CLI-0209;EMP-508;ENT-QC;BD-1064;4;96,11;23,30;70,89;Représentant
CMD-104168;16-sept-25;18/09/2025;;CLI-0025;EMP-509;ENT-SAG;BD-1160;3;66,23;15,90;41,56;Portail web
CMD-102968;22/04/2025;27/04/2025;10-juin-25;CLI-0048;EMP-508;ENT-MTL;BD-1061;4;105,07;11,10;76,81;Représentant
CMD-103097;2025-05-07;16/05/2025;25/06/2025;CLI-0201;EMP-504;ENT-MTL;BD-1046;2;465,22;2,50;372,17;Représentant
CMD-103800;08/08/2025;12/08/2025;2025-10-11;CLI-0056;EMP-502;ENT-SAG;BD-1005;3;250,77;23,30;208,35;Téléphone
CMD-104780;2025-11-10;13/11/2025;;CLI-0198;EMP-504;ENT-SAG;BD-1095;8;96,29;7,10;64,62;Portail web
CMD-102702;15-mars-25;20/03/2025;09/05/2025;CLI-0037;EMP-504;ENT-SAG;BD-1048;18;40,78;20,30;33,51;Portail web
CMD-104642;27/10/2025;2025-11-01;18/11/2025;CLI-0099;EMP-505;ENT-MTL;BD-1089;4;249,52;21,20;189,92;Portail web
CMD-102685;13/03/2025;15/03/2025;20-mai-25;CLI-0022;EMP-506;ENT-QC;BD-1159;4;272,18;5,80;169,65;Représentant
CMD-104837;18/11/2025;26/11/2025;24/12/2025;CLI-0205;EMP-505;ENT-SAG;BD-1082;1;464,09;2,30;335,40;Représentant
CMD-104194;17/09/2025;23/09/2025;2025-12-05;CLI-0148;EMP-501;ENT-MTL;BD-1085;4;60,36;10,20;49,28;Portail web
CMD-104467;2025-10-10;13/10/2025;19/11/2025;CLI-0208;EMP-507;ENT-SAG;BD-1091;12;495,42;12,80;336,22;Portail web
CMD-104787;11/11/2025;17/11/2025;;CLI-0089;EMP-502;ENT-SAG;BD-1071;25;409,80;23,20;363,51;Téléphone
CMD-102397;16/01/2025;21/01/2025;25-févr-25;CLI-0184;EMP-503;ENT-MTL;BD-1146;8;352,87;6,00;225,52;Représentant
CMD-104675;29/10/2025;04/11/2025;2025-11-25;CLI-0114;EMP-502;ENT-MTL;BD-1096;3;279,01;5,80;205,70;Téléphone
CMD-104096;09/09/2025;13-sept-25;16/10/2025;CLI-0009;EMP-502;ENT-QC;BD-1086;6;108,63;21,10;97,25;Courriel
CMD-104879;20/11/2025;2025-11-28;;CLI-0137;EMP-503;ENT-MTL;BD-1079;7;214,67;18,60;147,87;Représentant
CMD-104602;22/10/2025;26/10/2025;2025-12-09;CLI-0031;EMP-509;ENT-QC;BD-1100;2;463,37;13,60;369,19;Représentant
CMD-102519;2025-02-12;14/02/2025;04/05/2025;CLI-0044;EMP-505;ENT-QC;BD-1101;4;90,24;16,80;64,26;Représentant
CMD-102608;04/03/2025;08/03/2025;31/03/2025;CLI-0185;EMP-508;ENT-QC;BD-1099;5;391,73;21,10;293,70;Représentant
CMD-102667;12/03/2025;14/03/2025;17/04/2025;CLI-0169;EMP-507;ENT-MTL;BD-1115;4;64,99;13,00;47,23;Représentant
CMD-104052;2025-09-04;11/09/2025;28/10/2025;CLI-0035;EMP-503;ENT-MTL;BD-1163;8;517,83;15,60;300,77;Téléphone
CMD-102367;09/01/2025;13/01/2025;2025-02-17;CLI-0162;EMP-508;ENT-QC;BD-1125;3;383,86;12,70;291,24;Représentant
CMD-102361;08/01/2025;16/01/2025;2025-03-05;CLI-0029;EMP-506;ENT-MTL;BD-1135;1;57,35;21,80;40,73;Représentant
CMD-102786;28/03/2025;04/04/2025;08/05/2025;CLI-0055;EMP-506;ENT-QC;BD-1004;3;253,76;7,40;158,83;Téléphone
CMD-105018;2025-12-15;19/12/2025;;CLI-0076;EMP-507;ENT-MTL;BD-1169;26;434,44;24,70;282,28;Représentant
CMD-104938;28/11/2025;30/11/2025;;CLI-0034;EMP-507;ENT-QC;BD-1166;4;368,49;11,30;217,35;Représentant
CMD-104653;27/10/2025;01/11/2025;09-déc-25;CLI-0023;EMP-505;ENT-QC;BD-1108;12;262,80;3,80;169,96;Salon
CMD-103303;30-mai-25;08/06/2025;08/07/2025;CLI-0106;EMP-501;ENT-MTL;BD-1043;8;458,87;13,10;300,28;Portail web
CMD-102646;10/03/2025;14/03/2025;2025-04-21;CLI-0005;EMP-503;ENT-SAG;BD-1166;3;400,74;3,50;217,35;Téléphone
CMD-104719;2025-11-01;05/11/2025;24/12/2025;CLI-0144;EMP-502;ENT-SAG;BD-1147;1;536,39;10,30;346,92;Portail web
CMD-102683;2025-03-13;21/03/2025;27/04/2025;CLI-0062;EMP-507;ENT-SAG;BD-1137;2;36,04;15,80;25,59;Représentant
CMD-102580;2025-02-26;05/03/2025;13/04/2025;CLI-0130;EMP-508;ENT-MTL;BD-1075;57;80,40;20,20;60,99;Représentant
CMD-102881;11/04/2025;20/04/2025;13/06/2025;CLI-0211;EMP-504;ENT-SAG;BD-1153;1;168,87;15,80;116,00;Représentant
CMD-103138;12/05/2025;14/05/2025;22-juin-25;CLI-0174;EMP-502;ENT-QC;BD-1105;3;248,24;4,20;169,61;Portail web
CMD-103449;18/06/2025;2025-06-26;05/08/2025;CLI-0095;EMP-505;ENT-QC;BD-1005;12;303,39;7,20;208,35;Courriel
CMD-104659;28/10/2025;03/11/2025;;CLI-0056;EMP-502;ENT-QC;BD-1071;28;436,82;18,20;363,51;Portail web
CMD-103833;13-août-25;17/08/2025;30/09/2025;cli-0034;EMP-507;ENT-MTL;BD-1006;3;279,58;16,50;182,47;Portail web
CMD-104877;20/11/2025;2025-11-24;;CLI-0214;EMP-508;ENT-MTL;BD-1141;6;475,68;4,70;314,24;Portail web
CMD-104028;03/09/2025;10/09/2025;2025-11-02;CLI-0209;EMP-508;ENT-MTL;BD-1028;10;175,66;25,70;143,73;Téléphone
CMD-102831;03/04/2025;06/04/2025;2025-05-10;CLI-0212;EMP-507;ENT-QC;BD-1050;8;409,58;18,80;297,82;Représentant
CMD-102786;28/03/2025;04/04/2025;2025-05-08;CLI-0055;EMP-506;ENT-QC;BD-1115;12;69,14;7,40;47,23;Portail web
CMD-102329;01/01/2025;05/01/2025;2025-02-02;CLI-0199;EMP-504;ENT-MTL;BD-1137;3;35,74;16,50;25,59;Représentant
CMD-102815;02-avr-25;04/04/2025;12/06/2025;CLI-0020;EMP-508;ENT-SAG;BD-1172;3;398,62;4,80;221,22;Courriel
CMD-103299;2025-05-29;01/06/2025;20/07/2025;CLI-0126;EMP-502;ENT-MTL;BD-1120;6;248,31;16,30;186,72;Représentant
CMD-103804;09/08/2025;16/08/2025;03/10/2025;CLI-0037;EMP-504;ENT-MTL;BD-1010;24;130,82;19,70;88,91;Portail web
CMD-104491;2025-10-13;19/10/2025;01/12/2025;CLI-0203;EMP-503;ENT-SAG;BD-1099;6;466,74;6,00;346,57;Représentant
CMD-104835;17/11/2025;2025-11-23;;CLI-0029;EMP-506;ENT-QC;BD-1171;17;125,39;20,80;85,46;Représentant
CMD-105097;26/12/2025;30/12/2025;;CLI-0167;EMP-506;ENT-MTL;BD-1135;4;71,49;2,50;40,73;Portail web
CMD-102924;16/04/2025;19/04/2025;2025-05-03;CLI-0121;EMP-508;ENT-SAG;BD-1113;12;376,67;11,80;281,81;Représentant
CMD-102420;2025-01-21;30/01/2025;20/02/2025;CLI-0193;EMP-509;ENT-SAG;BD-1133;3;89,32;11,90;62,95;Portail web
CMD-104326;29/09/2025;01-oct-25;09/11/2025;CLI-0160;EMP-508;ENT-QC;BD-1044;4;309,84;4,10;199,55;Téléphone
CMD-103834;13/08/2025;2025-08-21;28/09/2025;CLI-0009;EMP-502;ENT-MTL;BD-1175;20;138,50;18,40;96,85;Téléphone
CMD-104295;25-sept-25;30/09/2025;04/12/2025;CLI-0073;EMP-501;ENT-QC;BD-1093;1;190,44;14,90;159,25;Courriel
CMD-104171;2025-09-16;23/09/2025;20/10/2025;CLI-0208;EMP-507;ENT-SAG;BD-1042;4;383,95;13,00;267,02;Salon
CMD-103500;25/06/2025;03-juil-25;09/08/2025;CLI-0059;EMP-504;ENT-QC;BD-1108;16;212,56;22,20;169,96;Téléphone
CMD-102953;19/04/2025;2025-04-25;25/05/2025;CLI-0059;EMP-504;ENT-MTL;BD-1037;2;24,17;19,20;16,65;Téléphone
CMD-105038;17/12/2025;2025-12-19;;CLI-0217;EMP-506;ENT-QC;BD-1040;5;346,09;21,50;274,41;Portail web
CMD-104765;06/11/2025;2025-11-11;27/12/2025;CLI-0155;EMP-506;ENT-MTL;BD-1141;6;431,85;13,50;314,24;Représentant
CMD-102998;25-avr-25;27/04/2025;21/06/2025;CLI-0115;EMP-509;ENT-MTL;BD-1043;4;463,34;12,20;300,28;Représentant
CMD-103165;15/05/2025;2025-05-19;27/06/2025;CLI-0070;EMP-503;ENT-QC;BD-1072;1;372,64;5,80;236,88;Représentant
CMD-102453;28/01/2025;02/02/2025;01/03/2025;CLI-0037;EMP-504;ENT-SAG;BD-1035;11;38,63;20,10;30,63;Portail web
CMD-104904;25-nov-25;03/12/2025;;CLI-0133;EMP-508;ENT-MTL;BD-1082;12;397,03;16,50;335,40;Représentant
CMD-104358;01/10/2025;10/10/2025;2025-11-30;CLI-0218;EMP-503;ENT-QC;BD-1164;1;182,04;6,60;100,45;Portail web
CMD-104198;17/09/2025;21-sept-25;02/11/2025;CLI-0182;EMP-503;ENT-MTL;BD-1099;1;413,65;16,70;346,57;Portail web
CMD-102542;17/02/2025;19/02/2025;18-avr-25;CLI-0076;EMP-507;ENT-MTL;BD-1125;17;353,14;19,70;291,24;Représentant
CMD-103895;19/08/2025;26/08/2025;13-oct-25;CLI-0161;EMP-508;ENT-MTL;BD-1182;3;105,27;3,30;58,06;Représentant
CMD-103546;30/06/2025;05/07/2025;23/08/2025;CLI-0211;EMP-504;ENT-QC;BD-1063;4;320,67;12,90;247,24;Portail web
CMD-102766;2025-03-26;28/03/2025;23/05/2025;CLI-0156;EMP-502;ENT-SAG;BD-1086;2;132,51;3,80;82,42;Téléphone
CMD-103791;08-août-25;13/08/2025;30/09/2025;CLI-0027;EMP-502;ENT-QC;BD-1043;2;488,12;7,50;300,28;Représentant
CMD-104198;17/09/2025;2025-09-21;02/11/2025;CLI-0182;EMP-503;ENT-MTL;BD-1151;2;132,46;16,70;92,25;Portail web
CMD-104068;2025-09-08;10/09/2025;06/11/2025;CLI-0217;EMP-506;ENT-MTL;BD-1142;15;128,53;21,20;100,93;Portail web
CMD-104177;16/09/2025;20/09/2025;2025-10-24;CLI-0183;EMP-506;ENT-QC;BD-1090;3;89,78;6,30;69,37;Courriel
CMD-102515;12-févr-25;19/02/2025;27/03/2025;CLI-0009;EMP-502;ENT-QC;BD-1096;11;223,25;24,60;174,33;Téléphone
CMD-102483;04-févr-25;08/02/2025;07/04/2025;CLI-0183;EMP-506;ENT-SAG;BD-1174;4;283,98;3,80;169,01;Téléphone
CMD-104619;24/10/2025;2025-10-30;25/11/2025;CLI-0076;EMP-507;ENT-MTL;BD-1138;20;115,22;21,80;88,19;Représentant
CMD-102872;09/04/2025;11/04/2025;2025-06-10;CLI-0137;EMP-503;ENT-QC;BD-1102;7;384,66;20,70;260,69;Représentant
CMD-104242;22-sept-25;26/09/2025;03/11/2025;CLI-0130;EMP-508;ENT-SAG;BD-1124;1;204,08;20,00;153,77;Portail web
CMD-104907;25/11/2025;28/11/2025;;CLI-0136;EMP-507;ENT-QC;BD-1102;6;416,31;14,10;260,69;Portail web
CMD-103505;25-juin-25;27/06/2025;03/09/2025;CLI-0153;EMP-507;ENT-QC;BD-1124;4;214,78;15,80;153,77;Représentant
CMD-104196;2025-09-17;20/09/2025;13/11/2025;CLI-0111;EMP-507;ENT-SAG;BD-1162;8;128,25;6,40;68,38;Portail web
CMD-104540;16/10/2025;21-oct-25;21/11/2025;CLI-0188;EMP-506;ENT-MTL;BD-1139;3;299,67;16,50;203,11;Représentant
CMD-104410;06/10/2025;14-oct-25;27/11/2025;CLI-0084;EMP-503;ENT-QC;BD-1088;4;536,29;14,90;404,63;Représentant
CMD-104438;08/10/2025;2025-10-15;13/12/2025;CLI-0038;EMP-507;ENT-MTL;BD-1147;3;524,35;12,30;346,92;Représentant
CMD-102499;08/02/2025;10/02/2025;05-avr-25;CLI-0012;EMP-501;ENT-MTL;BD-1063;8;275,76;25,10;247,24;Représentant
CMD-103117;09-mai-25;14/05/2025;29/06/2025;CLI-0166;EMP-503;ENT-SAG;BD-1007;8;87,18;15,60;57,14;Portail web
CMD-103924;21/08/2025;25/08/2025;27-oct-25;CLI-0052;EMP-504;ENT-QC;BD-9815;2;50,19;12,70;33,12;Portail web
CMD-103927;22/08/2025;24/08/2025;2025-10-03;CLI-0130;EMP-508;ENT-MTL;BD-1076;13;446,89;20,30;338,68;Portail web
CMD-103462;2025-06-19;23/06/2025;07/08/2025;CLI-0061;EMP-503;ENT-QC;BD-1123;4;186,57;14,20;132,28;Courriel
CMD-105063;22-déc-25;29/12/2025;;CLI-0124;EMP-509;ENT-QC;BD-1068;3;548,72;2,70;342,49;Courriel
CMD-102416;20-janv-25;23/01/2025;;CLI-0074;EMP-507;ENT-MTL;BD-1132;7;156,87;21,00;128,45;Portail web
CMD-104948;29/11/2025;2025-12-05;;CLI-0086;EMP-502;ENT-QC;BD-1098;3;422,49;4,20;309,76;Représentant
CMD-104187;17/09/2025;24/09/2025;2025-11-23;CLI-0076;EMP-507;ENT-MTL;BD-1107;7;169,78;22,90;150,54;Portail web
CMD-103120;09/05/2025;13/05/2025;2025-06-20;CLI-0203;EMP-503;ENT-QC;BD-1014;2;41,01;8,20;27,18;Portail web
CMD-105097;26/12/2025;2025-12-30;;CLI-0167;EMP-506;ENT-MTL;BD-1098;12;429,95;2,50;309,76;Portail web
CMD-103945;25/08/2025;29/08/2025;2025-10-06;CLI-0038;EMP-507;ENT-QC;BD-1062;3;158,15;12,00;135,59;Représentant
CMD-103279;28/05/2025;04-juin-25;25/07/2025;CLI-0161;EMP-508;ENT-MTL;BD-1002;2;457,55;2,30;298,72;Représentant
CMD-104569;18/10/2025;2025-10-21;08/12/2025;CLI-0171;EMP-507;ENT-QC;BD-1070;3;71,74;5,80;48,05;Salon
CMD-103120;2025-05-09;13/05/2025;20/06/2025;CLI-0203;EMP-503;ENT-QC;BD-1041;24;232,62;8,20;163,24;Portail web
CMD-102498;07/02/2025;13/02/2025;2025-04-28;CLI-0085;EMP-503;ENT-MTL;BD-1120;3;271,31;8,60;186,72;Représentant
CMD-104515;15/10/2025;20-oct-25;26/11/2025;CLI-0132;EMP-507;ENT-SAG;BD-1148;4;405,09;11,90;302,28;Courriel
CMD-103503;25/06/2025;03/07/2025;05-août-25;CLI-0072;EMP-501;ENT-SAG;BD-1026;8;366,53;16,40;246,82;Représentant
CMD-102390;2025-01-15;20/01/2025;05/03/2025;CLI-0047;EMP-508;ENT-QC;BD-1139;12;316,83;11,70;203,11;Portail web
CMD-103749;04/08/2025;2025-08-09;11/09/2025;CLI-0063;EMP-503;ENT-QC;BD-1023;24;334,27;11,40;244,32;Portail web
CMD-104421;2025-10-07;15/10/2025;30/11/2025;CLI-0133;EMP-508;ENT-MTL;BD-1115;3;63,86;14,50;47,23;Représentant
CMD-102644;08-mars-25;11/03/2025;07/05/2025;CLI-0192;EMP-505;ENT-QC;BD-1168;3;365,00;8,80;229,43;Représentant
CMD-102667;12/03/2025;2025-03-14;17/04/2025;CLI-0169;EMP-507;ENT-MTL;BD-1132;8;172,84;13,00;128,45;Représentant
CMD-103242;23-mai-25;31/05/2025;24/07/2025;CLI-0003;EMP-508;ENT-MTL;BD-1167;1;361,18;2,70;209,73;Représentant
CMD-103518;26/06/2025;2025-07-04;03/09/2025;CLI-0143;EMP-503;ENT-MTL;BD-1121;1;69,11;11,20;44,65;Portail web
CMD-104399;06/10/2025;10/10/2025;17/11/2025;CLI-0220;EMP-506;ENT-QC;BD-1170;4;30,62;12,90;16,95;Représentant
CMD-104023;02/09/2025;07-sept-25;17/11/2025;CLI-0182;EMP-503;ENT-MTL;BD-1060;3;355,44;10,20;291,44;Représentant
CMD-104156;2025-09-15;19/09/2025;31/10/2025;CLI-0107;EMP-506;ENT-QC;BD-1145;3;170,99;7,10;111,12;Représentant
CMD-102798;31/03/2025;2025-04-08;17/05/2025;CLI-0006;EMP-505;ENT-SAG;BD-1036;3;223,16;13,10;162,40;Portail web
CMD-103876;18/08/2025;2025-08-22;19/09/2025;CLI-0154;EMP-507;ENT-QC;BD-1028;6;206,33;12,70;143,73;Téléphone
CMD-102952;19/04/2025;2025-04-21;14/05/2025;CLI-0033;EMP-504;ENT-QC;BD-1160;1;66,17;16,00;41,56;Salon
CMD-102677;12/03/2025;18-mars-25;10/05/2025;CLI-0208;EMP-507;ENT-MTL;BD-1164;12;173,57;11,00;100,45;Représentant
CMD-102401;00/00/0000;24/01/2025;12-mars-25;CLI-0127;EMP-503;ENT-MTL;BD-1049;3;46,54;14,80;31,22;Téléphone
CMD-103608;09/07/2025;2025-07-16;18/08/2025;CLI-0059;EMP-504;ENT-MTL;BD-1020;5;46,76;18,60;33,12;Représentant
CMD-104962;02/12/2025;08/12/2025;;CLI-0045;EMP-502;ENT-QC;BD-1175;8;148,02;12,80;96,85;Représentant
CMD-102827;03/04/2025;2025-04-08;07/05/2025;CLI-0194;EMP-506;ENT-SAG;BD-1013;3;483,97;6,20;315,34;Représentant
CMD-102948;18/04/2025;27/04/2025;07-juin-25;CLI-0034;EMP-507;ENT-MTL;BD-1044;2;284,92;11,80;199,55;Portail web
CMD-104589;21/10/2025;24/10/2025;27-nov-25;CLI-0012;EMP-501;ENT-SAG;BD-1145;7;142,07;22,80;111,12;Représentant
CMD-104978;04/12/2025;2025-12-06;;CLI-0102;EMP-506;ENT-MTL;BD-1134;1;106,46;3,20;61,77;Courriel
CMD-104979;04/12/2025;10/12/2025;;CLI-0076;EMP-507;ENT-MTL;BD-1127;2;228,25;24,20;174,31;Représentant
CMD-104071;08/09/2025;14/09/2025;03/11/2025;CLI-0169;EMP-507;ENT-MTL;BD-1170;4;31,41;10,70;16,95;Représentant
CMD-103701;25/07/2025;2025-08-02;14/09/2025;CLI-0076;EMP-507;ENT-SAG;BD-1015;79;399,13;24,80;325,38;Téléphone
CMD-103348;05/06/2025;2025-06-09;28/07/2025;CLI-0126;EMP-502;ENT-MTL;BD-1181;12;526,33;15,80;312,40;Téléphone
CMD-103804;09/08/2025;16/08/2025;2025-10-03;CLI-0037;EMP-504;ENT-MTL;BD-1039;8;158,88;19,70;122,17;Représentant
CMD-102861;2025-04-07;12/04/2025;08/05/2025;CLI-0009;EMP-502;ENT-MTL;BD-1037;4;22,67;24,20;16,65;Représentant
CMD-104463;10/10/2025;13/10/2025;2025-12-05;CLI-0042;EMP-505;ENT-QC;BD-1132;12;171,44;13,70;128,45;Portail web
CMD-104923;2025-11-27;02/12/2025;28/12/2025;CLI-0060;EMP-508;ENT-QC;BD-1090;2;93,51;2,40;69,37;Portail web
CMD-103811;2025-08-11;19/08/2025;02/10/2025;CLI-0145;EMP-504;ENT-QC;BD-1030;2;173,19;5,40;119,13;Portail web
CMD-104163;15/09/2025;17-sept-25;10/11/2025;CLI-0089;EMP-502;ENT-SAG;BD-1118;6;383,28;22,90;343,17;Téléphone
CMD-103907;2025-08-20;24/08/2025;06/10/2025;CLI-0116;EMP-509;ENT-SAG;BD-1013;12;460,93;10,70;315,34;Courriel
CMD-102365;09/01/2025;17/01/2025;10/02/2025;CLI-0114;EMP-502;ENT-QC;BD-1142;1;159,31;2,30;100,93;Téléphone
CMD-103743;01/08/2025;03/08/2025;;CLI-0197;EMP-507;ENT-QC;BD-1116;8;82,30;7,20;60,17;Téléphone
CMD-103948;25/08/2025;01/09/2025;21-sept-25;CLI-0194;EMP-506;ENT-MTL;BD-1052;6;293,86;4,30;183,03;Courriel
CMD-102590;27/02/2025;2025-03-05;13/04/2025;CLI-0079;EMP-509;ENT-QC;BD-1175;3;163,81;3,50;96,85;Portail web
CMD-104809;13/11/2025;2025-11-22;;CLI-0133;EMP-508;ENT-SAG;BD-1151;1;134,80;15,20;92,25;Représentant
CMD-104943;2025-11-28;05/12/2025;;CLI-0010;EMP-504;ENT-QC;BD-1178;12;189,42;7,70;119,43;Représentant
CMD-103838;2025-08-13;16/08/2025;11/10/2025;CLI-0151;EMP-504;ENT-SAG;BD-1085;3;62,50;7,00;49,28;Représentant
CMD-104619;24/10/2025;30-oct-25;25/11/2025;CLI-0076;EMP-507;ENT-MTL;BD-1136;16;162,42;21,80;112,45;Téléphone
CMD-102343;04/01/2025;12/01/2025;2025-02-04;CLI-0041;EMP-508;ENT-MTL;BD-1180;4;161,05;14,90;95,30;Portail web
CMD-105116;30/12/2025;05/01/2026;;CLI-0040;EMP-509;ENT-MTL;BD-1003;6;259,76;12,90;227,23;Téléphone
CMD-105028;16/12/2025;19/12/2025;;CLI-0125;EMP-509;ENT-MTL;BD-1070;12;71,95;5,60;48,05;Portail web
CMD-103731;31/07/2025;2025-08-02;05/10/2025;CLI-0005;EMP-503;ENT-MTL;BD-1118;1;470,40;5,40;343,17;Représentant
CMD-102878;10/04/2025;2025-04-16;07/06/2025;CLI-0073;EMP-501;ENT-MTL;BD-1061;6;104,22;11,80;76,81;Portail web
CMD-104436;2025-10-08;17/10/2025;18/11/2025;CLI-0081;EMP-502;ENT-SAG;BD-1141;24;439,56;12,00;314,24;Représentant
CMD-105094;25/12/2025;03/01/2026;;CLI-0099;EMP-505;ENT-MTL;BD-1073;9;367,66;18,30;307,22;Portail web
CMD-104347;2025-09-30;05/10/2025;15/12/2025;CLI-0076;EMP-507;ENT-QC;BD-1179;7;328,80;23,80;231,35;Représentant
CMD-104780;10/11/2025;13/11/2025;;CLI-0198;EMP-504;ENT-SAG;BD-1155;1;503,23;7,10;329,15;Représentant
CMD-105066;22/12/2025;26/12/2025;;CLI-0131;EMP-502;ENT-MTL;BD-1146;8;325,93;13,20;225,52;Téléphone
CMD-102487;05/02/2025;13-févr-25;;CLI-0020;EMP-508;ENT-SAG;BD-1134;3;104,08;5,40;61,77;Représentant
CMD-103317;02/06/2025;04-juin-25;27/07/2025;CLI-0106;EMP-501;ENT-QC;BD-1104;6;96,87;12,50;76,70;Courriel
CMD-104189;17/09/2025;26/09/2025;2025-11-14;CLI-0060;EMP-508;ENT-SAG;BD-1018;6;453,47;2,40;247,17;Téléphone
CMD-103678;2025-07-21;26/07/2025;20/08/2025;CLI-0175;EMP-505;ENT-QC;BD-1171;12;144,07;9,00;85,46;Représentant
CMD-103946;25/08/2025;31/08/2025;20-oct-25;CLI-0217;EMP-506;ENT-SAG;BD-1149;16;146,77;19,90;111,14;Téléphone
CMD-103240;23/05/2025;01/06/2025;2025-06-30;CLI-0056;EMP-502;ENT-MTL;BD-1160;5;60,55;23,10;41,56;Représentant
CMD-104945;29/11/2025;01-déc-25;24/12/2025;CLI-0178;EMP-501;ENT-MTL;BD-1122;8;321,59;5,80;212,67;Téléphone
CMD-104379;02/10/2025;08/10/2025;2025-12-03;CLI-0076;EMP-507;ENT-SAG;BD-1137;39;31,71;25,90;25,59;Portail web
CMD-104355;01/10/2025;2025-10-04;10/12/2025;CLI-0218;EMP-503;ENT-QC;BD-1127;2;288,87;4,10;174,31;Représentant
CMD-102977;23/04/2025;29/04/2025;13/06/2025;CLI-0108;EMP-503;ENT-QC;BD-1016;24;362,94;12,20;224,02;Portail web
CMD-103539;30/06/2025;2025-07-02;30/07/2025;CLI-0201;EMP-504;ENT-SAG;BD-1054;1;441,06;5,30;262,94;Courriel
CMD-103087;06-mai-25;14/05/2025;07/06/2025;CLI-0089;EMP-502;ENT-QC;BD-1167;35;295,78;20,30;209,73;Représentant
CMD-102504;2025-02-10;12/02/2025;17/04/2025;CLI-0169;EMP-507;ENT-SAG;BD-1147;6;507,46;15,20;346,92;Téléphone
CMD-102778;28/03/2025;31/03/2025;2025-06-23;CLI-0048;EMP-508;ENT-MTL;BD-1147;6;508,35;15,00;346,92;Représentant
CMD-102703;17/03/2025;25/03/2025;2025-04-09;CLI-0170;EMP-504;ENT-QC;BD-1032;4;519,29;5,10;347,11;Représentant
CMD-104793;11/11/2025;2025-11-17;;CLI-0171;EMP-507;ENT-QC;BD-1154;12;520,98;2,50;329,92;Portail web
CMD-104633;25/10/2025;30/10/2025;;CLI-0038;EMP-507;ENT-MTL;BD-1092;4;242,22;14,20;168,72;Représentant
CMD-103128;10/05/2025;17-mai-25;14/06/2025;CLI-0132;EMP-507;ENT-MTL;BD-1171;1;131,42;17,00;85,46;Représentant
CMD-103442;2025-06-17;22/06/2025;21/08/2025;CLI-0153;EMP-507;ENT-QC;BD-1087;4;332,86;13,70;215,66;Représentant
CMD-104560;17-oct-25;23/10/2025;07/12/2025;CLI-0174;EMP-502;ENT-QC;BD-1084;1;536,44;7,60;375,89;Représentant
CMD-102712;18-mars-25;26/03/2025;16/04/2025;CLI-0082;EMP-504;ENT-QC;BD-1056;3;472,40;4,00;293,14;Téléphone
CMD-103892;19/08/2025;22/08/2025;26-sept-25;CLI-0006;EMP-505;ENT-QC;BD-1169;12;486,29;15,70;282,28;Courriel
CMD-102908;31/02/2024;2025-04-17;03/06/2025;CLI-0054;EMP-507;ENT-MTL;BD-1171;12;137,80;13,00;85,46;Portail web
CMD-102382;14/01/2025;17-janv-25;05/03/2025;CLI-0190;EMP-504;ENT-MTL;BD-1152;8;448,88;6,70;271,40;Représentant
CMD-102813;02/04/2025;2025-04-05;17/05/2025;CLI-0208;EMP-507;ENT-MTL;BD-1025;12;203,78;12,80;149,35;Représentant
CMD-104059;2025-09-05;09/09/2025;26/10/2025;CLI-0194;EMP-506;ENT-MTL;BD-1037;24;28,01;6,40;16,65;Représentant
CMD-103977;28/08/2025;05/09/2025;2025-10-20;CLI-0132;EMP-507;ENT-QC;BD-1049;3;47,53;13,00;31,22;Représentant
CMD-104078;2025-09-08;11/09/2025;30/10/2025;CLI-0217;EMP-506;ENT-QC;BD-1044;13;253,85;21,40;199,55;Représentant
CMD-104763;06/11/2025;08-nov-25;22/12/2025;CLI-0129;EMP-508;ENT-QC;BD-1065;12;236,82;5,00;155,19;Représentant
CMD-103655;16/07/2025;21/07/2025;;CLI-0154;EMP-507;ENT-MTL;BD-1112;8;97,41;15,20;67,02;Portail web
CMD-104024;02-sept-25;08/09/2025;11/10/2025;CLI-0220;EMP-506;ENT-QC;BD-1179;4;369,31;14,40;231,35;Représentant
CMD-103763;05/08/2025;09-août-25;;CLI-0165;EMP-507;ENT-MTL;BD-1063;4;336,36;8,70;247,24;Représentant
CMD-104054;05/09/2025;07/09/2025;09-oct-25;CLI-0193;EMP-509;ENT-QC;BD-1111;3;190,04;14,20;148,90;Portail web
CMD-104606;23/10/2025;2025-10-31;29/12/2025;CLI-0209;EMP-508;ENT-QC;BD-1179;21;324,80;24,70;231,35;Représentant
CMD-104563;17/10/2025;19/10/2025;;CLI-0193;EMP-509;ENT-QC;BD-1075;2;90,56;10,10;71,97;Courriel
CMD-102732;20/03/2025;23/03/2025;2025-05-18;CLI-0083;EMP-507;ENT-QC;BD-1175;3;162,61;4,20;96,85;Représentant
CMD-104889;2025-11-21;23/11/2025;;CLI-0187;EMP-507;ENT-SAG;BD-1030;12;152,63;16,60;119,13;Portail web
CMD-104869;20/11/2025;29/11/2025;2025-12-25;CLI-0193;EMP-509;ENT-MTL;BD-1140;8;56,89;10,50;41,26;Portail web
CMD-104656;28/10/2025;01/11/2025;2025-12-11;CLI-0090;EMP-505;ENT-SAG;BD-1075;1;85,11;15,50;71,97;Portail web
CMD-104579;21/10/2025;2025-10-25;15/12/2025;CLI-0045;EMP-502;ENT-MTL;BD-1069;2;331,38;16,90;239,15;Courriel
CMD-104619;24/10/2025;30/10/2025;25-nov-25;CLI-0076;EMP-507;ENT-MTL;BD-1071;4;417,51;21,80;363,51;Représentant
CMD-104232;20/09/2025;26/09/2025;02/11/2025;CLI-0212;EMP-507;ENT-QC;BD-1075;11;81,58;19,00;71,97;Portail web
CMD-103332;03-juin-25;05/06/2025;30/07/2025;CLI-0137;EMP-503;ENT-MTL;BD-1110;4;221,14;22,10;182,67;Représentant
CMD-102631;06/03/2025;15-mars-25;06/05/2025;CLI-0012;EMP-501;ENT-QC;BD-1150;6;510,60;18,40;347,06;Représentant
CMD-104398;06-oct-25;10/10/2025;14/12/2025;CLI-0029;EMP-506;ENT-MTL;BD-1127;2;244,87;18,70;174,31;Portail web
CMD-103750;04-août-25;08/08/2025;23/09/2025;CLI-0035;EMP-503;ENT-MTL;BD-1173;12;351,63;11,80;212,35;Téléphone
CMD-104984;2025-12-05;07/12/2025;;CLI-0095;EMP-505;ENT-MTL;BD-1134;1;100,57;8,50;61,77;Représentant
CMD-103919;20/08/2025;22-août-25;04/09/2025;CLI-0002;EMP-509;ENT-QC;BD-1063;6;351,22;4,60;247,24;Salon
CMD-104899;25/11/2025;28/11/2025;;CLI-0074;EMP-507;ENT-QC;BD-1178;12;160,03;22,10;119,43;Téléphone
CMD-103110;2025-05-09;12/05/2025;05/07/2025;CLI-0011;EMP-507;ENT-MTL;BD-1164;8;189,01;3,10;100,45;Représentant
CMD-103094;2025-05-07;15/05/2025;02/07/2025;CLI-0082;EMP-504;ENT-QC;BD-1120;8;285,96;3,70;186,72;Représentant
CMD-102580;26/02/2025;05-mars-25;13/04/2025;CLI-0130;EMP-508;ENT-MTL;BD-1070;8;60,80;20,20;40,72;Représentant
CMD-102433;23/01/2025;26/01/2025;13/03/2025;CLI-0087;EMP-502;ENT-QC;BD-1142;12;137,76;15,50;100,93;Représentant
CMD-102805;01/04/2025;07/04/2025;;CLI-0106;EMP-501;ENT-MTL;BD-1097;6;325,15;11,60;214,46;Représentant
CMD-103902;19/08/2025;27/08/2025;2025-10-15;CLI-0012;EMP-501;ENT-MTL;BD-1036;71;195,46;23,90;191,63;Représentant
CMD-102763;2025-03-26;03/04/2025;30/04/2025;CLI-0106;EMP-501;ENT-QC;BD-1076;4;501,36;10,60;287,01;Représentant
CMD-104154;15/09/2025;18/09/2025;2025-11-11;CLI-0081;EMP-502;ENT-SAG;BD-1055;6;292,31;11,00;213,75;Représentant
CMD-104350;30/09/2025;09/10/2025;23-nov-25;CLI-0057;EMP-507;ENT-SAG;BD-1008;3;195,21;16,50;155,34;Représentant
CMD-102682;13/03/2025;17/03/2025;18-mai-25;CLI-0141;EMP-502;ENT-MTL;BD-1001;4;288,20;14,00;186,13;Représentant
CMD-102978;2025-04-23;26/04/2025;11/06/2025;CLI-0031;EMP-509;ENT-QC;BD-1134;2;91,66;16,60;61,77;Portail web
CMD-103861;15/08/2025;20/08/2025;2025-09-21;CLI-0009;EMP-502;ENT-QC;BD-1031;19;402,26;22,60;300,62;Représentant
CMD-104701;31/10/2025;04/11/2025;;CLI-0025;EMP-509;ENT-QC;BD-1117;6;130,74;11,80;100,34;Portail web
CMD-104608;23/10/2025;27/10/2025;2025-12-21;CLI-0034;EMP-507;ENT-MTL;BD-1108;6;236,05;13,60;169,96;Téléphone
CMD-103429;16-juin-25;25/06/2025;30/07/2025;CLI-0175;EMP-505;ENT-QC;BD-1105;1;251,21;3,00;169,61;Téléphone
CMD-105063;22/12/2025;29/12/2025;;CLI-0124;EMP-509;ENT-QC;BD-1168;6;389,22;2,70;229,43;Représentant
CMD-103788;07/08/2025;2025-08-13;20/10/2025;CLI-0137;EMP-503;ENT-MTL;BD-1062;2;145,16;19,20;135,59;Représentant
CMD-104762;06/11/2025;14/11/2025;05-déc-25;CLI-0212;EMP-507;ENT-QC;BD-1078;16;289,03;24,60;238,11;Représentant
CMD-104231;19/09/2025;2025-09-26;11/11/2025;CLI-0044;EMP-505;ENT-QC;BD-1068;3;482,15;14,50;342,49;Portail web
CMD-102816;02/04/2025;04/04/2025;2025-06-06;CLI-0035;EMP-503;ENT-SAG;BD-1022;6;378,58;16,70;252,94;Représentant
CMD-104019;2025-09-02;07/09/2025;13/10/2025;CLI-0163;EMP-505;ENT-MTL;BD-1036;2;251,22;2,20;191,63;Portail web
CMD-103555;2025-07-01;09/07/2025;03/08/2025;CLI-0008;EMP-506;ENT-QC;BD-1025;3;226,94;2,90;149,35;Représentant
CMD-104964;02/12/2025;10/12/2025;;CLI-0037;EMP-504;ENT-QC;BD-1162;34;106,60;22,20;68,38;Courriel
CMD-103519;2025-06-26;29/06/2025;05/08/2025;CLI-0080;EMP-506;ENT-SAG;BD-1019;24;260,50;13,50;205,07;Représentant
CMD-102913;15/04/2025;19/04/2025;09/06/2025;CLI-0019;EMP-502;ENT-QC;BD-1052;4;299,58;2,40;183,03;Représentant
CMD-104734;04/11/2025;2025-11-08;15/12/2025;CLI-0154;EMP-507;ENT-MTL;BD-1154;6;445,26;16,70;329,92;Courriel
CMD-103466;2025-06-19;24/06/2025;05/08/2025;CLI-0108 ;EMP-503;ENT-MTL;BD-1106;8;474,81;10,50;340,08;Représentant
CMD-102914;15/04/2025;22/04/2025;14-juin-25;CLI-0036;EMP-505;ENT-QC;BD-1151;6;138,20;13,10;92,25;Courriel
CMD-102935;17/04/2025;22/04/2025;24/05/2025;CLI-0046;EMP-508;ENT-SAG;BD-1109;6;435,55;5,30;310,20;Portail web
CMD-104051;04/09/2025;08/09/2025;10-oct-25;CLI-0017;EMP-507;ENT-MTL;BD-1060;1;333,87;15,60;291,44;Portail web
CMD-102935;2025-04-17;22/04/2025;24/05/2025;CLI-0046;EMP-508;ENT-SAG;BD-1056;3;465,64;5,30;293,14;Représentant
CMD-102900;14/04/2025;2025-04-22;27/06/2025;CLI-0053;EMP-509;ENT-SAG;BD-1051;8;109,74;15,40;79,76;Portail web
CMD-103458;19/06/2025;2025-06-26;20/07/2025;CLI-0173;EMP-508;ENT-SAG;BD-1002;6;404,41;13,70;298,72;Portail web
CMD-103474;2025-06-21;23/06/2025;23/07/2025;CLI-0088;EMP-504;ENT-MTL;BD-1105;3;220,00;15,10;169,61;Représentant
CMD-104352;30/09/2025;07-oct-25;22/11/2025;CLI-0089;EMP-502;ENT-QC;BD-1181;7;503,54;19,40;312,40;Représentant
CMD-102697;2025-03-14;22/03/2025;25/05/2025;CLI-0006;EMP-505;ENT-MTL;BD-1051;12;115,85;10,70;79,76;Téléphone
CMD-103579;2025-07-04;10/07/2025;13/08/2025;CLI-0183;EMP-506;ENT-MTL;BD-1006;3;313,44;6,40;182,47;Portail web
CMD-102825;03/04/2025;2025-04-06;30/05/2025;CLI-0093;EMP-508;ENT-MTL;BD-1028;8;203,24;14,00;143,73;Représentant
CMD-103999;01-sept-25;04/09/2025;07/10/2025;CLI-0212;EMP-507;ENT-QC;BD-1065;20;203,07;18,60;155,19;Représentant
CMD-103930;2025-08-22;29/08/2025;25/10/2025;CLI-0050;EMP-502;ENT-QC;BD-1050;4;434,67;13,80;297,82;Représentant
CMD-102632;06/03/2025;15/03/2025;;CLI-0036;EMP-505;ENT-SAG;BD-1152;3;421,88;12,30;271,40;Représentant
CMD-103839;13/08/2025;16/08/2025;06/10/2025;CLI-0063;EMP-503;ENT-QC;BD-1063;8;331,12;10,10;247,24;Représentant
CMD-102572;2025-02-22;27/02/2025;30/04/2025;CLI-0028;EMP-509;ENT-SAG;BD-1172;3;398,69;4,80;221,22;Téléphone
CMD-103188;2025-05-19;27/05/2025;;CLI-0128;EMP-502;ENT-MTL;BD-1003;8;267,20;10,40;227,23;Représentant
CMD-103455;19/06/2025;25-juin-25;02/08/2025;CLI-0209;EMP-508;ENT-QC;BD-1177;8;312,74;23,30;215,66;Téléphone
CMD-102573;24/02/2025;26/02/2025;2025-05-06;CLI-0037;EMP-504;ENT-MTL;BD-1150;25;497,69;20,50;347,06;Représentant
CMD-103243;23/05/2025;2025-05-28;13/07/2025;CLI-0073;EMP-501;ENT-SAG;BD-1039;8;173,26;12,50;122,17;Représentant
CMD-104726;03/11/2025;07/11/2025;2025-12-21;CLI-0202;EMP-504;ENT-MTL;BD-1031;2;508,48;2,10;300,62;Portail web
CMD-103825;12/08/2025;15-août-25;26/09/2025;CLI-0123;EMP-501;ENT-MTL;BD-1016;12;358,64;13,20;224,02;Téléphone
CMD-102900;2025-04-14;22/04/2025;27/06/2025;CLI-0053;EMP-509;ENT-SAG;BD-1011;1;444,45;15,40;294,52;Salon
CMD-103517;26/06/2025;30/06/2025;09-sept-25;CLI-0134;EMP-509;ENT-MTL;BD-1023;3;351,14;7,00;244,32;Portail web
CMD-102403;17/01/2025;23/01/2025;2025-03-01;cli-0137;EMP-503;ENT-MTL;BD-1170;9;28,35;19,40;16,95;Représentant
CMD-104576;2025-10-20;29/10/2025;16/11/2025;CLI-0185;EMP-508;ENT-QC;BD-1154;29;398,75;25,40;329,92;Représentant
CMD-103273;27/05/2025;02/06/2025;18/07/2025;CLI-0210;EMP-503;ENT-MTL;BD-1039;24;186,97;5,60;122,17;Représentant
CMD-104750;05/11/2025;12/11/2025;2025-12-28;CLI-0025;EMP-509;ENT-MTL;BD-1075;2;89,41;11,30;71,97;Représentant
CMD-103473;20/06/2025;27/06/2025;12-août-25;CLI-0031;EMP-509;ENT-SAG;BD-1115;6;62,21;16,70;47,23;Portail web
CMD-103990;29/08/2025;04/09/2025;06-oct-25;CLI-0100;EMP-505;ENT-MTL;BD-1003;2;275,95;7,50;227,23;Téléphone
CMD-102530;14-févr-25;23/02/2025;24/03/2025;CLI-0148;EMP-501;ENT-MTL;BD-1107;2;196,89;10,60;150,54;Courriel
CMD-104268;24/09/2025;28/09/2025;05-déc-25;CLI-0217;EMP-506;ENT-MTL;BD-1050;11;406,55;19,40;297,82;Courriel
CMD-104213;18/09/2025;2025-09-23;04/11/2025;CLI-0009;EMP-502;ENT-QC;BD-1045;4;99,96;23,70;78,37;Téléphone
CMD-104005;2025-09-01;08/09/2025;22/10/2025;CLI-0006;EMP-505;ENT-QC;BD-1035;6;42,92;11,30;30,63;Téléphone
CMD-103706;26/07/2025;02/08/2025;09/09/2025;CLI-0209;EMP-508;ENT-QC;BD-1037;9;24,25;19,00;16,65;Représentant
CMD-103891;2025-08-19;25/08/2025;;CLI-0089;EMP-502;ENT-QC;BD-1052;3;235,63;23,30;183,03;Représentant
CMD-103415;2025-06-13;16/06/2025;23/07/2025;CLI-0153;EMP-507;ENT-QC;BD-1054;4;390,67;16,10;262,94;Portail web
CMD-102732;20/03/2025;23/03/2025;2025-05-18;CLI-0083;EMP-507;ENT-QC;BD-1065;8;238,90;4,20;131,52;Représentant
CMD-102621;05/03/2025;12/03/2025;2025-04-09;CLI-0212;EMP-507;ENT-QC;BD-1176;4;506,08;19,70;328,78;Représentant
CMD-103808;2025-08-11;16/08/2025;20/10/2025;CLI-0024;EMP-504;ENT-MTL;BD-1055;12;313,48;4,60;213,75;Téléphone
CMD-105034;2025-12-17;26/12/2025;;CLI-0209;EMP-508;ENT-QC;BD-1152;11;382,06;20,60;271,40;Téléphone
CMD-103910;20/08/2025;23/08/2025;17/10/2025;CLI-0099;EMP-505;ENT-QC;BD-1026;23;335,53;23,50;246,82;Téléphone
CMD-102816;02/04/2025;04/04/2025;06/06/2025;CLI-0035;EMP-503;ENT-SAG;BD-1092;4;235,10;16,70;142,98;Représentant
CMD-103561;02/07/2025;09-juil-25;09/09/2025;CLI-0209;EMP-508;ENT-MTL;BD-1031;18;400,19;23,00;300,62;Courriel
CMD-102901;14/04/2025;21/04/2025;27/05/2025;CLI-0056;EMP-502;ENT-QC;BD-1048;6;38,57;24,70;33,51;Représentant
CMD-103193;19/05/2025;2025-05-21;30/07/2025;CLI-0102;EMP-506;ENT-SAG;BD-1023;1;356,42;5,60;244,32;Portail web
CMD-103528;27-juin-25;04/07/2025;21/07/2025;CLI-0079;EMP-509;ENT-MTL;BD-1038;8;527,77;4,40;319,94;Courriel
CMD-104648;2025-10-27;04/11/2025;10/12/2025;CLI-0167;EMP-506;ENT-QC;BD-1095;6;96,35;7,10;64,62;Portail web
CMD-105003;11/12/2025;14-déc-25;;CLI-0066;EMP-507;ENT-MTL;BD-1128;4;128,09;11,60;78,87;Représentant
CMD-103905;20-août-25;26/08/2025;;CLI-0099;EMP-505;ENT-MTL;BD-1016;2;320,03;22,60;224,02;Représentant
CMD-104619;2025-10-24;30/10/2025;25/11/2025;CLI-0076;EMP-507;ENT-MTL;BD-1015;10;415,39;21,80;325,38;Téléphone
CMD-103853;14/08/2025;19/08/2025;04/10/2025;CLI-0136;EMP-507;ENT-MTL;BD-1005;2;288,66;11,70;208,35;Représentant
CMD-104247;22/09/2025;25/09/2025;2025-11-14;CLI-0076;EMP-507;ENT-QC;BD-1169;7;472,28;18,10;282,28;Portail web
CMD-104448;09/10/2025;12/10/2025;04-déc-25;CLI-0118;EMP-504;ENT-QC;BD-1163;4;541,60;11,70;300,77;Représentant
CMD-102472;01/02/2025;03-févr-25;24/03/2025;CLI-0130;EMP-508;ENT-MTL;BD-1151;3;119,30;25,00;92,25;Représentant
CMD-104061;05/09/2025;2025-09-11;21/11/2025;CLI-0060;EMP-508;ENT-QC;BD-1131;24;62,38;6,90;37,08;Portail web
CMD-104050;2025-09-04;07/09/2025;11/10/2025;CLI-0185;EMP-508;ENT-QC;BD-1056;22;391,29;20,40;293,14;Représentant
CMD-103960;26-août-25;28/08/2025;13/11/2025;CLI-0048;EMP-508;ENT-SAG;BD-1011;3;471,59;10,20;294,52;Téléphone
CMD-103850;14/08/2025;19/08/2025;2025-10-17;CLI-0151;EMP-504;ENT-SAG;BD-1049;6;51,62;5,50;31,22;Téléphone
CMD-102811;01/04/2025;08-avr-25;06/06/2025;CLI-0076;EMP-507;ENT-MTL;BD-1053;9;262,95;19,60;180,55;Téléphone
CMD-104803;12/11/2025;19-nov-25;;CLI-0101;EMP-509;ENT-MTL;BD-1149;1;167,55;8,50;111,14;Représentant
CMD-104730;04/11/2025;12/11/2025;15-déc-25;CLI-0071;EMP-503;ENT-MTL;BD-1071;12;517,98;3,00;363,51;Portail web
CMD-102775;27/03/2025;05/04/2025;2025-05-17;CLI-0130;EMP-508;ENT-MTL;BD-1106;8;423,00;20,30;340,08;Représentant
CMD-102924;16/04/2025;19/04/2025;2025-05-03;CLI-0121;EMP-508;ENT-SAG;BD-1168;3;352,83;11,80;229,43;Représentant
CMD-104976;04-déc-25;08/12/2025;;CLI-0009;EMP-502;ENT-MTL;BD-1092;18;212,66;24,60;168,72;Représentant
CMD-104132;12/09/2025;2025-09-21;14/10/2025;CLI-0145;EMP-504;ENT-MTL;BD-1134;24;104,66;4,80;61,77;Téléphone
CMD-103202;20/05/2025;22/05/2025;19/06/2025;CLI-0080;EMP-506;ENT-QC;BD-1141;6;428,19;14,20;314,24;Téléphone
CMD-103902;19-août-25;27/08/2025;15/10/2025;CLI-0012;EMP-501;ENT-MTL;BD-1003;11;226,98;23,90;227,23;Portail web
CMD-104673;29/10/2025;06/11/2025;29-déc-25;CLI-0059;EMP-504;ENT-QC;BD-1125;6;330,16;24,90;291,24;Portail web
CMD-103988;29/08/2025;03/09/2025;2025-11-12;CLI-0131;EMP-502;ENT-SAG;BD-1029;6;325,75;16,90;243,45;Représentant
CMD-102426;22/01/2025;2025-01-26;24/02/2025;CLI-0112;EMP-505;ENT-QC;BD-1151;24;135,11;15,00;92,25;Téléphone
CMD-103118;09/05/2025;18/05/2025;2025-06-26;CLI-0115;EMP-509;ENT-MTL;BD-1176;6;566,40;10,20;328,78;Portail web
CMD-102614;04/03/2025;08/03/2025;21-avr-25;CLI-0080;EMP-506;ENT-QC;BD-1169;12;482,50;16,30;282,28;Téléphone
CMD-102814;2025-04-02;06/04/2025;05/05/2025;CLI-0185;EMP-508;ENT-QC;BD-1125;5;330,81;24,80;291,24;Représentant
CMD-103795;08-août-25;13/08/2025;29/09/2025;CLI-0004;EMP-505;ENT-SAG;BD-1006;2;310,43;7,30;182,47;Salon
CMD-102363;08/01/2025;15/01/2025;14/02/2025;CLI-0132;EMP-507;ENT-QC;BD-1127;1;251,40;16,60;174,31;Portail web
CMD-104454;09/10/2025;13-oct-25;04/11/2025;CLI-0194;EMP-506;ENT-SAG;BD-1102;12;457,82;5,60;260,69;Portail web
CMD-103103;2025-05-07;15/05/2025;30/06/2025;CLI-0209;EMP-508;ENT-MTL;BD-1174;7;240,00;18,70;169,01;Courriel
CMD-104817;14/11/2025;16-nov-25;;CLI-0016;EMP-505;ENT-MTL;BD-1073;6;419,99;6,60;307,22;Téléphone
CMD-102699;14/03/2025;23/03/2025;;CLI-0149;EMP-501;ENT-SAG;BD-1123;3;211,80;2,60;132,28;Représentant
CMD-104604;22/10/2025;28/10/2025;2025-12-01;CLI-0059;EMP-504;ENT-SAG;BD-1176;2;477,48;24,30;328,78;Téléphone
CMD-103263;27/05/2025;31-mai-25;19/07/2025;CLI-0017;EMP-507;ENT-QC;BD-1050;4;418,51;17,00;297,82;Représentant
CMD-104824;2025-11-14;19/11/2025;;CLI-0051;EMP-509;ENT-QC;BD-1145;4;169,17;8,10;111,12;Téléphone
CMD-103240;23/05/2025;01/06/2025;2025-06-30;CLI-0056;EMP-502;ENT-MTL;BD-1116;8;68,17;23,10;60,17;Représentant
CMD-103353;2025-06-06;11/06/2025;22/07/2025;CLI-0139;EMP-506;ENT-MTL;BD-1152;6;402,95;16,20;271,40;Téléphone
CMD-104667;28/10/2025;05/11/2025;09/12/2025;CLI-0056;EMP-502;ENT-MTL;BD-1100;7;412,88;23,00;369,19;Courriel
CMD-103560;02/07/2025;2025-07-05;30/08/2025;CLI-0130;EMP-508;ENT-QC;BD-1059;3;408,99;22,40;391,48;Portail web
CMD-104666;28/10/2025;04/11/2025;;CLI-0012;EMP-501;ENT-QC;BD-1129;8;56,57;21,30;46,45;Représentant
CMD-102810;01/04/2025;2025-04-07;30/05/2025;CLI-0057;EMP-507;ENT-SAG;BD-1064;6;109,00;13,00;70,89;Représentant
CMD-104336;30/09/2025;2025-10-03;25/11/2025;CLI-0074;EMP-507;ENT-SAG;BD-1134;7;89,13;18,90;61,77;Courriel
CMD-103047;2025-05-01;06/05/2025;23/06/2025;CLI-0049;EMP-508;ENT-SAG;BD-1181;3;528,38;15,40;312,40;Portail web
CMD-103847;14-août-25;19/08/2025;04/10/2025;CLI-0042;EMP-505;ENT-MTL;BD-1033;2;156,34;16,60;113,22;Représentant
CMD-103480;23-juin-25;01/07/2025;30/08/2025;CLI-0130;EMP-508;ENT-QC;BD-1063;47;287,99;21,80;247,24;Représentant
CMD-104790;11/11/2025;20/11/2025;2025-12-26;CLI-0218;EMP-503;ENT-QC;BD-1015;24;498,66;6,10;325,38;Représentant
CMD-102367;09/01/2025;13/01/2025;17/02/2025;CLI-0162;EMP-508;ENT-QC;BD-1107;3;192,20;12,70;150,54;Téléphone
CMD-104713;;07/11/2025;13/12/2025;CLI-0076;EMP-507;ENT-QC;BD-1137;6;34,88;18,50;25,59;Représentant
CMD-102900;2025-04-14;22/04/2025;27/06/2025;CLI-0053;EMP-509;ENT-SAG;BD-1045;2;110,92;15,40;78,37;Salon
CMD-102516;12/02/2025;21/02/2025;2025-03-17;CLI-0084;EMP-503;ENT-MTL;BD-1111;1;193,44;12,70;148,90;Représentant
CMD-102398;16/01/2025;2025-01-19;28/02/2025;CLI-0023;EMP-505;ENT-MTL;BD-1027;3;439,91;4,00;254,96;Portail web
CMD-104444;09/10/2025;11/10/2025;16-nov-25;CLI-0206;EMP-503;ENT-QC;BD-1098;6;378,97;14,00;309,76;Représentant
CMD-104838;18/11/2025;2025-11-26;;CLI-0050;EMP-502;ENT-QC;BD-1091;6;495,65;12,70;336,22;Téléphone
CMD-102482;04/02/2025;2025-02-06;11/04/2025;CLI-0121;EMP-508;ENT-QC;BD-1048;8;44,47;13,20;33,51;Portail web
CMD-104003;01-sept-25;06/09/2025;07/10/2025;CLI-0004;EMP-505;ENT-MTL;BD-1067;12;39,54;5,00;28,64;Représentant
CMD-104443;09/10/2025;16/10/2025;2025-12-18;CLI-0132;EMP-507;ENT-QC;BD-1096;2;255,44;13,70;205,70;Représentant
CMD-104589;21/10/2025;24/10/2025;27/11/2025;  CLI-0012;EMP-501;ENT-SAG;BD-1087;58;297,62;22,80;215,66;Portail web
CMD-105050;18/12/2025;20/12/2025;;CLI-0107;EMP-506;ENT-MTL;BD-1173;3;364,90;8,50;212,35;Représentant
CMD-104960;02/12/2025;06/12/2025;;CLI-0148;EMP-501;ENT-MTL;BD-1152;2;408,23;15,10;271,40;Représentant
CMD-104098;09/09/2025;2025-09-15;27/10/2025;CLI-0044;EMP-505;ENT-QC;BD-1157;12;44,93;14,20;25,21;Portail web
CMD-104709;2025-10-31;09/11/2025;;CLI-0017;EMP-507;ENT-QC;BD-1177;4;348,78;14,40;215,66;Salon
CMD-103582;2025-07-04;10/07/2025;30/08/2025;CLI-0067;EMP-502;ENT-QC;BD-1165;1;157,90;14,20;107,92;Représentant
CMD-102339;03/01/2025;08/01/2025;20-févr-25;CLI-0049;EMP-508;ENT-QC;BD-1064;1;104,81;16,30;70,89;Portail web
CMD-104193;2025-09-17;25/09/2025;25/11/2025;CLI-0034;EMP-507;ENT-SAG;BD-1055;8;284,70;13,30;213,75;Représentant
CMD-103802;08/08/2025;14-août-25;02/10/2025;CLI-0088;EMP-504;ENT-QC;BD-1063;3;329,65;10,50;247,24;Représentant
CMD-102486;05-févr-25;12/02/2025;22/03/2025;CLI-0139;EMP-506;ENT-MTL;BD-1044;6;279,17;13,60;199,55;Représentant
CMD-104949;01/12/2025;08-déc-25;;CLI-0005;EMP-503;ENT-SAG;BD-1178;12;193,62;5,70;119,43;Représentant
CMD-102370;;12/01/2025;;CLI-0137;EMP-503;ENT-SAG;BD-1149;6;139,50;23,80;111,14;Représentant
CMD-104943;28/11/2025;05-déc-25;;CLI-0010;EMP-504;ENT-QC;BD-1023;8;348,28;7,70;244,32;Représentant
CMD-104106;10/09/2025;2025-09-14;16/10/2025;CLI-0026;EMP-506;ENT-MTL;BD-1158;1;290,19;17,00;184,61;Représentant
CMD-102460;30-janv-25;05/02/2025;26/03/2025;CLI-0209;EMP-508;ENT-SAG;BD-1144;17;136,20;23,70;98,33;Portail web
CMD-102807;01/04/2025;2025-04-09;21/05/2025;CLI-0050;EMP-502;ENT-MTL;BD-1098;24;376,54;14,60;262,51;Portail web
CMD-102721;2025-03-19;24/03/2025;20/05/2025;CLI-0212;EMP-507;ENT-QC;BD-1173;13;302,32;24,20;212,35;Représentant
CMD-102359;2025-01-08;15/01/2025;12/02/2025;CLI-0009;EMP-502;ENT-SAG;BD-1079;9;205,27;22,20;147,87;Courriel
CMD-102489;05/02/2025;07/02/2025;24/03/2025;CLI-0186;EMP-507;ENT-QC;BD-1029;3;381,30;2,70;243,45;Représentant
CMD-104725;03/11/2025;2025-11-05;19/12/2025;CLI-0009;EMP-502;ENT-QC;BD-1134;15;88,91;19,10;61,77;Portail web
CMD-102565;21/02/2025;28/02/2025;2025-04-10;CLI-0207;EMP-501;ENT-QC;BD-1086;4;131,76;4,40;82,42;Téléphone
CMD-102397;2025-01-16;21/01/2025;25/02/2025;CLI-0184;EMP-503;ENT-MTL;BD-1140;6;59,69;6,00;41,26;Portail web
CMD-104576;20/10/2025;29/10/2025;16/11/2025;CLI-0185;EMP-508;ENT-QC;BD-1159;2;215,56;25,40;169,65;Représentant
CMD-105067;22/12/2025;2025-12-27;;CLI-0037;EMP-504;ENT-MTL;BD-1153;22;160,20;20,10;116,00;Représentant
CMD-103367;09/06/2025;2025-06-11;12/08/2025;CLI-0099;EMP-505;ENT-QC;BD-1044;11;264,58;18,10;199,55;Portail web
CMD-105038;17/12/2025;19/12/2025;;CLI-0217;EMP-506;ENT-QC;BD-1062;11;141,10;21,50;135,59;Représentant
CMD-104165;15/09/2025;17/09/2025;09/11/2025;CLI-0026;EMP-506;ENT-QC;BD-1093;3;197,77;11,60;159,25;Représentant
CMD-102857;2025-04-07;10/04/2025;28/05/2025;CLI-0139;EMP-506;ENT-SAG;BD-1060;24;355,53;10,20;246,98;Représentant
CMD-102628;05/03/2025;08/03/2025;23/04/2025;CLI-0187;EMP-507;ENT-MTL;BD-1112;6;100,23;12,70;67,02;Représentant
CMD-104312;26/09/2025;28/09/2025;2025-11-24;CLI-0155;EMP-506;ENT-MTL;BD-1100;2;459,28;14,40;369,19;Courriel
CMD-104525;15/10/2025;2025-10-19;19/12/2025;CLI-0067;EMP-502;ENT-QC;BD-1077;1;294,21;13,90;171,09;Portail web
CMD-104107;10-sept-25;14/09/2025;27/10/2025;CLI-0073;EMP-501;ENT-QC;BD-1094;8;175,05;14,10;124,30;Représentant
CMD-103295;29-mai-25;07/06/2025;02/07/2025;CLI-0130;EMP-508;ENT-QC;BD-1114;8;197,80;21,70;152,73;Représentant
CMD-104449;09-oct-25;17/10/2025;21/11/2025;CLI-0187;EMP-507;ENT-MTL;BD-1081;4;494,45;16,60;364,83;Portail web
CMD-103490;24/06/2025;30-juin-25;06/09/2025;CLI-0029;EMP-506;ENT-MTL;BD-1026;72;346,40;21,00;246,82;Représentant
CMD-104344;2025-09-30;03/10/2025;25/11/2025;CLI-0200;EMP-509;ENT-MTL;BD-9813;3;376,28;10,10;221,22;Représentant
CMD-104624;24/10/2025;2025-11-01;25/12/2025;CLI-0076;EMP-507;ENT-QC;BD-1071;16;437,28;18,10;363,51;Représentant
CMD-104337;2025-09-30;07/10/2025;24/11/2025;CLI-0130;EMP-508;ENT-MTL;BD-1124;9;208,28;18,30;153,77;Courriel
CMD-104259;2025-09-23;28/09/2025;14/11/2025;CLI-0130;EMP-508;ENT-QC;BD-1085;11;50,43;25,00;49,28;Courriel
CMD-102342;03/01/2025;08/01/2025;14/03/2025;CLI-0115;EMP-509;ENT-QC;BD-1057;3;26,46;11,30;19,66;Téléphone
CMD-104147;13/09/2025;16/09/2025;2025-10-15;CLI-0099;EMP-505;ENT-SAG;BD-1111;7;166,53;24,80;148,90;Représentant
CMD-104034;2025-09-03;08/09/2025;07/10/2025;CLI-0025;EMP-509;ENT-MTL;BD-1047;24;92,40;13,30;71,53;Portail web
CMD-104699;2025-10-30;01/11/2025;26/12/2025;CLI-0073;EMP-501;ENT-SAG;BD-1174;1;251,33;14,80;169,01;Courriel
CMD-103591;07/07/2025;16/07/2025;15-sept-25;CLI-0089;EMP-502;ENT-QC;BD-9736;3;410,24;21,00;300,62;Représentant
CMD-102632;06-mars-25;15/03/2025;;CLI-0036;EMP-505;ENT-SAG;BD-1038;6;484,01;12,30;319,94;Téléphone
CMD-103918;20/08/2025;27/08/2025;2025-10-07;CLI-0166;EMP-503;ENT-SAG;BD-1165;3;153,31;16,70;107,92;Représentant
CMD-102689;13/03/2025;21/03/2025;2025-05-13;CLI-0212;EMP-507;ENT-SAG;BD-1056;4;364,17;26,00;293,14;Courriel
CMD-104368;02/10/2025;08/10/2025;2025-12-06;CLI-0031;EMP-509;ENT-MTL;BD-1029;1;337,35;13,90;243,45;Représentant
CMD-102755;25/03/2025;01/04/2025;04/05/2025;CLI-0131;EMP-502;ENT-QC;BD-1053;3;288,41;11,80;180,55;
CMD-103455;19/06/2025;25/06/2025;2025-08-02;CLI-0209;EMP-508;ENT-QC;BD-1101;5;83,24;23,30;75,83;Téléphone
CMD-102595;01/03/2025;04-mars-25;18/04/2025;CLI-0087;EMP-502;ENT-QC;BD-1009;12;94,36;10,30;67,67;Portail web
CMD-102629;05/03/2025;09-mars-25;26/05/2025;CLI-0166;EMP-503;ENT-QC;BD-1151;6;142,51;10,40;92,25;Représentant
CMD-102473;2025-02-01;09/02/2025;;CLI-0071;EMP-503;ENT-QC;BD-1162;4;125,29;8,60;68,38;Téléphone
CMD-103683;22/07/2025;2025-07-26;09/09/2025;CLI-0132;EMP-507;ENT-MTL;BD-1033;4;159,30;15,00;113,22;Représentant
CMD-104085;09/09/2025;2025-09-18;03/11/2025;CLI-0149;EMP-501;ENT-SAG;BD-1062;2;167,52;6,80;135,59;Représentant
CMD-102578;2025-02-25;04/03/2025;09/04/2025;CLI-0044;EMP-505;ENT-SAG;BD-1107;2;190,40;13,60;150,54;Courriel
CMD-104456;09/10/2025;18/10/2025;2025-12-07;CLI-0019;EMP-502;ENT-QC;BD-1144;6;170,64;4,40;98,33;Téléphone
CMD-104068;2025-09-08;10/09/2025;06/11/2025;CLI-0217;EMP-506;ENT-MTL;BD-1039;15;156,03;21,20;122,17;Représentant
CMD-104514;14/10/2025;2025-10-19;19/12/2025;CLI-0132;EMP-507;ENT-QC;BD-1099;3;423,08;14,80;346,57;Courriel
CMD-103336;04/06/2025;2025-06-06;03/07/2025;CLI-0116;EMP-509;ENT-QC;BD-1126;8;180,00;11,10;133,03;Salon
CMD-102440;25/01/2025;28/01/2025;2025-03-21;CLI-0193;EMP-509;ENT-QC;BD-1158;6;304,37;12,90;184,61;Représentant
CMD-104042;04/09/2025;08/09/2025;2025-10-05;CLI-0006;EMP-505;ENT-MTL;BD-1086;4;121,78;11,60;97,25;Téléphone
CMD-103688;22/07/2025;30-juil-25;03/10/2025;CLI-0035;EMP-503;ENT-MTL;BD-1101;2;94,79;12,60;75,83;Représentant
CMD-103017;28/04/2025;2025-05-01;16/06/2025;CLI-0038;EMP-507;ENT-MTL;BD-1041;3;211,94;16,40;163,24;Portail web
CMD-102999;25/04/2025;27/04/2025;2025-06-17;CLI-0045;EMP-502;ENT-QC;BD-1129;3;60,44;15,90;46,45;Courriel
CMD-105056;19/12/2025;25/12/2025;;CLI-0185;EMP-508;ENT-MTL;BD-1142;5;132,99;18,50;100,93;Représentant
CMD-102546;18/02/2025;22/02/2025;2025-04-11;CLI-0171;EMP-507;ENT-MTL;BD-1161;2;131,48;2,60;64,16;Représentant
CMD-103649;16/07/2025;2025-07-25;20/08/2025;CLI-0127;EMP-503;ENT-MTL;BD-1110;12;249,21;12,20;182,67;Représentant
CMD-103295;2025-05-29;07/06/2025;02/07/2025;CLI-0130;EMP-508;ENT-QC;BD-1108;15;213,91;21,70;169,96;Téléphone
CMD-102891;11-avr-25;20/04/2025;26/05/2025;CLI-0137;EMP-503;ENT-MTL;BD-1048;15;41,90;18,20;33,51;Portail web
CMD-104318;27/09/2025;2025-10-06;11/11/2025;CLI-0034;EMP-507;ENT-MTL;BD-1098;2;369,54;16,20;309,76;Portail web
CMD-102991;24/04/2025;02-mai-25;22/06/2025;CLI-0066;EMP-507;ENT-SAG;BD-1048;8;45,58;11,00;33,51;Téléphone
CMD-104010;02-sept-25;04/09/2025;02/11/2025;CLI-0128;EMP-502;ENT-MTL;BD-1096;1;264,46;10,70;205,70;Représentant
CMD-104891;22/11/2025;2025-11-26;;CLI-0175;EMP-505;ENT-MTL;BD-1155;1;497,70;8,20;329,15;Représentant
CMD-102842;2025-04-04;11/04/2025;27/05/2025;CLI-0090;EMP-505;ENT-MTL;BD-1063;3;327,53;11,10;247,24;Représentant
CMD-103334;2025-06-03;10/06/2025;01/08/2025;CLI-0147;EMP-506;ENT-SAG;BD-1062;6;175,38;2,40;135,59;Téléphone
CMD-104675;29/10/2025;04/11/2025;2025-11-25;CLI-0114;EMP-502;ENT-MTL;BD-1138;2;138,78;5,80;88,19;Représentant
CMD-103587;04/07/2025;06/07/2025;2025-09-07;CLI-0099;EMP-505;ENT-MTL;BD-1131;19;53,44;20,30;37,08;Représentant
CMD-104379;02/10/2025;08/10/2025;03/12/2025;CLI-0076;EMP-507;ENT-SAG;BD-1080;5;244,89;25,90;208,57;Téléphone
CMD-104981;2025-12-05;10/12/2025;;CLI-0037;EMP-504;ENT-SAG;BD-1098;13;352,40;20,10;309,76;Représentant
CMD-104126;11/09/2025;17/09/2025;2025-11-12;CLI-0082;EMP-504;ENT-MTL;BD-1091;4;525,62;7,50;336,22;Téléphone
CMD-104805;12/11/2025;15/11/2025;;CLI-0037;EMP-504;ENT-SAG;BD-1083;11;243,43;20,80;189,32;Téléphone
CMD-104227;19/09/2025;2025-09-28;11/11/2025;CLI-0122;EMP-505;ENT-MTL;BD-1063;3;347,21;5,70;247,24;Portail web
CMD-102414;20/01/2025;27/01/2025;06-mars-25;CLI-0094;EMP-502;ENT-QC;BD-1156;6;283,87;6,00;164,64;Portail web
CMD-103304;30/05/2025;2025-06-05;25/08/2025;CLI-0051;EMP-509;ENT-SAG;BD-1059;4;512,85;2,70;391,48;Téléphone
CMD-105073;00/00/0000;28/12/2025;;CLI-0182;EMP-503;ENT-MTL;BD-1170;12;29,35;16,50;16,95;Courriel
CMD-104023;02/09/2025;2025-09-07;17/11/2025;CLI-0182;EMP-503;ENT-MTL;BD-1098;24;395,95;10,20;309,76;Représentant
CMD-102470;31-janv-25;04/02/2025;02/04/2025;CLI-0112;EMP-505;ENT-QC;BD-1156;3;263,32;12,80;164,64;Représentant
CMD-104010;02/09/2025;04/09/2025;02/11/2025;CLI-0128;EMP-502;ENT-MTL;BD-1173;1;356,02;10,70;212,35;Portail web
CMD-104068;08/09/2025;10/09/2025;06/11/2025;CLI-0217;EMP-506;ENT-MTL;BD-1075;2;79,41;21,20;71,97;Portail web
CMD-103131;10/05/2025;2025-05-13;17/06/2025;CLI-0191;EMP-504;ENT-QC;BD-1104;6;95,11;14,10;76,70;Représentant
CMD-104024;2025-09-02;08/09/2025;11/10/2025;CLI-0220;EMP-506;ENT-QC;BD-1180;6;162,02;14,40;95,30;Salon
CMD-104043;2025-09-04;07/09/2025;21/11/2025;CLI-0185;EMP-508;ENT-QC;BD-1037;9;23,13;22,70;16,65;Téléphone
CMD-104725;03/11/2025;05-nov-25;19/12/2025;CLI-0009;EMP-502;ENT-QC;BD-1145;18;148,88;19,10;111,12;Représentant
CMD-102611;2025-03-04;12/03/2025;08/05/2025;CLI-0015;EMP-509;ENT-MTL;BD-1069;2;390,64;2,00;202,67;Représentant
CMD-104488;13/10/2025;2025-10-15;28/11/2025;CLI-0097;EMP-504;ENT-MTL;BD-1129;1;69,37;3,50;46,45;Représentant
CMD-104789;11/11/2025;2025-11-16;22/12/2025;CLI-0044;EMP-505;ENT-MTL;BD-1173;3;337,31;15,40;212,35;Représentant
CMD-104110;10/09/2025;2025-09-19;02/11/2025;CLI-0004;EMP-505;ENT-QC;BD-1051;3;121,72;6,10;79,76;Courriel
CMD-103278;2025-05-28;05/06/2025;09/07/2025;CLI-0209;EMP-508;ENT-MTL;BD-1020;61;45,76;20,40;33,12;Portail web
CMD-104535;16/10/2025;20-oct-25;17/12/2025;CLI-0185;EMP-508;ENT-MTL;BD-1148;11;360,96;21,50;302,28;Portail web
CMD-103568;02-juil-25;08/07/2025;05/09/2025;CLI-0037;EMP-504;ENT-MTL;BD-1174;8;232,62;21,20;169,01;Représentant
CMD-103598;08/07/2025;11/07/2025;2025-09-14;CLI-0091;EMP-504;ENT-MTL;BD-1118;4;485,93;2,20;343,17;Représentant
CMD-104470;2025-10-10;14/10/2025;03/12/2025;CLI-0072;EMP-501;ENT-SAG;BD-1153;6;173,91;13,30;116,00;Représentant
CMD-103016;28/04/2025;2025-04-30;11/06/2025;CLI-0185;EMP-508;ENT-SAG;BD-1046;17;353,45;25,90;315,40;Représentant
CMD-104534;16/10/2025;2025-10-24;29/11/2025;CLI-0006;EMP-505;ENT-MTL;BD-1128;24;121,73;16,00;78,87;Courriel
CMD-104865;20-nov-25;22/11/2025;;CLI-0009;EMP-502;ENT-SAG;BD-1083;3;249,12;18,90;189,32;Portail web
CMD-103927;22/08/2025;2025-08-24;03/10/2025;CLI-0130;EMP-508;ENT-MTL;BD-1055;11;261,63;20,30;213,75;Salon
CMD-103066;02-mai-25;04/05/2025;23/06/2025;CLI-0166;EMP-503;ENT-MTL;BD-1105;4;223,01;13,90;169,61;Représentant
CMD-103622;2025-07-10;19/07/2025;04/09/2025;CLI-0050;EMP-502;ENT-MTL;BD-1058;8;215,40;12,00;149,54;Téléphone
CMD-102868;2025-04-08;12/04/2025;07/06/2025;CLI-0191;EMP-504;ENT-SAG;BD-1118;24;437,86;11,90;343,17;Téléphone
CMD-104514;14/10/2025;2025-10-19;19/12/2025;CLI-0132;EMP-507;ENT-QC;BD-1169;2;491,41;14,80;282,28;Représentant
CMD-102687;13/03/2025;21/03/2025;2025-04-30;CLI-0211 ;EMP-504;ENT-MTL;BD-1167;12;333,41;10,20;209,73;Représentant
CMD-103349;05/06/2025;14-juin-25;20/07/2025;CLI-0191;EMP-504;ENT-QC;BD-1071;2;451,08;15,50;363,51;Téléphone
CMD-103853;14-août-25;19/08/2025;04/10/2025;CLI-0136;EMP-507;ENT-MTL;BD-1006;4;295,55;11,70;182,47;Portail web
CMD-104951;2025-12-01;05/12/2025;;CLI-0162;EMP-508;ENT-MTL;BD-1132;8;178,68;10,00;128,45;Courriel
CMD-102406;17/01/2025;21/01/2025;2025-03-16;CLI-0118;EMP-504;ENT-MTL;BD-1120;4;253,65;14,50;186,72;Représentant
CMD-103774;06/08/2025;2025-08-14;01/10/2025;CLI-0208;EMP-507;ENT-MTL;BD-1052;2;270,00;12,10;183,03;Téléphone
CMD-104262;23/09/2025;01/10/2025;19-nov-25;CLI-0115;EMP-509;ENT-MTL;BD-1038;12;477,54;13,50;319,94;Portail web
CMD-104934;2025-11-28;01/12/2025;;CLI-0185;EMP-508;ENT-QC;BD-1141;20;372,59;25,40;314,24;Portail web
CMD-104791;11/11/2025;2025-11-20;09/12/2025;CLI-0161;EMP-508;ENT-QC;BD-1068;3;549,78;2,50;342,49;Téléphone
CMD-103207;2025-05-20;22/05/2025;08/07/2025;CLI-0009;EMP-502;ENT-QC;BD-1122;43;263,41;22,80;212,67;Portail web
CMD-104262;23/09/2025;2025-10-01;19/11/2025;CLI-0115;EMP-509;ENT-MTL;BD-1071;2;461,91;13,50;363,51;Représentant
CMD-104573;20/10/2025;26/10/2025;2025-12-26;CLI-0056;EMP-502;ENT-QC;BD-1163;12;456,05;25,60;300,77;Représentant
CMD-102961;2025-04-21;29/04/2025;12/06/2025;CLI-0089;EMP-502;ENT-MTL;BD-1176;3;469,42;25,50;328,78;Représentant
CMD-103775;06/08/2025;10-août-25;05/10/2025;CLI-0176;EMP-503;ENT-QC;BD-1011;8;488,92;6,90;294,52;Représentant
CMD-103755;04/08/2025;2025-08-07;29/10/2025;CLI-0153;EMP-507;ENT-QC;BD-1140;8;56,61;10,90;41,26;Portail web
CMD-104061;05/09/2025;11-sept-25;21/11/2025;CLI-0060;EMP-508;ENT-QC;BD-1071;6;496,65;6,90;363,51;Téléphone
CMD-104679;29/10/2025;07/11/2025;16-déc-25;CLI-0041;EMP-508;ENT-MTL;BD-1128;24;127,61;11,90;78,87;Téléphone
CMD-104540;16-oct-25;21/10/2025;21/11/2025;CLI-0188;EMP-506;ENT-MTL;BD-1081;6;495,49;16,50;364,83;Portail web
CMD-103520;27/06/2025;29/06/2025;04-août-25;CLI-0053;EMP-509;ENT-QC;BD-1021;4;0,00;12,10;242,82;Représentant
CMD-102362;08/01/2025;2025-01-10;23/02/2025;CLI-0056;EMP-502;ENT-QC;BD-1010;12;131,40;19,40;88,91;Représentant
CMD-104135;12/09/2025;2025-09-15;24/10/2025;CLI-0191;EMP-504;ENT-MTL;BD-1036;3;219,44;14,50;191,63;Représentant
CMD-104124;11/09/2025;17/09/2025;17/11/2025;CLI-0025;EMP-509;ENT-MTL;BD-1077;4;288,49;15,60;171,09;Représentant
CMD-104908;25/11/2025;28-nov-25;;CLI-0099;EMP-505;ENT-MTL;BD-1087;27;293,23;24,00;215,66;Courriel
CMD-104386;2025-10-03;12/10/2025;16/11/2025;CLI-0217;EMP-506;ENT-QC;BD-1074;6;144,71;25,50;130,44;Représentant
CMD-104412;07/10/2025;13/10/2025;04-déc-25;CLI-0109;EMP-501;ENT-MTL;BD-1132;3;185,28;6,70;128,45; 
CMD-105094;25/12/2025;03/01/2026;;CLI-0099;EMP-505;ENT-MTL;BD-1159;7;236,21;18,30;169,65;Représentant
CMD-104518;15/10/2025;21/10/2025;2025-11-18;CLI-0099;EMP-505;ENT-MTL;BD-1143;9;286,31;23,70;220,45;Représentant
CMD-103133;12/05/2025;15/05/2025;2025-06-24;CLI-0076;EMP-507;ENT-QC;BD-1058;6;196,58;19,70;149,54;Représentant
CMD-103155;14/05/2025;21/05/2025;2025-06-14;CLI-0040;EMP-509;ENT-QC;BD-1040;12;378,88;14,00;274,41;Téléphone
CMD-105039;2025-12-17;21/12/2025;;CLI-0185;EMP-508;ENT-MTL;BD-1149;11;136,51;25,50;111,14;Représentant
CMD-102705;2025-03-17;24/03/2025;;CLI-0218;EMP-503;ENT-MTL;BD-1036;8;241,23;6,10;162,40;Représentant
CMD-104771;08/11/2025;14-nov-25;26/12/2025;CLI-0073;EMP-501;ENT-MTL;BD-1065;8;213,19;14,50;155,19;Représentant
CMD-102379;13-janv-25;19/01/2025;20/02/2025;CLI-0090;EMP-505;ENT-SAG;BD-1143;6;334,68;10,80;220,45;Représentant
CMD-102550;19-févr-25;21/02/2025;03/04/2025;CLI-0037;EMP-504;ENT-QC;BD-1008;11;184,69;21,00;131,65;Représentant
CMD-105093;25/12/2025;29/12/2025;;CLI-0050;EMP-502;ENT-MTL;BD-1140;1;52,74;17,00;41,26;Représentant
CMD-103398;12/06/2025;16-juin-25;18/07/2025;CLI-0197;EMP-507;ENT-QC;BD-1048;6;47,63;7,00;33,51;Portail web
CMD-103004;2025-04-25;30/04/2025;;CLI-0099;EMP-505;ENT-QC;BD-1128;5;110,84;23,50;78,87;Représentant
CMD-104419;07/10/2025;13/10/2025;2025-12-06;CLI-0217;EMP-506;ENT-QC;BD-1143;8;278,37;25,80;220,45;Portail web
CMD-102704;17/03/2025;2025-03-24;15/05/2025;CLI-0119;EMP-503;ENT-MTL;BD-1094;6;188,87;7,40;124,30;Téléphone
CMD-102675;12/03/2025;17/03/2025;28-avr-25;CLI-0012;EMP-501;ENT-MTL;BD-1168;11;312,04;22,00;229,43;Représentant
CMD-104273;24-sept-25;30/09/2025;28/10/2025;CLI-0220;EMP-506;ENT-MTL;BD-1108;24;239,11;12,50;169,96;Représentant
CMD-103641;15/07/2025;18-juil-25;13/08/2025;CLI-0183;EMP-506;ENT-QC;BD-1050;4;479,58;4,90;297,82;Téléphone
CMD-102987;24/04/2025;02-mai-25;05/07/2025;CLI-0012;EMP-501;ENT-MTL;BD-1059;5;397,35;24,60;331,76;Portail web
CMD-102904;14/04/2025;2025-04-19;16/06/2025;CLI-0198;EMP-504;ENT-QC;BD-1175;6;160,04;5,70;96,85;Courriel
CMD-103159;14/05/2025;23-mai-25;08/07/2025;CLI-0212;EMP-507;ENT-MTL;BD-1113;3;326,85;23,50;281,81;Téléphone
CMD-103929;22/08/2025;2025-08-25;03/10/2025;CLI-0217;EMP-506;ENT-MTL;BD-1009;11;81,46;22,50;67,67;Représentant
CMD-103937;2025-08-23;26/08/2025;25/10/2025;CLI-0009;EMP-502;ENT-SAG;BD-1148;21;363,92;20,90;302,28;Portail web
CMD-103362;07/06/2025;10/06/2025;29-juil-25;CLI-0074;EMP-507;ENT-QC;BD-1029;6;315,64;19,50;243,45;Représentant
CMD-102455;29/01/2025;07/02/2025;21/03/2025;CLI-0088;EMP-504;ENT-QC;BD-1011;2;457,59;12,90;294,52;Courriel
CMD-103233;23/05/2025;01/06/2025;2025-07-14;CLI-0035;EMP-503;ENT-MTL;BD-1146;12;327,06;12,90;225,52;Portail web
CMD-103671;2025-07-21;30/07/2025;08/08/2025;CLI-0087;EMP-502;ENT-MTL;BD-1104;2;93,76;15,30;76,70;Téléphone
CMD-103764;05/08/2025;14/08/2025;2025-09-28;CLI-0187;EMP-507;ENT-QC;BD-1006;3;281,24;16,00;182,47;Représentant
CMD-103316;31/05/2025;03/06/2025;2025-08-09;CLI-0212;EMP-507;ENT-QC;BD-1047;5;86,63;18,70;71,53;Représentant
CMD-104234;20/09/2025;2025-09-27;10/10/2025;CLI-0009;EMP-502;ENT-QC;BD-1072;7;296,99;25,00;236,88;Portail web
CMD-103331;03/06/2025;10-juin-25;30/07/2025;cli-0009;EMP-502;ENT-MTL;BD-1012;67;96,05;21,10;69,62;Portail web
CMD-104743;04/11/2025;06/11/2025;2025-12-21;CLI-0029;EMP-506;ENT-QC;BD-1168;18;322,66;19,30;229,43;Représentant
CMD-103728;2025-07-31;08/08/2025;08/09/2025;CLI-0059;EMP-504;ENT-QC;BD-1013;8;419,07;18,80;315,34;Représentant
CMD-103567;2025-07-02;04/07/2025;31/08/2025;CLI-0057;EMP-507;ENT-QC;BD-1032;2;467,61;14,60;409,59;Courriel
CMD-103353;06/06/2025;2025-06-11;22/07/2025;CLI-0139;EMP-506;ENT-MTL;BD-1047;4;89,30;16,20;71,53;Téléphone
CMD-104569;18/10/2025;21/10/2025;2025-12-08;CLI-0171;EMP-507;ENT-QC;BD-1127;2;283,67;5,80;174,31;Téléphone
CMD-103340;04/06/2025;10/06/2025;2025-07-25;CLI-0087;EMP-502;ENT-QC;BD-1134;4;97,37;11,40;61,77;Salon
CMD-104983;05/12/2025;2025-12-12;;CLI-0031;EMP-509;ENT-MTL;BD-1082;2;405,88;14,60;335,40;Portail web
CMD-104800;11/11/2025;2025-11-16;04/12/2025;CLI-0059;EMP-504;ENT-MTL;BD-1130;26;422,35;25,20;323,89;Représentant
CMD-102693;2025-03-14;16/03/2025;22/05/2025;CLI-0123;EMP-501;ENT-MTL;BD-1177;1;347,84;14,70;215,66;Portail web
CMD-103665;2025-07-18;24/07/2025;02/10/2025;CLI-0210;EMP-503;ENT-QC;BD-1110;24;266,33;6,20;182,67;Téléphone
CMD-104988;06/12/2025;12/12/2025;;CLI-0009;EMP-502;ENT-QC;BD-1032;3;421,56;23,00;409,59;Représentant
CMD-102752;2025-03-24;02/04/2025;08/05/2025;CLI-0012;EMP-501;ENT-QC;BD-1170;4;26,28;25,20;16,95;Représentant
CMD-102825;03/04/2025;06-avr-25;30/05/2025;CLI-0093;EMP-508;ENT-MTL;BD-1067;3;35,76;14,00;24,27;Représentant
CMD-104631;25/10/2025;03-nov-25;27/12/2025;CLI-0132;EMP-507;ENT-QC;BD-1154;12;457,42;14,40;329,92;Courriel
CMD-102445;27/01/2025;03/02/2025;2025-03-13;CLI-0200;EMP-509;ENT-QC;BD-1160;4;69,66;11,60;41,56;Représentant
CMD-104846;18/11/2025;20-nov-25;;CLI-0139;EMP-506;ENT-QC;BD-1092;1;237,95;15,70;168,72;Portail web
CMD-103135;2025-05-12;16/05/2025;01/07/2025;CLI-0126;EMP-502;ENT-MTL;BD-1015;8;442,27;16,70;325,38;Téléphone
CMD-103095;07/05/2025;12/05/2025;2025-07-01;CLI-0212;EMP-507;ENT-MTL;BD-1095;11;79,40;23,40;64,62;Portail web
CMD-103836;13/08/2025;17/08/2025;;CLI-0144;EMP-502;ENT-MTL;BD-1049;6;48,70;10,90;31,22;Téléphone
CMD-102900;14/04/2025;22-avr-25;27/06/2025;CLI-0053;EMP-509;ENT-SAG;BD-1069;6;337,45;15,40;202,67;Téléphone
CMD-103764;05/08/2025;14/08/2025;28/09/2025;CLI-0187;EMP-507;ENT-QC;BD-1037;4;25,14;16,00;16,65;Représentant
CMD-104586;21-oct-25;26/10/2025;14/12/2025;CLI-0059;EMP-504;ENT-SAG;BD-1051;6;98,39;24,10;79,76;Représentant
CMD-103077;05/05/2025;11-mai-25;14/06/2025;CLI-0212;EMP-507;ENT-MTL;BD-1077;17;265,48;22,30;171,09;Portail web
CMD-102524;13/02/2025;17/02/2025;2025-03-08;CLI-0088;EMP-504;ENT-SAG;BD-1072;2;352,76;10,90;200,75;Courriel
CMD-103058;02/05/2025;2025-05-05;06/06/2025;CLI-0108;EMP-503;ENT-MTL;BD-1019;4;253,45;15,80;205,07;Représentant
CMD-104750;05/11/2025;12/11/2025;2025-12-28;CLI-0025;EMP-509;ENT-MTL;BD-1133;24;89,96;11,30;62,95;Représentant
CMD-103670;19/07/2025;28-juil-25;10/09/2025;CLI-0137;EMP-503;ENT-SAG;BD-1064;13;96,03;23,30;70,89;Téléphone
CMD-102906;14/04/2025;23/04/2025;2025-05-17;CLI-0037;EMP-504;ENT-QC;BD-1178;19;154,16;24,90;119,43;Représentant
CMD-102956;2025-04-21;28/04/2025;29/05/2025;CLI-0070;EMP-503;ENT-MTL;BD-1123;3;212,88;2,10;132,28;Courriel
CMD-102828;03/04/2025;2025-04-09;31/05/2025;CLI-0078;EMP-504;ENT-MTL;BD-1163;2;568,04;7,40;300,77;Représentant
CMD-104326;29/09/2025;2025-10-01;09/11/2025;CLI-0160;EMP-508;ENT-QC;BD-1041;12;243,15;4,10;163,24;Représentant
CMD-104077;08/09/2025;13/09/2025;22-oct-25;CLI-0044;EMP-505;ENT-SAG;BD-1043;2;461,14;12,60;300,28;Représentant
CMD-105085;24/12/2025;2026-01-02;;CLI-0211;EMP-504;ENT-MTL;BD-1077;3;295,35;13,60;171,09;Portail web
CMD-103688;22/07/2025;2025-07-30;03/10/2025;CLI-0035;EMP-503;ENT-MTL;BD-1135;2;64,05;12,60;40,73;Représentant
CMD-102964;21/04/2025;2025-04-29;10/06/2025;CLI-0136;EMP-507;ENT-MTL;BD-1039;2;167,00;15,60;122,17;Représentant
CMD-104907;25/11/2025;28/11/2025;;CLI-0136;EMP-507;ENT-QC;BD-1088;2;540,87;14,10;404,63;Représentant
CMD-103017;28/04/2025;01-mai-25;16/06/2025;CLI-0038;EMP-507;ENT-MTL;BD-1063;4;307,94;16,40;247,24;Représentant
CMD-103247;2025-05-23;30/05/2025;12/07/2025;CLI-0134;EMP-509;ENT-QC;BD-1123;2;211,44;2,80;132,28;Salon
CMD-102539;17/02/2025;2025-02-23;22/03/2025;CLI-0208;EMP-507;ENT-MTL;BD-1094;4;179,23;12,10;124,30;Représentant
CMD-103036;2025-04-30;04/05/2025;02/06/2025;CLI-0093;EMP-508;ENT-QC;BD-1016;2;347,48;15,90;224,02;Portail web
CMD-102371;10/01/2025;17/01/2025;2025-03-06;CLI-0066;EMP-507;ENT-QC;BD-1040;1;371,90;15,60;274,41;Téléphone
CMD-103516;26/06/2025;29-juin-25;26/07/2025;CLI-0155;EMP-506;ENT-MTL;BD-1173;1;349,21;12,40;212,35;Représentant
CMD-103377;2025-06-10;18/06/2025;08/07/2025;CLI-0110;EMP-507;ENT-QC;BD-1040;1;419,07;4,90;274,41;Représentant
CMD-102629;05/03/2025;2025-03-09;26/05/2025;CLI-0166;EMP-503;ENT-QC;BD-1144;3;160,01;10,40;98,33;Représentant
CMD-103513;26/06/2025;30/06/2025;11-août-25;CLI-0181;EMP-504;ENT-MTL;BD-1028;6;219,76;7,10;143,73;Portail web
CMD-102404;17/01/2025;2025-01-22;10/03/2025;CLI-0053;EMP-509;ENT-MTL;BD-1090;24;84,90;11,40;58,79;Téléphone
CMD-103812;11/08/2025;17/08/2025;2025-10-02;CLI-0136;EMP-507;ENT-MTL;BD-1019;2;257,81;14,40;205,07;Représentant
CMD-102710;17/03/2025;21/03/2025;2025-05-19;CLI-0155;EMP-506;ENT-MTL;BD-1104;4;94,53;14,60;76,70;Portail web
CMD-103757;05/08/2025;07/08/2025;15/09/2025;CLI-0059;EMP-504;ENT-QC;BD-1001;9;263,37;21,40;219,63;Représentant
CMD-104794;2025-11-11;15/11/2025;;CLI-0067;EMP-502;ENT-SAG;BD-1071;8;463,25;13,20;363,51;Représentant
CMD-102847;05/04/2025;2025-04-08;21/05/2025;CLI-0143;EMP-503;ENT-SAG;BD-1054;2;411,28;11,70;262,94;Portail web
CMD-104919;27/11/2025;30/11/2025;15-déc-25;CLI-0119;EMP-503;ENT-QC;BD-1095;8;95,38;8,00;64,62;Représentant
CMD-102399;16-janv-25;22/01/2025;01/03/2025;CLI-0157;EMP-502;ENT-MTL;BD-1144;12;158,49;11,20;98,33;Représentant
CMD-102922;16/04/2025;2025-04-25;02/06/2025;CLI-0099;EMP-505;ENT-SAG;BD-1049;25;42,59;22,10;31,22;Portail web
CMD-103417;2025-06-13;17/06/2025;06/08/2025;CLI-0020;EMP-508;ENT-SAG;BD-1110;6;266,36;6,20;182,67;Représentant
CMD-102596;2025-03-01;06/03/2025;18/04/2025;CLI-0084;EMP-503;ENT-QC;BD-1179;2;384,74;10,90;231,35;Représentant
CMD-104753;05/11/2025;07/11/2025;10/12/2025;CLI-0199;EMP-504;ENT-QC;BD-1096;1;252,10;14,90;205,70;Portail web
CMD-103743;01/08/2025;2025-08-03;;CLI-0197;EMP-507;ENT-QC;BD-1137;4;39,73;7,20;25,59;Téléphone
CMD-104801;11-nov-25;16/11/2025;;CLI-0194;EMP-506;ENT-MTL;BD-1105;3;250,31;3,40;169,61;Téléphone
CMD-102937;17/04/2025;2025-04-22;11/06/2025;CLI-0209;EMP-508;ENT-MTL;BD-1035;34;36,54;24,50;30,63;Salon
CMD-105068;22-déc-25;31/12/2025;;CLI-0191;EMP-504;ENT-QC;BD-1167;8;310,70;16,30;209,73;Courriel
CMD-103610;09-juil-25;12/07/2025;25/08/2025;CLI-0183;EMP-506;ENT-SAG;BD-1100;8;498,40;7,10;369,19;Représentant
CMD-104547;16/10/2025;23-oct-25;15/12/2025;CLI-0036;EMP-505;ENT-MTL;BD-1009;4;87,57;16,70;67,67;Représentant
CMD-102974;23-avr-25;02/05/2025;02/06/2025;CLI-0204;EMP-506;ENT-MTL;BD-1013;4;499,14;3,30;315,34;Représentant
CMD-103920;20/08/2025;29/08/2025;08/10/2025;CLI-0120;EMP-509;ENT-QC;BD-1060;8;371,79;6,10;291,44;Représentant
CMD-102582;2025-02-26;28/02/2025;28/03/2025;CLI-0112;EMP-505;ENT-SAG;BD-1040;4;375,74;14,70;274,41;Portail web
CMD-104601;22/10/2025;28-oct-25;31/12/2025;CLI-0074;EMP-507;ENT-QC;BD-1083;5;243,41;20,80;189,32;Téléphone
CMD-104395;04/10/2025;06/10/2025;15/11/2025;CLI-0185;EMP-508;ENT-MTL;BD-1155;63;430,56;20,50;329,15;Représentant
CMD-103821;11/08/2025;18/08/2025;30-oct-25;CLI-0081;EMP-502;ENT-QC;BD-1005;1;274,41;16,10;208,35;Téléphone
CMD-104892;22/11/2025;30/11/2025;;CLI-0116;EMP-509;ENT-SAG;BD-1152;12;417,11;13,30;271,40;Téléphone
CMD-103998;2025-09-01;09/09/2025;28/10/2025;CLI-0075;EMP-506;ENT-MTL;BD-1046;6;461,33;3,30;372,17;Portail web
CMD-104563;2025-10-17;19/10/2025;;CLI-0193;EMP-509;ENT-QC;BD-1082;2;427,17;10,10;335,40;Téléphone
CMD-102776;27/03/2025;2025-03-29;14/05/2025;CLI-0049;EMP-508;ENT-MTL;BD-1100;4;472,68;11,90;312,88;Représentant
CMD-103086;06/05/2025;08-mai-25;30/06/2025;CLI-0136;EMP-507;ENT-SAG;BD-1158;6;297,28;14,90;184,61;Courriel
CMD-103567;2025-07-02;04/07/2025;31/08/2025;CLI-0057;EMP-507;ENT-QC;BD-1032;2;467,61;14,60;409,59;Courriel
CMD-103481;23/06/2025;28/06/2025;11/08/2025;CLI-0054;EMP-507;ENT-MTL;BD-1049;12;46,95;14,10;31,22;Salon
CMD-104207;18/09/2025;23/09/2025;29-nov-25;CLI-0076;EMP-507;ENT-MTL;BD-1118;11;369,91;25,60;343,17;Courriel
CMD-103499;25/06/2025;03/07/2025;21-août-25;CLI-0155;EMP-506;ENT-QC;BD-1116;3;76,81;13,40;60,17;Portail web
CMD-102666;12/03/2025;18/03/2025;2025-05-14;CLI-0213;EMP-508;ENT-MTL;BD-1001;1;326,39;2,60;186,13;Téléphone
CMD-104306;26/09/2025;04/10/2025;04-nov-25;CLI-0139;EMP-506;ENT-QC;BD-1084;4;482,64;16,90;375,89;Représentant
CMD-102358;08/01/2025;2025-01-16;;CLI-0185;EMP-508;ENT-SAG;BD-1134;18;82,64;24,80;61,77;Représentant
CMD-104508;14/10/2025;16/10/2025;2025-11-20;CLI-0043;EMP-506;ENT-QC;BD-1154;24;458,06;14,30;329,92;Représentant
CMD-104043;04/09/2025;07-sept-25;21/11/2025;CLI-0185;EMP-508;ENT-QC;BD-1077;5;264,25;22,70;171,09;Représentant
CMD-102744;22-mars-25;24/03/2025;07/05/2025;CLI-0209;EMP-508;ENT-QC;BD-1019;3;229,83;23,70;173,78;Représentant
CMD-103173;16/05/2025;20-mai-25;20/06/2025;CLI-0029;EMP-506;ENT-QC;BD-1060;2;296,79;25,00;291,44;Courriel
CMD-103906;20/08/2025;27/08/2025;03-oct-25;CLI-0037;EMP-504;ENT-QC;BD-1055;21;258,88;21,20;213,75;Téléphone
CMD-104806;12/11/2025;2025-11-15;;CLI-0191;EMP-504;ENT-MTL;BD-1085;12;58,43;13,00;49,28;Représentant
CMD-103295;2025-05-29;07/06/2025;02/07/2025;CLI-0130;EMP-508;ENT-QC;BD-1110;8;222,32;21,70;182,67;Portail web
CMD-105031;2025-12-16;25/12/2025;;CLI-0160;EMP-508;ENT-QC;BD-1151;4;148,30;6,70;92,25;Représentant
CMD-104716;01/11/2025;09/11/2025;;CLI-0143;EMP-503;ENT-QC;BD-1119;1;79,48;13,40;59,67;Portail web
CMD-102898;2025-04-12;15/04/2025;12/06/2025;CLI-0088;EMP-504;ENT-MTL;BD-1170;1;31,07;11,60;16,95;Téléphone
CMD-103043;30/04/2025;03/05/2025;13-juin-25;CLI-0089;EMP-502;ENT-QC;BD-1052;24;235,33;23,40;183,03;Représentant
CMD-104806;12/11/2025;15/11/2025;;CLI-0191;EMP-504;ENT-MTL;BD-1152;4;418,21;13,00;271,40;Courriel
CMD-104762;06/11/2025;14/11/2025;2025-12-05;CLI-0212;EMP-507;ENT-QC;BD-1088;2;474,79;24,60;404,63;Représentant
CMD-104878;20/11/2025;22/11/2025;;CLI-0169;EMP-507;ENT-SAG;BD-1084;4;521,96;10,10;375,89;Téléphone
CMD-103178;16-mai-25;20/05/2025;18/07/2025;CLI-0088;EMP-504;ENT-MTL;BD-1079;4;223,04;15,40;147,87;Portail web
CMD-104537;16/10/2025;21-oct-25;23/12/2025;CLI-0053;EMP-509;ENT-QC;BD-1134;8;92,85;15,60;61,77;Portail web
CMD-104610;2025-10-23;27/10/2025;25/11/2025;CLI-0066;EMP-507;ENT-MTL;BD-1030;4;163,12;10,90;119,13;Téléphone
CMD-104315;27/09/2025;04-oct-25;24/11/2025;CLI-0059;EMP-504;ENT-QC;BD-1091;9;427,84;24,70;336,22;Téléphone
CMD-104295;25/09/2025;30/09/2025;2025-12-04;CLI-0073;EMP-501;ENT-QC;BD-1069;8;339,34;14,90;239,15;Représentant
CMD-103095;07/05/2025;12/05/2025;2025-07-01;CLI-0212;EMP-507;ENT-MTL;BD-1047;3;81,63;23,40;71,53;Représentant
CMD-103453;2025-06-18;21/06/2025;10/07/2025;CLI-0128;EMP-502;ENT-MTL;BD-1122;6;294,32;13,70;212,67;Représentant
CMD-104572;2025-10-18;25/10/2025;15/12/2025;CLI-0115;EMP-509;ENT-QC;BD-1094;3;175,25;14,00;124,30;Portail web
CMD-103180;16/05/2025;19/05/2025;26-juin-25;CLI-0047;EMP-508;ENT-QC;BD-1154;2;444,59;16,80;329,92;Représentant
CMD-104088;09/09/2025;15-sept-25;17/11/2025;CLI-0126;EMP-502;ENT-MTL;BD-1062;8;160,54;10,70;135,59;Représentant
CMD-102460;30/01/2025;05/02/2025;26/03/2025;CLI-0209;EMP-508;ENT-SAG;BD-1151;11;121,30;23,70;92,25;Téléphone
CMD-104375;2025-10-02;04/10/2025;03/12/2025;CLI-0073;EMP-501;ENT-MTL;BD-1077;6;289,90;15,20;171,09;Représentant
CMD-104786;11/11/2025;13/11/2025;06/12/2025;CLI-0049;EMP-508;ENT-MTL;BD-1065;4;207,81;16,70;155,19;Portail web
CMD-104429;08/10/2025;14/10/2025;2025-11-21;CLI-0195;EMP-506;ENT-MTL;BD-1125;2;393,21;10,60;291,24;Portail web
CMD-104263;23-sept-25;25/09/2025;09/11/2025;CLI-0045;EMP-502;ENT-MTL;BD-1067;8;36,66;11,90;28,64;Portail web
CMD-103628;11/07/2025;17/07/2025;07/09/2025;CLI-0127;EMP-503;ENT-QC;BD-1042;12;392,06;11,20;267,02;Téléphone
CMD-102840;04/04/2025;06/04/2025;23/05/2025;CLI-0042;EMP-505;ENT-SAG;BD-1041;1;219,50;13,40;163,24;Représentant
CMD-102854;07/04/2025;11/04/2025;2025-06-09;CLI-0165;EMP-507;ENT-QC;BD-1043;4;480,46;9,00;300,28;Téléphone
CMD-102906;14/04/2025;23/04/2025;17/05/2025;CLI-0037;EMP-504;ENT-QC;BD-1165;8;138,19;24,90;107,92;Représentant
CMD-103787;2025-08-07;13/08/2025;02/10/2025;CLI-0152;EMP-503;ENT-MTL;BD-1044;24;309,43;4,20;199,55;Représentant
CMD-104442;08/10/2025;17-oct-25;18/11/2025;CLI-0173;EMP-508;ENT-MTL;BD-1031;4;435,32;16,20;300,62;Représentant
CMD-104524;15/10/2025;17/10/2025;16-déc-25;CLI-0072;EMP-501;ENT-MTL;BD-1174;4;255,47;13,40;169,01;Portail web
CMD-104520;2025-10-15;17/10/2025;04/12/2025;CLI-0160;EMP-508;ENT-QC;BD-1140;12;59,09;7,00;41,26;Représentant
CMD-102404;17/01/2025;2025-01-22;10/03/2025;CLI-0053;EMP-509;ENT-MTL;BD-1169;6;510,81;11,40;282,28;Portail web
CMD-104398;2025-10-06;10/10/2025;14/12/2025;CLI-0029;EMP-506;ENT-MTL;BD-1156;14;245,56;18,70;164,64;Portail web
CMD-103086;06/05/2025;2025-05-08;30/06/2025;CLI-0136;EMP-507;ENT-SAG;BD-1059;8;448,54;14,90;391,48;Portail web
CMD-104594;22/10/2025;2025-10-27;01/12/2025;CLI-0053;EMP-509;ENT-MTL;BD-1098;6;385,61;12,50;309,76;Téléphone
CMD-104143;12/09/2025;21/09/2025;2025-10-30;CLI-0076;EMP-507;ENT-MTL;BD-1066;5;276,85;19,60;240,06;Portail web
CMD-104063;06/09/2025;11/09/2025;10-oct-25;CLI-0212;EMP-507;ENT-QC;BD-1054;9;350,62;24,70;262,94;Représentant
CMD-103238;2025-05-23;30/05/2025;14/07/2025;CLI-0185;EMP-508;ENT-QC;BD-1063;8;296,99;19,40;247,24;Représentant
CMD-103093;07/05/2025;12-mai-25;06/07/2025;CLI-0089;EMP-502;ENT-MTL;BD-1173;3;296,04;25,70;212,35;Représentant
CMD-102781;28/03/2025;01/04/2025;2025-05-27;CLI-0133;EMP-508;ENT-QC;BD-1160;6;65,62;16,70;41,56;Courriel
CMD-103233;23/05/2025;01/06/2025;14/07/2025;CLI-0035;EMP-503;ENT-MTL;BD-1061;3;102,87;12,90;76,81;Salon
CMD-104186;17-sept-25;24/09/2025;28/11/2025;CLI-0111;EMP-507;ENT-MTL;BD-1098;24;424,90;3,60;309,76;Représentant
CMD-103854;15/08/2025;22/08/2025;2025-09-17;CLI-0071;EMP-503;ENT-QC;BD-1055;8;304,69;7,20;213,75;Représentant
CMD-103285;28/05/2025;06/06/2025;2025-07-01;CLI-0036;EMP-505;ENT-QC;BD-1004;4;238,70;12,90;158,83;Portail web
CMD-105028;16-déc-25;19/12/2025;;CLI-0125;EMP-509;ENT-MTL;BD-1147;1;564,89;5,60;346,92;Représentant
CMD-104739;04/11/2025;09/11/2025;14/12/2025;CLI-0009;EMP-502;ENT-MTL;BD-1176;8;503,73;20,10;328,78;Portail web
CMD-103604;08/07/2025;11/07/2025;2025-08-13;CLI-0062;EMP-507;ENT-QC;BD-1172;2;357,99;14,50;221,22;Représentant
CMD-105016;12/12/2025;17-déc-25;;CLI-0148;EMP-501;ENT-SAG;BD-1131;4;58,96;12,10;37,08;Courriel
CMD-103925;2025-08-21;26/08/2025;23/09/2025;CLI-0125;EMP-509;ENT-QC;BD-1134;2;106,87;2,80;61,77;Téléphone
CMD-104839;18/11/2025;2025-11-26;;CLI-0080;EMP-506;ENT-QC;BD-1165;1;165,17;10,20;107,92;Représentant
CMD-102930;2025-04-17;22/04/2025;19/06/2025;CLI-0136;EMP-507;ENT-SAG;BD-1127;4;268,28;10,90;174,31;Représentant
CMD-102458;29/01/2025;2025-01-31;28/03/2025;CLI-0130;EMP-508;ENT-MTL;BD-1146;27;307,39;18,20;225,52;Courriel
CMD-104976;04/12/2025;2025-12-08;;CLI-0009;EMP-502;ENT-MTL;BD-1145;9;138,76;24,60;111,12;Téléphone
CMD-104737;04/11/2025;12/11/2025;2025-12-14;CLI-0187;EMP-507;ENT-QC;BD-1087;4;339,97;11,90;215,66;Représentant
CMD-104725;2025-11-03;05/11/2025;19/12/2025;CLI-0009;EMP-502;ENT-QC;BD-1155;17;438,11;19,10;329,15;Représentant
CMD-104654;2025-10-27;02/11/2025;;CLI-0211;EMP-504;ENT-QC;BD-1100;24;472,27;12,00;369,19;Représentant
CMD-103633;12/07/2025;21/07/2025;2025-09-05;CLI-0081;EMP-502;ENT-MTL;BD-1051;1;108,80;16,10;79,76;Représentant
CMD-103967;26/08/2025;01/09/2025;19-oct-25;CLI-0056;EMP-502;ENT-MTL;BD-1039;9;149,44;24,50;122,17;Représentant
CMD-103177;16/05/2025;2025-05-21;09/07/2025;CLI-0029;EMP-506;ENT-QC;BD-1005;27;266,45;18,50;208,35;Représentant
CMD-102552;19/02/2025;2025-02-23;06/04/2025;CLI-0076;EMP-507;ENT-QC;BD-1038;13;452,20;18,00;319,94;Représentant
CMD-103657;16/07/2025;2025-07-23;09/08/2025;CLI-0122;EMP-505;ENT-QC;BD-1096;2;276,02;6,80;205,70;Téléphone
CMD-103433;16/06/2025;24/06/2025;2025-07-28;CLI-0127;EMP-503;ENT-MTL;BD-1009;3;94,03;10,60;67,67;Représentant
CMD-104155;15/09/2025;2025-09-21;30/10/2025;CLI-0080;EMP-506;ENT-QC;BD-1086;3;117,19;14,90;97,25;Représentant
CMD-103887;2025-08-18;20/08/2025;;CLI-0209;EMP-508;ENT-QC;BD-1064;4;97,31;22,30;70,89;Représentant
CMD-103087;06/05/2025;14/05/2025;07/06/2025;CLI-0089;EMP-502;ENT-QC;BD-1108;13;217,67;20,30;169,96;Représentant
CMD-103299;29/05/2025;01-juin-25;20/07/2025;cli-0126;EMP-502;ENT-MTL;BD-1112;8;96,10;16,30;67,02;Représentant
CMD-104270;24/09/2025;02/10/2025;2025-11-22;CLI-0074;EMP-507;ENT-MTL;BD-1092;6;209,83;25,60;168,72;Représentant
CMD-104842;18/11/2025;25/11/2025;;CLI-0012;EMP-501;ENT-SAG;BD-1075;16;80,66;20,00;71,97;Portail web
CMD-103938;25/08/2025;28/08/2025;2025-10-28;CLI-0108;EMP-503;ENT-QC;BD-1136;8;175,87;15,30;112,45;Portail web
CMD-102422;22/01/2025;24/01/2025;2025-03-21;CLI-0152;EMP-503;ENT-SAG;BD-1112;1;112,56;2,00;67,02;Représentant
CMD-104791;11/11/2025;20-nov-25;09/12/2025;  CLI-0161;EMP-508;ENT-QC;BD-1079;2;257,09;2,50;147,87;Représentant
CMD-103320;02/06/2025;2025-06-09;02/08/2025;CLI-0141;EMP-502;ENT-MTL;BD-1122;3;295,36;13,40;212,67;Représentant
CMD-103353;06/06/2025;11-juin-25;22/07/2025;CLI-0139;EMP-506;ENT-MTL;BD-1056;4;412,06;16,20;293,14;Représentant
CMD-104000;01/09/2025;2025-09-08;30/10/2025;CLI-0014;EMP-502;ENT-QC;BD-1052;8;292,75;4,70;183,03;Téléphone
CMD-102401;16/01/2025;24-janv-25;12/03/2025;CLI-0127;EMP-503;ENT-MTL;BD-1167;6;316,19;14,80;209,73;Représentant
CMD-102494;2025-02-06;14/02/2025;20/03/2025;CLI-0093;EMP-508;ENT-MTL;BD-1049;3;48,86;10,60;31,22;Téléphone
CMD-104880;2025-11-20;23/11/2025;;CLI-0059;EMP-504;ENT-MTL;BD-1157;23;38,79;25,90;25,21;Représentant
CMD-102689;13/03/2025;21-mars-25;13/05/2025;CLI-0212;EMP-507;ENT-SAG;BD-1096;6;219,27;26,00;174,33;Portail web
CMD-103392;12/06/2025;16/06/2025;2025-07-30;CLI-0012;EMP-501;ENT-QC;BD-1093;30;175,66;21,50;159,25;Courriel
CMD-103031;30/04/2025;09/05/2025;2025-06-19;CLI-0037;EMP-504;ENT-MTL;BD-1102;9;378,92;21,80;260,69;Représentant
CMD-103454;19-juin-25;25/06/2025;30/07/2025;CLI-0137;EMP-503;ENT-MTL;BD-1112;19;90,58;21,10;67,02;Représentant
CMD-102540;2025-02-17;19/02/2025;02/04/2025;CLI-0012;EMP-501;ENT-QC;BD-1015;8;408,07;23,20;325,38;Représentant
CMD-103798;08/08/2025;16/08/2025;2025-10-02;CLI-0208;EMP-507;ENT-MTL;BD-1052;4;268,47;12,60;183,03;Représentant
CMD-103741;01/08/2025;04/08/2025;04/10/2025;CLI-0004;EMP-505;ENT-QC;BD-1008;4;218,83;6,40;155,34;Représentant
CMD-103500;25/06/2025;03/07/2025;2025-08-09;CLI-0059;EMP-504;ENT-QC;BD-1062;2;139,82;22,20;135,59;Représentant
CMD-104439;2025-10-08;12/10/2025;22/12/2025;CLI-0012;EMP-501;ENT-MTL;BD-1140;3;49,59;21,90;41,26;Représentant
CMD-103303;30/05/2025;2025-06-08;08/07/2025;CLI-0106;EMP-501;ENT-MTL;BD-1104;2;96,22;13,10;76,70;Portail web
CMD-105097;26/12/2025;30/12/2025;;CLI-0167;EMP-506;ENT-MTL;BD-1082;4;463,48;2,50;335,40;Représentant
CMD-103856;2025-08-15;24/08/2025;06/10/2025;CLI-0142;EMP-508;ENT-QC;BD-1017;6;546,66;3,00;313,71;Téléphone
CMD-102548;18/02/2025;24/02/2025;08-avr-25;CLI-0185;EMP-508;ENT-QC;BD-1180;6;153,72;18,80;95,30;Portail web
CMD-104902;25-nov-25;29/11/2025;;CLI-0215;EMP-503;ENT-QC;BD-1142;12;159,36;2,30;100,93;Représentant
CMD-104491;13-oct-25;19/10/2025;01/12/2025;CLI-0203;EMP-503;ENT-SAG;BD-1142;8;153,30;6,00;100,93;Téléphone
CMD-103970;27/08/2025;30/08/2025;2025-10-31;CLI-0199;EMP-504;ENT-SAG;BD-1112;4;102,20;11,00;67,02;Téléphone
CMD-104775;2025-11-10;12/11/2025;30/12/2025;CLI-0137;EMP-503;ENT-SAG;BD-1099;7;395,38;20,40;346,57;Représentant
CMD-104141;12/09/2025;2025-09-21;18/11/2025;CLI-0143;EMP-503;ENT-QC;BD-1137;2;36,28;15,20;25,59;Téléphone
CMD-103879;18/08/2025;23/08/2025;01/11/2025;CLI-0058;EMP-508;ENT-QC;BD-1120;24;290,62;2,10;186,72;Portail web
CMD-103049;01/05/2025;05/05/2025;2025-06-25;CLI-0212;EMP-507;ENT-QC;BD-1096;1;223,71;24,50;205,70;Téléphone
CMD-104625;24/10/2025;26/10/2025;2025-12-27;CLI-0214;EMP-508;ENT-SAG;BD-1029;6;356,90;8,90;243,45;Portail web
CMD-103435;2025-06-16;22/06/2025;08/07/2025;CLI-0037;EMP-504;ENT-QC;BD-1043;26;428,07;18,90;300,28;Courriel
CMD-104124;2025-09-11;17/09/2025;17/11/2025;CLI-0025;EMP-509;ENT-MTL;BD-1046;24;402,75;15,60;372,17;Salon
CMD-104234;2025-09-20;27/09/2025;10/10/2025;CLI-0009;EMP-502;ENT-QC;BD-1087;12;289,48;25,00;215,66;Portail web
CMD-102429;23/01/2025;29/01/2025;2025-03-30;CLI-0009;EMP-502;ENT-SAG;BD-1164;6;153,45;21,30;100,45;Représentant
CMD-103011;2025-04-28;01/05/2025;29/06/2025;CLI-0135;EMP-506;ENT-QC;BD-1040;24;369,54;16,20;274,41;Courriel
CMD-102412;2025-01-20;22/01/2025;13/03/2025;CLI-0130;EMP-508;ENT-MTL;BD-1127;5;223,31;25,90;174,31;Représentant
CMD-102797;31/03/2025;08/04/2025;24/05/2025;CLI-0099;EMP-505;ENT-MTL;BD-1175;17;127,88;24,70;96,85;Représentant
CMD-103272;2025-05-27;05/06/2025;06/07/2025;CLI-0067;EMP-502;ENT-SAG;BD-1057;1;26,67;10,60;23,20;Portail web
CMD-102356;08/01/2025;13/01/2025;21/02/2025;CLI-0012;EMP-501;ENT-MTL;BD-1156;7;228,82;24,30;164,64;Représentant
CMD-104408;06/10/2025;09/10/2025;16-nov-25;CLI-0209;EMP-508;ENT-QC;BD-1166;11;331,28;20,30;217,35;Représentant
CMD-104385;03/10/2025;2025-10-11;03/12/2025;CLI-0076;EMP-507;ENT-SAG;BD-1093;12;173,00;22,70;159,25;Téléphone
CMD-103338;04-juin-25;09/06/2025;21/07/2025;CLI-0196;EMP-506;ENT-QC;BD-1005;3;315,90;3,40;208,35;Représentant
CMD-103614;09-juil-25;11/07/2025;22/08/2025;CLI-0137;EMP-503;ENT-QC;BD-1026;7;344,41;21,40;246,82;Représentant
CMD-103992;30/08/2025;03/09/2025;2025-10-12;CLI-0130;EMP-508;ENT-QC;BD-1064;59;93,57;25,30;70,89;Téléphone
CMD-104285;2025-09-25;02/10/2025;11/11/2025;CLI-0115;EMP-509;ENT-QC;BD-1037;3;25,83;13,70;16,65;Représentant
CMD-104926;27/11/2025;04/12/2025;;CLI-0102;EMP-506;ENT-QC;BD-1174;12;281,54;4,60;169,01;Salon
CMD-104812;13/11/2025;17/11/2025;;CLI-0137;EMP-503;ENT-QC;BD-1156;19;240,03;20,50;164,64;Représentant
CMD-104443;09/10/2025;16/10/2025;18/12/2025;CLI-0132;EMP-507;ENT-QC;BD-1089;4;273,08;13,70;189,92;Téléphone
CMD-103313;31/05/2025;2025-06-08;24/07/2025;CLI-0112;EMP-505;ENT-QC;BD-1159;1;249,50;13,70;169,65;
CMD-102652;10/03/2025;2025-03-13;25/04/2025;CLI-0120;EMP-509;ENT-QC;BD-1103;3;221,63;2,70;154,84;
CMD-103304;30/05/2025;05-juin-25;25/08/2025;CLI-0051;EMP-509;ENT-SAG;BD-1126;24;196,86;2,70;133,03;Courriel
CMD-104579;21/10/2025;25/10/2025;2025-12-15;CLI-0045;EMP-502;ENT-MTL;BD-1166;2;345,27;16,90;217,35;Portail web
CMD-104762;06/11/2025;2025-11-14;05/12/2025;CLI-0212;EMP-507;ENT-QC;BD-1019;32;226,93;24,60;205,07;Représentant
CMD-103185;17/05/2025;2025-05-21;09/07/2025;CLI-0182;EMP-503;ENT-QC;BD-1103;3;198,48;12,90;154,84;Courriel
CMD-104498;13/10/2025;22/10/2025;16-nov-25;CLI-0017;EMP-507;ENT-MTL;BD-1136;12;183,54;11,60;112,45;Courriel
CMD-104603;2025-10-22;25/10/2025;06/12/2025;CLI-0005;EMP-503;ENT-SAG;BD-1142;3;153,36;6,00;100,93;Portail web
CMD-103054;2025-05-01;08/05/2025;26/06/2025;CLI-0137;EMP-503;ENT-MTL;BD-1125;11;330,80;24,80;291,24;Représentant
CMD-102557;20/02/2025;2025-02-28;05/04/2025;CLI-0056;EMP-502;ENT-MTL;BD-1011;11;402,00;23,50;294,52;Portail web
CMD-104742;04/11/2025;10/11/2025;15/12/2025;CLI-0115;EMP-509;ENT-QC;BD-1101;24;93,94;13,40;75,83;Représentant
CMD-104523;15/10/2025;2025-10-23;20/11/2025;CLI-0185;EMP-508;ENT-QC;BD-1138;9;114,71;22,10;88,19;Téléphone
CMD-104707;31/10/2025;05/11/2025;31/12/2025;CLI-0144;EMP-502;ENT-MTL;BD-1045;3;115,60;11,80;78,37;Portail web
CMD-104889;21/11/2025;2025-11-23;;CLI-0187;EMP-507;ENT-SAG;BD-1165;6;153,45;16,60;107,92;Représentant
CMD-103976;2025-08-28;01/09/2025;26/10/2025;CLI-0052;EMP-504;ENT-MTL;BD-1010;12;142,07;12,80;88,91;Portail web
CMD-104699;2025-10-30;01/11/2025;26/12/2025;CLI-0073;EMP-501;ENT-SAG;BD-1070;4;64,89;14,80;48,05;Téléphone
CMD-103316;31/05/2025;03/06/2025;09-août-25;CLI-0212;EMP-507;ENT-QC;BD-1064;38;101,81;18,70;70,89;Salon
CMD-103128;10/05/2025;17/05/2025;2025-06-14;CLI-0132;EMP-507;ENT-MTL;BD-1102;4;402,42;17,00;260,69;Représentant
CMD-103612;2025-07-09;15/07/2025;23/08/2025;CLI-0119;EMP-503;ENT-QC;BD-1181;8;608,68;2,60;312,40;Représentant
CMD-104431;2025-10-08;10/10/2025;18/11/2025;CLI-0031;EMP-509;ENT-MTL;BD-1082;4;404,06;15,00;335,40;Téléphone
CMD-103793;08/08/2025;13/08/2025;30-sept-25;CLI-0185;EMP-508;ENT-MTL;BD-1001;6;256,75;23,40;219,63;Portail web
CMD-102386;2025-01-14;16/01/2025;01/03/2025;CLI-0108;EMP-503;ENT-QC;BD-1149;4;156,94;14,30;111,14;Portail web
CMD-103151;14/05/2025;17-mai-25;11/07/2025;CLI-0148;EMP-501;ENT-MTL;BD-1030;12;161,27;11,90;119,13;Représentant
CMD-102872;09/04/2025;11/04/2025;10/06/2025;CLI-0137;EMP-503;ENT-QC;BD-1052;20;243,65;20,70;183,03;Portail web
CMD-104802;12/11/2025;2025-11-15;;CLI-0076;EMP-507;ENT-MTL;BD-1087;19;294,80;23,60;215,66;Téléphone
CMD-102803;31/03/2025;09/04/2025;17-mai-25;CLI-0137;EMP-503;ENT-MTL;BD-1033;4;146,43;21,90;113,22;Représentant
CMD-103073;05/05/2025;2025-05-10;17/06/2025;CLI-0032;EMP-504;ENT-QC;BD-1096;4;281,40;5,00;205,70;Représentant
CMD-102344;06/01/2025;13/01/2025;16-févr-25;CLI-0002;EMP-509;ENT-MTL;BD-1147;3;546,32;8,70;346,92;Portail web
CMD-102934;17/04/2025;2025-04-25;25/06/2025;CLI-0143;EMP-503;ENT-SAG;BD-1063;4;328,23;10,90;247,24;Téléphone
CMD-104711;31/10/2025;09/11/2025;17-déc-25;CLI-0158;EMP-507;ENT-MTL;BD-1116;8;80,87;8,80;60,17;Portail web
CMD-102910;15/04/2025;2025-04-21;01/06/2025;CLI-0168;EMP-509;ENT-QC;BD-1180;2;175,35;7,40;95,30;Portail web
CMD-104412;07/10/2025;13/10/2025;2025-12-04;CLI-0109;EMP-501;ENT-MTL;BD-1146;8;350,36;6,70;225,52;Représentant
CMD-103812;11/08/2025;17/08/2025;02/10/2025;CLI-0136;EMP-507;ENT-MTL;BD-1060;6;338,95;14,40;291,44;Portail web
CMD-103741;01/08/2025;04/08/2025;04-oct-25;CLI-0004;EMP-505;ENT-QC;BD-1013;2;483,03;6,40;315,34;Portail web
CMD-103235;2025-05-23;26/05/2025;25/06/2025;CLI-0012;EMP-501;ENT-MTL;BD-1034;4;194,36;18,20;182,99;Téléphone
CMD-105075;23/12/2025;29/12/2025;;CLI-0209;EMP-508;ENT-MTL;BD-1086;6;109,15;20,80;97,25;Représentant
CMD-104594;22/10/2025;27/10/2025;01-déc-25;CLI-0053;EMP-509;ENT-MTL;BD-1109;3;402,39;12,50;310,20;Représentant
CMD-104746;2025-11-05;09/11/2025;;CLI-0220;EMP-506;ENT-MTL;BD-1109;4;404,64;12,00;310,20;Téléphone
CMD-104855;19/11/2025;24-nov-25;22/12/2025;CLI-0127;EMP-503;ENT-MTL;BD-1133;3;88,43;12,80;62,95;Représentant
CMD-103249;24/05/2025;01/06/2025;;CLI-0144;EMP-502;ENT-MTL;BD-1117;4;133,01;10,20;100,34;Portail web
CMD-103833;13/08/2025;17/08/2025;30/09/2025;CLI-0034;EMP-507;ENT-MTL;BD-1038;8;460,83;16,50;319,94;Téléphone
CMD-102939;17/04/2025;20/04/2025;2025-06-09;CLI-0005;EMP-503;ENT-MTL;BD-1067;12;40,47;2,70;24,27;Représentant
CMD-103845;14-août-25;18/08/2025;27/10/2025;CLI-0048;EMP-508;ENT-MTL;BD-1027;3;411,49;10,20;254,96;Portail web
CMD-104645;27/10/2025;31/10/2025;30/12/2025;CLI-0069;EMP-508;ENT-QC;BD-1128;3;141,43;2,40;78,87;Téléphone
CMD-105101;26/12/2025;2026-01-01;;CLI-0192;EMP-505;ENT-MTL;BD-1129;4;65,43;9,00;46,45;Portail web
CMD-104276;24/09/2025;27/09/2025;2025-11-06;CLI-0127;EMP-503;ENT-MTL;BD-1053;4;284,97;12,90;180,55;Représentant
CMD-103484;23/06/2025;30/06/2025;2025-08-25;CLI-0137;EMP-503;ENT-SAG;BD-1040;7;353,33;19,80;274,41;Représentant
CMD-103711;28/07/2025;04/08/2025;2025-09-28;CLI-0090;EMP-505;ENT-MTL;BD-1003;12;260,37;12,70;227,23;Représentant
CMD-102560;20/02/2025;27-févr-25;11/04/2025;CLI-0217;EMP-506;ENT-QC;BD-1087;6;306,10;20,60;215,66;Portail web
CMD-103868;16-août-25;18/08/2025;22/09/2025;CLI-0163;EMP-505;ENT-MTL;BD-1043;12;509,07;3,50;300,28;Représentant
CMD-103955;26/08/2025;02/09/2025;2025-10-14;CLI-0197;EMP-507;ENT-MTL;BD-1035;12;46,25;4,40;30,63;Portail web
CMD-104420;00/00/0000;2025-10-11;25/10/2025;CLI-0076;EMP-507;ENT-QC;BD-1150;7;512,43;18,10;347,06;Portail web
CMD-104218;18/09/2025;23-sept-25;13/11/2025;CLI-0158;EMP-507;ENT-QC;BD-1083;6;281,49;8,40;189,32;Représentant
CMD-104577;2025-10-20;27/10/2025;28/11/2025;CLI-0185;EMP-508;ENT-QC;BD-1142;3;123,07;24,50;100,93;Représentant
CMD-104225;19-sept-25;28/09/2025;27/10/2025;CLI-0009;EMP-502;ENT-MTL;BD-1176;25;497,06;21,20;328,78;Portail web
CMD-104986;05/12/2025;2025-12-14;;CLI-0034;EMP-507;ENT-QC;BD-1180;3;159,27;15,90;95,30;Représentant
CMD-102728;20/03/2025;25/03/2025;2025-05-04;CLI-0089;EMP-502;ENT-QC;BD-1139;9;266,67;25,70;203,11;Représentant
CMD-102573;24/02/2025;26/02/2025;06/05/2025;CLI-0037;EMP-504;ENT-MTL;BD-1116;26;70,51;20,50;60,17;Portail web
CMD-102692;14/03/2025;2025-03-18;;CLI-0072;EMP-501;ENT-QC;BD-1173;12;342,59;14,10;212,35;Téléphone
CMD-103492;24/06/2025;2025-06-30;21/08/2025;CLI-0123;EMP-501;ENT-SAG;BD-1048;8;45,70;10,70;33,51;Téléphone
CMD-104595;22-oct-25;27/10/2025;29/12/2025;CLI-0174;EMP-502;ENT-QC;BD-1076;6;546,91;2,50;338,68;Représentant
CMD-105082;23/12/2025;28/12/2025;;CLI-0066;EMP-507;ENT-QC;BD-1154;3;471,35;11,80;329,92;Téléphone
CMD-104485;13/10/2025;22/10/2025;;CLI-0029;EMP-506;ENT-MTL;BD-1090;9;75,80;20,90;69,37;Téléphone
CMD-103468;20/06/2025;2025-06-25;26/08/2025;CLI-0164;EMP-509;ENT-QC;BD-1052;2;291,75;5,00;183,03;Courriel
CMD-104827;15/11/2025;19/11/2025;2025-12-20;CLI-0046;EMP-508;ENT-MTL;BD-1120;1;275,57;7,20;186,72;Représentant
CMD-103878;2025-08-18;25/08/2025;28/09/2025;CLI-0073;EMP-501;ENT-QC;BD-1033;8;162,36;13,40;113,22;Représentant
CMD-104208;18/09/2025;2025-09-25;21/11/2025;CLI-0157;EMP-502;ENT-MTL;BD-1055;6;281,54;14,30;213,75;Courriel
CMD-103070;2025-05-03;12/05/2025;26/06/2025;CLI-0137;EMP-503;ENT-SAG;BD-1057;2;22,63;24,20;23,20;Téléphone
CMD-104992;09-déc-25;14/12/2025;;CLI-0029;EMP-506;ENT-MTL;BD-1104;30;90,54;18,20;76,70;Représentant
CMD-103170;16/05/2025;19/05/2025;2025-06-28;CLI-0067;EMP-502;ENT-MTL;BD-1064;2;106,65;14,90;70,89;Représentant
CMD-103439;17-juin-25;20/06/2025;22/07/2025;CLI-0219;EMP-505;ENT-QC;BD-1031;4;502,50;3,30;300,62;Représentant
CMD-103113;2025-05-09;14/05/2025;30/06/2025;CLI-0012;EMP-501;ENT-QC;BD-1030;10;140,51;23,20;119,13;Représentant
CMD-105071;22/12/2025;26-déc-25;;CLI-0217;EMP-506;ENT-QC;BD-1168;18;322,40;19,40;229,43;Téléphone
CMD-104751;05/11/2025;13/11/2025;19/12/2025;CLI-0034;EMP-507;ENT-SAG;BD-1154;6;461,38;13,70;329,92;Courriel
CMD-103684;2025-07-22;24/07/2025;02/10/2025;CLI-0089;EMP-502;ENT-MTL;BD-1174;23;223,38;24,30;169,01;Portail web
CMD-102515;2025-02-12;19/02/2025;27/03/2025;CLI-0009;EMP-502;ENT-QC;BD-1182;12;82,07;24,60;58,06;Courriel
CMD-103902;19/08/2025;27-août-25;15/10/2025;CLI-0012;EMP-501;ENT-MTL;BD-1022;31;345,94;23,90;298,47;Portail web
CMD-102440;25/01/2025;28/01/2025;2025-03-21;CLI-0193;EMP-509;ENT-QC;BD-1158;4;304,37;12,90;184,61;Téléphone
CMD-102931;17/04/2025;2025-04-24;21/06/2025;CLI-0083;EMP-507;ENT-QC;BD-1051;6;120,73;6,90;79,76;Représentant
CMD-104588;2025-10-21;26/10/2025;17/12/2025;CLI-0178;EMP-501;ENT-MTL;BD-1066;12;336,77;2,20;240,06;Salon
CMD-103245;23/05/2025;2025-05-31;18/07/2025;CLI-0211;EMP-504;ENT-SAG;BD-1008;3;204,34;12,60;155,34;Représentant
CMD-104220;18/09/2025;20/09/2025;2025-11-06;CLI-0211;EMP-504;ENT-SAG;BD-1080;8;284,43;14,00;208,57;Portail web
CMD-103675;2025-07-21;25/07/2025;05/09/2025;CLI-0119;EMP-503;ENT-QC;BD-1045;8;122,39;6,60;78,37;Portail web
CMD-104441;08/10/2025;11/10/2025;2025-11-28;CLI-0016;EMP-505;ENT-MTL;BD-1175;2;157,66;7,10;96,85;Portail web
CMD-104626;24/10/2025;01/11/2025;23-nov-25;CLI-0132;EMP-507;ENT-SAG;BD-1157;8;46,49;11,20;25,21;Représentant
CMD-104435;08/10/2025;2025-10-10;16/11/2025;CLI-0061 ;EMP-503;ENT-SAG;BD-1156;4;264,96;12,30;164,64;Représentant
CMD-104400;06/10/2025;11/10/2025;2025-11-28;CLI-0087;EMP-502;ENT-QC;BD-1131;12;56,55;15,60;37,08;Représentant
CMD-102603;03/03/2025;2025-03-12;21/04/2025;CLI-0212;EMP-507;ENT-QC;BD-1115;2;59,42;20,40;47,23;Téléphone
CMD-104673;29/10/2025;06/11/2025;29/12/2025;CLI-0059;EMP-504;ENT-QC;BD-1082;8;356,69;24,90;335,40;Téléphone
CMD-104287;25/09/2025;2025-09-27;24/11/2025;CLI-0012;EMP-501;ENT-SAG;BD-1178;2;160,83;21,70;119,43;Représentant
CMD-104080;08/09/2025;17/09/2025;03/10/2025;CLI-0111;EMP-507;ENT-QC;BD-1118;3;472,59;4,90;343,17;Portail web
CMD-103667;18-juil-25;22/07/2025;23/08/2025;CLI-0032;EMP-504;ENT-QC;BD-1058;24;233,80;4,50;149,54;Téléphone
CMD-102444;27/01/2025;2025-02-04;30/03/2025;CLI-0200;EMP-509;ENT-QC;BD-1182;4;93,09;14,50;58,06;Représentant
CMD-104081;08/09/2025;2025-09-14;;CLI-0137;EMP-503;ENT-MTL;BD-1037;5;24,16;19,30;16,65;Téléphone
CMD-104776;2025-11-10;18/11/2025;;CLI-0111;EMP-507;ENT-SAG;BD-1167;2;356,20;4,00;209,73;Portail web
CMD-103402;12/06/2025;2025-06-21;25/07/2025;CLI-0076;EMP-507;ENT-SAG;BD-1035;6;39,24;18,90;30,63;Portail web
CMD-104870;20/11/2025;2025-11-29;;CLI-0118;EMP-504;ENT-SAG;BD-1128;1;121,73;16,00;78,87;Représentant
CMD-103301;2025-05-30;08/06/2025;11/07/2025;CLI-0025;EMP-509;ENT-MTL;BD-1115;24;62,32;16,50;47,23;Représentant
CMD-102437;24/01/2025;01/02/2025;2025-03-21;CLI-0136;EMP-507;ENT-SAG;BD-1138;4;123,14;16,40;88,19;Représentant
CMD-104719;01/11/2025;05-nov-25;24/12/2025;CLI-0144;EMP-502;ENT-SAG;BD-1154;6;479,35;10,30;329,92;Représentant
CMD-103007;26/04/2025;03-mai-25;08/06/2025;CLI-0160;EMP-508;ENT-MTL;BD-1030;2;172,88;5,60;100,96;Téléphone
CMD-102735;21/03/2025;30/03/2025;2025-05-07;CLI-0140;EMP-502;ENT-MTL;BD-1171;8;151,16;4,50;85,46;Courriel
CMD-103879;18/08/2025;23/08/2025;2025-11-01;CLI-0058;EMP-508;ENT-QC;BD-1041;24;248,22;2,10;163,24;Représentant
CMD-102783;28/03/2025;2025-04-01;29/04/2025;CLI-0210;EMP-503;ENT-MTL;BD-1159;4;268,18;7,20;169,65;Téléphone
CMD-103329;03/06/2025;07/06/2025;2025-07-25;CLI-0133;EMP-508;ENT-QC;BD-1056;2;427,22;13,10;293,14;Représentant
CMD-104974;04/12/2025;11/12/2025;;CLI-0190;EMP-504;ENT-MTL;BD-1085;1;63,28;5,80;49,28;Portail web
CMD-103991;30-août-25;02/09/2025;09/10/2025;CLI-0209;EMP-508;ENT-QC;BD-1037;20;22,59;24,50;16,65;Représentant
CMD-103746;02/08/2025;2025-08-10;21/09/2025;CLI-0074;EMP-507;ENT-MTL;BD-1051;8;100,14;22,80;79,76;Téléphone
CMD-105054;2025-12-19;23/12/2025;;CLI-0182;EMP-503;ENT-QC;BD-1142;4;143,62;11,90;100,93;Portail web
CMD-103941;25/08/2025;03/09/2025;22/10/2025;CLI-0186;EMP-507;ENT-SAG;BD-1040;3;414,97;5,80;274,41;Représentant
CMD-104450;09/10/2025;15/10/2025;22-déc-25;CLI-0114;EMP-502;ENT-MTL;BD-1076;4;530,53;5,40;338,68;Portail web
CMD-104334;30-sept-25;03/10/2025;23/11/2025;CLI-0137;EMP-503;ENT-QC;BD-1128;17;111,50;23,00;78,87;Représentant
CMD-103744;2025-08-02;05/08/2025;02/10/2025;CLI-0025;EMP-509;ENT-SAG;BD-1051;4;112,77;13,00;79,76;Salon
CMD-104498;13/10/2025;2025-10-22;16/11/2025;CLI-0017;EMP-507;ENT-MTL;BD-1181;3;552,32;11,60;312,40;Téléphone
CMD-103513;26/06/2025;30-juin-25;11/08/2025;CLI-0181;EMP-504;ENT-MTL;BD-1077;4;317,77;7,10;171,09;Portail web
CMD-103797;08-août-25;13/08/2025;11/10/2025;CLI-0093;EMP-508;ENT-SAG;BD-1009;2;89,13;15,30;67,67;Représentant
CMD-104357;01-oct-25;08/10/2025;08/12/2025;CLI-0009;EMP-502;ENT-QC;BD-1047;8;80,99;24,00;71,53;Représentant
CMD-104392;03/10/2025;2025-10-12;;CLI-0012;EMP-501;ENT-MTL;BD-1098;22;344,43;21,90;309,76;Représentant
CMD-104736;04/11/2025;09/11/2025;08/12/2025;CLI-0118;EMP-504;ENT-QC;BD-1146;2;316,83;15,60;225,52;Représentant
CMD-104590;21/10/2025;2025-10-26;24/12/2025;cli-0084;EMP-503;ENT-SAG;BD-1065;6;222,47;10,80;155,19;Représentant
CMD-104184;17/09/2025;2025-09-25;11/11/2025;CLI-0137;EMP-503;ENT-QC;BD-1094;19;152,90;25,00;124,30;Représentant
CMD-103848;14/08/2025;19/08/2025;11-oct-25;CLI-0080;EMP-506;ENT-MTL;BD-1062;24;154,37;14,10;135,59;Téléphone
CMD-103625;2025-07-11;16/07/2025;;CLI-0198;EMP-504;ENT-SAG;BD-1106;4;511,56;3,60;340,08;Téléphone
CMD-103083;06/05/2025;11/05/2025;26-juin-25;CLI-0130;EMP-508;ENT-MTL;BD-1056;7;398,23;19,00;293,14;Téléphone
CMD-104501;14/10/2025;2025-10-22;04/12/2025;CLI-0056;EMP-502;ENT-MTL;BD-1148;14;367,10;20,20;302,28;Représentant
CMD-103101;2025-05-07;14/05/2025;28/06/2025;CLI-0001;EMP-508;ENT-MTL;BD-1101;12;99,70;8,10;75,83;Représentant
CMD-104605;23/10/2025;31/10/2025;;CLI-0059;EMP-504;ENT-SAG;BD-1146;18;290,31;22,70;225,52;Portail web
CMD-102768;27/03/2025;04/04/2025;2025-05-21;CLI-0044;EMP-505;ENT-QC;BD-1088;6;527,93;16,20;342,90;
CMD-103922;21/08/2025;29-août-25;22/10/2025;CLI-0096;EMP-504;ENT-SAG;BD-1011;6;485,60;7,50;294,52;Portail web
CMD-104884;2025-11-21;28/11/2025;;CLI-0190;EMP-504;ENT-MTL;BD-1139;3;350,60;2,30;203,11;Représentant
CMD-103240;23/05/2025;01/06/2025;2025-06-30;CLI-0056;EMP-502;ENT-MTL;BD-1116;8;68,17;23,10;60,17;Représentant
CMD-104507;2025-10-14;19/10/2025;29/11/2025;CLI-0157;EMP-502;ENT-MTL;BD-1135;4;64,89;11,50;40,73;Représentant
CMD-102695;14/03/2025;18/03/2025;2025-05-07;CLI-0138;EMP-506;ENT-MTL;BD-1166;6;385,00;7,30;217,35;Représentant
CMD-103556;01-juil-25;06/07/2025;;CLI-0131;EMP-502;ENT-MTL;BD-1045;2;115,67;11,80;78,37;Téléphone
CMD-102500;08/02/2025;13-févr-25;31/03/2025;CLI-0059;EMP-504;ENT-QC;BD-1172;34;342,84;18,10;221,22;Téléphone
CMD-103126;2025-05-09;13/05/2025;10/07/2025;CLI-0195;EMP-506;ENT-QC;BD-1021;1;323,06;11,20;242,82;Courriel
CMD-102777;27-mars-25;01/04/2025;05/05/2025;CLI-0009;EMP-502;ENT-SAG;BD-1083;36;239,12;22,20;160,44;Téléphone
CMD-102842;04/04/2025;11/04/2025;2025-05-27;CLI-0090 ;EMP-505;ENT-MTL;BD-1047;4;94,78;11,10;71,53;Portail web
CMD-103758;05/08/2025;14-août-25;14/10/2025;CLI-0137;EMP-503;ENT-QC;BD-1007;6;77,66;24,80;57,14;Portail web
CMD-104139;12/09/2025;2025-09-20;30/10/2025;CLI-0112;EMP-505;ENT-QC;BD-1051;12;113,28;12,70;79,76;Représentant
CMD-104512;14/10/2025;17/10/2025;;CLI-0147;EMP-506;ENT-MTL;BD-1103;8;220,42;3,20;154,84;Représentant
CMD-103015;2025-04-28;06/05/2025;20/06/2025;CLI-0057;EMP-507;ENT-QC;BD-1047;24;94,63;11,20;71,53;Représentant
CMD-102677;2025-03-12;18/03/2025;10/05/2025;CLI-0208;EMP-507;ENT-MTL;BD-1098;1;392,48;11,00;262,51;Portail web
CMD-103146;2025-05-13;17/05/2025;16/06/2025;CLI-0085;EMP-503;ENT-MTL;BD-1182;6;106,31;2,30;58,06;Représentant
CMD-102836;2025-04-04;11/04/2025;13/05/2025;CLI-0202;EMP-504;ENT-QC;BD-1148;6;444,97;3,20;302,28;Représentant
CMD-102960;2025-04-21;27/04/2025;13/06/2025;CLI-0009;EMP-502;ENT-MTL;BD-1126;12;161,65;20,10;133,03;Téléphone
CMD-102930;17/04/2025;22-avr-25;19/06/2025;CLI-0136;EMP-507;ENT-SAG;BD-1180;4;168,61;10,90;95,30;Représentant
CMD-102788;2025-03-28;01/04/2025;19/05/2025;CLI-0037;EMP-504;ENT-SAG;BD-1175;4;133,96;21,10;96,85;Représentant
CMD-103833;13/08/2025;17/08/2025;30-sept-25;CLI-0034;EMP-507;ENT-MTL;BD-1014;1;37,32;16,50;27,18;Téléphone
CMD-102691;14/03/2025;22/03/2025;29-avr-25;CLI-0206;EMP-503;ENT-MTL;BD-1017;8;468,47;16,90;313,71;Représentant
CMD-102866;08/04/2025;17/04/2025;18/05/2025;CLI-0018;EMP-503;ENT-SAG;BD-1057;6;28,31;5,10;19,66;Représentant
CMD-104652;27/10/2025;29/10/2025;04/12/2025;CLI-0091;EMP-504;ENT-MTL;BD-1146;3;350,55;6,70;225,52;Représentant
CMD-104346;30/09/2025;07/10/2025;26-nov-25;CLI-0209;EMP-508;ENT-SAG;BD-1029;15;293,26;25,20;243,45;Courriel
CMD-103827;12-août-25;20/08/2025;05/09/2025;CLI-0049;EMP-508;ENT-QC;BD-1003;8;248,94;16,50;227,23;Téléphone
CMD-103776;2025-08-06;15/08/2025;;CLI-0117;EMP-504;ENT-QC;BD-1159;8;278,81;3,50;169,65;Téléphone
CMD-102843;04/04/2025;06/04/2025;2025-06-07;CLI-0134;EMP-509;ENT-MTL;BD-1061;2;113,33;4,10;76,81;Portail web
CMD-104297;2025-09-26;28/09/2025;;CLI-0037;EMP-504;ENT-MTL;BD-1114;12;205,00;18,80;152,73;Portail web
CMD-104772;08-nov-25;17/11/2025;22/12/2025;CLI-0006;EMP-505;ENT-MTL;BD-1131;6;59,75;10,90;37,08;Portail web
CMD-104749;05/11/2025;07/11/2025;;CLI-0079;EMP-509;ENT-MTL;BD-1067;12;40,12;3,60;28,64;Portail web
CMD-104831;17/11/2025;25/11/2025;;CLI-0012;EMP-501;ENT-SAG;BD-1177;12;319,21;21,70;215,66;Représentant
CMD-105078;23/12/2025;29/12/2025;;CLI-0137;EMP-503;ENT-QC;BD-1168;17;325,01;18,70;229,43;Représentant
CMD-103869;16/08/2025;2025-08-22;21/09/2025;CLI-0111;EMP-507;ENT-QC;BD-1037;4;28,49;4,80;16,65;Portail web
CMD-102601;03/03/2025;06/03/2025;18-mai-25;CLI-0068;EMP-505;ENT-MTL;BD-1090;2;91,37;4,70;58,79;Représentant
CMD-103177;16/05/2025;21-mai-25;09/07/2025;CLI-0029;EMP-506;ENT-QC;BD-1042;38;359,64;18,50;267,02;Téléphone
CMD-102557;20/02/2025;28-févr-25;05/04/2025;CLI-0056;EMP-502;ENT-MTL;BD-1181;32;478,24;23,50;312,40;Portail web
CMD-104748;2025-11-05;13/11/2025;26/12/2025;CLI-0198;EMP-504;ENT-MTL;BD-1035;6;46,38;4,10;30,63;Courriel
CMD-104404;06/10/2025;10-oct-25;20/10/2025;CLI-0069;EMP-508;ENT-QC;BD-1138;8;139,68;5,20;88,19;Téléphone
CMD-103389;11/06/2025;16/06/2025;03/08/2025;CLI-0108;EMP-503;ENT-QC;BD-1007;8;0,00;17,00;57,14;Portail web
CMD-102443;27-janv-25;01/02/2025;15/03/2025;CLI-0116;EMP-509;ENT-QC;BD-1146;4;329,05;12,40;225,52;Téléphone
CMD-104781;10/11/2025;19/11/2025;2025-12-25;CLI-0048;EMP-508;ENT-MTL;BD-1143;3;326,14;13,10;220,45;Portail web
CMD-103555;2025-07-01;09/07/2025;03/08/2025;CLI-0008;EMP-506;ENT-QC;BD-1124;6;247,47;2,90;153,77;Salon
CMD-102691;14/03/2025;22/03/2025;2025-04-29;CLI-0206;EMP-503;ENT-MTL;BD-1158;4;290,42;16,90;184,61;Portail web
CMD-104442;2025-10-08;17/10/2025;18/11/2025;CLI-0173;EMP-508;ENT-MTL;BD-1095;3;86,89;16,20;64,62;Portail web
CMD-102493;06/02/2025;2025-02-08;11/04/2025;CLI-0209;EMP-508;ENT-SAG;BD-1173;27;326,46;18,10;212,35;Portail web
CMD-103736;01/08/2025;07-août-25;11/09/2025;CLI-0211;EMP-504;ENT-QC;BD-1022;3;407,16;10,40;298,47;Représentant

TOTAL GENERAL;;;;;;;;;;;;
Export du 31/12/2025 - Boréal Distribution inc.;;;;;;;;;;;;
