date_photo,code_entrepot,code_article,quantite_en_stock,cout_unitaire,seuil_minimum
2024-02-29,ENT-SAG,BD-1141,14,307.78,4
2025-03-31,ENT-SAG,BD-1136,16,112.45,5
2025-10-31,ENT-QC,BD-1028,13,143.73,14
2024-11-30,ENT-SAG,BD-1108,15,166.46,6
2024-01-31,ENT-SAG,BD-1141,16,307.78,4
2024-03-31,ENT-SAG,BD-1131,21,36.32,6
2024-12-31,ENT-SAG,BD-1169,38,276.47,6
2025-02-28,ENT-SAG,BD-1102,7,260.69,4
2025-07-31,ENT-SAG,BD-1172,26,221.22,5
2025-06-30,ENT-QC,BD-1061,91,76.81,18
2024-07-31,ENT-QC,BD-1152,12,265.82,10
2024-09-30,ENT-MTL,BD-1027,12,249.72,14
2024-10-31,ENT-MTL,BD-1118,0,336.11,12
2025-06-30,ENT-QC,BD-1178,35,119.43,17
2025-09-30,ENT-SAG,BD-1033,15,113.22,6
2024-06-30,ENT-MTL,BD-1107,60,147.44,13
2025-04-30,ENT-SAG,BD-1160,44,41.56,6
2024-08-31,ENT-MTL,BD-1066,39,199.26,9
2024-01-31,ENT-MTL,BD-1057,22,19.26,16
2025-10-31,ENT-MTL,BD-1056,12,293.14,18
2024-07-31,ENT-QC,BD-1034,63,151.89,13
2024-07-31,ENT-MTL,BD-1108,10,166.46,13
2025-09-30,ENT-MTL,BD-1029,13,243.45,10
2024-03-31,ENT-MTL,BD-1058,72,146.46,17
2025-10-31,ENT-QC,BD-1067,73,28.64,14
2024-04-30,ENT-QC,BD-1063,101,242.15,21
2025-11-30,ENT-SAG,BD-1080,61,208.57,5
2024-05-31,ENT-QC,BD-1060,99,241.90,17
2024-09-30,ENT-QC,BD-1167,22,205.42,13
2025-08-31,ENT-QC,BD-1083,65,189.32,11
2025-03-31,ENT-QC,BD-1146,9,225.52,14
2025-10-31,ENT-SAG,BD-1099,88,346.57,5
2024-09-30,ENT-QC,BD-1098,97,257.11,15
2025-05-31,ENT-MTL,BD-1169,29,282.28,13
2025-02-28,ENT-QC,BD-1018,10,247.17,6
2025-11-30,ENT-QC,BD-1017,14,313.71,14
2025-04-30,ENT-QC,BD-1078,5,201.79,9
2025-11-30,ENT-QC,BD-1008,11,155.34,10
2024-05-31,ENT-QC,BD-1157,42,24.69,13
2025-09-30,ENT-QC,BD-1106,3,340.08,14
2024-06-30,ENT-MTL,BD-1123,63,129.56,13
2025-08-31,ENT-MTL,BD-1182,27,58.06,13
2024-05-31,ENT-MTL,BD-1083,6,157.14,10
2025-05-31,ENT-MTL,BD-1067,14,28.64,13
2025-04-30,ENT-MTL,BD-1135,28,40.73,14
2024-02-29,ENT-SAG,BD-1074,15,108.27,5
2025-03-31,ENT-QC,BD-1008,9,131.65,10
2024-12-31,ENT-QC,BD-1079,12,144.83,12
2024-12-31,ENT-QC,BD-1036,27,159.06,19
2024-10-31,ENT-SAG,BD-1036,39,159.06,8
2024-03-31,ENT-MTL,BD-1157,28,24.69,12
2025-04-30,ENT-SAG,BD-1163,30,300.77,4
2025-01-31,ENT-QC,BD-1145,35,111.12,16
2025-06-30,ENT-SAG,BD-1050,117,297.82,8
2025-01-31,ENT-QC,BD-1180,45,95.30,15
2025-02-28,ENT-SAG,BD-1002,0,298.72,3
2025-06-30,ENT-SAG,BD-1141,21,314.24,4
2024-11-30,ENT-MTL,BD-9931,23,32.44,15
2024-12-31,ENT-SAG,BD-1055,18,209.35,7
2024-03-31,ENT-MTL,BD-1057,85,19.26,16
2025-08-31,ENT-QC,BD-1108,11,169.96,14
2025-02-28,ENT-QC,BD-1139,17,203.11,17
2025-04-30,ENT-SAG,BD-1028,94,143.73,6
2025-07-31,ENT-MTL,BD-1175,36,96.85,16
2024-11-30,ENT-QC,BD-1067,68,23.77,14
2025-09-30,ENT-MTL,BD-1023,7,244.32,13
2024-03-31,ENT-SAG,BD-1103,11,151.66,5
2025-04-30,ENT-QC,BD-1132,6,128.45,14
2025-05-31,ENT-QC,BD-1005,78,208.35,13
2025-04-30,ENT-SAG,BD-1136,9,112.45,5
2024-04-30,ENT-QC,BD-1147,17,339.78,10
2025-12-31,ENT-SAG,BD-1150,84,347.06,6
2025-01-31,ENT-SAG,BD-1037,39,16.65,9
2024-12-31,ENT-SAG,BD-1054,8,257.53,7
2024-01-31,ENT-SAG,BD-1016,19,219.41,4
2024-06-30,ENT-SAG,BD-1083,27,157.14,4
2025-01-31,ENT-MTL,BD-1032,14,347.11,12
2024-11-30,ENT-MTL,BD-1039,25,119.66,18
2024-12-31,ENT-MTL,BD-1095,9,53.64,7
2025-08-31,ENT-SAG,BD-1177,25,215.66,5
2024-06-30,ENT-QC,BD-1072,23,196.62,13
2025-01-31,ENT-QC,BD-1165,15,107.92,12
2025-10-31,ENT-MTL,BD-1109,4,310.20,10
2024-02-29,ENT-SAG,BD-1083,12,157.14,4
2024-04-30,ENT-QC,BD-1130,2,317.23,14
2024-04-30,ENT-SAG,BD-1126,60,130.29,5
2025-02-28,ENT-MTL,BD-1113,11,281.81,9
2025-04-30,ENT-SAG,BD-1089,1,160.95,5
2024-03-31,ENT-SAG,BD-1137,0,25.06,5
2024-02-29,ENT-SAG,BD-1179,31,226.59,5
2025-08-31,ENT-SAG,BD-1132,15,128.45,6
2024-03-31,ENT-QC,BD-1049,110,30.58,18
2024-11-30,ENT-MTL,BD-1067,57,23.77,13
2024-09-30,ENT-MTL,BD-1092,68,140.04,14
2025-04-30,ENT-SAG,BD-1051,124,79.76,8
2025-10-31,ENT-SAG,BD-1179,46,231.35,5
2025-10-31,ENT-SAG,BD-1127,79,174.31,6
2025-05-31,ENT-QC,BD-1106,62,340.08,14
2025-01-31,ENT-MTL,BD-1057,4,19.66,16
2025-08-31,ENT-QC,BD-1013,8,315.34,12
2024-06-30,ENT-QC,BD-1102,2,255.33,10
2025-09-30,ENT-QC,BD-1046,21,372.17,17
2024-10-31,ENT-QC,BD-1173,45,207.98,16
2024-06-30,ENT-QC,BD-1098,16,257.11,15
2025-09-30,ENT-MTL,BD-1043,10,300.28,14
2025-11-30,ENT-QC,BD-1041,3,163.24,16
2024-07-31,ENT-SAG,BD-1036,123,159.06,8
2024-06-30,ENT-MTL,BD-1156,14,161.25,11
2024-03-31,ENT-QC,BD-1127,16,170.72,15
2025-07-31,ENT-MTL,BD-1124,6,153.77,12
2025-12-31,ENT-SAG,BD-1148,86,302.28,5
2024-07-31,ENT-QC,BD-1015,78,318.69,14
2024-11-30,ENT-SAG,BD-1092,89,140.04,6
2024-08-31,ENT-SAG,BD-1108,17,166.46,6
2024-09-30,ENT-MTL,BD-1086,60,80.72,11
2024-08-31,ENT-QC,BD-1117,11,98.28,10
2024-03-31,ENT-QC,BD-1173,28,207.98,16
2025-07-31,ENT-MTL,BD-1086,13,97.25,11
2025-06-30,ENT-SAG,BD-1120,81,186.72,5
2024-12-31,ENT-QC,BD-1159,42,166.16,20
2024-01-31,ENT-MTL,BD-1068,15,284.28,12
2025-07-31,ENT-MTL,BD-1055,94,213.75,15
2025-02-28,ENT-SAG,BD-1124,1,153.77,5
2024-03-31,ENT-QC,BD-1125,16,285.25,12
2025-03-31,ENT-MTL,BD-1153,9,116.00,10
2025-06-30,ENT-MTL,BD-1146,2,225.52,14
2025-09-30,ENT-MTL,BD-1038,19,319.94,20
2025-01-31,ENT-QC,BD-1010,0,88.91,12
2024-06-30,ENT-MTL,BD-1069,12,198.50,11
2024-12-31,ENT-SAG,BD-1099,10,287.66,5
2025-01-31,ENT-QC,BD-1051,23,79.76,18
2025-06-30,ENT-QC,BD-1131,12,37.08,14
2024-08-31,ENT-SAG,BD-1074,92,108.27,5
2025-09-30,ENT-SAG,BD-1027,28,254.96,6
2024-02-29,ENT-QC,BD-1165,40,105.70,12
2024-11-30,ENT-QC,BD-1159,52,166.16,20
2024-12-31,ENT-QC,BD-1058,0,146.46,18
2025-05-31,ENT-QC,BD-1161,24,64.16,14
2025-05-31,ENT-QC,BD-1166,37,217.35,13
2024-06-30,ENT-QC,BD-1082,19,278.39,11
2025-11-30,ENT-QC,BD-1116,19,60.17,16
2025-10-31,ENT-QC,BD-1156,58,164.64,12
2024-07-31,ENT-MTL,BD-1165,18,105.70,12
2025-03-31,ENT-QC,BD-1013,11,315.34,12
2024-09-30,ENT-MTL,BD-1113,2,276.01,9
2025-09-30,ENT-QC,BD-1026,11,246.82,11
2025-02-28,ENT-QC,BD-1060,23,246.98,17
2025-03-31,ENT-QC,BD-1031,5,300.62,14
2024-02-29,ENT-MTL,BD-1021,0,201.55,11
2024-12-31,ENT-MTL,BD-1033,11,110.89,13
2025-02-28,ENT-QC,BD-1143,8,220.45,13
2025-07-31,ENT-SAG,BD-1162,51,68.38,6
2024-08-31,ENT-QC,BD-1104,7,75.12,11
2025-07-31,ENT-MTL,BD-1083,13,189.32,10
2025-07-31,ENT-MTL,BD-1139,15,203.11,16
2025-08-31,ENT-SAG,BD-1148,0,302.28,5
2025-05-31,ENT-SAG,BD-1156,13,164.64,5
2025-04-30,ENT-QC,BD-1156,5,164.64,12
2025-08-31,ENT-MTL,BD-1080,48,208.57,11
2024-09-30,ENT-QC,BD-1182,30,56.87,14
2024-01-31,ENT-QC,BD-1148,13,296.06,12
2024-11-30,ENT-QC,BD-1068,59,284.28,13
2025-02-28,ENT-MTL,BD-1077,6,171.09,13
2024-12-31,ENT-SAG,BD-1116,0,58.93,7
2024-12-31,ENT-QC,BD-1064,30,69.43,15
2025-11-30,ENT-MTL,BD-1042,17,267.02,22
2025-09-30,ENT-QC,BD-1002,6,298.72,7
2025-09-30,ENT-QC,BD-1110,11,182.67,12
2024-06-30,ENT-QC,BD-1124,84,150.61,12
2025-07-31,ENT-MTL,BD-1154,3,329.92,12
2024-10-31,ENT-QC,BD-1141,57,307.78,10
2024-08-31,ENT-QC,BD-1128,1,77.25,10
2025-09-30,ENT-SAG,BD-1068,89,342.49,5
2025-03-31,ENT-QC,BD-1116,4,60.17,16
2024-02-29,ENT-SAG,BD-1100,6,306.44,4
2025-08-31,ENT-QC,BD-1057,89,23.20,17
2025-11-30,ENT-QC,BD-1045,13,78.37,16
2024-09-30,ENT-MTL,BD-1105,0,166.12,11
2024-07-31,ENT-SAG,BD-1009,42,66.28,3
2024-07-31,ENT-SAG,BD-1050,78,291.69,8
2025-09-30,ENT-QC,BD-1064,15,70.89,15
2025-04-30,ENT-QC,BD-1072,13,200.75,13
2025-06-30,ENT-QC,BD-1087,0,215.66,15
2025-05-31,ENT-QC,BD-1086,2,97.25,12
2025-11-30,ENT-QC,BD-1092,66,168.72,15
2025-04-30,ENT-QC,BD-1035,70,30.63,19
2025-01-31,ENT-QC,BD-1169,21,282.28,14
2025-08-31,ENT-MTL,BD-1054,68,262.94,16
2025-09-30,ENT-MTL,BD-1032,4,409.59,12
2024-06-30,ENT-SAG,BD-1160,69,40.71,6
2025-02-28,ENT-QC,BD-1129,16,46.45,20
2025-04-30,ENT-MTL,BD-1128,10,78.87,10
2024-09-30,ENT-MTL,BD-1149,70,108.85,17
2025-05-31,ENT-MTL,BD-1173,40,212.35,15
2025-08-31,ENT-MTL,BD-1121,3,44.65,9
2025-01-31,ENT-QC,BD-1117,0,100.34,10
2024-07-31,ENT-QC,BD-1083,9,157.14,11
2025-03-31,ENT-SAG,BD-1107,15,150.54,6
2024-04-30,ENT-MTL,BD-1157,12,24.69,12
2025-03-31,ENT-QC,BD-1012,0,69.62,11
2025-08-31,ENT-QC,BD-1117,0,100.34,10
2024-09-30,ENT-SAG,BD-1143,72,215.92,5
2025-06-30,ENT-MTL,BD-1137,5,25.59,13
2025-03-31,ENT-MTL,BD-1036,91,162.40,18
2024-09-30,ENT-QC,BD-1160,20,40.71,15
2024-09-30,ENT-SAG,BD-1109,17,303.82,4
2025-06-30,ENT-MTL,BD-1079,6,147.87,12
2025-11-30,ENT-MTL,BD-1146,51,225.52,14
2024-12-31,ENT-MTL,BD-1164,11,98.38,10
2024-12-31,ENT-MTL,BD-1124,0,150.61,12
2025-03-31,ENT-QC,BD-1069,13,202.67,12
2025-03-31,ENT-QC,BD-1140,9,41.26,12
2024-09-30,ENT-MTL,BD-1002,1,292.58,7
2024-01-31,ENT-SAG,BD-1178,44,116.97,7
2024-01-31,ENT-SAG,BD-1167,25,205.42,5
2025-11-30,ENT-QC,BD-1034,14,182.99,13
2025-03-31,ENT-QC,BD-1007,10,57.14,10
2025-01-31,ENT-QC,BD-1034,8,155.08,13
2024-08-31,ENT-MTL,BD-1067,60,23.77,13
2024-11-30,ENT-QC,BD-1030,17,98.88,11
2024-02-29,ENT-MTL,BD-1040,9,268.77,17
2025-09-30,ENT-MTL,BD-1048,13,33.51,15
2025-07-31,ENT-QC,BD-1074,4,130.44,13
2025-10-31,ENT-QC,BD-1091,72,336.22,11
2024-05-31,ENT-QC,BD-1137,0,25.06,13
2025-02-28,ENT-SAG,BD-1177,47,215.66,5
2024-11-30,ENT-QC,BD-1043,26,294.10,15
2025-03-31,ENT-QC,BD-1091,18,284.93,11
2025-02-28,ENT-SAG,BD-1094,11,124.30,5
2024-11-30,ENT-SAG,BD-1019,15,170.21,5
2025-04-30,ENT-QC,BD-1135,6,40.73,15
2025-02-28,ENT-MTL,BD-1002,6,298.72,7
2024-02-29,ENT-MTL,BD-1041,10,159.88,15
2025-07-31,ENT-SAG,BD-1118,13,343.17,5
2024-04-30,ENT-SAG,BD-9834,10,128.81,5
2024-11-30,ENT-QC,BD-1024,9,185.46,12
2025-01-31,ENT-MTL,BD-1156,6,164.64,11
2024-09-30,ENT-MTL,BD-1058,18,146.46,17
2025-02-28,ENT-MTL,BD-1167,23,209.73,12
2025-10-31,ENT-QC,BD-1002,8,298.72,7
2025-01-31,ENT-MTL,BD-1083,8,160.44,10
2025-03-31,ENT-MTL,BD-1048,62,33.51,15
2024-01-31,ENT-MTL,BD-1008,8,128.94,9
2024-04-30,ENT-MTL,BD-1056,94,287.11,18
2025-05-31,ENT-MTL,BD-1152,7,271.40,9
2024-02-29,ENT-QC,BD-1057,14,19.26,17
2024-09-30,ENT-QC,BD-1021,5,201.55,12
2024-02-29,ENT-QC,BD-1136,19,110.14,12
2025-05-31,ENT-MTL,BD-1142,12,100.93,10
2025-09-30,ENT-QC,BD-1048,6,33.51,16
2025-08-31,ENT-SAG,BD-1112,4,67.02,5
2024-04-30,ENT-SAG,BD-1050,116,291.69,8
2025-11-30,ENT-MTL,BD-1176,23,328.78,16
2024-07-31,ENT-MTL,BD-1090,6,57.58,11
2024-11-30,ENT-QC,BD-1052,0,179.27,17
2024-02-29,ENT-MTL,BD-1128,17,77.25,10
2025-06-30,ENT-MTL,BD-1127,10,174.31,14
2025-07-31,ENT-MTL,BD-1085,7,49.28,9
2024-01-31,ENT-SAG,BD-1026,16,241.74,4
2025-06-30,ENT-QC,BD-1169,46,282.28,14
2024-04-30,ENT-SAG,BD-1008,65,128.94,4
2024-09-30,ENT-SAG,BD-1055,25,209.35,7
2024-10-31,ENT-QC,BD-1043,0,294.10,15
2024-08-31,ENT-QC,BD-1154,5,323.13,13
2025-04-30,ENT-QC,BD-1093,7,134.96,10
2024-10-31,ENT-MTL,BD-1077,63,167.57,13
2024-12-31,ENT-SAG,BD-1126,0,130.29,5
2025-01-31,ENT-QC,BD-1061,24,76.81,18
2024-07-31,ENT-QC,BD-1099,25,287.66,12
2025-01-31,ENT-MTL,BD-1163,13,300.77,10
2025-04-30,ENT-QC,BD-1048,83,33.51,16
2025-09-30,ENT-MTL,BD-1109,8,310.20,10
2025-12-31,ENT-QC,BD-1137,86,25.59,13
2025-09-30,ENT-MTL,BD-1108,3,169.96,13
2025-12-31,ENT-QC,BD-1096,15,205.70,10
2024-11-30,ENT-QC,BD-1082,52,278.39,11
2024-01-31,ENT-QC,BD-1049,34,30.58,18
2025-08-31,ENT-SAG,BD-1097,83,253.06,5
2024-01-31,ENT-QC,BD-1084,14,312.00,12
2024-07-31,ENT-QC,BD-1103,8,151.66,13
2024-08-31,ENT-QC,BD-1106,13,333.09,14
2025-02-28,ENT-QC,BD-1105,11,169.61,12
2025-04-30,ENT-MTL,BD-1126,65,133.03,12
2024-05-31,ENT-MTL,BD-1071,4,301.72,15
2025-03-31,ENT-QC,BD-1149,29,111.14,18
2024-04-30,ENT-MTL,BD-1106,60,333.09,13
2025-03-31,ENT-QC,BD-1153,11,116.00,11
2025-06-30,ENT-MTL,BD-1108,61,169.96,13
2025-08-31,ENT-MTL,BD-1168,28,229.43,12
2024-07-31,ENT-QC,BD-1110,10,178.91,12
2025-02-28,ENT-QC,BD-1172,20,221.22,13
2024-05-31,ENT-QC,BD-1143,2,215.92,13
2025-08-31,ENT-QC,BD-1054,101,262.94,17
2025-12-31,ENT-SAG,BD-1082,13,335.40,4
2025-10-31,ENT-MTL,BD-1096,48,205.70,10
2025-07-31,ENT-QC,BD-1143,9,220.45,13
2024-12-31,ENT-SAG,BD-1033,38,110.89,6
2025-06-30,ENT-QC,BD-1111,67,148.90,12
2024-03-31,ENT-QC,BD-1066,8,199.26,10
2024-08-31,ENT-QC,BD-1176,52,322.02,17
2025-09-30,ENT-QC,BD-1063,13,247.24,21
2025-12-31,ENT-MTL,BD-1055,25,213.75,15
2024-11-30,ENT-MTL,BD-1068,60,284.28,12
2025-06-30,ENT-MTL,BD-1023,53,244.32,13
2025-06-30,ENT-MTL,BD-1004,57,158.83,10
2025-10-31,ENT-QC,BD-1063,13,247.24,21
2024-08-31,ENT-SAG,BD-1068,74,284.28,5
2024-03-31,ENT-MTL,BD-1125,16,285.25,11
2024-10-31,ENT-QC,BD-1093,55,132.18,10
2025-05-31,ENT-QC,BD-1151,6,92.25,10
2024-04-30,ENT-MTL,BD-1152,12,265.82,9
2025-11-30,ENT-QC,BD-1132,76,128.45,14
2024-10-31,ENT-QC,BD-1098,77,257.11,15
2024-12-31,ENT-QC,BD-1105,18,166.12,12
2025-03-31,ENT-QC,BD-1159,43,169.65,20
2025-03-31,ENT-QC,BD-1010,9,88.91,12
2024-10-31,ENT-QC,BD-1062,34,112.54,17
2024-06-30,ENT-MTL,BD-1173,27,207.98,15
2024-01-31,ENT-QC,BD-1108,9,166.46,14
2024-07-31,ENT-SAG,BD-1103,34,151.66,5
2025-11-30,ENT-MTL,BD-1019,3,205.07,11
2025-09-30,ENT-QC,BD-1124,20,153.77,12
2024-06-30,ENT-MTL,BD-1176,33,322.02,16
2025-11-30,ENT-MTL,BD-1067,68,28.64,13
2025-12-31,ENT-SAG,BD-1075,0,71.97,5
2025-01-31,ENT-MTL,BD-1044,11,199.55,16
2024-03-31,ENT-QC,BD-1009,18,66.28,9
2025-03-31,ENT-SAG,BD-1092,29,142.98,6
2025-01-31,ENT-SAG,BD-1068,3,290.25,5
2024-01-31,ENT-MTL,BD-1107,14,147.44,13
2024-08-31,ENT-QC,BD-1177,17,211.22,12
2024-05-31,ENT-SAG,BD-1002,33,292.58,3
2025-02-28,ENT-SAG,BD-1150,8,347.06,6
2025-09-30,ENT-MTL,BD-1124,10,153.77,12
2024-11-30,ENT-MTL,BD-1057,8,19.26,16
2024-09-30,ENT-SAG,BD-1178,25,116.97,7
2024-11-30,ENT-QC,BD-1079,70,144.83,12
2025-01-31,ENT-QC,BD-1078,9,201.79,9
2024-06-30,ENT-MTL,BD-1104,45,75.12,11
2024-02-29,ENT-SAG,BD-1065,13,128.81,5
2025-12-31,ENT-SAG,BD-1132,70,128.45,6
2025-07-31,ENT-QC,BD-1181,55,312.40,18
2024-04-30,ENT-SAG,BD-1147,2,339.78,4
2025-10-31,ENT-MTL,BD-1171,27,85.46,12
2024-05-31,ENT-MTL,BD-1127,0,170.72,14
2025-01-31,ENT-QC,BD-1106,4,340.08,14
2024-06-30,ENT-MTL,BD-1117,51,98.28,10
2024-03-31,ENT-MTL,BD-1036,102,159.06,18
2025-12-31,ENT-SAG,BD-1100,4,369.19,4
2025-12-31,ENT-MTL,BD-1036,14,191.63,18
2024-03-31,ENT-QC,BD-1062,91,112.54,17
2024-07-31,ENT-MTL,BD-1058,74,146.46,17
2024-08-31,ENT-SAG,BD-1073,87,255.00,6
2025-03-31,ENT-MTL,BD-1066,11,203.44,9
2024-10-31,ENT-SAG,BD-1093,80,132.18,4
2024-03-31,ENT-QC,BD-1133,9,61.66,16
2024-08-31,ENT-MTL,BD-1109,4,303.82,10
2024-02-29,ENT-QC,BD-1110,9,178.91,12
2025-04-30,ENT-MTL,BD-1116,65,60.17,16
2025-04-30,ENT-SAG,BD-1117,42,100.34,4
2024-02-29,ENT-MTL,BD-1172,23,216.67,12
2025-05-31,ENT-QC,BD-1105,57,169.61,12
2024-03-31,ENT-QC,BD-1069,7,198.50,12
2025-04-30,ENT-MTL,BD-1021,58,205.78,11
2024-05-31,ENT-QC,BD-1150,17,339.92,14
2025-06-30,ENT-MTL,BD-1080,12,208.57,11
2025-04-30,ENT-QC,BD-1115,63,47.23,11
2024-06-30,ENT-SAG,BD-1078,2,197.64,4
2024-03-31,ENT-SAG,BD-1163,27,294.58,4
2025-01-31,ENT-QC,BD-1036,15,162.40,19
2024-02-29,ENT-MTL,BD-1084,6,312.00,12
2025-01-31,ENT-QC,BD-9069,16,346.92,10
2025-01-31,ENT-QC,BD-1092,5,142.98,15
2024-06-30,ENT-MTL,BD-1153,22,113.61,10
2025-03-31,ENT-MTL,BD-1080,0,176.76,11
2024-11-30,ENT-MTL,BD-1120,6,182.88,11
2025-01-31,ENT-QC,BD-1130,14,323.89,14
2024-06-30,ENT-MTL,BD-1033,61,110.89,13
2024-08-31,ENT-QC,BD-1101,74,62.94,12
2024-11-30,ENT-SAG,BD-1075,87,59.74,5
2024-06-30,ENT-MTL,BD-1024,57,185.46,12
2024-05-31,ENT-SAG,BD-1050,139,291.69,8
2025-03-31,ENT-MTL,BD-1127,6,174.31,14
2024-04-30,ENT-QC,BD-1135,10,39.89,15
2024-01-31,ENT-MTL,BD-1104,17,75.12,11
2024-09-30,ENT-QC,BD-1016,12,219.41,9
2024-03-31,ENT-MTL,BD-1094,19,121.74,11
2024-12-31,ENT-QC,BD-1049,6,30.58,18
2024-02-29,ENT-QC,BD-1097,17,210.05,12
2024-06-30,ENT-MTL,BD-1048,64,32.82,15
2025-02-28,ENT-SAG,BD-1074,20,110.54,5
2024-12-31,ENT-MTL,BD-1007,9,55.96,9
2025-04-30,ENT-QC,BD-1092,28,142.98,15
2024-11-30,ENT-SAG,BD-1134,66,60.50,4
2025-08-31,ENT-SAG,BD-1052,119,183.03,7
2024-07-31,ENT-QC,BD-1101,19,62.94,12
2024-05-31,ENT-MTL,BD-1006,35,178.72,10
2025-11-30,ENT-SAG,BD-1141,67,314.24,4
2025-10-31,ENT-MTL,BD-1124,9,153.77,12
2025-09-30,ENT-QC,BD-1126,3,133.03,12
2025-08-31,ENT-QC,BD-1037,119,16.65,22
2024-12-31,ENT-MTL,BD-1129,99,45.49,19
2025-11-30,ENT-SAG,BD-1172,44,221.22,5
2024-09-30,ENT-QC,BD-1097,59,210.05,12
2025-12-31,ENT-SAG,BD-1143,71,220.45,5
2024-08-31,ENT-SAG,BD-1147,12,339.78,4
2025-12-31,ENT-SAG,BD-1021,5,242.82,5
2024-01-31,ENT-QC,BD-1008,22,128.94,10
2025-02-28,ENT-SAG,BD-1078,18,201.79,4
2025-04-30,ENT-MTL,BD-1029,36,243.45,10
2024-07-31,ENT-SAG,BD-1121,9,43.73,4
2025-06-30,ENT-QC,BD-1001,55,219.63,9
2024-10-31,ENT-MTL,BD-1148,54,296.06,11
2024-01-31,ENT-MTL,BD-1179,15,226.59,12
2024-10-31,ENT-MTL,BD-1163,19,294.58,10
2025-07-31,ENT-MTL,BD-1077,10,171.09,13
2024-09-30,ENT-MTL,BD-1101,52,62.94,12
2024-02-29,ENT-SAG,BD-1143,0,215.92,5
2024-02-29,ENT-QC,BD-1078,5,197.64,9
2025-06-30,ENT-QC,BD-1058,97,149.54,18
2024-05-31,ENT-MTL,BD-1042,97,261.53,22
2025-09-30,ENT-QC,BD-1004,13,158.83,11
2024-11-30,ENT-QC,BD-1057,31,19.26,17
2025-12-31,ENT-SAG,BD-1109,14,310.20,4
2025-01-31,ENT-QC,BD-1085,14,41.76,10
2024-09-30,ENT-SAG,BD-1094,77,121.74,5
2025-02-28,ENT-SAG,BD-1071,7,308.06,7
2024-08-31,ENT-SAG,BD-1165,30,105.70,5
2025-05-31,ENT-QC,BD-1089,18,189.92,12
2025-09-30,ENT-SAG,BD-1152,65,271.40,4
2025-10-31,ENT-QC,BD-1104,5,76.70,11
2025-04-30,ENT-SAG,BD-1102,15,260.69,4
2025-07-31,ENT-SAG,BD-1082,18,335.40,4
2024-11-30,ENT-QC,BD-1136,72,110.14,12
2024-02-29,ENT-MTL,BD-1058,6,146.46,17
2024-06-30,ENT-MTL,BD-1073,6,255.00,13
2025-09-30,ENT-MTL,BD-1102,44,260.69,10
2025-08-31,ENT-QC,BD-1152,14,271.40,10
2024-05-31,ENT-MTL,BD-1004,45,155.56,10
2025-08-31,ENT-QC,BD-1181,68,312.40,18
2025-08-31,ENT-QC,BD-1018,7,247.17,6
2025-12-31,ENT-SAG,BD-1153,83,116.00,4
2024-08-31,ENT-QC,BD-1037,111,16.31,22
2025-10-31,ENT-SAG,BD-1150,98,347.06,6
2024-03-31,ENT-QC,BD-1160,23,40.71,15
2024-08-31,ENT-MTL,BD-1173,33,207.98,15
2024-02-29,ENT-QC,BD-1112,17,65.64,13
2024-12-31,ENT-QC,BD-1102,13,255.33,10
2024-05-31,ENT-QC,BD-1112,62,65.64,13
2025-06-30,ENT-MTL,BD-1029,43,243.45,10
2024-06-30,ENT-MTL,BD-1006,47,178.72,10
2025-06-30,ENT-MTL,BD-1071,0,363.51,15
2024-08-31,ENT-MTL,BD-1128,2,77.25,10
2024-12-31,ENT-QC,BD-1168,41,224.71,13
2024-04-30,ENT-MTL,BD-1055,75,209.35,15
2025-09-30,ENT-SAG,BD-1117,10,100.34,4
2024-05-31,ENT-MTL,BD-1110,48,178.91,12
2024-03-31,ENT-SAG,BD-1063,137,242.15,9
2024-02-29,ENT-SAG,BD-1122,15,208.30,4
2024-02-29,ENT-MTL,BD-1135,14,39.89,14
2025-11-30,ENT-MTL,BD-1138,68,88.19,13
2024-10-31,ENT-MTL,BD-1151,46,90.35,10
2024-05-31,ENT-QC,BD-1008,45,128.94,10
2024-11-30,ENT-MTL,BD-1107,2,147.44,13
2024-02-29,ENT-QC,BD-1012,27,68.19,11
2025-08-31,ENT-QC,BD-1114,6,152.73,12
2024-02-29,ENT-QC,BD-1106,25,333.09,14
2025-06-30,ENT-QC,BD-1025,51,149.35,9
2025-01-31,ENT-QC,BD-1122,6,212.67,11
2025-05-31,ENT-QC,BD-1112,66,67.02,13
2024-01-31,ENT-QC,BD-1017,4,307.26,14
2025-12-31,ENT-MTL,BD-1167,28,209.73,12
2025-04-30,ENT-SAG,BD-1046,115,315.40,7
2025-12-31,ENT-QC,BD-1111,9,148.90,12
2025-10-31,ENT-SAG,BD-1132,87,128.45,6
2024-04-30,ENT-MTL,BD-1163,14,294.58,10
2025-06-30,ENT-QC,BD-1124,57,153.77,12
2025-11-30,ENT-SAG,BD-1143,70,220.45,5
2024-10-31,ENT-MTL,BD-1010,8,87.08,11
2025-03-31,ENT-MTL,BD-1113,10,281.81,9
2024-09-30,ENT-MTL,BD-1136,65,110.14,12
2024-05-31,ENT-QC,BD-1167,32,205.42,13
2025-10-31,ENT-SAG,BD-1121,14,44.65,4
2024-04-30,ENT-MTL,BD-1048,55,32.82,15
2024-02-29,ENT-MTL,BD-1182,22,56.87,13
2024-02-29,ENT-QC,BD-1162,28,66.97,14
2024-04-30,ENT-QC,BD-1138,16,86.38,14
2024-07-31,ENT-QC,BD-1165,24,105.70,12
2025-05-31,ENT-QC,BD-1012,68,69.62,11
2025-11-30,ENT-MTL,BD-1056,29,293.14,18
2024-08-31,ENT-QC,BD-1155,29,322.38,17
2025-11-30,ENT-SAG,BD-1127,104,174.31,6
2024-02-29,ENT-QC,BD-1022,6,247.74,8
2024-11-30,ENT-QC,BD-1151,48,90.35,10
2025-07-31,ENT-QC,BD-1076,17,338.68,12
2025-12-31,ENT-MTL,BD-1020,9,33.12,15
2024-09-30,ENT-QC,BD-1148,69,296.06,12
2024-02-29,ENT-QC,BD-1095,3,53.64,8
2024-02-29,ENT-SAG,BD-1080,5,173.12,5
2025-08-31,ENT-QC,BD-1171,24,85.46,12
2025-02-28,ENT-QC,BD-1053,40,180.55,20
2024-10-31,ENT-MTL,BD-1054,0,257.53,16
2024-03-31,ENT-QC,BD-1149,22,108.85,18
2024-02-29,ENT-SAG,BD-1167,45,205.42,5
2025-03-31,ENT-SAG,BD-1051,127,79.76,8
2024-02-29,ENT-SAG,BD-1052,40,179.27,7
2025-06-30,ENT-SAG,BD-1078,0,238.11,4
2025-11-30,ENT-QC,BD-1080,72,208.57,12
2025-02-28,ENT-QC,BD-1118,17,343.17,13
2025-09-30,ENT-QC,BD-1020,2,33.12,16
2025-11-30,ENT-MTL,BD-1080,52,208.57,11
2024-06-30,ENT-QC,BD-1165,38,105.70,12
2024-12-31,ENT-QC,BD-1057,31,19.26,17
2025-06-30,ENT-QC,BD-1027,86,254.96,14
2025-02-28,ENT-MTL,BD-1128,9,78.87,10
2024-02-29,ENT-SAG,BD-1154,16,323.13,5
2025-03-31,ENT-SAG,BD-1099,8,293.70,5
2024-09-30,ENT-SAG,BD-1097,67,210.05,5
2024-01-31,ENT-QC,BD-1168,10,224.71,13
2024-01-31,ENT-SAG,BD-1036,1,159.06,8
2025-12-31,ENT-QC,BD-1129,97,46.45,20
2024-02-29,ENT-SAG,BD-1137,14,25.06,5
2025-11-30,ENT-SAG,BD-1088,68,404.63,4
2025-01-31,ENT-SAG,BD-1181,36,312.40,8
2024-09-30,ENT-MTL,BD-1044,7,195.45,16
2025-11-30,ENT-QC,BD-1139,103,203.11,17
2024-02-29,ENT-QC,BD-1036,0,159.06,19
2025-11-30,ENT-QC,BD-1057,20,23.20,17
2024-01-31,ENT-SAG,BD-1009,26,66.28,3
2024-01-31,ENT-MTL,BD-1002,3,292.58,7
2025-12-31,ENT-MTL,BD-1024,12,189.35,12
2025-03-31,ENT-QC,BD-1115,18,47.23,11
2024-07-31,ENT-SAG,BD-1093,5,132.18,4
2025-09-30,ENT-QC,BD-1178,41,119.43,17
2024-09-30,ENT-MTL,BD-1043,6,294.10,14
2024-12-31,ENT-MTL,BD-1055,11,209.35,15
2024-09-30,ENT-QC,BD-1123,35,129.56,13
2025-07-31,ENT-QC,BD-1118,7,343.17,13
2024-04-30,ENT-QC,BD-1094,7,121.74,12
2024-07-31,ENT-SAG,BD-1100,14,306.44,4
2025-07-31,ENT-QC,BD-1151,15,92.25,10
2024-07-31,ENT-MTL,BD-1048,82,32.82,15
2025-06-30,ENT-SAG,BD-1046,103,372.17,7
2025-09-30,ENT-MTL,BD-1042,3,267.02,22
2025-03-31,ENT-QC,BD-1178,29,119.43,17
2024-05-31,ENT-MTL,BD-9907,6,161.25,11
2025-10-31,ENT-QC,BD-1116,21,60.17,16
2024-04-30,ENT-QC,BD-1047,81,70.06,15
2025-11-30,ENT-QC,BD-1037,0,16.65,22
2024-12-31,ENT-QC,BD-1103,0,151.66,13
2025-08-31,ENT-SAG,BD-1033,15,113.22,6
2025-08-31,ENT-MTL,BD-1173,21,212.35,15
2025-12-31,ENT-SAG,BD-1126,14,133.03,5
2025-08-31,ENT-QC,BD-1129,23,46.45,20
2025-06-30,ENT-SAG,BD-1132,1,128.45,6
2025-03-31,ENT-QC,BD-1111,7,148.90,12
2024-07-31,ENT-QC,BD-1077,14,167.57,14
2024-06-30,ENT-SAG,BD-1089,11,157.64,5
2025-07-31,ENT-MTL,BD-1094,5,124.30,11
2024-08-31,ENT-SAG,BD-1002,11,292.58,3
2025-05-31,ENT-QC,BD-1096,0,205.70,10
2025-11-30,ENT-QC,BD-1071,96,363.51,16
2025-08-31,ENT-MTL,BD-1132,18,128.45,13
2024-07-31,ENT-QC,BD-1029,57,238.44,10
2025-09-30,ENT-QC,BD-1156,59,164.64,12
2024-11-30,ENT-SAG,BD-1067,91,23.77,6
2025-08-31,ENT-QC,BD-1130,12,323.89,14
2024-02-29,ENT-MTL,BD-1023,5,239.29,13
2025-01-31,ENT-MTL,BD-1029,5,243.45,10
2024-11-30,ENT-QC,BD-1071,84,301.72,16
2025-05-31,ENT-QC,BD-1158,33,184.61,16
2024-06-30,ENT-MTL,BD-1023,56,239.29,13
2025-07-31,ENT-SAG,BD-1165,23,107.92,5
2024-02-29,ENT-MTL,BD-1154,13,323.13,12
2024-12-31,ENT-QC,BD-1028,3,140.77,14
2025-12-31,ENT-QC,BD-1176,36,328.78,17
2024-02-29,ENT-QC,BD-1148,9,296.06,12
2025-01-31,ENT-MTL,BD-1164,26,100.45,10
2024-08-31,ENT-QC,BD-1061,78,75.23,18
2024-01-31,ENT-MTL,BD-1101,29,62.94,12
2025-03-31,ENT-QC,BD-1099,13,293.70,12
2025-07-31,ENT-MTL,BD-1054,72,262.94,16
2025-01-31,ENT-SAG,BD-1090,12,58.79,5
2024-04-30,ENT-MTL,BD-1121,35,43.73,9
2025-04-30,ENT-SAG,BD-1074,15,110.54,5
2025-03-31,ENT-QC,BD-1098,10,262.51,15
2024-10-31,ENT-MTL,BD-1014,13,26.62,14
2024-05-31,ENT-SAG,BD-1154,13,323.13,5
2024-01-31,ENT-MTL,BD-1128,11,77.25,10
2024-08-31,ENT-MTL,BD-1099,61,287.66,11
2025-01-31,ENT-SAG,BD-1161,25,64.16,6
2024-09-30,ENT-MTL,BD-1046,14,308.91,17
2025-05-31,ENT-MTL,BD-1037,100,16.65,21
2024-05-31,ENT-SAG,BD-1005,80,204.06,5
2025-10-31,ENT-QC,BD-1092,92,168.72,15
2024-10-31,ENT-QC,BD-1160,24,40.71,15
2025-12-31,ENT-QC,BD-1135,54,40.73,15
2025-04-30,ENT-QC,BD-1051,94,79.76,18
2024-05-31,ENT-MTL,BD-1151,10,90.35,10
2024-11-30,ENT-MTL,BD-1179,8,226.59,12
2025-02-28,ENT-MTL,BD-1131,8,37.08,13
2024-12-31,ENT-QC,BD-1092,1,140.04,15
2025-04-30,ENT-QC,BD-1009,42,67.67,9
2025-06-30,ENT-QC,BD-1050,110,297.82,19
2024-09-30,ENT-QC,BD-1141,62,307.78,10
2025-08-31,ENT-QC,BD-1104,21,76.70,11
2025-01-31,ENT-MTL,BD-1162,22,68.38,14
2025-06-30,ENT-SAG,BD-1148,6,302.28,5
2025-12-31,ENT-MTL,BD-1170,9,16.95,12
2024-05-31,ENT-QC,BD-1025,56,146.28,9
2024-05-31,ENT-QC,BD-1005,74,204.06,13
2024-10-31,ENT-QC,BD-1065,65,128.81,12
2024-04-30,ENT-QC,BD-1034,62,151.89,13
2025-12-31,ENT-QC,BD-1155,92,329.15,17
2025-01-31,ENT-SAG,BD-1082,3,284.24,4
2025-07-31,ENT-QC,BD-1035,90,30.63,19
2025-01-31,ENT-QC,BD-1175,41,96.85,17
2024-03-31,ENT-MTL,BD-1160,19,40.71,14
2025-06-30,ENT-QC,BD-1091,12,336.22,11
2025-12-31,ENT-QC,BD-1160,25,41.56,15
2025-11-30,ENT-MTL,BD-1121,1,44.65,9
2024-02-29,ENT-SAG,BD-1103,13,151.66,5
2024-06-30,ENT-MTL,BD-1057,75,19.26,16
2025-01-31,ENT-QC,BD-1168,26,229.43,13
2025-11-30,ENT-SAG,BD-1112,9,67.02,5
2024-11-30,ENT-QC,BD-1055,14,209.35,16
2024-06-30,ENT-QC,BD-1155,6,322.38,17
2025-02-28,ENT-SAG,BD-1019,9,173.78,5
2025-10-31,ENT-QC,BD-1147,50,346.92,10
2024-09-30,ENT-SAG,BD-1157,39,24.69,5
2025-05-31,ENT-MTL,BD-1124,53,153.77,12
2025-10-31,ENT-SAG,BD-1149,122,111.14,7
2024-05-31,ENT-SAG,BD-1075,16,59.74,5
2025-06-30,ENT-SAG,BD-1176,52,328.78,7
2024-08-31,ENT-MTL,BD-1072,51,196.62,12
2024-09-30,ENT-SAG,BD-1016,17,219.41,4
2025-05-31,ENT-QC,BD-1167,30,209.73,13
2024-07-31,ENT-SAG,BD-1130,9,317.23,6
2025-11-30,ENT-MTL,BD-1135,58,40.73,14
2025-11-30,ENT-MTL,BD-1113,18,281.81,9
2024-11-30,ENT-QC,BD-1153,52,113.61,11
2024-04-30,ENT-QC,BD-1017,62,307.26,14
2024-09-30,ENT-QC,BD-1075,74,59.74,13
2025-05-31,ENT-MTL,BD-1028,62,143.73,13
2024-05-31,ENT-SAG,BD-1124,76,150.61,5
2024-06-30,ENT-SAG,BD-1057,115,19.26,7
2025-05-31,ENT-QC,BD-1059,101,391.48,16
2024-06-30,ENT-QC,BD-1020,82,32.44,16
2024-07-31,ENT-QC,BD-1011,46,288.46,9
2025-12-31,ENT-QC,BD-1057,0,23.20,17
2024-11-30,ENT-SAG,BD-1048,14,32.82,7
2025-09-30,ENT-MTL,BD-1157,19,25.21,12
2024-10-31,ENT-QC,BD-1022,4,247.74,8
2025-04-30,ENT-SAG,BD-1086,25,82.42,5
2024-10-31,ENT-QC,BD-1149,90,108.85,18
2024-09-30,ENT-SAG,BD-1121,11,43.73,4
2024-02-29,ENT-QC,BD-1171,16,83.70,12
2025-11-30,ENT-MTL,BD-1175,26,96.85,16
2025-02-28,ENT-SAG,BD-1169,42,282.28,6
2025-03-31,ENT-QC,BD-1020,8,33.12,16
2025-03-31,ENT-QC,BD-1125,24,291.24,12
2024-07-31,ENT-QC,BD-1021,74,201.55,12
2025-08-31,ENT-QC,BD-1169,36,282.28,14
2024-03-31,ENT-QC,BD-1107,12,147.44,14
2025-01-31,ENT-SAG,BD-1052,31,183.03,7
2024-10-31,ENT-SAG,BD-1121,6,43.73,4
2024-03-31,ENT-MTL,BD-1049,77,30.58,17
2024-01-31,ENT-MTL,BD-1077,12,167.57,13
2025-09-30,ENT-QC,BD-1049,34,31.22,18
2024-01-31,ENT-SAG,BD-1093,21,132.18,4
2024-04-30,ENT-QC,BD-1029,46,238.44,10
2025-05-31,ENT-SAG,BD-1152,0,271.40,4
2025-12-31,ENT-QC,BD-1007,8,57.14,10
2024-11-30,ENT-QC,BD-1089,69,157.64,12
2025-07-31,ENT-QC,BD-1038,102,319.94,21
2025-11-30,ENT-SAG,BD-1120,0,186.72,5
2025-04-30,ENT-QC,BD-1160,31,41.56,15
2024-09-30,ENT-QC,BD-1009,1,66.28,9
2024-04-30,ENT-QC,BD-1033,63,110.89,14
2024-01-31,ENT-MTL,BD-1038,27,313.36,20
2024-12-31,ENT-QC,BD-1083,0,157.14,11
2025-01-31,ENT-MTL,BD-1082,0,284.24,10
2024-10-31,ENT-QC,BD-1116,12,58.93,16
2025-05-31,ENT-SAG,BD-1076,6,338.68,5
2024-06-30,ENT-MTL,BD-1040,98,268.77,17
2025-05-31,ENT-MTL,BD-1153,13,116.00,10
2025-11-30,ENT-MTL,BD-1046,13,372.17,17
2025-01-31,ENT-QC,BD-1017,18,313.71,14
2025-12-31,ENT-MTL,BD-1179,20,231.35,12
2025-03-31,ENT-MTL,BD-1021,7,205.78,11
2025-04-30,ENT-MTL,BD-1127,23,174.31,14
2024-12-31,ENT-MTL,BD-1010,4,87.08,11
2025-07-31,ENT-MTL,BD-1007,50,57.14,9
2024-08-31,ENT-SAG,BD-1148,13,296.06,5
2025-12-31,ENT-QC,BD-1031,21,300.62,14
2024-04-30,ENT-SAG,BD-1036,131,159.06,8
2024-09-30,ENT-QC,BD-1007,18,55.96,10
2024-01-31,ENT-QC,BD-1178,18,116.97,17
2025-01-31,ENT-QC,BD-1040,27,274.41,18
2025-03-31,ENT-QC,BD-1063,116,247.24,21
2025-12-31,ENT-MTL,BD-1028,4,143.73,13
2025-06-30,ENT-QC,BD-1096,0,205.70,10
2024-08-31,ENT-MTL,BD-1142,0,98.85,10
2024-12-31,ENT-QC,BD-1043,19,294.10,15
2025-08-31,ENT-MTL,BD-1169,30,282.28,13
2024-03-31,ENT-SAG,BD-1160,42,40.71,6
2024-03-31,ENT-MTL,BD-1066,7,199.26,9
2025-03-31,ENT-MTL,BD-1089,6,160.95,11
2025-08-31,ENT-MTL,BD-1089,45,189.92,11
2024-08-31,ENT-SAG,BD-1181,-7,305.97,8
2025-01-31,ENT-QC,BD-1050,30,297.82,19
2024-09-30,ENT-QC,BD-1038,9,313.36,21
2025-08-31,ENT-MTL,BD-1171,24,85.46,12
2024-03-31,ENT-MTL,BD-1019,16,170.21,11
2024-06-30,ENT-SAG,BD-1100,21,306.44,4
2025-12-31,ENT-MTL,BD-1158,44,184.61,15
2025-08-31,ENT-QC,BD-1070,63,48.05,10
2025-03-31,ENT-QC,BD-1068,14,290.25,13
2024-08-31,ENT-MTL,BD-1036,77,159.06,18
2025-04-30,ENT-QC,BD-1139,9,203.11,17
2025-07-31,ENT-SAG,BD-1009,57,67.67,3
2024-09-30,ENT-QC,BD-1100,49,306.44,11
2025-06-30,ENT-MTL,BD-1020,73,33.12,15
2024-11-30,ENT-MTL,BD-1094,48,121.74,11
2024-06-30,ENT-MTL,BD-1044,79,195.45,16
2024-08-31,ENT-SAG,BD-1051,144,78.12,8
2024-07-31,ENT-QC,BD-1068,9,284.28,13
2024-07-31,ENT-SAG,BD-1048,80,32.82,7
2025-04-30,ENT-SAG,BD-1088,21,342.90,4
2025-09-30,ENT-SAG,BD-1090,79,69.37,5
2025-10-31,ENT-QC,BD-1138,79,88.19,14
2024-11-30,ENT-QC,BD-1016,4,219.41,9
2025-12-31,ENT-SAG,BD-1068,4,342.49,5
2025-07-31,ENT-MTL,BD-1079,6,147.87,12
2024-12-31,ENT-SAG,BD-1093,6,132.18,4
2024-04-30,ENT-QC,BD-1139,24,198.93,17
2024-12-31,ENT-QC,BD-1142,67,98.85,11
2025-09-30,ENT-SAG,BD-1047,25,71.53,6
2025-01-31,ENT-QC,BD-1023,22,244.32,14
2025-11-30,ENT-SAG,BD-1068,64,342.49,5
2024-06-30,ENT-QC,BD-1037,104,16.31,22
2024-10-31,ENT-SAG,BD-1094,82,121.74,5
2025-06-30,ENT-MTL,BD-1162,28,68.38,14
2025-06-30,ENT-MTL,BD-1170,21,16.95,12
2024-10-31,ENT-MTL,BD-1058,13,146.46,17
2025-12-31,ENT-QC,BD-1046,10,372.17,17
2025-07-31,ENT-QC,BD-1053,80,180.55,20
2024-02-29,ENT-QC,BD-1042,26,261.53,23
2024-12-31,ENT-QC,BD-1005,24,204.06,13
2024-05-31,ENT-QC,BD-1003,45,188.61,11
2024-05-31,ENT-SAG,BD-1074,6,108.27,5
2025-05-31,ENT-QC,BD-1148,6,302.28,12
2025-05-31,ENT-MTL,BD-1175,24,96.85,16
2024-10-31,ENT-SAG,BD-1126,19,130.29,5
2025-06-30,ENT-QC,BD-1089,15,189.92,12
2024-11-30,ENT-SAG,BD-1078,55,197.64,4
2024-12-31,ENT-MTL,BD-1118,12,336.11,12
2024-10-31,ENT-SAG,BD-1065,68,128.81,5
2025-07-31,ENT-MTL,BD-1180,33,95.30,14
2025-04-30,ENT-QC,BD-1134,15,61.77,10
2024-02-29,ENT-QC,BD-1086,10,80.72,12
2024-09-30,ENT-MTL,BD-1051,10,78.12,17
2024-12-31,ENT-MTL,BD-1106,17,333.09,13
2025-11-30,ENT-QC,BD-9666,12,208.35,13
2024-05-31,ENT-QC,BD-1122,49,208.30,11
2025-01-31,ENT-QC,BD-1003,8,192.57,11
2025-02-28,ENT-QC,BD-1084,13,318.55,12
2025-06-30,ENT-MTL,BD-1072,17,236.88,12
2024-09-30,ENT-MTL,BD-1107,0,147.44,13
2024-12-31,ENT-MTL,BD-1067,4,23.77,13
2024-04-30,ENT-QC,BD-1136,10,110.14,12
2024-01-31,ENT-SAG,BD-1156,0,161.25,5
2025-12-31,ENT-QC,BD-1070,14,48.05,10
2025-05-31,ENT-QC,BD-1073,18,307.22,14
2024-08-31,ENT-QC,BD-1102,51,255.33,10
2025-08-31,ENT-SAG,BD-1008,11,155.34,4
2025-11-30,ENT-QC,BD-1101,65,75.83,12
2025-07-31,ENT-QC,BD-1115,1,47.23,11
2025-05-31,ENT-SAG,BD-1050,130,297.82,8
2025-09-30,ENT-SAG,BD-1118,19,343.17,5
2025-12-31,ENT-QC,BD-1069,2,239.15,12
2025-11-30,ENT-MTL,BD-1044,3,199.55,16
2024-10-31,ENT-QC,BD-1009,14,66.28,9
2024-05-31,ENT-MTL,BD-1142,19,98.85,10
2025-02-28,ENT-MTL,BD-1151,4,92.25,10
2024-09-30,ENT-QC,BD-1115,4,46.26,11
2024-03-31,ENT-QC,BD-1115,19,46.26,11
2025-01-31,ENT-MTL,BD-1023,10,244.32,13
2024-08-31,ENT-SAG,BD-1136,18,110.14,5
2024-05-31,ENT-QC,BD-1155,27,322.38,17
2025-07-31,ENT-QC,BD-1138,17,88.19,14
2024-07-31,ENT-MTL,BD-1071,6,301.72,15
2025-02-28,ENT-QC,BD-1009,2,67.67,9
2025-01-31,ENT-QC,BD-1170,32,16.95,12
2024-09-30,ENT-MTL,BD-1091,47,279.07,11
2025-03-31,ENT-QC,BD-1177,12,215.66,12
2024-03-31,ENT-SAG,BD-1127,14,170.72,6
2025-04-30,ENT-QC,BD-1046,87,315.40,17
2024-10-31,ENT-MTL,BD-1131,65,36.32,13
2025-06-30,ENT-QC,BD-1078,7,238.11,9
2024-12-31,ENT-SAG,BD-1063,23,242.15,9
2024-12-31,ENT-QC,BD-1106,18,333.09,14
2024-04-30,ENT-SAG,BD-1104,84,75.12,5
2025-07-31,ENT-MTL,BD-1043,64,300.28,14
2025-07-31,ENT-SAG,BD-1026,62,246.82,4
2025-07-31,ENT-QC,BD-1062,86,135.59,17
2024-07-31,ENT-QC,BD-1113,16,276.01,10
2025-02-28,ENT-MTL,BD-1134,0,61.77,10
2024-07-31,ENT-MTL,BD-1137,11,25.06,13
2025-06-30,ENT-SAG,BD-1052,88,183.03,7
2024-12-31,ENT-MTL,BD-1029,6,238.44,10
2025-09-30,ENT-SAG,BD-1093,76,159.25,4
2025-03-31,ENT-MTL,BD-1039,91,122.17,18
2025-02-28,ENT-QC,BD-1092,17,142.98,15
2025-01-31,ENT-MTL,BD-1002,0,298.72,7
2024-01-31,ENT-SAG,BD-1061,3,75.23,7
2024-07-31,ENT-SAG,BD-1107,31,147.44,6
2025-08-31,ENT-QC,BD-1161,34,64.16,14
2025-08-31,ENT-SAG,BD-1080,87,208.57,5
2024-07-31,ENT-QC,BD-1158,42,180.81,16
2025-02-28,ENT-MTL,BD-1066,11,203.44,9
2024-08-31,ENT-MTL,BD-1157,23,24.69,12
2024-11-30,ENT-QC,BD-1112,14,65.64,13
2024-09-30,ENT-QC,BD-1061,6,75.23,18
2025-06-30,ENT-SAG,BD-1040,110,274.41,7
2025-09-30,ENT-QC,BD-1182,17,58.06,14
2024-04-30,ENT-SAG,BD-1092,8,140.04,6
2024-11-30,ENT-SAG,BD-1152,76,265.82,4
2024-09-30,ENT-QC,BD-1128,59,77.25,10
2024-05-31,ENT-QC,BD-1016,44,219.41,9
2024-12-31,ENT-MTL,BD-1121,0,43.73,9
2025-12-31,ENT-MTL,BD-1017,11,313.71,13
2025-05-31,ENT-MTL,BD-1007,39,57.14,9
2024-03-31,ENT-MTL,BD-1134,16,60.50,10
2024-10-31,ENT-QC,BD-1030,23,98.88,11
2025-07-31,ENT-MTL,BD-1027,62,254.96,14
2024-12-31,ENT-QC,BD-1032,4,339.97,13
2024-04-30,ENT-MTL,BD-1008,42,128.94,9
2025-07-31,ENT-MTL,BD-1179,26,231.35,12
2024-09-30,ENT-QC,BD-1163,23,294.58,11
2025-03-31,ENT-QC,BD-1162,18,68.38,14
2024-01-31,ENT-MTL,BD-1125,19,285.25,11
2024-06-30,ENT-MTL,BD-1047,64,70.06,14
2024-10-31,ENT-MTL,BD-1071,74,301.72,15
2025-01-31,ENT-MTL,BD-1135,13,40.73,14
2025-11-30,ENT-MTL,BD-1029,0,243.45,10
2024-05-31,ENT-MTL,BD-1179,22,226.59,12
2024-05-31,ENT-QC,BD-1045,93,76.76,16
2024-06-30,ENT-SAG,BD-1047,95,70.06,6
2024-02-29,ENT-MTL,BD-1060,16,241.90,16
2024-05-31,ENT-QC,BD-1028,76,140.77,14
2024-08-31,ENT-QC,BD-1071,94,301.72,16
2025-02-28,ENT-QC,BD-1064,25,70.89,15
2024-09-30,ENT-SAG,BD-1169,34,276.47,6
2025-02-28,ENT-QC,BD-1101,15,64.26,12
2024-09-30,ENT-QC,BD-1181,41,305.97,18
2024-05-31,ENT-SAG,BD-1120,66,182.88,5
2024-09-30,ENT-MTL,BD-1033,13,110.89,13
2024-05-31,ENT-QC,BD-1114,71,149.59,12
2024-01-31,ENT-MTL,BD-1162,25,66.97,14
2025-07-31,ENT-SAG,BD-1130,8,323.89,6
2024-10-31,ENT-MTL,BD-1032,13,339.97,12
2024-09-30,ENT-QC,BD-1147,57,339.78,10
2024-10-31,ENT-MTL,BD-1144,61,96.31,14
2025-03-31,ENT-QC,BD-1050,128,297.82,19
2024-04-30,ENT-QC,BD-1095,13,53.64,8
2025-03-31,ENT-QC,BD-1138,4,88.19,14
2025-05-31,ENT-SAG,BD-1083,8,189.32,4
2024-05-31,ENT-MTL,BD-1162,33,66.97,14
2024-03-31,ENT-QC,BD-1172,19,216.67,13
2024-05-31,ENT-QC,BD-1010,57,87.08,12
2024-07-31,ENT-MTL,BD-1138,15,86.38,13
2025-05-31,ENT-QC,BD-1019,-8,205.07,12
2024-05-31,ENT-QC,BD-1050,112,291.69,19
2025-06-30,ENT-MTL,BD-1068,5,342.49,12
2024-01-31,ENT-SAG,BD-1002,7,292.58,3
2024-11-30,ENT-QC,BD-1064,9,69.43,15
2025-01-31,ENT-MTL,BD-1085,2,41.76,9
2025-04-30,ENT-MTL,BD-1109,45,310.20,10
2025-03-31,ENT-MTL,BD-1142,3,100.93,10
2025-01-31,ENT-QC,BD-1049,24,31.22,18
2025-07-31,ENT-QC,BD-1037,148,16.65,22
2024-01-31,ENT-QC,BD-1097,0,210.05,12
2025-08-31,ENT-SAG,BD-1089,70,189.92,5
2025-05-31,ENT-QC,BD-1036,107,191.63,19
2024-12-31,ENT-MTL,BD-1156,45,161.25,11
2025-07-31,ENT-SAG,BD-1147,2,346.92,4
2024-11-30,ENT-QC,BD-1164,13,98.38,11
2025-05-31,ENT-MTL,BD-1136,24,112.45,12
2024-10-31,ENT-QC,BD-1066,50,199.26,10
2025-11-30,ENT-QC,BD-1088,55,404.63,9
2025-07-31,ENT-MTL,BD-1158,28,184.61,15
2024-02-29,ENT-SAG,BD-1168,19,224.71,5
2024-03-31,ENT-SAG,BD-1112,15,65.64,5
2025-09-30,ENT-MTL,BD-1173,24,212.35,15
2025-11-30,ENT-SAG,BD-1093,52,159.25,4
2025-05-31,ENT-QC,BD-1031,70,300.62,14
2025-03-31,ENT-MTL,BD-1033,14,113.22,13
2024-09-30,ENT-SAG,BD-1111,0,145.84,5
2024-02-29,ENT-MTL,BD-1094,23,121.74,11
2025-01-31,ENT-MTL,BD-1067,16,24.27,13
2024-08-31,ENT-MTL,BD-1004,7,155.56,10
2024-05-31,ENT-MTL,BD-1096,0,170.74,10
2025-08-31,ENT-QC,BD-1140,20,41.26,12
2024-03-31,ENT-QC,BD-1053,97,176.84,20
2025-05-31,ENT-MTL,BD-1127,7,174.31,14
2024-03-31,ENT-QC,BD-1075,12,59.74,13
2025-11-30,ENT-SAG,BD-1137,75,25.59,5
2024-12-31,ENT-MTL,BD-1126,8,130.29,12
2024-04-30,ENT-QC,BD-1043,79,294.10,15
2025-01-31,ENT-SAG,BD-1021,24,205.78,5
2024-02-29,ENT-QC,BD-1101,0,62.94,12
2025-02-28,ENT-MTL,BD-1062,6,114.90,16
2025-03-31,ENT-MTL,BD-1051,74,79.76,17
2024-07-31,ENT-MTL,BD-1095,2,53.64,7
2025-06-30,ENT-SAG,BD-1100,0,369.19,4
2024-05-31,ENT-QC,BD-1097,6,210.05,12
2024-10-31,ENT-MTL,BD-1049,15,30.58,17
2025-01-31,ENT-QC,BD-1120,19,186.72,12
2025-07-31,ENT-QC,BD-1146,11,225.52,14
2024-10-31,ENT-SAG,BD-1052,22,179.27,7
2025-08-31,ENT-QC,BD-1059,66,391.48,16
2025-06-30,ENT-MTL,BD-1007,34,57.14,9
2024-04-30,ENT-MTL,BD-1042,94,261.53,22
2024-11-30,ENT-QC,BD-1094,74,121.74,12
2025-08-31,ENT-SAG,BD-1017,18,313.71,6
2024-07-31,ENT-MTL,BD-1113,9,276.01,9
2025-02-28,ENT-SAG,BD-1109,6,310.20,4
2024-09-30,ENT-QC,BD-1051,34,78.12,18
2024-12-31,ENT-QC,BD-1011,0,288.46,9
2025-08-31,ENT-QC,BD-1041,102,163.24,16
2025-03-31,ENT-SAG,BD-1108,12,169.96,6
2024-09-30,ENT-QC,BD-1062,30,112.54,17
2024-06-30,ENT-QC,BD-1107,74,147.44,14
2025-02-28,ENT-QC,BD-1062,10,114.90,17
2025-02-28,ENT-MTL,BD-1097,6,214.46,11
2024-02-29,ENT-MTL,BD-1176,41,322.02,16
2024-03-31,ENT-SAG,BD-1120,19,182.88,5
2025-08-31,ENT-QC,BD-1001,9,219.63,9
2025-12-31,ENT-SAG,BD-1009,9,67.67,3
2025-11-30,ENT-SAG,BD-1078,53,238.11,4
2025-02-28,ENT-SAG,BD-1083,24,160.44,4
2024-10-31,ENT-MTL,BD-1029,15,238.44,10
2024-12-31,ENT-QC,BD-1139,101,198.93,17
2025-06-30,ENT-SAG,BD-1092,29,168.72,6
2024-10-31,ENT-QC,BD-1110,17,178.91,12
2024-09-30,ENT-MTL,BD-1073,49,255.00,13
2024-02-29,ENT-MTL,BD-1107,15,147.44,13
2025-04-30,ENT-MTL,BD-1060,63,246.98,16
2024-07-31,ENT-SAG,BD-1177,-7,211.22,5
2025-08-31,ENT-QC,BD-1090,68,69.37,12
2024-09-30,ENT-SAG,BD-1088,46,335.85,4
2024-04-30,ENT-SAG,BD-1055,99,209.35,7
2024-02-29,ENT-QC,BD-1130,15,317.23,14
2025-09-30,ENT-QC,BD-1165,36,107.92,12
2024-06-30,ENT-QC,BD-1001,58,182.30,9
2025-10-31,ENT-QC,BD-1112,7,67.02,13
2025-12-31,ENT-MTL,BD-1079,13,147.87,12
2024-03-31,ENT-SAG,BD-1169,35,276.47,6
2025-11-30,ENT-SAG,BD-1139,115,203.11,7
2025-12-31,ENT-QC,BD-1125,16,291.24,12
2025-04-30,ENT-MTL,BD-1080,18,176.76,11
2024-12-31,ENT-SAG,BD-1090,0,57.58,5
2025-09-30,ENT-QC,BD-1057,35,23.20,17
2025-04-30,ENT-QC,BD-1104,77,76.70,11
2024-11-30,ENT-QC,BD-1113,2,276.01,10
2024-01-31,ENT-MTL,BD-1004,7,155.56,10
2025-07-31,ENT-SAG,BD-1029,61,243.45,4
2024-09-30,ENT-SAG,BD-1089,77,157.64,5
2025-05-31,ENT-MTL,BD-1099,5,346.57,11
2025-12-31,ENT-QC,BD-1083,11,189.32,11
2024-12-31,ENT-QC,BD-1040,16,268.77,18
2025-09-30,ENT-QC,BD-1036,25,191.63,19
2024-04-30,ENT-MTL,BD-1156,6,161.25,11
2025-04-30,ENT-QC,BD-1017,86,313.71,14
2024-10-31,ENT-SAG,BD-1098,88,257.11,6
2024-01-31,ENT-QC,BD-1107,8,147.44,14
2025-04-30,ENT-QC,BD-1082,11,284.24,11
2025-10-31,ENT-QC,BD-1062,16,135.59,17
2025-08-31,ENT-MTL,BD-1028,8,143.73,13
2025-02-28,ENT-SAG,BD-1093,6,134.96,4
2025-11-30,ENT-QC,BD-1115,2,47.23,11
2024-11-30,ENT-QC,BD-1045,18,76.76,16
2024-10-31,ENT-QC,BD-1163,39,294.58,11
2025-02-28,ENT-QC,BD-1022,0,252.94,8
2024-12-31,ENT-QC,BD-1034,14,151.89,13
2024-08-31,ENT-QC,BD-1121,16,43.73,10
2024-07-31,ENT-SAG,BD-1026,64,241.74,4
2024-11-30,ENT-QC,BD-1161,19,62.84,14
2025-10-31,ENT-MTL,BD-1102,48,260.69,10
2024-10-31,ENT-MTL,BD-1003,0,188.61,10
2024-07-31,ENT-MTL,BD-1073,0,255.00,13
2025-05-31,ENT-QC,BD-1176,23,328.78,17
2024-01-31,ENT-SAG,BD-1008,12,128.94,4
2024-12-31,ENT-MTL,BD-1040,-7,268.77,17
2025-05-31,ENT-MTL,BD-1180,24,95.30,14
2024-12-31,ENT-MTL,BD-9738,17,276.47,13
2025-10-31,ENT-MTL,BD-1175,24,96.85,16
2025-12-31,ENT-MTL,BD-1006,11,182.47,10
2024-07-31,ENT-QC,BD-1144,15,96.31,15
2025-01-31,ENT-QC,BD-1093,5,134.96,10
2024-09-30,ENT-MTL,BD-1111,1,145.84,11
2024-04-30,ENT-MTL,BD-1007,36,55.96,9
2024-12-31,ENT-MTL,BD-1117,5,98.28,10
2024-05-31,ENT-SAG,BD-1140,13,40.41,5
2025-06-30,ENT-QC,BD-1017,77,313.71,14
2024-06-30,ENT-QC,BD-1055,80,209.35,16
2025-03-31,ENT-MTL,BD-1041,71,163.24,15
2024-12-31,ENT-QC,BD-1150,84,339.92,14
2025-01-31,ENT-MTL,BD-1103,5,154.84,12
2025-01-31,ENT-QC,BD-1114,0,152.73,12
2025-03-31,ENT-MTL,BD-1032,1,347.11,12
2025-01-31,ENT-MTL,BD-1031,25,300.62,13
2024-02-29,ENT-MTL,BD-1181,30,305.97,17
2024-02-29,ENT-MTL,BD-1127,27,170.72,14
2025-06-30,ENT-SAG,BD-1074,18,130.44,5
2025-02-28,ENT-QC,BD-1033,22,113.22,14
2024-11-30,ENT-MTL,BD-1032,7,339.97,12
2024-08-31,ENT-QC,BD-1095,33,53.64,8
2025-07-31,ENT-MTL,BD-1153,4,116.00,10
2024-01-31,ENT-SAG,BD-1148,21,296.06,5
2024-12-31,ENT-QC,BD-1130,76,317.23,14
2025-10-31,ENT-SAG,BD-1072,80,236.88,5
2025-05-31,ENT-MTL,BD-1003,50,227.23,10
2025-03-31,ENT-SAG,BD-1172,19,221.22,5
2024-12-31,ENT-MTL,BD-1074,11,108.27,12
2024-03-31,ENT-MTL,BD-1099,12,287.66,11
2024-04-30,ENT-MTL,BD-1089,9,157.64,11
2024-04-30,ENT-QC,BD-1023,73,239.29,14
2025-02-28,ENT-QC,BD-1163,30,300.77,11
2024-09-30,ENT-SAG,BD-1165,29,105.70,5
2024-01-31,ENT-SAG,BD-1180,19,93.34,6
2024-04-30,ENT-SAG,BD-1172,40,216.67,5
2024-03-31,ENT-QC,BD-1042,113,261.53,23
2024-06-30,ENT-QC,BD-1154,18,323.13,13
2024-10-31,ENT-SAG,BD-1028,0,140.77,6
2025-01-31,ENT-QC,BD-1025,13,149.35,9
2024-06-30,ENT-SAG,BD-1065,20,128.81,5
2025-10-31,ENT-MTL,BD-1042,18,267.02,22
2024-08-31,ENT-MTL,BD-1132,17,125.81,13
2024-09-30,ENT-QC,BD-1161,26,62.84,14
2024-10-31,ENT-SAG,BD-1109,15,303.82,4
2025-10-31,ENT-QC,BD-1013,10,315.34,12
2025-01-31,ENT-SAG,BD-1017,4,313.71,6
2024-10-31,ENT-QC,BD-1054,0,257.53,17
2025-02-28,ENT-QC,BD-1023,19,244.32,14
2025-05-31,ENT-MTL,BD-1040,84,274.41,17
2024-10-31,ENT-QC,BD-1126,2,130.29,12
2024-10-31,ENT-QC,BD-1143,61,215.92,13
2025-01-31,ENT-QC,BD-1039,8,122.17,19
2024-09-30,ENT-SAG,BD-1029,6,238.44,4
2024-02-29,ENT-QC,BD-1146,2,220.88,14
2024-11-30,ENT-SAG,BD-1100,47,306.44,4
2025-10-31,ENT-QC,BD-1123,21,132.28,13
2024-09-30,ENT-SAG,BD-1093,62,132.18,4
2025-01-31,ENT-SAG,BD-1111,9,148.90,5
2024-01-31,ENT-MTL,BD-1170,14,16.60,12
2024-10-31,ENT-MTL,BD-1121,1,43.73,9
2024-08-31,ENT-QC,BD-1043,70,294.10,15
2025-05-31,ENT-SAG,BD-1063,110,247.24,9
2025-06-30,ENT-SAG,BD-1090,11,69.37,5
2024-02-29,ENT-MTL,BD-1113,8,276.01,9
2024-02-29,ENT-MTL,BD-1097,2,210.05,11
2024-05-31,ENT-MTL,BD-1003,46,188.61,10
2024-06-30,ENT-QC,BD-1041,100,159.88,16
2024-11-30,ENT-SAG,BD-1181,49,305.97,8
2025-10-31,ENT-MTL,BD-1097,54,253.06,11
2025-08-31,ENT-MTL,BD-1128,0,78.87,10
2025-02-28,ENT-MTL,BD-1040,7,274.41,17
2024-06-30,ENT-MTL,BD-1178,27,116.97,16
2025-01-31,ENT-SAG,BD-1051,39,79.76,8
2025-03-31,ENT-MTL,BD-1109,10,310.20,10
2024-11-30,ENT-QC,BD-1152,43,265.82,10
2024-02-29,ENT-QC,BD-1155,5,322.38,17
2025-10-31,ENT-SAG,BD-1038,5,319.94,9
2024-03-31,ENT-QC,BD-1155,15,322.38,17
2025-11-30,ENT-MTL,BD-1083,41,189.32,10
2025-01-31,ENT-SAG,BD-1027,1,254.96,6
2024-05-31,ENT-SAG,BD-1060,126,241.90,7
2024-09-30,ENT-SAG,BD-1145,89,108.83,7
2024-03-31,ENT-QC,BD-1129,4,45.49,20
2025-02-28,ENT-QC,BD-1151,12,92.25,10
2025-08-31,ENT-QC,BD-1106,23,340.08,14
2025-07-31,ENT-MTL,BD-1182,17,58.06,13
2024-11-30,ENT-QC,BD-1138,76,86.38,14
2025-10-31,ENT-QC,BD-1137,80,25.59,13
2024-08-31,ENT-QC,BD-1152,14,265.82,10
2024-08-31,ENT-SAG,BD-1169,42,276.47,6
2025-10-31,ENT-MTL,BD-1073,69,307.22,13
2025-05-31,ENT-MTL,BD-1179,21,231.35,12
2024-02-29,ENT-MTL,BD-1125,8,285.25,11
2024-03-31,ENT-MTL,BD-1158,33,180.81,15
2024-12-31,ENT-MTL,BD-1171,13,83.70,12
2024-08-31,ENT-MTL,BD-1127,7,170.72,14
2024-12-31,ENT-QC,BD-1126,7,130.29,12
2024-12-31,ENT-SAG,BD-1051,16,78.12,8
2025-03-31,ENT-SAG,BD-1038,135,319.94,9
2025-09-30,ENT-SAG,BD-1098,95,309.76,6
2025-08-31,ENT-QC,BD-1150,6,347.06,14
2025-11-30,ENT-MTL,BD-1031,14,300.62,13
2024-11-30,ENT-QC,BD-1041,26,159.88,16
2024-05-31,ENT-QC,BD-1051,104,78.12,18
2025-11-30,ENT-MTL,BD-1099,57,346.57,11
2025-11-30,ENT-MTL,BD-1179,11,231.35,12
2024-08-31,ENT-QC,BD-9832,9,170.21,12
2025-12-31,ENT-SAG,BD-1160,38,41.56,6
2024-02-29,ENT-SAG,BD-1116,11,58.93,7
2025-03-31,ENT-SAG,BD-1126,0,133.03,5
2024-04-30,ENT-SAG,BD-1061,121,75.23,7
2024-09-30,ENT-SAG,BD-1148,77,296.06,5
2025-10-31,ENT-QC,BD-1034,21,182.99,13
2025-07-31,ENT-MTL,BD-1068,13,342.49,12
2024-06-30,ENT-QC,BD-1044,80,195.45,17
2025-09-30,ENT-MTL,BD-1004,6,158.83,10
2024-07-31,ENT-MTL,BD-1033,49,110.89,13
2025-03-31,ENT-MTL,BD-1148,11,302.28,11
2024-05-31,ENT-MTL,BD-1175,13,94.86,16
2025-11-30,ENT-QC,BD-1096,67,205.70,10
2025-04-30,ENT-SAG,BD-1027,101,254.96,6
2024-04-30,ENT-QC,BD-1128,0,77.25,10
2024-01-31,ENT-QC,BD-1040,20,268.77,18
2024-05-31,ENT-MTL,BD-1164,14,98.38,10
2025-07-31,ENT-MTL,BD-1107,0,150.54,13
2025-10-31,ENT-MTL,BD-1169,32,282.28,13
2024-09-30,ENT-QC,BD-1069,72,198.50,12
2025-03-31,ENT-QC,BD-1120,0,186.72,12
2025-03-31,ENT-MTL,BD-1097,17,214.46,11
2025-08-31,ENT-QC,BD-1015,19,325.38,14
2024-06-30,ENT-SAG,BD-1041,110,159.88,7
2024-04-30,ENT-QC,BD-1057,80,19.26,17
2024-12-31,ENT-MTL,BD-1105,4,166.12,11
2024-11-30,ENT-QC,BD-1075,75,59.74,13
2024-05-31,ENT-MTL,BD-1158,34,180.81,15
2024-02-29,ENT-QC,BD-1003,3,188.61,11
2024-11-30,ENT-MTL,BD-1090,45,57.58,11
2024-03-31,ENT-QC,BD-1165,32,105.70,12
2024-09-30,ENT-SAG,BD-1021,11,201.55,5
2024-07-31,ENT-QC,BD-1043,82,294.10,15
2025-06-30,ENT-SAG,BD-1118,99,343.17,5
2025-02-28,ENT-MTL,BD-1135,20,40.73,14
2025-02-28,ENT-MTL,BD-1080,7,176.76,11
2025-01-31,ENT-MTL,BD-1165,20,107.92,12
2025-04-30,ENT-SAG,BD-1150,10,347.06,6
2025-11-30,ENT-QC,BD-1075,87,71.97,13
2024-03-31,ENT-SAG,BD-1071,12,301.72,7
2025-05-31,ENT-SAG,BD-1099,25,346.57,5
2024-08-31,ENT-MTL,BD-1136,11,110.14,12
2025-05-31,ENT-SAG,BD-1116,95,60.17,7
2025-12-31,ENT-QC,BD-1004,7,158.83,11
2024-11-30,ENT-QC,BD-1133,60,61.66,16
2025-11-30,ENT-SAG,BD-1134,66,61.77,4
2025-05-31,ENT-MTL,BD-1024,54,189.35,12
2025-04-30,ENT-QC,BD-1041,83,163.24,16
2024-06-30,ENT-QC,BD-1180,32,93.34,15
2024-07-31,ENT-QC,BD-1003,61,188.61,11
2024-04-30,ENT-SAG,BD-1120,80,182.88,5
2025-05-31,ENT-MTL,BD-1097,3,253.06,11
2024-03-31,ENT-QC,BD-1134,12,60.50,10
2025-05-31,ENT-QC,BD-1137,14,25.59,13
2025-07-31,ENT-QC,BD-1036,87,191.63,19
2024-10-31,ENT-MTL,BD-1117,12,98.28,10
2025-11-30,ENT-QC,BD-1079,67,147.87,12
2024-05-31,ENT-MTL,BD-1085,5,40.90,9
2024-08-31,ENT-QC,BD-1098,83,257.11,15
2025-06-30,ENT-MTL,BD-1169,27,282.28,13
2024-11-30,ENT-SAG,BD-1088,61,335.85,4
2024-03-31,ENT-SAG,BD-1098,4,257.11,6
2025-11-30,ENT-SAG,BD-1167,38,209.73,5
2024-10-31,ENT-QC,BD-1180,48,93.34,15
2024-06-30,ENT-MTL,BD-1133,11,61.66,15
2024-05-31,ENT-QC,BD-1131,1,36.32,14
2024-10-31,ENT-SAG,BD-1111,12,145.84,5
2024-11-30,ENT-QC,BD-1044,22,195.45,17
2024-07-31,ENT-SAG,BD-1016,51,219.41,4
2024-01-31,ENT-MTL,BD-1165,22,105.70,12
2024-12-31,ENT-QC,BD-1071,0,301.72,16
2024-12-31,ENT-QC,BD-1097,13,210.05,12
2024-05-31,ENT-SAG,BD-1165,13,105.70,5
2024-07-31,ENT-QC,BD-1052,90,179.27,17
2025-02-28,ENT-QC,BD-1122,4,212.67,11
2025-05-31,ENT-QC,BD-1175,37,96.85,17
2024-09-30,ENT-QC,BD-1003,19,188.61,11
2024-07-31,ENT-SAG,BD-1073,12,255.00,6
2024-05-31,ENT-MTL,BD-1033,68,110.89,13
2025-08-31,ENT-MTL,BD-1142,12,100.93,10
2024-06-30,ENT-SAG,BD-1166,41,212.88,5
2025-05-31,ENT-QC,BD-1084,21,375.89,12
2024-07-31,ENT-SAG,BD-1147,9,339.78,4
2024-03-31,ENT-QC,BD-1091,8,279.07,11
2025-08-31,ENT-QC,BD-1147,13,346.92,10
2025-09-30,ENT-QC,BD-1102,45,260.69,10
2024-03-31,ENT-MTL,BD-1040,84,268.77,17
2025-11-30,ENT-SAG,BD-1149,106,111.14,7
2025-12-31,ENT-QC,BD-1061,37,76.81,18
2024-04-30,ENT-MTL,BD-1107,63,147.44,13
2024-12-31,ENT-SAG,BD-1050,27,291.69,8
2025-12-31,ENT-SAG,BD-1061,13,76.81,7
2024-10-31,ENT-SAG,BD-1068,85,284.28,5
2025-06-30,ENT-MTL,BD-1123,57,132.28,13
2024-12-31,ENT-MTL,BD-1161,15,62.84,13
2024-08-31,ENT-MTL,BD-1123,12,129.56,13
2025-04-30,ENT-QC,BD-1145,0,111.12,16
2025-12-31,ENT-QC,BD-1161,39,64.16,14
2024-09-30,ENT-MTL,BD-1041,21,159.88,15
2025-05-31,ENT-MTL,BD-1160,17,41.56,14
2024-09-30,ENT-MTL,BD-1148,63,296.06,11
2024-08-31,ENT-SAG,BD-1055,107,209.35,7
2024-07-31,ENT-SAG,BD-1156,26,161.25,5
2025-11-30,ENT-QC,BD-1182,17,58.06,14
2025-08-31,ENT-SAG,BD-1036,117,191.63,8
2025-03-31,ENT-QC,BD-1044,81,199.55,17
2024-10-31,ENT-QC,BD-1165,19,105.70,12
2024-10-31,ENT-MTL,BD-1136,57,110.14,12
2024-05-31,ENT-MTL,BD-1058,89,146.46,17
2025-05-31,ENT-MTL,BD-1095,0,64.62,7
2024-10-31,ENT-QC,BD-1002,14,292.58,7
2025-11-30,ENT-SAG,BD-1090,62,69.37,5
2025-08-31,ENT-SAG,BD-1078,52,238.11,4
2024-05-31,ENT-QC,BD-1096,9,170.74,10
2024-03-31,ENT-QC,BD-1078,5,197.64,9
2025-08-31,ENT-MTL,BD-1111,15,148.90,11
2025-01-31,ENT-MTL,BD-1056,19,293.14,18
2025-01-31,ENT-QC,BD-1071,27,308.06,16
2024-05-31,ENT-QC,BD-1156,7,161.25,12
2024-08-31,ENT-QC,BD-1012,15,68.19,11
2024-02-29,ENT-QC,BD-1113,3,276.01,10
2024-10-31,ENT-MTL,BD-1079,54,144.83,12
2024-01-31,ENT-MTL,BD-1003,0,188.61,10
2025-11-30,ENT-QC,BD-1032,4,409.59,13
2024-02-29,ENT-QC,BD-1132,12,125.81,14
2025-03-31,ENT-MTL,BD-1071,10,308.06,15
2025-03-31,ENT-SAG,BD-1026,23,246.82,4
2024-08-31,ENT-QC,BD-1056,100,287.11,19
2025-10-31,ENT-MTL,BD-1123,0,132.28,13
2024-05-31,ENT-QC,BD-1153,3,113.61,11
2025-05-31,ENT-MTL,BD-1029,40,243.45,10
2025-10-31,ENT-SAG,BD-1112,22,67.02,5
2025-03-31,ENT-QC,BD-1084,13,318.55,12
2024-11-30,ENT-QC,BD-1066,51,199.26,10
2024-01-31,ENT-QC,BD-1151,3,90.35,10
2025-02-28,ENT-MTL,BD-1001,2,186.13,8
2024-01-31,ENT-QC,BD-1173,28,207.98,16
2024-09-30,ENT-QC,BD-1019,14,170.21,12
2024-07-31,ENT-QC,BD-1027,68,249.72,14
2025-08-31,ENT-MTL,BD-1076,58,338.68,11
2024-09-30,ENT-SAG,BD-1071,121,301.72,7
2025-06-30,ENT-QC,BD-1067,2,28.64,14
2025-04-30,ENT-QC,BD-1094,11,124.30,12
2024-01-31,ENT-MTL,BD-1041,19,159.88,15
2025-09-30,ENT-SAG,BD-1145,98,111.12,7
2025-12-31,ENT-QC,BD-1165,31,107.92,12
2024-03-31,ENT-SAG,BD-1145,27,108.83,7
2024-12-31,ENT-MTL,BD-1152,39,265.82,9
2024-11-30,ENT-MTL,BD-1102,36,255.33,10
2024-10-31,ENT-SAG,BD-1169,33,276.47,6
2025-06-30,ENT-SAG,BD-1137,27,25.59,5
2024-09-30,ENT-SAG,BD-1002,0,292.58,3
2025-09-30,ENT-SAG,BD-1137,94,25.59,5
2024-04-30,ENT-QC,BD-1165,17,105.70,12
2025-02-28,ENT-QC,BD-1085,7,41.76,10
2024-05-31,ENT-QC,BD-1021,59,201.55,12
2025-10-31,ENT-MTL,BD-1085,43,49.28,9
2024-10-31,ENT-QC,BD-1038,14,313.36,21
2024-06-30,ENT-QC,BD-1137,8,25.06,13
2024-10-31,ENT-QC,BD-1067,81,23.77,14
2025-06-30,ENT-MTL,BD-1101,0,75.83,12
2024-04-30,ENT-MTL,BD-1108,51,166.46,13
2025-01-31,ENT-MTL,BD-1181,44,312.40,17
2024-10-31,ENT-QC,BD-1111,19,145.84,12
2024-01-31,ENT-QC,BD-1043,4,294.10,15
2025-04-30,ENT-MTL,BD-1101,2,64.26,12
2025-06-30,ENT-MTL,BD-1025,36,149.35,9
2025-09-30,ENT-QC,BD-1021,2,242.82,12
2025-11-30,ENT-QC,BD-1104,3,76.70,11
2025-10-31,ENT-MTL,BD-1158,28,184.61,15
2025-10-31,ENT-QC,BD-1057,44,23.20,17
2024-05-31,ENT-SAG,BD-1098,5,257.11,6
2025-03-31,ENT-MTL,BD-1170,7,16.95,12
2024-04-30,ENT-QC,BD-1056,105,287.11,19
2024-11-30,ENT-QC,BD-1155,103,322.38,17
2024-07-31,ENT-SAG,BD-1111,14,145.84,5
2025-07-31,ENT-MTL,BD-1080,19,208.57,11
2024-09-30,ENT-QC,BD-1055,29,209.35,16
2024-03-31,ENT-MTL,BD-1007,1,55.96,9
2025-10-31,ENT-SAG,BD-1120,13,186.72,5
2024-01-31,ENT-MTL,BD-1034,25,151.89,12
2025-10-31,ENT-QC,BD-1117,10,100.34,10
2025-06-30,ENT-QC,BD-1138,10,88.19,14
2024-11-30,ENT-SAG,BD-1111,23,145.84,5
2025-08-31,ENT-QC,BD-1011,6,294.52,9
2024-02-29,ENT-MTL,BD-1162,26,66.97,14
2025-04-30,ENT-QC,BD-1149,6,111.14,18
2025-10-31,ENT-MTL,BD-1173,22,212.35,15
2024-09-30,ENT-QC,BD-1101,74,62.94,12
2025-07-31,ENT-SAG,BD-1143,24,220.45,5
2025-01-31,ENT-SAG,BD-1134,7,61.77,4
2024-07-31,ENT-MTL,BD-1008,50,128.94,9
2024-12-31,ENT-MTL,BD-1024,14,185.46,12
2025-10-31,ENT-MTL,BD-1149,93,111.14,17
2024-03-31,ENT-MTL,BD-1054,69,257.53,16
2024-08-31,ENT-QC,BD-1124,10,150.61,12
2025-06-30,ENT-SAG,BD-1026,81,246.82,4
2024-01-31,ENT-SAG,BD-1131,22,36.32,6
2024-12-31,ENT-MTL,BD-1176,34,322.02,16
2025-04-30,ENT-QC,BD-1019,54,173.78,12
2025-10-31,ENT-MTL,BD-1083,51,189.32,10
2025-04-30,ENT-MTL,BD-1007,31,57.14,9
2024-12-31,ENT-MTL,BD-1127,77,170.72,14
2024-12-31,ENT-SAG,BD-1179,14,226.59,5
2024-05-31,ENT-QC,BD-1159,55,166.16,20
2024-07-31,ENT-QC,BD-1087,22,211.22,15
2024-08-31,ENT-SAG,BD-1177,24,211.22,5
2025-12-31,ENT-QC,BD-1103,22,154.84,13
2024-05-31,ENT-QC,BD-1165,25,105.70,12
2025-06-30,ENT-QC,BD-1079,0,147.87,12
2024-06-30,ENT-QC,BD-1052,103,179.27,17
2024-04-30,ENT-QC,BD-1001,42,182.30,9
2024-05-31,ENT-QC,BD-1086,9,80.72,12
2025-05-31,ENT-SAG,BD-1169,12,282.28,6
2024-12-31,ENT-MTL,BD-1008,13,128.94,9
2024-06-30,ENT-QC,BD-1010,61,87.08,12
2025-12-31,ENT-QC,BD-1179,19,231.35,12
2024-08-31,ENT-QC,BD-1026,2,241.74,11
2025-08-31,ENT-QC,BD-1179,14,231.35,12
2024-10-31,ENT-QC,BD-1006,0,178.72,11
2024-10-31,ENT-MTL,BD-1027,14,249.72,14
2025-11-30,ENT-MTL,BD-1021,13,242.82,11
2024-04-30,ENT-SAG,BD-1161,40,62.84,6
2024-06-30,ENT-SAG,BD-1143,16,215.92,5
2025-07-31,ENT-QC,BD-1093,8,159.25,10
2025-05-31,ENT-MTL,BD-1083,9,189.32,10
2024-02-29,ENT-SAG,BD-1176,60,322.02,7
2024-07-31,ENT-QC,BD-1122,0,208.30,11
2025-02-28,ENT-SAG,BD-1080,13,176.76,5
2025-04-30,ENT-QC,BD-1111,61,148.90,12
2025-06-30,ENT-QC,BD-1071,18,363.51,16
2024-12-31,ENT-SAG,BD-1028,6,140.77,6
2024-11-30,ENT-MTL,BD-1053,18,176.84,19
2024-02-29,ENT-QC,BD-1077,7,167.57,14
2025-12-31,ENT-QC,BD-1094,5,124.30,12
2024-03-31,ENT-MTL,BD-1084,14,312.00,12
2024-10-31,ENT-SAG,BD-1107,12,147.44,6
2025-01-31,ENT-MTL,BD-1131,7,37.08,13
2025-06-30,ENT-QC,BD-1100,2,369.19,11
2024-06-30,ENT-SAG,BD-1067,13,23.77,6
2024-06-30,ENT-MTL,BD-1020,72,32.44,15
2024-08-31,ENT-QC,BD-1120,13,182.88,12
2025-12-31,ENT-MTL,BD-1010,2,88.91,11
2024-10-31,ENT-QC,BD-1115,9,46.26,11
2024-05-31,ENT-QC,BD-1040,102,268.77,18
2024-06-30,ENT-SAG,BD-1092,15,140.04,6
2024-05-31,ENT-SAG,BD-1097,14,210.05,5
2025-05-31,ENT-QC,BD-1118,69,343.17,13
2024-08-31,ENT-MTL,BD-1090,59,57.58,11
2025-09-30,ENT-QC,BD-1070,51,48.05,10
2024-11-30,ENT-SAG,BD-1112,0,65.64,5
2025-10-31,ENT-QC,BD-1177,20,215.66,12
2025-02-28,ENT-QC,BD-1036,14,162.40,19
2025-06-30,ENT-QC,BD-1148,22,302.28,12
2024-07-31,ENT-MTL,BD-1076,11,281.11,11
2025-03-31,ENT-QC,BD-1176,33,328.78,17
2025-04-30,ENT-MTL,BD-1069,7,202.67,11
2025-06-30,ENT-MTL,BD-1111,47,148.90,11
2025-09-30,ENT-QC,BD-1147,49,346.92,10
2024-07-31,ENT-MTL,BD-1062,63,112.54,16
2025-02-28,ENT-QC,BD-1069,10,202.67,12
2025-10-31,ENT-QC,BD-1027,0,254.96,14
2025-12-31,ENT-QC,BD-1006,0,182.47,11
2024-01-31,ENT-QC,BD-1122,6,208.30,11
2025-02-28,ENT-QC,BD-1126,7,133.03,12
2025-09-30,ENT-QC,BD-1181,41,312.40,18
2024-07-31,ENT-SAG,BD-1082,17,278.39,4
2025-01-31,ENT-QC,BD-1091,20,284.93,11
2025-10-31,ENT-QC,BD-1111,11,148.90,12
2024-01-31,ENT-MTL,BD-1046,0,308.91,17
2025-12-31,ENT-SAG,BD-1179,45,231.35,5
2025-09-30,ENT-QC,BD-1039,0,122.17,19
2024-06-30,ENT-QC,BD-1005,63,204.06,13
2025-04-30,ENT-QC,BD-1108,86,169.96,14
2025-12-31,ENT-QC,BD-1075,19,71.97,13
2025-12-31,ENT-SAG,BD-1093,15,159.25,4
2025-03-31,ENT-QC,BD-1096,10,174.33,10
2024-06-30,ENT-SAG,BD-1051,128,78.12,8
2024-03-31,ENT-SAG,BD-1140,17,40.41,5
2025-06-30,ENT-QC,BD-1012,58,69.62,11
2024-04-30,ENT-QC,BD-1013,73,308.85,12
2024-05-31,ENT-MTL,BD-1090,3,57.58,11
2024-01-31,ENT-QC,BD-1039,25,119.66,19
2025-02-28,ENT-MTL,BD-1008,4,131.65,9
2025-04-30,ENT-MTL,BD-1097,12,214.46,11
2024-02-29,ENT-QC,BD-1131,19,36.32,14
2025-02-28,ENT-MTL,BD-1117,5,100.34,10
2024-07-31,ENT-SAG,BD-1080,13,173.12,5
2024-10-31,ENT-SAG,BD-1180,49,93.34,6
2024-09-30,ENT-QC,BD-1013,0,308.85,12
2025-11-30,ENT-MTL,BD-1008,3,155.34,9
2025-10-31,ENT-MTL,BD-1008,5,155.34,9
2024-08-31,ENT-MTL,BD-1041,64,159.88,15
2024-03-31,ENT-QC,BD-1036,106,159.06,19
2025-02-28,ENT-QC,BD-1150,5,347.06,14
2024-05-31,ENT-QC,BD-1073,13,255.00,14
2024-07-31,ENT-SAG,BD-1033,98,110.89,6
2025-08-31,ENT-QC,BD-1074,74,130.44,13
2025-02-28,ENT-SAG,BD-1132,2,128.45,6
2025-10-31,ENT-QC,BD-1121,15,44.65,10
2024-03-31,ENT-QC,BD-1152,11,265.82,10
2025-11-30,ENT-MTL,BD-1178,20,119.43,16
2024-02-29,ENT-QC,BD-1163,29,294.58,11
2024-07-31,ENT-SAG,BD-1066,17,199.26,4
2025-10-31,ENT-SAG,BD-1033,29,113.22,6
2025-11-30,ENT-SAG,BD-1075,79,71.97,5
2024-04-30,ENT-MTL,BD-1054,61,257.53,16
2024-01-31,ENT-SAG,BD-1021,7,201.55,5
2025-04-30,ENT-QC,BD-1144,5,98.33,15
2024-12-31,ENT-QC,BD-1134,52,60.50,10
2024-02-29,ENT-QC,BD-1028,17,140.77,14
2025-12-31,ENT-SAG,BD-1145,112,111.12,7
2025-06-30,ENT-MTL,BD-1092,2,168.72,14
2024-11-30,ENT-QC,BD-1040,22,268.77,18
2025-08-31,ENT-MTL,BD-1077,53,171.09,13
2025-09-30,ENT-QC,BD-1073,89,307.22,14
2024-12-31,ENT-QC,BD-1046,17,308.91,17
2025-01-31,ENT-MTL,BD-1041,0,163.24,15
2024-07-31,ENT-QC,BD-1054,98,257.53,17
2025-02-28,ENT-QC,BD-1006,9,182.47,11
2025-05-31,ENT-QC,BD-1042,121,267.02,23
2024-06-30,ENT-QC,BD-1074,13,108.27,13
2024-08-31,ENT-QC,BD-1179,23,226.59,12
2025-02-28,ENT-QC,BD-1097,11,214.46,12
2024-06-30,ENT-MTL,BD-1151,8,90.35,10
2024-03-31,ENT-MTL,BD-1042,108,261.53,22
2024-06-30,ENT-MTL,BD-1091,14,279.07,11
2025-02-28,ENT-SAG,BD-1047,33,71.53,6
2024-09-30,ENT-QC,BD-1050,3,291.69,19
2024-07-31,ENT-QC,BD-1060,98,241.90,17
2025-09-30,ENT-QC,BD-1087,84,215.66,15
2025-12-31,ENT-SAG,BD-1019,5,205.07,5
2024-07-31,ENT-MTL,BD-1171,17,83.70,12
2024-09-30,ENT-QC,BD-1168,26,224.71,13
2024-11-30,ENT-QC,BD-1096,54,170.74,10
2024-04-30,ENT-QC,BD-1167,30,205.42,13
2024-08-31,ENT-MTL,BD-1077,61,167.57,13
2025-04-30,ENT-QC,BD-1110,70,182.67,12
2025-02-28,ENT-MTL,BD-1086,2,82.42,11
2024-07-31,ENT-QC,BD-1146,15,220.88,14
2024-03-31,ENT-SAG,BD-1041,84,159.88,7
2025-10-31,ENT-QC,BD-1060,16,291.44,17
2024-12-31,ENT-QC,BD-1053,31,176.84,20
2024-07-31,ENT-QC,BD-1031,89,294.44,14
2024-11-30,ENT-MTL,BD-1110,0,178.91,12
2024-08-31,ENT-MTL,BD-1070,48,39.88,10
2025-10-31,ENT-MTL,BD-1111,20,148.90,11
2025-01-31,ENT-QC,BD-1044,16,199.55,17
2025-01-31,ENT-QC,BD-1137,19,25.59,13
2024-09-30,ENT-SAG,BD-1009,11,66.28,3
2024-03-31,ENT-MTL,BD-1132,0,125.81,13
2025-03-31,ENT-QC,BD-1181,36,312.40,18
2025-02-28,ENT-SAG,BD-1107,13,150.54,6
2024-05-31,ENT-QC,BD-1018,37,242.09,6
2025-10-31,ENT-MTL,BD-1132,61,128.45,13
2024-02-29,ENT-QC,BD-1056,21,287.11,19
2025-02-28,ENT-MTL,BD-1175,33,96.85,16
2025-05-31,ENT-QC,BD-1179,27,231.35,12
2024-11-30,ENT-SAG,BD-1168,23,224.71,5
2024-03-31,ENT-MTL,BD-1175,22,94.86,16
2024-10-31,ENT-QC,BD-1133,79,61.66,16
2025-10-31,ENT-MTL,BD-1125,14,291.24,11
2025-04-30,ENT-MTL,BD-1058,84,149.54,17
2024-05-31,ENT-SAG,BD-1181,48,305.97,8
2025-03-31,ENT-QC,BD-1155,28,329.15,17
2025-06-30,ENT-QC,BD-1011,48,294.52,9
2025-02-28,ENT-QC,BD-1019,29,173.78,12
2024-03-31,ENT-QC,BD-1082,12,278.39,11
2025-06-30,ENT-QC,BD-1010,43,88.91,12
2024-04-30,ENT-SAG,BD-1154,0,323.13,5
2025-11-30,ENT-MTL,BD-1002,3,298.72,7
2025-12-31,ENT-SAG,BD-1052,20,183.03,7
2025-11-30,ENT-SAG,BD-1052,0,183.03,7
2024-07-31,ENT-MTL,BD-1080,7,173.12,11
2025-09-30,ENT-QC,BD-1116,2,60.17,16
2025-02-28,ENT-MTL,BD-1039,9,122.17,18
2025-05-31,ENT-QC,BD-1164,22,100.45,11
2025-09-30,ENT-QC,BD-1008,16,155.34,10
2025-04-30,ENT-SAG,BD-1037,111,16.65,9
2024-12-31,ENT-SAG,BD-1071,8,301.72,7
2024-05-31,ENT-SAG,BD-1152,5,265.82,4
2025-07-31,ENT-SAG,BD-1180,56,95.30,6
2025-07-31,ENT-MTL,BD-1110,15,182.67,12
2024-05-31,ENT-SAG,BD-1090,22,57.58,5
2025-08-31,ENT-MTL,BD-1148,0,302.28,11
2024-10-31,ENT-QC,BD-1159,16,166.16,20
2025-03-31,ENT-MTL,BD-1149,4,111.14,17
2025-12-31,ENT-QC,BD-1167,21,209.73,13
2024-12-31,ENT-MTL,BD-1014,10,26.62,14
2025-11-30,ENT-QC,BD-1160,40,41.56,15
2025-11-30,ENT-QC,BD-1178,28,119.43,17
2025-05-31,ENT-MTL,BD-1106,63,340.08,13
2024-06-30,ENT-MTL,BD-1003,55,188.61,10
2025-04-30,ENT-QC,BD-1171,15,85.46,12
2024-05-31,ENT-QC,BD-1090,0,57.58,12
2024-11-30,ENT-QC,BD-1086,67,80.72,12
2024-06-30,ENT-SAG,BD-1005,99,204.06,5
2025-12-31,ENT-MTL,BD-1161,23,64.16,13
2025-12-31,ENT-SAG,BD-1147,69,346.92,4
2024-06-30,ENT-QC,BD-1143,7,215.92,13
2025-11-30,ENT-QC,BD-1159,41,169.65,20
2025-01-31,ENT-MTL,BD-1001,6,186.13,8
2025-09-30,ENT-SAG,BD-1083,64,189.32,4
2025-12-31,ENT-SAG,BD-1045,41,78.37,6
2025-08-31,ENT-MTL,BD-1024,4,189.35,12
2025-12-31,ENT-QC,BD-1133,94,62.95,16
2024-08-31,ENT-QC,BD-1069,76,198.50,12
2025-08-31,ENT-QC,BD-1115,0,47.23,11
2025-12-31,ENT-QC,BD-1077,22,171.09,14
2024-12-31,ENT-SAG,BD-1066,5,199.26,4
2025-10-31,ENT-QC,BD-1181,49,312.40,18
2025-07-31,ENT-MTL,BD-1109,2,310.20,10
2025-06-30,ENT-QC,BD-1126,77,133.03,12
2024-11-30,ENT-QC,BD-1049,19,30.58,18
2025-07-31,ENT-QC,BD-1075,0,71.97,13
2024-11-30,ENT-MTL,BD-1175,28,94.86,16
2025-07-31,ENT-QC,BD-1082,0,335.40,11
2025-02-28,ENT-SAG,BD-1065,0,131.52,5
2024-06-30,ENT-SAG,BD-1118,77,336.11,5
2025-08-31,ENT-SAG,BD-1172,33,221.22,5
2025-07-31,ENT-QC,BD-1111,5,148.90,12
2024-10-31,ENT-MTL,BD-1084,49,312.00,12
2024-12-31,ENT-QC,BD-1172,23,216.67,13
2025-01-31,ENT-QC,BD-1110,9,182.67,12
2024-10-31,ENT-QC,BD-1016,5,219.41,9
2024-09-30,ENT-QC,BD-1172,33,216.67,13
2024-11-30,ENT-QC,BD-1156,63,161.25,12
2024-12-31,ENT-QC,BD-1129,110,45.49,20
2025-05-31,ENT-MTL,BD-1171,23,85.46,12
2025-03-31,ENT-QC,BD-1157,23,25.21,13
2024-08-31,ENT-MTL,BD-1107,23,147.44,13
2025-05-31,ENT-MTL,BD-1049,74,31.22,17
2024-04-30,ENT-QC,BD-1055,72,209.35,16
2024-07-31,ENT-SAG,BD-1134,9,60.50,4
2024-06-30,ENT-SAG,BD-1036,119,159.06,8
2024-07-31,ENT-MTL,BD-1167,13,205.42,12
2025-08-31,ENT-QC,BD-1148,14,302.28,12
2024-06-30,ENT-QC,BD-1133,0,61.66,16
2025-11-30,ENT-MTL,BD-1017,7,313.71,13
2025-09-30,ENT-QC,BD-1093,59,159.25,10
2024-11-30,ENT-QC,BD-1062,23,112.54,17
2024-03-31,ENT-MTL,BD-1056,69,287.11,18
2024-03-31,ENT-SAG,BD-1139,14,198.93,7
2024-12-31,ENT-SAG,BD-1118,26,336.11,5
2025-04-30,ENT-MTL,BD-1071,0,308.06,15
2024-03-31,ENT-MTL,BD-1068,11,284.28,12
2025-04-30,ENT-SAG,BD-1008,50,131.65,4
2025-03-31,ENT-MTL,BD-1056,77,293.14,18
2025-06-30,ENT-MTL,BD-1076,10,338.68,11
2024-11-30,ENT-QC,BD-1148,71,296.06,12
2024-09-30,ENT-SAG,BD-1073,85,255.00,6
2025-04-30,ENT-SAG,BD-1067,3,24.27,6
2025-05-31,ENT-QC,BD-1156,13,164.64,12
2024-04-30,ENT-QC,BD-1024,63,185.46,12
2024-11-30,ENT-SAG,BD-1169,27,276.47,6
2024-10-31,ENT-QC,BD-1045,6,76.76,16
2025-10-31,ENT-MTL,BD-1076,49,338.68,11
2025-07-31,ENT-QC,BD-1154,23,329.92,13
2025-04-30,ENT-SAG,BD-1002,38,298.72,3
2024-08-31,ENT-QC,BD-1099,70,287.66,12
2025-09-30,ENT-SAG,BD-1076,71,338.68,5
2025-09-30,ENT-QC,BD-1067,73,28.64,14
2024-08-31,ENT-MTL,BD-1116,4,58.93,16
2024-10-31,ENT-MTL,BD-1082,48,278.39,10
2025-04-30,ENT-MTL,BD-1167,18,209.73,12
2024-04-30,ENT-SAG,BD-1139,16,198.93,7
2025-12-31,ENT-QC,BD-1144,51,98.33,15
2025-09-30,ENT-MTL,BD-1006,1,182.47,10
2024-05-31,ENT-QC,BD-1130,7,317.23,14
2024-03-31,ENT-QC,BD-1117,6,98.28,10
2025-05-31,ENT-MTL,BD-1156,5,164.64,11
2024-06-30,ENT-SAG,BD-1109,69,303.82,4
2024-08-31,ENT-QC,BD-1168,38,224.71,13
2025-09-30,ENT-MTL,BD-1047,10,71.53,14
2024-12-31,ENT-MTL,BD-1051,29,78.12,17
2024-03-31,ENT-QC,BD-1154,16,323.13,13
2024-03-31,ENT-SAG,BD-1017,15,307.26,6
2024-09-30,ENT-MTL,BD-1074,48,108.27,12
2025-02-28,ENT-SAG,BD-1061,11,76.81,7
2025-05-31,ENT-QC,BD-1097,5,253.06,12
2024-02-29,ENT-MTL,BD-1138,21,86.38,13
2024-09-30,ENT-MTL,BD-1125,0,285.25,11
2025-07-31,ENT-MTL,BD-1160,23,41.56,14
2025-03-31,ENT-SAG,BD-1048,103,33.51,7
2024-06-30,ENT-MTL,BD-1072,16,196.62,12
2024-02-29,ENT-SAG,BD-1093,15,132.18,4
2024-10-31,ENT-MTL,BD-1124,6,150.61,12
2024-04-30,ENT-QC,BD-1176,30,322.02,17
2024-09-30,ENT-MTL,BD-1171,16,83.70,12
2025-12-31,ENT-QC,BD-1172,33,221.22,13
2025-01-31,ENT-MTL,BD-1017,14,313.71,13
2025-02-28,ENT-MTL,BD-1111,2,148.90,11
2024-12-31,ENT-MTL,BD-1167,29,205.42,12
2025-03-31,ENT-MTL,BD-1169,31,282.28,13
2025-10-31,ENT-SAG,BD-1051,6,79.76,8
2024-11-30,ENT-QC,BD-1127,67,170.72,15
2024-07-31,ENT-QC,BD-1102,13,255.33,10
2025-07-31,ENT-SAG,BD-1060,102,291.44,7
2025-12-31,ENT-SAG,BD-1121,15,44.65,4
2025-03-31,ENT-MTL,BD-1102,8,260.69,10
2024-04-30,ENT-QC,BD-1164,19,98.38,11
2024-11-30,ENT-QC,BD-1124,4,150.61,12
2025-04-30,ENT-QC,BD-1133,4,62.95,16
2024-10-31,ENT-MTL,BD-1178,38,116.97,16
2024-04-30,ENT-SAG,BD-1145,18,108.83,7
2024-02-29,ENT-MTL,BD-1071,5,301.72,15
2024-11-30,ENT-QC,BD-1173,20,207.98,16
2025-01-31,ENT-SAG,BD-1061,23,76.81,7
2024-07-31,ENT-SAG,BD-1019,73,170.21,5
2024-11-30,ENT-QC,BD-1073,62,255.00,14
2025-03-31,ENT-MTL,BD-1037,111,16.65,21
2024-09-30,ENT-QC,BD-1151,60,90.35,10
2025-02-28,ENT-SAG,BD-1162,27,68.38,6
2024-12-31,ENT-QC,BD-1165,21,105.70,12
2025-11-30,ENT-MTL,BD-1020,11,33.12,15
2024-04-30,ENT-SAG,BD-1153,14,113.61,4
2024-08-31,ENT-QC,BD-1125,12,285.25,12
2024-07-31,ENT-SAG,BD-1161,37,62.84,6
2025-02-28,ENT-SAG,BD-1017,11,313.71,6
2024-01-31,ENT-MTL,BD-1163,26,294.58,10
2025-11-30,ENT-SAG,BD-1073,95,307.22,6
2024-08-31,ENT-SAG,BD-1162,28,66.97,6
2024-05-31,ENT-QC,BD-1020,86,32.44,16
2025-09-30,ENT-MTL,BD-1065,48,155.19,12
2025-07-31,ENT-SAG,BD-1016,65,224.02,4
2025-10-31,ENT-SAG,BD-1147,64,346.92,4
2024-10-31,ENT-QC,BD-1010,0,87.08,12
2025-01-31,ENT-SAG,BD-1033,16,113.22,6
2024-11-30,ENT-QC,BD-1103,16,151.66,13
2024-09-30,ENT-MTL,BD-1085,36,40.90,9
2024-09-30,ENT-MTL,BD-1001,1,182.30,8
2024-04-30,ENT-QC,BD-1035,97,30.00,19
2025-05-31,ENT-QC,BD-1043,83,300.28,15
2025-05-31,ENT-QC,BD-1022,41,298.47,8
2025-03-31,ENT-MTL,BD-1003,16,192.57,10
2024-06-30,ENT-QC,BD-1174,21,165.53,13
2024-10-31,ENT-SAG,BD-1116,19,58.93,7
2024-12-31,ENT-SAG,BD-1167,9,205.42,5
2025-03-31,ENT-QC,BD-1144,7,98.33,15
2024-01-31,ENT-QC,BD-1036,21,159.06,19
2024-07-31,ENT-MTL,BD-1125,0,285.25,11
2024-10-31,ENT-QC,BD-1057,16,19.26,17
2024-11-30,ENT-QC,BD-1084,60,312.00,12
2025-05-31,ENT-QC,BD-1063,108,247.24,21
2024-03-31,ENT-SAG,BD-1083,19,157.14,4
2024-06-30,ENT-QC,BD-1100,13,306.44,11
2025-04-30,ENT-QC,BD-1017,86,313.71,14
2025-12-31,ENT-SAG,BD-1080,17,208.57,5
2024-12-31,ENT-SAG,BD-1036,16,159.06,8
2024-10-31,ENT-SAG,BD-1017,36,307.26,6
2024-07-31,ENT-QC,BD-1127,13,170.72,15
2025-08-31,ENT-MTL,BD-1158,31,184.61,15
2025-08-31,ENT-MTL,BD-1044,74,199.55,16
2025-12-31,ENT-MTL,BD-1019,0,205.07,11
2024-05-31,ENT-QC,BD-1146,35,220.88,14
2025-09-30,ENT-MTL,BD-1167,17,209.73,12
2024-02-29,ENT-QC,BD-1031,19,294.44,14
2025-12-31,ENT-MTL,BD-1094,3,124.30,11
2025-07-31,ENT-SAG,BD-1176,41,328.78,7
2024-06-30,ENT-SAG,BD-1108,87,166.46,6
2025-01-31,ENT-MTL,BD-1077,17,171.09,13
2025-08-31,ENT-SAG,BD-1076,89,338.68,5
2025-07-31,ENT-QC,BD-1112,19,67.02,13
2025-05-31,ENT-SAG,BD-1167,11,209.73,5
2025-02-28,ENT-SAG,BD-1168,37,229.43,5
2024-04-30,ENT-QC,BD-1091,10,279.07,11
2024-01-31,ENT-MTL,BD-1099,17,287.66,11
2025-11-30,ENT-QC,BD-1024,25,189.35,12
2024-03-31,ENT-MTL,BD-1076,12,281.11,11
2025-11-30,ENT-MTL,BD-1086,47,97.25,11
2025-10-31,ENT-MTL,BD-1167,18,209.73,12
2025-06-30,ENT-MTL,BD-1010,59,88.91,11
2025-10-31,ENT-MTL,BD-1084,50,375.89,12
2025-06-30,ENT-QC,BD-1137,27,25.59,13
2025-05-31,ENT-QC,BD-1026,60,246.82,11
2025-11-30,ENT-MTL,BD-1128,52,78.87,10
2025-02-28,ENT-SAG,BD-1149,4,111.14,7
2024-12-31,ENT-MTL,BD-1162,17,66.97,14
2024-06-30,ENT-MTL,BD-1083,0,157.14,10
2024-04-30,ENT-SAG,BD-1167,40,205.42,5
2024-09-30,ENT-MTL,BD-1065,57,128.81,12
2025-02-28,ENT-SAG,BD-1051,6,79.76,8
2024-09-30,ENT-QC,BD-1036,12,159.06,19
2024-06-30,ENT-QC,BD-1120,37,182.88,12
2024-03-31,ENT-QC,BD-1076,12,281.11,12
2024-10-31,ENT-QC,BD-1078,44,197.64,9
2024-05-31,ENT-MTL,BD-1077,6,167.57,13
2025-12-31,ENT-MTL,BD-1027,5,254.96,14
2024-04-30,ENT-QC,BD-1082,15,278.39,11
2024-08-31,ENT-SAG,BD-1089,80,157.64,5
2024-12-31,ENT-SAG,BD-1156,78,161.25,5
2025-02-28,ENT-QC,BD-1078,7,201.79,9
2024-11-30,ENT-SAG,BD-1107,20,147.44,6
2025-12-31,ENT-QC,BD-1049,23,31.22,18
2025-05-31,ENT-QC,BD-1072,10,236.88,13
2025-12-31,ENT-MTL,BD-1134,38,61.77,10
2024-07-31,ENT-SAG,BD-1112,11,65.64,5
2025-10-31,ENT-QC,BD-1125,11,291.24,12
2024-06-30,ENT-QC,BD-1111,54,145.84,12
2024-09-30,ENT-QC,BD-1154,63,323.13,13
2025-07-31,ENT-QC,BD-1079,3,147.87,12
2025-01-31,ENT-MTL,BD-1046,9,315.40,17
2024-02-29,ENT-QC,BD-1020,15,32.44,16
2024-01-31,ENT-QC,BD-1038,34,313.36,21
2024-09-30,ENT-SAG,BD-1118,9,336.11,5
2025-01-31,ENT-MTL,BD-1095,5,54.77,7
2024-07-31,ENT-MTL,BD-1089,13,157.64,11
2024-05-31,ENT-MTL,BD-1080,11,173.12,11
2025-12-31,ENT-QC,BD-1038,43,319.94,21
2025-04-30,ENT-MTL,BD-1158,20,184.61,15
2024-01-31,ENT-MTL,BD-1001,16,182.30,8
2025-04-30,ENT-MTL,BD-1085,7,41.76,9
2024-10-31,ENT-MTL,BD-1065,51,128.81,12
2024-12-31,ENT-QC,BD-1019,9,170.21,12
2025-02-28,ENT-QC,BD-1149,23,111.14,18
2024-03-31,ENT-MTL,BD-1043,58,294.10,14
2025-10-31,ENT-MTL,BD-1054,26,262.94,16
2025-03-31,ENT-SAG,BD-1122,31,212.67,4
2025-06-30,ENT-MTL,BD-1048,67,33.51,15
2024-05-31,ENT-QC,BD-1158,42,180.81,16
2025-03-31,ENT-SAG,BD-1029,22,243.45,4
2025-04-30,ENT-MTL,BD-1136,4,112.45,12
2025-12-31,ENT-QC,BD-1039,23,122.17,19
2025-09-30,ENT-SAG,BD-1060,18,291.44,7
2025-06-30,ENT-QC,BD-1016,59,224.02,9
2024-08-31,ENT-QC,BD-1080,85,173.12,12
2024-01-31,ENT-QC,BD-1177,27,211.22,12
2024-11-30,ENT-MTL,BD-1105,16,166.12,11
2024-08-31,ENT-QC,BD-1027,29,249.72,14
2025-09-30,ENT-QC,BD-1109,5,310.20,11
2025-02-28,ENT-QC,BD-1136,16,112.45,12
2025-09-30,ENT-QC,BD-1096,54,205.70,10
2025-04-30,ENT-MTL,BD-1152,14,271.40,9
2024-09-30,ENT-QC,BD-1150,66,339.92,14
2024-05-31,ENT-MTL,BD-1017,57,307.26,13
2024-09-30,ENT-QC,BD-1042,9,261.53,23
2025-02-28,ENT-QC,BD-1100,10,312.88,11
2025-05-31,ENT-SAG,BD-1143,17,220.45,5
2024-05-31,ENT-SAG,BD-1141,1,307.78,4
2025-01-31,ENT-MTL,BD-1066,3,203.44,9
2024-12-31,ENT-QC,BD-1143,59,215.92,13
2024-11-30,ENT-QC,BD-1063,30,242.15,21
2024-06-30,ENT-QC,BD-1081,1,302.82,13
2025-08-31,ENT-QC,BD-1052,86,183.03,17
2024-01-31,ENT-MTL,BD-1138,14,86.38,13
2025-05-31,ENT-SAG,BD-1163,30,300.77,4
2024-06-30,ENT-SAG,BD-1107,89,147.44,6
2024-06-30,ENT-MTL,BD-1129,9,45.49,19
2024-07-31,ENT-SAG,BD-1057,102,19.26,7
2024-03-31,ENT-QC,BD-1116,4,58.93,16
2024-07-31,ENT-SAG,BD-1086,10,80.72,5
2025-05-31,ENT-MTL,BD-1074,1,130.44,12
2024-12-31,ENT-QC,BD-1024,7,185.46,12
2024-02-29,ENT-QC,BD-1170,25,16.60,12
2025-03-31,ENT-QC,BD-1167,23,209.73,13
2024-11-30,ENT-SAG,BD-1117,18,98.28,4
2025-09-30,ENT-QC,BD-1066,49,240.06,10
2024-07-31,ENT-MTL,BD-1124,0,150.61,12
2024-09-30,ENT-QC,BD-1120,12,182.88,12
2024-01-31,ENT-MTL,BD-9083,12,307.26,13
2024-01-31,ENT-MTL,BD-1051,1,78.12,17
2025-03-31,ENT-MTL,BD-1131,13,37.08,13
2024-03-31,ENT-SAG,BD-1165,28,105.70,5
2025-07-31,ENT-QC,BD-1173,27,212.35,16
2025-12-31,ENT-SAG,BD-1027,21,254.96,6
2024-02-29,ENT-QC,BD-1075,14,59.74,13
2024-01-31,ENT-SAG,BD-1126,22,130.29,5
2025-08-31,ENT-MTL,BD-1170,10,16.95,12
2025-02-28,ENT-MTL,BD-1157,25,25.21,12
2025-03-31,ENT-SAG,BD-1071,24,308.06,7
2024-10-31,ENT-MTL,BD-1017,21,307.26,13
2025-01-31,ENT-SAG,BD-1120,0,186.72,5
2025-02-28,ENT-QC,BD-1178,24,119.43,17
2025-03-31,ENT-MTL,BD-1001,4,186.13,8
2025-10-31,ENT-MTL,BD-1139,75,203.11,16
2024-12-31,ENT-SAG,BD-1104,4,75.12,5
2024-09-30,ENT-SAG,BD-1026,17,241.74,4
2024-10-31,ENT-MTL,BD-1109,5,303.82,10
2025-11-30,ENT-QC,BD-1072,56,236.88,13
2025-07-31,ENT-QC,BD-1117,11,100.34,10
2025-09-30,ENT-SAG,BD-1021,12,242.82,5
2024-08-31,ENT-SAG,BD-1086,73,80.72,5
2025-09-30,ENT-MTL,BD-1128,44,78.87,10
2024-11-30,ENT-QC,BD-1162,28,66.97,14
2025-10-31,ENT-SAG,BD-1086,81,97.25,5
2024-11-30,ENT-MTL,BD-1131,57,36.32,13
2024-10-31,ENT-SAG,BD-1137,73,25.06,5
2024-09-30,ENT-QC,BD-1164,23,98.38,11
2025-09-30,ENT-SAG,BD-1176,43,328.78,7
2025-04-30,ENT-MTL,BD-1120,54,186.72,11
2024-08-31,ENT-QC,BD-1107,11,147.44,14
2024-08-31,ENT-MTL,BD-1084,61,312.00,12
2024-11-30,ENT-QC,BD-1107,9,147.44,14
2025-06-30,ENT-SAG,BD-1153,7,116.00,4
2025-11-30,ENT-MTL,BD-1040,4,274.41,17
2024-01-31,ENT-MTL,BD-1134,13,60.50,10
2025-02-28,ENT-SAG,BD-1126,30,133.03,5
2025-06-30,ENT-QC,BD-1151,7,92.25,10
2025-02-28,ENT-QC,BD-1174,29,169.01,13
2025-06-30,ENT-QC,BD-1095,9,64.62,8
2025-12-31,ENT-QC,BD-1050,0,297.82,19
2024-02-29,ENT-MTL,BD-1034,5,151.89,12
2024-03-31,ENT-QC,BD-1169,11,276.47,14
2024-10-31,ENT-QC,BD-1049,14,30.58,18
2024-12-31,ENT-MTL,BD-1146,68,220.88,14
2024-04-30,ENT-QC,BD-1132,6,125.81,14
2025-09-30,ENT-MTL,BD-1101,45,75.83,12
2025-08-31,ENT-SAG,BD-1131,29,37.08,6
2024-06-30,ENT-SAG,BD-1152,20,265.82,4
2024-10-31,ENT-SAG,BD-1002,10,292.58,3
2024-07-31,ENT-MTL,BD-1135,20,39.89,14
2025-07-31,ENT-MTL,BD-1042,114,267.02,22
2025-07-31,ENT-QC,BD-1164,24,100.45,11
2025-05-31,ENT-QC,BD-1163,15,300.77,11
2024-07-31,ENT-QC,BD-1080,9,173.12,12
2024-12-31,ENT-QC,BD-1047,19,70.06,15
2024-04-30,ENT-MTL,BD-1070,15,39.88,10
2025-11-30,ENT-SAG,BD-1065,69,155.19,5
2025-08-31,ENT-MTL,BD-1113,10,281.81,9
2025-08-31,ENT-MTL,BD-1083,56,189.32,10
2025-02-28,ENT-SAG,BD-1073,9,260.35,6
2025-02-28,ENT-MTL,BD-1099,0,293.70,11
2024-08-31,ENT-QC,BD-1118,20,336.11,13
2024-09-30,ENT-QC,BD-1169,20,276.47,14
2025-02-28,ENT-QC,BD-1133,19,62.95,16
2024-11-30,ENT-QC,BD-1012,9,68.19,11
2025-08-31,ENT-SAG,BD-1050,112,297.82,8
2025-02-28,ENT-SAG,BD-1178,34,119.43,7
2025-04-30,ENT-SAG,BD-1097,12,214.46,5
2025-04-30,ENT-MTL,BD-1039,73,122.17,18
2024-03-31,ENT-MTL,BD-1103,0,151.66,12
2024-02-29,ENT-MTL,BD-1123,13,129.56,13
2025-04-30,ENT-MTL,BD-1053,82,180.55,19
2025-06-30,ENT-QC,BD-1153,9,116.00,11
2025-12-31,ENT-QC,BD-1081,7,364.83,13
2025-08-31,ENT-MTL,BD-1055,61,213.75,15
2025-09-30,ENT-SAG,BD-1051,23,79.76,8
2025-03-31,ENT-QC,BD-1030,6,100.96,11
2025-11-30,ENT-MTL,BD-1077,62,171.09,13
2025-09-30,ENT-QC,BD-1094,66,124.30,12
2024-02-29,ENT-MTL,BD-1033,1,110.89,13
2024-09-30,ENT-QC,BD-1170,19,16.60,12
2024-10-31,ENT-MTL,BD-1024,15,185.46,12
2024-03-31,ENT-MTL,BD-1080,4,173.12,11
2024-03-31,ENT-MTL,BD-1051,70,78.12,17
2024-06-30,ENT-QC,BD-1021,64,201.55,12
2025-06-30,ENT-MTL,BD-1038,98,319.94,20
2025-11-30,ENT-MTL,BD-1161,22,64.16,13
2024-01-31,ENT-MTL,BD-1124,11,150.61,12
2024-01-31,ENT-QC,BD-1181,61,305.97,18
2025-07-31,ENT-QC,BD-1059,86,391.48,16
2025-05-31,ENT-QC,BD-1121,63,44.65,10
2025-01-31,ENT-QC,BD-1156,3,164.64,12
2024-08-31,ENT-MTL,BD-1083,59,157.14,10
2025-09-30,ENT-QC,BD-1134,52,61.77,10
2025-08-31,ENT-MTL,BD-1021,15,242.82,11
2025-04-30,ENT-QC,BD-1058,103,149.54,18
2024-01-31,ENT-SAG,BD-1136,5,110.14,5
2024-05-31,ENT-SAG,BD-1111,68,145.84,5
2025-10-31,ENT-MTL,BD-1025,3,149.35,9
2024-06-30,ENT-QC,BD-1132,16,125.81,14
2025-03-31,ENT-QC,BD-1082,14,284.24,11
2024-02-29,ENT-QC,BD-1093,11,132.18,10
2024-06-30,ENT-SAG,BD-1103,83,151.66,5
2024-09-30,ENT-MTL,BD-1038,19,313.36,20
2024-07-31,ENT-MTL,BD-1020,71,32.44,15
2024-03-31,ENT-QC,BD-1051,74,78.12,18
2024-10-31,ENT-QC,BD-1156,80,161.25,12
2024-04-30,ENT-SAG,BD-1033,92,110.89,6
2025-02-28,ENT-QC,BD-1040,12,274.41,18
2025-07-31,ENT-QC,BD-1160,30,41.56,15
2025-10-31,ENT-QC,BD-1003,9,227.23,11
2025-07-31,ENT-MTL,BD-1115,7,47.23,11
2024-01-31,ENT-QC,BD-1126,21,130.29,12
2024-05-31,ENT-MTL,BD-1037,103,16.31,21
2024-03-31,ENT-QC,BD-1121,8,43.73,10
2025-12-31,ENT-SAG,BD-1165,38,107.92,5
2024-04-30,ENT-MTL,BD-1173,39,207.98,15
2025-12-31,ENT-SAG,BD-1065,0,155.19,5
2024-03-31,ENT-MTL,BD-1037,91,16.31,21
2025-08-31,ENT-MTL,BD-1010,3,88.91,11
2024-07-31,ENT-QC,BD-1061,110,75.23,18
2025-05-31,ENT-QC,BD-1092,6,168.72,15
2025-01-31,ENT-QC,BD-1109,12,310.20,11
2025-12-31,ENT-QC,BD-1010,26,88.91,12
2025-08-31,ENT-QC,BD-1082,63,335.40,11
2024-11-30,ENT-MTL,BD-1133,66,61.66,15
2025-07-31,ENT-SAG,BD-1145,12,111.12,7
2025-06-30,ENT-MTL,BD-1178,13,119.43,16
2025-04-30,ENT-MTL,BD-1106,57,340.08,13
2025-01-31,ENT-MTL,BD-1169,16,282.28,13
2025-10-31,ENT-MTL,BD-1068,50,342.49,12
2024-06-30,ENT-QC,BD-1064,90,69.43,15
2024-08-31,ENT-MTL,BD-1082,43,278.39,10
2024-07-31,ENT-QC,BD-1096,0,170.74,10
2025-03-31,ENT-MTL,BD-1167,28,209.73,12
2025-12-31,ENT-QC,BD-1078,5,238.11,9
2024-04-30,ENT-MTL,BD-1154,2,323.13,12
2025-03-31,ENT-QC,BD-1166,25,217.35,13
2025-09-30,ENT-MTL,BD-1083,52,189.32,10
2024-09-30,ENT-QC,BD-1091,65,279.07,11
2024-07-31,ENT-SAG,BD-1118,20,336.11,5
2025-08-31,ENT-QC,BD-1178,27,119.43,17
2025-03-31,ENT-MTL,BD-1027,12,254.96,14
2025-06-30,ENT-MTL,BD-1089,16,189.92,11
2024-10-31,ENT-QC,BD-1069,52,198.50,12
2024-03-31,ENT-QC,BD-1119,16,58.44,11
2024-01-31,ENT-SAG,BD-1122,14,208.30,4
2025-08-31,ENT-MTL,BD-1072,49,236.88,12
2024-03-31,ENT-MTL,BD-1021,5,201.55,11
2024-07-31,ENT-SAG,BD-1169,28,276.47,6
2025-12-31,ENT-SAG,BD-1008,19,155.34,4
2025-12-31,ENT-QC,BD-1110,26,182.67,12
2025-09-30,ENT-QC,BD-1011,14,294.52,9
2024-12-31,ENT-SAG,BD-1176,37,322.02,7
2024-10-31,ENT-SAG,BD-1122,15,208.30,4
2025-12-31,ENT-MTL,BD-1152,38,271.40,9
2024-12-31,ENT-MTL,BD-1168,20,224.71,12
2024-08-31,ENT-QC,BD-1015,12,318.69,14
2025-05-31,ENT-MTL,BD-1019,57,205.07,11
2024-08-31,ENT-QC,BD-1022,5,247.74,8
2024-02-29,ENT-MTL,BD-1131,0,36.32,13
2025-09-30,ENT-QC,BD-1081,68,364.83,13
2024-06-30,ENT-QC,BD-1088,7,335.85,9
2024-06-30,ENT-SAG,BD-1137,11,25.06,5
2024-05-31,ENT-QC,BD-1181,54,305.97,18
2025-11-30,ENT-QC,BD-1094,53,124.30,12
2024-11-30,ENT-SAG,BD-1043,8,294.10,6
2025-04-30,ENT-SAG,BD-1054,108,262.94,7
2024-12-31,ENT-MTL,BD-1133,74,61.66,15
2025-03-31,ENT-SAG,BD-1063,136,247.24,9
2025-11-30,ENT-QC,BD-1068,79,342.49,13
2024-10-31,ENT-QC,BD-1041,25,159.88,16
2024-12-31,ENT-QC,BD-1163,20,294.58,11
2025-05-31,ENT-MTL,BD-1109,41,310.20,10
2025-05-31,ENT-SAG,BD-1041,96,163.24,7
2024-12-31,ENT-MTL,BD-1065,4,128.81,12
2024-01-31,ENT-SAG,BD-1102,6,255.33,4
2024-10-31,ENT-MTL,BD-1094,62,121.74,11
2025-02-28,ENT-MTL,BD-1139,10,203.11,16
2024-05-31,ENT-QC,BD-1170,26,16.60,12
2025-12-31,ENT-QC,BD-1072,19,236.88,13
2024-03-31,ENT-SAG,BD-1089,12,157.64,5
2025-12-31,ENT-SAG,BD-1016,5,224.02,4
2024-04-30,ENT-MTL,BD-1105,52,166.12,11
2024-03-31,ENT-QC,BD-1044,86,195.45,17
2025-08-31,ENT-MTL,BD-1108,25,169.96,13
2024-02-29,ENT-MTL,BD-1144,15,96.31,14
2025-02-28,ENT-MTL,BD-1076,0,287.01,11
2025-12-31,ENT-QC,BD-1013,14,315.34,12
2024-08-31,ENT-QC,BD-1004,1,155.56,11
2025-12-31,ENT-QC,BD-1108,14,169.96,14
2025-10-31,ENT-QC,BD-1009,17,67.67,9
2024-06-30,ENT-SAG,BD-9821,119,75.23,7
2025-07-31,ENT-MTL,BD-1028,69,143.73,13
2024-08-31,ENT-QC,BD-1072,74,196.62,13
2025-01-31,ENT-QC,BD-1135,0,40.73,15
2024-03-31,ENT-MTL,BD-1085,2,40.90,9
2025-04-30,ENT-QC,BD-1174,27,169.01,13
2025-02-28,ENT-QC,BD-1090,17,58.79,12
2024-11-30,ENT-SAG,BD-1139,91,198.93,7
2025-04-30,ENT-MTL,BD-1070,13,40.72,10
2025-10-31,ENT-QC,BD-1158,27,184.61,16
2025-12-31,ENT-QC,BD-1030,11,119.13,11
2024-08-31,ENT-MTL,BD-1080,52,173.12,11
2024-03-31,ENT-SAG,BD-1072,2,196.62,5
2024-03-31,ENT-SAG,BD-1008,15,128.94,4
2024-01-31,ENT-MTL,BD-1123,18,129.56,13
2024-01-31,ENT-SAG,BD-1060,29,241.90,7
2025-09-30,ENT-QC,BD-1131,75,37.08,14
2024-07-31,ENT-SAG,BD-1131,21,36.32,6
2024-07-31,ENT-MTL,BD-1017,57,307.26,13
2025-10-31,ENT-SAG,BD-1167,35,209.73,5
2025-11-30,ENT-QC,BD-1078,51,238.11,9
2024-12-31,ENT-QC,BD-1094,0,121.74,12
2024-07-31,ENT-MTL,BD-1024,48,185.46,12
2025-01-31,ENT-QC,BD-1161,23,64.16,14
2025-02-28,ENT-QC,BD-1096,5,174.33,10
2025-07-31,ENT-SAG,BD-1074,2,130.44,5
2024-10-31,ENT-MTL,BD-1062,0,112.54,16
2025-04-30,ENT-SAG,BD-1145,25,111.12,7
2024-02-29,ENT-MTL,BD-1136,10,110.14,12
2024-04-30,ENT-MTL,BD-1128,3,77.25,10
2025-01-31,ENT-SAG,BD-1176,27,328.78,7
2025-06-30,ENT-MTL,BD-1180,11,95.30,14
2025-06-30,ENT-SAG,BD-1145,0,111.12,7
2024-01-31,ENT-MTL,BD-1102,8,255.33,10
2025-10-31,ENT-SAG,BD-1165,34,107.92,5
2024-11-30,ENT-QC,BD-1178,28,116.97,17
2024-05-31,ENT-MTL,BD-1047,59,70.06,14
2024-03-31,ENT-QC,BD-1074,23,108.27,13
2024-04-30,ENT-QC,BD-1022,45,247.74,8
2025-03-31,ENT-QC,BD-1171,25,85.46,12
2025-03-31,ENT-QC,BD-1100,10,312.88,11
2025-06-30,ENT-SAG,BD-1121,63,44.65,4
2024-07-31,ENT-QC,BD-1157,41,24.69,13
2024-08-31,ENT-MTL,BD-1086,45,80.72,11
2025-01-31,ENT-SAG,BD-1139,2,203.11,7
2024-12-31,ENT-QC,BD-1144,75,96.31,15
2024-11-30,ENT-MTL,BD-1025,7,146.28,9
2025-11-30,ENT-QC,BD-1004,-3,158.83,11
2025-10-31,ENT-QC,BD-1124,18,153.77,12
2024-11-30,ENT-QC,BD-1078,50,197.64,9
2024-11-30,ENT-MTL,BD-1164,13,98.38,10
2025-09-30,ENT-QC,BD-1180,34,95.30,15
2025-12-31,ENT-QC,BD-1098,8,309.76,15
2024-08-31,ENT-QC,BD-1055,86,209.35,16
2025-09-30,ENT-MTL,BD-1072,60,236.88,12
2024-07-31,ENT-MTL,BD-1010,46,87.08,11
2025-11-30,ENT-MTL,BD-1142,36,100.93,10
2025-12-31,ENT-QC,BD-1138,61,88.19,14
2024-05-31,ENT-SAG,BD-1100,19,306.44,4
2025-03-31,ENT-QC,BD-1027,18,254.96,14
2024-07-31,ENT-QC,BD-1090,1,57.58,12
2025-07-31,ENT-QC,BD-1145,0,111.12,16
2025-07-31,ENT-QC,BD-1101,15,75.83,12
2025-03-31,ENT-SAG,BD-1080,6,176.76,5
2024-06-30,ENT-SAG,BD-1086,22,80.72,5
2025-02-28,ENT-QC,BD-1047,7,71.53,15
2024-10-31,ENT-QC,BD-1162,25,66.97,14
2024-02-29,ENT-QC,BD-1018,11,242.09,6
2025-08-31,ENT-SAG,BD-1108,28,169.96,6
2024-12-31,ENT-SAG,BD-1153,73,113.61,4
2024-01-31,ENT-QC,BD-1012,0,68.19,11
2025-12-31,ENT-MTL,BD-1109,10,310.20,10
2024-04-30,ENT-SAG,BD-1180,49,93.34,6
2025-09-30,ENT-MTL,BD-1096,36,205.70,10
2025-02-28,ENT-QC,BD-1106,12,340.08,14
2025-10-31,ENT-MTL,BD-1082,46,335.40,10
2025-10-31,ENT-MTL,BD-1062,1,135.59,16
2024-08-31,ENT-MTL,BD-1095,35,53.64,7
2025-10-31,ENT-QC,BD-1083,70,189.32,11
2024-09-30,ENT-QC,BD-1104,10,75.12,11
2025-03-31,ENT-MTL,BD-1120,3,186.72,11
2025-04-30,ENT-MTL,BD-1105,54,169.61,11
2024-01-31,ENT-QC,BD-1130,21,317.23,14
2025-04-30,ENT-QC,BD-1036,103,162.40,19
2024-12-31,ENT-SAG,BD-1017,14,307.26,6
2024-02-29,ENT-MTL,BD-1007,12,55.96,9
2024-04-30,ENT-QC,BD-1040,91,268.77,18
2025-04-30,ENT-SAG,BD-1104,66,76.70,5
2024-02-29,ENT-SAG,BD-1165,33,105.70,5
2025-05-31,ENT-MTL,BD-1048,81,33.51,15
2024-08-31,ENT-SAG,BD-1122,0,208.30,4
2024-10-31,ENT-MTL,BD-1111,8,145.84,11
2025-04-30,ENT-QC,BD-1045,80,78.37,16
2024-01-31,ENT-QC,BD-1019,29,170.21,12
2024-08-31,ENT-MTL,BD-1033,0,110.89,13
2024-10-31,ENT-SAG,BD-1103,22,151.66,5
2025-06-30,ENT-MTL,BD-1057,86,23.20,16
2025-12-31,ENT-SAG,BD-1078,31,238.11,4
2025-05-31,ENT-MTL,BD-1072,13,236.88,12
2024-08-31,ENT-SAG,BD-1046,96,308.91,7
2024-05-31,ENT-MTL,BD-1163,19,294.58,10
2025-12-31,ENT-QC,BD-1127,80,174.31,15
2024-05-31,ENT-SAG,BD-1150,17,339.92,6
2025-02-28,ENT-MTL,BD-1108,20,169.96,13
2024-12-31,ENT-SAG,BD-1154,70,323.13,5
2024-08-31,ENT-MTL,BD-1182,24,56.87,13
2024-03-31,ENT-MTL,BD-1020,20,32.44,15
2025-12-31,ENT-SAG,BD-1043,2,300.28,6
2025-03-31,ENT-SAG,BD-1160,21,41.56,6
2025-07-31,ENT-SAG,BD-1083,21,189.32,4
2025-06-30,ENT-QC,BD-1118,80,343.17,13
2025-12-31,ENT-SAG,BD-1161,49,64.16,6
2024-06-30,ENT-QC,BD-1024,78,185.46,12
2025-07-31,ENT-QC,BD-1176,38,328.78,17
2025-01-31,ENT-MTL,BD-1099,8,293.70,11
2024-01-31,ENT-QC,BD-1141,7,307.78,10
2025-06-30,ENT-QC,BD-1109,47,310.20,11
2024-12-31,ENT-SAG,BD-1045,13,76.76,6
2024-06-30,ENT-QC,BD-1080,15,173.12,12
2025-05-31,ENT-MTL,BD-1090,7,69.37,11
2025-09-30,ENT-SAG,BD-1046,0,372.17,7
2025-02-28,ENT-QC,BD-1087,17,215.66,15
2025-03-31,ENT-MTL,BD-1072,13,200.75,12
2024-05-31,ENT-MTL,BD-1105,48,166.12,11
2024-06-30,ENT-SAG,BD-1029,64,238.44,4
2024-12-31,ENT-QC,BD-1013,15,308.85,12
2025-04-30,ENT-MTL,BD-1055,74,213.75,15
2024-11-30,ENT-MTL,BD-1080,52,173.12,11
2025-06-30,ENT-SAG,BD-1075,24,71.97,5
2025-05-31,ENT-MTL,BD-1116,71,60.17,16
2025-05-31,ENT-SAG,BD-9949,22,231.35,5
2024-07-31,ENT-MTL,BD-1157,14,24.69,12
2025-12-31,ENT-QC,BD-1120,13,186.72,12
2024-11-30,ENT-SAG,BD-1176,53,322.02,7
2025-06-30,ENT-SAG,BD-9985,69,224.02,4
2024-04-30,ENT-QC,BD-1174,40,165.53,13
2025-06-30,ENT-MTL,BD-1055,65,213.75,15
2024-10-31,ENT-SAG,BD-1029,8,238.44,4
2024-11-30,ENT-MTL,BD-1151,44,90.35,10
2024-06-30,ENT-QC,BD-1150,19,339.92,14
2025-12-31,ENT-MTL,BD-1049,8,31.22,17
2024-11-30,ENT-QC,BD-1034,2,151.89,13
2024-08-31,ENT-MTL,BD-1124,4,150.61,12
2024-07-31,ENT-MTL,BD-1110,18,178.91,12
2025-05-31,ENT-MTL,BD-1085,13,49.28,9
2025-05-31,ENT-SAG,BD-1157,48,25.21,5
2024-10-31,ENT-QC,BD-1073,73,255.00,14
2025-08-31,ENT-QC,BD-1020,25,33.12,16
2024-10-31,ENT-QC,BD-1130,76,317.23,14
2025-09-30,ENT-QC,BD-1115,7,47.23,11
2024-03-31,ENT-MTL,BD-1129,7,45.49,19
2024-09-30,ENT-SAG,BD-1017,0,307.26,6
2025-03-31,ENT-MTL,BD-1004,6,158.83,10
2024-08-31,ENT-QC,BD-1110,16,178.91,12
2025-08-31,ENT-MTL,BD-1101,63,75.83,12
2025-11-30,ENT-MTL,BD-1160,15,41.56,14
2025-09-30,ENT-MTL,BD-1085,30,49.28,9
2024-08-31,ENT-SAG,BD-1041,97,159.88,7
2025-03-31,ENT-QC,BD-1127,22,174.31,15
2024-04-30,ENT-SAG,BD-1028,87,140.77,6
2025-07-31,ENT-MTL,BD-1125,8,291.24,11
2025-08-31,ENT-QC,BD-1159,43,169.65,20
2025-12-31,ENT-MTL,BD-1095,8,64.62,7
2025-09-30,ENT-QC,BD-1060,30,291.44,17
2025-07-31,ENT-MTL,BD-1032,54,409.59,12
2024-11-30,ENT-MTL,BD-1115,8,46.26,11
2024-04-30,ENT-QC,BD-1082,15,278.39,11
2024-12-31,ENT-QC,BD-1065,21,128.81,12
2025-06-30,ENT-SAG,BD-1102,13,260.69,4
2024-10-31,ENT-SAG,BD-1167,41,205.42,5
2025-10-31,ENT-MTL,BD-1176,18,328.78,16
2024-04-30,ENT-MTL,BD-1003,52,188.61,10
2025-10-31,ENT-QC,BD-1164,34,100.45,11
2025-07-31,ENT-QC,BD-1007,39,57.14,10
2024-07-31,ENT-SAG,BD-1099,18,287.66,5
2025-09-30,ENT-SAG,BD-1124,5,153.77,5
2024-03-31,ENT-SAG,BD-1073,3,255.00,6
2024-06-30,ENT-QC,BD-1097,4,210.05,12
2025-04-30,ENT-SAG,BD-1043,99,300.28,6
2024-12-31,ENT-QC,BD-1120,17,182.88,12
2024-11-30,ENT-MTL,BD-1127,62,170.72,14
2024-04-30,ENT-QC,BD-1058,116,146.46,18
2025-02-28,ENT-QC,BD-1074,0,110.54,13
2024-10-31,ENT-SAG,BD-1140,66,40.41,5
2025-08-31,ENT-QC,BD-1084,62,375.89,12
2025-03-31,ENT-MTL,BD-1157,22,25.21,12
2025-01-31,ENT-SAG,BD-1160,33,41.56,6
2024-07-31,ENT-QC,BD-1008,45,128.94,10
2024-09-30,ENT-SAG,BD-1061,17,75.23,7
2025-02-28,ENT-QC,BD-1134,4,61.77,10
2025-02-28,ENT-SAG,BD-1090,9,58.79,5
2025-07-31,ENT-MTL,BD-1069,11,239.15,11
2024-02-29,ENT-MTL,BD-1111,7,145.84,11
2024-12-31,ENT-QC,BD-1045,30,76.76,16
2025-03-31,ENT-QC,BD-1165,33,107.92,12
2025-10-31,ENT-QC,BD-1043,10,300.28,15
2024-12-31,ENT-SAG,BD-1068,15,284.28,5
2025-04-30,ENT-MTL,BD-1151,-6,92.25,10
2024-03-31,ENT-MTL,BD-1111,4,145.84,11
2024-09-30,ENT-MTL,BD-1067,62,23.77,13
2024-07-31,ENT-SAG,BD-1038,133,313.36,9
2024-11-30,ENT-QC,BD-1171,25,83.70,12
2025-07-31,ENT-QC,BD-1175,11,96.85,17
2024-02-29,ENT-QC,BD-1059,29,324.94,16
2025-01-31,ENT-QC,BD-1001,12,186.13,9
2025-03-31,ENT-SAG,BD-1055,74,213.75,7
2025-07-31,ENT-QC,BD-1147,4,346.92,10
2024-07-31,ENT-SAG,BD-1163,19,294.58,4
2024-08-31,ENT-QC,BD-1062,103,112.54,17
2025-02-28,ENT-QC,BD-1140,19,41.26,12
2025-11-30,ENT-QC,BD-1050,28,297.82,19
2024-04-30,ENT-QC,BD-1178,27,116.97,17
2024-07-31,ENT-QC,BD-1182,27,56.87,14
2025-12-31,ENT-QC,BD-1162,12,68.38,14
2024-02-29,ENT-QC,BD-1082,17,278.39,11
2025-05-31,ENT-MTL,BD-1056,79,293.14,18
2025-01-31,ENT-QC,BD-1112,0,67.02,13
2024-03-31,ENT-QC,BD-1110,9,178.91,12
2025-01-31,ENT-SAG,BD-1086,1,82.42,5
2025-12-31,ENT-MTL,BD-1076,0,338.68,11
2025-09-30,ENT-SAG,BD-1156,60,164.64,5
2025-06-30,ENT-QC,BD-1090,9,69.37,12
2025-04-30,ENT-MTL,BD-1144,3,98.33,14
2024-01-31,ENT-QC,BD-1044,3,195.45,17
2024-05-31,ENT-SAG,BD-1133,5,61.66,7
2024-01-31,ENT-QC,BD-1096,19,170.74,10
2024-07-31,ENT-QC,BD-1129,23,45.49,20
2024-07-31,ENT-SAG,BD-1122,1,208.30,4
2024-10-31,ENT-QC,BD-1011,9,288.46,9
2025-01-31,ENT-MTL,BD-1091,5,284.93,11
2025-04-30,ENT-SAG,BD-1181,37,312.40,8
2024-08-31,ENT-MTL,BD-1151,8,90.35,10
2024-09-30,ENT-QC,BD-1012,12,68.19,11
2025-03-31,ENT-SAG,BD-1076,16,287.01,5
2024-10-31,ENT-MTL,BD-1039,9,119.66,18
2024-09-30,ENT-MTL,BD-1019,15,170.21,11
2025-03-31,ENT-SAG,BD-1150,6,347.06,6
2024-01-31,ENT-SAG,BD-1179,18,226.59,5
2025-07-31,ENT-MTL,BD-1146,14,225.52,14
2025-02-28,ENT-QC,BD-1044,18,199.55,17
2024-04-30,ENT-SAG,BD-1152,12,265.82,4
2024-08-31,ENT-QC,BD-1009,4,66.28,9
2024-07-31,ENT-SAG,BD-1041,117,159.88,7
2024-10-31,ENT-MTL,BD-1123,6,129.56,13
2024-05-31,ENT-SAG,BD-1179,26,226.59,5
2024-05-31,ENT-SAG,BD-1108,72,166.46,6
2024-12-31,ENT-MTL,BD-1076,12,281.11,11
2025-12-31,ENT-SAG,BD-1157,48,25.21,5
2025-10-31,ENT-QC,BD-1052,6,183.03,17
2024-12-31,ENT-MTL,BD-1077,20,167.57,13
2024-05-31,ENT-MTL,BD-1069,6,198.50,11
2025-06-30,ENT-QC,BD-1174,25,169.01,13
2025-06-30,ENT-QC,BD-1062,80,135.59,17
2025-03-31,ENT-QC,BD-1058,92,149.54,18
2025-01-31,ENT-MTL,BD-1165,20,107.92,12
2025-05-31,ENT-MTL,BD-1118,61,343.17,12
2025-03-31,ENT-MTL,BD-1058,74,149.54,17
2025-02-28,ENT-MTL,BD-1136,9,112.45,12
2025-04-30,ENT-SAG,BD-1126,89,133.03,5
2025-12-31,ENT-MTL,BD-1126,13,133.03,12
2025-01-31,ENT-QC,BD-1163,17,300.77,11
2025-10-31,ENT-MTL,BD-1182,24,58.06,13
2024-11-30,ENT-SAG,BD-1027,25,249.72,6
2025-05-31,ENT-MTL,BD-1148,7,302.28,11
2025-06-30,ENT-SAG,BD-1098,14,309.76,6
2024-10-31,ENT-MTL,BD-1046,33,308.91,17
2025-09-30,ENT-QC,BD-1097,67,253.06,12
2024-04-30,ENT-MTL,BD-1091,14,279.07,11
2025-05-31,ENT-QC,BD-1037,124,16.65,22
2024-07-31,ENT-QC,BD-1038,113,313.36,21
2025-07-31,ENT-MTL,BD-1031,73,300.62,13
2025-11-30,ENT-MTL,BD-1049,40,31.22,17
2024-03-31,ENT-QC,BD-1017,16,307.26,14
2024-12-31,ENT-QC,BD-1101,18,62.94,12
2025-07-31,ENT-MTL,BD-1138,19,88.19,13
2025-08-31,ENT-SAG,BD-1179,20,231.35,5
2025-01-31,ENT-QC,BD-1007,8,57.14,10
2024-09-30,ENT-QC,BD-1108,12,166.46,14
2025-08-31,ENT-QC,BD-1036,83,191.63,19
2025-10-31,ENT-QC,BD-1165,35,107.92,12
2024-03-31,ENT-SAG,BD-1002,10,292.58,3
2025-03-31,ENT-MTL,BD-1103,10,154.84,12
2025-10-31,ENT-SAG,BD-1104,8,76.70,5
2024-10-31,ENT-QC,BD-1171,23,83.70,12
2024-09-30,ENT-QC,BD-1113,14,276.01,10
2024-06-30,ENT-SAG,BD-1033,100,110.89,6
2025-02-28,ENT-MTL,BD-1110,12,182.67,12
2024-08-31,ENT-QC,BD-1126,7,130.29,12
2025-11-30,ENT-QC,BD-1147,52,346.92,10
2025-02-28,ENT-QC,BD-1039,5,122.17,19
2024-03-31,ENT-QC,BD-1168,31,224.71,13
2025-07-31,ENT-QC,BD-1018,34,247.17,6
2025-05-31,ENT-MTL,BD-1038,104,319.94,20
2025-08-31,ENT-MTL,BD-1074,59,130.44,12
2025-05-31,ENT-QC,BD-1001,46,219.63,9
2024-09-30,ENT-QC,BD-1096,56,170.74,10
2025-06-30,ENT-MTL,BD-1160,25,41.56,14
2024-12-31,ENT-MTL,BD-1066,13,199.26,9
2024-03-31,ENT-QC,BD-1041,77,159.88,16
2024-04-30,ENT-MTL,BD-1053,97,176.84,19
2025-11-30,ENT-MTL,BD-1085,40,49.28,9
2024-05-31,ENT-QC,BD-1019,57,170.21,12
2024-12-31,ENT-MTL,BD-1006,2,178.72,10
2025-11-30,ENT-SAG,BD-1118,2,343.17,5
2025-09-30,ENT-QC,BD-1130,84,323.89,14
2025-10-31,ENT-QC,BD-1148,67,302.28,12
2024-02-29,ENT-MTL,BD-1076,15,281.11,11
2024-05-31,ENT-MTL,BD-1048,63,32.82,15
2025-03-31,ENT-MTL,BD-1121,0,44.65,9
2025-09-30,ENT-SAG,BD-1040,12,274.41,7
2024-05-31,ENT-QC,BD-1147,19,339.78,10
2024-10-31,ENT-SAG,BD-1099,93,287.66,5
2025-12-31,ENT-QC,BD-1045,0,78.37,16
2025-11-30,ENT-MTL,BD-1164,15,100.45,10
2025-12-31,ENT-QC,BD-1025,0,149.35,9
2024-08-31,ENT-QC,BD-1086,59,80.72,12
2024-05-31,ENT-MTL,BD-1074,0,108.27,12
2024-03-31,ENT-QC,BD-1170,28,16.60,12
2024-06-30,ENT-QC,BD-1129,11,45.49,20
2024-05-31,ENT-SAG,BD-1066,2,199.26,4
2025-12-31,ENT-MTL,BD-1101,9,75.83,12
2024-04-30,ENT-QC,BD-1006,65,178.72,11
2024-10-31,ENT-MTL,BD-1152,42,265.82,9
2025-09-30,ENT-QC,BD-1055,7,213.75,16
2024-10-31,ENT-QC,BD-1097,56,210.05,12
2025-12-31,ENT-SAG,BD-1102,23,260.69,4
2025-11-30,ENT-QC,BD-1151,58,92.25,10
2025-12-31,ENT-QC,BD-1054,19,262.94,17
2025-12-31,ENT-QC,BD-1168,26,229.43,13
2025-09-30,ENT-QC,BD-1095,48,64.62,8
2025-12-31,ENT-QC,BD-1063,0,247.24,21
2025-08-31,ENT-MTL,BD-1174,26,169.01,12
2025-03-31,ENT-SAG,BD-1149,17,111.14,7
2024-11-30,ENT-MTL,BD-1137,51,25.06,13
2025-08-31,ENT-QC,BD-1131,7,37.08,14
2025-02-28,ENT-MTL,BD-1103,4,154.84,12
2024-10-31,ENT-MTL,BD-1073,60,255.00,13
2024-05-31,ENT-MTL,BD-1115,41,46.26,11
2024-11-30,ENT-MTL,BD-1042,19,261.53,22
2024-09-30,ENT-MTL,BD-1047,23,70.06,14
2024-12-31,ENT-SAG,BD-1037,38,16.31,9
2025-07-31,ENT-SAG,BD-1100,17,369.19,4
2024-11-30,ENT-QC,BD-1025,3,146.28,9
2025-09-30,ENT-MTL,BD-1054,5,262.94,16
2025-07-31,ENT-MTL,BD-1020,70,33.12,15
2025-12-31,ENT-MTL,BD-1178,24,119.43,16
2025-11-30,ENT-MTL,BD-1036,15,191.63,18
2025-02-28,ENT-SAG,BD-1067,0,24.27,6
2024-07-31,ENT-MTL,BD-1057,62,19.26,16
2024-04-30,ENT-QC,BD-1129,22,45.49,20
2025-04-30,ENT-SAG,BD-1107,94,150.54,6
2025-01-31,ENT-SAG,BD-1103,3,154.84,5
2024-07-31,ENT-MTL,BD-1142,0,98.85,10
2024-11-30,ENT-QC,BD-1074,55,108.27,13
2024-12-31,ENT-MTL,BD-1097,24,210.05,11
2025-06-30,ENT-QC,BD-1049,100,31.22,18
2025-03-31,ENT-QC,BD-1086,17,82.42,12
2025-11-30,ENT-SAG,BD-1133,88,62.95,7
2025-10-31,ENT-QC,BD-1010,0,88.91,12
2025-10-31,ENT-MTL,BD-1007,9,57.14,9
2025-10-31,ENT-SAG,BD-1143,76,220.45,5
2025-07-31,ENT-SAG,BD-1140,22,41.26,5
2025-11-30,ENT-QC,BD-1146,88,225.52,14
2025-08-31,ENT-MTL,BD-1146,0,225.52,14
2024-07-31,ENT-QC,BD-1057,76,19.26,17
2025-10-31,ENT-SAG,BD-1166,34,217.35,5
2025-07-31,ENT-SAG,BD-1002,40,298.72,3
2025-12-31,ENT-QC,BD-1043,4,300.28,15
2024-01-31,ENT-QC,BD-1099,9,287.66,12
2024-10-31,ENT-SAG,BD-1046,38,308.91,7
2024-06-30,ENT-MTL,BD-1041,55,159.88,15
2024-10-31,ENT-SAG,BD-1117,6,98.28,4
2024-09-30,ENT-QC,BD-1138,81,86.38,14
2024-07-31,ENT-SAG,BD-1162,40,66.97,6
2025-04-30,ENT-SAG,BD-1108,84,169.96,6
2025-11-30,ENT-QC,BD-1143,65,220.45,13
2024-03-31,ENT-QC,BD-1144,16,96.31,15
2024-10-31,ENT-MTL,BD-1086,43,80.72,11
2025-02-28,ENT-MTL,BD-1107,12,150.54,13
2024-02-29,ENT-MTL,BD-1025,12,146.28,9
2024-09-30,ENT-MTL,BD-1006,6,178.72,10
2025-08-31,ENT-MTL,BD-1164,15,100.45,10
2025-10-31,ENT-MTL,BD-1165,17,107.92,12
2024-07-31,ENT-SAG,BD-1117,11,98.28,4
2025-05-31,ENT-MTL,BD-1128,7,78.87,10
2024-04-30,ENT-MTL,BD-1080,15,173.12,11
2024-07-31,ENT-MTL,BD-1028,57,140.77,13
2024-05-31,ENT-QC,BD-1103,68,151.66,13
2025-04-30,ENT-QC,BD-1077,20,171.09,14
2025-08-31,ENT-SAG,BD-1150,23,347.06,6
2024-08-31,ENT-QC,BD-1049,112,30.58,18
2025-04-30,ENT-MTL,BD-1017,62,313.71,13
2025-10-31,ENT-QC,BD-1074,65,130.44,13
2024-04-30,ENT-QC,BD-1027,69,249.72,14
2024-04-30,ENT-QC,BD-1073,24,255.00,14
2025-01-31,ENT-QC,BD-1033,28,113.22,14
2024-02-29,ENT-SAG,BD-1089,0,157.64,5
2024-04-30,ENT-MTL,BD-1124,56,150.61,12
2025-07-31,ENT-QC,BD-1182,26,58.06,14
2024-06-30,ENT-SAG,BD-1161,15,62.84,6
2024-07-31,ENT-MTL,BD-1082,5,278.39,10
2024-01-31,ENT-QC,BD-1067,9,23.77,14
2025-09-30,ENT-QC,BD-1084,56,375.89,12
2024-11-30,ENT-MTL,BD-1010,9,87.08,11
2024-11-30,ENT-SAG,BD-1161,32,62.84,6
2025-12-31,ENT-MTL,BD-1029,4,243.45,10
2025-06-30,ENT-MTL,BD-1021,48,242.82,11
2024-12-31,ENT-MTL,BD-1047,24,70.06,14
2025-12-31,ENT-QC,BD-1009,8,67.67,9
2024-03-31,ENT-QC,BD-1054,101,257.53,17
2024-06-30,ENT-QC,BD-1136,15,110.14,12
2024-01-31,ENT-SAG,BD-1172,50,216.67,5
2025-09-30,ENT-MTL,BD-1172,20,221.22,12
2024-03-31,ENT-MTL,BD-1164,15,98.38,10
2025-06-30,ENT-MTL,BD-1031,53,300.62,13
2025-05-31,ENT-MTL,BD-1032,46,409.59,12
2024-03-31,ENT-SAG,BD-1026,27,241.74,4
2025-09-30,ENT-QC,BD-1050,20,297.82,19
2024-01-31,ENT-MTL,BD-1092,13,140.04,14
2025-01-31,ENT-SAG,BD-1047,12,71.53,6
2024-05-31,ENT-SAG,BD-1067,16,23.77,6
2024-01-31,ENT-SAG,BD-1066,4,199.26,4
2025-03-31,ENT-MTL,BD-1175,16,96.85,16
2025-12-31,ENT-MTL,BD-1173,23,212.35,15
2025-12-31,ENT-MTL,BD-1176,28,328.78,16
2025-06-30,ENT-QC,BD-1105,74,169.61,12
2025-04-30,ENT-MTL,BD-1099,19,293.70,11
2024-01-31,ENT-QC,BD-1138,8,86.38,14
2024-09-30,ENT-QC,BD-1065,64,128.81,12
2024-11-30,ENT-QC,BD-1072,58,196.62,13
2024-12-31,ENT-QC,BD-1177,18,211.22,12
2025-11-30,ENT-MTL,BD-1127,64,174.31,14
2025-06-30,ENT-QC,BD-1036,122,191.63,19
2025-08-31,ENT-QC,BD-1093,62,159.25,10
2025-01-31,ENT-QC,BD-1174,28,169.01,13
2025-11-30,ENT-SAG,BD-1156,77,164.64,5
2024-07-31,ENT-QC,BD-1149,10,108.85,18
2024-10-31,ENT-SAG,BD-1019,25,170.21,5
2025-05-31,ENT-MTL,BD-1133,22,62.95,15
2024-10-31,ENT-QC,BD-1035,13,30.00,19
2024-12-31,ENT-MTL,BD-1032,15,339.97,12
2024-05-31,ENT-QC,BD-1133,4,61.66,16
2024-04-30,ENT-SAG,BD-1029,60,238.44,4
2025-07-31,ENT-MTL,BD-1029,42,243.45,10
2024-06-30,ENT-QC,BD-1006,52,178.72,11
2024-11-30,ENT-MTL,BD-1138,71,86.38,13
2025-09-30,ENT-MTL,BD-1008,3,155.34,9
2025-06-30,ENT-QC,BD-1134,2,61.77,10
2025-03-31,ENT-MTL,BD-1125,8,291.24,11
2025-04-30,ENT-SAG,BD-1041,104,163.24,7
2025-02-28,ENT-QC,BD-1113,8,281.81,10
2025-09-30,ENT-MTL,BD-1051,7,79.76,17
2024-04-30,ENT-QC,BD-1084,21,312.00,12
2025-05-31,ENT-SAG,BD-1126,83,133.03,5
2024-01-31,ENT-QC,BD-1166,21,212.88,13
2024-04-30,ENT-MTL,BD-1033,63,110.89,13
2024-08-31,ENT-MTL,BD-1148,6,296.06,11
2025-07-31,ENT-QC,BD-1030,58,119.13,11
2024-12-31,ENT-SAG,BD-1027,24,249.72,6
2025-02-28,ENT-SAG,BD-1086,3,82.42,5
2024-08-31,ENT-QC,BD-1052,86,179.27,17
2024-03-31,ENT-QC,BD-1038,131,313.36,21
2025-11-30,ENT-QC,BD-1060,11,291.44,17
2024-01-31,ENT-MTL,BD-1146,13,220.88,14
2025-11-30,ENT-SAG,BD-1168,17,229.43,5
2024-10-31,ENT-MTL,BD-1080,55,173.12,11
2024-01-31,ENT-QC,BD-1061,26,75.23,18
2024-02-29,ENT-MTL,BD-1110,13,178.91,12
2025-11-30,ENT-QC,BD-1029,14,243.45,10
2025-04-30,ENT-QC,BD-1044,90,199.55,17
2024-08-31,ENT-QC,BD-1116,8,58.93,16
2025-03-31,ENT-QC,BD-1107,10,150.54,14
2025-04-30,ENT-QC,BD-1065,10,131.52,12
2024-02-29,ENT-MTL,BD-1149,22,108.85,17
2024-11-30,ENT-SAG,BD-1055,37,209.35,7
2025-08-31,ENT-SAG,BD-1149,6,111.14,7
2024-10-31,ENT-MTL,BD-1021,10,201.55,11
2025-10-31,ENT-QC,BD-1150,74,347.06,14
2024-04-30,ENT-QC,BD-1116,86,58.93,16
2025-04-30,ENT-SAG,BD-1137,18,25.59,5
2025-06-30,ENT-SAG,BD-1041,127,163.24,7
2025-04-30,ENT-QC,BD-1010,67,88.91,12
2024-04-30,ENT-SAG,BD-1148,26,296.06,5
2025-05-31,ENT-QC,BD-1107,101,150.54,14
2025-05-31,ENT-MTL,BD-1076,0,338.68,11
2025-07-31,ENT-MTL,BD-1034,61,182.99,12
2024-08-31,ENT-SAG,BD-1109,20,303.82,4
2025-08-31,ENT-MTL,BD-1178,25,119.43,16
2025-05-31,ENT-SAG,BD-1068,0,342.49,5
2024-07-31,ENT-QC,BD-1037,142,16.31,22
2025-10-31,ENT-SAG,BD-1009,0,67.67,3
2024-07-31,ENT-MTL,BD-1131,12,36.32,13
2024-08-31,ENT-SAG,BD-1111,25,145.84,5
2024-08-31,ENT-QC,BD-1013,17,308.85,12
2025-12-31,ENT-QC,BD-1126,13,133.03,12
2025-11-30,ENT-QC,BD-1021,3,242.82,12
2024-05-31,ENT-MTL,BD-1165,22,105.70,12
2025-12-31,ENT-SAG,BD-1098,8,309.76,6
2025-12-31,ENT-SAG,BD-1180,17,95.30,6
2025-05-31,ENT-SAG,BD-1109,70,310.20,4
2025-09-30,ENT-SAG,BD-9352,106,37.08,6
2025-04-30,ENT-QC,BD-1026,64,246.82,11
2024-10-31,ENT-SAG,BD-1075,78,59.74,5
2025-06-30,ENT-SAG,BD-1150,26,347.06,6
2024-08-31,ENT-SAG,BD-1131,10,36.32,6
2025-08-31,ENT-QC,BD-1004,9,158.83,11
2025-01-31,ENT-QC,BD-1143,1,220.45,13
2024-02-29,ENT-SAG,BD-1071,14,301.72,7
2024-04-30,ENT-QC,BD-1020,87,32.44,16
2025-01-31,ENT-MTL,BD-1042,0,267.02,22
2024-01-31,ENT-MTL,BD-1178,28,116.97,16
2024-03-31,ENT-QC,BD-1064,95,69.43,15
2024-06-30,ENT-QC,BD-1125,67,285.25,12
2025-04-30,ENT-MTL,BD-1040,94,274.41,17
2025-03-31,ENT-SAG,BD-1103,22,154.84,5
2025-07-31,ENT-MTL,BD-1051,81,79.76,17
2025-05-31,ENT-MTL,BD-1144,2,98.33,14
2025-03-31,ENT-SAG,BD-1124,8,153.77,5
2024-05-31,ENT-QC,BD-1124,63,150.61,12
2025-07-31,ENT-QC,BD-1045,77,78.37,16
2025-12-31,ENT-MTL,BD-1002,5,298.72,7
2025-10-31,ENT-SAG,BD-1131,84,37.08,6
2024-11-30,ENT-MTL,BD-1023,6,239.29,13
2024-08-31,ENT-SAG,BD-1054,114,257.53,7
2025-06-30,ENT-SAG,BD-1165,42,107.92,5
2025-02-28,ENT-QC,BD-1116,8,60.17,16
2025-10-31,ENT-SAG,BD-1071,94,363.51,7
2025-02-28,ENT-QC,BD-1089,1,160.95,12
2025-09-30,ENT-QC,BD-1069,83,239.15,12
2025-06-30,ENT-SAG,BD-1073,13,307.22,6
2025-08-31,ENT-QC,BD-1092,76,168.72,15
2024-04-30,ENT-QC,BD-1162,30,66.97,14
2025-03-31,ENT-QC,BD-1040,84,274.41,18
2025-11-30,ENT-QC,BD-1085,60,49.28,10
2024-04-30,ENT-MTL,BD-1029,39,238.44,10
2024-12-31,ENT-SAG,BD-1100,12,306.44,4
2024-12-31,ENT-MTL,BD-1107,13,147.44,13
2024-08-31,ENT-SAG,BD-1120,11,182.88,5
2024-10-31,ENT-SAG,BD-1092,98,140.04,6
2025-10-31,ENT-SAG,BD-1047,4,71.53,6
2024-08-31,ENT-QC,BD-1123,0,129.56,13
2024-06-30,ENT-SAG,BD-1181,38,305.97,8
2024-05-31,ENT-QC,BD-1076,0,281.11,12
2024-10-31,ENT-SAG,BD-1177,10,211.22,5
2024-04-30,ENT-MTL,BD-1070,15,39.88,10
2024-02-29,ENT-QC,BD-1149,0,108.85,18
2025-11-30,ENT-SAG,BD-1046,40,372.17,7
2025-11-30,ENT-SAG,BD-1148,73,302.28,5
2025-03-31,ENT-QC,BD-1148,5,302.28,12
2024-06-30,ENT-QC,BD-1181,36,305.97,18
2024-05-31,ENT-QC,BD-1044,106,195.45,17
2025-04-30,ENT-MTL,BD-1095,6,54.77,7
2024-08-31,ENT-MTL,BD-1146,1,220.88,14
2024-08-31,ENT-MTL,BD-1049,72,30.58,17
2025-07-31,ENT-QC,BD-1061,109,76.81,18
2024-06-30,ENT-QC,BD-1073,9,255.00,14
2024-06-30,ENT-QC,BD-1114,72,149.59,12
2024-09-30,ENT-MTL,BD-1180,34,93.34,14
2024-04-30,ENT-MTL,BD-1097,8,210.05,11
2024-11-30,ENT-SAG,BD-1122,15,208.30,4
2024-09-30,ENT-MTL,BD-1151,46,90.35,10
2025-06-30,ENT-QC,BD-1006,55,182.47,11
2025-08-31,ENT-QC,BD-1040,128,274.41,18
2025-02-28,ENT-MTL,BD-1163,20,300.77,10
2024-02-29,ENT-QC,BD-1026,7,241.74,11
2025-02-28,ENT-MTL,BD-1162,24,68.38,14
2024-07-31,ENT-MTL,BD-1129,13,45.49,19
2024-06-30,ENT-QC,BD-1058,111,146.46,18
2024-07-31,ENT-MTL,BD-1144,4,96.31,14
2024-08-31,ENT-QC,BD-1063,112,242.15,21
2025-06-30,ENT-QC,BD-1074,0,130.44,13
2024-07-31,ENT-MTL,BD-1074,0,108.27,12
2025-11-30,ENT-MTL,BD-1120,16,186.72,11
2024-12-31,ENT-QC,BD-1128,65,77.25,10
2024-08-31,ENT-QC,BD-1083,60,157.14,11
2024-09-30,ENT-MTL,BD-1129,87,45.49,19
2025-03-31,ENT-QC,BD-1095,12,54.77,8
2024-11-30,ENT-QC,BD-1065,59,128.81,12
2024-02-29,ENT-QC,BD-1023,6,239.29,14
2024-08-31,ENT-SAG,BD-1154,11,323.13,5
2024-10-31,ENT-SAG,BD-1139,128,198.93,7
2025-11-30,ENT-SAG,BD-1017,0,313.71,6
2024-07-31,ENT-MTL,BD-1046,77,308.91,17
2025-09-30,ENT-MTL,BD-1138,66,88.19,13
2024-05-31,ENT-SAG,BD-1172,28,216.67,5
2025-02-28,ENT-QC,BD-1004,11,158.83,11
2024-09-30,ENT-MTL,BD-1146,66,220.88,14
2024-09-30,ENT-MTL,BD-1133,59,61.66,15
2024-02-29,ENT-QC,BD-1014,16,26.62,15
2025-08-31,ENT-QC,BD-9926,9,254.96,14
2024-11-30,ENT-QC,BD-1099,67,287.66,12
2024-04-30,ENT-MTL,BD-1094,8,121.74,11
2024-07-31,ENT-QC,BD-1145,9,108.83,16
2024-01-31,ENT-MTL,BD-1116,10,58.93,16
2024-06-30,ENT-QC,BD-1084,7,312.00,12
2024-10-31,ENT-MTL,BD-1060,5,241.90,16
2024-12-31,ENT-QC,BD-1140,66,40.41,12
2024-04-30,ENT-QC,BD-1113,60,276.01,10
2024-07-31,ENT-QC,BD-1135,20,39.89,15
2024-06-30,ENT-QC,BD-1103,69,151.66,13
2025-07-31,ENT-SAG,BD-1063,117,247.24,9
2024-10-31,ENT-SAG,BD-1147,62,339.78,4
2025-10-31,ENT-SAG,BD-1180,28,95.30,6
2024-09-30,ENT-SAG,BD-1136,86,110.14,5
2025-09-30,ENT-QC,BD-1161,27,64.16,14
2025-10-31,ENT-SAG,BD-1065,81,155.19,5
2024-07-31,ENT-QC,BD-1178,35,116.97,17
2025-06-30,ENT-SAG,BD-1008,52,155.34,4
2024-09-30,ENT-MTL,BD-1182,20,56.87,13
2025-10-31,ENT-MTL,BD-1053,16,180.55,19
2025-12-31,ENT-MTL,BD-1181,48,312.40,17
2024-06-30,ENT-QC,BD-1018,31,242.09,6
2024-01-31,ENT-SAG,BD-1149,11,108.85,7
2025-01-31,ENT-SAG,BD-1016,15,224.02,4
2024-09-30,ENT-MTL,BD-1106,4,333.09,13
2024-09-30,ENT-SAG,BD-1108,9,166.46,6
2025-01-31,ENT-SAG,BD-1071,14,308.06,7
2024-02-29,ENT-MTL,BD-1105,3,166.12,11
2025-06-30,ENT-QC,BD-1028,70,143.73,14
2025-10-31,ENT-QC,BD-1060,16,291.44,17
2024-09-30,ENT-MTL,BD-1161,37,62.84,13
2025-01-31,ENT-QC,BD-1014,21,27.18,15
2025-07-31,ENT-MTL,BD-1058,67,149.54,17
2024-01-31,ENT-QC,BD-1132,12,125.81,14
2024-01-31,ENT-SAG,BD-1153,10,113.61,4
2025-04-30,ENT-MTL,BD-1091,7,284.93,11
2024-06-30,ENT-MTL,BD-1042,112,261.53,22
2025-02-28,ENT-MTL,BD-1028,9,143.73,13
2025-03-31,ENT-QC,BD-1123,0,132.28,13
2025-06-30,ENT-QC,BD-1076,6,338.68,12
2025-11-30,ENT-QC,BD-1127,86,174.31,15
2024-03-31,ENT-SAG,BD-1133,20,61.66,7
2025-04-30,ENT-QC,BD-1118,77,343.17,13
2024-06-30,ENT-QC,BD-1090,4,57.58,12
2024-05-31,ENT-QC,BD-1013,66,308.85,12
2024-11-30,ENT-MTL,BD-1095,35,53.64,7
2024-12-31,ENT-QC,BD-1082,18,278.39,11
2024-04-30,ENT-QC,BD-1171,25,83.70,12
2025-02-28,ENT-MTL,BD-1182,31,58.06,13
2024-08-31,ENT-QC,BD-1031,13,294.44,14
2024-06-30,ENT-SAG,BD-1094,19,121.74,5
2025-01-31,ENT-SAG,BD-1057,17,19.66,7
2024-09-30,ENT-QC,BD-1052,0,179.27,17
2024-04-30,ENT-QC,BD-1085,0,40.90,10
2025-04-30,ENT-MTL,BD-1036,72,162.40,18
2024-12-31,ENT-QC,BD-1025,5,146.28,9
2024-11-30,ENT-SAG,BD-1033,9,110.89,6
2024-02-29,ENT-QC,BD-1127,3,170.72,15
2024-06-30,ENT-QC,BD-1067,19,23.77,14
2025-09-30,ENT-SAG,BD-1161,26,64.16,6
2025-08-31,ENT-QC,BD-1128,11,78.87,10
2024-05-31,ENT-MTL,BD-1138,18,86.38,13
2024-03-31,ENT-QC,BD-1176,44,322.02,17
2025-04-30,ENT-QC,BD-1033,86,113.22,14
2025-08-31,ENT-MTL,BD-1048,69,33.51,15
2024-01-31,ENT-QC,BD-1009,5,66.28,9
2025-12-31,ENT-MTL,BD-1156,42,164.64,11
2024-12-31,ENT-QC,BD-1178,28,116.97,17
2025-12-31,ENT-QC,BD-1037,2,16.65,22
2024-06-30,ENT-SAG,BD-1002,43,292.58,3
2024-06-30,ENT-MTL,BD-1128,8,77.25,10
2025-03-31,ENT-QC,BD-1109,19,310.20,11
2024-08-31,ENT-MTL,BD-1006,9,178.72,10
2024-08-31,ENT-QC,BD-1045,90,76.76,16
2024-11-30,ENT-SAG,BD-1080,74,173.12,5
2024-02-29,ENT-QC,BD-1141,3,307.78,10
2025-11-30,ENT-QC,BD-1055,20,213.75,16
2025-04-30,ENT-MTL,BD-1139,11,203.11,16
2025-02-28,ENT-QC,BD-1013,11,315.34,12
2024-10-31,ENT-MTL,BD-1019,3,170.21,11
2024-04-30,ENT-QC,BD-1026,59,241.74,11
2025-09-30,ENT-SAG,BD-1141,65,314.24,4
2024-02-29,ENT-MTL,BD-1171,13,83.70,12
2024-06-30,ENT-MTL,BD-1149,6,108.85,17
2025-02-28,ENT-MTL,BD-1034,13,155.08,12
2024-02-29,ENT-SAG,BD-1118,12,336.11,5
2024-05-31,ENT-MTL,BD-1146,10,220.88,14
2025-12-31,ENT-QC,BD-1065,11,155.19,12
2025-12-31,ENT-MTL,BD-1008,11,155.34,9
2025-02-28,ENT-MTL,BD-1126,15,133.03,12
2024-04-30,ENT-MTL,BD-1178,30,116.97,16
2024-02-29,ENT-MTL,BD-1173,13,207.98,15
2024-07-31,ENT-QC,BD-1001,47,182.30,9
2025-12-31,ENT-QC,BD-1102,17,260.69,10
2025-08-31,ENT-MTL,BD-1006,11,182.47,10
2024-03-31,ENT-QC,BD-1018,6,242.09,6
2024-07-31,ENT-QC,BD-1050,94,291.69,19
2024-01-31,ENT-SAG,BD-1046,21,308.91,7
2024-09-30,ENT-SAG,BD-1160,26,40.71,6
2024-06-30,ENT-QC,BD-1141,5,307.78,10
2024-09-30,ENT-SAG,BD-1019,16,170.21,5
2025-03-31,ENT-QC,BD-1019,7,173.78,12
2024-02-29,ENT-MTL,BD-1046,21,308.91,17
2025-09-30,ENT-MTL,BD-1171,25,85.46,12
2025-06-30,ENT-MTL,BD-1136,9,112.45,12
2024-05-31,ENT-SAG,BD-1121,70,43.73,4
2025-02-28,ENT-QC,BD-1146,14,225.52,14
2024-07-31,ENT-QC,BD-1171,27,83.70,12
2024-02-29,ENT-QC,BD-1143,22,215.92,13
2024-10-31,ENT-MTL,BD-1127,59,170.72,14
2024-10-31,ENT-SAG,BD-1178,42,116.97,7
2025-02-28,ENT-SAG,BD-1050,8,297.82,8
2025-08-31,ENT-SAG,BD-1133,23,62.95,7
2024-01-31,ENT-QC,BD-1160,26,40.71,15
2025-09-30,ENT-QC,BD-1179,24,231.35,12
2025-03-31,ENT-QC,BD-1070,0,40.72,10
2024-06-30,ENT-QC,BD-1035,113,30.00,19
2025-06-30,ENT-QC,BD-1069,23,239.15,12
2024-04-30,ENT-QC,BD-1069,5,198.50,12
2025-09-30,ENT-MTL,BD-1180,21,95.30,14
2024-11-30,ENT-MTL,BD-1135,59,39.89,14
2025-09-30,ENT-MTL,BD-1039,16,122.17,18
2025-04-30,ENT-MTL,BD-1170,41,16.95,12
2025-12-31,ENT-QC,BD-1071,3,363.51,16
2025-02-28,ENT-QC,BD-1083,12,160.44,11
2024-11-30,ENT-QC,BD-1110,0,178.91,12
2025-01-31,ENT-MTL,BD-1128,13,78.87,10
2024-12-31,ENT-QC,BD-1060,5,241.90,17
2025-11-30,ENT-QC,BD-1173,34,212.35,16
2025-04-30,ENT-SAG,BD-1109,65,310.20,4
2025-10-31,ENT-QC,BD-1056,23,293.14,19
2024-05-31,ENT-SAG,BD-1028,89,140.77,6
2025-10-31,ENT-QC,BD-1038,17,319.94,21
2025-02-28,ENT-MTL,BD-1021,14,205.78,11
2024-02-29,ENT-QC,BD-1009,10,66.28,9
2024-10-31,ENT-SAG,BD-1043,15,294.10,6
2024-05-31,ENT-SAG,BD-1027,99,249.72,6
2025-01-31,ENT-QC,BD-1111,3,148.90,12
2025-11-30,ENT-MTL,BD-1043,18,300.28,14
2024-10-31,ENT-QC,BD-1051,24,78.12,18
2025-03-31,ENT-SAG,BD-1050,116,297.82,8
2025-10-31,ENT-QC,BD-1134,67,61.77,10
2025-04-30,ENT-SAG,BD-1094,14,124.30,5
2025-01-31,ENT-QC,BD-1101,16,64.26,12
2025-10-31,ENT-SAG,BD-1008,19,155.34,4
2024-04-30,ENT-QC,BD-1044,86,195.45,17
2025-07-31,ENT-SAG,BD-1072,18,236.88,5
2025-09-30,ENT-QC,BD-1085,44,49.28,10
2025-06-30,ENT-QC,BD-1159,35,169.65,20
2025-12-31,ENT-MTL,BD-1110,9,182.67,12
2025-02-28,ENT-SAG,BD-1176,19,328.78,7
2024-01-31,ENT-MTL,BD-1042,5,261.53,22
2024-06-30,ENT-QC,BD-1126,71,130.29,12
2025-11-30,ENT-QC,BD-1076,56,338.68,12
2024-05-31,ENT-MTL,BD-1107,61,147.44,13
2024-05-31,ENT-SAG,BD-1166,34,212.88,5
2025-11-30,ENT-MTL,BD-1051,22,79.76,17
2024-12-31,ENT-QC,BD-1038,21,313.36,21
2024-03-31,ENT-QC,BD-1034,16,151.89,13
2025-03-31,ENT-SAG,BD-1028,20,143.73,6
2025-07-31,ENT-QC,BD-1033,88,113.22,14
2025-12-31,ENT-MTL,BD-1001,7,219.63,8
2024-01-31,ENT-MTL,BD-1169,24,276.47,13
2024-03-31,ENT-SAG,BD-1143,14,215.92,5
2024-09-30,ENT-SAG,BD-1046,56,308.91,7
2024-05-31,ENT-MTL,BD-1153,4,113.61,10
2025-09-30,ENT-SAG,BD-1167,26,209.73,5
2024-02-29,ENT-QC,BD-1091,10,279.07,11
2024-10-31,ENT-QC,BD-1175,31,94.86,17
2024-11-30,ENT-SAG,BD-1008,14,128.94,4
2025-11-30,ENT-SAG,BD-1008,14,155.34,4
2024-07-31,ENT-QC,BD-1086,16,80.72,12
2024-01-31,ENT-QC,BD-1071,1,301.72,16
2024-07-31,ENT-QC,BD-1177,20,211.22,12
2024-06-30,ENT-MTL,BD-1028,52,140.77,13
2025-12-31,ENT-QC,BD-1085,11,49.28,10
2024-04-30,ENT-QC,BD-1109,61,303.82,11
2024-04-30,ENT-MTL,BD-1099,11,287.66,11
2025-04-30,ENT-MTL,BD-1003,49,192.57,10
2024-04-30,ENT-SAG,BD-1116,105,58.93,7
2025-09-30,ENT-QC,BD-1158,53,184.61,16
2024-11-30,ENT-QC,BD-1050,14,291.69,19
2025-04-30,ENT-MTL,BD-1046,86,315.40,17
2024-07-31,ENT-MTL,BD-1097,12,210.05,11
2025-10-31,ENT-QC,BD-1061,11,76.81,18
2024-06-30,ENT-MTL,BD-1110,64,178.91,12
2025-11-30,ENT-QC,BD-9438,73,130.44,13
2025-08-31,ENT-QC,BD-1134,7,61.77,10
2024-01-31,ENT-QC,BD-1018,4,242.09,6
2024-02-29,ENT-MTL,BD-1165,17,105.70,12
2025-06-30,ENT-MTL,BD-1002,31,298.72,7
2024-06-30,ENT-QC,BD-1145,0,108.83,16
2024-05-31,ENT-QC,BD-1110,79,178.91,12
2025-04-30,ENT-QC,BD-1011,43,294.52,9
2024-02-29,ENT-MTL,BD-1049,0,30.58,17
2024-08-31,ENT-QC,BD-1159,37,166.16,20
2024-05-31,ENT-SAG,BD-1065,0,128.81,5
2025-06-30,ENT-QC,BD-1046,96,372.17,17
2024-11-30,ENT-SAG,BD-1099,82,287.66,5
2024-06-30,ENT-MTL,BD-1105,54,166.12,11
2025-04-30,ENT-QC,BD-1124,73,153.77,12
2025-04-30,ENT-QC,BD-1117,53,100.34,10
2025-01-31,ENT-QC,BD-1133,10,62.95,16
2025-07-31,ENT-QC,BD-1078,9,238.11,9
2025-04-30,ENT-QC,BD-1097,11,214.46,12
2024-06-30,ENT-SAG,BD-1043,100,294.10,6
2025-11-30,ENT-QC,BD-1152,47,271.40,10
2024-06-30,ENT-MTL,BD-1066,10,199.26,9
2025-01-31,ENT-QC,BD-1026,11,246.82,11
2025-11-30,ENT-SAG,BD-1098,93,309.76,6
2024-12-31,ENT-MTL,BD-1072,0,196.62,12
2024-10-31,ENT-SAG,BD-1166,21,212.88,5
2025-08-31,ENT-QC,BD-1177,21,215.66,12
2025-09-30,ENT-QC,BD-1010,14,88.91,12
2025-03-31,ENT-QC,BD-1026,10,246.82,11
2024-04-30,ENT-MTL,BD-1079,15,144.83,12
2024-03-31,ENT-SAG,BD-1176,28,322.02,7
2024-12-31,ENT-QC,BD-1052,10,179.27,17
2024-04-30,ENT-SAG,BD-1094,3,121.74,5
2025-01-31,ENT-MTL,BD-1051,15,79.76,17
2025-09-30,ENT-MTL,BD-1080,48,208.57,11
2025-05-31,ENT-QC,BD-9581,119,293.14,19
2025-09-30,ENT-QC,BD-1143,74,220.45,13
2025-09-30,ENT-QC,BD-1023,12,244.32,14
2024-12-31,ENT-QC,BD-1109,7,303.82,11
2025-04-30,ENT-QC,BD-1165,34,107.92,12
2024-05-31,ENT-QC,BD-1079,10,144.83,12
2025-09-30,ENT-SAG,BD-1099,69,346.57,5
2025-08-31,ENT-QC,BD-1126,14,133.03,12
2025-01-31,ENT-MTL,BD-1126,5,133.03,12
2024-03-31,ENT-SAG,BD-1134,0,60.50,4
2024-12-31,ENT-QC,BD-1022,17,247.74,8
2024-04-30,ENT-MTL,BD-1073,13,255.00,13
2025-12-31,ENT-QC,BD-1087,26,215.66,15
2025-11-30,ENT-SAG,BD-1016,17,224.02,4
2025-03-31,ENT-SAG,BD-1130,20,323.89,6
2025-06-30,ENT-MTL,BD-1094,0,124.30,11
2024-08-31,ENT-SAG,BD-1168,34,224.71,5
2025-03-31,ENT-QC,BD-1085,16,41.76,10
2025-01-31,ENT-SAG,BD-1097,22,214.46,5
2024-03-31,ENT-QC,BD-1112,18,65.64,13
2025-02-28,ENT-SAG,BD-1116,10,60.17,7
2024-01-31,ENT-QC,BD-1124,15,150.61,12
2024-11-30,ENT-QC,BD-1104,13,75.12,11
2025-10-31,ENT-MTL,BD-1029,7,243.45,10
2025-12-31,ENT-MTL,BD-1096,9,205.70,10
2025-10-31,ENT-SAG,BD-1178,34,119.43,7
2024-07-31,ENT-SAG,BD-1068,17,284.28,5
2024-10-31,ENT-QC,BD-1101,77,62.94,12
2025-08-31,ENT-MTL,BD-1042,89,267.02,22
2024-09-30,ENT-QC,BD-1040,0,268.77,18
2025-02-28,ENT-MTL,BD-1007,0,57.14,9
2024-08-31,ENT-QC,BD-1068,75,284.28,13
2025-12-31,ENT-QC,BD-1082,11,335.40,11
2025-03-31,ENT-MTL,BD-1111,12,148.90,11
2025-07-31,ENT-QC,BD-1113,15,281.81,10
2024-10-31,ENT-QC,BD-1150,78,339.92,14
2025-10-31,ENT-MTL,BD-1136,49,112.45,12
2024-08-31,ENT-MTL,BD-1008,3,128.94,9
2024-08-31,ENT-MTL,BD-1164,20,98.38,10
2024-08-31,ENT-MTL,BD-1076,55,281.11,11
2024-06-30,ENT-SAG,BD-1140,31,40.41,5
2024-06-30,ENT-MTL,BD-1142,10,98.85,10
2025-09-30,ENT-MTL,BD-1182,22,58.06,13
2024-06-30,ENT-SAG,BD-1097,14,210.05,5
2025-10-31,ENT-QC,BD-1044,9,199.55,17
2024-05-31,ENT-SAG,BD-1130,5,317.23,6
2024-04-30,ENT-MTL,BD-1172,21,216.67,12
2025-09-30,ENT-MTL,BD-1132,59,128.45,13
2025-04-30,ENT-MTL,BD-1178,32,119.43,16
2024-06-30,ENT-SAG,BD-1104,74,75.12,5
2024-09-30,ENT-QC,BD-1177,35,211.22,12
2025-06-30,ENT-QC,BD-1013,60,315.34,12
2024-01-31,ENT-MTL,BD-1039,14,119.66,18
2025-12-31,ENT-MTL,BD-1120,11,186.72,11
2025-04-30,ENT-MTL,BD-1014,74,27.18,14
2024-03-31,ENT-MTL,BD-1041,65,159.88,15
2024-04-30,ENT-QC,BD-1097,8,210.05,12
2025-01-31,ENT-SAG,BD-1140,19,41.26,5
2024-08-31,ENT-SAG,BD-1033,31,110.89,6
2024-01-31,ENT-MTL,BD-1120,0,182.88,11
2025-09-30,ENT-QC,BD-1031,25,300.62,14
2025-03-31,ENT-MTL,BD-1152,6,271.40,9
2025-12-31,ENT-SAG,BD-1083,11,189.32,4
2024-01-31,ENT-QC,BD-1006,18,178.72,11
2025-01-31,ENT-MTL,BD-1182,26,58.06,13
2024-06-30,ENT-QC,BD-1106,71,333.09,14
2025-01-31,ENT-MTL,BD-1132,3,128.45,13
2024-06-30,ENT-QC,BD-1118,74,336.11,13
2024-10-31,ENT-QC,BD-1075,62,59.74,13
2024-07-31,ENT-QC,BD-1125,5,285.25,12
2025-11-30,ENT-MTL,BD-1082,47,335.40,10
2025-07-31,ENT-QC,BD-1043,73,300.28,15
2025-08-31,ENT-MTL,BD-1023,4,244.32,13
2024-12-31,ENT-QC,BD-1115,9,46.26,11
2025-04-30,ENT-MTL,BD-1111,53,148.90,11
2025-07-31,ENT-SAG,BD-1139,3,203.11,7
2025-08-31,ENT-QC,BD-1116,21,60.17,16
2024-01-31,ENT-MTL,BD-1154,17,323.13,12
2024-10-31,ENT-MTL,BD-1036,17,159.06,18
2024-04-30,ENT-QC,BD-1149,13,108.85,18
2024-10-31,ENT-QC,BD-1040,24,268.77,18
2024-08-31,ENT-SAG,BD-1140,24,40.41,5
2024-05-31,ENT-MTL,BD-1051,77,78.12,17
2024-11-30,ENT-SAG,BD-1127,105,170.72,6
2024-02-29,ENT-MTL,BD-1129,9,45.49,19
2024-01-31,ENT-SAG,BD-1071,27,301.72,7
2025-09-30,ENT-SAG,BD-1168,21,229.43,5
2024-04-30,ENT-QC,BD-1065,3,128.81,12
2024-12-31,ENT-SAG,BD-1181,26,305.97,8
2024-12-31,ENT-MTL,BD-1115,22,46.26,11
2024-08-31,ENT-QC,BD-1092,78,140.04,15
2024-02-29,ENT-SAG,BD-1140,1,40.41,5
2025-06-30,ENT-QC,BD-1032,79,409.59,13
2025-08-31,ENT-QC,BD-1029,12,243.45,10
2025-11-30,ENT-MTL,BD-1070,46,48.05,10
2025-04-30,ENT-SAG,BD-1040,115,274.41,7
2024-02-29,ENT-QC,BD-1008,0,128.94,10
2024-08-31,ENT-MTL,BD-1179,24,226.59,12
2024-01-31,ENT-QC,BD-1125,16,285.25,12
2024-04-30,ENT-SAG,BD-1075,9,59.74,5
2025-05-31,ENT-SAG,BD-1108,71,169.96,6
2024-12-31,ENT-SAG,BD-1029,5,238.44,4
2024-01-31,ENT-QC,BD-1120,6,182.88,12
2025-01-31,ENT-MTL,BD-1179,18,231.35,12
2024-03-31,ENT-SAG,BD-1016,4,219.41,4
2025-06-30,ENT-QC,BD-1158,45,184.61,16
2024-11-30,ENT-QC,BD-1021,5,201.55,12
2024-02-29,ENT-MTL,BD-1053,7,176.84,19
2025-12-31,ENT-QC,BD-1008,3,155.34,10
2024-08-31,ENT-SAG,BD-1076,79,281.11,5
2024-09-30,ENT-QC,BD-1124,10,150.61,12
2025-03-31,ENT-SAG,BD-1009,10,67.67,3
2025-09-30,ENT-SAG,BD-1041,14,163.24,7
2025-11-30,ENT-QC,BD-1042,11,267.02,23
2024-07-31,ENT-MTL,BD-1128,9,77.25,10
2025-04-30,ENT-MTL,BD-1156,2,164.64,11
2025-09-30,ENT-MTL,BD-1068,57,342.49,12
2025-12-31,ENT-MTL,BD-1151,38,92.25,10
2024-06-30,ENT-SAG,BD-1021,72,201.55,5
2024-09-30,ENT-MTL,BD-1062,29,112.54,16
2025-11-30,ENT-QC,BD-1136,66,112.45,12
2025-02-28,ENT-MTL,BD-1038,0,319.94,20
2024-02-29,ENT-QC,BD-1061,26,75.23,18
2024-05-31,ENT-QC,BD-1161,39,62.84,14
2024-04-30,ENT-MTL,BD-1090,17,57.58,11
2025-12-31,ENT-MTL,BD-1117,8,100.34,10
2024-10-31,ENT-QC,BD-1164,28,98.38,11
2024-06-30,ENT-SAG,BD-1157,28,24.69,5
2024-05-31,ENT-SAG,BD-1162,42,66.97,6
2025-03-31,ENT-MTL,BD-1069,15,202.67,11
2025-10-31,ENT-MTL,BD-1033,9,113.22,13
2024-07-31,ENT-SAG,BD-1037,165,16.31,9
2024-07-31,ENT-QC,BD-1046,104,308.91,17
2025-06-30,ENT-SAG,BD-1021,74,242.82,5
2024-10-31,ENT-QC,BD-1003,4,188.61,11
2025-07-31,ENT-QC,BD-1008,59,155.34,10
2024-09-30,ENT-SAG,BD-1076,75,281.11,5
2025-01-31,ENT-SAG,BD-1178,44,119.43,7
2024-11-30,ENT-QC,BD-1182,34,56.87,14
2025-09-30,ENT-QC,BD-1047,0,71.53,15
2025-06-30,ENT-QC,BD-1047,69,71.53,15
2025-07-31,ENT-QC,BD-1170,36,16.95,12
2025-05-31,ENT-MTL,BD-1091,3,336.22,11
2025-01-31,ENT-SAG,BD-1055,18,213.75,7
2024-04-30,ENT-QC,BD-1062,77,112.54,17
2025-02-28,ENT-MTL,BD-1031,11,300.62,13
2025-07-31,ENT-SAG,BD-1163,25,300.77,4
2025-06-30,ENT-MTL,BD-1033,68,113.22,13
2025-05-31,ENT-SAG,BD-1139,19,203.11,7
2025-12-31,ENT-QC,BD-1047,0,71.53,15
2025-03-31,ENT-MTL,BD-1090,17,58.79,11
2024-11-30,ENT-MTL,BD-1040,22,268.77,17
2024-08-31,ENT-MTL,BD-1144,16,96.31,14
2025-06-30,ENT-MTL,BD-1083,10,189.32,10
2025-12-31,ENT-QC,BD-1169,31,282.28,14
2025-06-30,ENT-MTL,BD-1069,2,239.15,11
2025-05-31,ENT-QC,BD-1100,14,369.19,11
2025-02-28,ENT-SAG,BD-1179,34,231.35,5
2024-11-30,ENT-QC,BD-1139,96,198.93,17
2025-11-30,ENT-MTL,BD-1125,5,291.24,11
2025-08-31,ENT-QC,BD-1156,16,164.64,12
2024-08-31,ENT-MTL,BD-1175,35,94.86,16
2025-10-31,ENT-QC,BD-1006,11,182.47,11
2024-02-29,ENT-MTL,BD-1028,6,140.77,13
2024-09-30,ENT-QC,BD-1112,12,65.64,13
2025-10-31,ENT-SAG,BD-1163,32,300.77,4
2025-09-30,ENT-SAG,BD-1089,55,189.92,5
2025-11-30,ENT-QC,BD-1073,66,307.22,14
2025-07-31,ENT-QC,BD-1022,42,298.47,8
2024-02-29,ENT-QC,BD-1067,20,23.77,14
2025-07-31,ENT-QC,BD-1123,5,132.28,13
2024-10-31,ENT-QC,BD-1018,6,242.09,6
2024-05-31,ENT-QC,BD-1092,0,140.04,15
2025-02-28,ENT-SAG,BD-1037,26,16.65,9
2025-01-31,ENT-QC,BD-1043,14,300.28,15
2025-08-31,ENT-QC,BD-1165,32,107.92,12
2025-03-31,ENT-QC,BD-1154,0,329.92,13
2025-09-30,ENT-QC,BD-1038,10,319.94,21
2024-06-30,ENT-MTL,BD-1115,50,46.26,11
2024-05-31,ENT-MTL,BD-1168,27,224.71,12
2025-09-30,ENT-MTL,BD-1104,10,76.70,11
2024-09-30,ENT-SAG,BD-1054,22,257.53,7
2024-02-29,ENT-SAG,BD-1156,12,161.25,5
2024-08-31,ENT-MTL,BD-1115,2,46.26,11
2024-06-30,ENT-MTL,BD-1169,15,276.47,13
2025-01-31,ENT-QC,BD-1119,16,59.67,11
2024-09-30,ENT-SAG,BD-1149,111,108.85,7
2025-09-30,ENT-MTL,BD-1154,51,329.92,12
2024-08-31,ENT-MTL,BD-1125,8,285.25,11
2025-06-30,ENT-MTL,BD-1132,7,128.45,13
2024-11-30,ENT-SAG,BD-1082,69,278.39,4
2025-05-31,ENT-QC,BD-1008,57,155.34,10
2025-05-31,ENT-QC,BD-1021,58,242.82,12
2025-06-30,ENT-SAG,BD-1071,15,363.51,7
2024-03-31,ENT-QC,BD-1153,6,113.61,11
2025-05-31,ENT-SAG,BD-1168,41,229.43,5
2024-06-30,ENT-MTL,BD-1049,83,30.58,17
2024-10-31,ENT-SAG,BD-1104,14,75.12,5
2024-09-30,ENT-QC,BD-1018,2,242.09,6
2024-11-30,ENT-MTL,BD-1157,17,24.69,12
2025-03-31,ENT-QC,BD-1131,2,37.08,14
2025-09-30,ENT-MTL,BD-1055,6,213.75,15
2025-07-31,ENT-QC,BD-1011,45,294.52,9
2025-02-28,ENT-SAG,BD-1153,0,116.00,4
2024-05-31,ENT-QC,BD-1121,54,43.73,10
2024-03-31,ENT-SAG,BD-1057,98,19.26,7
2025-11-30,ENT-SAG,BD-1180,29,95.30,6
2025-10-31,ENT-MTL,BD-1090,57,69.37,11
2024-11-30,ENT-SAG,BD-1009,16,66.28,3
2025-10-31,ENT-SAG,BD-1116,12,60.17,7
2025-08-31,ENT-QC,BD-1079,78,147.87,12
2025-10-31,ENT-MTL,BD-1146,56,225.52,14
2025-04-30,ENT-QC,BD-1087,10,215.66,15
2025-08-31,ENT-MTL,BD-1059,58,391.48,16
2025-04-30,ENT-MTL,BD-1089,12,160.95,11
2025-05-31,ENT-QC,BD-1147,13,346.92,10
2025-11-30,ENT-MTL,BD-1153,47,116.00,10
2024-10-31,ENT-MTL,BD-1090,58,57.58,11
2025-08-31,ENT-QC,BD-1034,8,182.99,13
2024-04-30,ENT-MTL,BD-1057,79,19.26,16
2025-02-28,ENT-SAG,BD-1052,28,183.03,7
2025-01-31,ENT-MTL,BD-1124,1,153.77,12
2025-02-28,ENT-MTL,BD-1014,0,27.18,14
2025-02-28,ENT-MTL,BD-1044,6,199.55,16
2024-04-30,ENT-QC,BD-1124,69,150.61,12
2024-08-31,ENT-SAG,BD-1160,44,40.71,6
2024-06-30,ENT-SAG,BD-1149,28,108.85,7
2024-03-31,ENT-QC,BD-1035,112,30.00,19
2024-08-31,ENT-MTL,BD-1121,9,43.73,9
2024-12-31,ENT-MTL,BD-1138,58,86.38,13
2024-12-31,ENT-SAG,BD-1112,12,65.64,5
2024-12-31,ENT-MTL,BD-1174,30,165.53,12
2025-09-30,ENT-MTL,BD-1120,12,186.72,11
2024-07-31,ENT-MTL,BD-1164,18,98.38,10
2025-02-28,ENT-QC,BD-1077,17,171.09,14
2024-03-31,ENT-QC,BD-1146,12,220.88,14
2025-02-28,ENT-MTL,BD-1029,6,243.45,10
2025-12-31,ENT-MTL,BD-1137,51,25.59,13
2024-06-30,ENT-QC,BD-1022,40,247.74,8
2024-01-31,ENT-MTL,BD-1157,29,24.69,12
2024-10-31,ENT-MTL,BD-1091,55,279.07,11
2025-12-31,ENT-MTL,BD-1090,7,69.37,11
2024-01-31,ENT-QC,BD-1079,14,144.83,12
2024-01-31,ENT-MTL,BD-1160,29,40.71,14
2024-11-30,ENT-MTL,BD-1003,1,188.61,10
2025-10-31,ENT-MTL,BD-1094,62,124.30,11
2024-01-31,ENT-MTL,BD-1137,0,25.06,13
2024-09-30,ENT-MTL,BD-1108,3,166.46,13
2024-08-31,ENT-QC,BD-1163,5,294.58,11
2025-07-31,ENT-SAG,BD-1111,24,148.90,5
2025-10-31,ENT-QC,BD-1059,7,391.48,16
2025-07-31,ENT-SAG,BD-1169,35,282.28,6
2025-02-28,ENT-QC,BD-1028,16,143.73,14
2025-06-30,ENT-QC,BD-1167,38,209.73,13
2025-01-31,ENT-MTL,BD-1180,21,95.30,14
2025-08-31,ENT-SAG,BD-1165,29,107.92,5
2024-05-31,ENT-SAG,BD-1021,84,201.55,5
2025-04-30,ENT-MTL,BD-1010,50,88.91,11
2025-05-31,ENT-MTL,BD-1129,12,46.45,19
2024-11-30,ENT-SAG,BD-1036,39,159.06,8
2025-04-30,ENT-QC,BD-1107,84,150.54,14
2024-02-29,ENT-QC,BD-1079,10,144.83,12
2025-07-31,ENT-QC,BD-1004,58,158.83,11
2024-05-31,ENT-MTL,BD-1054,86,257.53,16
2025-02-28,ENT-SAG,BD-1068,6,290.25,5
2024-09-30,ENT-QC,BD-1025,0,146.28,9
2025-07-31,ENT-QC,BD-1127,14,174.31,15
2024-12-31,ENT-MTL,BD-1108,7,166.46,13
2024-07-31,ENT-QC,BD-1137,19,25.06,13
2024-12-31,ENT-QC,BD-1042,4,261.53,23
2024-02-29,ENT-MTL,BD-1164,11,98.38,10
2025-03-31,ENT-SAG,BD-1036,102,162.40,8
2025-02-28,ENT-SAG,BD-1145,30,111.12,7
2024-03-31,ENT-MTL,BD-1181,28,305.97,17
2024-10-31,ENT-MTL,BD-1181,44,305.97,17
2024-03-31,ENT-MTL,BD-1024,17,185.46,12
2025-07-31,ENT-QC,BD-1134,5,61.77,10
2025-08-31,ENT-MTL,BD-1126,10,133.03,12
2025-05-31,ENT-SAG,BD-1140,16,41.26,5
2025-05-31,ENT-SAG,BD-1027,100,254.96,6
2024-06-30,ENT-MTL,BD-1135,7,39.89,14
2025-07-31,ENT-MTL,BD-1060,72,291.44,16
2024-06-30,ENT-MTL,BD-1134,9,60.50,10
2024-09-30,ENT-MTL,BD-1070,41,39.88,10
2024-12-31,ENT-QC,BD-1113,10,276.01,10
2024-03-31,ENT-QC,BD-1161,32,62.84,14
2024-05-31,ENT-SAG,BD-1126,85,130.29,5
2025-07-31,ENT-SAG,BD-1046,100,372.17,7
2025-08-31,ENT-QC,BD-1033,13,113.22,14
2024-02-29,ENT-MTL,BD-1170,15,16.60,12
2025-02-28,ENT-QC,BD-1130,17,323.89,14
2024-04-30,ENT-QC,BD-1179,27,226.59,12
2025-04-30,ENT-SAG,BD-1134,0,61.77,4
2025-09-30,ENT-QC,BD-1118,4,343.17,13
2024-08-31,ENT-QC,BD-1119,15,58.44,11
2024-01-31,ENT-MTL,BD-1006,0,178.72,10
2025-06-30,ENT-QC,BD-1040,96,274.41,18
2025-04-30,ENT-QC,BD-1088,8,342.90,9
2024-01-31,ENT-QC,BD-1123,7,129.56,13
2024-08-31,ENT-SAG,BD-1093,77,132.18,4
2024-12-31,ENT-SAG,BD-1060,5,241.90,7
2025-08-31,ENT-SAG,BD-1102,68,260.69,4
2024-04-30,ENT-QC,BD-1066,13,199.26,10
2025-05-31,ENT-MTL,BD-1107,53,150.54,13
2024-09-30,ENT-SAG,BD-1082,81,278.39,4
2024-07-31,ENT-QC,BD-1055,95,209.35,16
2024-09-30,ENT-SAG,BD-1072,70,196.62,5
2024-11-30,ENT-MTL,BD-1059,7,324.94,16
2025-11-30,ENT-MTL,BD-1060,11,291.44,16
2024-08-31,ENT-QC,BD-1074,88,108.27,13
2024-12-31,ENT-MTL,BD-1021,16,201.55,11
2025-01-31,ENT-SAG,BD-1063,11,247.24,9
2024-07-31,ENT-MTL,BD-9815,8,147.44,13
2024-02-29,ENT-QC,BD-1100,19,306.44,11
2024-10-31,ENT-SAG,BD-1009,10,66.28,3
2025-02-28,ENT-MTL,BD-1124,11,153.77,12
2025-04-30,ENT-QC,BD-1129,20,46.45,20
2025-09-30,ENT-QC,BD-1029,12,243.45,10
2025-04-30,ENT-SAG,BD-1153,12,116.00,4
2024-02-29,ENT-MTL,BD-1139,11,198.93,16
2025-02-28,ENT-MTL,BD-1048,8,33.51,15
2025-06-30,ENT-SAG,BD-1093,14,159.25,4
2024-05-31,ENT-SAG,BD-1094,16,121.74,5
2024-10-31,ENT-QC,BD-1032,16,339.97,13
2024-05-31,ENT-MTL,BD-1113,47,276.01,9
2025-07-31,ENT-MTL,BD-1010,47,88.91,11
2025-03-31,ENT-QC,BD-1003,8,192.57,11
2024-01-31,ENT-QC,BD-1005,0,204.06,13
2024-08-31,ENT-SAG,BD-1133,18,61.66,7
2025-05-31,ENT-SAG,BD-1067,18,28.64,6
2025-04-30,ENT-MTL,BD-1028,52,143.73,13
2025-01-31,ENT-MTL,BD-1176,30,328.78,16
2024-03-31,ENT-SAG,BD-1065,30,128.81,5
2024-08-31,ENT-SAG,BD-1104,21,75.12,5
2025-03-31,ENT-SAG,BD-1083,11,160.44,4
2025-08-31,ENT-SAG,BD-1002,6,298.72,3
2025-04-30,ENT-MTL,BD-1121,45,44.65,9
2024-11-30,ENT-MTL,BD-1091,59,279.07,11
2024-10-31,ENT-QC,BD-1121,8,43.73,10
2024-10-31,ENT-SAG,BD-1130,96,317.23,6
2025-08-31,ENT-MTL,BD-1014,8,27.18,14
2024-08-31,ENT-MTL,BD-1168,15,224.71,12
2024-10-31,ENT-SAG,BD-1100,82,306.44,4
2024-02-29,ENT-SAG,BD-1016,6,219.41,4
2024-07-31,ENT-SAG,BD-1072,0,196.62,5
2025-10-31,ENT-SAG,BD-1055,7,213.75,7
2025-11-30,ENT-MTL,BD-1071,65,363.51,15
2024-07-31,ENT-QC,BD-1136,0,110.14,12
2025-12-31,ENT-SAG,BD-1054,17,262.94,7
2024-05-31,ENT-MTL,BD-1104,50,75.12,11
2025-01-31,ENT-SAG,BD-1075,4,60.99,5
2024-04-30,ENT-SAG,BD-1017,70,307.26,6
2025-10-31,ENT-QC,BD-1145,71,111.12,16
2025-12-31,ENT-QC,BD-1114,13,152.73,12
2025-05-31,ENT-SAG,BD-1103,68,154.84,5
2024-04-30,ENT-MTL,BD-1059,63,324.94,16
2025-05-31,ENT-SAG,BD-1154,13,329.92,5
2025-03-31,ENT-MTL,BD-1010,4,88.91,11
2024-07-31,ENT-SAG,BD-1094,27,121.74,5
2024-08-31,ENT-QC,BD-1059,102,324.94,16
2025-09-30,ENT-QC,BD-1173,35,212.35,16
2025-11-30,ENT-QC,BD-1157,26,25.21,13
2024-04-30,ENT-QC,BD-1075,4,59.74,13
2024-10-31,ENT-MTL,BD-1089,56,157.64,11
2024-04-30,ENT-SAG,BD-1179,38,226.59,5
2025-03-31,ENT-SAG,BD-1094,21,124.30,5
2024-01-31,ENT-SAG,BD-1160,22,40.71,6
2025-07-31,ENT-SAG,BD-1043,89,300.28,6
2025-03-31,ENT-MTL,BD-1077,10,171.09,13
2024-05-31,ENT-MTL,BD-1007,49,55.96,9
2024-05-31,ENT-SAG,BD-1055,78,209.35,7
2025-03-31,ENT-QC,BD-1126,8,133.03,12
2025-04-30,ENT-MTL,BD-1104,43,76.70,11
2025-10-31,ENT-QC,BD-1001,12,219.63,9
2025-01-31,ENT-QC,BD-1063,49,247.24,21
2024-02-29,ENT-SAG,BD-1055,7,209.35,7
2024-06-30,ENT-QC,BD-1039,103,119.66,19
2024-01-31,ENT-QC,BD-1144,11,96.31,15
2024-03-31,ENT-MTL,BD-1001,15,182.30,8
2025-10-31,ENT-QC,BD-1078,45,238.11,9
2025-09-30,ENT-SAG,BD-1082,60,335.40,4
2024-06-30,ENT-QC,BD-1130,26,317.23,14
2025-07-31,ENT-QC,BD-1040,93,274.41,18
2024-01-31,ENT-QC,BD-1060,9,241.90,17
2024-01-31,ENT-SAG,BD-1073,19,255.00,6
2025-07-31,ENT-SAG,BD-1166,22,217.35,5
2024-08-31,ENT-QC,BD-1144,5,96.31,15
2024-10-31,ENT-MTL,BD-1095,41,53.64,7
2025-10-31,ENT-SAG,BD-1090,64,69.37,5
2025-09-30,ENT-SAG,BD-1002,12,298.72,3
2024-01-31,ENT-MTL,BD-1070,15,39.88,10
2025-09-30,ENT-QC,BD-1117,22,100.34,10
2024-05-31,ENT-MTL,BD-1167,25,205.42,12
2025-06-30,ENT-MTL,BD-1153,0,116.00,10
2025-09-30,ENT-SAG,BD-1104,21,76.70,5
2025-05-31,ENT-QC,BD-1123,75,132.28,13
2024-01-31,ENT-QC,BD-1150,11,339.92,14
2025-08-31,ENT-QC,BD-1055,89,213.75,16
2024-01-31,ENT-QC,BD-1129,30,45.49,20
2025-10-31,ENT-QC,BD-1082,75,335.40,11
2025-02-28,ENT-QC,BD-1131,13,37.08,14
2024-02-29,ENT-MTL,BD-1120,8,182.88,11
2025-03-31,ENT-QC,BD-1016,13,224.02,9
2024-02-29,ENT-SAG,BD-1178,57,116.97,7
2025-03-31,ENT-SAG,BD-1090,4,58.79,5
2024-06-30,ENT-QC,BD-1070,4,39.88,10
2024-04-30,ENT-QC,BD-9108,5,335.85,9
2024-06-30,ENT-QC,BD-1078,6,197.64,9
2025-03-31,ENT-QC,BD-1173,50,212.35,16
2025-02-28,ENT-QC,BD-1142,2,100.93,11
2025-07-31,ENT-MTL,BD-1101,0,75.83,12
2025-12-31,ENT-MTL,BD-1128,47,78.87,10
2024-03-31,ENT-QC,BD-1162,32,66.97,14
2025-03-31,ENT-SAG,BD-1033,20,113.22,6
2024-01-31,ENT-QC,BD-1015,5,318.69,14
2025-11-30,ENT-MTL,BD-1151,42,92.25,10
2024-09-30,ENT-MTL,BD-1123,13,129.56,13
2024-09-30,ENT-QC,BD-1158,21,180.81,16
2025-09-30,ENT-MTL,BD-1058,22,149.54,17
2024-05-31,ENT-QC,BD-1066,13,199.26,10
2025-12-31,ENT-SAG,BD-1163,35,300.77,4
2024-11-30,ENT-SAG,BD-9862,28,24.69,5
2025-10-31,ENT-QC,BD-1039,14,122.17,19
2024-07-31,ENT-SAG,BD-1154,7,323.13,5
2024-09-30,ENT-QC,BD-1129,121,45.49,20
2024-03-31,ENT-MTL,BD-1144,0,96.31,14
2025-10-31,ENT-MTL,BD-1168,25,229.43,12
2025-01-31,ENT-MTL,BD-1028,11,143.73,13
2024-11-30,ENT-QC,BD-1056,1,287.11,19
2024-08-31,ENT-QC,BD-1097,56,210.05,12
2025-09-30,ENT-QC,BD-1138,73,88.19,14
2025-08-31,ENT-MTL,BD-1149,15,111.14,17
2025-02-28,ENT-MTL,BD-1079,8,147.87,12
2025-05-31,ENT-MTL,BD-1096,7,205.70,10
2025-04-30,ENT-QC,BD-1040,91,274.41,18
2024-02-29,ENT-QC,BD-1139,13,198.93,17
2025-06-30,ENT-QC,BD-1179,28,231.35,12
2024-10-31,ENT-MTL,BD-1142,46,98.85,10
2024-04-30,ENT-QC,BD-1037,96,16.31,22
2025-02-28,ENT-QC,BD-1108,1,169.96,14
2025-01-31,ENT-SAG,BD-1163,28,300.77,4
2025-06-30,ENT-QC,BD-1152,8,271.40,10
2025-04-30,ENT-MTL,BD-1133,0,62.95,15
2025-10-31,ENT-SAG,BD-1068,76,342.49,5
2025-05-31,ENT-SAG,BD-1093,1,159.25,4
2024-12-31,ENT-QC,BD-1086,8,80.72,12
2025-07-31,ENT-MTL,BD-1099,5,346.57,11
2024-03-31,ENT-MTL,BD-1131,9,36.32,13
2025-01-31,ENT-QC,BD-1181,41,312.40,18
2024-06-30,ENT-MTL,BD-1060,87,241.90,16
2025-01-31,ENT-SAG,BD-1100,17,312.88,4
2024-02-29,ENT-SAG,BD-1099,24,287.66,5
2024-11-30,ENT-QC,BD-1132,59,125.81,14
2024-08-31,ENT-QC,BD-1079,67,144.83,12
2025-08-31,ENT-MTL,BD-1167,10,209.73,12
2025-12-31,ENT-QC,BD-1157,14,25.21,13
2024-08-31,ENT-SAG,BD-1127,5,170.72,6
2025-08-31,ENT-QC,BD-1138,11,88.19,14
2025-09-30,ENT-QC,BD-1108,10,169.96,14
2024-06-30,ENT-SAG,BD-1082,16,278.39,4
2025-03-31,ENT-QC,BD-1124,10,153.77,12
2025-04-30,ENT-QC,BD-1102,14,260.69,10
2024-01-31,ENT-MTL,BD-1069,15,198.50,11
2024-05-31,ENT-QC,BD-1123,69,129.56,13
2024-12-31,ENT-SAG,BD-1121,4,43.73,4
2025-08-31,ENT-QC,BD-1066,52,240.06,10
2025-04-30,ENT-MTL,BD-1134,5,61.77,10
2025-02-28,ENT-QC,BD-1050,0,297.82,19
2025-03-31,ENT-QC,BD-1106,0,340.08,14
2024-02-29,ENT-QC,BD-1060,14,241.90,17
2024-05-31,ENT-SAG,BD-1043,95,294.10,6
2025-08-31,ENT-QC,BD-1008,22,155.34,10
2025-08-31,ENT-QC,BD-1016,10,224.02,9
2024-04-30,ENT-MTL,BD-1021,51,201.55,11
2024-02-29,ENT-MTL,BD-1082,1,278.39,10
2024-01-31,ENT-QC,BD-1042,21,261.53,23
2024-02-29,ENT-QC,BD-1021,0,201.55,12
2025-04-30,ENT-QC,BD-1116,73,60.17,16
2025-07-31,ENT-MTL,BD-1041,61,163.24,15
2024-08-31,ENT-QC,BD-1030,1,98.88,11
2024-09-30,ENT-MTL,BD-1082,48,278.39,10
2024-11-30,ENT-SAG,BD-1166,22,212.88,5
2025-05-31,ENT-MTL,BD-1004,49,158.83,10
2024-03-31,ENT-MTL,BD-1162,12,66.97,14
2025-10-31,ENT-QC,BD-1055,10,213.75,16
2025-09-30,ENT-QC,BD-1148,76,302.28,12
2025-04-30,ENT-SAG,BD-1005,83,208.35,5
2025-05-31,ENT-SAG,BD-1072,9,236.88,5
2025-04-30,ENT-QC,BD-1075,20,60.99,13
2024-05-31,ENT-SAG,BD-1098,5,257.11,6
2024-12-31,ENT-SAG,BD-1136,66,110.14,5
2024-04-30,ENT-SAG,BD-1134,9,60.50,4
2024-10-31,ENT-MTL,BD-1113,2,276.01,9
2024-08-31,ENT-QC,BD-1109,13,303.82,11
2024-02-29,ENT-MTL,BD-1117,11,98.28,10
2025-01-31,ENT-QC,BD-1142,19,100.93,11
2024-02-29,ENT-SAG,BD-1180,40,93.34,6
2025-04-30,ENT-MTL,BD-1024,49,189.35,12
2025-01-31,ENT-MTL,BD-1136,17,112.45,12
2025-06-30,ENT-MTL,BD-1073,20,307.22,13
2024-02-29,ENT-QC,BD-1029,9,238.44,10
2025-01-31,ENT-QC,BD-1011,9,294.52,9
2025-09-30,ENT-SAG,BD-1108,11,169.96,6
2024-03-31,ENT-MTL,BD-1046,89,308.91,17
2025-12-31,ENT-SAG,BD-1028,14,143.73,6
2024-07-31,ENT-QC,BD-1159,15,166.16,20
2025-09-30,ENT-MTL,BD-1152,48,271.40,9
2025-02-28,ENT-MTL,BD-1056,19,293.14,18
2024-11-30,ENT-SAG,BD-1063,30,242.15,9
2024-07-31,ENT-MTL,BD-1118,9,336.11,12
2025-03-31,ENT-QC,BD-1061,91,76.81,18
2024-06-30,ENT-MTL,BD-1163,15,294.58,10
2024-04-30,ENT-MTL,BD-1034,52,151.89,12
2024-12-31,ENT-QC,BD-1078,13,197.64,9
2025-08-31,ENT-MTL,BD-1151,7,92.25,10
2025-03-31,ENT-QC,BD-1076,0,287.01,12
2024-03-31,ENT-QC,BD-1026,8,241.74,11
2024-05-31,ENT-SAG,BD-1169,47,276.47,6
2025-06-30,ENT-SAG,BD-1017,87,313.71,6
2024-03-31,ENT-MTL,BD-1070,9,39.88,10
2025-10-31,ENT-QC,BD-1152,53,271.40,10
2025-06-30,ENT-QC,BD-1065,5,155.19,12
2024-06-30,ENT-SAG,BD-1071,16,301.72,7
2024-10-31,ENT-QC,BD-1072,62,196.62,13
2024-01-31,ENT-MTL,BD-1094,7,121.74,11
2024-12-31,ENT-QC,BD-1153,59,113.61,11
2025-09-30,ENT-SAG,BD-1136,70,112.45,5
2024-06-30,ENT-SAG,BD-1145,17,108.83,7
2024-09-30,ENT-MTL,BD-1055,3,209.35,15
2024-11-30,ENT-MTL,BD-1172,15,216.67,12
2025-12-31,ENT-SAG,BD-1139,90,203.11,7
2024-10-31,ENT-QC,BD-1021,5,201.55,12
2024-01-31,ENT-QC,BD-1172,23,216.67,13
2025-06-30,ENT-QC,BD-1073,4,307.22,14
2024-12-31,ENT-QC,BD-1160,31,40.71,15
2025-05-31,ENT-MTL,BD-1023,69,244.32,13
2025-02-28,ENT-QC,BD-1167,23,209.73,13
2025-02-28,ENT-SAG,BD-1054,7,262.94,7
2024-10-31,ENT-MTL,BD-1096,46,170.74,10
2024-03-31,ENT-QC,BD-1138,1,86.38,14
2025-03-31,ENT-QC,BD-9267,84,79.76,18
2024-11-30,ENT-SAG,BD-1102,57,255.33,4
2024-10-31,ENT-QC,BD-9167,12,159.06,19
2024-11-30,ENT-QC,BD-1003,0,188.61,11
2024-02-29,ENT-SAG,BD-1005,18,204.06,5
2025-01-31,ENT-SAG,BD-1154,3,329.92,5
2025-11-30,ENT-QC,BD-1109,5,310.20,11
2025-02-28,ENT-QC,BD-1138,25,88.19,14
2024-08-31,ENT-QC,BD-1113,13,276.01,10
2024-12-31,ENT-SAG,BD-1005,17,204.06,5
2025-12-31,ENT-QC,BD-1150,74,347.06,14
2025-04-30,ENT-MTL,BD-1019,48,173.78,11
2025-05-31,ENT-MTL,BD-1062,66,135.59,16
2025-01-31,ENT-SAG,BD-1141,12,314.24,4
2024-06-30,ENT-MTL,BD-1139,25,198.93,16
2024-03-31,ENT-SAG,BD-1019,29,170.21,5
2025-05-31,ENT-QC,BD-1079,11,147.87,12
2024-12-31,ENT-SAG,BD-1072,2,196.62,5
2024-04-30,ENT-MTL,BD-1182,28,56.87,13
2025-08-31,ENT-QC,BD-1080,70,208.57,12
2025-07-31,ENT-SAG,BD-1028,94,143.73,6
2024-01-31,ENT-QC,BD-1152,15,265.82,10
2024-06-30,ENT-QC,BD-1109,60,303.82,11
2025-10-31,ENT-QC,BD-1081,76,364.83,13
2025-12-31,ENT-QC,BD-1080,10,208.57,12
2025-02-28,ENT-SAG,BD-1137,30,25.59,5
2024-08-31,ENT-SAG,BD-1005,20,204.06,5
2025-02-28,ENT-SAG,BD-1156,21,164.64,5
2024-03-31,ENT-SAG,BD-1147,11,339.78,4
2024-10-31,ENT-MTL,BD-1133,76,61.66,15
2024-02-29,ENT-MTL,BD-1156,2,161.25,11
2025-04-30,ENT-QC,BD-1064,78,70.89,15
2025-09-30,ENT-MTL,BD-1046,12,372.17,17
2024-12-31,ENT-SAG,BD-1111,17,145.84,5
2024-01-31,ENT-MTL,BD-1148,13,296.06,11
2024-02-29,ENT-SAG,BD-1109,4,303.82,4
2024-02-29,ENT-SAG,BD-9559,5,339.78,4
2025-10-31,ENT-SAG,BD-1098,66,309.76,6
2024-05-31,ENT-QC,BD-1094,13,121.74,12
2025-09-30,ENT-SAG,BD-1009,11,67.67,3
2024-10-31,ENT-MTL,BD-1149,83,108.85,17
2024-02-29,ENT-MTL,BD-1083,6,157.14,10
2024-04-30,ENT-SAG,BD-1177,36,211.22,5
2025-06-30,ENT-MTL,BD-1019,45,205.07,11
2024-12-31,ENT-SAG,BD-1166,45,212.88,5
2024-02-29,ENT-MTL,BD-1109,11,303.82,10
2024-07-31,ENT-MTL,BD-1152,9,265.82,9
2024-09-30,ENT-SAG,BD-1092,86,140.04,6
2024-08-31,ENT-MTL,BD-1062,79,112.54,16
2024-07-31,ENT-QC,BD-1156,9,161.25,12
2025-07-31,ENT-SAG,BD-1148,11,302.28,5
2024-12-31,ENT-MTL,BD-9451,55,296.06,11
2025-03-31,ENT-QC,BD-1057,72,19.66,17
2024-06-30,ENT-MTL,BD-1054,56,257.53,16
2024-07-31,ENT-MTL,BD-1103,13,151.66,12
2025-09-30,ENT-QC,BD-1120,11,186.72,12
2024-03-31,ENT-SAG,BD-1093,28,132.18,4
2024-12-31,ENT-SAG,BD-1076,0,281.11,5
2024-04-30,ENT-MTL,BD-1041,82,159.88,15
2025-04-30,ENT-SAG,BD-1072,0,200.75,5
2024-03-31,ENT-QC,BD-1092,9,140.04,15
2024-04-30,ENT-SAG,BD-1112,78,65.64,5
2025-10-31,ENT-QC,BD-1014,20,27.18,15
2025-05-31,ENT-QC,BD-9973,12,336.22,11
2024-09-30,ENT-QC,BD-1102,56,255.33,10
2024-04-30,ENT-QC,BD-1168,14,224.71,13
2025-03-31,ENT-MTL,BD-1118,10,343.17,12
2024-04-30,ENT-MTL,BD-1067,0,23.77,13
2024-12-31,ENT-SAG,BD-1038,14,313.36,9
2025-12-31,ENT-QC,BD-1001,10,219.63,9
2025-12-31,ENT-SAG,BD-1050,38,297.82,8
2025-07-31,ENT-QC,BD-1152,20,271.40,10
2025-04-30,ENT-QC,BD-1100,18,312.88,11
2024-03-31,ENT-QC,BD-1004,0,155.56,11
2024-10-31,ENT-QC,BD-1154,80,323.13,13
2025-08-31,ENT-MTL,BD-1162,23,68.38,14
2024-05-31,ENT-MTL,BD-1072,0,196.62,12
2025-05-31,ENT-QC,BD-1170,17,16.95,12
2024-11-30,ENT-QC,BD-1179,14,226.59,12
2024-12-31,ENT-QC,BD-1048,16,32.82,16
2025-02-28,ENT-SAG,BD-1021,22,205.78,5
2024-09-30,ENT-QC,BD-1152,59,265.82,10
2024-11-30,ENT-QC,BD-1111,7,145.84,12
2024-07-31,ENT-QC,BD-1180,24,93.34,15
2025-06-30,ENT-QC,BD-1144,26,98.33,15
2024-02-29,ENT-MTL,BD-1115,7,46.26,11
2025-03-31,ENT-QC,BD-1017,8,313.71,14
2025-06-30,ENT-MTL,BD-1172,15,221.22,12
2024-02-29,ENT-SAG,BD-1041,34,159.88,7
2024-05-31,ENT-QC,BD-1034,71,151.89,13
2024-02-29,ENT-MTL,BD-1031,12,294.44,13
2025-06-30,ENT-MTL,BD-1034,49,182.99,12
2025-04-30,ENT-SAG,BD-1082,13,284.24,4
2024-02-29,ENT-QC,BD-1043,11,294.10,15
2025-09-30,ENT-SAG,BD-1055,25,213.75,7
2025-05-31,ENT-SAG,BD-1134,10,61.77,4
2025-09-30,ENT-QC,BD-1122,10,212.67,11
2024-02-29,ENT-QC,BD-1040,10,268.77,18
2024-01-31,ENT-QC,BD-1046,7,308.91,17
2025-12-31,ENT-QC,BD-1143,62,220.45,13
2025-09-30,ENT-MTL,BD-1103,13,154.84,12
2024-09-30,ENT-MTL,BD-1010,7,87.08,11
2024-02-29,ENT-MTL,BD-1168,21,224.71,12
2024-01-31,ENT-SAG,BD-1152,13,265.82,4
2024-02-29,ENT-QC,BD-1073,8,255.00,14
2024-11-30,ENT-QC,BD-1017,23,307.26,14
2025-11-30,ENT-SAG,BD-1036,20,191.63,8
2025-11-30,ENT-SAG,BD-1178,41,119.43,7
2025-04-30,ENT-MTL,BD-1031,64,300.62,13
2025-08-31,ENT-SAG,BD-1122,15,212.67,4
2025-06-30,ENT-MTL,BD-1115,53,47.23,11
2025-10-31,ENT-MTL,BD-1047,7,71.53,14
2024-11-30,ENT-QC,BD-1102,60,255.33,10
2024-09-30,ENT-QC,BD-1047,13,70.06,15
2025-11-30,ENT-QC,BD-1106,18,340.08,14
2024-09-30,ENT-SAG,BD-1133,97,61.66,7
2024-09-30,ENT-QC,BD-1178,31,116.97,17
2025-07-31,ENT-QC,BD-1050,119,297.82,19
2024-12-31,ENT-SAG,BD-1137,80,25.06,5
2025-06-30,ENT-SAG,BD-1055,102,213.75,7
2025-07-31,ENT-MTL,BD-1126,8,133.03,12
2025-05-31,ENT-MTL,BD-1174,22,169.01,12
2025-11-30,ENT-SAG,BD-1140,88,41.26,5
2024-04-30,ENT-QC,BD-1018,33,242.09,6
2025-10-31,ENT-MTL,BD-1092,56,168.72,14
2025-09-30,ENT-QC,BD-1015,7,325.38,14
2025-10-31,ENT-QC,BD-1166,32,217.35,13
2025-06-30,ENT-SAG,BD-1117,65,100.34,4
2024-12-31,ENT-QC,BD-1161,26,62.84,14
2024-12-31,ENT-SAG,BD-1127,91,170.72,6
2024-03-31,ENT-MTL,BD-1062,70,112.54,16
2025-06-30,ENT-SAG,BD-1112,84,67.02,5
2024-04-30,ENT-SAG,BD-1060,110,241.90,7
2024-11-30,ENT-QC,BD-1059,14,324.94,16
2024-02-29,ENT-QC,BD-1055,33,209.35,16
2025-09-30,ENT-MTL,BD-1067,50,28.64,13
2024-12-31,ENT-MTL,BD-1142,43,98.85,10
2025-12-31,ENT-QC,BD-1132,70,128.45,14
2024-10-31,ENT-MTL,BD-1115,10,46.26,11
2024-12-31,ENT-SAG,BD-1073,26,255.00,6
2025-06-30,ENT-SAG,BD-1057,102,23.20,7
2024-11-30,ENT-QC,BD-1083,55,157.14,11
2024-09-30,ENT-MTL,BD-1099,67,287.66,11
2025-11-30,ENT-MTL,BD-1156,59,164.64,11
2025-09-30,ENT-QC,BD-1168,30,229.43,13
2025-05-31,ENT-MTL,BD-1126,61,133.03,12
2025-08-31,ENT-MTL,BD-1084,55,375.89,12
2024-06-30,ENT-MTL,BD-1001,35,182.30,8
2024-12-31,ENT-SAG,BD-1082,17,278.39,4
2025-07-31,ENT-QC,BD-1025,56,149.35,9
2025-09-30,ENT-MTL,BD-1126,5,133.03,12
2024-04-30,ENT-QC,BD-1172,12,216.67,13
2025-01-31,ENT-MTL,BD-1109,19,310.20,10
2024-09-30,ENT-SAG,BD-1122,19,208.30,4
2025-08-31,ENT-MTL,BD-1125,14,291.24,11
2024-07-31,ENT-MTL,BD-1173,38,207.98,15
2024-01-31,ENT-QC,BD-1081,17,302.82,13
2025-05-31,ENT-SAG,BD-1061,106,76.81,7
2025-05-31,ENT-MTL,BD-1117,45,100.34,10
2024-02-29,ENT-SAG,BD-1063,38,242.15,9
2024-07-31,ENT-SAG,BD-1152,20,265.82,4
2025-03-31,ENT-SAG,BD-1052,109,183.03,7
2025-01-31,ENT-QC,BD-1028,9,143.73,14
2025-12-31,ENT-QC,BD-1148,75,302.28,12
2025-07-31,ENT-SAG,BD-1160,39,41.56,6
2024-10-31,ENT-QC,BD-1123,2,129.56,13
2024-09-30,ENT-SAG,BD-1117,13,98.28,4
2024-08-31,ENT-MTL,BD-1039,75,119.66,18
2025-06-30,ENT-QC,BD-1007,52,57.14,10
2025-08-31,ENT-SAG,BD-1100,59,369.19,4
2024-03-31,ENT-QC,BD-1101,12,62.94,12
2025-05-31,ENT-QC,BD-1098,10,309.76,15
2024-04-30,ENT-MTL,BD-1116,67,58.93,16
2025-08-31,ENT-MTL,BD-1180,20,95.30,14
2024-10-31,ENT-QC,BD-1024,13,185.46,12
2025-08-31,ENT-MTL,BD-1124,10,153.77,12
2024-12-31,ENT-QC,BD-1084,14,312.00,12
2025-09-30,ENT-QC,BD-1135,81,40.73,15
2024-11-30,ENT-QC,BD-1117,12,98.28,10
2025-10-31,ENT-QC,BD-1030,3,119.13,11
2025-06-30,ENT-QC,BD-1084,0,375.89,12
2025-12-31,ENT-MTL,BD-1169,24,282.28,13
2024-08-31,ENT-SAG,BD-1178,46,116.97,7
2025-02-28,ENT-MTL,BD-1025,2,149.35,9
2024-04-30,ENT-MTL,BD-1138,21,86.38,13
2024-03-31,ENT-QC,BD-1095,2,53.64,8
2025-03-31,ENT-MTL,BD-1095,0,54.77,7
2025-06-30,ENT-SAG,BD-1047,89,71.53,6
2025-03-31,ENT-SAG,BD-1118,15,343.17,5
2024-05-31,ENT-SAG,BD-1040,104,268.77,7
2024-02-29,ENT-SAG,BD-1072,9,196.62,5
2025-11-30,ENT-QC,BD-1070,57,48.05,10
2024-12-31,ENT-SAG,BD-1161,46,62.84,6
2024-08-31,ENT-QC,BD-1024,12,185.46,12
2024-07-31,ENT-SAG,BD-1028,88,140.77,6
2024-11-30,ENT-QC,BD-1037,37,16.31,22
2025-08-31,ENT-MTL,BD-1154,21,329.92,12
2025-01-31,ENT-QC,BD-1019,11,173.78,12
2025-01-31,ENT-SAG,BD-1036,43,162.40,8
2024-07-31,ENT-QC,BD-1035,100,30.00,19
2025-07-31,ENT-MTL,BD-1132,14,128.45,13
2025-05-31,ENT-SAG,BD-1045,86,78.37,6
2025-11-30,ENT-SAG,BD-1099,86,346.57,5
2025-12-31,ENT-MTL,BD-1054,13,262.94,16
2024-02-29,ENT-QC,BD-1179,21,226.59,12
2024-02-29,ENT-QC,BD-1156,13,161.25,12
2024-09-30,ENT-QC,BD-1165,21,105.70,12
2025-01-31,ENT-MTL,BD-1020,0,33.12,15
2025-11-30,ENT-QC,BD-1095,44,64.62,8
2024-03-31,ENT-QC,BD-1072,13,196.62,13
2024-07-31,ENT-SAG,BD-1165,31,105.70,5
2025-07-31,ENT-QC,BD-1009,45,67.67,9
2024-08-31,ENT-QC,BD-1137,14,25.06,13
2024-11-30,ENT-QC,BD-1121,5,43.73,10
2025-01-31,ENT-SAG,BD-1162,42,68.38,6
2025-11-30,ENT-SAG,BD-1027,2,254.96,6
2024-12-31,ENT-QC,BD-1141,55,307.78,10
2025-08-31,ENT-QC,BD-1124,14,153.77,12
2025-06-30,ENT-SAG,BD-1063,152,247.24,9
2025-01-31,ENT-QC,BD-1024,18,189.35,12
2024-01-31,ENT-SAG,BD-1112,10,65.64,5
2025-08-31,ENT-QC,BD-1077,74,171.09,14
2025-05-31,ENT-QC,BD-1177,28,215.66,12
2024-10-31,ENT-QC,BD-1158,33,180.81,16
2024-04-30,ENT-QC,BD-1102,6,255.33,10
2025-08-31,ENT-SAG,BD-1088,59,404.63,4
2024-02-29,ENT-QC,BD-1062,4,112.54,17
2024-07-31,ENT-QC,BD-1040,93,268.77,18
2025-02-28,ENT-MTL,BD-1068,5,290.25,12
2024-03-31,ENT-MTL,BD-1136,11,110.14,12
2025-03-31,ENT-QC,BD-1135,0,40.73,15
2024-12-31,ENT-QC,BD-1137,60,25.06,13
2025-03-31,ENT-SAG,BD-1100,21,312.88,4
2025-05-31,ENT-QC,BD-1152,2,271.40,10
2024-01-31,ENT-MTL,BD-1131,9,36.32,13
2024-10-31,ENT-SAG,BD-1154,73,323.13,5
2025-09-30,ENT-SAG,BD-1179,29,231.35,5
2024-05-31,ENT-MTL,BD-1148,2,296.06,11
2025-09-30,ENT-QC,BD-1098,71,309.76,15
2025-06-30,ENT-QC,BD-1128,16,78.87,10
2024-01-31,ENT-SAG,BD-1005,16,204.06,5
2024-08-31,ENT-QC,BD-1091,58,279.07,11
2025-08-31,ENT-QC,BD-1076,60,338.68,12
2025-09-30,ENT-SAG,BD-1048,26,33.51,7
2024-07-31,ENT-SAG,BD-1127,29,170.72,6
2025-12-31,ENT-QC,BD-1095,7,64.62,8
2025-02-28,ENT-QC,BD-1088,8,342.90,9
2025-09-30,ENT-MTL,BD-1086,56,97.25,11
2024-12-31,ENT-SAG,BD-1040,11,268.77,7
2024-06-30,ENT-QC,BD-1089,16,157.64,12
2024-07-31,ENT-MTL,BD-1040,66,268.77,17
2024-12-31,ENT-QC,BD-1110,0,178.91,12
2024-01-31,ENT-SAG,BD-1090,19,57.58,5
2025-02-28,ENT-QC,BD-1124,15,153.77,12
2025-06-30,ENT-SAG,BD-1167,39,209.73,5
2025-10-31,ENT-SAG,BD-1037,0,16.65,9
2024-02-29,ENT-QC,BD-1024,16,185.46,12
2025-01-31,ENT-MTL,BD-1048,6,33.51,15
2024-03-31,ENT-SAG,BD-1130,15,317.23,6
2025-09-30,ENT-SAG,BD-1134,63,61.77,4
2025-07-31,ENT-MTL,BD-1165,21,107.92,12
2024-03-31,ENT-QC,BD-1071,9,301.72,16
2024-07-31,ENT-QC,BD-1138,29,86.38,14
2024-12-31,ENT-MTL,BD-1060,20,241.90,16
2024-04-30,ENT-MTL,BD-1120,45,182.88,11
2025-01-31,ENT-QC,BD-1149,0,111.14,18
2025-10-31,ENT-QC,BD-1101,70,75.83,12
2025-04-30,ENT-SAG,BD-1073,15,260.35,6
2024-11-30,ENT-MTL,BD-1092,64,140.04,14
2024-07-31,ENT-SAG,BD-1168,17,224.71,5
2025-01-31,ENT-QC,BD-1152,3,271.40,10
2025-06-30,ENT-MTL,BD-1144,14,98.33,14
2025-07-31,ENT-QC,BD-1121,12,44.65,10
2024-01-31,ENT-SAG,BD-1047,26,70.06,6
2025-11-30,ENT-SAG,BD-1131,94,37.08,6
2024-07-31,ENT-MTL,BD-1042,92,261.53,22
2024-04-30,ENT-QC,BD-1125,61,285.25,12
2024-11-30,ENT-SAG,BD-1074,103,108.27,5
2024-01-31,ENT-QC,BD-1075,6,59.74,13
2024-06-30,ENT-SAG,BD-1136,17,110.14,5
2024-07-31,ENT-SAG,BD-1061,105,75.23,7
2024-09-30,ENT-SAG,BD-1153,59,113.61,4
2024-12-31,ENT-MTL,BD-1091,8,279.07,11
2024-10-31,ENT-SAG,BD-1050,23,291.69,8
2025-02-28,ENT-MTL,BD-1170,18,16.95,12
2025-06-30,ENT-QC,BD-1035,87,30.63,19
2025-08-31,ENT-QC,BD-1069,66,239.15,12
2025-01-31,ENT-MTL,BD-1089,0,160.95,11
2025-02-28,ENT-QC,BD-1054,7,262.94,17
2024-01-31,ENT-SAG,BD-1067,12,23.77,6
2025-08-31,ENT-SAG,BD-1167,49,209.73,5
2024-08-31,ENT-SAG,BD-1179,21,226.59,5
2025-05-31,ENT-SAG,BD-1028,77,143.73,6
2025-06-30,ENT-MTL,BD-1135,0,40.73,14
2024-10-31,ENT-QC,BD-1084,76,312.00,12
2025-07-31,ENT-QC,BD-1012,63,69.62,11
2025-07-31,ENT-MTL,BD-1017,59,313.71,13
2025-09-30,ENT-QC,BD-1058,16,149.54,18
2024-03-31,ENT-MTL,BD-1115,5,46.26,11
2024-01-31,ENT-SAG,BD-1078,13,197.64,4
2024-11-30,ENT-QC,BD-1015,14,318.69,14
2025-11-30,ENT-MTL,BD-1104,5,76.70,11
2024-01-31,ENT-SAG,BD-1094,35,121.74,5
2025-03-31,ENT-MTL,BD-1014,7,27.18,14
2024-11-30,ENT-MTL,BD-1136,48,110.14,12
2025-05-31,ENT-QC,BD-1017,69,313.71,14
2024-12-31,ENT-QC,BD-1001,16,182.30,9
2024-02-29,ENT-SAG,BD-1161,23,62.84,6
2025-01-31,ENT-MTL,BD-1010,11,88.91,11
2024-05-31,ENT-QC,BD-1175,41,94.86,17
2025-03-31,ENT-QC,BD-1077,5,171.09,14
2024-06-30,ENT-QC,BD-1182,26,56.87,14
2025-09-30,ENT-MTL,BD-1133,63,62.95,15
2025-02-28,ENT-MTL,BD-1053,6,180.55,19
2025-10-31,ENT-QC,BD-1089,56,189.92,12
2025-11-30,ENT-SAG,BD-1040,27,274.41,7
2024-12-31,ENT-QC,BD-1033,1,110.89,14
2025-07-31,ENT-SAG,BD-1080,0,208.57,5
2025-07-31,ENT-QC,BD-1057,79,23.20,17
2024-09-30,ENT-SAG,BD-1005,8,204.06,5
2025-04-30,ENT-QC,BD-1074,11,110.54,13
2024-11-30,ENT-MTL,BD-1074,55,108.27,12
2024-09-30,ENT-SAG,BD-1152,46,265.82,4
2025-09-30,ENT-MTL,BD-1168,28,229.43,12
2024-01-31,ENT-QC,BD-1155,27,322.38,17
2024-09-30,ENT-QC,BD-1117,13,98.28,10
2024-04-30,ENT-QC,BD-1098,11,257.11,15
2024-04-30,ENT-QC,BD-1046,102,308.91,17
2025-04-30,ENT-MTL,BD-1117,53,100.34,10
2024-10-31,ENT-SAG,BD-1026,14,241.74,4
2025-08-31,ENT-SAG,BD-1126,4,133.03,5
2024-12-31,ENT-MTL,BD-1103,4,151.66,12
2025-10-31,ENT-MTL,BD-1060,0,291.44,16
2024-02-29,ENT-QC,BD-1068,22,284.28,13
2025-10-31,ENT-SAG,BD-1041,36,163.24,7
2024-09-30,ENT-MTL,BD-1117,8,98.28,10
2024-01-31,ENT-QC,BD-1143,21,215.92,13
2024-01-31,ENT-SAG,BD-1121,9,43.73,4
2024-02-29,ENT-MTL,BD-1099,12,287.66,11
2025-10-31,ENT-SAG,BD-1118,3,343.17,5
2025-03-31,ENT-MTL,BD-1067,6,24.27,13
2024-04-30,ENT-SAG,BD-1107,98,147.44,6
2025-12-31,ENT-QC,BD-1067,18,28.64,14
2025-01-31,ENT-QC,BD-1164,34,100.45,11
2024-08-31,ENT-QC,BD-1046,95,308.91,17
2024-12-31,ENT-MTL,BD-1151,43,90.35,10
2024-11-30,ENT-QC,BD-1108,8,166.46,14
2024-09-30,ENT-SAG,BD-1116,18,58.93,7
2025-07-31,ENT-QC,BD-1125,14,291.24,12
2024-07-31,ENT-MTL,BD-1104,0,75.12,11
2024-05-31,ENT-MTL,BD-1129,12,45.49,19
2025-02-28,ENT-MTL,BD-1158,32,184.61,15
2024-02-29,ENT-SAG,BD-1073,21,255.00,6
2025-07-31,ENT-QC,BD-1162,45,68.38,14
2024-11-30,ENT-SAG,BD-1086,66,80.72,5
2025-05-31,ENT-QC,BD-1053,94,180.55,20
2025-06-30,ENT-QC,BD-1176,30,328.78,17
2025-05-31,ENT-MTL,BD-1134,2,61.77,10
2024-11-30,ENT-MTL,BD-1058,12,146.46,17
2025-12-31,ENT-QC,BD-1105,8,169.61,12
2024-11-30,ENT-QC,BD-1140,67,40.41,12
2024-12-31,ENT-MTL,BD-1070,5,39.88,10
2025-01-31,ENT-QC,BD-1182,45,58.06,14
2024-06-30,ENT-QC,BD-1056,111,287.11,19
2025-08-31,ENT-QC,BD-1122,9,212.67,11
2024-11-30,ENT-QC,BD-1081,77,302.82,13
2025-07-31,ENT-QC,BD-1179,17,231.35,12
2024-02-29,ENT-MTL,BD-1062,4,112.54,16
2024-03-31,ENT-QC,BD-1177,23,211.22,12
2024-09-30,ENT-MTL,BD-1126,0,130.29,12
2025-01-31,ENT-MTL,BD-1003,12,192.57,10
2025-10-31,ENT-MTL,BD-1079,58,147.87,12
2025-11-30,ENT-MTL,BD-1124,14,153.77,12
2025-01-31,ENT-QC,BD-1139,13,203.11,17
2025-11-30,ENT-QC,BD-1039,24,122.17,19
2025-07-31,ENT-QC,BD-1069,0,239.15,12
2024-03-31,ENT-MTL,BD-1154,0,323.13,12
2024-02-29,ENT-MTL,BD-1038,4,313.36,20
2025-08-31,ENT-QC,BD-1182,38,58.06,14
2025-05-31,ENT-QC,BD-1083,5,189.32,11
2025-11-30,ENT-MTL,BD-1025,12,149.35,9
2025-06-30,ENT-MTL,BD-1086,12,97.25,11
2024-10-31,ENT-QC,BD-1013,6,308.85,12
2024-08-31,ENT-MTL,BD-1161,25,62.84,13
2025-08-31,ENT-MTL,BD-1033,11,113.22,13
2024-12-31,ENT-QC,BD-1059,16,324.94,16
2024-01-31,ENT-MTL,BD-1067,6,23.77,13
2024-12-31,ENT-SAG,BD-1162,44,66.97,6
2025-03-31,ENT-QC,BD-1045,77,78.37,16
2024-02-29,ENT-SAG,BD-1043,0,294.10,6
2025-08-31,ENT-QC,BD-1146,2,225.52,14
2024-02-29,ENT-QC,BD-1167,31,205.42,13
2025-02-28,ENT-QC,BD-1098,29,262.51,15
2024-09-30,ENT-QC,BD-1059,5,324.94,16
2024-01-31,ENT-QC,BD-1153,17,113.61,11
2025-02-28,ENT-QC,BD-1121,0,44.65,10
2024-09-30,ENT-SAG,BD-1040,18,268.77,7
2025-06-30,ENT-QC,BD-1083,0,189.32,11
2025-08-31,ENT-MTL,BD-1001,3,219.63,8
2024-02-29,ENT-QC,BD-1058,12,146.46,18
2025-01-31,ENT-SAG,BD-1080,19,176.76,5
2024-07-31,ENT-MTL,BD-1158,27,180.81,15
2024-01-31,ENT-MTL,BD-1152,10,265.82,9
2025-04-30,ENT-QC,BD-1098,3,262.51,15
2025-11-30,ENT-QC,BD-1013,8,315.34,12
2024-03-31,ENT-QC,BD-1077,1,167.57,14
2024-07-31,ENT-MTL,BD-1067,25,23.77,13
2024-09-30,ENT-MTL,BD-1103,7,151.66,12
2025-07-31,ENT-QC,BD-1042,122,267.02,23
2025-04-30,ENT-MTL,BD-1175,22,96.85,16
2024-03-31,ENT-MTL,BD-1178,11,116.97,16
2024-02-29,ENT-SAG,BD-1153,15,113.61,4
2025-02-28,ENT-QC,BD-1056,41,293.14,19
2024-12-31,ENT-MTL,BD-1132,47,125.81,13
2024-01-31,ENT-QC,BD-1056,27,287.11,19
2024-11-30,ENT-QC,BD-1048,14,32.82,16
2024-03-31,ENT-MTL,BD-1149,11,108.85,17
2024-01-31,ENT-SAG,BD-1019,15,170.21,5
2025-03-31,ENT-MTL,BD-1099,0,293.70,11
2025-01-31,ENT-SAG,BD-1130,38,323.89,6
2025-10-31,ENT-SAG,BD-1172,28,221.22,5
2025-01-31,ENT-MTL,BD-1014,0,27.18,14
2024-03-31,ENT-SAG,BD-1086,16,80.72,5
2024-08-31,ENT-MTL,BD-1135,7,39.89,14
2025-09-30,ENT-MTL,BD-1062,15,135.59,16
2025-05-31,ENT-SAG,BD-1165,25,107.92,5
2024-02-29,ENT-MTL,BD-1067,8,23.77,13
2024-04-30,ENT-QC,BD-1050,100,291.69,19
2024-05-31,ENT-MTL,BD-1062,72,112.54,16
2024-01-31,ENT-SAG,BD-1163,49,294.58,4
2025-05-31,ENT-SAG,BD-1090,15,69.37,5
2025-07-31,ENT-QC,BD-1067,0,28.64,14
2025-01-31,ENT-QC,BD-1128,12,78.87,10
2025-05-31,ENT-QC,BD-1018,35,247.17,6
2024-07-31,ENT-QC,BD-1016,38,219.41,9
2025-09-30,ENT-MTL,BD-1169,30,282.28,13
2025-08-31,ENT-MTL,BD-1117,5,100.34,10
2024-12-31,ENT-MTL,BD-1049,5,30.58,17
2025-02-28,ENT-QC,BD-1046,6,315.40,17
2025-08-31,ENT-QC,BD-1078,48,238.11,9
2024-07-31,ENT-QC,BD-1041,83,159.88,16
2025-07-31,ENT-MTL,BD-1038,80,319.94,20
2025-10-31,ENT-QC,BD-1176,33,328.78,17
2025-03-31,ENT-MTL,BD-1042,130,267.02,22
2024-09-30,ENT-MTL,BD-1049,17,30.58,17
2025-03-31,ENT-MTL,BD-1154,2,329.92,12
2025-04-30,ENT-MTL,BD-1094,4,124.30,11
2024-01-31,ENT-SAG,BD-1150,9,339.92,6
2024-08-31,ENT-SAG,BD-1092,89,140.04,6
2024-03-31,ENT-QC,BD-1025,4,146.28,9
2025-10-31,ENT-QC,BD-1069,73,239.15,12
2024-10-31,ENT-QC,BD-1138,73,86.38,14
2025-01-31,ENT-MTL,BD-1054,10,262.94,16
2024-08-31,ENT-SAG,BD-1180,54,93.34,6
2025-02-28,ENT-QC,BD-1072,11,200.75,13
2025-06-30,ENT-MTL,BD-1054,76,262.94,16
2024-08-31,ENT-MTL,BD-1028,16,140.77,13
2025-12-31,ENT-MTL,BD-1171,14,85.46,12
2024-07-31,ENT-QC,BD-1072,9,196.62,13
2024-06-30,ENT-MTL,BD-1164,13,98.38,10
2025-01-31,ENT-QC,BD-1115,9,47.23,11
2024-07-31,ENT-MTL,BD-1127,5,170.72,14
2024-12-31,ENT-MTL,BD-1056,15,287.11,18
2025-12-31,ENT-MTL,BD-1007,0,57.14,9
2025-02-28,ENT-MTL,BD-1073,2,260.35,13
2025-02-28,ENT-MTL,BD-1091,13,284.93,11
2024-02-29,ENT-MTL,BD-1175,19,94.86,16
2024-03-31,ENT-QC,BD-1113,21,276.01,10
2025-12-31,ENT-MTL,BD-1077,6,171.09,13
2024-03-31,ENT-QC,BD-1055,81,209.35,16
2025-03-31,ENT-SAG,BD-1127,23,174.31,6
2024-10-31,ENT-QC,BD-1107,21,147.44,14
2024-12-31,ENT-QC,BD-1118,12,336.11,13
2024-10-31,ENT-MTL,BD-1160,20,40.71,14
2024-01-31,ENT-QC,BD-1031,7,294.44,14
2025-10-31,ENT-MTL,BD-1151,35,92.25,10
2025-05-31,ENT-SAG,BD-1149,16,111.14,7
2025-10-31,ENT-SAG,BD-1137,114,25.59,5
2024-02-29,ENT-SAG,BD-1107,9,147.44,6
2024-09-30,ENT-QC,BD-1109,11,303.82,11
2024-07-31,ENT-QC,BD-1017,68,307.26,14
2024-02-29,ENT-QC,BD-1080,10,173.12,12
2025-04-30,ENT-QC,BD-1154,14,329.92,13
2024-11-30,ENT-QC,BD-1029,9,238.44,10
2024-06-30,ENT-QC,BD-1086,15,80.72,12
2025-05-31,ENT-SAG,BD-1107,74,150.54,6
2025-01-31,ENT-QC,BD-1012,13,69.62,11
2025-02-28,ENT-QC,BD-1037,25,16.65,22
2024-06-30,ENT-SAG,BD-1066,27,199.26,4
2024-06-30,ENT-QC,BD-1167,28,205.42,13
2024-06-30,ENT-MTL,BD-1086,1,80.72,11
2024-05-31,ENT-MTL,BD-1056,86,287.11,18
2025-10-31,ENT-QC,BD-1025,7,149.35,9
2025-07-31,ENT-SAG,BD-1134,21,61.77,4
2024-08-31,ENT-QC,BD-1050,95,291.69,19
2025-09-30,ENT-SAG,BD-1177,36,215.66,5
2024-03-31,ENT-MTL,BD-1090,0,57.58,11
2024-07-31,ENT-SAG,BD-1102,13,255.33,4
2025-09-30,ENT-QC,BD-1071,77,363.51,16
2025-06-30,ENT-QC,BD-1120,65,186.72,12
2024-10-31,ENT-QC,BD-1055,17,209.35,16
2024-01-31,ENT-SAG,BD-1100,17,306.44,4
2024-12-31,ENT-MTL,BD-1020,15,32.44,15
2025-07-31,ENT-SAG,BD-1178,39,119.43,7
2024-11-30,ENT-MTL,BD-1142,40,98.85,10
2025-11-30,ENT-MTL,BD-1039,22,122.17,18
2025-07-31,ENT-QC,BD-1133,0,62.95,16
2024-05-31,ENT-SAG,BD-1026,74,241.74,4
2025-01-31,ENT-SAG,BD-1137,2,25.59,5
2024-07-31,ENT-QC,BD-1082,8,278.39,11
2024-03-31,ENT-QC,BD-1022,5,247.74,8
2024-04-30,ENT-MTL,BD-1086,15,80.72,11
2025-02-28,ENT-QC,BD-1031,26,300.62,14
2024-06-30,ENT-MTL,BD-1058,79,146.46,17
2025-10-31,ENT-QC,BD-1011,11,294.52,9
2025-03-31,ENT-SAG,BD-1108,12,169.96,6
2024-03-31,ENT-SAG,BD-1149,1,108.85,7
2025-01-31,ENT-QC,BD-1031,0,300.62,14
2025-07-31,ENT-QC,BD-1166,21,217.35,13
2024-06-30,ENT-SAG,BD-1117,68,98.28,4
2025-12-31,ENT-MTL,BD-1153,35,116.00,10
2025-06-30,ENT-QC,BD-1129,4,46.45,20
2024-08-31,ENT-QC,BD-1142,8,98.85,11
2024-12-31,ENT-SAG,BD-1124,16,150.61,5
2024-04-30,ENT-QC,BD-1007,56,55.96,10
2025-08-31,ENT-SAG,BD-1093,66,159.25,4
2024-10-31,ENT-SAG,BD-1156,70,161.25,5
2024-11-30,ENT-MTL,BD-1024,6,185.46,12
2025-08-31,ENT-QC,BD-1089,50,189.92,12
2025-12-31,ENT-MTL,BD-1056,10,293.14,18
2025-10-31,ENT-MTL,BD-1044,1,199.55,16
2024-09-30,ENT-SAG,BD-1060,17,241.90,7
2024-11-30,ENT-QC,BD-1181,44,305.97,18
2024-03-31,ENT-SAG,BD-1104,13,75.12,5
2024-07-31,ENT-QC,BD-1023,66,239.29,14
2025-10-31,ENT-SAG,BD-1045,20,78.37,6
2025-11-30,ENT-QC,BD-1176,41,328.78,17
2024-04-30,ENT-SAG,BD-1005,90,204.06,5
2024-01-31,ENT-SAG,BD-1154,20,323.13,5
2025-08-31,ENT-SAG,BD-1152,13,271.40,4
2025-07-31,ENT-MTL,BD-1173,26,212.35,15
2025-07-31,ENT-MTL,BD-1092,8,168.72,14
2024-08-31,ENT-MTL,BD-1059,70,324.94,16
2024-06-30,ENT-SAG,BD-1165,25,105.70,5
2024-09-30,ENT-QC,BD-1136,75,110.14,12
2024-09-30,ENT-SAG,BD-1181,19,305.97,8
2024-11-30,ENT-SAG,BD-1046,29,308.91,7
2024-09-30,ENT-QC,BD-1085,49,40.90,10
2025-03-31,ENT-MTL,BD-1060,59,246.98,16
2025-08-31,ENT-QC,BD-1022,24,298.47,8
2024-09-30,ENT-SAG,BD-1066,45,199.26,4
2024-04-30,ENT-SAG,BD-1118,76,336.11,5
2024-08-31,ENT-MTL,BD-1069,59,198.50,11
2024-11-30,ENT-MTL,BD-1004,6,155.56,10
2024-04-30,ENT-SAG,BD-1043,93,294.10,6
2024-02-29,ENT-SAG,BD-1076,10,281.11,5
2024-02-29,ENT-MTL,BD-1137,5,25.06,13
2024-07-31,ENT-QC,BD-1075,20,59.74,13
2025-08-31,ENT-MTL,BD-1037,91,16.65,21
2024-12-31,ENT-MTL,BD-1157,28,24.69,12
2024-03-31,ENT-SAG,BD-1029,8,238.44,4
2024-05-31,ENT-QC,BD-1069,14,198.50,12
2024-05-31,ENT-SAG,BD-1046,116,308.91,7
2024-12-31,ENT-QC,BD-1095,4,53.64,8
2024-03-31,ENT-QC,BD-1033,10,110.89,14
2025-05-31,ENT-MTL,BD-1110,50,182.67,12
2024-07-31,ENT-SAG,BD-1040,115,268.77,7
2024-01-31,ENT-QC,BD-1014,0,26.62,15
2025-12-31,ENT-QC,BD-1146,77,225.52,14
2025-06-30,ENT-SAG,BD-1104,76,76.70,5
2024-03-31,ENT-MTL,BD-1028,15,140.77,13
2024-02-29,ENT-QC,BD-1033,7,110.89,14
2025-05-31,ENT-QC,BD-1070,6,48.05,10
2024-07-31,ENT-QC,BD-1143,10,215.92,13
2025-03-31,ENT-SAG,BD-1005,12,208.35,5
2024-09-30,ENT-MTL,BD-1083,60,157.14,10
2025-05-31,ENT-MTL,BD-1073,8,307.22,13
2025-07-31,ENT-QC,BD-1174,16,169.01,13
2025-12-31,ENT-QC,BD-1124,0,153.77,12
2024-01-31,ENT-MTL,BD-1173,16,207.98,15
2024-10-31,ENT-MTL,BD-1085,43,40.90,9
2025-05-31,ENT-MTL,BD-1094,19,124.30,11
2024-08-31,ENT-QC,BD-1182,28,56.87,14
2024-08-31,ENT-MTL,BD-1139,13,198.93,16
2024-08-31,ENT-QC,BD-1010,10,87.08,12
2025-10-31,ENT-SAG,BD-1177,26,215.66,5
2024-10-31,ENT-QC,BD-1076,66,281.11,12
2024-12-31,ENT-MTL,BD-1079,17,144.83,12
2025-04-30,ENT-MTL,BD-1008,42,131.65,9
2024-08-31,ENT-SAG,BD-1021,25,201.55,5
2024-09-30,ENT-MTL,BD-1157,23,24.69,12
2025-09-30,ENT-MTL,BD-1156,44,164.64,11
2024-05-31,ENT-QC,BD-1182,30,56.87,14
2025-06-30,ENT-QC,BD-1157,29,25.21,13
2024-09-30,ENT-SAG,BD-1126,20,130.29,5
2024-01-31,ENT-QC,BD-1159,37,166.16,20
2025-10-31,ENT-QC,BD-1141,63,314.24,10
2024-08-31,ENT-QC,BD-1090,57,57.58,12
2025-03-31,ENT-SAG,BD-1008,13,131.65,4
2025-07-31,ENT-MTL,BD-1066,0,240.06,9
2024-12-31,ENT-MTL,BD-1023,20,239.29,13
2024-01-31,ENT-QC,BD-1136,15,110.14,12
2024-12-31,ENT-SAG,BD-1165,33,105.70,5
2025-07-31,ENT-SAG,BD-1102,5,260.69,4
2024-07-31,ENT-MTL,BD-1023,56,239.29,13
2025-09-30,ENT-MTL,BD-1091,52,336.22,11
2025-12-31,ENT-QC,BD-1068,14,342.49,13
2025-01-31,ENT-QC,BD-1108,0,169.96,14
2024-09-30,ENT-QC,BD-1029,10,238.44,10
2024-10-31,ENT-SAG,BD-1045,23,76.76,6
2024-02-29,ENT-SAG,BD-1050,15,291.69,8
2024-04-30,ENT-SAG,BD-1041,113,159.88,7
2025-01-31,ENT-QC,BD-1008,7,131.65,10
2025-12-31,ENT-SAG,BD-1120,9,186.72,5
2024-08-31,ENT-MTL,BD-1014,7,26.62,14
2024-04-30,ENT-MTL,BD-9951,35,16.60,12
2025-02-28,ENT-SAG,BD-1043,28,300.28,6
2024-11-30,ENT-MTL,BD-1123,22,129.56,13
2024-11-30,ENT-MTL,BD-1047,13,70.06,14
2025-01-31,ENT-QC,BD-1038,18,319.94,21
2024-05-31,ENT-MTL,BD-1149,0,108.85,17
2025-09-30,ENT-QC,BD-1062,6,135.59,17
2025-08-31,ENT-QC,BD-1091,69,336.22,11
2024-10-31,ENT-QC,BD-1170,24,16.60,12
2025-09-30,ENT-SAG,BD-1016,9,224.02,4
2025-09-30,ENT-MTL,BD-1139,76,203.11,16
2024-09-30,ENT-SAG,BD-1057,11,19.26,7
2025-01-31,ENT-QC,BD-1009,13,67.67,9
2025-03-31,ENT-MTL,BD-1179,12,231.35,12
2024-05-31,ENT-MTL,BD-1108,62,166.46,13
2025-02-28,ENT-QC,BD-1175,39,96.85,17
2024-04-30,ENT-MTL,BD-1032,53,339.97,12
2024-02-29,ENT-SAG,BD-1136,14,110.14,5
2024-08-31,ENT-MTL,BD-1156,5,161.25,11
2025-03-31,ENT-MTL,BD-1168,24,229.43,12
2025-07-31,ENT-QC,BD-1049,86,31.22,18
2025-06-30,ENT-QC,BD-1080,10,208.57,12
2024-05-31,ENT-QC,BD-1072,6,196.62,13
2025-11-30,ENT-QC,BD-1011,4,294.52,9
2024-02-29,ENT-MTL,BD-1161,22,62.84,13
2025-01-31,ENT-QC,BD-1045,17,78.37,16
2024-05-31,ENT-MTL,BD-1055,66,209.35,15
2024-02-29,ENT-MTL,BD-1043,13,294.10,14
2025-04-30,ENT-SAG,BD-1082,13,284.24,4
2024-02-29,ENT-MTL,BD-1126,-9,130.29,12
2025-11-30,ENT-MTL,BD-1149,83,111.14,17
2024-03-31,ENT-QC,BD-1045,80,76.76,16
2025-03-31,ENT-QC,BD-1039,107,122.17,19
2025-10-31,ENT-QC,BD-1163,32,300.77,11
2025-04-30,ENT-QC,BD-1024,59,189.35,12
2025-05-31,ENT-QC,BD-1111,65,148.90,12
2024-05-31,ENT-QC,BD-1108,61,166.46,14
2025-09-30,ENT-SAG,BD-1154,75,329.92,5
2025-04-30,ENT-QC,BD-1167,21,209.73,13
2024-02-29,ENT-MTL,BD-1057,3,19.26,16
2024-09-30,ENT-SAG,BD-1090,75,57.58,5
2024-03-31,ENT-SAG,BD-1179,23,226.59,5
2025-02-28,ENT-MTL,BD-1115,10,47.23,11
2025-12-31,ENT-SAG,BD-1140,93,41.26,5
2025-04-30,ENT-QC,BD-1084,13,318.55,12
2024-03-31,ENT-SAG,BD-1177,43,211.22,5
2024-11-30,ENT-SAG,BD-1065,75,128.81,5
2025-03-31,ENT-QC,BD-1102,12,260.69,10
2024-04-30,ENT-MTL,BD-1113,38,276.01,9
2025-06-30,ENT-MTL,BD-1151,11,92.25,10
2025-06-30,ENT-QC,BD-1098,15,309.76,15
2024-05-31,ENT-SAG,BD-1073,9,255.00,6
2025-10-31,ENT-SAG,BD-1107,30,150.54,6
2025-05-31,ENT-SAG,BD-1122,58,212.67,4
2025-09-30,ENT-MTL,BD-1181,30,312.40,17
2025-07-31,ENT-QC,BD-1060,89,291.44,17
2024-06-30,ENT-SAG,BD-1122,60,208.30,4
2025-03-31,ENT-MTL,BD-1082,4,284.24,10
2024-12-31,ENT-SAG,BD-1021,4,201.55,5
2024-12-31,ENT-QC,BD-1072,12,196.62,13
2025-04-30,ENT-SAG,BD-1057,99,19.66,7
2024-07-31,ENT-QC,BD-1114,9,149.59,12
2025-08-31,ENT-QC,BD-1163,27,300.77,11
2024-11-30,ENT-SAG,BD-1180,12,93.34,6
2025-04-30,ENT-QC,BD-1106,82,340.08,14
2025-05-31,ENT-SAG,BD-1166,30,217.35,5
2024-03-31,ENT-QC,BD-1085,0,40.90,10
2025-01-31,ENT-SAG,BD-1108,24,169.96,6
2025-02-28,ENT-MTL,BD-1006,10,182.47,10
2025-02-28,ENT-SAG,BD-1181,43,312.40,8
2025-04-30,ENT-SAG,BD-1152,21,271.40,4
2024-05-31,ENT-QC,BD-1163,8,294.58,11
2025-06-30,ENT-MTL,BD-1174,26,169.01,12
2025-10-31,ENT-MTL,BD-1024,6,189.35,12
2025-01-31,ENT-SAG,BD-1098,18,262.51,6
2025-07-31,ENT-MTL,BD-1171,16,85.46,12
2025-10-31,ENT-QC,BD-1146,70,225.52,14
2025-12-31,ENT-MTL,BD-1041,21,163.24,15
2025-02-28,ENT-QC,BD-1058,27,149.54,18
2025-07-31,ENT-MTL,BD-1021,48,242.82,11
2025-11-30,ENT-MTL,BD-1182,35,58.06,13
2025-12-31,ENT-MTL,BD-1136,68,112.45,12
2025-03-31,ENT-QC,BD-1152,11,271.40,10
2024-01-31,ENT-MTL,BD-1136,5,110.14,12
2025-06-30,ENT-SAG,BD-1168,22,229.43,5
2025-09-30,ENT-QC,BD-1176,52,328.78,17
2024-06-30,ENT-SAG,BD-1017,97,307.26,6
2025-12-31,ENT-QC,BD-1018,1,247.17,6
2024-08-31,ENT-QC,BD-1088,50,335.85,9
2024-05-31,ENT-SAG,BD-1132,28,125.81,6
2024-06-30,ENT-MTL,BD-1157,16,24.69,12
2024-10-31,ENT-QC,BD-1015,15,318.69,14
2024-08-31,ENT-SAG,BD-1026,4,241.74,4
2025-08-31,ENT-QC,BD-1095,35,64.62,8
2024-09-30,ENT-QC,BD-1043,39,294.10,15
2025-11-30,ENT-QC,BD-1022,7,298.47,8
2025-04-30,ENT-QC,BD-1056,104,293.14,19
2024-04-30,ENT-QC,BD-1003,54,188.61,11
2025-04-30,ENT-QC,BD-1178,29,119.43,17
2024-11-30,ENT-MTL,BD-1056,24,287.11,18
2025-07-31,ENT-SAG,BD-1052,103,183.03,7
2024-07-31,ENT-QC,BD-1079,20,144.83,12
2025-12-31,ENT-MTL,BD-1034,6,182.99,12
2024-01-31,ENT-MTL,BD-1024,6,185.46,12
2024-12-31,ENT-MTL,BD-1116,27,58.93,16
2024-03-31,ENT-MTL,BD-1044,72,195.45,16
2024-08-31,ENT-MTL,BD-1110,10,178.91,12
2024-06-30,ENT-QC,BD-1004,61,155.56,11
2024-01-31,ENT-QC,BD-1128,5,77.25,10
2024-08-31,ENT-SAG,BD-1121,0,43.73,4
2024-12-31,ENT-MTL,BD-1027,21,249.72,14
2024-03-31,ENT-MTL,BD-1077,12,167.57,13
2025-01-31,ENT-QC,BD-1048,13,33.51,16
2024-11-30,ENT-SAG,BD-1029,9,238.44,4
2024-08-31,ENT-MTL,BD-1113,5,276.01,9
2025-01-31,ENT-QC,BD-1022,10,252.94,8
2024-07-31,ENT-QC,BD-1098,20,257.11,15
2025-08-31,ENT-QC,BD-1072,70,236.88,13
2025-08-31,ENT-SAG,BD-1083,73,189.32,4
2024-04-30,ENT-SAG,BD-1168,32,224.71,5
2024-07-31,ENT-SAG,BD-1133,28,61.66,7
2025-12-31,ENT-MTL,BD-1174,24,169.01,12
2024-07-31,ENT-QC,BD-1097,8,210.05,12
2024-10-31,ENT-MTL,BD-1031,7,294.44,13
2025-07-31,ENT-SAG,BD-1045,107,78.37,6
2024-10-31,ENT-QC,BD-1080,48,173.12,12
2024-07-31,ENT-QC,BD-1012,54,68.19,11
2025-07-31,ENT-MTL,BD-1149,20,111.14,17
2025-06-30,ENT-QC,BD-1072,11,236.88,13
2025-08-31,ENT-MTL,BD-1082,49,335.40,10
2025-10-31,ENT-MTL,BD-1014,6,27.18,14
2024-04-30,ENT-SAG,BD-1088,13,335.85,4
2024-07-31,ENT-MTL,BD-1174,5,165.53,12
2024-12-31,ENT-SAG,BD-1067,0,23.77,6
2025-08-31,ENT-QC,BD-1111,14,148.90,12
2025-05-31,ENT-MTL,BD-1071,23,363.51,15
2025-09-30,ENT-QC,BD-1035,21,30.63,19
2025-12-31,ENT-QC,BD-1116,18,60.17,16
2025-03-31,ENT-QC,BD-1015,0,325.38,14
2024-05-31,ENT-QC,BD-1011,58,288.46,9
2024-06-30,ENT-SAG,BD-1088,10,335.85,4
2024-04-30,ENT-SAG,BD-1074,6,108.27,5
2025-10-31,ENT-MTL,BD-1017,13,313.71,13
2024-07-31,ENT-SAG,BD-1176,32,322.02,7
2024-07-31,ENT-QC,BD-1049,95,30.58,18
2024-10-31,ENT-QC,BD-1094,59,121.74,12
2025-04-30,ENT-QC,BD-1101,16,64.26,12
2024-02-29,ENT-SAG,BD-1002,7,292.58,3
2025-08-31,ENT-QC,BD-1149,21,111.14,18
2025-04-30,ENT-MTL,BD-1171,25,85.46,12
2024-12-31,ENT-MTL,BD-1071,9,301.72,15
2025-10-31,ENT-MTL,BD-1041,14,163.24,15
2025-03-31,ENT-MTL,BD-1138,1,88.19,13
2025-01-31,ENT-SAG,BD-1019,12,173.78,5
2024-03-31,ENT-MTL,BD-1113,15,276.01,9
2024-02-29,ENT-QC,BD-1053,15,176.84,20
2025-07-31,ENT-MTL,BD-1105,23,169.61,11
2024-09-30,ENT-QC,BD-1032,29,339.97,13
2025-02-28,ENT-MTL,BD-1090,5,58.79,11
2024-01-31,ENT-MTL,BD-1176,23,322.02,16
2024-02-29,ENT-SAG,BD-1133,11,61.66,7
2024-02-29,ENT-QC,BD-1103,18,151.66,13
2025-03-31,ENT-MTL,BD-1128,18,78.87,10
2024-08-31,ENT-QC,BD-1034,19,151.89,13
2025-01-31,ENT-QC,BD-1178,35,119.43,17
2025-03-31,ENT-SAG,BD-1016,13,224.02,4
2025-05-31,ENT-MTL,BD-1080,0,208.57,11
2025-09-30,ENT-QC,BD-1140,65,41.26,12
2025-01-31,ENT-MTL,BD-1157,22,25.21,12
2024-05-31,ENT-QC,BD-1078,5,197.64,9
2025-05-31,ENT-SAG,BD-1150,16,347.06,6
2025-06-30,ENT-QC,BD-1108,78,169.96,14
2025-08-31,ENT-MTL,BD-1136,0,112.45,12
2025-10-31,ENT-QC,BD-1071,94,363.51,16
2025-07-31,ENT-QC,BD-1172,45,221.22,13
2025-08-31,ENT-SAG,BD-1040,95,274.41,7
2025-01-31,ENT-MTL,BD-1106,12,340.08,13
2024-08-31,ENT-MTL,BD-1176,19,322.02,16
2025-05-31,ENT-SAG,BD-1094,12,124.30,5
2024-01-31,ENT-SAG,BD-1127,24,170.72,6
2024-08-31,ENT-QC,BD-1129,24,45.49,20
2024-03-31,ENT-QC,BD-1136,10,110.14,12
2025-03-31,ENT-MTL,BD-1126,11,133.03,12
2024-11-30,ENT-SAG,BD-1104,0,75.12,5
2024-08-31,ENT-QC,BD-1018,5,242.09,6
2024-10-31,ENT-MTL,BD-1037,24,16.31,21
2025-01-31,ENT-QC,BD-1129,13,46.45,20
2025-02-28,ENT-SAG,BD-1165,21,107.92,5
2025-06-30,ENT-SAG,BD-1037,126,16.65,9
2025-10-31,ENT-MTL,BD-1003,15,227.23,10
2024-08-31,ENT-SAG,BD-1167,36,205.42,5
2025-10-31,ENT-QC,BD-1041,25,163.24,16
2025-12-31,ENT-MTL,BD-1104,10,76.70,11
2025-10-31,ENT-QC,BD-1018,9,247.17,6
2024-12-31,ENT-SAG,BD-1075,6,59.74,5
2025-09-30,ENT-MTL,BD-1131,55,37.08,13
2025-10-31,ENT-SAG,BD-1089,76,189.92,5
2024-05-31,ENT-MTL,BD-1039,74,119.66,18
2024-11-30,ENT-MTL,BD-1066,39,199.26,9
2025-03-31,ENT-SAG,BD-1088,1,342.90,4
2025-02-28,ENT-QC,BD-1038,20,319.94,21
2025-05-31,ENT-QC,BD-1038,88,319.94,21
2025-10-31,ENT-QC,BD-1110,0,182.67,12
2024-03-31,ENT-QC,BD-1148,0,296.06,12
2024-11-30,ENT-QC,BD-1116,7,58.93,16
2025-06-30,ENT-SAG,BD-1065,21,155.19,5
2024-01-31,ENT-QC,BD-1045,12,76.76,16
2025-10-31,ENT-QC,BD-1161,30,64.16,14
2025-12-31,ENT-MTL,BD-1091,3,336.22,11
2024-03-31,ENT-QC,BD-1068,8,284.28,13
2024-06-30,ENT-MTL,BD-1067,6,23.77,13
2024-09-30,ENT-QC,BD-1002,12,292.58,7
2024-11-30,ENT-MTL,BD-1149,85,108.85,17
2025-03-31,ENT-QC,BD-1009,14,67.67,9
2025-07-31,ENT-QC,BD-1006,54,182.47,11
2025-07-31,ENT-QC,BD-1013,54,315.34,12
2025-10-31,ENT-QC,BD-1020,25,33.12,16
2024-03-31,ENT-MTL,BD-1105,5,166.12,11
2024-11-30,ENT-QC,BD-1160,26,40.71,15
2024-12-31,ENT-SAG,BD-1061,15,75.23,7
2024-03-31,ENT-QC,BD-1061,111,75.23,18
2025-11-30,ENT-SAG,BD-1130,95,323.89,6
2025-03-31,ENT-QC,BD-1174,30,169.01,13
2024-03-31,ENT-QC,BD-1073,6,255.00,14
2025-05-31,ENT-MTL,BD-1059,71,391.48,16
2024-01-31,ENT-MTL,BD-1118,11,336.11,12
2025-10-31,ENT-SAG,BD-1122,18,212.67,4
2024-01-31,ENT-SAG,BD-1057,17,19.26,7
2024-02-29,ENT-SAG,BD-1021,11,201.55,5
2025-03-31,ENT-QC,BD-1074,4,110.54,13
2025-02-28,ENT-QC,BD-1155,22,329.15,17
2024-03-31,ENT-QC,BD-1124,7,150.61,12
2025-09-30,ENT-SAG,BD-1127,94,174.31,6
2025-08-31,ENT-QC,BD-1132,19,128.45,14
2025-01-31,ENT-QC,BD-1042,13,267.02,23
2025-03-31,ENT-SAG,BD-1111,36,148.90,5
2025-05-31,ENT-QC,BD-1020,89,33.12,16
2025-01-31,ENT-MTL,BD-1033,2,113.22,13
2024-07-31,ENT-SAG,BD-1160,51,40.71,6
2024-06-30,ENT-MTL,BD-1174,21,165.53,12
2025-12-31,ENT-SAG,BD-1167,34,209.73,5
2024-06-30,ENT-QC,BD-1003,61,188.61,11
2025-06-30,ENT-MTL,BD-1001,34,219.63,8
2024-02-29,ENT-QC,BD-1169,32,276.47,14
2025-01-31,ENT-MTL,BD-1158,33,184.61,15
2024-03-31,ENT-MTL,BD-1106,11,333.09,13
2025-08-31,ENT-QC,BD-1058,96,149.54,18
2024-11-30,ENT-MTL,BD-1044,2,195.45,16
2025-08-31,ENT-MTL,BD-1032,0,409.59,12
2024-07-31,ENT-MTL,BD-1032,49,339.97,12
2024-11-30,ENT-QC,BD-1095,50,53.64,8
2025-11-30,ENT-QC,BD-1141,51,314.24,10
2024-03-31,ENT-QC,BD-1002,8,292.58,7
2024-10-31,ENT-SAG,BD-1102,59,255.33,4
2025-01-31,ENT-QC,BD-1097,8,214.46,12
2025-03-31,ENT-SAG,BD-1165,28,107.92,5
2025-02-28,ENT-QC,BD-1012,8,69.62,11
2025-11-30,ENT-QC,BD-1003,12,227.23,11
2025-11-30,ENT-MTL,BD-1115,5,47.23,11
2024-12-31,ENT-QC,BD-1133,101,61.66,16
2025-09-30,ENT-SAG,BD-1132,75,128.45,6
2024-02-29,ENT-MTL,BD-1072,12,196.62,12
2024-01-31,ENT-MTL,BD-1007,13,55.96,9
2024-07-31,ENT-MTL,BD-1136,0,110.14,12
2024-11-30,ENT-QC,BD-1077,75,167.57,14
2024-10-31,ENT-SAG,BD-1161,13,62.84,6
2025-04-30,ENT-SAG,BD-1133,27,62.95,7
2025-11-30,ENT-QC,BD-1169,23,282.28,14
2024-01-31,ENT-SAG,BD-1088,18,335.85,4
2025-10-31,ENT-QC,BD-1093,53,159.25,10
2024-03-31,ENT-SAG,BD-1040,121,268.77,7
2025-08-31,ENT-MTL,BD-1110,4,182.67,12
2024-12-31,ENT-MTL,BD-1003,13,188.61,10
2024-01-31,ENT-MTL,BD-1135,-9,39.89,14
2024-07-31,ENT-SAG,BD-1063,109,242.15,9
2024-10-31,ENT-SAG,BD-1143,76,215.92,5
2025-07-31,ENT-QC,BD-1002,34,298.72,7
2025-05-31,ENT-MTL,BD-1102,8,260.69,10
2025-03-31,ENT-QC,BD-1075,12,60.99,13
2025-05-31,ENT-MTL,BD-1031,59,300.62,13
2025-06-30,ENT-QC,BD-1009,43,67.67,9
2024-01-31,ENT-MTL,BD-1153,11,113.61,10
2024-12-31,ENT-SAG,BD-1141,-5,307.78,4
2024-01-31,ENT-MTL,BD-1108,18,166.46,13
2025-06-30,ENT-SAG,BD-1177,21,215.66,5
2024-07-31,ENT-MTL,BD-1068,9,284.28,12
2025-11-30,ENT-SAG,BD-1153,71,116.00,4
2025-12-31,ENT-SAG,BD-1047,33,71.53,6
2025-12-31,ENT-SAG,BD-1168,38,229.43,5
2024-05-31,ENT-QC,BD-1036,73,159.06,19
2024-05-31,ENT-SAG,BD-1036,131,159.06,8
2024-08-31,ENT-SAG,BD-1130,7,317.23,6
2025-05-31,ENT-SAG,BD-1046,100,372.17,7
2024-07-31,ENT-QC,BD-1033,69,110.89,14
2024-12-31,ENT-SAG,BD-1168,41,224.71,5
2024-02-29,ENT-MTL,BD-1157,13,24.69,12
2025-10-31,ENT-QC,BD-1174,2,169.01,13
2025-12-31,ENT-QC,BD-1034,12,182.99,13
2024-06-30,ENT-QC,BD-1156,8,161.25,12
2025-05-31,ENT-MTL,BD-1120,52,186.72,11
2024-08-31,ENT-MTL,BD-1019,11,170.21,11
2024-12-31,ENT-QC,BD-1121,11,43.73,10
2024-04-30,ENT-MTL,BD-1101,16,62.94,12
2025-07-31,ENT-QC,BD-1144,7,98.33,15
2025-06-30,ENT-SAG,BD-1082,17,335.40,4
2024-07-31,ENT-QC,BD-1005,55,204.06,13
2025-10-31,ENT-SAG,BD-1052,26,183.03,7
2025-08-31,ENT-QC,BD-1019,22,205.07,12
2024-04-30,ENT-MTL,BD-1110,51,178.91,12
2024-05-31,ENT-QC,BD-1172,40,216.67,13
2025-01-31,ENT-MTL,BD-1167,32,209.73,12
2024-07-31,ENT-SAG,BD-1051,122,78.12,8
2025-09-30,ENT-QC,BD-1080,64,208.57,12
2024-04-30,ENT-SAG,BD-1160,31,40.71,6
2025-07-31,ENT-SAG,BD-1177,25,215.66,5
2024-08-31,ENT-QC,BD-1060,91,241.90,17
2025-02-28,ENT-MTL,BD-1085,10,41.76,9
2024-01-31,ENT-SAG,BD-1157,39,24.69,5
2025-03-31,ENT-MTL,BD-1083,29,160.44,10
2024-08-31,ENT-QC,BD-1108,0,166.46,14
2025-03-31,ENT-SAG,BD-1131,12,37.08,6
2025-07-31,ENT-QC,BD-1167,28,209.73,13
2025-10-31,ENT-SAG,BD-1060,30,291.44,7
2024-05-31,ENT-MTL,BD-1176,43,322.02,16
2024-06-30,ENT-SAG,BD-1172,23,216.67,5
2025-10-31,ENT-MTL,BD-1031,14,300.62,13
2025-04-30,ENT-QC,BD-1109,55,310.20,11
2024-04-30,ENT-SAG,BD-1137,7,25.06,5
2024-05-31,ENT-SAG,BD-1136,7,110.14,5
2024-12-31,ENT-QC,BD-1070,2,39.88,10
2025-12-31,ENT-QC,BD-1153,60,116.00,11
2024-10-31,ENT-QC,BD-1059,25,324.94,16
2025-01-31,ENT-MTL,BD-1121,7,44.65,9
2025-05-31,ENT-QC,BD-1146,7,225.52,14
2025-08-31,ENT-MTL,BD-1067,46,28.64,13
2025-03-31,ENT-SAG,BD-1140,10,41.26,5
2024-06-30,ENT-SAG,BD-1127,19,170.72,6
2024-06-30,ENT-SAG,BD-1074,5,108.27,5
2025-01-31,ENT-SAG,BD-1054,9,262.94,7
2025-09-30,ENT-QC,BD-1030,5,119.13,11
2024-11-30,ENT-QC,BD-1046,25,308.91,17
2024-08-31,ENT-QC,BD-1138,14,86.38,14
2024-10-31,ENT-SAG,BD-1163,25,294.58,4
2025-01-31,ENT-QC,BD-1166,26,217.35,13
2024-09-30,ENT-QC,BD-1081,60,302.82,13
2024-02-29,ENT-MTL,BD-1080,6,173.12,11
2025-03-31,ENT-MTL,BD-1110,10,182.67,12
2025-03-31,ENT-QC,BD-1078,11,201.79,9
2025-12-31,ENT-QC,BD-1131,66,37.08,14
2024-10-31,ENT-QC,BD-1119,5,58.44,11
2025-12-31,ENT-MTL,BD-1115,5,47.23,11
2025-11-30,ENT-QC,BD-1155,92,329.15,17
2024-10-31,ENT-QC,BD-1147,54,339.78,10
2025-10-31,ENT-MTL,BD-1070,45,48.05,10
2025-01-31,ENT-MTL,BD-1094,9,124.30,11
2024-02-29,ENT-SAG,BD-1157,47,24.69,5
2024-04-30,ENT-QC,BD-1014,76,26.62,15
2025-06-30,ENT-QC,BD-1168,28,229.43,13
2024-11-30,ENT-MTL,BD-1148,59,296.06,11
2024-03-31,ENT-QC,BD-1147,13,339.78,10
2024-11-30,ENT-MTL,BD-1125,17,285.25,11
2024-10-31,ENT-MTL,BD-1171,20,83.70,12
2025-06-30,ENT-SAG,BD-1038,144,319.94,9
2024-10-31,ENT-QC,BD-1144,86,96.31,15
2025-12-31,ENT-QC,BD-1002,3,298.72,7
2024-09-30,ENT-MTL,BD-1165,17,105.70,12
2024-06-30,ENT-QC,BD-1015,82,318.69,14
2025-10-31,ENT-QC,BD-1073,72,307.22,14
2025-07-31,ENT-MTL,BD-1044,66,199.55,16
2024-05-31,ENT-QC,BD-1035,104,30.00,19
2025-02-28,ENT-QC,BD-1076,-4,287.01,12
2025-12-31,ENT-MTL,BD-1132,61,128.45,13
2024-09-30,ENT-QC,BD-1073,69,255.00,14
2024-05-31,ENT-MTL,BD-1084,11,312.00,12
2025-12-31,ENT-SAG,BD-1072,10,236.88,5
2025-04-30,ENT-MTL,BD-1163,20,300.77,10
2025-04-30,ENT-SAG,BD-1021,87,205.78,5
2024-01-31,ENT-QC,BD-1082,-8,278.39,11
2025-01-31,ENT-MTL,BD-1080,18,176.76,11
2024-09-30,ENT-MTL,BD-1014,11,26.62,14
2024-02-29,ENT-QC,BD-1124,0,150.61,12
2025-05-31,ENT-QC,BD-1159,41,169.65,20
2025-04-30,ENT-MTL,BD-1182,24,58.06,13
2024-04-30,ENT-QC,BD-1120,66,182.88,12
2024-02-29,ENT-SAG,BD-1181,39,305.97,8
2025-05-31,ENT-SAG,BD-1148,25,302.28,5
2024-09-30,ENT-SAG,BD-1162,45,66.97,6
2025-09-30,ENT-QC,BD-1125,6,291.24,12
2024-01-31,ENT-QC,BD-1174,12,165.53,13
2024-11-30,ENT-QC,BD-1122,5,208.30,11
2025-08-31,ENT-SAG,BD-1073,92,307.22,6
2025-11-30,ENT-MTL,BD-1170,24,16.95,12
2024-04-30,ENT-QC,BD-1096,10,170.74,10
2024-10-31,ENT-SAG,BD-1179,46,226.59,5
2024-09-30,ENT-SAG,BD-1141,56,307.78,4
2025-05-31,ENT-MTL,BD-1176,37,328.78,16
2024-10-31,ENT-MTL,BD-1165,18,105.70,12
2024-12-31,ENT-QC,BD-1112,16,65.64,13
2025-03-31,ENT-QC,BD-1164,26,100.45,11
2024-09-30,ENT-QC,BD-1110,16,178.91,12
2024-12-31,ENT-QC,BD-1087,15,211.22,15
2024-05-31,ENT-MTL,BD-1101,20,62.94,12
2024-04-30,ENT-QC,BD-1161,31,62.84,14
2025-06-30,ENT-MTL,BD-1097,6,253.06,11
2024-04-30,ENT-QC,BD-1093,7,132.18,10
2025-12-31,ENT-MTL,BD-1069,4,239.15,11
2024-07-31,ENT-QC,BD-1062,100,112.54,17
2025-04-30,ENT-QC,BD-1161,20,64.16,14
2025-12-31,ENT-SAG,BD-1092,22,168.72,6
2025-05-31,ENT-QC,BD-1103,54,154.84,13
2024-04-30,ENT-MTL,BD-1060,57,241.90,16
2025-07-31,ENT-MTL,BD-1174,19,169.01,12
2025-08-31,ENT-QC,BD-1021,0,242.82,12
2024-04-30,ENT-QC,BD-1104,77,75.12,11
2025-03-31,ENT-MTL,BD-1068,16,290.25,12
2024-09-30,ENT-QC,BD-1153,76,113.61,11
2024-08-31,ENT-QC,BD-1041,73,159.88,16
2024-02-29,ENT-QC,BD-1088,11,335.85,9
2025-02-28,ENT-QC,BD-1097,11,214.46,12
2025-09-30,ENT-SAG,BD-1100,61,369.19,4
2025-04-30,ENT-SAG,BD-1118,87,343.17,5
2025-11-30,ENT-QC,BD-1056,35,293.14,19
2024-01-31,ENT-QC,BD-1105,11,166.12,12
2025-02-28,ENT-MTL,BD-1036,3,162.40,18
2025-04-30,ENT-SAG,BD-1099,0,293.70,5
2025-12-31,ENT-QC,BD-1074,11,130.44,13
2025-05-31,ENT-QC,BD-1009,39,67.67,9
2025-02-28,ENT-MTL,BD-1142,11,100.93,10
2024-10-31,ENT-QC,BD-1181,41,305.97,18
2025-02-28,ENT-MTL,BD-1010,16,88.91,11
2025-12-31,ENT-MTL,BD-1059,0,391.48,16
2025-04-30,ENT-QC,BD-1159,46,169.65,20
2024-02-29,ENT-QC,BD-1121,14,43.73,10
2025-12-31,ENT-MTL,BD-1070,1,48.05,10
2025-12-31,ENT-QC,BD-1174,23,169.01,13
2024-03-31,ENT-QC,BD-1087,18,211.22,15
2024-07-31,ENT-QC,BD-1168,38,224.71,13
2024-06-30,ENT-MTL,BD-1118,50,336.11,12
2025-02-28,ENT-QC,BD-1132,18,128.45,14
2024-04-30,ENT-QC,BD-1060,97,241.90,17
2024-03-31,ENT-MTL,BD-1053,82,176.84,19
2024-08-31,ENT-QC,BD-1084,83,312.00,12
2025-10-31,ENT-MTL,BD-1077,72,171.09,13
2025-07-31,ENT-QC,BD-1099,8,346.57,12
2024-10-31,ENT-QC,BD-1157,40,24.69,13
2024-02-29,ENT-MTL,BD-1092,27,140.04,14
2024-07-31,ENT-SAG,BD-1141,22,307.78,4
2024-08-31,ENT-MTL,BD-9617,21,151.66,12
2025-12-31,ENT-MTL,BD-1071,24,363.51,15
2025-12-31,ENT-SAG,BD-1108,16,169.96,6
2025-01-31,ENT-SAG,BD-1107,14,150.54,6
2024-03-31,ENT-MTL,BD-1002,5,292.58,7
2024-06-30,ENT-QC,BD-1068,30,284.28,13
2025-09-30,ENT-QC,BD-1089,65,189.92,12
2025-08-31,ENT-MTL,BD-1003,12,227.23,10
2024-03-31,ENT-MTL,BD-1110,20,178.91,12
2025-10-31,ENT-MTL,BD-1048,0,33.51,15
2025-08-31,ENT-MTL,BD-1144,9,98.33,14
2024-01-31,ENT-SAG,BD-1124,24,150.61,5
2024-08-31,ENT-MTL,BD-1074,65,108.27,12
2025-12-31,ENT-SAG,BD-1017,12,313.71,6
2025-02-28,ENT-SAG,BD-1111,8,148.90,5
2024-02-29,ENT-SAG,BD-1086,10,80.72,5
2025-10-31,ENT-QC,BD-1019,10,205.07,12
2025-03-31,ENT-MTL,BD-1132,16,128.45,13
2024-09-30,ENT-QC,BD-1093,65,132.18,10
2024-10-31,ENT-SAG,BD-1152,60,265.82,4
2024-09-30,ENT-MTL,BD-1109,11,303.82,10
2025-02-28,ENT-MTL,BD-1169,8,282.28,13
2024-12-31,ENT-MTL,BD-1113,14,276.01,9
2024-09-30,ENT-QC,BD-1116,9,58.93,16
2025-12-31,ENT-QC,BD-1145,65,111.12,16
2024-06-30,ENT-QC,BD-1046,94,308.91,17
2024-11-30,ENT-QC,BD-1019,7,170.21,12
2024-10-31,ENT-MTL,BD-1101,57,62.94,12
2025-02-28,ENT-QC,BD-1014,18,27.18,15
2025-03-31,ENT-MTL,BD-1017,7,313.71,13
2025-07-31,ENT-MTL,BD-1001,34,219.63,8
2024-11-30,ENT-SAG,BD-1017,13,307.26,6
2025-11-30,ENT-SAG,BD-1152,59,271.40,4
2025-06-30,ENT-SAG,BD-1029,71,243.45,4
2024-11-30,ENT-SAG,BD-1052,23,179.27,7
2025-11-30,ENT-MTL,BD-1107,5,150.54,13
2025-03-31,ENT-QC,BD-1093,17,134.96,10
2025-12-31,ENT-QC,BD-1119,7,59.67,11
2025-03-31,ENT-QC,BD-1029,10,243.45,10
2025-06-30,ENT-MTL,BD-1125,47,291.24,11
2024-02-29,ENT-MTL,BD-1055,0,209.35,15
2025-10-31,ENT-SAG,BD-1169,34,282.28,6
2024-11-30,ENT-QC,BD-1038,6,313.36,21
2024-06-30,ENT-MTL,BD-1046,76,308.91,17
2025-12-31,ENT-QC,BD-1175,40,96.85,17
2025-10-31,ENT-MTL,BD-1036,11,191.63,18
2024-08-31,ENT-MTL,BD-1105,16,166.12,11
2025-10-31,ENT-SAG,BD-1097,76,253.06,5
2024-01-31,ENT-QC,BD-1158,23,180.81,16
2025-02-28,ENT-QC,BD-1016,8,224.02,9
2025-11-30,ENT-SAG,BD-1048,11,33.51,7
2024-04-30,ENT-SAG,BD-1162,27,66.97,6
2025-06-30,ENT-SAG,BD-1154,21,329.92,5
2025-04-30,ENT-QC,BD-1099,17,293.70,12
2025-02-28,ENT-MTL,BD-1104,6,76.70,11
2025-05-31,ENT-QC,BD-1065,21,155.19,12
2024-05-31,ENT-MTL,BD-1131,0,36.32,13
2025-11-30,ENT-QC,BD-1126,18,133.03,12
2025-07-31,ENT-MTL,BD-1097,0,253.06,11
2024-05-31,ENT-QC,BD-1089,15,157.64,12
2025-10-31,ENT-QC,BD-1088,47,404.63,9
2025-09-30,ENT-QC,BD-1099,70,346.57,12
2024-04-30,ENT-QC,BD-1015,64,318.69,14
2024-02-29,ENT-QC,BD-1001,3,182.30,9
2024-07-31,ENT-QC,BD-1150,8,339.92,14
2024-04-30,ENT-MTL,BD-1144,22,96.31,14
2025-05-31,ENT-SAG,BD-1181,42,312.40,8
2025-09-30,ENT-SAG,BD-1166,29,217.35,5
2025-06-30,ENT-QC,BD-1003,68,227.23,11
2025-09-30,ENT-SAG,BD-1026,12,246.82,4
2025-04-30,ENT-SAG,BD-1132,19,128.45,6
2025-07-31,ENT-MTL,BD-1164,8,100.45,10
2025-12-31,ENT-QC,BD-1139,71,203.11,17
2024-05-31,ENT-SAG,BD-1029,65,238.44,4
2024-12-31,ENT-QC,BD-1050,5,291.69,19
2025-11-30,ENT-QC,BD-1020,9,33.12,16
2024-08-31,ENT-MTL,BD-1046,82,308.91,17
2024-09-30,ENT-SAG,BD-1033,8,110.89,6
2024-03-31,ENT-SAG,BD-1166,45,212.88,5
2025-09-30,ENT-MTL,BD-1151,51,92.25,10
2025-01-31,ENT-SAG,BD-1060,28,246.98,7
2024-03-31,ENT-QC,BD-1126,0,130.29,12
2024-08-31,ENT-MTL,BD-1056,85,287.11,18
2025-09-30,ENT-SAG,BD-1074,80,130.44,5
2024-06-30,ENT-SAG,BD-1124,73,150.61,5
2025-09-30,ENT-QC,BD-1082,75,335.40,11
2025-06-30,ENT-MTL,BD-1103,55,154.84,12
2025-04-30,ENT-QC,BD-1076,0,287.01,12
2025-05-31,ENT-SAG,BD-1104,59,76.70,5
2024-04-30,ENT-QC,BD-1004,52,155.56,11
2025-06-30,ENT-SAG,BD-1157,35,25.21,5
2025-01-31,ENT-SAG,BD-1168,35,229.43,5
2024-05-31,ENT-MTL,BD-1001,36,182.30,8
2024-06-30,ENT-SAG,BD-1028,89,140.77,6
2025-10-31,ENT-MTL,BD-1170,35,16.95,12
2025-04-30,ENT-QC,BD-1005,68,208.35,13
2025-08-31,ENT-QC,BD-1135,0,40.73,15
2024-12-31,ENT-MTL,BD-1058,1,146.46,17
2025-10-31,ENT-QC,BD-1107,3,150.54,14
2024-06-30,ENT-QC,BD-1170,33,16.60,12
2025-09-30,ENT-QC,BD-1034,8,182.99,13
2024-02-29,ENT-SAG,BD-1017,8,307.26,6
2024-02-29,ENT-MTL,BD-1108,3,166.46,13
2025-09-30,ENT-MTL,BD-1099,55,346.57,11
2025-11-30,ENT-QC,BD-1177,18,215.66,12
2025-05-31,ENT-MTL,BD-1101,10,75.83,12
2024-12-31,ENT-MTL,BD-1101,0,62.94,12
2024-12-31,ENT-QC,BD-1020,8,32.44,16
2024-11-30,ENT-SAG,BD-1072,75,196.62,5
2024-03-31,ENT-QC,BD-1043,74,294.10,15
2025-08-31,ENT-QC,BD-1035,97,30.63,19
2024-09-30,ENT-SAG,BD-1132,99,125.81,6
2025-06-30,ENT-QC,BD-1101,5,75.83,12
2025-09-30,ENT-SAG,BD-1116,0,60.17,7
2024-03-31,ENT-MTL,BD-1118,11,336.11,12
2024-08-31,ENT-SAG,BD-1075,76,59.74,5
2024-02-29,ENT-QC,BD-1050,24,291.69,19
2024-03-31,ENT-SAG,BD-1111,20,145.84,5
2025-03-31,ENT-QC,BD-1129,29,46.45,20
2025-06-30,ENT-MTL,BD-1038,98,319.94,20
2025-08-31,ENT-QC,BD-1094,61,124.30,12
2025-01-31,ENT-SAG,BD-1172,25,221.22,5
2024-01-31,ENT-QC,BD-1142,12,98.85,11
2024-04-30,ENT-SAG,BD-1016,56,219.41,4
2025-10-31,ENT-SAG,BD-1082,70,335.40,4
2025-06-30,ENT-SAG,BD-1089,1,189.92,5
2024-07-31,ENT-SAG,BD-1153,20,113.61,4
2025-02-28,ENT-MTL,BD-1032,19,347.11,12
2024-01-31,ENT-SAG,BD-1027,19,249.72,6
2024-01-31,ENT-QC,BD-1163,29,294.58,11
2024-03-31,ENT-MTL,BD-1180,29,93.34,14
2025-02-28,ENT-MTL,BD-1146,6,225.52,14
2024-03-31,ENT-QC,BD-1132,18,125.81,14
2024-07-31,ENT-SAG,BD-1071,8,301.72,7
2024-01-31,ENT-QC,BD-1024,15,185.46,12
2025-02-28,ENT-MTL,BD-1003,4,192.57,10
2025-05-31,ENT-MTL,BD-1123,57,132.28,13
2024-04-30,ENT-MTL,BD-1149,12,108.85,17
2024-10-31,ENT-QC,BD-1045,6,76.76,16
2025-04-30,ENT-SAG,BD-1017,99,313.71,6
2024-05-31,ENT-MTL,BD-1068,20,284.28,12
2025-04-30,ENT-SAG,BD-1076,9,287.01,5
2025-11-30,ENT-QC,BD-1018,0,247.17,6
2025-10-31,ENT-SAG,BD-1140,69,41.26,5
2025-08-31,ENT-MTL,BD-1097,49,253.06,11
2024-06-30,ENT-QC,BD-1142,3,98.85,11
2025-05-31,ENT-QC,BD-1011,57,294.52,9
2024-06-30,ENT-QC,BD-1092,27,140.04,15
2024-01-31,ENT-QC,BD-1121,13,43.73,10
2025-10-31,ENT-SAG,BD-1126,20,133.03,5
2025-01-31,ENT-MTL,BD-1025,11,149.35,9
2025-01-31,ENT-QC,BD-1138,12,88.19,14
2025-10-31,ENT-SAG,BD-1063,24,247.24,9
2024-02-29,ENT-MTL,BD-1002,2,292.58,7
2025-03-31,ENT-MTL,BD-1156,3,164.64,11
2025-11-30,ENT-MTL,BD-1084,58,375.89,12
2024-11-30,ENT-MTL,BD-1156,53,161.25,11
2024-06-30,ENT-SAG,BD-1075,17,59.74,5
2024-01-31,ENT-MTL,BD-1181,24,305.97,17
2024-03-31,ENT-QC,BD-1056,90,287.11,19
2025-02-28,ENT-SAG,BD-1133,20,62.95,7
2024-11-30,ENT-SAG,BD-1179,25,226.59,5
2025-11-30,ENT-MTL,BD-1109,9,310.20,10
2025-02-28,ENT-QC,BD-1059,20,331.76,16
2024-04-30,ENT-SAG,BD-1149,32,108.85,7
2025-01-31,ENT-MTL,BD-1039,14,122.17,18
2024-12-31,ENT-QC,BD-1162,44,66.97,14
2024-05-31,ENT-SAG,BD-1137,16,25.06,5
2024-10-31,ENT-QC,BD-1129,140,45.49,20
2024-12-31,ENT-MTL,BD-1041,2,159.88,15
2024-06-30,ENT-MTL,BD-1068,5,284.28,12
2024-09-30,ENT-QC,BD-1076,74,281.11,12
2025-07-31,ENT-QC,BD-1140,12,41.26,12
2024-03-31,ENT-MTL,BD-1097,18,210.05,11
2025-03-31,ENT-MTL,BD-1084,12,318.55,12
2025-08-31,ENT-QC,BD-1032,16,409.59,13
2025-04-30,ENT-SAG,BD-1122,70,212.67,4
2025-06-30,ENT-MTL,BD-1044,70,199.55,16
2024-06-30,ENT-QC,BD-1158,26,180.81,16
2025-05-31,ENT-QC,BD-1157,43,25.21,13
2024-12-31,ENT-SAG,BD-1130,88,317.23,6
2025-07-31,ENT-QC,BD-1132,5,128.45,14
2024-08-31,ENT-SAG,BD-1063,140,242.15,9
2025-03-31,ENT-MTL,BD-1054,70,262.94,16
2024-08-31,ENT-SAG,BD-1066,68,199.26,4
2024-05-31,ENT-MTL,BD-1034,66,151.89,12
2025-07-31,ENT-SAG,BD-1167,41,209.73,5
2024-01-31,ENT-SAG,BD-1145,18,108.83,7
2025-08-31,ENT-SAG,BD-1145,9,111.12,7
2025-03-31,ENT-SAG,BD-1176,29,328.78,7
2025-11-30,ENT-MTL,BD-1134,42,61.77,10
2024-05-31,ENT-QC,BD-1082,27,278.39,11
2025-10-31,ENT-QC,BD-1144,70,98.33,15
2024-08-31,ENT-QC,BD-1162,40,66.97,14
2024-02-29,ENT-SAG,BD-1008,8,128.94,4
2025-09-30,ENT-MTL,BD-1056,23,293.14,18
2024-04-30,ENT-QC,BD-1181,45,305.97,18
2025-07-31,ENT-QC,BD-1141,0,314.24,10
2025-01-31,ENT-SAG,BD-1046,55,315.40,7
2025-04-30,ENT-QC,BD-1152,15,271.40,10
2025-07-31,ENT-QC,BD-1087,0,215.66,15
2025-09-30,ENT-QC,BD-1141,65,314.24,10
2025-11-30,ENT-SAG,BD-1038,20,319.94,9
2024-02-29,ENT-MTL,BD-1153,7,113.61,10
2024-10-31,ENT-SAG,BD-1088,47,335.85,4
2024-11-30,ENT-QC,BD-1061,34,75.23,18
2025-02-28,ENT-QC,BD-1021,16,205.78,12
2024-08-31,ENT-MTL,BD-1027,10,249.72,14
2025-05-31,ENT-QC,BD-1116,85,60.17,16
2025-05-31,ENT-MTL,BD-1136,24,112.45,12
2024-12-31,ENT-SAG,BD-1103,26,151.66,5
2025-11-30,ENT-MTL,BD-1065,60,155.19,12
2025-10-31,ENT-SAG,BD-1134,81,61.77,4
2024-01-31,ENT-SAG,BD-1043,4,294.10,6
2025-02-28,ENT-SAG,BD-1117,9,100.34,4
2025-02-28,ENT-SAG,BD-1104,14,76.70,5
2024-03-31,ENT-MTL,BD-1072,8,196.62,12
2024-03-31,ENT-MTL,BD-9018,18,105.70,12
2025-02-28,ENT-MTL,BD-1042,18,267.02,22
2025-02-28,ENT-MTL,BD-1179,18,231.35,12
2024-12-31,ENT-MTL,BD-1053,7,176.84,19
2025-10-31,ENT-SAG,BD-1094,76,124.30,5
2025-05-31,ENT-MTL,BD-1057,65,23.20,16
2025-11-30,ENT-MTL,BD-1014,18,27.18,14
2024-05-31,ENT-QC,BD-1145,7,108.83,16
2025-08-31,ENT-QC,BD-1025,18,149.35,9
2025-06-30,ENT-QC,BD-1102,20,260.69,10
2024-03-31,ENT-SAG,BD-1167,41,205.42,5
2025-03-31,ENT-QC,BD-1094,15,124.30,12
2024-01-31,ENT-MTL,BD-1090,5,57.58,11
2025-01-31,ENT-SAG,BD-1048,31,33.51,7
2025-10-31,ENT-QC,BD-1170,15,16.95,12
2025-07-31,ENT-QC,BD-1106,4,340.08,14
2024-03-31,ENT-MTL,BD-1137,1,25.06,13
2025-06-30,ENT-SAG,BD-1088,12,404.63,4
2025-03-31,ENT-QC,BD-1046,84,315.40,17
2025-07-31,ENT-SAG,BD-1033,90,113.22,6
2024-12-31,ENT-QC,BD-1003,0,188.61,11
2024-06-30,ENT-MTL,BD-1097,8,210.05,11
2024-11-30,ENT-MTL,BD-1111,17,145.84,11
2025-09-30,ENT-SAG,BD-1107,0,150.54,6
2024-10-31,ENT-QC,BD-1113,7,276.01,10
2024-10-31,ENT-SAG,BD-1083,73,157.14,4
2025-07-31,ENT-MTL,BD-1076,15,338.68,11
2025-04-30,ENT-SAG,BD-1083,2,160.44,4
2025-10-31,ENT-SAG,BD-1029,5,243.45,4
2025-04-30,ENT-QC,BD-1055,91,213.75,16
2024-03-31,ENT-SAG,BD-1060,133,241.90,7
2025-06-30,ENT-SAG,BD-1067,29,28.64,6
2025-06-30,ENT-QC,BD-1146,28,225.52,14
2024-09-30,ENT-SAG,BD-1168,36,224.71,5
2025-03-31,ENT-MTL,BD-1065,20,131.52,12
2024-07-31,ENT-MTL,BD-9011,5,220.88,14
2024-06-30,ENT-MTL,BD-1160,12,40.71,14
2025-08-31,ENT-MTL,BD-1153,0,116.00,10
2024-11-30,ENT-MTL,BD-1051,10,78.12,17
2025-04-30,ENT-SAG,BD-1161,33,64.16,6
2025-09-30,ENT-MTL,BD-1053,7,180.55,19
2025-03-31,ENT-QC,BD-1100,10,312.88,11
2024-06-30,ENT-MTL,BD-1084,0,312.00,12
2024-07-31,ENT-MTL,BD-1056,84,287.11,18
2024-08-31,ENT-MTL,BD-1057,81,19.26,16
2024-02-29,ENT-MTL,BD-1029,11,238.44,10
2025-09-30,ENT-QC,BD-1175,23,96.85,17
2024-11-30,ENT-MTL,BD-1006,17,178.72,10
2024-06-30,ENT-MTL,BD-1021,56,201.55,11
2024-06-30,ENT-SAG,BD-1132,16,125.81,6
2025-10-31,ENT-QC,BD-1021,6,242.82,12
2024-06-30,ENT-QC,BD-1065,15,128.81,12
2025-09-30,ENT-QC,BD-1037,0,16.65,22
2025-05-31,ENT-QC,BD-1003,49,227.23,11
2025-01-31,ENT-MTL,BD-1153,15,116.00,10
2024-02-29,ENT-MTL,BD-1020,14,32.44,15
2025-04-30,ENT-MTL,BD-1164,16,100.45,10
2024-05-31,ENT-QC,BD-1151,0,90.35,10
2024-04-30,ENT-QC,BD-1154,0,323.13,13
2025-11-30,ENT-QC,BD-1081,55,364.83,13
2025-09-30,ENT-SAG,BD-1163,20,300.77,4
2025-02-28,ENT-QC,BD-1170,27,16.95,12
2024-01-31,ENT-QC,BD-1165,6,105.70,12
2024-10-31,ENT-MTL,BD-1092,72,140.04,14
2025-10-31,ENT-MTL,BD-1055,10,213.75,15
2025-06-30,ENT-MTL,BD-1008,42,155.34,9
2025-05-31,ENT-QC,BD-1028,64,143.73,14
2025-11-30,ENT-SAG,BD-1028,12,143.73,6
2024-01-31,ENT-QC,BD-1073,15,255.00,14
2025-03-31,ENT-QC,BD-1005,10,208.35,13
2025-10-31,ENT-MTL,BD-1113,19,281.81,9
2024-04-30,ENT-QC,BD-1052,87,179.27,17
2025-01-31,ENT-MTL,BD-1118,8,343.17,12
2024-08-31,ENT-SAG,BD-1057,99,19.26,7
2024-07-31,ENT-MTL,BD-1115,1,46.26,11
2024-09-30,ENT-SAG,BD-1080,80,173.12,5
2024-07-31,ENT-QC,BD-1117,10,98.28,10
2024-03-31,ENT-MTL,BD-1146,15,220.88,14
2025-03-31,ENT-MTL,BD-1173,17,212.35,15
2024-11-30,ENT-QC,BD-1163,23,294.58,11
2024-05-31,ENT-QC,BD-1071,28,301.72,16
2024-08-31,ENT-MTL,BD-1047,75,70.06,14
2025-05-31,ENT-MTL,BD-1006,50,182.47,10
2024-08-31,ENT-SAG,BD-1126,22,130.29,5
2025-06-30,ENT-MTL,BD-1084,17,375.89,12
2024-03-31,ENT-QC,BD-1158,33,180.81,16
2024-03-31,ENT-QC,BD-1178,29,116.97,17
2025-06-30,ENT-QC,BD-1156,2,164.64,12
2024-02-29,ENT-QC,BD-1119,6,58.44,11
2024-01-31,ENT-QC,BD-1147,13,339.78,10
2024-01-31,ENT-QC,BD-1021,16,201.55,12
2025-03-31,ENT-MTL,BD-1038,96,319.94,20
2025-04-30,ENT-QC,BD-1172,17,221.22,13
2025-05-31,ENT-QC,BD-1006,50,182.47,11
2025-01-31,ENT-SAG,BD-1133,16,62.95,7
2024-03-31,ENT-MTL,BD-1089,8,157.64,11
2024-04-30,ENT-QC,BD-1160,37,40.71,15
2025-07-31,ENT-QC,BD-1015,84,325.38,14
2024-10-31,ENT-MTL,BD-1137,69,25.06,13
2025-08-31,ENT-SAG,BD-1041,94,163.24,7
2025-05-31,ENT-SAG,BD-1145,34,111.12,7
2025-08-31,ENT-QC,BD-1046,112,372.17,17
2024-08-31,ENT-SAG,BD-1078,62,197.64,4
2025-12-31,ENT-MTL,BD-1108,7,169.96,13
2024-05-31,ENT-MTL,BD-1103,65,151.66,12
2025-03-31,ENT-SAG,BD-1134,1,61.77,4
2025-09-30,ENT-SAG,BD-1066,50,240.06,4
2025-04-30,ENT-QC,BD-1089,9,160.95,12
2025-06-30,ENT-MTL,BD-1126,49,133.03,12
2024-06-30,ENT-SAG,BD-1150,21,339.92,6
2025-12-31,ENT-QC,BD-1055,16,213.75,16
2025-05-31,ENT-MTL,BD-1167,26,209.73,12
2024-01-31,ENT-QC,BD-1054,17,257.53,17
2025-10-31,ENT-QC,BD-1115,11,47.23,11
2025-01-31,ENT-QC,BD-1037,18,16.65,22
2025-06-30,ENT-QC,BD-1143,5,220.45,13
2024-10-31,ENT-SAG,BD-1071,108,301.72,7
2025-07-31,ENT-QC,BD-1001,53,219.63,9
2024-04-30,ENT-QC,BD-1127,17,170.72,15
2024-06-30,ENT-QC,BD-1091,0,279.07,11
2024-10-31,ENT-QC,BD-1102,58,255.33,10
2025-05-31,ENT-QC,BD-1088,23,404.63,9
2025-05-31,ENT-QC,BD-1172,40,221.22,13
2024-05-31,ENT-SAG,BD-1176,44,322.02,7
2024-01-31,ENT-SAG,BD-1143,17,215.92,5
2025-03-31,ENT-SAG,BD-1121,16,44.65,4
2025-02-28,ENT-MTL,BD-1165,20,107.92,12
2025-07-31,ENT-QC,BD-1110,3,182.67,12
2024-09-30,ENT-QC,BD-1118,5,336.11,13
2024-12-31,ENT-QC,BD-1174,32,165.53,13
2024-07-31,ENT-MTL,BD-1003,42,188.61,10
2025-02-28,ENT-MTL,BD-1095,8,54.77,7
2025-02-28,ENT-MTL,BD-1137,12,25.59,13
2024-03-31,ENT-QC,BD-1108,11,166.46,14
2024-08-31,ENT-QC,BD-1073,67,255.00,14
2024-11-30,ENT-QC,BD-1020,8,32.44,16
2024-03-31,ENT-SAG,BD-1172,30,216.67,5
2024-07-31,ENT-SAG,BD-1097,12,210.05,5
2025-07-31,ENT-MTL,BD-1136,12,112.45,12
2024-01-31,ENT-MTL,BD-1047,15,70.06,14
2024-07-31,ENT-QC,BD-1063,-8,242.15,21
2025-10-31,ENT-QC,BD-1178,31,119.43,17
2025-04-30,ENT-QC,BD-1114,64,152.73,12
2024-09-30,ENT-SAG,BD-1156,82,161.25,5
2024-09-30,ENT-QC,BD-1179,27,226.59,12
2025-03-31,ENT-QC,BD-1067,21,24.27,14
2025-02-28,ENT-QC,BD-1070,15,40.72,10
2024-07-31,ENT-MTL,BD-1153,13,113.61,10
2025-02-28,ENT-QC,BD-1075,0,60.99,13
2025-09-30,ENT-MTL,BD-1175,25,96.85,16
2025-08-31,ENT-SAG,BD-1181,43,312.40,8
2025-03-31,ENT-QC,BD-1060,85,246.98,17
2025-07-31,ENT-MTL,BD-1123,7,132.28,13
2024-02-29,ENT-SAG,BD-1033,19,110.89,6
2025-12-31,ENT-MTL,BD-1073,9,307.22,13
2024-01-31,ENT-QC,BD-1029,0,238.44,10
2025-03-31,ENT-QC,BD-1002,1,298.72,7
2025-04-30,ENT-QC,BD-1090,3,58.79,12
2025-05-31,ENT-QC,BD-1136,9,112.45,12
2024-09-30,ENT-QC,BD-1015,12,318.69,14
2025-05-31,ENT-SAG,BD-1078,13,238.11,4
2024-07-31,ENT-MTL,BD-1021,48,201.55,11
2024-01-31,ENT-QC,BD-1041,9,159.88,16
2024-12-31,ENT-MTL,BD-1154,57,323.13,12
2025-01-31,ENT-SAG,BD-1067,26,24.27,6
2024-02-29,ENT-SAG,BD-1040,24,268.77,7
2025-06-30,ENT-QC,BD-1056,83,293.14,19
2024-07-31,ENT-MTL,BD-1116,9,58.93,16
2025-04-30,ENT-QC,BD-1122,55,212.67,11
2025-12-31,ENT-MTL,BD-1165,30,107.92,12
2024-05-31,ENT-MTL,BD-1144,17,96.31,14
2024-10-31,ENT-SAG,BD-1072,79,196.62,5
2025-02-28,ENT-QC,BD-1103,13,154.84,13
2025-06-30,ENT-QC,BD-1172,20,221.22,13
2025-04-30,ENT-QC,BD-1121,59,44.65,10
2025-07-31,ENT-SAG,BD-1126,21,133.03,5
2025-09-30,ENT-MTL,BD-1084,56,375.89,12
2025-07-31,ENT-QC,BD-1098,24,309.76,15
2024-05-31,ENT-QC,BD-1177,26,211.22,12
2025-09-30,ENT-QC,BD-1154,74,329.92,13
2025-06-30,ENT-MTL,BD-1070,6,48.05,10
2024-08-31,ENT-SAG,BD-1102,69,255.33,4
2024-04-30,ENT-QC,BD-1158,23,180.81,16
2024-03-31,ENT-QC,BD-1099,3,287.66,12
2025-04-30,ENT-MTL,BD-1129,1,46.45,19
2024-08-31,ENT-QC,BD-1033,0,110.89,14
2024-05-31,ENT-MTL,BD-1021,55,201.55,11
2024-02-29,ENT-QC,BD-1181,42,305.97,18
2024-07-31,ENT-QC,BD-1065,9,128.81,12
2024-09-30,ENT-QC,BD-1159,38,166.16,20
2025-04-30,ENT-MTL,BD-1146,15,225.52,14
2024-09-30,ENT-SAG,BD-1048,22,32.82,7
2024-10-31,ENT-MTL,BD-1043,3,294.10,14
2025-10-31,ENT-QC,BD-1149,99,111.14,18
2024-12-31,ENT-QC,BD-1111,8,145.84,12
2024-04-30,ENT-SAG,BD-1124,72,150.61,5
2025-10-31,ENT-QC,BD-1133,70,62.95,16
2025-01-31,ENT-QC,BD-1099,11,293.70,12
2025-05-31,ENT-MTL,BD-1010,53,88.91,11
2025-09-30,ENT-QC,BD-1005,17,208.35,13
2025-01-31,ENT-MTL,BD-1123,7,132.28,13
2025-04-30,ENT-QC,BD-1059,93,331.76,16
2025-12-31,ENT-MTL,BD-1162,25,68.38,14
2025-11-30,ENT-QC,BD-1040,6,274.41,18
2025-10-31,ENT-MTL,BD-1080,50,208.57,11
2024-05-31,ENT-QC,BD-1012,62,68.19,11
2024-02-29,ENT-QC,BD-1007,15,55.96,10
2025-01-31,ENT-QC,BD-1113,6,281.81,10
2025-03-31,ENT-QC,BD-1059,81,331.76,16
2025-09-30,ENT-MTL,BD-1176,22,328.78,16
2025-06-30,ENT-QC,BD-1160,26,41.56,15
2024-06-30,ENT-QC,BD-1166,38,212.88,13
2024-02-29,ENT-SAG,BD-1166,27,212.88,5
2024-11-30,ENT-MTL,BD-1017,2,307.26,13
2025-04-30,ENT-SAG,BD-1066,2,203.44,4
2025-12-31,ENT-MTL,BD-1103,15,154.84,12
2024-04-30,ENT-MTL,BD-1082,13,278.39,10
2025-12-31,ENT-MTL,BD-1038,20,319.94,20
2024-04-30,ENT-MTL,BD-1071,26,301.72,15
2025-06-30,ENT-QC,BD-1004,61,158.83,11
2025-05-31,ENT-QC,BD-1160,35,41.56,15
2025-09-30,ENT-MTL,BD-1162,17,68.38,14
2024-11-30,ENT-QC,BD-1109,14,303.82,11
2025-11-30,ENT-SAG,BD-1165,25,107.92,5
2025-09-30,ENT-QC,BD-1041,4,163.24,16
2024-01-31,ENT-QC,BD-1069,13,198.50,12
2025-11-30,ENT-QC,BD-1131,74,37.08,14
2025-04-30,ENT-QC,BD-1123,75,132.28,13
2025-08-31,ENT-MTL,BD-1040,79,274.41,17
2024-04-30,ENT-SAG,BD-9278,17,157.64,5
2024-10-31,ENT-QC,BD-1169,27,276.47,14
2024-09-30,ENT-SAG,BD-1047,5,70.06,6
2025-01-31,ENT-QC,BD-1148,1,302.28,12
2025-04-30,ENT-QC,BD-1137,14,25.59,13
2025-06-30,ENT-SAG,BD-1172,29,221.22,5
2025-10-31,ENT-QC,BD-1143,89,220.45,13
2025-01-31,ENT-QC,BD-1015,11,325.38,14
2024-06-30,ENT-QC,BD-1036,111,159.06,19
2024-04-30,ENT-QC,BD-1019,72,170.21,12
2024-09-30,ENT-MTL,BD-1076,49,281.11,11
2024-02-29,ENT-SAG,BD-1075,18,59.74,5
2025-05-31,ENT-QC,BD-1040,78,274.41,18
2024-01-31,ENT-MTL,BD-1049,8,30.58,17
2024-06-30,ENT-SAG,BD-1116,100,58.93,7
2025-04-30,ENT-QC,BD-1180,31,95.30,15
2025-02-28,ENT-SAG,BD-1157,31,25.21,5
2025-02-28,ENT-QC,BD-1128,13,78.87,10
2025-04-30,ENT-MTL,BD-1110,58,182.67,12
2024-02-29,ENT-MTL,BD-1179,17,226.59,12
2025-07-31,ENT-SAG,BD-1121,10,44.65,4
2025-03-31,ENT-SAG,BD-1078,5,201.79,4
2025-04-30,ENT-QC,BD-1029,52,243.45,10
2024-01-31,ENT-QC,BD-1030,0,98.88,11
2025-02-28,ENT-QC,BD-1045,13,78.37,16
2024-11-30,ENT-MTL,BD-1019,2,170.21,11
2025-03-31,ENT-MTL,BD-1031,10,300.62,13
2024-08-31,ENT-QC,BD-1133,12,61.66,16
2025-11-30,ENT-MTL,BD-1028,14,143.73,13
2025-03-31,ENT-MTL,BD-1108,9,169.96,13
2024-11-30,ENT-QC,BD-1167,27,205.42,13
2025-03-31,ENT-QC,BD-1023,14,244.32,14
2024-04-30,ENT-QC,BD-1114,57,149.59,12
2024-08-31,ENT-QC,BD-1103,7,151.66,13
2024-11-30,ENT-MTL,BD-1161,38,62.84,13
2025-04-30,ENT-QC,BD-1008,44,131.65,10
2024-12-31,ENT-MTL,BD-1039,19,119.66,18
2025-11-30,ENT-SAG,BD-1009,20,67.67,3
2024-09-30,ENT-MTL,BD-1158,30,180.81,15
2024-02-29,ENT-QC,BD-1133,10,61.66,16
2025-12-31,ENT-MTL,BD-1157,22,25.21,12
2025-01-31,ENT-SAG,BD-1153,21,116.00,4
2025-10-31,ENT-SAG,BD-1066,61,240.06,4
2025-06-30,ENT-QC,BD-1115,62,47.23,11
2025-08-31,ENT-SAG,BD-1103,0,154.84,5
2025-05-31,ENT-QC,BD-1144,1,98.33,15
2025-03-31,ENT-QC,BD-1053,128,180.55,20
2025-10-31,ENT-SAG,BD-1005,9,208.35,5
2024-07-31,ENT-QC,BD-1164,22,98.38,11
2025-11-30,ENT-SAG,BD-1117,8,100.34,4
2025-06-30,ENT-SAG,BD-1149,0,111.14,7
2024-01-31,ENT-SAG,BD-1117,16,98.28,4
2024-08-31,ENT-QC,BD-1087,90,211.22,15
2024-12-31,ENT-QC,BD-1076,11,281.11,12
2025-10-31,ENT-QC,BD-1076,61,338.68,12
2025-05-31,ENT-SAG,BD-1065,12,155.19,5
2025-09-30,ENT-QC,BD-1054,26,262.94,17
2024-02-29,ENT-QC,BD-1158,11,180.81,16
2024-12-31,ENT-QC,BD-1180,40,93.34,15
2024-10-31,ENT-MTL,BD-1069,59,198.50,11
2024-01-31,ENT-SAG,BD-1108,5,166.46,6
2025-05-31,ENT-QC,BD-1004,52,158.83,11
2024-06-30,ENT-MTL,BD-1019,44,170.21,11
2024-09-30,ENT-QC,BD-1143,76,215.92,13
2024-08-31,ENT-MTL,BD-1106,11,333.09,13
2025-11-30,ENT-QC,BD-1093,58,159.25,10
2025-08-31,ENT-MTL,BD-1165,21,107.92,12
2024-03-31,ENT-QC,BD-1015,19,318.69,14
2025-09-30,ENT-MTL,BD-1117,8,100.34,10
2025-11-30,ENT-QC,BD-1006,10,182.47,11
2024-11-30,ENT-MTL,BD-1038,13,313.36,20
2025-02-28,ENT-QC,BD-1111,15,148.90,12
2025-04-30,ENT-QC,BD-1103,60,154.84,13
2024-12-31,ENT-SAG,BD-1083,1,157.14,4
2024-09-30,ENT-QC,BD-1105,17,166.12,12
2025-01-31,ENT-QC,BD-1018,2,247.17,6
2024-07-31,ENT-MTL,BD-1154,20,323.13,12
2024-09-30,ENT-SAG,BD-1041,15,159.88,7
2024-02-29,ENT-QC,BD-1175,18,94.86,17
2025-05-31,ENT-QC,BD-1169,26,282.28,14
2025-01-31,ENT-MTL,BD-1101,6,64.26,12
2025-04-30,ENT-QC,BD-1155,19,329.15,17
2025-09-30,ENT-SAG,BD-1029,1,243.45,4
2025-10-31,ENT-MTL,BD-1019,19,205.07,11
2024-10-31,ENT-MTL,BD-1048,11,32.82,15
2025-08-31,ENT-MTL,BD-1092,74,168.72,14
2024-08-31,ENT-QC,BD-1105,27,166.12,12
2025-02-28,ENT-QC,BD-1104,10,76.70,11
2024-11-30,ENT-QC,BD-1007,0,55.96,10
2025-05-31,ENT-MTL,BD-1149,5,111.14,17
2025-06-30,ENT-MTL,BD-1046,61,372.17,17
2025-09-30,ENT-SAG,BD-1008,18,155.34,4
2024-02-29,ENT-QC,BD-1008,0,128.94,10
2024-10-31,ENT-MTL,BD-1070,42,39.88,10
2025-08-31,ENT-QC,BD-1120,16,186.72,12
2025-11-30,ENT-SAG,BD-1055,1,213.75,7
2025-01-31,ENT-QC,BD-1107,0,150.54,14
2024-08-31,ENT-QC,BD-1076,63,281.11,12
2025-03-31,ENT-QC,BD-1062,82,114.90,17
2025-09-30,ENT-SAG,BD-1019,13,205.07,5
2024-06-30,ENT-MTL,BD-1180,31,93.34,14
2025-01-31,ENT-QC,BD-1082,23,284.24,11
2025-05-31,ENT-SAG,BD-1161,42,64.16,6
2025-09-30,ENT-MTL,BD-1092,65,168.72,14
2025-05-31,ENT-SAG,BD-1057,117,23.20,7
2025-09-30,ENT-SAG,BD-1078,65,238.11,4
2024-06-30,ENT-SAG,BD-1072,14,196.62,5
2024-09-30,ENT-MTL,BD-1028,0,140.77,13
2024-04-30,ENT-MTL,BD-1002,33,292.58,7
2025-04-30,ENT-QC,BD-1112,66,67.02,13
2025-06-30,ENT-QC,BD-1117,50,100.34,10
2025-11-30,ENT-QC,BD-1091,59,336.22,11
2025-10-31,ENT-QC,BD-1040,19,274.41,18
2024-06-30,ENT-QC,BD-1112,60,65.64,13
2024-05-31,ENT-QC,BD-1067,4,23.77,14
2025-04-30,ENT-SAG,BD-1071,5,308.06,7
2024-06-30,ENT-SAG,BD-1052,97,179.27,7
2025-12-31,ENT-SAG,BD-1086,3,97.25,5
2025-07-31,ENT-QC,BD-1083,6,189.32,11
2024-03-31,ENT-SAG,BD-1074,24,108.27,5
2025-02-28,ENT-QC,BD-1160,27,41.56,15
2025-05-31,ENT-QC,BD-1124,78,153.77,12
2024-01-31,ENT-MTL,BD-1109,12,303.82,10
2024-11-30,ENT-MTL,BD-1153,59,113.61,10
2025-05-31,ENT-QC,BD-1090,0,69.37,12
2025-06-30,ENT-QC,BD-1033,82,113.22,14
2024-08-31,ENT-QC,BD-1078,60,197.64,9
2024-09-30,ENT-QC,BD-1022,3,247.74,8
2025-06-30,ENT-MTL,BD-1139,33,203.11,16
2025-12-31,ENT-SAG,BD-1176,55,328.78,7
2025-09-30,ENT-SAG,BD-1054,16,262.94,7
2025-06-30,ENT-SAG,BD-1122,73,212.67,4
2025-12-31,ENT-MTL,BD-1085,10,49.28,9
2025-10-31,ENT-MTL,BD-1160,27,41.56,14
2025-07-31,ENT-MTL,BD-1135,0,40.73,14
2025-11-30,ENT-QC,BD-1033,9,113.22,14
2024-03-31,ENT-MTL,BD-1082,13,278.39,10
2025-06-30,ENT-QC,BD-1045,94,78.37,16
2024-06-30,ENT-SAG,BD-1009,60,66.28,3
2025-03-31,ENT-MTL,BD-1129,12,46.45,19
2024-11-30,ENT-SAG,BD-1021,14,201.55,5
2025-12-31,ENT-MTL,BD-1116,21,60.17,16
2025-02-28,ENT-MTL,BD-1027,27,254.96,14
2025-08-31,ENT-SAG,BD-1086,83,97.25,5
2024-12-31,ENT-MTL,BD-1025,13,146.28,9
2025-09-30,ENT-MTL,BD-1069,54,239.15,11
2025-04-30,ENT-QC,BD-1022,39,252.94,8
2025-01-31,ENT-SAG,BD-1026,18,246.82,4
2024-11-30,ENT-SAG,BD-1127,105,170.72,6
2025-05-31,ENT-QC,BD-1138,9,88.19,14
2025-04-30,ENT-MTL,BD-1172,33,221.22,12
2024-04-30,ENT-MTL,BD-1139,4,198.93,16
2024-11-30,ENT-SAG,BD-1071,99,301.72,7
2025-07-31,ENT-SAG,BD-1112,12,67.02,5
2024-05-31,ENT-QC,BD-1031,65,294.44,14
2024-06-30,ENT-MTL,BD-1168,26,224.71,12
2024-02-29,ENT-QC,BD-1054,20,257.53,17
2025-07-31,ENT-SAG,BD-1076,18,338.68,5
2025-11-30,ENT-SAG,BD-1121,8,44.65,4
2024-09-30,ENT-QC,BD-1027,22,249.72,14
2025-08-31,ENT-MTL,BD-1002,0,298.72,7
2024-11-30,ENT-MTL,BD-1041,5,159.88,15
2025-10-31,ENT-SAG,BD-1136,66,112.45,5
2024-07-31,ENT-QC,BD-1140,0,40.41,12
2025-07-31,ENT-MTL,BD-1129,28,46.45,19
2025-08-31,ENT-SAG,BD-1118,1,343.17,5
2025-07-31,ENT-QC,BD-1178,20,119.43,17
2025-09-30,ENT-MTL,BD-1161,31,64.16,13
2025-10-31,ENT-QC,BD-1108,14,169.96,14
2025-12-31,ENT-MTL,BD-1047,20,71.53,14
2025-10-31,ENT-MTL,BD-1023,12,244.32,13
2024-06-30,ENT-SAG,BD-1008,66,128.94,4
2024-11-30,ENT-MTL,BD-1048,7,32.82,15
2024-07-31,ENT-SAG,BD-1065,13,128.81,5
2025-11-30,ENT-SAG,BD-1002,16,298.72,3
2025-07-31,ENT-MTL,BD-1103,5,154.84,12
2025-07-31,ENT-MTL,BD-1053,73,180.55,19
2024-12-31,ENT-QC,BD-1149,86,108.85,18
2025-08-31,ENT-QC,BD-1047,82,71.53,15
2025-08-31,ENT-QC,BD-1049,98,31.22,18
2025-01-31,ENT-SAG,BD-1009,11,67.67,3
2024-09-30,ENT-QC,BD-1033,0,110.89,14
2024-08-31,ENT-MTL,BD-1167,20,205.42,12
2025-11-30,ENT-MTL,BD-1139,85,203.11,16
2025-01-31,ENT-QC,BD-1131,7,37.08,14
2024-02-29,ENT-QC,BD-1137,0,25.06,13
2024-11-30,ENT-MTL,BD-1163,21,294.58,10
2024-09-30,ENT-QC,BD-1122,12,208.30,11
2025-05-31,ENT-MTL,BD-1121,37,44.65,9
2025-06-30,ENT-SAG,BD-1126,90,133.03,5
2025-08-31,ENT-QC,BD-1118,13,343.17,13
2025-06-30,ENT-MTL,BD-1157,14,25.21,12
2025-12-31,ENT-SAG,BD-1094,22,124.30,5
2024-04-30,ENT-QC,BD-1081,0,302.82,13
2025-07-31,ENT-SAG,BD-1066,0,240.06,4
2024-07-31,ENT-MTL,BD-1099,11,287.66,11
2024-09-30,ENT-QC,BD-1144,85,96.31,15
2025-04-30,ENT-MTL,BD-1067,2,24.27,13
2024-08-31,ENT-MTL,BD-1048,61,32.82,15
2024-11-30,ENT-SAG,BD-1026,17,241.74,4
2025-07-31,ENT-MTL,BD-1161,30,64.16,13
2024-12-31,ENT-MTL,BD-1123,15,129.56,13
2024-03-31,ENT-SAG,BD-1150,36,339.92,6
2025-08-31,ENT-MTL,BD-1090,44,69.37,11
2024-09-30,ENT-QC,BD-1023,15,239.29,14
2025-04-30,ENT-SAG,BD-1075,6,60.99,5
2024-02-29,ENT-QC,BD-1182,5,56.87,14
2025-11-30,ENT-QC,BD-1077,61,171.09,14
2024-09-30,ENT-QC,BD-1005,9,204.06,13
2025-08-31,ENT-QC,BD-1075,57,71.97,13
2024-10-31,ENT-MTL,BD-1103,4,151.66,12
2024-09-30,ENT-MTL,BD-1042,5,261.53,22
2025-08-31,ENT-MTL,BD-1007,8,57.14,9
2025-11-30,ENT-SAG,BD-1071,99,363.51,7
2025-03-31,ENT-QC,BD-1103,13,154.84,13
2024-05-31,ENT-SAG,BD-1089,0,157.64,5
2025-02-28,ENT-QC,BD-1048,17,33.51,16
2025-12-31,ENT-MTL,BD-1072,17,236.88,12
2024-05-31,ENT-MTL,BD-1019,53,170.21,11
2024-01-31,ENT-MTL,BD-1031,2,294.44,13
2024-05-31,ENT-SAG,BD-1009,52,66.28,3
2025-03-31,ENT-SAG,BD-1116,15,60.17,7
2024-04-30,ENT-MTL,BD-1062,78,112.54,16
2025-02-28,ENT-MTL,BD-1120,14,186.72,11
2025-05-31,ENT-MTL,BD-1108,65,169.96,13
2024-11-30,ENT-MTL,BD-1152,46,265.82,9
2024-02-29,ENT-MTL,BD-1133,13,61.66,15
2025-12-31,ENT-SAG,BD-1124,13,153.77,5
2024-02-29,ENT-QC,BD-1049,19,30.58,18
2025-02-28,ENT-QC,BD-1005,19,208.35,13
2024-05-31,ENT-SAG,BD-1127,26,170.72,6
2025-08-31,ENT-QC,BD-1119,2,59.67,11
2024-11-30,ENT-MTL,BD-1162,23,66.97,14
2025-08-31,ENT-MTL,BD-1046,81,372.17,17
2024-06-30,ENT-QC,BD-1051,93,78.12,18
2024-12-31,ENT-QC,BD-1068,11,284.28,13
2024-08-31,ENT-SAG,BD-9098,101,268.77,7
2025-10-31,ENT-QC,BD-1068,81,342.49,13
2024-11-30,ENT-QC,BD-1076,56,281.11,12
2024-01-31,ENT-QC,BD-1113,4,276.01,10
2024-03-31,ENT-MTL,BD-1033,8,110.89,13
2025-06-30,ENT-QC,BD-1068,11,342.49,13
2025-06-30,ENT-SAG,BD-1051,98,79.76,8
2024-04-30,ENT-MTL,BD-1023,59,239.29,13
2024-04-30,ENT-QC,BD-1012,63,68.19,11
2024-04-30,ENT-QC,BD-1123,57,129.56,13
2025-08-31,ENT-QC,BD-1096,65,205.70,10
2024-06-30,ENT-SAG,BD-1026,73,241.74,4
2024-01-31,ENT-MTL,BD-1082,4,278.39,10
2025-03-31,ENT-QC,BD-1072,9,200.75,13
2024-08-31,ENT-SAG,BD-1176,58,322.02,7
2025-05-31,ENT-QC,BD-1133,22,62.95,16
2024-04-30,ENT-MTL,BD-1069,2,198.50,11
2025-03-31,ENT-QC,BD-1090,14,58.79,12
2025-12-31,ENT-QC,BD-1079,0,147.87,12
2025-01-31,ENT-QC,BD-1070,7,40.72,10
2024-11-30,ENT-SAG,BD-1066,53,199.26,4
2024-03-31,ENT-SAG,BD-1078,3,197.64,4
2024-09-30,ENT-SAG,BD-1147,74,339.78,4
2025-11-30,ENT-QC,BD-1098,70,309.76,15
2024-09-30,ENT-SAG,BD-1107,15,147.44,6
2024-06-30,ENT-QC,BD-1134,6,60.50,10
2025-09-30,ENT-QC,BD-1145,88,111.12,16
2024-10-31,ENT-SAG,BD-1005,7,204.06,5
2024-01-31,ENT-QC,BD-1091,23,279.07,11
2025-05-31,ENT-QC,BD-1061,103,76.81,18
2025-01-31,ENT-SAG,BD-1179,36,231.35,5
2024-07-31,ENT-QC,BD-1141,9,307.78,10
2024-05-31,ENT-QC,BD-1140,12,40.41,12
2025-06-30,ENT-MTL,BD-1105,41,169.61,11
2025-02-28,ENT-SAG,BD-1131,14,37.08,6
2025-03-31,ENT-QC,BD-1110,31,182.67,12
2025-12-31,ENT-MTL,BD-1172,33,221.22,12
2024-07-31,ENT-QC,BD-1139,24,198.93,17
2025-09-30,ENT-QC,BD-1051,5,79.76,18
2025-11-30,ENT-QC,BD-1120,3,186.72,12
2025-02-28,ENT-MTL,BD-1127,13,174.31,14
2025-01-31,ENT-MTL,BD-1073,19,260.35,13
2025-04-30,ENT-QC,BD-1073,15,260.35,14
2025-01-31,ENT-MTL,BD-1172,19,221.22,12
2024-10-31,ENT-QC,BD-1068,59,284.28,13
2024-10-31,ENT-QC,BD-1172,22,216.67,13
2024-08-31,ENT-MTL,BD-1120,20,182.88,11
2024-05-31,ENT-QC,BD-1065,9,128.81,12
2024-04-30,ENT-MTL,BD-1135,2,39.89,14
2025-04-30,ENT-QC,BD-1013,64,315.34,12
2024-03-31,ENT-QC,BD-1079,6,144.83,12
2025-07-31,ENT-MTL,BD-1084,4,375.89,12
2025-01-31,ENT-SAG,BD-1120,0,186.72,5
2024-10-31,ENT-SAG,BD-1089,77,157.64,5
2025-06-30,ENT-QC,BD-1114,77,152.73,12
2025-09-30,ENT-MTL,BD-1105,8,169.61,11
2025-02-28,ENT-MTL,BD-1152,14,271.40,9
2025-01-31,ENT-SAG,BD-1028,7,143.73,6
2024-11-30,ENT-MTL,BD-1132,67,125.81,13
2024-03-31,ENT-SAG,BD-1157,35,24.69,5
2025-10-31,ENT-MTL,BD-1153,46,116.00,10
2025-07-31,ENT-SAG,BD-1136,16,112.45,5
2025-04-30,ENT-QC,BD-1060,92,246.98,17
2025-08-31,ENT-SAG,BD-1117,5,100.34,4
2025-02-28,ENT-QC,BD-1159,48,169.65,20
2025-04-30,ENT-SAG,BD-1080,18,176.76,5
2024-11-30,ENT-QC,BD-1100,60,306.44,11
2025-10-31,ENT-MTL,BD-1065,41,155.19,12
2025-12-31,ENT-QC,BD-1029,12,243.45,10
2024-04-30,ENT-MTL,BD-1096,0,170.74,10
2024-09-30,ENT-MTL,BD-1164,18,98.38,10
2025-04-30,ENT-MTL,BD-1066,11,203.44,9
2024-09-30,ENT-QC,BD-1174,31,165.53,13
2024-12-31,ENT-SAG,BD-1048,20,32.82,7
2024-05-31,ENT-QC,BD-1125,63,285.25,12
2025-08-31,ENT-QC,BD-1136,7,112.45,12
2025-01-31,ENT-QC,BD-1027,0,254.96,14
2024-10-31,ENT-SAG,BD-1086,71,80.72,5
2025-05-31,ENT-MTL,BD-1020,61,33.12,15
2024-05-31,ENT-SAG,BD-1037,120,16.31,9
2025-06-30,ENT-QC,BD-1145,27,111.12,16
2024-12-31,ENT-MTL,BD-1044,9,195.45,16
2025-03-31,ENT-SAG,BD-1145,33,111.12,7
2024-04-30,ENT-MTL,BD-1025,33,146.28,9
2024-09-30,ENT-SAG,BD-1008,13,128.94,4
2025-08-31,ENT-MTL,BD-1094,62,124.30,11
2025-01-31,ENT-SAG,BD-1078,8,201.79,4
2024-04-30,ENT-MTL,BD-1084,8,312.00,12
2025-02-28,ENT-MTL,BD-1176,37,328.78,16
2025-12-31,ENT-MTL,BD-1060,13,291.44,16
2024-05-31,ENT-QC,BD-1173,33,207.98,16
2025-05-31,ENT-QC,BD-1135,2,40.73,15
2025-06-30,ENT-MTL,BD-1158,18,184.61,15
2024-03-31,ENT-SAG,BD-1126,21,130.29,5
2024-10-31,ENT-MTL,BD-1169,18,276.47,13
2024-02-29,ENT-QC,BD-1159,34,166.16,20
2025-04-30,ENT-MTL,BD-1124,49,153.77,12
2025-06-30,ENT-SAG,BD-1097,16,253.06,5
2024-04-30,ENT-QC,BD-1083,11,157.14,11
2024-12-31,ENT-MTL,BD-1069,17,198.50,11
2025-05-31,ENT-QC,BD-9278,63,182.67,12
2025-03-31,ENT-QC,BD-1145,5,111.12,16
2025-08-31,ENT-QC,BD-1081,47,364.83,13
2025-01-31,ENT-QC,BD-1124,7,153.77,12
2024-05-31,ENT-MTL,BD-1124,49,150.61,12
2025-04-30,ENT-SAG,BD-1029,73,243.45,4
2024-08-31,ENT-SAG,BD-1008,-4,128.94,4
2024-06-30,ENT-MTL,BD-1029,39,238.44,10
2024-08-31,ENT-SAG,BD-1045,103,76.76,6
2025-06-30,ENT-QC,BD-1018,25,247.17,6
2024-11-30,ENT-QC,BD-1142,60,98.85,11
2025-08-31,ENT-QC,BD-1170,25,16.95,12
2025-11-30,ENT-MTL,BD-1152,43,271.40,9
2025-11-30,ENT-SAG,BD-1109,11,310.20,4
2025-03-31,ENT-SAG,BD-1112,9,67.02,5
2024-07-31,ENT-QC,BD-1088,9,335.85,9
2024-06-30,ENT-SAG,BD-1134,3,60.50,4
2025-06-30,ENT-SAG,BD-1156,15,164.64,5
2024-11-30,ENT-QC,BD-1014,5,26.62,15
2024-03-31,ENT-QC,BD-1175,45,94.86,17
2025-01-31,ENT-SAG,BD-1038,15,319.94,9
2025-09-30,ENT-SAG,BD-1005,22,208.35,5
2025-05-31,ENT-MTL,BD-1043,64,300.28,14
2025-10-31,ENT-SAG,BD-1117,0,100.34,4
2024-03-31,ENT-QC,BD-1008,3,128.94,10
2025-05-31,ENT-QC,BD-1119,77,59.67,11
2025-01-31,ENT-QC,BD-1158,35,184.61,16
2024-04-30,ENT-SAG,BD-1097,8,210.05,5
2024-02-29,ENT-QC,BD-1164,30,98.38,11
2025-03-31,ENT-SAG,BD-1086,28,82.42,5
2025-05-31,ENT-MTL,BD-1082,2,335.40,10
2024-11-30,ENT-QC,BD-1174,22,165.53,13
2025-09-30,ENT-QC,BD-1114,15,152.73,12
2024-10-31,ENT-QC,BD-1060,15,241.90,17
2024-06-30,ENT-QC,BD-1048,96,32.82,16
2025-10-31,ENT-QC,BD-1159,51,169.65,20
2025-11-30,ENT-MTL,BD-1105,9,169.61,11
2025-08-31,ENT-SAG,BD-1048,109,33.51,7
2024-07-31,ENT-SAG,BD-1145,18,108.83,7
2025-03-31,ENT-QC,BD-1038,105,319.94,21
2025-10-31,ENT-QC,BD-1131,60,37.08,14
2025-07-31,ENT-QC,BD-1177,23,215.66,12
2024-09-30,ENT-QC,BD-1089,-2,157.64,12
2024-08-31,ENT-QC,BD-9634,11,307.78,10
2025-04-30,ENT-MTL,BD-1074,20,110.54,12
2025-08-31,ENT-SAG,BD-1063,128,247.24,9
2025-01-31,ENT-QC,BD-1177,26,215.66,12
2024-01-31,ENT-MTL,BD-1083,0,157.14,10
2024-11-30,ENT-SAG,BD-1149,110,108.85,7
2025-05-31,ENT-SAG,BD-1040,105,274.41,7
2025-12-31,ENT-MTL,BD-1074,5,130.44,12
2024-02-29,ENT-SAG,BD-1082,20,278.39,4
2024-01-31,ENT-MTL,BD-1139,21,198.93,16
2025-09-30,ENT-SAG,BD-1075,97,71.97,5
2024-12-31,ENT-SAG,BD-1089,0,157.64,5
2024-01-31,ENT-MTL,BD-1025,1,146.28,9
2025-10-31,ENT-MTL,BD-1010,7,88.91,11
2024-01-31,ENT-QC,BD-1117,12,98.28,10
2025-11-30,ENT-QC,BD-1049,29,31.22,18
2025-09-30,ENT-MTL,BD-1021,11,242.82,11
2024-04-30,ENT-QC,BD-1148,15,296.06,12
2025-08-31,ENT-QC,BD-1030,18,119.13,11
2025-03-31,ENT-SAG,BD-1104,13,76.70,5
2024-02-29,ENT-QC,BD-1116,33,58.93,16
2025-11-30,ENT-QC,BD-1108,19,169.96,14
2024-05-31,ENT-MTL,BD-1125,53,285.25,11
2024-02-29,ENT-QC,BD-1152,8,265.82,10
2024-05-31,ENT-MTL,BD-1161,28,62.84,13
2024-07-31,ENT-SAG,BD-1167,37,205.42,5
2025-05-31,ENT-QC,BD-1071,8,363.51,16
2024-11-30,ENT-SAG,BD-1162,45,66.97,6
2025-12-31,ENT-QC,BD-1042,20,267.02,23
2025-03-31,ENT-QC,BD-1014,11,27.18,15
2024-10-31,ENT-QC,BD-1151,55,90.35,10
2024-06-30,ENT-QC,BD-1149,10,108.85,18
2025-01-31,ENT-QC,BD-1118,13,343.17,13
2024-12-31,ENT-MTL,BD-1134,45,60.50,10
2024-12-31,ENT-QC,BD-1007,13,55.96,10
2025-04-30,ENT-QC,BD-1049,89,31.22,18
2025-08-31,ENT-SAG,BD-1009,4,67.67,3
2024-08-31,ENT-SAG,BD-1060,131,241.90,7
2024-04-30,ENT-QC,BD-1126,59,130.29,12
2024-05-31,ENT-MTL,BD-1046,74,308.91,17
2025-05-31,ENT-SAG,BD-1092,31,168.72,6
2025-02-28,ENT-QC,BD-1156,0,164.64,12
2024-07-31,ENT-MTL,BD-1161,14,62.84,13
2024-10-31,ENT-QC,BD-1007,12,55.96,10
2025-04-30,ENT-MTL,BD-1054,68,262.94,16
2025-07-31,ENT-QC,BD-1041,70,163.24,16
2024-06-30,ENT-MTL,BD-1170,22,16.60,12
2024-10-31,ENT-MTL,BD-1097,42,210.05,11
2025-04-30,ENT-QC,BD-1148,9,302.28,12
2025-06-30,ENT-QC,BD-1132,5,128.45,14
2025-09-30,ENT-SAG,BD-1140,81,41.26,5
2024-09-30,ENT-MTL,BD-1029,0,238.44,10
2025-03-31,ENT-QC,BD-1139,18,203.11,17
2025-12-31,ENT-MTL,BD-1105,2,169.61,11
2024-02-29,ENT-MTL,BD-1178,16,116.97,16
2024-12-31,ENT-SAG,BD-1057,14,19.26,7
2025-03-31,ENT-MTL,BD-1160,21,41.56,14
2025-03-31,ENT-MTL,BD-1094,13,124.30,11
2024-04-30,ENT-SAG,BD-1072,14,196.62,5
2024-07-31,ENT-SAG,BD-1067,12,23.77,6
2024-12-31,ENT-QC,BD-1012,14,68.19,11
2025-07-31,ENT-MTL,BD-1142,10,100.93,10
2024-03-31,ENT-SAG,BD-1092,15,140.04,6
2024-10-31,ENT-QC,BD-1128,58,77.25,10
2025-01-31,ENT-SAG,BD-1148,24,302.28,5
2025-11-30,ENT-MTL,BD-1034,23,182.99,12
2025-10-31,ENT-MTL,BD-1126,4,133.03,12
2025-03-31,ENT-MTL,BD-1073,10,260.35,13
2025-03-31,ENT-QC,BD-1048,91,33.51,16
2024-10-31,ENT-SAG,BD-1067,107,23.77,6
2024-04-30,ENT-SAG,BD-1052,110,179.27,7
2025-02-28,ENT-MTL,BD-1084,14,318.55,12
2024-04-30,ENT-SAG,BD-1108,83,166.46,6
2024-08-31,ENT-MTL,BD-1165,17,105.70,12
2024-03-31,ENT-QC,BD-1083,11,157.14,11
2024-01-31,ENT-QC,BD-1007,14,55.96,10
2024-04-30,ENT-QC,BD-1142,6,98.85,11
2024-12-31,ENT-QC,BD-1067,16,23.77,14
2025-04-30,ENT-MTL,BD-1113,33,281.81,9
2024-02-29,ENT-MTL,BD-1037,10,16.31,21
2024-06-30,ENT-MTL,BD-1138,2,86.38,13
2025-11-30,ENT-QC,BD-1166,36,217.35,13
2024-11-30,ENT-MTL,BD-1031,19,294.44,13
2025-10-31,ENT-MTL,BD-1099,62,346.57,11
2024-06-30,ENT-QC,BD-1071,29,301.72,16
2025-03-31,ENT-MTL,BD-1049,65,31.22,17
2024-06-30,ENT-QC,BD-1062,96,112.54,17
2024-02-29,ENT-SAG,BD-1162,27,66.97,6
2025-06-30,ENT-QC,BD-1130,19,323.89,14
2024-06-30,ENT-SAG,BD-1139,28,198.93,7
2024-08-31,ENT-MTL,BD-1097,47,210.05,11
2025-02-28,ENT-SAG,BD-1099,15,293.70,5
2025-07-31,ENT-MTL,BD-1148,14,302.28,11
2024-06-30,ENT-QC,BD-1099,8,287.66,12
2024-04-30,ENT-SAG,BD-1132,25,125.81,6
2025-07-31,ENT-QC,BD-1095,11,64.62,8
2025-11-30,ENT-MTL,BD-1165,17,107.92,12
2025-03-31,ENT-SAG,BD-1061,126,76.81,7
2024-03-31,ENT-MTL,BD-1039,102,119.66,18
2025-09-30,ENT-MTL,BD-1153,49,116.00,10
2025-11-30,ENT-MTL,BD-1173,23,212.35,15
2025-08-31,ENT-SAG,BD-1045,99,78.37,6
2024-04-30,ENT-QC,BD-1152,10,265.82,10
2025-02-28,ENT-MTL,BD-1051,19,79.76,17
2025-06-30,ENT-QC,BD-1119,61,59.67,11
2024-02-29,ENT-QC,BD-1122,24,208.30,11
2025-06-30,ENT-MTL,BD-1024,40,189.35,12
2024-01-31,ENT-QC,BD-1053,13,176.84,20
2024-11-30,ENT-QC,BD-1031,10,294.44,14
2025-12-31,ENT-MTL,BD-1004,0,158.83,10
2025-12-31,ENT-QC,BD-1112,20,67.02,13
2024-08-31,ENT-QC,BD-1029,16,238.44,10
2025-04-30,ENT-MTL,BD-1042,107,267.02,22
2024-11-30,ENT-MTL,BD-1113,0,276.01,9
2025-06-30,ENT-QC,BD-1116,81,60.17,16
2025-09-30,ENT-MTL,BD-1097,51,253.06,11
2025-11-30,ENT-QC,BD-1153,67,116.00,11
2025-07-31,ENT-QC,BD-1047,86,71.53,15
2025-10-31,ENT-SAG,BD-1067,68,28.64,6
2025-06-30,ENT-MTL,BD-1053,113,180.55,19
2024-03-31,ENT-SAG,BD-1048,91,32.82,7
2024-09-30,ENT-QC,BD-1180,23,93.34,15
2024-02-29,ENT-SAG,BD-1047,10,70.06,6
2024-06-30,ENT-MTL,BD-1120,55,182.88,11
2025-07-31,ENT-QC,BD-1161,19,64.16,14
2024-07-31,ENT-MTL,BD-1069,9,198.50,11
2024-11-30,ENT-MTL,BD-1116,19,58.93,16
2024-12-31,ENT-SAG,BD-1147,50,339.78,4
2025-04-30,ENT-QC,BD-1120,52,186.72,12
2024-10-31,ENT-QC,BD-1048,22,32.82,16
2025-11-30,ENT-MTL,BD-1154,61,329.92,12
2024-06-30,ENT-QC,BD-1147,11,339.78,10
2025-02-28,ENT-QC,BD-1166,23,217.35,13
2024-03-31,ENT-SAG,BD-1045,129,76.76,6
2025-10-31,ENT-MTL,BD-1043,25,300.28,14
2024-05-31,ENT-QC,BD-1026,49,241.74,11
2024-11-30,ENT-QC,BD-1097,-3,210.05,12
2024-06-30,ENT-SAG,BD-1120,69,182.88,5
2024-10-31,ENT-SAG,BD-1150,92,339.92,6
2024-11-30,ENT-MTL,BD-1118,12,336.11,12
2025-08-31,ENT-MTL,BD-1116,8,60.17,16
2024-03-31,ENT-SAG,BD-1021,19,201.55,5
2024-09-30,ENT-MTL,BD-1068,57,284.28,12
2024-10-31,ENT-MTL,BD-1025,5,146.28,9
2024-08-31,ENT-QC,BD-1131,4,36.32,14
2024-06-30,ENT-MTL,BD-1136,16,110.14,12
2025-11-30,ENT-MTL,BD-1172,18,221.22,12
2024-03-31,ENT-MTL,BD-1010,9,87.08,11
2025-01-31,ENT-MTL,BD-1006,2,182.47,10
2024-08-31,ENT-SAG,BD-1016,4,219.41,4
2024-09-30,ENT-QC,BD-1086,59,80.72,12
2025-12-31,ENT-SAG,BD-1033,16,113.22,6
2024-02-29,ENT-QC,BD-1140,3,40.41,12
2025-11-30,ENT-SAG,BD-1067,83,28.64,6
2025-11-30,ENT-QC,BD-1043,11,300.28,15
2025-10-31,ENT-QC,BD-1102,64,260.69,10
2024-11-30,ENT-QC,BD-1175,40,94.86,17
2025-08-31,ENT-QC,BD-1155,36,329.15,17
2024-08-31,ENT-QC,BD-1134,3,60.50,10
2025-10-31,ENT-MTL,BD-1128,47,78.87,10
2024-08-31,ENT-SAG,BD-1157,11,24.69,5
2025-08-31,ENT-QC,BD-1173,29,212.35,16
2024-11-30,ENT-QC,BD-1128,51,77.25,10
2024-04-30,ENT-MTL,BD-1160,27,40.71,14
2024-01-31,ENT-QC,BD-1103,8,151.66,13
2024-10-31,ENT-QC,BD-1029,11,238.44,10
2025-09-30,ENT-MTL,BD-1020,23,33.12,15
2024-10-31,ENT-SAG,BD-1046,38,308.91,7
2025-05-31,ENT-MTL,BD-1054,82,262.94,16
2025-02-28,ENT-SAG,BD-1167,31,209.73,5
2024-09-30,ENT-QC,BD-1028,16,140.77,14
2025-02-28,ENT-MTL,BD-9700,17,244.32,13
2024-03-31,ENT-MTL,BD-1083,6,157.14,10
2025-07-31,ENT-QC,BD-1031,79,300.62,14
2024-03-31,ENT-MTL,BD-1065,11,128.81,12
2024-10-31,ENT-SAG,BD-1133,96,61.66,7
2024-05-31,ENT-SAG,BD-1076,15,281.11,5
2024-01-31,ENT-MTL,BD-1161,19,62.84,13
2025-12-31,ENT-SAG,BD-1141,75,314.24,4
2025-10-31,ENT-QC,BD-1005,40,208.35,13
2024-01-31,ENT-SAG,BD-1040,38,268.77,7
2024-08-31,ENT-MTL,BD-1001,12,182.30,8
2024-05-31,ENT-SAG,BD-1045,115,76.76,6
2024-11-30,ENT-MTL,BD-1065,49,128.81,12
2024-09-30,ENT-MTL,BD-1084,50,312.00,12
2025-01-31,ENT-SAG,BD-1143,14,220.45,5
2025-05-31,ENT-MTL,BD-1033,56,113.22,13
2025-06-30,ENT-SAG,BD-1103,88,154.84,5
2024-10-31,ENT-MTL,BD-1008,15,128.94,9
2025-07-31,ENT-MTL,BD-1033,59,113.22,13
2024-11-30,ENT-MTL,BD-1070,44,39.88,10
2025-06-30,ENT-QC,BD-1127,12,174.31,15
2024-11-30,ENT-MTL,BD-1182,27,56.87,13
2025-08-31,ENT-MTL,BD-1051,83,79.76,17
2024-11-30,ENT-MTL,BD-1002,4,292.58,7
2025-09-30,ENT-SAG,BD-1028,35,143.73,6
2025-03-31,ENT-SAG,BD-1180,26,95.30,6
2025-04-30,ENT-QC,BD-1043,74,300.28,15
2025-05-31,ENT-MTL,BD-1151,11,92.25,10
2024-09-30,ENT-QC,BD-1049,21,30.58,18
2025-07-31,ENT-QC,BD-1066,0,240.06,10
2024-09-30,ENT-SAG,BD-1036,0,159.06,8
2024-12-31,ENT-MTL,BD-1034,9,151.89,12
2024-07-31,ENT-MTL,BD-1014,59,26.62,14
2025-08-31,ENT-QC,BD-1017,20,313.71,14
2024-03-31,ENT-QC,BD-1114,5,149.59,12
2024-06-30,ENT-QC,BD-1179,30,226.59,12
2025-03-31,ENT-SAG,BD-1168,25,229.43,5
2024-05-31,ENT-MTL,BD-1182,30,56.87,13
2025-07-31,ENT-SAG,BD-1157,23,25.21,5
2025-05-31,ENT-MTL,BD-1170,22,16.95,12
2025-08-31,ENT-SAG,BD-1021,2,242.82,5
2024-02-29,ENT-SAG,BD-1131,10,36.32,6
2025-09-30,ENT-SAG,BD-1109,14,310.20,4
2024-01-31,ENT-MTL,BD-1023,1,239.29,13
2025-06-30,ENT-MTL,BD-1110,39,182.67,12
2025-07-31,ENT-QC,BD-1072,3,236.88,13
2025-02-28,ENT-QC,BD-1001,15,186.13,9
2025-05-31,ENT-MTL,BD-1137,9,25.59,13
2025-09-30,ENT-QC,BD-1177,24,215.66,12
2025-02-28,ENT-SAG,BD-1136,35,112.45,5
2025-04-30,ENT-MTL,BD-1132,15,128.45,13
2025-06-30,ENT-MTL,BD-1042,96,267.02,22
2024-08-31,ENT-MTL,BD-1108,7,166.46,13
2025-04-30,ENT-QC,BD-1004,58,158.83,11
2025-03-31,ENT-MTL,BD-1158,37,184.61,15
2025-01-31,ENT-QC,BD-1162,39,68.38,14
2025-01-31,ENT-MTL,BD-1133,13,62.95,15
2024-02-29,ENT-QC,BD-1115,6,46.26,11
2025-03-31,ENT-SAG,BD-1046,111,315.40,7
2025-10-31,ENT-SAG,BD-1028,20,143.73,6
2025-05-31,ENT-QC,BD-1139,7,203.11,17
2025-02-28,ENT-QC,BD-1061,34,76.81,18
2024-11-30,ENT-QC,BD-1098,74,257.11,15
2025-05-31,ENT-QC,BD-1027,75,254.96,14
2025-10-31,ENT-QC,BD-1084,65,375.89,12
2024-01-31,ENT-MTL,BD-1149,17,108.85,17
2025-12-31,ENT-SAG,BD-1038,29,319.94,9
2025-09-30,ENT-QC,BD-1113,9,281.81,10
2024-02-29,ENT-MTL,BD-1132,9,125.81,13
2025-10-31,ENT-MTL,BD-1020,11,33.12,15
2024-06-30,ENT-MTL,BD-1074,8,108.27,12
2025-02-28,ENT-MTL,BD-1164,9,100.45,10
2024-07-31,ENT-SAG,BD-1108,13,166.46,6
2025-01-31,ENT-QC,BD-1103,7,154.84,13
2024-06-30,ENT-QC,BD-1177,26,211.22,12
2025-01-31,ENT-QC,BD-1004,11,158.83,11
2025-09-30,ENT-QC,BD-1142,63,100.93,11
2025-05-31,ENT-QC,BD-1075,14,71.97,13
2024-10-31,ENT-SAG,BD-1127,107,170.72,6
2025-03-31,ENT-QC,BD-1033,16,113.22,14
2024-03-31,ENT-MTL,BD-1176,26,322.02,16
2024-03-31,ENT-QC,BD-1014,6,26.62,15
2025-03-31,ENT-MTL,BD-1070,13,40.72,10
2024-05-31,ENT-QC,BD-1115,63,46.26,11
2025-07-31,ENT-QC,BD-1156,0,164.64,12
2024-11-30,ENT-QC,BD-1144,82,96.31,15
2024-10-31,ENT-QC,BD-1077,89,167.57,14
2024-11-30,ENT-QC,BD-1165,29,105.70,12
2025-07-31,ENT-QC,BD-1080,6,208.57,12
2025-04-30,ENT-SAG,BD-1065,16,131.52,5
2025-06-30,ENT-MTL,BD-1131,1,37.08,13
2025-02-28,ENT-SAG,BD-1122,18,212.67,4
2025-12-31,ENT-SAG,BD-1071,16,363.51,7
2024-06-30,ENT-SAG,BD-1076,14,281.11,5
2024-01-31,ENT-MTL,BD-1032,0,339.97,12
2024-03-31,ENT-QC,BD-1100,20,306.44,11
2025-08-31,ENT-QC,BD-1007,11,57.14,10
2025-04-30,ENT-MTL,BD-1123,60,132.28,13
2024-07-31,ENT-QC,BD-1170,29,16.60,12
2024-11-30,ENT-QC,BD-1054,40,257.53,17
2025-09-30,ENT-SAG,BD-1086,80,97.25,5
2025-03-31,ENT-SAG,BD-1027,23,254.96,6
2024-07-31,ENT-QC,BD-1120,9,182.88,12
2024-06-30,ENT-QC,BD-1032,64,339.97,13
2025-12-31,ENT-MTL,BD-1044,16,199.55,16
2024-01-31,ENT-SAG,BD-1041,35,159.88,7
2024-02-29,ENT-QC,BD-1117,8,98.28,10
2025-01-31,ENT-MTL,BD-1069,3,202.67,11
2024-04-30,ENT-MTL,BD-1024,53,185.46,12
2024-11-30,ENT-SAG,BD-1016,23,219.41,4
2025-02-28,ENT-SAG,BD-1140,19,41.26,5
2025-10-31,ENT-MTL,BD-1105,13,169.61,11
2024-10-31,ENT-SAG,BD-1098,88,257.11,6
2025-04-30,ENT-QC,BD-1012,56,69.62,11
2024-06-30,ENT-QC,BD-1135,12,39.89,15
2025-01-31,ENT-QC,BD-1068,0,290.25,13
2024-03-31,ENT-MTL,BD-1123,20,129.56,13
2025-04-30,ENT-QC,BD-1039,101,122.17,19
2025-02-28,ENT-QC,BD-1063,10,247.24,21
2024-08-31,ENT-MTL,BD-1054,69,257.53,16
2024-04-30,ENT-MTL,BD-1126,62,130.29,12
2024-08-31,ENT-QC,BD-1111,13,145.84,12
2024-08-31,ENT-QC,BD-1016,20,219.41,9
2025-01-31,ENT-MTL,BD-1037,18,16.65,21
2025-08-31,ENT-MTL,BD-1039,84,122.17,18
2024-09-30,ENT-MTL,BD-1094,57,121.74,11
2024-10-31,ENT-QC,BD-1146,69,220.88,14
2025-11-30,ENT-SAG,BD-1089,68,189.92,5
2025-01-31,ENT-MTL,BD-1047,15,71.53,14
2025-04-30,ENT-QC,BD-1042,157,267.02,23
2024-12-31,ENT-QC,BD-1104,10,75.12,11
2025-04-30,ENT-MTL,BD-1154,10,329.92,12
2025-09-30,ENT-QC,BD-1107,10,150.54,14
2025-11-30,ENT-QC,BD-1129,102,46.45,20
2025-02-28,ENT-MTL,BD-1049,2,31.22,17
2024-11-30,ENT-MTL,BD-1170,25,16.60,12
2024-04-30,ENT-MTL,BD-1137,9,25.06,13
2024-11-30,ENT-SAG,BD-1116,21,58.93,7
2025-04-30,ENT-QC,BD-1096,12,174.33,10
2024-08-31,ENT-SAG,BD-1088,63,335.85,4
2025-10-31,ENT-QC,BD-1004,9,158.83,11
2024-03-31,ENT-QC,BD-1128,9,77.25,10
2025-02-28,ENT-SAG,BD-1166,28,217.35,5
2025-01-31,ENT-MTL,BD-1127,9,174.31,14
2025-09-30,ENT-MTL,BD-1094,47,124.30,11
2025-05-31,ENT-QC,BD-1029,50,243.45,10
2025-04-30,ENT-MTL,BD-1062,66,114.90,16
2025-07-31,ENT-MTL,BD-1095,11,64.62,7
2025-06-30,ENT-QC,BD-1020,90,33.12,16
2025-11-30,ENT-MTL,BD-1027,16,254.96,14
2025-06-30,ENT-MTL,BD-1168,19,229.43,12
2024-10-31,ENT-SAG,BD-1051,28,78.12,8
2024-10-31,ENT-MTL,BD-1182,35,56.87,13
2025-01-31,ENT-QC,BD-1013,16,315.34,12
2024-12-31,ENT-MTL,BD-1002,6,292.58,7
2025-08-31,ENT-SAG,BD-1057,115,23.20,7
2024-10-31,ENT-QC,BD-1117,5,98.28,10
2025-02-28,ENT-QC,BD-1182,34,58.06,14
2024-06-30,ENT-QC,BD-1085,5,40.90,10
2024-01-31,ENT-QC,BD-1127,5,170.72,15
2025-11-30,ENT-QC,BD-1140,64,41.26,12
2025-04-30,ENT-QC,BD-1066,2,203.44,10
2024-11-30,ENT-QC,BD-1091,69,279.07,11
2025-01-31,ENT-QC,BD-1121,23,44.65,10
2024-04-30,ENT-MTL,BD-1036,89,159.06,18
2025-06-30,ENT-MTL,BD-1017,61,313.71,13
2024-04-30,ENT-SAG,BD-1109,63,303.82,4
2025-05-31,ENT-QC,BD-1142,7,100.93,11
2024-12-31,ENT-SAG,BD-1133,77,61.66,7
2024-11-30,ENT-QC,BD-1168,27,224.71,13
2025-10-31,ENT-SAG,BD-1103,18,154.84,5
2025-03-31,ENT-MTL,BD-1106,14,340.08,13
2024-01-31,ENT-SAG,BD-1132,8,125.81,6
2025-08-31,ENT-SAG,BD-1160,25,41.56,6
2024-12-31,ENT-QC,BD-1026,9,241.74,11
2025-12-31,ENT-MTL,BD-1133,56,62.95,15
2024-03-31,ENT-QC,BD-1020,29,32.44,16
2024-10-31,ENT-MTL,BD-1038,10,313.36,20
2024-07-31,ENT-MTL,BD-1106,13,333.09,13
2025-12-31,ENT-SAG,BD-1156,94,164.64,5
2025-03-31,ENT-QC,BD-1180,18,95.30,15
2024-12-31,ENT-SAG,BD-1002,11,292.58,3
2025-06-30,ENT-SAG,BD-1116,101,60.17,7
2025-04-30,ENT-SAG,BD-1154,12,329.92,5
2024-03-31,ENT-QC,BD-1142,20,98.85,11
2024-12-31,ENT-MTL,BD-1037,9,16.31,21
2025-08-31,ENT-QC,BD-1162,41,68.38,14
2025-02-28,ENT-SAG,BD-1141,8,314.24,4
2025-08-31,ENT-SAG,BD-1047,93,71.53,6
2025-12-31,ENT-MTL,BD-1065,15,155.19,12
2024-06-30,ENT-MTL,BD-1053,87,176.84,19
2025-12-31,ENT-QC,BD-1121,14,44.65,10
2024-05-31,ENT-QC,BD-1064,74,69.43,15
2025-01-31,ENT-MTL,BD-1154,9,329.92,12
2025-06-30,ENT-QC,BD-1038,100,319.94,21
2024-10-31,ENT-QC,BD-1017,22,307.26,14
2025-06-30,ENT-MTL,BD-1163,16,300.77,10
2024-07-31,ENT-QC,BD-1151,13,90.35,10
2025-08-31,ENT-SAG,BD-1027,21,254.96,6
2025-08-31,ENT-MTL,BD-1104,9,76.70,11
2024-10-31,ENT-MTL,BD-1059,0,324.94,16
2024-08-31,ENT-MTL,BD-1060,90,241.90,16
2025-09-30,ENT-QC,BD-1088,50,404.63,9
2025-02-28,ENT-MTL,BD-1096,7,174.33,10
2025-01-31,ENT-QC,BD-1179,26,231.35,12
2024-01-31,ENT-QC,BD-1115,9,46.26,11
2024-02-29,ENT-QC,BD-1051,9,78.12,18
2024-12-31,ENT-MTL,BD-1104,2,75.12,11
2025-08-31,ENT-SAG,BD-1168,23,229.43,5
2024-07-31,ENT-MTL,BD-1004,43,155.56,10
2024-02-29,ENT-QC,BD-1109,12,303.82,11
2025-11-30,ENT-SAG,BD-1102,61,260.69,4
2024-12-31,ENT-MTL,BD-1139,76,198.93,16
2025-05-31,ENT-QC,BD-1077,15,171.09,14
2025-08-31,ENT-QC,BD-1097,53,253.06,12
2024-11-30,ENT-MTL,BD-1103,12,151.66,12
2025-07-31,ENT-QC,BD-1023,85,244.32,14
2024-11-30,ENT-QC,BD-1172,31,216.67,13
2024-05-31,ENT-SAG,BD-1145,26,108.83,7
2024-01-31,ENT-SAG,BD-1116,8,58.93,7
2024-08-31,ENT-QC,BD-1148,5,296.06,12
2024-01-31,ENT-SAG,BD-1074,21,108.27,5
2024-11-30,ENT-MTL,BD-1144,55,96.31,14
2024-12-31,ENT-QC,BD-1010,13,87.08,12
2025-01-31,ENT-QC,BD-1077,14,171.09,14
2024-12-31,ENT-QC,BD-1016,0,219.41,9
2024-05-31,ENT-QC,BD-1046,94,308.91,17
2025-04-30,ENT-MTL,BD-1103,60,154.84,12
2025-04-30,ENT-MTL,BD-1044,57,199.55,16
2024-12-31,ENT-QC,BD-1167,30,205.42,13
2024-11-30,ENT-MTL,BD-1085,38,40.90,9
2025-09-30,ENT-QC,BD-1151,45,92.25,10
2024-10-31,ENT-QC,BD-1166,30,212.88,13
2025-04-30,ENT-MTL,BD-1149,0,111.14,17
2025-12-31,ENT-QC,BD-1016,10,224.02,9
2025-06-30,ENT-QC,BD-1082,9,335.40,11
2025-08-31,ENT-MTL,BD-1069,54,239.15,11
2025-12-31,ENT-MTL,BD-1115,5,47.23,11
2024-12-31,ENT-QC,BD-1080,21,173.12,12
2024-08-31,ENT-QC,BD-1136,14,110.14,12
2024-04-30,ENT-SAG,BD-1165,23,105.70,5
2025-08-31,ENT-QC,BD-1107,18,150.54,14
2024-03-31,ENT-MTL,BD-1174,28,165.53,12
2025-04-30,ENT-MTL,BD-1142,0,100.93,10
2024-02-29,ENT-SAG,BD-1120,21,182.88,5
2025-07-31,ENT-QC,BD-1052,99,183.03,17
2024-10-31,ENT-SAG,BD-1054,14,257.53,7
2024-08-31,ENT-SAG,BD-1100,76,306.44,4
2024-06-30,ENT-QC,BD-1038,119,313.36,21
2024-04-30,ENT-MTL,BD-1043,64,294.10,14
2025-03-31,ENT-QC,BD-1121,14,44.65,10
2025-10-31,ENT-QC,BD-1154,59,329.92,13
2025-11-30,ENT-SAG,BD-1092,107,168.72,6
2024-05-31,ENT-SAG,BD-1054,115,257.53,7
2025-07-31,ENT-QC,BD-1065,10,155.19,12
2025-03-31,ENT-QC,BD-1054,76,262.94,17
2024-08-31,ENT-MTL,BD-1091,38,279.07,11
2025-07-31,ENT-MTL,BD-1157,26,25.21,12
2024-05-31,ENT-QC,BD-1054,83,257.53,17
2025-07-31,ENT-SAG,BD-1093,15,159.25,4
2025-05-31,ENT-QC,BD-1081,29,364.83,13
2024-11-30,ENT-SAG,BD-1154,95,323.13,5
2024-03-31,ENT-SAG,BD-1090,23,57.58,5
2025-10-31,ENT-SAG,BD-1083,65,189.32,4
2025-11-30,ENT-QC,BD-1154,71,329.92,13
2024-09-30,ENT-MTL,BD-1153,33,113.61,10
2025-11-30,ENT-SAG,BD-1021,14,242.82,5
2025-08-31,ENT-SAG,BD-1178,23,119.43,7
2024-07-31,ENT-MTL,BD-1139,14,198.93,16
2025-08-31,ENT-SAG,BD-1136,-1,112.45,5
2025-12-31,ENT-QC,BD-1040,17,274.41,18
2025-02-28,ENT-QC,BD-1010,4,88.91,12
2024-09-30,ENT-QC,BD-1034,17,151.89,13
2025-03-31,ENT-MTL,BD-1146,4,225.52,14
2025-10-31,ENT-SAG,BD-1027,27,254.96,6
2024-06-30,ENT-QC,BD-1151,5,90.35,10
2024-12-31,ENT-QC,BD-1091,7,279.07,11
2025-01-31,ENT-QC,BD-1076,17,287.01,12
2024-02-29,ENT-MTL,BD-1174,26,165.53,12
2024-12-31,ENT-SAG,BD-1102,13,255.33,4
2024-05-31,ENT-SAG,BD-1078,23,197.64,4
2025-01-31,ENT-MTL,BD-1086,12,82.42,11
2024-11-30,ENT-SAG,BD-1147,79,339.78,4
2024-12-31,ENT-SAG,BD-1149,124,108.85,7
2024-02-29,ENT-MTL,BD-1006,15,178.72,10
2024-12-31,ENT-QC,BD-1164,14,98.38,11
2025-02-28,ENT-QC,BD-1017,19,313.71,14
2024-12-31,ENT-MTL,BD-1182,19,56.87,13
2025-10-31,ENT-QC,BD-1086,81,97.25,12
2025-11-30,ENT-QC,BD-1121,4,44.65,10
2024-11-30,ENT-SAG,BD-1121,2,43.73,4
2024-06-30,ENT-SAG,BD-1178,44,116.97,7
2024-11-30,ENT-QC,BD-1009,10,66.28,9
2024-07-31,ENT-QC,BD-1153,2,113.61,11
2025-11-30,ENT-QC,BD-1145,74,111.12,16
2025-08-31,ENT-MTL,BD-1157,11,25.21,12
2024-03-31,ENT-QC,BD-1089,24,157.64,12
2025-11-30,ENT-QC,BD-1142,59,100.93,11
2024-10-31,ENT-MTL,BD-1047,6,70.06,14
2024-08-31,ENT-SAG,BD-1028,17,140.77,6
2025-01-31,ENT-QC,BD-1046,14,315.40,17
2024-01-31,ENT-MTL,BD-1096,12,170.74,10
2025-09-30,ENT-MTL,BD-1113,0,281.81,9
2024-11-30,ENT-QC,BD-1022,3,247.74,8
2024-07-31,ENT-QC,BD-1128,9,77.25,10
2025-06-30,ENT-MTL,BD-1149,9,111.14,17
2024-03-31,ENT-SAG,BD-1076,33,281.11,5
2025-01-31,ENT-QC,BD-1096,10,174.33,10
2024-05-31,ENT-SAG,BD-1165,13,105.70,5
2025-10-31,ENT-QC,BD-1007,10,57.14,10
2025-01-31,ENT-SAG,BD-1092,22,142.98,6
2025-03-31,ENT-SAG,BD-1043,106,300.28,6
2024-05-31,ENT-MTL,BD-1157,16,24.69,12
2025-09-30,ENT-QC,BD-1112,15,67.02,13
2025-11-30,ENT-QC,BD-1097,63,253.06,12
2024-02-29,ENT-QC,BD-1048,17,32.82,16
2025-02-28,ENT-QC,BD-1179,39,231.35,12
2025-01-31,ENT-QC,BD-1090,2,58.79,12
2024-11-30,ENT-QC,BD-1143,72,215.92,13
2025-12-31,ENT-QC,BD-1149,121,111.14,18
2025-10-31,ENT-MTL,BD-1162,45,68.38,14
2024-01-31,ENT-MTL,BD-1060,13,241.90,16
2024-01-31,ENT-SAG,BD-1075,7,59.74,5
2025-11-30,ENT-QC,BD-1103,11,154.84,13
2025-01-31,ENT-QC,BD-1176,41,328.78,17
2025-04-30,ENT-QC,BD-1038,138,319.94,21
2025-03-31,ENT-MTL,BD-1092,9,142.98,14
2025-11-30,ENT-QC,BD-1150,71,347.06,14
2025-05-31,ENT-QC,BD-1049,95,31.22,18
2025-01-31,ENT-MTL,BD-1090,12,58.79,11
2025-05-31,ENT-MTL,BD-1058,71,149.54,17
2024-07-31,ENT-QC,BD-1076,0,281.11,12
2024-09-30,ENT-SAG,BD-1037,9,16.31,9
2024-02-29,ENT-SAG,BD-1111,7,145.84,5
2025-02-28,ENT-MTL,BD-1065,8,131.52,12
2024-07-31,ENT-MTL,BD-1102,6,255.33,10
2024-04-30,ENT-QC,BD-1180,27,93.34,15
2025-07-31,ENT-QC,BD-1092,17,168.72,15
2024-08-31,ENT-QC,BD-1039,111,119.66,19
2025-11-30,ENT-QC,BD-1125,2,291.24,12
2024-05-31,ENT-MTL,BD-1134,3,60.50,10
2025-11-30,ENT-QC,BD-1030,18,119.13,11
2025-08-31,ENT-SAG,BD-1139,24,203.11,7
2025-07-31,ENT-QC,BD-1051,74,79.76,18
2025-05-31,ENT-MTL,BD-1125,51,291.24,11
2025-04-30,ENT-MTL,BD-1068,7,290.25,12
2025-05-31,ENT-MTL,BD-1036,87,191.63,18
2024-02-29,ENT-QC,BD-1138,20,86.38,14
2025-12-31,ENT-SAG,BD-1026,12,246.82,4
2024-04-30,ENT-SAG,BD-1045,77,76.76,6
2024-01-31,ENT-QC,BD-1180,32,93.34,15
2025-05-31,ENT-QC,BD-1046,88,372.17,17
2025-12-31,ENT-SAG,BD-1103,7,154.84,5
2024-10-31,ENT-SAG,BD-1108,17,166.46,6
2024-04-30,ENT-SAG,BD-1099,19,287.66,5
2025-09-30,ENT-QC,BD-1149,94,111.14,18
2024-11-30,ENT-MTL,BD-1160,23,40.71,14
2025-07-31,ENT-SAG,BD-1099,10,346.57,5
2024-10-31,ENT-MTL,BD-1040,16,268.77,17
2025-12-31,ENT-QC,BD-1073,10,307.22,14
2024-01-31,ENT-SAG,BD-1130,32,317.23,6
2025-02-28,ENT-QC,BD-1145,25,111.12,16
2024-05-31,ENT-MTL,BD-1152,15,265.82,9
2024-02-29,ENT-QC,BD-1004,1,155.56,11
2025-08-31,ENT-QC,BD-1167,16,209.73,13
2024-12-31,ENT-MTL,BD-1158,20,180.81,15
2024-02-29,ENT-SAG,BD-1028,17,140.77,6
2025-08-31,ENT-SAG,BD-1116,18,60.17,7
2025-11-30,ENT-QC,BD-1181,20,312.40,18
2024-12-31,ENT-QC,BD-1156,57,161.25,12
2024-12-31,ENT-MTL,BD-1125,11,285.25,11
2025-07-31,ENT-MTL,BD-1096,7,205.70,10
2025-05-31,ENT-MTL,BD-1111,56,148.90,11
2025-09-30,ENT-QC,BD-1024,14,189.35,12
2025-01-31,ENT-MTL,BD-1097,11,214.46,11
2025-07-31,ENT-QC,BD-1085,2,49.28,10
2024-05-31,ENT-QC,BD-1087,36,211.22,15
2024-09-30,ENT-MTL,BD-1132,67,125.81,13
2025-12-31,ENT-SAG,BD-1162,39,68.38,6
2025-05-31,ENT-QC,BD-1150,25,347.06,14
2024-07-31,ENT-SAG,BD-1055,93,209.35,7
2025-06-30,ENT-QC,BD-1112,65,67.02,13
2024-09-30,ENT-QC,BD-1054,21,257.53,17
2025-09-30,ENT-MTL,BD-1125,7,291.24,11
2024-11-30,ENT-QC,BD-1058,21,146.46,18
2025-07-31,ENT-MTL,BD-1151,9,92.25,10
2024-03-31,ENT-SAG,BD-1108,18,166.46,6
2025-11-30,ENT-SAG,BD-1122,16,212.67,4
2024-01-31,ENT-MTL,BD-1073,18,255.00,13
2025-09-30,ENT-QC,BD-1001,0,219.63,9
2024-06-30,ENT-MTL,BD-1034,53,151.89,12
2024-01-31,ENT-QC,BD-1101,25,62.94,12
2024-03-31,ENT-QC,BD-1057,96,19.26,17
2024-03-31,ENT-MTL,BD-1060,89,241.90,16
2024-06-30,ENT-MTL,BD-1126,59,130.29,12
2024-01-31,ENT-SAG,BD-1118,2,336.11,5
2025-03-31,ENT-MTL,BD-1096,11,174.33,10
2024-03-31,ENT-QC,BD-1028,0,140.77,14
2025-04-30,ENT-QC,BD-1143,11,220.45,13
2024-11-30,ENT-MTL,BD-1083,37,157.14,10
2025-03-31,ENT-QC,BD-1064,72,70.89,15
2025-06-30,ENT-SAG,BD-1166,28,217.35,5
2024-06-30,ENT-MTL,BD-1137,11,25.06,13
2024-09-30,ENT-MTL,BD-1069,62,198.50,11
2025-07-31,ENT-MTL,BD-1089,3,189.92,11
2025-02-28,ENT-QC,BD-1052,12,183.03,17
2025-04-30,ENT-SAG,BD-1178,50,119.43,7
2025-04-30,ENT-MTL,BD-1176,34,328.78,16
2025-02-28,ENT-MTL,BD-1083,6,160.44,10
2024-03-31,ENT-MTL,BD-1027,5,249.72,14
2024-02-29,ENT-SAG,BD-1149,34,108.85,7
2024-01-31,ENT-MTL,BD-1059,16,324.94,16
2025-11-30,ENT-MTL,BD-1171,10,85.46,12
2025-02-28,ENT-MTL,BD-1054,14,262.94,16
2025-02-28,ENT-QC,BD-1079,11,147.87,12
2024-05-31,ENT-QC,BD-1169,25,276.47,14
2024-04-30,ENT-QC,BD-1059,70,324.94,16
2025-10-31,ENT-QC,BD-1105,7,169.61,12
2025-02-28,ENT-SAG,BD-1046,20,315.40,7
2024-03-31,ENT-MTL,BD-1171,30,83.70,12
2024-10-31,ENT-MTL,BD-1176,14,322.02,16
2025-10-31,ENT-MTL,BD-1040,18,274.41,17
2024-02-29,ENT-MTL,BD-1152,2,265.82,9
2024-08-31,ENT-MTL,BD-1158,25,180.81,15
2024-02-29,ENT-QC,BD-1076,1,281.11,12
2024-06-30,ENT-QC,BD-1002,34,292.58,7
2024-02-29,ENT-MTL,BD-1180,8,93.34,14
2024-05-31,ENT-QC,BD-1062,88,112.54,17
2024-11-30,ENT-SAG,BD-1178,42,116.97,7
2024-04-30,ENT-QC,BD-1064,74,69.43,15
2024-01-31,ENT-QC,BD-1118,14,336.11,13
2025-03-31,ENT-QC,BD-1006,7,182.47,11
2025-11-30,ENT-QC,BD-1118,0,343.17,13
2024-04-30,ENT-SAG,BD-1141,16,307.78,4
2024-02-29,ENT-QC,BD-1037,38,16.31,22
2025-02-28,ENT-SAG,BD-1066,16,203.44,4
2024-04-30,ENT-MTL,BD-1074,18,108.27,12
2024-12-31,ENT-QC,BD-1031,15,294.44,14
2024-05-31,ENT-QC,BD-1178,32,116.97,17
2024-06-30,ENT-QC,BD-1060,99,241.90,17
2024-04-30,ENT-QC,BD-1105,58,166.12,12
2024-04-30,ENT-SAG,BD-1047,92,70.06,6
2024-05-31,ENT-QC,BD-1174,25,165.53,13
2025-01-31,ENT-MTL,BD-1060,13,246.98,16
2024-09-30,ENT-QC,BD-1142,69,98.85,11
2024-03-31,ENT-MTL,BD-1102,14,255.33,10
2024-05-31,ENT-SAG,BD-1068,12,284.28,5
2024-02-29,ENT-SAG,BD-1098,19,257.11,6
2025-02-28,ENT-MTL,BD-1172,24,221.22,12
2024-02-29,ENT-SAG,BD-1054,16,257.53,7
2024-09-30,ENT-QC,BD-1045,8,76.76,16
2025-12-31,ENT-QC,BD-1117,5,100.34,10
2025-10-31,ENT-SAG,BD-1145,83,111.12,7
2025-12-31,ENT-QC,BD-1113,0,281.81,10
2025-07-31,ENT-MTL,BD-1144,10,98.33,14
2025-10-31,ENT-MTL,BD-1144,65,98.33,14
2025-01-31,ENT-MTL,BD-1065,0,131.52,12
2024-09-30,ENT-SAG,BD-1166,33,212.88,5
2024-01-31,ENT-QC,BD-1146,12,220.88,14
2024-12-31,ENT-SAG,BD-1078,0,197.64,4
2025-03-31,ENT-QC,BD-1047,80,71.53,15
2025-06-30,ENT-MTL,BD-1041,68,163.24,15
2025-02-28,ENT-SAG,BD-1060,30,246.98,7
2025-02-28,ENT-SAG,BD-1161,33,64.16,6
2024-01-31,ENT-QC,BD-1027,14,249.72,14
2024-07-31,ENT-QC,BD-1118,12,336.11,13
2024-10-31,ENT-QC,BD-1050,16,291.69,19
2024-08-31,ENT-SAG,BD-1112,16,65.64,5
2025-11-30,ENT-QC,BD-1124,5,153.77,12
2025-02-28,ENT-MTL,BD-1149,2,111.14,17
2025-01-31,ENT-MTL,BD-1070,7,40.72,10
2025-03-31,ENT-SAG,BD-1137,14,25.59,5
2025-10-31,ENT-QC,BD-1037,33,16.65,22
2025-07-31,ENT-QC,BD-1048,79,33.51,16
2025-08-31,ENT-QC,BD-1141,10,314.24,10
2024-03-31,ENT-MTL,BD-1095,5,53.64,7
2025-04-30,ENT-SAG,BD-1036,119,162.40,8
2024-04-30,ENT-QC,BD-1048,85,32.82,16
2024-05-31,ENT-QC,BD-1053,104,176.84,20
2025-08-31,ENT-SAG,BD-1061,116,76.81,7
2025-06-30,ENT-QC,BD-1023,65,244.32,14
2025-06-30,ENT-SAG,BD-1163,25,300.77,4
2024-09-30,ENT-SAG,BD-1163,23,294.58,4
2025-09-30,ENT-MTL,BD-1024,9,189.35,12
2025-09-30,ENT-QC,BD-1101,72,75.83,12
2024-11-30,ENT-MTL,BD-1106,11,333.09,13
2025-07-31,ENT-SAG,BD-1098,28,309.76,6
2025-01-31,ENT-QC,BD-1083,21,160.44,11
2025-06-30,ENT-SAG,BD-1099,13,346.57,5
2024-12-31,ENT-QC,BD-1077,21,167.57,14
2024-08-31,ENT-SAG,BD-1071,82,301.72,7
2025-08-31,ENT-SAG,BD-1038,136,319.94,9
2025-05-31,ENT-MTL,BD-1164,25,100.45,10
2024-01-31,ENT-QC,BD-1119,6,58.44,11
2024-07-31,ENT-MTL,BD-1172,23,216.67,12
2024-04-30,ENT-SAG,BD-1122,72,208.30,4
2024-07-31,ENT-MTL,BD-1151,6,90.35,10
2024-08-31,ENT-QC,BD-1025,16,146.28,9
2024-11-30,ENT-QC,BD-1018,2,242.09,6
2024-07-31,ENT-SAG,BD-1157,33,24.69,5
2025-10-31,ENT-QC,BD-1048,6,33.51,16
2024-05-31,ENT-QC,BD-1102,16,255.33,10
2025-02-28,ENT-QC,BD-1057,10,19.66,17
2024-03-31,ENT-QC,BD-1140,7,40.41,12
2024-01-31,ENT-MTL,BD-1014,4,26.62,14
2024-03-31,ENT-SAG,BD-1136,25,110.14,5
2024-01-31,ENT-QC,BD-1016,12,219.41,9
2025-09-30,ENT-QC,BD-1143,74,220.45,13
2025-02-28,ENT-QC,BD-1042,22,267.02,23
2024-02-29,ENT-SAG,BD-1036,21,159.06,8
2025-12-31,ENT-MTL,BD-1031,14,300.62,13
2024-12-31,ENT-QC,BD-1114,23,149.59,12
2024-06-30,ENT-MTL,BD-1131,9,36.32,13
2025-07-31,ENT-QC,BD-1146,11,225.52,14
2025-11-30,ENT-QC,BD-1083,57,189.32,11
2025-01-31,ENT-QC,BD-1159,39,169.65,20
2025-11-30,ENT-SAG,BD-1162,38,68.38,6
2025-09-30,ENT-SAG,BD-1071,111,363.51,7
2024-03-31,ENT-QC,BD-1118,15,336.11,13
2025-10-31,ENT-QC,BD-1080,65,208.57,12
2024-08-31,ENT-QC,BD-1051,110,78.12,18
2024-08-31,ENT-QC,BD-1139,0,198.93,17
2024-03-31,ENT-MTL,BD-1003,3,188.61,10
2024-09-30,ENT-QC,BD-1090,67,57.58,12
2025-09-30,ENT-QC,BD-1105,10,169.61,12
2025-01-31,ENT-SAG,BD-1169,26,282.28,6
2024-09-30,ENT-QC,BD-1041,4,159.88,16
2024-12-31,ENT-QC,BD-1069,6,198.50,12
2025-08-31,ENT-SAG,BD-1092,93,168.72,6
2024-08-31,ENT-SAG,BD-1090,68,57.58,5
2024-04-30,ENT-SAG,BD-1073,20,255.00,6
2025-03-31,ENT-QC,BD-1170,23,16.95,12
2024-11-30,ENT-SAG,BD-1005,34,204.06,5
2024-06-30,ENT-MTL,BD-1089,13,157.64,11
2025-04-30,ENT-QC,BD-1091,11,284.93,11
2025-03-31,ENT-QC,BD-1141,22,314.24,10
2024-03-31,ENT-SAG,BD-1005,6,204.06,5
2024-08-31,ENT-SAG,BD-1083,72,157.14,4
2024-07-31,ENT-MTL,BD-1079,7,144.83,12
2024-07-31,ENT-MTL,BD-1070,7,39.88,10
2024-05-31,ENT-QC,BD-1014,68,26.62,15
2025-06-30,ENT-SAG,BD-1080,6,208.57,5
2025-08-31,ENT-SAG,BD-1134,12,61.77,4
2025-09-30,ENT-QC,BD-1083,52,189.32,11
2024-10-31,ENT-MTL,BD-1170,24,16.60,12
2025-01-31,ENT-QC,BD-1105,13,169.61,12
2024-10-31,ENT-QC,BD-1177,44,211.22,12
2025-12-31,ENT-QC,BD-1115,2,47.23,11
2025-04-30,ENT-SAG,BD-1130,9,323.89,6
2024-10-31,ENT-MTL,BD-1042,1,261.53,22
2024-02-29,ENT-MTL,BD-1019,7,170.21,11
2024-05-31,ENT-SAG,BD-1167,29,205.42,5
2025-12-31,ENT-SAG,BD-1149,92,111.14,7
2024-10-31,ENT-QC,BD-1137,77,25.06,13
2025-01-31,ENT-QC,BD-1058,11,149.54,18
2024-06-30,ENT-QC,BD-1175,37,94.86,17
2025-11-30,ENT-QC,BD-1128,61,78.87,10
2024-04-30,ENT-SAG,BD-1176,34,322.02,7
2024-05-31,ENT-MTL,BD-1002,36,292.58,7
2025-08-31,ENT-QC,BD-1174,41,169.01,13
2024-12-31,ENT-SAG,BD-1134,69,60.50,4
2024-12-31,ENT-QC,BD-1029,7,238.44,10
2024-07-31,ENT-QC,BD-1085,7,40.90,10
2024-02-29,ENT-SAG,BD-1048,40,32.82,7
2024-06-30,ENT-MTL,BD-1092,7,140.04,14
2024-07-31,ENT-MTL,BD-1072,9,196.62,12
2025-09-30,ENT-QC,BD-1111,7,148.90,12
2024-10-31,ENT-QC,BD-1023,4,239.29,14
2024-05-31,ENT-SAG,BD-1112,71,65.64,5
2025-09-30,ENT-QC,BD-1033,25,113.22,14
2025-01-31,ENT-SAG,BD-1124,19,153.77,5
2025-06-30,ENT-QC,BD-1136,14,112.45,12
2025-01-31,ENT-QC,BD-1132,12,128.45,14
2025-12-31,ENT-MTL,BD-1014,6,27.18,14
2024-09-30,ENT-QC,BD-1173,31,207.98,16
2025-03-31,ENT-MTL,BD-1137,16,25.59,13
2025-10-31,ENT-SAG,BD-1074,83,130.44,5
2024-08-31,ENT-MTL,BD-1043,58,294.10,14
2025-10-31,ENT-MTL,BD-1163,19,300.77,10
2024-11-30,ENT-QC,BD-1023,15,239.29,14
2024-06-30,ENT-SAG,BD-1121,51,43.73,4
2025-06-30,ENT-MTL,BD-1067,21,28.64,13
2024-03-31,ENT-QC,BD-1181,30,305.97,18
2024-10-31,ENT-MTL,BD-1066,48,199.26,9
2024-10-31,ENT-SAG,BD-1066,64,199.26,4
2025-09-30,ENT-MTL,BD-1073,57,307.22,13
2025-01-31,ENT-MTL,BD-1107,16,150.54,13
2024-01-31,ENT-MTL,BD-1117,14,98.28,10
2024-06-30,ENT-SAG,BD-1156,15,161.25,5
2024-04-30,ENT-QC,BD-1054,86,257.53,17
2025-04-30,ENT-QC,BD-1028,79,143.73,14
2024-12-31,ENT-SAG,BD-1108,2,166.46,6
2024-05-31,ENT-QC,BD-1144,17,96.31,15
2024-10-31,ENT-QC,BD-1142,62,98.85,11
2024-01-31,ENT-QC,BD-1112,18,65.64,13
2024-06-30,ENT-MTL,BD-1175,37,94.86,16
2024-05-31,ENT-MTL,BD-1059,57,324.94,16
2025-07-31,ENT-QC,BD-1024,65,189.35,12
2025-04-30,ENT-SAG,BD-1131,29,37.08,6
2025-08-31,ENT-QC,BD-1042,130,267.02,23
2025-10-31,ENT-MTL,BD-1154,64,329.92,12
2025-08-31,ENT-QC,BD-1168,36,229.43,13
2024-06-30,ENT-SAG,BD-1050,106,291.69,8
2024-07-31,ENT-MTL,BD-1043,64,294.10,14
2025-09-30,ENT-QC,BD-1127,89,174.31,15
2024-06-30,ENT-QC,BD-1119,65,58.44,11
2024-03-31,ENT-SAG,BD-1099,8,287.66,5
2025-07-31,ENT-SAG,BD-1037,144,16.65,9
2025-09-30,ENT-MTL,BD-1066,44,240.06,9
2024-12-31,ENT-QC,BD-1170,31,16.60,12
2024-08-31,ENT-MTL,BD-1058,71,146.46,17
2025-09-30,ENT-MTL,BD-1014,0,27.18,14
2024-02-29,ENT-SAG,BD-1057,21,19.26,7
2024-10-31,ENT-QC,BD-1140,59,40.41,12
2025-01-31,ENT-QC,BD-1123,20,132.28,13
2024-11-30,ENT-MTL,BD-1014,0,26.62,14
2024-02-29,ENT-QC,BD-1087,5,211.22,15
2025-10-31,ENT-MTL,BD-1120,6,186.72,11
2025-07-31,ENT-QC,BD-1114,3,152.73,12
2025-04-30,ENT-SAG,BD-1092,28,142.98,6
2024-12-31,ENT-QC,BD-1108,11,166.46,14
2025-12-31,ENT-QC,BD-1041,20,163.24,16
2025-11-30,ENT-QC,BD-1167,41,209.73,13
2024-06-30,ENT-SAG,BD-1046,92,308.91,7
2025-06-30,ENT-QC,BD-1024,63,189.35,12
2024-06-30,ENT-MTL,BD-1062,76,112.54,16
2024-07-31,ENT-MTL,BD-1163,30,294.58,10
2025-03-31,ENT-SAG,BD-1162,32,68.38,6
2025-08-31,ENT-SAG,BD-1046,100,372.17,7
2025-08-31,ENT-SAG,BD-1163,19,300.77,4
2025-07-31,ENT-MTL,BD-1059,86,391.48,16
2025-10-31,ENT-QC,BD-1046,23,372.17,17
2025-04-30,ENT-MTL,BD-1083,10,160.44,10
2024-10-31,ENT-SAG,BD-1141,74,307.78,4
2025-05-31,ENT-SAG,BD-9156,119,79.76,8
2025-12-31,ENT-SAG,BD-1090,10,69.37,5
2025-11-30,ENT-MTL,BD-1024,5,189.35,12
2024-12-31,ENT-SAG,BD-1046,25,308.91,7
2024-04-30,ENT-QC,BD-1041,78,159.88,16
2024-08-31,ENT-MTL,BD-1152,0,265.82,9
2025-05-31,ENT-SAG,BD-1102,17,260.69,4
2025-04-30,ENT-MTL,BD-1057,58,19.66,16
2024-04-30,ENT-QC,BD-1101,16,62.94,12
2024-05-31,ENT-SAG,BD-1153,8,113.61,4
2024-09-30,ENT-SAG,BD-1065,81,128.81,5
2024-11-30,ENT-QC,BD-1006,14,178.72,11
2025-12-31,ENT-MTL,BD-1053,29,180.55,19
2024-07-31,ENT-QC,BD-1089,3,157.64,12
2024-03-31,ENT-SAG,BD-1066,17,199.26,4
2025-06-30,ENT-MTL,BD-1104,43,76.70,11
2024-07-31,ENT-MTL,BD-1060,71,241.90,16
2024-09-30,ENT-MTL,BD-1127,60,170.72,14
2025-04-30,ENT-QC,BD-1032,61,347.11,13
2024-09-30,ENT-MTL,BD-1090,55,57.58,11
2024-08-31,ENT-SAG,BD-1134,20,60.50,4
2024-09-30,ENT-QC,BD-1099,72,287.66,12
2024-01-31,ENT-MTL,BD-1151,7,90.35,10
2025-10-31,ENT-QC,BD-1065,64,155.19,12
2024-02-29,ENT-SAG,BD-1145,29,108.83,7
2024-08-31,ENT-MTL,BD-1044,66,195.45,16
2024-12-31,ENT-QC,BD-1158,11,180.81,16
2024-10-31,ENT-SAG,BD-1157,34,24.69,5
2024-07-31,ENT-QC,BD-1081,6,302.82,13
2025-12-31,ENT-MTL,BD-1042,17,267.02,22
2025-08-31,ENT-MTL,BD-1133,12,62.95,15
2025-10-31,ENT-SAG,BD-1057,25,23.20,7
2025-12-31,ENT-SAG,BD-1040,23,274.41,7
2025-04-30,ENT-SAG,BD-1060,118,246.98,7
2024-07-31,ENT-QC,BD-1019,60,170.21,12
2024-01-31,ENT-QC,BD-1109,9,303.82,11
2025-12-31,ENT-MTL,BD-1135,69,40.73,14
2025-10-31,ENT-MTL,BD-1108,11,169.96,13
2025-04-30,ENT-SAG,BD-1120,91,186.72,5
2025-12-31,ENT-MTL,BD-1089,0,189.92,11
2025-07-31,ENT-MTL,BD-1082,10,335.40,10
2024-03-31,ENT-SAG,BD-1154,14,323.13,5
2024-10-31,ENT-QC,BD-1099,73,287.66,12
2025-10-31,ENT-SAG,BD-1109,25,310.20,4
2024-08-31,ENT-SAG,BD-1152,5,265.82,4
2025-05-31,ENT-QC,BD-1054,89,262.94,17
2024-02-29,ENT-SAG,BD-1094,35,121.74,5
2025-10-31,ENT-MTL,BD-1157,26,25.21,12
2025-06-30,ENT-MTL,BD-1014,62,27.18,14
2024-06-30,ENT-QC,BD-1011,46,288.46,9
2025-04-30,ENT-SAG,BD-1147,10,346.92,4
2024-09-30,ENT-MTL,BD-1176,23,322.02,16
2024-03-31,ENT-SAG,BD-1122,12,208.30,4
2024-03-31,ENT-QC,BD-1067,17,23.77,14
2025-03-31,ENT-MTL,BD-1174,21,169.01,12
2024-11-30,ENT-QC,BD-1088,40,335.85,9
2025-01-31,ENT-SAG,BD-1147,7,346.92,4
2025-06-30,ENT-QC,BD-1173,29,212.35,16
2025-02-28,ENT-SAG,BD-1041,20,163.24,7
2025-11-30,ENT-MTL,BD-1076,43,338.68,11
2024-09-30,ENT-QC,BD-1092,71,140.04,15
2025-08-31,ENT-MTL,BD-1060,74,291.44,16
2024-12-31,ENT-SAG,BD-1008,17,128.94,4
2024-08-31,ENT-QC,BD-1003,14,188.61,11
2024-05-31,ENT-QC,BD-1043,98,294.10,15
2025-08-31,ENT-QC,BD-1038,92,319.94,21
2025-06-30,ENT-QC,BD-1052,91,183.03,17
2025-02-28,ENT-QC,BD-1127,5,174.31,15
2024-03-31,ENT-SAG,BD-1161,17,62.84,6
2024-03-31,ENT-QC,BD-1139,9,198.93,17
2024-05-31,ENT-MTL,BD-1073,13,255.00,13
2024-09-30,ENT-SAG,BD-1103,13,151.66,5
2025-04-30,ENT-MTL,BD-1090,20,58.79,11
2024-03-31,ENT-QC,BD-1171,16,83.70,12
2024-12-31,ENT-MTL,BD-1170,25,16.60,12
2024-06-30,ENT-SAG,BD-1154,9,323.13,5
2025-06-30,ENT-MTL,BD-1099,13,346.57,11
2024-09-30,ENT-MTL,BD-1020,1,32.44,15
2025-05-31,ENT-QC,BD-1174,25,169.01,13
2025-03-31,ENT-SAG,BD-1167,42,209.73,5
2025-10-31,ENT-QC,BD-1024,9,189.35,12
2025-12-31,ENT-SAG,BD-1089,6,189.92,5
2025-04-30,ENT-SAG,BD-1033,81,113.22,6
2025-06-30,ENT-MTL,BD-1181,35,312.40,17
2025-02-28,ENT-QC,BD-1110,15,182.67,12
2024-08-31,ENT-MTL,BD-1131,19,36.32,13
2025-10-31,ENT-QC,BD-1012,8,69.62,11
2024-07-31,ENT-MTL,BD-1027,58,249.72,14
2024-05-31,ENT-QC,BD-1152,2,265.82,10
2025-08-31,ENT-SAG,BD-1166,33,217.35,5
2024-04-30,ENT-QC,BD-1175,35,94.86,17
2024-06-30,ENT-QC,BD-1169,31,276.47,14
2025-12-31,ENT-QC,BD-1024,16,189.35,12
2024-08-31,ENT-QC,BD-1038,91,313.36,21
2024-11-30,ENT-QC,BD-1087,80,211.22,15
2025-12-31,ENT-SAG,BD-1002,2,298.72,3
2024-10-31,ENT-QC,BD-1026,10,241.74,11
2024-06-30,ENT-SAG,BD-1045,85,76.76,6
2024-06-30,ENT-QC,BD-1121,56,43.73,10
2025-10-31,ENT-QC,BD-1151,63,92.25,10
2025-07-31,ENT-MTL,BD-1025,34,149.35,9
2025-08-31,ENT-QC,BD-1067,61,28.64,14
2024-10-31,ENT-QC,BD-1179,31,226.59,12
2024-06-30,ENT-MTL,BD-1099,8,287.66,11
2025-05-31,ENT-QC,BD-1140,4,41.26,12
2025-10-31,ENT-QC,BD-1023,4,244.32,14
2024-10-31,ENT-MTL,BD-1002,5,292.58,7
2024-08-31,ENT-MTL,BD-1180,28,93.34,14
2025-11-30,ENT-MTL,BD-1068,55,342.49,12
2025-10-31,ENT-MTL,BD-1121,4,44.65,9
2024-03-31,ENT-QC,BD-1147,13,339.78,10
2025-01-31,ENT-SAG,BD-1102,5,260.69,4
2024-01-31,ENT-SAG,BD-1103,4,151.66,5
2024-06-30,ENT-MTL,BD-1077,0,167.57,13
2025-04-30,ENT-QC,BD-1070,6,40.72,10
2025-03-31,ENT-QC,BD-1079,22,147.87,12
2025-05-31,ENT-SAG,BD-1141,19,314.24,4
2025-10-31,ENT-SAG,BD-1026,11,246.82,4
2025-04-30,ENT-QC,BD-1068,6,290.25,13
2024-03-31,ENT-MTL,BD-1117,3,98.28,10
2024-05-31,ENT-MTL,BD-1032,61,339.97,12
2025-12-31,ENT-MTL,BD-1125,6,291.24,11
2024-06-30,ENT-QC,BD-1162,22,66.97,14
2025-12-31,ENT-SAG,BD-1136,84,112.45,5
2024-02-29,ENT-MTL,BD-1069,15,198.50,11
2024-09-30,ENT-MTL,BD-1039,4,119.66,18
2025-05-31,ENT-QC,BD-1044,93,199.55,17
2024-07-31,ENT-QC,BD-1105,4,166.12,12
2024-02-29,ENT-QC,BD-1096,8,170.74,10
2025-01-31,ENT-QC,BD-1021,6,205.78,12
2024-07-31,ENT-QC,BD-1130,12,317.23,14
2025-07-31,ENT-QC,BD-1014,73,27.18,15
2025-06-30,ENT-QC,BD-1180,28,95.30,15
2025-07-31,ENT-QC,BD-1020,73,33.12,16
2024-06-30,ENT-SAG,BD-1176,36,322.02,7
2024-09-30,ENT-MTL,BD-1138,58,86.38,13
2024-11-30,ENT-MTL,BD-1139,71,198.93,16
2025-08-31,ENT-SAG,BD-1051,112,79.76,8
2024-12-31,ENT-QC,BD-1023,16,239.29,14
2024-04-30,ENT-SAG,BD-1093,25,132.18,4
2024-02-29,ENT-MTL,BD-1039,5,119.66,18
2025-01-31,ENT-MTL,BD-1115,11,47.23,11
2024-02-29,ENT-SAG,BD-1027,16,249.72,6
2024-09-30,ENT-MTL,BD-1007,4,55.96,9
2025-04-30,ENT-MTL,BD-1092,15,142.98,14
2024-01-31,ENT-SAG,BD-1177,37,211.22,5
2024-09-30,ENT-QC,BD-1072,68,196.62,13
2024-05-31,ENT-MTL,BD-1126,47,130.29,12
2024-10-31,ENT-QC,BD-1086,54,80.72,12
2025-01-31,ENT-SAG,BD-1045,26,78.37,6
2025-02-28,ENT-QC,BD-1020,13,33.12,16
2025-12-31,ENT-QC,BD-1097,9,253.06,12
2025-07-31,ENT-QC,BD-1153,11,116.00,11
2025-04-30,ENT-QC,BD-1095,10,54.77,8
2024-11-30,ENT-MTL,BD-1055,12,209.35,15
2024-04-30,ENT-QC,BD-1122,58,208.30,11
2025-05-31,ENT-SAG,BD-1120,86,186.72,5
2025-06-30,ENT-QC,BD-1140,15,41.26,12
2025-02-28,ENT-QC,BD-1093,12,134.96,10
2025-06-30,ENT-SAG,BD-1134,20,61.77,4
2025-09-30,ENT-MTL,BD-1116,16,60.17,16
2024-07-31,ENT-QC,BD-1175,29,94.86,17
2025-02-28,ENT-MTL,BD-1094,17,124.30,11
2025-10-31,ENT-SAG,BD-1176,52,328.78,7
2024-04-30,ENT-QC,BD-1021,53,201.55,12
2024-05-31,ENT-SAG,BD-1048,116,32.82,7
2024-02-29,ENT-SAG,BD-1046,10,308.91,7
2025-12-31,ENT-QC,BD-1064,11,70.89,15
2024-06-30,ENT-QC,BD-1160,27,40.71,15
2024-06-30,ENT-QC,BD-1139,0,198.93,17
2024-03-31,ENT-MTL,BD-1004,3,155.56,10
2024-02-29,ENT-SAG,BD-1169,38,276.47,6
2025-09-30,ENT-SAG,BD-1073,86,307.22,6
2025-07-31,ENT-SAG,BD-1050,123,297.82,8
2025-11-30,ENT-MTL,BD-1129,71,46.45,19
2025-10-31,ENT-QC,BD-1180,45,95.30,15
2025-09-30,ENT-QC,BD-1007,7,57.14,10
2024-01-31,ENT-QC,BD-1116,13,58.93,16
2024-08-31,ENT-MTL,BD-1089,49,157.64,11
2024-11-30,ENT-SAG,BD-1083,66,157.14,4
2025-12-31,ENT-MTL,BD-1025,8,149.35,9
2024-02-29,ENT-MTL,BD-1054,6,257.53,16
2024-09-30,ENT-MTL,BD-1170,24,16.60,12
2024-07-31,ENT-QC,BD-1160,34,40.71,15
2025-10-31,ENT-QC,BD-1128,53,78.87,10
2025-05-31,ENT-QC,BD-1066,7,240.06,10
2024-10-31,ENT-MTL,BD-1120,7,182.88,11
2025-05-31,ENT-QC,BD-1113,43,281.81,10
2024-06-30,ENT-MTL,BD-1032,55,339.97,12
2024-02-29,ENT-MTL,BD-1010,22,87.08,11
2024-05-31,ENT-MTL,BD-1027,67,249.72,14
2024-04-30,ENT-SAG,BD-1111,62,145.84,5
2024-12-31,ENT-QC,BD-1009,9,66.28,9
2024-09-30,ENT-QC,BD-1064,22,69.43,15
2025-05-31,ENT-SAG,BD-1073,26,307.22,6
2025-07-31,ENT-QC,BD-1148,15,302.28,12
2024-08-31,ENT-MTL,BD-1178,26,116.97,16
2024-09-30,ENT-MTL,BD-1163,22,294.58,10
2025-12-31,ENT-SAG,BD-1152,72,271.40,4
2025-11-30,ENT-MTL,BD-1163,15,300.77,10
2024-08-31,ENT-SAG,BD-1082,64,278.39,4
2024-07-31,ENT-MTL,BD-1176,30,322.02,16
2024-04-30,ENT-MTL,BD-1142,10,98.85,10
2025-10-31,ENT-QC,BD-1090,76,69.37,12
2024-12-31,ENT-MTL,BD-1031,15,294.44,13
2024-02-29,ENT-QC,BD-1016,6,219.41,9
2025-05-31,ENT-MTL,BD-1021,58,242.82,11
2025-09-30,ENT-QC,BD-1074,65,130.44,13
2024-09-30,ENT-MTL,BD-1169,29,276.47,13
2024-10-31,ENT-MTL,BD-1173,17,207.98,15
2025-03-31,ENT-MTL,BD-1123,2,132.28,13
2025-09-30,ENT-SAG,BD-1052,13,183.03,7
2025-02-28,ENT-MTL,BD-1017,10,313.71,13
2024-05-31,ENT-QC,BD-1061,89,75.23,18
2025-09-30,ENT-SAG,BD-1130,83,323.89,6
2025-06-30,ENT-MTL,BD-1003,50,227.23,10
2024-07-31,ENT-QC,BD-1066,0,199.26,10
2024-11-30,ENT-MTL,BD-1079,58,144.83,12
2024-05-31,ENT-SAG,BD-1061,109,75.23,7
2025-07-31,ENT-SAG,BD-1131,27,37.08,6
2024-05-31,ENT-MTL,BD-1099,0,287.66,11
2025-12-31,ENT-MTL,BD-1139,66,203.11,16
2024-10-31,ENT-MTL,BD-1174,19,165.53,12
2025-06-30,ENT-QC,BD-1166,15,217.35,13
2025-07-31,ENT-QC,BD-1077,0,171.09,14
2024-03-31,ENT-SAG,BD-1009,0,66.28,3
2024-07-31,ENT-MTL,BD-1126,7,130.29,12
2025-01-31,ENT-QC,BD-1134,4,61.77,10
2024-04-30,ENT-QC,BD-1177,11,211.22,12
2024-05-31,ENT-QC,BD-1093,14,132.18,10
2025-10-31,ENT-MTL,BD-1051,8,79.76,17
2024-06-30,ENT-QC,BD-1023,84,239.29,14
2024-08-31,ENT-QC,BD-1177,17,211.22,12
2025-02-28,ENT-MTL,BD-1082,17,284.24,10
2025-02-28,ENT-QC,BD-1025,0,149.35,9
2024-04-30,ENT-MTL,BD-1072,12,196.62,12
2024-07-31,ENT-MTL,BD-1049,58,30.58,17
2025-12-31,ENT-MTL,BD-1138,56,88.19,13
2024-05-31,ENT-MTL,BD-1008,41,128.94,9
2025-01-31,ENT-MTL,BD-1154,9,329.92,12
2025-04-30,ENT-QC,BD-1016,51,224.02,9
2024-06-30,ENT-QC,BD-1157,21,24.69,13
2025-03-31,ENT-SAG,BD-1161,52,64.16,6
2025-08-31,ENT-SAG,BD-1054,115,262.94,7
2025-03-31,ENT-QC,BD-1114,11,152.73,12
2025-01-31,ENT-QC,BD-1127,19,174.31,15
2025-09-30,ENT-QC,BD-1042,47,267.02,23
2025-06-30,ENT-MTL,BD-1165,24,107.92,12
2024-08-31,ENT-MTL,BD-1096,43,170.74,10
2025-11-30,ENT-MTL,BD-1132,40,128.45,13
2024-08-31,ENT-MTL,BD-1037,78,16.31,21
2024-02-29,ENT-SAG,BD-1078,7,197.64,4
2025-03-31,ENT-QC,BD-1011,12,294.52,9
2024-11-30,ENT-QC,BD-1120,10,182.88,12
2024-08-31,ENT-MTL,BD-1101,55,62.94,12
2024-01-31,ENT-SAG,BD-1099,5,287.66,5
2024-10-31,ENT-QC,BD-1161,24,62.84,14
2025-08-31,ENT-QC,BD-1123,9,132.28,13
2025-09-30,ENT-QC,BD-1155,84,329.15,17
2025-07-31,ENT-SAG,BD-1137,6,25.59,5
2025-11-30,ENT-MTL,BD-1167,19,209.73,12
2025-02-28,ENT-QC,BD-1003,0,192.57,11
2024-04-30,ENT-QC,BD-1080,12,173.12,12
2025-10-31,ENT-QC,BD-1049,22,31.22,18
2025-03-31,ENT-QC,BD-1056,112,293.14,19
2024-05-31,ENT-QC,BD-1126,71,130.29,12
2025-02-28,ENT-MTL,BD-1118,8,343.17,12
2025-05-31,ENT-QC,BD-1143,1,220.45,13
2025-06-30,ENT-SAG,BD-1002,47,298.72,3
2024-09-30,ENT-QC,BD-1137,83,25.06,13
2024-01-31,ENT-MTL,BD-1172,24,216.67,12
2025-01-31,ENT-QC,BD-1006,1,182.47,11
2025-02-28,ENT-MTL,BD-1043,13,300.28,14
2025-03-31,ENT-QC,BD-1156,3,164.64,12
2024-09-30,ENT-QC,BD-1031,2,294.44,14
2025-11-30,ENT-SAG,BD-1181,52,312.40,8
2024-12-31,ENT-QC,BD-1055,20,209.35,16
2025-08-31,ENT-MTL,BD-1057,69,23.20,16
2024-03-31,ENT-QC,BD-1094,18,121.74,12
2024-06-30,ENT-QC,BD-1172,20,216.67,13
2024-07-31,ENT-SAG,BD-1089,9,157.64,5
2024-12-31,ENT-MTL,BD-1092,20,140.04,14
2024-11-30,ENT-QC,BD-1028,18,140.77,14
2024-11-30,ENT-QC,BD-1038,6,313.36,21
2025-01-31,ENT-QC,BD-1151,16,92.25,10
2025-09-30,ENT-SAG,BD-1153,68,116.00,4
2025-10-31,ENT-QC,BD-1026,19,246.82,11
2024-01-31,ENT-QC,BD-1088,8,335.85,9
2024-05-31,ENT-MTL,BD-1040,72,268.77,17
2025-10-31,ENT-MTL,BD-1148,48,302.28,11
2024-04-30,ENT-MTL,BD-1123,51,129.56,13
2024-06-30,ENT-MTL,BD-1124,55,150.61,12
2025-05-31,ENT-QC,BD-1108,80,169.96,14
2025-08-31,ENT-MTL,BD-1176,31,328.78,16
2024-09-30,ENT-QC,BD-1145,90,108.83,16
2024-03-31,ENT-QC,BD-1063,104,242.15,21
2024-05-31,ENT-SAG,BD-1143,23,215.92,5
2025-12-31,ENT-QC,BD-1159,56,169.65,20
2024-01-31,ENT-QC,BD-1085,12,40.90,10
2025-09-30,ENT-QC,BD-1075,57,71.97,13
2025-05-31,ENT-MTL,BD-1047,66,71.53,14
2024-01-31,ENT-MTL,BD-1167,14,205.42,12
2024-06-30,ENT-QC,BD-1025,39,146.28,9
2024-02-29,ENT-MTL,BD-1096,9,170.74,10
2024-10-31,ENT-QC,BD-1046,16,308.91,17
2024-09-30,ENT-SAG,BD-1100,86,306.44,4
2024-09-30,ENT-SAG,BD-1139,86,198.93,7
2025-04-30,ENT-SAG,BD-1177,28,215.66,5
2025-03-31,ENT-QC,BD-1028,11,143.73,14
2025-05-31,ENT-QC,BD-1129,33,46.45,20
2025-12-31,ENT-QC,BD-1056,7,293.14,19
2025-05-31,ENT-QC,BD-1014,77,27.18,15
2024-09-30,ENT-QC,BD-1077,73,167.57,14
2024-09-30,ENT-QC,BD-1068,64,284.28,13
2024-02-29,ENT-QC,BD-1166,31,212.88,13
2024-06-30,ENT-SAG,BD-1112,115,65.64,5
2025-02-28,ENT-SAG,BD-1005,6,208.35,5
2024-06-30,ENT-QC,BD-1123,73,129.56,13
2025-03-31,ENT-QC,BD-1035,115,30.63,19
2025-05-31,ENT-MTL,BD-1069,2,239.15,11
2025-09-30,ENT-MTL,BD-1059,30,391.48,16
2025-05-31,ENT-MTL,BD-1027,62,254.96,14
2024-08-31,ENT-QC,BD-1173,21,207.98,16
2024-11-30,ENT-QC,BD-1157,46,24.69,13
2024-12-31,ENT-QC,BD-1166,32,212.88,13
2025-04-30,ENT-MTL,BD-1040,94,274.41,17
2025-09-30,ENT-QC,BD-1123,4,132.28,13
2025-09-30,ENT-QC,BD-1056,0,293.14,19
2025-10-31,ENT-MTL,BD-1049,22,31.22,17
2024-11-30,ENT-MTL,BD-1060,28,241.90,16
2024-02-29,ENT-MTL,BD-1106,17,333.09,13
2025-08-31,ENT-MTL,BD-1138,6,88.19,13
2024-06-30,ENT-QC,BD-1127,14,170.72,15
2024-04-30,ENT-QC,BD-1103,64,151.66,13
2024-03-31,ENT-QC,BD-1046,89,308.91,17
2024-03-31,ENT-SAG,BD-1054,138,257.53,7
2024-01-31,ENT-QC,BD-1110,14,178.91,12
2024-07-31,ENT-QC,BD-1131,19,36.32,14
2025-08-31,ENT-QC,BD-1102,64,260.69,10
2025-05-31,ENT-MTL,BD-1178,28,119.43,16
2025-09-30,ENT-SAG,BD-1147,73,346.92,4
2024-05-31,ENT-QC,BD-1106,66,333.09,14
2024-03-31,ENT-MTL,BD-1148,11,296.06,11
2025-11-30,ENT-SAG,BD-1126,3,133.03,5
2025-12-31,ENT-QC,BD-1177,21,215.66,12
2025-05-31,ENT-QC,BD-1016,51,224.02,9
2025-07-31,ENT-MTL,BD-1121,10,44.65,9
2024-02-29,ENT-QC,BD-1150,16,339.92,14
2024-12-31,ENT-MTL,BD-1110,0,178.91,12
2025-08-31,ENT-QC,BD-1085,37,49.28,10
2025-01-31,ENT-SAG,BD-1093,4,134.96,4
2025-06-30,ENT-MTL,BD-1121,37,44.65,9
2024-11-30,ENT-QC,BD-1135,74,39.89,15
2025-10-31,ENT-QC,BD-1016,13,224.02,9
2024-05-31,ENT-SAG,BD-1072,10,196.62,5
2024-03-31,ENT-SAG,BD-1038,140,313.36,9
2024-02-29,ENT-MTL,BD-1148,12,296.06,11
2024-07-31,ENT-SAG,BD-1116,18,58.93,7
2024-03-31,ENT-SAG,BD-1118,18,336.11,5
2024-10-31,ENT-SAG,BD-1016,27,219.41,4
2024-03-31,ENT-QC,BD-1182,28,56.87,14
2025-11-30,ENT-MTL,BD-1126,4,133.03,12
2025-03-31,ENT-MTL,BD-1044,58,199.55,16
2024-12-31,ENT-SAG,BD-1047,0,70.06,6
2025-03-31,ENT-MTL,BD-1151,6,92.25,10
2024-03-31,ENT-MTL,BD-1161,25,62.84,13
2025-07-31,ENT-MTL,BD-1134,14,61.77,10
2025-04-30,ENT-MTL,BD-1153,7,116.00,10
2024-12-31,ENT-SAG,BD-1148,83,296.06,5
2024-06-30,ENT-QC,BD-1075,18,59.74,13
2025-08-31,ENT-MTL,BD-1019,1,205.07,11
2024-09-30,ENT-QC,BD-1176,36,322.02,17
2024-04-30,ENT-SAG,BD-1103,81,151.66,5
2025-04-30,ENT-SAG,BD-1176,26,328.78,7
2024-05-31,ENT-QC,BD-1164,25,98.38,11
2025-02-28,ENT-MTL,BD-1171,23,85.46,12
2025-07-31,ENT-MTL,BD-1118,15,343.17,12
2024-12-31,ENT-SAG,BD-1139,104,198.93,7
2025-03-31,ENT-QC,BD-1172,31,221.22,13
2025-07-31,ENT-QC,BD-1088,9,404.63,9
2025-10-31,ENT-MTL,BD-1174,23,169.01,12
2025-06-30,ENT-SAG,BD-1169,55,282.28,6
2024-06-30,ENT-QC,BD-1096,17,170.74,10
2024-10-31,ENT-MTL,BD-1083,59,157.14,10
2024-04-30,ENT-QC,BD-1151,11,90.35,10
2024-05-31,ENT-MTL,BD-1091,18,279.07,11
2024-02-29,ENT-SAG,BD-1163,20,294.58,4
2024-11-30,ENT-QC,BD-1069,60,198.50,12
2025-01-31,ENT-MTL,BD-1059,24,331.76,16
2024-02-29,ENT-SAG,BD-1121,7,43.73,4
2024-08-31,ENT-SAG,BD-1050,135,291.69,8
2024-12-31,ENT-QC,BD-1074,13,108.27,13
2024-02-29,ENT-SAG,BD-1029,12,238.44,4
2025-09-30,ENT-SAG,BD-1057,1,23.20,7
2025-03-31,ENT-QC,BD-1018,5,247.17,6
2025-12-31,ENT-QC,BD-1033,0,113.22,14
2024-08-31,ENT-MTL,BD-1003,9,188.61,10
2025-08-31,ENT-SAG,BD-1072,77,236.88,5
2024-12-31,ENT-QC,BD-1151,59,90.35,10
2024-03-31,ENT-MTL,BD-1092,2,140.04,14
2025-04-30,ENT-QC,BD-1054,80,262.94,17
2024-03-31,ENT-QC,BD-1174,13,165.53,13
2025-08-31,ENT-QC,BD-1166,15,217.35,13
2025-07-31,ENT-MTL,BD-1065,10,155.19,12
2025-05-31,ENT-QC,BD-1130,26,323.89,14
2025-01-31,ENT-QC,BD-1072,7,200.75,13
2024-01-31,ENT-SAG,BD-1169,34,276.47,6
2024-02-29,ENT-MTL,BD-1104,7,75.12,11
2024-12-31,ENT-QC,BD-1075,16,59.74,13
2024-08-31,ENT-SAG,BD-1037,155,16.31,9
2025-11-30,ENT-QC,BD-1048,5,33.51,16
2025-02-28,ENT-QC,BD-1066,15,203.44,10
2025-08-31,ENT-QC,BD-1060,60,291.44,17
2024-01-31,ENT-QC,BD-1171,17,83.70,12
2024-12-31,ENT-SAG,BD-1052,20,179.27,7
2025-09-30,ENT-QC,BD-1136,60,112.45,12
2025-09-30,ENT-MTL,BD-1107,18,150.54,13
2025-06-30,ENT-QC,BD-1123,66,132.28,13
2025-05-31,ENT-SAG,BD-1130,21,323.89,6
2024-05-31,ENT-SAG,BD-1109,76,303.82,4
2024-12-31,ENT-QC,BD-1125,0,285.25,12
2025-12-31,ENT-SAG,BD-1060,6,291.44,7
2024-11-30,ENT-QC,BD-1010,20,87.08,12
2024-04-30,ENT-QC,BD-1099,26,287.66,12
2024-01-31,ENT-MTL,BD-1019,13,170.21,11
2025-12-31,ENT-SAG,BD-1066,11,240.06,4
2025-08-31,ENT-MTL,BD-1036,73,191.63,18
2025-07-31,ENT-MTL,BD-1156,2,164.64,11
2025-10-31,ENT-QC,BD-1087,84,215.66,15
2025-03-31,ENT-SAG,BD-1037,127,16.65,9
2025-03-31,ENT-MTL,BD-1134,16,61.77,10
2025-12-31,ENT-SAG,BD-1127,98,174.31,6
2025-10-31,ENT-MTL,BD-1103,16,154.84,12
2024-01-31,ENT-QC,BD-1055,11,209.35,16
2025-01-31,ENT-MTL,BD-1125,8,291.24,11
2025-01-31,ENT-MTL,BD-1034,4,155.08,12
2025-06-30,ENT-MTL,BD-1117,57,100.34,10
2025-01-31,ENT-QC,BD-1056,15,293.14,19
2024-02-29,ENT-QC,BD-1104,22,75.12,11
2024-05-31,ENT-MTL,BD-1173,30,207.98,15
2025-12-31,ENT-SAG,BD-1181,54,312.40,8
2024-09-30,ENT-MTL,BD-1144,73,96.31,14
2025-06-30,ENT-SAG,BD-1178,39,119.43,7
2025-07-31,ENT-MTL,BD-1169,33,282.28,13
2024-09-30,ENT-SAG,BD-1083,56,157.14,4
2024-02-29,ENT-QC,BD-1083,2,157.14,11
2024-02-29,ENT-MTL,BD-1169,35,276.47,13
2024-04-30,ENT-SAG,BD-1100,2,306.44,4
2024-04-30,ENT-QC,BD-9972,109,313.36,21
2025-02-28,ENT-MTL,BD-1123,1,132.28,13
2025-06-30,ENT-QC,BD-1053,108,180.55,20
2025-11-30,ENT-QC,BD-1135,88,40.73,15
2024-07-31,ENT-MTL,BD-1175,19,94.86,16
2025-06-30,ENT-MTL,BD-1051,69,79.76,17
2024-12-31,ENT-MTL,BD-1178,42,116.97,16
2025-07-31,ENT-SAG,BD-1048,86,33.51,7
2025-11-30,ENT-SAG,BD-1063,26,247.24,9
2024-06-30,ENT-QC,BD-1159,31,166.16,20
2024-05-31,ENT-QC,BD-1079,10,144.83,12
2025-11-30,ENT-SAG,BD-1043,16,300.28,6
2024-03-31,ENT-MTL,BD-1086,7,80.72,11
2025-09-30,ENT-MTL,BD-1049,13,31.22,17
2025-05-31,ENT-MTL,BD-1172,30,221.22,12
2025-11-30,ENT-QC,BD-1063,15,247.24,21
2024-10-31,ENT-MTL,BD-1116,-4,58.93,16
2025-07-31,ENT-SAG,BD-1065,17,155.19,5
2025-01-31,ENT-MTL,BD-1104,8,76.70,11
2024-08-31,ENT-QC,BD-1081,78,302.82,13
2024-06-30,ENT-MTL,BD-1165,19,105.70,12
2024-10-31,ENT-QC,BD-1114,7,149.59,12
2024-08-31,ENT-SAG,BD-1047,93,70.06,6
2024-03-31,ENT-SAG,BD-1043,98,294.10,6
2025-08-31,ENT-MTL,BD-1135,16,40.73,14
2024-11-30,ENT-QC,BD-1008,11,128.94,10
2025-04-30,ENT-MTL,BD-1148,13,302.28,11
2024-12-31,ENT-QC,BD-1098,26,257.11,15
2025-09-30,ENT-MTL,BD-1071,58,363.51,15
2024-10-31,ENT-MTL,BD-1107,6,147.44,13
2025-02-28,ENT-MTL,BD-1020,14,33.12,15
2024-07-31,ENT-SAG,BD-1021,80,201.55,5
2024-07-31,ENT-QC,BD-1074,7,108.27,13
2024-08-31,ENT-SAG,BD-1172,32,216.67,5
2024-11-30,ENT-QC,BD-1129,82,45.49,20
2024-07-31,ENT-MTL,BD-1182,6,56.87,13
2025-12-31,ENT-MTL,BD-1124,2,153.77,12
2024-04-30,ENT-MTL,BD-1127,7,170.72,14
2025-06-30,ENT-MTL,BD-1175,19,96.85,16
2025-05-31,ENT-SAG,BD-1132,14,128.45,6
2024-09-30,ENT-MTL,BD-1003,0,188.61,10
2025-03-31,ENT-QC,BD-1108,23,169.96,14
2025-12-31,ENT-SAG,BD-1111,6,148.90,5
2025-06-30,ENT-QC,BD-1106,76,340.08,14
2025-10-31,ENT-QC,BD-1058,22,149.54,18
2025-08-31,ENT-QC,BD-1125,8,291.24,12
2024-11-30,ENT-MTL,BD-1129,86,45.49,19
2024-09-30,ENT-SAG,BD-1050,6,291.69,8
2025-07-31,ENT-QC,BD-1063,105,247.24,21
2025-04-30,ENT-QC,BD-1157,24,25.21,13
2025-05-31,ENT-SAG,BD-1066,4,240.06,4
2025-07-31,ENT-MTL,BD-1047,64,71.53,14
2024-03-31,ENT-QC,BD-1135,19,39.89,15
2024-09-30,ENT-SAG,BD-1134,68,60.50,4
2025-10-31,ENT-MTL,BD-1161,21,64.16,13
2025-11-30,ENT-SAG,BD-1104,0,76.70,5
2024-10-31,ENT-MTL,BD-1180,21,93.34,14
2025-06-30,ENT-QC,BD-1070,9,48.05,10
2024-07-31,ENT-QC,BD-1010,57,87.08,12
2025-04-30,ENT-SAG,BD-1124,83,153.77,5
2024-03-31,ENT-MTL,BD-1069,13,198.50,11
2025-10-31,ENT-MTL,BD-1002,6,298.72,7
2024-06-30,ENT-MTL,BD-1172,24,216.67,12
2024-02-29,ENT-MTL,BD-1095,9,53.64,7
2025-08-31,ENT-QC,BD-1137,17,25.59,13
2025-08-31,ENT-SAG,BD-1098,108,309.76,6
2024-02-29,ENT-SAG,BD-1132,30,125.81,6
2025-04-30,ENT-QC,BD-1147,0,346.92,10
2025-01-31,ENT-MTL,BD-1062,4,114.90,16
2025-12-31,ENT-SAG,BD-1122,0,212.67,4
2025-11-30,ENT-QC,BD-1130,77,323.89,14
2024-08-31,ENT-QC,BD-1093,61,132.18,10
2024-08-31,ENT-SAG,BD-1150,23,339.92,6
2024-04-30,ENT-SAG,BD-1057,109,19.26,7
2024-01-31,ENT-QC,BD-1078,0,197.64,9
2024-03-31,ENT-QC,BD-1156,10,161.25,12
2024-01-31,ENT-SAG,BD-1092,0,140.04,6
2024-10-31,ENT-MTL,BD-1129,98,45.49,19
2024-02-29,ENT-QC,BD-1128,8,77.25,10
2025-11-30,ENT-MTL,BD-1096,44,205.70,10
2025-02-28,ENT-MTL,BD-1178,35,119.43,16
2025-04-30,ENT-SAG,BD-1047,68,71.53,6
2024-01-31,ENT-MTL,BD-1010,16,87.08,11
2025-04-30,ENT-QC,BD-1037,114,16.65,22
2025-11-30,ENT-MTL,BD-1095,34,64.62,7
2024-07-31,ENT-QC,BD-1147,11,339.78,10
2025-04-30,ENT-QC,BD-1162,31,68.38,14
2024-08-31,ENT-SAG,BD-1137,9,25.06,5
2024-11-30,ENT-MTL,BD-1097,49,210.05,11
2025-01-31,ENT-SAG,BD-1029,10,243.45,4
2025-10-31,ENT-SAG,BD-1156,77,164.64,5
2024-09-30,ENT-MTL,BD-1025,5,146.28,9
2024-01-31,ENT-SAG,BD-1083,13,157.14,4
2024-12-31,ENT-QC,BD-1096,12,170.74,10
2025-07-31,ENT-QC,BD-1129,0,46.45,20
2024-01-31,ENT-MTL,BD-1113,6,276.01,9
2024-02-29,ENT-QC,BD-1006,9,178.72,11
2025-05-31,ENT-QC,BD-1165,30,107.92,12
2024-05-31,ENT-MTL,BD-1106,79,333.09,13
2025-03-31,ENT-SAG,BD-1141,0,314.24,4
2025-03-31,ENT-QC,BD-1032,15,347.11,13
2025-10-31,ENT-QC,BD-1167,29,209.73,13
2024-12-31,ENT-QC,BD-1056,25,287.11,19
2024-03-31,ENT-MTL,BD-1107,11,147.44,13
2024-02-29,ENT-SAG,BD-1068,14,284.28,5
2025-01-31,ENT-MTL,BD-1084,0,318.55,12
2025-10-31,ENT-SAG,BD-1061,24,76.81,7
2025-12-31,ENT-MTL,BD-1062,15,135.59,16
2025-10-31,ENT-QC,BD-1172,23,221.22,13
2024-05-31,ENT-QC,BD-1039,97,119.66,19
2025-11-30,ENT-QC,BD-1100,61,369.19,11
2024-01-31,ENT-QC,BD-1135,7,39.89,15
2024-10-31,ENT-QC,BD-1089,62,157.64,12
2024-04-30,ENT-MTL,BD-1044,60,195.45,16
2025-05-31,ENT-QC,BD-1039,90,122.17,19
2025-10-31,ENT-SAG,BD-1092,99,168.72,6
2025-07-31,ENT-SAG,BD-1168,35,229.43,5
2024-12-31,ENT-SAG,BD-1177,26,211.22,5
2025-12-31,ENT-MTL,BD-1160,26,41.56,14
2025-11-30,ENT-SAG,BD-1154,75,329.92,5
2024-03-31,ENT-MTL,BD-1124,16,150.61,12
2024-09-30,ENT-QC,BD-1010,12,87.08,12
2024-11-30,ENT-QC,BD-1039,12,119.66,19
2024-07-31,ENT-MTL,BD-1134,2,60.50,10
2025-12-31,ENT-SAG,BD-1118,11,343.17,5
2024-07-31,ENT-SAG,BD-1008,62,128.94,4
2025-01-31,ENT-SAG,BD-1166,29,217.35,5
2024-12-31,ENT-QC,BD-1122,18,208.30,11
2025-08-31,ENT-QC,BD-1172,25,221.22,13
2025-04-30,ENT-SAG,BD-1162,22,68.38,6
2025-11-30,ENT-QC,BD-1090,62,69.37,12
2025-01-31,ENT-QC,BD-1060,30,246.98,17
2024-05-31,ENT-QC,BD-1041,84,159.88,16
2025-12-31,ENT-QC,BD-1166,34,217.35,13
2025-06-30,ENT-QC,BD-1077,14,171.09,14
2024-02-29,ENT-QC,BD-1013,13,308.85,12
2024-11-30,ENT-MTL,BD-1054,15,257.53,16
2024-10-31,ENT-SAG,BD-1132,64,125.81,6
2025-04-30,ENT-QC,BD-1007,52,57.14,10
2024-02-29,ENT-MTL,BD-1056,22,287.11,18
2024-12-31,ENT-SAG,BD-1094,23,121.74,5
2024-04-30,ENT-MTL,BD-1162,20,66.97,14
2025-02-28,ENT-QC,BD-1043,16,300.28,15
2024-11-30,ENT-QC,BD-1130,74,317.23,14
2024-09-30,ENT-QC,BD-1107,5,147.44,14
2024-10-31,ENT-QC,BD-1079,84,144.83,12
2024-03-31,ENT-MTL,BD-1074,5,108.27,12
2025-09-30,ENT-QC,BD-1129,113,46.45,20
2025-06-30,ENT-SAG,BD-1027,107,254.96,6
2025-02-28,ENT-QC,BD-1152,11,271.40,10
2025-03-31,ENT-QC,BD-1132,7,128.45,14
2024-09-30,ENT-QC,BD-1094,56,121.74,12
2025-03-31,ENT-SAG,BD-1178,51,119.43,7
2024-09-30,ENT-SAG,BD-1150,86,339.92,6
2025-02-28,ENT-QC,BD-1148,4,302.28,12
2025-12-31,ENT-SAG,BD-1178,61,119.43,7
2025-05-31,ENT-MTL,BD-1079,12,147.87,12
2025-04-30,ENT-QC,BD-1177,27,215.66,12
2025-09-30,ENT-QC,BD-1166,26,217.35,13
2025-07-31,ENT-MTL,BD-1162,41,68.38,14
2024-02-29,ENT-SAG,BD-1009,5,66.28,3
2024-11-30,ENT-QC,BD-1150,71,339.92,14
2024-09-30,ENT-QC,BD-1157,34,24.69,13
2025-08-31,ENT-SAG,BD-1130,19,323.89,6
2024-05-31,ENT-SAG,BD-1041,118,159.88,7
2024-05-31,ENT-SAG,BD-1147,11,339.78,4
2024-11-30,ENT-QC,BD-1053,4,176.84,20
2025-04-30,ENT-QC,BD-1131,24,37.08,14
2025-10-31,ENT-MTL,BD-1156,43,164.64,11
2024-03-31,ENT-MTL,BD-1091,7,279.07,11
2025-11-30,ENT-SAG,BD-1005,20,208.35,5
2025-09-30,ENT-QC,BD-1133,85,62.95,16
2024-10-31,ENT-MTL,BD-1128,48,77.25,10
2024-04-30,ENT-QC,BD-1072,19,196.62,13
2025-05-31,ENT-QC,BD-1015,82,325.38,14
2025-06-30,ENT-MTL,BD-1049,74,31.22,17
2024-07-31,ENT-QC,BD-1174,28,165.53,13
2024-10-31,ENT-SAG,BD-1118,28,336.11,5
2025-12-31,ENT-QC,BD-1181,38,312.40,18
2025-04-30,ENT-MTL,BD-1131,13,37.08,13
2025-08-31,ENT-QC,BD-1098,75,309.76,15
2025-08-31,ENT-QC,BD-1127,11,174.31,15
2024-05-31,ENT-QC,BD-1128,17,77.25,10
2024-10-31,ENT-MTL,BD-1168,26,224.71,12
2025-01-31,ENT-SAG,BD-1072,15,200.75,5
2025-02-28,ENT-MTL,BD-1101,5,64.26,12
2025-07-31,ENT-QC,BD-1073,18,307.22,14
2024-04-30,ENT-QC,BD-1137,6,25.06,13
2024-03-31,ENT-MTL,BD-1079,1,144.83,12
2024-07-31,ENT-QC,BD-1053,124,176.84,20
2025-05-31,ENT-QC,BD-1010,69,88.91,12
2025-12-31,ENT-QC,BD-1164,31,100.45,11
2025-07-31,ENT-MTL,BD-1127,19,174.31,14
2025-03-31,ENT-SAG,BD-1102,10,260.69,4
2024-12-31,ENT-MTL,BD-1089,3,157.64,11
2025-12-31,ENT-MTL,BD-1068,7,342.49,12
2025-10-31,ENT-QC,BD-1099,56,346.57,12
2024-02-29,ENT-QC,BD-1052,6,179.27,17
2025-08-31,ENT-QC,BD-1164,29,100.45,11
2025-10-31,ENT-QC,BD-1179,32,231.35,12
2025-06-30,ENT-SAG,BD-1124,56,153.77,5
2024-01-31,ENT-MTL,BD-1144,7,96.31,14
2024-06-30,ENT-MTL,BD-1106,68,333.09,13
2024-01-31,ENT-QC,BD-1092,23,140.04,15
2024-04-30,ENT-MTL,BD-1109,48,303.82,10
2024-05-31,ENT-MTL,BD-1102,0,255.33,10
2024-07-31,ENT-QC,BD-1166,28,212.88,13
2024-11-30,ENT-MTL,BD-1028,6,140.77,13
2024-07-31,ENT-SAG,BD-1088,8,335.85,4
2025-12-31,ENT-MTL,BD-1086,3,97.25,11
2025-07-31,ENT-MTL,BD-1070,7,48.05,10
2024-02-29,ENT-MTL,BD-1091,21,279.07,11
2024-04-30,ENT-MTL,BD-1181,19,305.97,17
2025-03-31,ENT-MTL,BD-1062,65,114.90,16
2024-12-31,ENT-SAG,BD-1019,0,170.21,5
2025-12-31,ENT-QC,BD-1062,11,135.59,17
2024-08-31,ENT-QC,BD-1075,63,59.74,13
2025-05-31,ENT-SAG,BD-1111,68,148.90,5
2024-04-30,ENT-QC,BD-1133,11,61.66,16
2024-04-30,ENT-SAG,BD-1046,114,308.91,7
2025-03-31,ENT-MTL,BD-1008,9,131.65,9
2025-07-31,ENT-QC,BD-1046,111,372.17,17
2024-09-30,ENT-SAG,BD-1074,99,108.27,5
2024-05-31,ENT-MTL,BD-1023,72,239.29,13
2025-02-28,ENT-QC,BD-1147,1,346.92,10
2025-07-31,ENT-SAG,BD-1124,3,153.77,5
2024-10-31,ENT-MTL,BD-1153,54,113.61,10
2024-04-30,ENT-SAG,BD-1063,126,242.15,9
2024-10-31,ENT-MTL,BD-1033,0,110.89,13
2025-09-30,ENT-QC,BD-1119,0,59.67,11
2024-06-30,ENT-QC,BD-1017,89,307.26,14
2024-02-29,ENT-MTL,BD-1008,0,128.94,9
2025-01-31,ENT-SAG,BD-1177,43,215.66,5
2025-03-31,ENT-MTL,BD-1047,84,71.53,14
2024-03-31,ENT-QC,BD-1096,15,170.74,10
2024-12-31,ENT-MTL,BD-1054,12,257.53,16
2024-04-30,ENT-SAG,BD-1078,6,197.64,4
2024-04-30,ENT-SAG,BD-1071,18,301.72,7
2024-03-31,ENT-MTL,BD-1179,7,226.59,12
2024-03-31,ENT-MTL,BD-1167,26,205.42,12
2025-08-31,ENT-SAG,BD-1037,140,16.65,9
2025-10-31,ENT-SAG,BD-1019,8,205.07,5
2025-01-31,ENT-QC,BD-1052,25,183.03,17
2025-03-31,ENT-SAG,BD-1065,14,131.52,5
2025-05-31,ENT-MTL,BD-1034,47,182.99,12
2025-10-31,ENT-QC,BD-1054,22,262.94,17
2024-09-30,ENT-QC,BD-1146,75,220.88,14
2024-05-31,ENT-QC,BD-1006,50,178.72,11
2025-09-30,ENT-SAG,BD-1122,10,212.67,4
2025-04-30,ENT-QC,BD-1126,67,133.03,12
2024-10-31,ENT-SAG,BD-1060,35,241.90,7
2025-04-30,ENT-SAG,BD-1055,-8,213.75,7
2025-04-30,ENT-MTL,BD-1038,91,319.94,20
2024-09-30,ENT-QC,BD-1133,92,61.66,16
2024-11-30,ENT-QC,BD-1033,15,110.89,14
2025-07-31,ENT-QC,BD-1130,1,323.89,14
2024-09-30,ENT-MTL,BD-1156,44,161.25,11
2025-04-30,ENT-QC,BD-1153,0,116.00,11
2024-02-29,ENT-MTL,BD-1073,9,255.00,13
2024-02-29,ENT-SAG,BD-1126,13,130.29,5
2024-11-30,ENT-QC,BD-1090,65,57.58,12
2024-03-31,ENT-MTL,BD-1006,20,178.72,10
2025-04-30,ENT-MTL,BD-1179,18,231.35,12
2024-02-29,ENT-QC,BD-1066,9,199.26,10
2025-10-31,ENT-QC,BD-1103,16,154.84,13
2025-02-28,ENT-QC,BD-1176,45,328.78,17
2024-08-31,ENT-QC,BD-1028,27,140.77,14
2025-07-31,ENT-SAG,BD-1041,103,163.24,7
2024-04-30,ENT-MTL,BD-1117,46,98.28,10
2025-12-31,ENT-SAG,BD-1076,3,338.68,5
2025-03-31,ENT-MTL,BD-1180,37,95.30,14
2024-03-31,ENT-MTL,BD-1121,3,43.73,9
2025-10-31,ENT-QC,BD-1051,17,79.76,18
2025-10-31,ENT-MTL,BD-1104,12,76.70,11
2024-01-31,ENT-SAG,BD-1166,16,212.88,5
2025-05-31,ENT-SAG,BD-1137,29,25.59,5
2025-04-30,ENT-SAG,BD-1140,7,41.26,5
2025-04-30,ENT-MTL,BD-1137,24,25.59,13
2025-02-28,ENT-QC,BD-1049,27,31.22,18
2024-04-30,ENT-QC,BD-1134,0,60.50,10
2024-03-31,ENT-SAG,BD-1080,3,173.12,5
2024-04-30,ENT-QC,BD-1089,7,157.64,12
2024-05-31,ENT-QC,BD-1057,104,19.26,17
2025-05-31,ENT-QC,BD-1024,67,189.35,12
2025-08-31,ENT-SAG,BD-1065,88,155.19,5
2025-03-31,ENT-MTL,BD-1024,12,189.35,12
2025-07-31,ENT-MTL,BD-1111,13,148.90,11
2025-10-31,ENT-MTL,BD-1116,8,60.17,16
2025-11-30,ENT-MTL,BD-1131,53,37.08,13
2025-12-31,ENT-SAG,BD-1055,22,213.75,7
2024-07-31,ENT-MTL,BD-1083,5,157.14,10
2024-06-30,ENT-MTL,BD-1007,44,55.96,9
2024-12-31,ENT-QC,BD-1146,71,220.88,14
2024-01-31,ENT-SAG,BD-1029,20,238.44,4
2025-12-31,ENT-QC,BD-1044,3,199.55,17
2024-01-31,ENT-MTL,BD-1048,25,32.82,15
2024-06-30,ENT-SAG,BD-1060,112,241.90,7
2024-07-31,ENT-MTL,BD-1117,18,98.28,10
2025-11-30,ENT-QC,BD-1046,34,372.17,17
2024-05-31,ENT-QC,BD-1142,10,98.85,11
2024-03-31,ENT-QC,BD-1005,17,204.06,13
2024-06-30,ENT-MTL,BD-1036,87,159.06,18
2025-09-30,ENT-MTL,BD-1031,14,300.62,13
2024-07-31,ENT-QC,BD-1116,0,58.93,16
2025-10-31,ENT-MTL,BD-1138,69,88.19,13
2024-02-29,ENT-QC,BD-1027,19,249.72,14
2025-04-30,ENT-SAG,BD-1098,0,262.51,6
2025-04-30,ENT-QC,BD-1015,86,325.38,14
2025-12-31,ENT-QC,BD-1180,38,95.30,15
2025-10-31,ENT-MTL,BD-1037,9,16.65,21
2024-06-30,ENT-MTL,BD-1167,29,205.42,12
2024-07-31,ENT-QC,BD-1042,-4,261.53,23
2024-10-31,ENT-MTL,BD-1034,6,151.89,12
2024-01-31,ENT-SAG,BD-1168,18,224.71,5
2024-12-31,ENT-SAG,BD-1131,93,36.32,6
2025-11-30,ENT-MTL,BD-1174,12,169.01,12
2024-03-31,ENT-QC,BD-1150,21,339.92,14
2024-10-31,ENT-QC,BD-1103,0,151.66,13
2024-07-31,ENT-SAG,BD-1120,6,182.88,5
2025-11-30,ENT-QC,BD-1099,73,346.57,12
2024-01-31,ENT-QC,BD-1149,18,108.85,18
2024-10-31,ENT-SAG,BD-1038,13,313.36,9
2024-02-29,ENT-QC,BD-1084,5,312.00,12
2024-09-30,ENT-SAG,BD-1112,23,65.64,5
2024-01-31,ENT-SAG,BD-1017,16,307.26,6
2024-03-31,ENT-QC,BD-1122,7,208.30,11
2025-05-31,ENT-QC,BD-1162,25,68.38,14
2025-02-28,ENT-QC,BD-1027,5,254.96,14
2024-08-31,ENT-QC,BD-1180,43,93.34,15
2024-04-30,ENT-QC,BD-1166,19,212.88,13
2024-05-31,ENT-SAG,BD-1139,16,198.93,7
2024-08-31,ENT-MTL,BD-1092,64,140.04,14
2025-07-31,ENT-QC,BD-1005,80,208.35,13
2024-05-31,ENT-QC,BD-1048,83,32.82,16
2025-05-31,ENT-QC,BD-1069,13,239.15,12
2024-12-31,ENT-QC,BD-1148,64,296.06,12
2024-09-30,ENT-QC,BD-1135,71,39.89,15
2024-03-31,ENT-SAG,BD-1156,10,161.25,5
2025-04-30,ENT-QC,BD-1080,0,176.76,12
2024-03-31,ENT-MTL,BD-1108,11,166.46,13
2024-11-30,ENT-MTL,BD-1117,7,98.28,10
2025-09-30,ENT-SAG,BD-1043,22,300.28,6
2024-08-31,ENT-QC,BD-1023,13,239.29,14
2024-11-30,ENT-MTL,BD-1089,44,157.64,11
2025-08-31,ENT-SAG,BD-1111,13,148.90,5
2024-06-30,ENT-QC,BD-1029,62,238.44,10
2025-03-31,ENT-QC,BD-1107,10,150.54,14
2024-09-30,ENT-SAG,BD-1067,71,23.77,6
2024-01-31,ENT-QC,BD-1080,17,173.12,12
2024-12-31,ENT-QC,BD-1061,2,75.23,18
2025-03-31,ENT-MTL,BD-1029,6,243.45,10
2025-06-30,ENT-SAG,BD-1139,7,203.11,7
2025-10-31,ENT-MTL,BD-1172,18,221.22,12
2025-10-31,ENT-MTL,BD-1179,26,231.35,12
2025-07-31,ENT-QC,BD-1064,87,70.89,15
2024-08-31,ENT-MTL,BD-1153,4,113.61,10
2025-05-31,ENT-SAG,BD-1019,66,205.07,5
2024-05-31,ENT-MTL,BD-1139,12,198.93,16
2024-10-31,ENT-MTL,BD-1020,26,32.44,15
2024-10-31,ENT-QC,BD-1108,0,166.46,14
2025-03-31,ENT-MTL,BD-1020,0,33.12,15
2025-03-31,ENT-SAG,BD-1098,14,262.51,6
2025-06-30,ENT-SAG,BD-1060,95,291.44,7
2024-04-30,ENT-SAG,BD-1178,35,116.97,7
2024-06-30,ENT-MTL,BD-1182,33,56.87,13
2025-04-30,ENT-QC,BD-1031,65,300.62,14
2025-05-31,ENT-MTL,BD-1163,17,300.77,10
2025-04-30,ENT-SAG,BD-1149,12,111.14,7
2025-01-31,ENT-QC,BD-1086,19,82.42,12
2025-01-31,ENT-SAG,BD-1040,36,274.41,7
2024-04-30,ENT-QC,BD-1036,105,159.06,19
2024-10-31,ENT-QC,BD-1071,97,301.72,16
2024-11-30,ENT-SAG,BD-1002,9,292.58,3
2025-05-31,ENT-SAG,BD-1016,63,224.02,4
2025-09-30,ENT-SAG,BD-1172,31,221.22,5
2025-05-31,ENT-QC,BD-1076,14,338.68,12
2025-06-30,ENT-MTL,BD-1167,18,209.73,12
2025-01-31,ENT-SAG,BD-1127,3,174.31,6
2024-02-29,ENT-SAG,BD-1097,0,210.05,5
2025-12-31,ENT-QC,BD-1141,46,314.24,10
2024-06-30,ENT-QC,BD-1061,94,75.23,18
2025-05-31,ENT-MTL,BD-1046,85,372.17,17
2025-11-30,ENT-SAG,BD-1107,35,150.54,6
2024-05-31,ENT-SAG,BD-1017,81,307.26,6
2025-11-30,ENT-QC,BD-1007,14,57.14,10
2025-11-30,ENT-MTL,BD-1092,59,168.72,14
2025-06-30,ENT-QC,BD-1022,44,298.47,8
2025-06-30,ENT-QC,BD-1048,79,33.51,16
2024-02-29,ENT-SAG,BD-1160,48,40.71,6
2024-11-30,ENT-SAG,BD-1126,15,130.29,5
2025-11-30,ENT-MTL,BD-1069,53,239.15,11
2025-12-31,ENT-QC,BD-1003,4,227.23,11
2025-05-31,ENT-QC,BD-1094,5,124.30,12
2024-06-30,ENT-SAG,BD-1147,5,339.78,4
2025-09-30,ENT-SAG,BD-1102,57,260.69,4
2025-10-31,ENT-SAG,BD-1016,0,224.02,4
2024-02-29,ENT-MTL,BD-1074,24,108.27,12
2024-04-30,ENT-MTL,BD-1102,10,255.33,10
2025-03-31,ENT-QC,BD-1160,27,41.56,15
2025-06-30,ENT-QC,BD-1039,109,122.17,19
2025-09-30,ENT-MTL,BD-1134,49,61.77,10
2024-05-31,ENT-SAG,BD-1093,0,132.18,4
2025-08-31,ENT-QC,BD-1063,129,247.24,21
2024-04-30,ENT-MTL,BD-1020,74,32.44,15
2025-06-30,ENT-MTL,BD-1106,60,340.08,13
2024-06-30,ENT-QC,BD-1128,10,77.25,10
2025-02-28,ENT-QC,BD-1114,6,152.73,12
2024-07-31,ENT-SAG,BD-1029,74,238.44,4
2025-02-28,ENT-MTL,BD-1148,9,302.28,11
2025-11-30,ENT-MTL,BD-1133,72,62.95,15
2025-02-28,ENT-SAG,BD-1134,21,61.77,4
2024-05-31,ENT-QC,BD-1105,70,166.12,12
2024-03-31,ENT-SAG,BD-1178,44,116.97,7
2024-05-31,ENT-QC,BD-1009,54,66.28,9
2024-08-31,ENT-MTL,BD-1071,65,301.72,15
2024-07-31,ENT-MTL,BD-1128,9,77.25,10
2025-01-31,ENT-MTL,BD-1076,15,287.01,11
2024-04-30,ENT-SAG,BD-1117,61,98.28,4
2025-08-31,ENT-SAG,BD-1147,6,346.92,4
2024-01-31,ENT-QC,BD-1167,17,205.42,13
2025-10-31,ENT-MTL,BD-1021,14,242.82,11
2024-07-31,ENT-SAG,BD-1179,29,226.59,5
2025-06-30,ENT-SAG,BD-1136,23,112.45,5
2024-02-29,ENT-SAG,BD-1127,16,170.72,6
2024-12-31,ENT-QC,BD-1006,16,178.72,11
2025-06-30,ENT-QC,BD-1063,102,247.24,21
2025-04-30,ENT-QC,BD-1083,8,160.44,11
2025-08-31,ENT-MTL,BD-1129,24,46.45,19
2024-10-31,ENT-MTL,BD-1006,5,178.72,10
2025-07-31,ENT-MTL,BD-1172,13,221.22,12
2025-06-30,ENT-QC,BD-1051,101,79.76,18
2024-04-30,ENT-MTL,BD-1092,12,140.04,14
2025-09-30,ENT-QC,BD-1091,56,336.22,11
2025-04-30,ENT-MTL,BD-1025,41,149.35,9
2024-02-29,ENT-SAG,BD-1066,12,199.26,4
2024-09-30,ENT-SAG,BD-1075,90,59.74,5
2025-10-31,ENT-QC,BD-1106,10,340.08,14
2024-01-31,ENT-SAG,BD-1065,9,128.81,5
2024-05-31,ENT-SAG,BD-1038,133,313.36,9
2024-12-31,ENT-SAG,BD-1009,4,66.28,3
2024-06-30,ENT-QC,BD-1113,61,276.01,10
2024-03-31,ENT-MTL,BD-1109,14,303.82,10
2024-06-30,ENT-MTL,BD-1148,8,296.06,11
2025-12-31,ENT-QC,BD-1014,0,27.18,15
2024-07-31,ENT-QC,BD-1022,40,247.74,8
2025-04-30,ENT-QC,BD-1119,54,59.67,11
2024-03-31,ENT-QC,BD-1013,23,308.85,12
2025-11-30,ENT-QC,BD-9630,101,111.14,18
2024-09-30,ENT-SAG,BD-1161,41,62.84,6
2025-08-31,ENT-MTL,BD-1109,1,310.20,10
2024-02-29,ENT-MTL,BD-1066,3,199.26,9
2025-08-31,ENT-MTL,BD-1091,41,336.22,11
2024-12-31,ENT-QC,BD-1093,10,132.18,10
2024-10-31,ENT-SAG,BD-1061,13,75.23,7
2024-01-31,ENT-QC,BD-1083,15,157.14,11
2024-08-31,ENT-SAG,BD-1048,81,32.82,7
2025-06-30,ENT-MTL,BD-1095,9,64.62,7
2025-01-31,ENT-QC,BD-1171,12,85.46,12
2024-11-30,ENT-SAG,BD-1103,10,151.66,5
2024-10-31,ENT-MTL,BD-1001,4,182.30,8
2025-11-30,ENT-SAG,BD-1061,18,76.81,7
2025-11-30,ENT-MTL,BD-1010,15,88.91,11
2024-04-30,ENT-QC,BD-1182,26,56.87,14
2025-08-31,ENT-QC,BD-1100,57,369.19,11
2025-01-31,ENT-SAG,BD-1118,18,343.17,5
2025-05-31,ENT-MTL,BD-1113,34,281.81,9
2025-11-30,ENT-MTL,BD-1118,0,343.17,12
2024-05-31,ENT-MTL,BD-1109,50,303.82,10
2024-12-31,ENT-QC,BD-1179,27,226.59,12
2024-03-31,ENT-QC,BD-1039,94,119.66,19
2025-07-31,ENT-SAG,BD-1086,9,97.25,5
2024-02-29,ENT-MTL,BD-1116,27,58.93,16
2025-03-31,ENT-QC,BD-1104,9,76.70,11
2025-09-30,ENT-MTL,BD-1060,22,291.44,16
2024-09-30,ENT-MTL,BD-1134,52,60.50,10
2025-10-31,ENT-MTL,BD-1095,35,64.62,7
2025-12-31,ENT-MTL,BD-1165,30,107.92,12
2025-06-30,ENT-MTL,BD-1059,72,391.48,16
2024-04-30,ENT-QC,BD-1030,52,98.88,11
2025-09-30,ENT-MTL,BD-1044,8,199.55,16
2024-11-30,ENT-MTL,BD-1084,53,312.00,12
2024-10-31,ENT-MTL,BD-1138,62,86.38,13
2025-11-30,ENT-MTL,BD-1137,61,25.59,13
2024-05-31,ENT-MTL,BD-1067,8,23.77,13
2024-07-31,ENT-QC,BD-1148,13,296.06,12
2024-10-31,ENT-MTL,BD-1068,-3,284.28,12
2025-02-28,ENT-SAG,BD-1160,34,41.56,6
2025-12-31,ENT-MTL,BD-1058,12,149.54,17
2025-05-31,ENT-SAG,BD-1127,8,174.31,6
2025-12-31,ENT-QC,BD-1048,16,33.51,16
2025-03-31,ENT-QC,BD-1118,20,343.17,13
2025-07-31,ENT-SAG,BD-1120,0,186.72,5
2024-07-31,ENT-SAG,BD-1140,18,40.41,5
2024-12-31,ENT-MTL,BD-1042,31,261.53,22
2024-08-31,ENT-QC,BD-1021,10,201.55,12
2025-11-30,ENT-SAG,BD-1150,71,347.06,6
2025-09-30,ENT-SAG,BD-1097,93,253.06,5
2024-01-31,ENT-SAG,BD-1098,21,257.11,6
2025-03-31,ENT-MTL,BD-1115,7,47.23,11
2025-05-31,ENT-QC,BD-1141,15,314.24,10
2025-02-28,ENT-QC,BD-1073,12,260.35,14
2024-02-29,ENT-SAG,BD-1038,0,313.36,9
2025-02-28,ENT-MTL,BD-1132,0,128.45,13
2024-10-31,ENT-QC,BD-1105,1,166.12,12
2024-06-30,ENT-SAG,BD-1169,22,276.47,6
2025-03-31,ENT-SAG,BD-1133,2,62.95,7
2024-05-31,ENT-QC,BD-1100,6,306.44,11
2024-07-31,ENT-QC,BD-1002,44,292.58,7
2025-02-28,ENT-SAG,BD-1152,1,271.40,4
2025-05-31,ENT-MTL,BD-1042,109,267.02,22
2024-12-31,ENT-QC,BD-1124,9,150.61,12
2024-08-31,ENT-MTL,BD-1172,33,216.67,12
2025-11-30,ENT-MTL,BD-1023,9,244.32,13
2025-05-31,ENT-QC,BD-1030,65,119.13,11
2025-05-31,ENT-SAG,BD-1177,34,215.66,5
2024-10-31,ENT-SAG,BD-1037,16,16.31,9
2024-02-29,ENT-QC,BD-1145,23,108.83,16
2024-12-31,ENT-MTL,BD-1131,67,36.32,13
2024-07-31,ENT-SAG,BD-1090,16,57.58,5
2025-06-30,ENT-QC,BD-1149,10,111.14,18
2024-01-31,ENT-MTL,BD-1053,0,176.84,19
2024-08-31,ENT-QC,BD-1053,84,176.84,20
2024-09-30,ENT-QC,BD-1106,14,333.09,14
2025-02-28,ENT-MTL,BD-1072,9,200.75,12
2024-11-30,ENT-QC,BD-1114,20,149.59,12
2025-10-31,ENT-QC,BD-1114,4,152.73,12
2025-04-30,ENT-QC,BD-1006,51,182.47,11
2024-03-31,ENT-SAG,BD-1027,4,249.72,6
2024-09-30,ENT-MTL,BD-1139,-3,198.93,16
2025-02-28,ENT-QC,BD-1015,4,325.38,14
2024-04-30,ENT-QC,BD-1025,50,146.28,9
2025-11-30,ENT-MTL,BD-1158,16,184.61,15
2024-09-30,ENT-MTL,BD-1072,52,196.62,12
2024-06-30,ENT-SAG,BD-1037,179,16.31,9
2025-10-31,ENT-QC,BD-1064,21,70.89,15
2024-08-31,ENT-MTL,BD-1117,12,98.28,10
2025-10-31,ENT-SAG,BD-1102,58,260.69,4
2025-09-30,ENT-SAG,BD-1180,31,95.30,6
2025-09-30,ENT-QC,BD-1016,4,224.02,9
2025-12-31,ENT-QC,BD-1142,55,100.93,11
2024-03-31,ENT-MTL,BD-1029,5,238.44,10
2025-01-31,ENT-MTL,BD-1148,21,302.28,11
2024-10-31,ENT-MTL,BD-1157,33,24.69,12
2025-04-30,ENT-MTL,BD-1023,61,244.32,13
2025-06-30,ENT-QC,BD-1097,16,253.06,12
2024-11-30,ENT-QC,BD-1047,35,70.06,15
2025-05-31,ENT-QC,BD-1062,97,135.59,17
2025-06-30,ENT-QC,BD-1043,78,300.28,15
2024-08-31,ENT-MTL,BD-1034,16,151.89,12
2024-07-31,ENT-MTL,BD-1180,22,93.34,14
2024-04-30,ENT-QC,BD-1108,80,166.46,14
2024-10-31,ENT-QC,BD-1176,39,322.02,17
2025-02-28,ENT-SAG,BD-1045,8,78.37,6
2025-12-31,ENT-QC,BD-1128,51,78.87,10
2024-02-29,ENT-SAG,BD-1090,10,57.58,5
2025-07-31,ENT-SAG,BD-1103,21,154.84,5
2025-07-31,ENT-QC,BD-1084,17,375.89,12
2024-02-29,ENT-QC,BD-1041,23,159.88,16
2025-10-31,ENT-QC,BD-1042,13,267.02,23
2024-08-31,ENT-QC,BD-1001,4,182.30,9
2024-08-31,ENT-QC,BD-1044,80,195.45,17
2025-02-28,ENT-QC,BD-1080,0,176.76,12
2025-06-30,ENT-QC,BD-1034,73,182.99,13
2025-11-30,ENT-SAG,BD-1169,49,282.28,6
2024-06-30,ENT-QC,BD-1122,63,208.30,11
2025-04-30,ENT-SAG,BD-1009,50,67.67,3
2024-07-31,ENT-SAG,BD-1083,0,157.14,4
2024-07-31,ENT-QC,BD-1134,2,60.50,10
2024-01-31,ENT-QC,BD-1013,1,308.85,12
2025-09-30,ENT-QC,BD-1162,33,68.38,14
2024-10-31,ENT-QC,BD-1139,81,198.93,17
2024-01-31,ENT-QC,BD-1105,11,166.12,12
2024-02-29,ENT-QC,BD-1129,27,45.49,20
2025-12-31,ENT-SAG,BD-1048,11,33.51,7
2025-09-30,ENT-MTL,BD-1144,58,98.33,14
2024-11-30,ENT-MTL,BD-1086,47,80.72,11
2024-09-30,ENT-QC,BD-1119,4,58.44,11
2024-03-31,ENT-QC,BD-1080,19,173.12,12
2025-12-31,ENT-SAG,BD-1172,29,221.22,5
2025-05-31,ENT-SAG,BD-1055,103,213.75,7
2024-08-31,ENT-QC,BD-1089,60,157.64,12
2025-03-31,ENT-QC,BD-1147,18,346.92,10
2024-12-31,ENT-QC,BD-1117,11,98.28,10
2025-01-31,ENT-MTL,BD-1146,14,225.52,14
2024-05-31,ENT-QC,BD-1068,12,284.28,13
2025-01-31,ENT-SAG,BD-1089,4,160.95,5
2025-12-31,ENT-MTL,BD-1182,30,58.06,13
2025-10-31,ENT-MTL,BD-1034,0,182.99,12
2025-04-30,ENT-SAG,BD-1127,10,174.31,6
2024-01-31,ENT-MTL,BD-1089,6,157.64,11
2024-09-30,ENT-QC,BD-1004,14,155.56,11
2024-05-31,ENT-QC,BD-1083,8,157.14,11
2025-08-31,ENT-QC,BD-1104,21,76.70,11
2024-01-31,ENT-SAG,BD-1111,14,145.84,5
2024-03-31,ENT-SAG,BD-1102,18,255.33,4
2025-08-31,ENT-QC,BD-1112,15,67.02,13
2024-09-30,ENT-QC,BD-1060,17,241.90,17
2024-10-31,ENT-SAG,BD-1074,88,108.27,5
2024-12-31,ENT-MTL,BD-1057,7,19.26,16
2024-03-31,ENT-QC,BD-1104,12,75.12,11
2024-11-30,ENT-SAG,BD-1041,21,159.88,7
2024-04-30,ENT-SAG,BD-1054,98,257.53,7
2024-04-30,ENT-QC,BD-1005,64,204.06,13
2025-09-30,ENT-QC,BD-1090,69,69.37,12
2024-02-29,ENT-SAG,BD-1045,5,76.76,6
2024-06-30,ENT-MTL,BD-1096,7,170.74,10
2025-07-31,ENT-QC,BD-1137,0,25.59,13
2024-10-31,ENT-QC,BD-1125,0,285.25,12
2024-02-29,ENT-SAG,BD-1124,7,150.61,5
2025-01-31,ENT-MTL,BD-1072,3,200.75,12
2024-12-31,ENT-QC,BD-1017,17,307.26,14
2024-03-31,ENT-SAG,BD-1109,0,303.82,4
2025-07-31,ENT-MTL,BD-1049,76,31.22,17
2024-05-31,ENT-QC,BD-1148,18,296.06,12
2025-08-31,ENT-MTL,BD-1127,4,174.31,14
2024-05-31,ENT-MTL,BD-1094,2,121.74,11
2024-02-29,ENT-SAG,BD-1037,35,16.31,9
2025-07-31,ENT-SAG,BD-1061,113,76.81,7
2024-09-30,ENT-QC,BD-1126,6,130.29,12
2025-11-30,ENT-QC,BD-1123,5,132.28,13
2025-03-31,ENT-QC,BD-1113,0,281.81,10
2025-01-31,ENT-QC,BD-1126,26,133.03,12
2025-04-30,ENT-SAG,BD-1050,124,297.82,8
2025-10-31,ENT-QC,BD-1045,23,78.37,16
2024-08-31,ENT-MTL,BD-1007,6,55.96,9
2024-11-30,ENT-MTL,BD-1168,16,224.71,12
2024-07-31,ENT-MTL,BD-1121,13,43.73,9
2025-02-28,ENT-SAG,BD-1048,15,33.51,7
2024-04-30,ENT-QC,BD-1028,81,140.77,14
2025-05-31,ENT-SAG,BD-1118,70,343.17,5
2025-09-30,ENT-QC,BD-1061,14,76.81,18
2025-04-30,ENT-SAG,BD-1112,87,67.02,5
2024-01-31,ENT-QC,BD-1028,10,140.77,14
2024-09-30,ENT-QC,BD-1008,3,128.94,10
2025-02-28,ENT-MTL,BD-1070,0,40.72,10
2024-04-30,ENT-MTL,BD-1076,13,281.11,11
2024-10-31,ENT-SAG,BD-1145,89,108.83,7
2024-04-30,ENT-QC,BD-1106,67,333.09,14
2024-07-31,ENT-SAG,BD-1075,19,59.74,5
2025-06-30,ENT-QC,BD-1139,32,203.11,17
2025-03-31,ENT-MTL,BD-1133,10,62.95,15
2025-06-30,ENT-QC,BD-1066,20,240.06,10
2024-11-30,ENT-QC,BD-1101,68,62.94,12
2025-09-30,ENT-MTL,BD-1158,36,184.61,15
2024-10-31,ENT-SAG,BD-1097,80,210.05,5
2025-01-31,ENT-QC,BD-1146,14,225.52,14
2025-11-30,ENT-MTL,BD-1062,23,135.59,16
2024-05-31,ENT-SAG,BD-1107,88,147.44,6
2025-05-31,ENT-MTL,BD-1060,80,291.44,16
2024-07-31,ENT-QC,BD-1095,12,53.64,8
2024-05-31,ENT-MTL,BD-1120,55,182.88,11
2024-07-31,ENT-SAG,BD-1166,15,212.88,5
2025-03-31,ENT-MTL,BD-1104,9,76.70,11
2024-05-31,ENT-MTL,BD-1038,91,313.36,20
2024-07-31,ENT-QC,BD-1107,10,147.44,14
2024-04-30,ENT-MTL,BD-1065,9,128.81,12
2025-04-30,ENT-SAG,BD-1078,0,201.79,4
2024-04-30,ENT-QC,BD-1140,11,40.41,12
2024-03-31,ENT-SAG,BD-1148,13,296.06,5
2024-09-30,ENT-MTL,BD-1056,5,287.11,18
2025-07-31,ENT-QC,BD-1089,3,189.92,12
2025-12-31,ENT-QC,BD-1021,10,242.82,12
2025-09-30,ENT-SAG,BD-1094,81,124.30,5
2024-04-30,ENT-MTL,BD-1179,23,226.59,12
2025-12-31,ENT-SAG,BD-1057,2,23.20,7
2024-03-31,ENT-QC,BD-1106,15,333.09,14
2024-10-31,ENT-SAG,BD-1047,9,70.06,6
2025-09-30,ENT-SAG,BD-1160,55,41.56,6
2024-03-31,ENT-QC,BD-1052,62,179.27,17
2024-01-31,ENT-QC,BD-1157,36,24.69,13
2024-09-30,ENT-QC,BD-1127,69,170.72,15
2024-11-30,ENT-MTL,BD-1126,2,130.29,12
2024-05-31,ENT-QC,BD-1038,90,313.36,21
2024-12-31,ENT-QC,BD-1018,11,242.09,6
2025-05-31,ENT-SAG,BD-1136,26,112.45,5
2024-10-31,ENT-QC,BD-1127,83,170.72,15
2025-11-30,ENT-MTL,BD-1066,42,240.06,9
2025-06-30,ENT-QC,BD-1181,35,312.40,18
2024-02-29,ENT-MTL,BD-1163,19,294.58,10
2024-01-31,ENT-QC,BD-1070,11,39.88,10
2025-11-30,ENT-MTL,BD-1111,4,148.90,11
2025-09-30,ENT-SAG,BD-1061,21,76.81,7
2025-10-31,ENT-MTL,BD-1046,13,372.17,17
2024-09-30,ENT-QC,BD-1056,17,287.11,19
2024-09-30,ENT-MTL,BD-1152,36,265.82,9
2024-03-31,ENT-SAG,BD-1088,0,335.85,4
2024-11-30,ENT-SAG,BD-1038,12,313.36,9
2025-05-31,ENT-QC,BD-1173,31,212.35,16
2025-03-31,ENT-MTL,BD-1139,19,203.11,16
2025-02-28,ENT-MTL,BD-1046,0,315.40,17
2024-04-30,ENT-QC,BD-1145,24,108.83,16
2025-10-31,ENT-SAG,BD-1088,59,404.63,4
2025-10-31,ENT-QC,BD-1153,56,116.00,11
2024-07-31,ENT-MTL,BD-1148,12,296.06,11
2025-11-30,ENT-QC,BD-1102,72,260.69,10
2024-04-30,ENT-QC,BD-1111,59,145.84,12
2025-06-30,ENT-SAG,BD-1127,22,174.31,6
2024-06-30,ENT-SAG,BD-1093,16,132.18,4
2025-06-30,ENT-QC,BD-1163,19,300.77,11
2025-04-30,ENT-SAG,BD-1068,19,290.25,5
2024-07-31,ENT-SAG,BD-1054,80,257.53,7
2025-03-31,ENT-MTL,BD-1136,6,112.45,12
2024-06-30,ENT-QC,BD-1116,93,58.93,16
2025-01-31,ENT-SAG,BD-1083,2,160.44,4
2024-09-30,ENT-QC,BD-1088,57,335.85,9
2024-12-31,ENT-MTL,BD-1180,14,93.34,14
2024-02-29,ENT-SAG,BD-1102,15,255.33,4
2025-11-30,ENT-SAG,BD-1132,88,128.45,6
2025-08-31,ENT-QC,BD-1028,15,143.73,14
2024-10-31,ENT-MTL,BD-1104,17,75.12,11
2025-04-30,ENT-SAG,BD-1048,110,33.51,7
2025-12-31,ENT-MTL,BD-1168,9,229.43,12
2025-05-31,ENT-QC,BD-1058,88,149.54,18
2024-01-31,ENT-MTL,BD-1074,14,108.27,12
2024-03-31,ENT-MTL,BD-1025,4,146.28,9
2025-09-30,ENT-MTL,BD-1118,16,343.17,12
2025-04-30,ENT-QC,BD-1063,107,247.24,21
2025-03-31,ENT-MTL,BD-1163,-4,300.77,10
2025-01-31,ENT-MTL,BD-1120,11,186.72,11
2024-09-30,ENT-QC,BD-1079,64,144.83,12
2025-08-31,ENT-SAG,BD-1124,13,153.77,5
2025-06-30,ENT-MTL,BD-1152,8,271.40,9
2024-09-30,ENT-SAG,BD-1068,69,284.28,5
2024-03-31,ENT-MTL,BD-1170,27,16.60,12
2024-06-30,ENT-QC,BD-1173,48,207.98,16
2025-02-28,ENT-MTL,BD-1055,6,213.75,15
2024-08-31,ENT-SAG,BD-1161,32,62.84,6
2025-02-28,ENT-SAG,BD-1163,24,300.77,4
2025-03-31,ENT-MTL,BD-1144,20,98.33,14
2025-11-30,ENT-QC,BD-1016,3,224.02,9
2025-01-31,ENT-QC,BD-1084,5,318.55,12
2025-10-31,ENT-QC,BD-1094,71,124.30,12
2024-09-30,ENT-QC,BD-1083,55,157.14,11
2024-10-31,ENT-SAG,BD-1082,69,278.39,4
2024-04-30,ENT-SAG,BD-1037,149,16.31,9
2024-06-30,ENT-QC,BD-1079,4,144.83,12
2025-08-31,ENT-SAG,BD-1055,100,213.75,7
2025-04-30,ENT-QC,BD-1169,38,282.28,14
2024-01-31,ENT-SAG,BD-1120,11,182.88,5
2024-04-30,ENT-SAG,BD-1040,119,268.77,7
2024-10-31,ENT-SAG,BD-1153,80,113.61,4
2025-10-31,ENT-SAG,BD-1050,29,297.82,8
2024-12-31,ENT-SAG,BD-1086,6,80.72,5
2025-12-31,ENT-QC,BD-1100,5,369.19,11
2025-07-31,ENT-QC,BD-1045,77,78.37,16
2025-10-31,ENT-QC,BD-1130,79,323.89,14
2025-07-31,ENT-MTL,BD-1106,6,340.08,13
2025-10-31,ENT-QC,BD-1050,19,297.82,19
2024-03-31,ENT-MTL,BD-1047,64,70.06,14
2024-09-30,ENT-MTL,BD-1128,49,77.25,10
2025-09-30,ENT-MTL,BD-1178,39,119.43,16
2025-01-31,ENT-MTL,BD-1008,7,131.65,9
2025-07-31,ENT-MTL,BD-1176,25,328.78,16
2025-04-30,ENT-QC,BD-1127,8,174.31,15
2024-05-31,ENT-QC,BD-1109,64,303.82,11
2025-12-31,ENT-SAG,BD-1131,69,37.08,6
2024-01-31,ENT-QC,BD-1064,14,69.43,15
2025-06-30,ENT-QC,BD-1081,6,364.83,13
2025-09-30,ENT-MTL,BD-1027,14,254.96,14
2025-11-30,ENT-SAG,BD-1157,31,25.21,5
2024-01-31,ENT-MTL,BD-1037,31,16.31,21
2025-05-31,ENT-SAG,BD-1026,67,246.82,4
2024-07-31,ENT-QC,BD-1124,9,150.61,12
2025-03-31,ENT-QC,BD-1022,6,252.94,8
2025-03-31,ENT-MTL,BD-1117,2,100.34,10
2024-08-31,ENT-MTL,BD-1085,42,40.90,9
2024-06-30,ENT-SAG,BD-1177,37,211.22,5
2024-06-30,ENT-MTL,BD-1002,27,292.58,7
2025-12-31,ENT-QC,BD-1053,13,180.55,20
2024-01-31,ENT-SAG,BD-1133,6,61.66,7
2025-10-31,ENT-SAG,BD-1051,6,79.76,8
2025-10-31,ENT-MTL,BD-1107,7,150.54,13
2025-06-30,ENT-QC,BD-1177,20,215.66,12
2025-03-31,ENT-QC,BD-1052,91,183.03,17
2025-12-31,ENT-SAG,BD-1088,26,404.63,4
2025-09-30,ENT-QC,BD-1172,34,221.22,13
2024-05-31,ENT-MTL,BD-1133,20,61.66,15
2025-06-30,ENT-SAG,BD-1133,22,62.95,7
2024-02-29,ENT-MTL,BD-1014,4,26.62,14
2024-11-30,ENT-SAG,BD-1118,10,336.11,5
2025-09-30,ENT-QC,BD-1169,33,282.28,14
2024-07-31,ENT-MTL,BD-1132,10,125.81,13
2025-07-31,ENT-QC,BD-1157,30,25.21,13
2025-11-30,ENT-MTL,BD-1049,40,31.22,17
2024-04-30,ENT-QC,BD-1100,5,306.44,11
2024-03-31,ENT-MTL,BD-1168,17,224.71,12
2025-07-31,ENT-QC,BD-1120,23,186.72,12
2024-04-30,ENT-QC,BD-1061,86,75.23,18
2025-09-30,ENT-QC,BD-1014,5,27.18,15
2025-06-30,ENT-SAG,BD-1061,110,76.81,7
2024-03-31,ENT-QC,BD-1179,5,226.59,12
2024-10-31,ENT-QC,BD-1091,72,279.07,11
2024-04-30,ENT-SAG,BD-1086,14,80.72,5
2025-07-31,ENT-QC,BD-1155,16,329.15,17
2025-11-30,ENT-QC,BD-1119,0,59.67,11
2025-10-31,ENT-SAG,BD-1133,89,62.95,7
2025-10-31,ENT-QC,BD-1118,17,343.17,13
2025-04-30,ENT-QC,BD-1163,10,300.77,11
2024-09-30,ENT-QC,BD-1121,12,43.73,10
2024-02-29,ENT-MTL,BD-1017,9,307.26,13
2025-11-30,ENT-QC,BD-1059,16,391.48,16
2024-04-30,ENT-MTL,BD-1046,81,308.91,17
2025-01-31,ENT-QC,BD-1087,20,215.66,15
2025-06-30,ENT-MTL,BD-1082,11,335.40,10
2024-08-31,ENT-MTL,BD-1162,17,66.97,14
2025-10-31,ENT-MTL,BD-1058,11,149.54,17
2025-04-30,ENT-QC,BD-1179,22,231.35,12
2024-08-31,ENT-QC,BD-1157,25,24.69,13
2025-06-30,ENT-QC,BD-1055,93,213.75,16
2024-08-31,ENT-MTL,BD-1038,91,313.36,20
2024-08-31,ENT-QC,BD-1170,29,16.60,12
2024-06-30,ENT-MTL,BD-1171,10,83.70,12
2025-05-31,ENT-MTL,BD-1115,54,47.23,11
2025-12-31,ENT-QC,BD-1147,56,346.92,10
2025-04-30,ENT-SAG,BD-1157,24,25.21,5
2025-03-31,ENT-QC,BD-1179,21,231.35,12
2024-10-31,ENT-QC,BD-1028,4,140.77,14
2024-02-29,ENT-SAG,BD-1150,14,339.92,6
2025-07-31,ENT-QC,BD-1021,57,242.82,12
2024-02-29,ENT-SAG,BD-1177,27,211.22,5
2025-02-28,ENT-MTL,BD-1037,6,16.65,21
2024-04-30,ENT-MTL,BD-1115,52,46.26,11
2024-04-30,ENT-QC,BD-1049,79,30.58,18
2025-07-31,ENT-SAG,BD-1108,6,169.96,6
2025-09-30,ENT-QC,BD-1068,65,342.49,13
2025-01-31,ENT-MTL,BD-1102,5,260.69,10
2024-12-31,ENT-SAG,BD-1098,15,257.11,6
2025-07-31,ENT-MTL,BD-1006,41,182.47,10
2025-06-30,ENT-SAG,BD-1066,15,240.06,4
2025-01-31,ENT-SAG,BD-1165,46,107.92,5
2024-11-30,ENT-MTL,BD-1121,6,43.73,9
2024-05-31,ENT-QC,BD-1052,87,179.27,17
2025-02-28,ENT-MTL,BD-1129,3,46.45,19
2025-04-30,ENT-SAG,BD-1016,63,224.02,4
2025-08-31,ENT-QC,BD-1086,59,97.25,12
2024-07-31,ENT-QC,BD-1045,83,76.76,16
2025-02-28,ENT-QC,BD-1177,24,215.66,12
2024-09-30,ENT-MTL,BD-1021,1,201.55,11
2025-03-31,ENT-QC,BD-1066,10,203.44,10
2025-01-31,ENT-MTL,BD-1178,17,119.43,16
2024-12-31,ENT-QC,BD-1027,18,249.72,14
2024-04-30,ENT-SAG,BD-1083,11,157.14,4
2024-12-31,ENT-QC,BD-1021,8,201.55,12
2025-08-31,ENT-QC,BD-1024,6,189.35,12
2024-05-31,ENT-QC,BD-1017,91,307.26,14
2024-09-30,ENT-MTL,BD-1004,8,155.56,10
2025-02-28,ENT-QC,BD-1086,24,82.42,12
2025-12-31,ENT-QC,BD-1130,69,323.89,14
2025-11-30,ENT-QC,BD-1174,24,169.01,13
2025-12-31,ENT-SAG,BD-1177,40,215.66,5
2024-05-31,ENT-MTL,BD-1029,27,238.44,10
2024-07-31,ENT-SAG,BD-1132,0,125.81,6
2024-06-30,ENT-QC,BD-1087,17,211.22,15
2024-09-30,ENT-SAG,BD-1043,11,294.10,6
2025-04-30,ENT-QC,BD-1130,14,323.89,14
2024-02-29,ENT-SAG,BD-1092,14,140.04,6
2024-03-31,ENT-SAG,BD-1152,16,265.82,4
2025-05-31,ENT-MTL,BD-1039,75,122.17,18
2024-01-31,ENT-MTL,BD-1084,7,312.00,12
2024-03-31,ENT-QC,BD-1157,19,24.69,13
2025-12-31,ENT-SAG,BD-1154,72,329.92,5
2024-01-31,ENT-QC,BD-1104,9,75.12,11
2024-05-31,ENT-QC,BD-1111,57,145.84,12
2024-05-31,ENT-QC,BD-1104,53,75.12,11
2025-06-30,ENT-MTL,BD-1156,2,164.64,11
2024-05-31,ENT-MTL,BD-1043,60,294.10,14
2025-02-28,ENT-SAG,BD-1029,14,243.45,4
2024-08-31,ENT-MTL,BD-1138,10,86.38,13
2025-11-30,ENT-MTL,BD-1041,11,163.24,15
2024-05-31,ENT-SAG,BD-1177,33,211.22,5
2024-05-31,ENT-MTL,BD-1169,7,276.47,13
2024-06-30,ENT-QC,BD-1069,13,198.50,12
2024-10-31,ENT-SAG,BD-1041,0,159.88,7
2024-01-31,ENT-QC,BD-1058,20,146.46,18
2025-06-30,ENT-SAG,BD-1147,15,346.92,4
2024-05-31,ENT-QC,BD-1120,68,182.88,12
2024-09-30,ENT-MTL,BD-1036,2,159.06,18
2025-02-28,ENT-MTL,BD-1060,13,246.98,16
2025-04-30,ENT-QC,BD-1136,19,112.45,12
2025-09-30,ENT-QC,BD-1017,10,313.71,14
2024-08-31,ENT-MTL,BD-1025,2,146.28,9
2024-12-31,ENT-MTL,BD-1102,12,255.33,10
2024-01-31,ENT-MTL,BD-1062,11,112.54,16
2025-09-30,ENT-QC,BD-1092,90,168.72,15
2025-03-31,ENT-SAG,BD-1089,17,160.95,5
2025-08-31,ENT-QC,BD-1050,99,297.82,19
2024-09-30,ENT-QC,BD-1125,0,285.25,12
2024-02-29,ENT-QC,BD-1111,2,145.84,12
2024-04-30,ENT-SAG,BD-1068,13,284.28,5
2024-05-31,ENT-QC,BD-1049,104,30.58,18
2024-07-31,ENT-SAG,BD-1078,19,197.64,4
2025-12-31,ENT-SAG,BD-1133,86,62.95,7
2024-05-31,ENT-QC,BD-1117,54,98.28,10
2024-03-31,ENT-SAG,BD-1141,12,307.78,4
2024-12-31,ENT-SAG,BD-1088,5,335.85,4
2024-04-30,ENT-SAG,BD-1048,99,32.82,7
2024-05-31,ENT-QC,BD-1141,11,307.78,10
2025-06-30,ENT-MTL,BD-1096,6,205.70,10
2024-05-31,ENT-QC,BD-1033,81,110.89,14
2025-08-31,ENT-MTL,BD-1038,80,319.94,20
2025-02-28,ENT-SAG,BD-1088,14,342.90,4
2025-05-31,ENT-QC,BD-1153,1,116.00,11
2024-06-30,ENT-MTL,BD-1027,66,249.72,14
2024-03-31,ENT-MTL,BD-1116,15,58.93,16
2024-08-31,ENT-MTL,BD-1160,33,40.71,14
2024-05-31,ENT-QC,BD-1055,95,209.35,16
2025-11-30,ENT-QC,BD-1163,19,300.77,11
2025-08-31,ENT-SAG,BD-1154,17,329.92,5
2024-07-31,ENT-QC,BD-1132,4,125.81,14
2025-04-30,ENT-MTL,BD-1048,72,33.51,15
2025-05-31,ENT-MTL,BD-1068,13,342.49,12
2024-05-31,ENT-SAG,BD-1104,61,75.12,5
2025-03-31,ENT-MTL,BD-1124,9,153.77,12
2025-11-30,ENT-QC,BD-1054,23,262.94,17
2024-07-31,ENT-SAG,BD-1017,72,307.26,6
2024-10-31,ENT-QC,BD-1168,25,224.71,13
2024-06-30,ENT-QC,BD-1066,12,199.26,10
2024-03-31,ENT-SAG,BD-1116,0,58.93,7
2024-01-31,ENT-QC,BD-1156,9,161.25,12
2025-06-30,ENT-SAG,BD-1161,41,64.16,6
2024-11-30,ENT-QC,BD-1131,75,36.32,14
2025-06-30,ENT-MTL,BD-1148,9,302.28,11
2024-04-30,ENT-QC,BD-1150,11,339.92,14
2025-03-31,ENT-MTL,BD-1107,3,150.54,13
2025-11-30,ENT-QC,BD-1023,16,244.32,14
2024-11-30,ENT-SAG,BD-1141,65,307.78,4
2024-01-31,ENT-MTL,BD-1164,21,98.38,10
2025-11-30,ENT-QC,BD-1014,18,27.18,15
2024-08-31,ENT-SAG,BD-1166,41,212.88,5
2025-03-31,ENT-SAG,BD-1021,9,205.78,5
2024-04-30,ENT-MTL,BD-1148,17,296.06,11
2024-06-30,ENT-QC,BD-1053,97,176.84,20
2025-12-31,ENT-MTL,BD-1144,60,98.33,14
2024-12-31,ENT-SAG,BD-1097,7,210.05,5
2025-10-31,ENT-SAG,BD-1181,51,312.40,8
2025-09-30,ENT-SAG,BD-1149,122,111.14,7
2024-10-31,ENT-MTL,BD-1102,48,255.33,10
2025-02-28,ENT-SAG,BD-1072,20,200.75,5
2025-10-31,ENT-SAG,BD-1093,67,159.25,4
2024-07-31,ENT-QC,BD-1154,15,323.13,13
2025-04-30,ENT-MTL,BD-1173,44,212.35,15
2025-10-31,ENT-MTL,BD-1133,77,62.95,15
2025-04-30,ENT-MTL,BD-1076,8,287.01,11
2024-07-31,ENT-MTL,BD-1092,9,140.04,14
2025-05-31,ENT-QC,BD-1013,59,315.34,12
2025-12-31,ENT-QC,BD-1027,19,254.96,14
2024-05-31,ENT-SAG,BD-1008,65,128.94,4
2025-05-31,ENT-QC,BD-1180,26,95.30,15
2025-02-28,ENT-MTL,BD-1004,9,158.83,10
2024-10-31,ENT-MTL,BD-1134,55,60.50,10
2025-07-31,ENT-SAG,BD-1008,64,155.34,4
2025-02-28,ENT-SAG,BD-1154,27,329.92,5
2025-10-31,ENT-MTL,BD-1129,85,46.45,19
2025-10-31,ENT-SAG,BD-1139,116,203.11,7
2024-08-31,ENT-QC,BD-1114,8,149.59,12
2025-05-31,ENT-MTL,BD-1086,0,97.25,11
2025-12-31,ENT-MTL,BD-1097,8,253.06,11
2025-07-31,ENT-QC,BD-1068,0,342.49,13
2025-01-31,ENT-SAG,BD-1065,13,131.52,5
2025-11-30,ENT-QC,BD-1172,16,221.22,13
2024-05-31,ENT-QC,BD-1098,26,257.11,15
2025-08-31,ENT-QC,BD-1053,106,180.55,20
2025-07-31,ENT-MTL,BD-1037,105,16.65,21
2025-06-30,ENT-QC,BD-1029,48,243.45,10
2024-03-31,ENT-SAG,BD-1052,111,179.27,7
2024-02-29,ENT-MTL,BD-1142,10,98.85,10
2024-10-31,ENT-QC,BD-1104,10,75.12,11
2025-07-31,ENT-QC,BD-1104,7,76.70,11
2025-12-31,ENT-SAG,BD-1046,17,372.17,7
2024-01-31,ENT-QC,BD-1175,32,94.86,17
2024-07-31,ENT-SAG,BD-1172,23,216.67,5
2025-10-31,ENT-SAG,BD-1021,21,242.82,5
2025-07-31,ENT-SAG,BD-1156,11,164.64,5
2024-10-31,ENT-QC,BD-1090,63,57.58,12
2025-10-31,ENT-QC,BD-1182,41,58.06,14
2024-07-31,ENT-MTL,BD-1037,96,16.31,21
2025-08-31,ENT-SAG,BD-1109,20,310.20,4
2025-03-31,ENT-MTL,BD-1055,60,213.75,15
2025-07-31,ENT-QC,BD-1028,81,143.73,14
2024-01-31,ENT-SAG,BD-1052,44,179.27,7
2025-08-31,ENT-QC,BD-1012,5,69.62,11
2025-06-30,ENT-QC,BD-1110,52,182.67,12
2024-10-31,ENT-MTL,BD-1056,13,287.11,18
2025-11-30,ENT-SAG,BD-1166,24,217.35,5
2025-07-31,ENT-QC,BD-1139,11,203.11,17
2025-09-30,ENT-QC,BD-1053,0,180.55,20
2024-09-30,ENT-QC,BD-1006,2,178.72,11
2024-04-30,ENT-MTL,BD-1103,67,151.66,12
2025-08-31,ENT-MTL,BD-1105,13,169.61,11
2024-04-30,ENT-MTL,BD-1027,57,249.72,14
2024-03-31,ENT-MTL,BD-1034,13,151.89,12
2025-10-31,ENT-QC,BD-1053,28,180.55,20
2025-11-30,ENT-QC,BD-1052,5,183.03,17
2024-03-31,ENT-MTL,BD-1073,14,255.00,13
2024-11-30,ENT-SAG,BD-1132,74,125.81,6
2025-04-30,ENT-QC,BD-1142,16,100.93,11
2025-09-30,ENT-SAG,BD-1169,28,282.28,6
2024-02-29,ENT-QC,BD-1134,3,60.50,10
2025-10-31,ENT-SAG,BD-1153,56,116.00,4
2025-05-31,ENT-MTL,BD-1065,0,155.19,12
2024-04-30,ENT-MTL,BD-1132,22,125.81,13
2025-02-28,ENT-SAG,BD-1033,11,113.22,6
2024-09-30,ENT-MTL,BD-1031,10,294.44,13
2025-05-31,ENT-QC,BD-1127,17,174.31,15
2025-08-31,ENT-QC,BD-1044,93,199.55,17
2024-01-31,ENT-MTL,BD-1076,0,281.11,11
2024-02-29,ENT-QC,BD-1046,29,308.91,17
2024-08-31,ENT-QC,BD-1147,13,339.78,10
2025-01-31,ENT-QC,BD-1167,20,209.73,13
2025-04-30,ENT-MTL,BD-1125,47,291.24,11
2025-12-31,ENT-MTL,BD-1023,8,244.32,13
2024-05-31,ENT-SAG,BD-1178,19,116.97,7
2025-07-31,ENT-QC,BD-1126,14,133.03,12
2025-10-31,ENT-MTL,BD-1127,68,174.31,14
2025-08-31,ENT-SAG,BD-1026,6,246.82,4
2024-01-31,ENT-QC,BD-1020,1,32.44,16
2025-11-30,ENT-SAG,BD-1108,20,169.96,6
2024-12-31,ENT-SAG,BD-1080,9,173.12,5
2025-03-31,ENT-QC,BD-1168,12,229.43,13
2024-11-30,ENT-QC,BD-1123,9,129.56,13
2024-10-31,ENT-QC,BD-1124,11,150.61,12
2025-09-30,ENT-QC,BD-1171,29,85.46,12
2025-09-30,ENT-SAG,BD-1036,13,191.63,8
2025-07-31,ENT-SAG,BD-1117,9,100.34,4
2024-09-30,ENT-MTL,BD-1115,5,46.26,11
2024-05-31,ENT-QC,BD-1179,0,226.59,12
2025-02-28,ENT-SAG,BD-1143,26,220.45,5
2024-11-30,ENT-QC,BD-1137,58,25.06,13
2024-09-30,ENT-MTL,BD-1054,14,257.53,16
2025-08-31,ENT-MTL,BD-1049,60,31.22,17
2024-07-31,ENT-QC,BD-1036,95,159.06,19
2024-06-30,ENT-SAG,BD-1027,88,249.72,6
2024-02-29,ENT-QC,BD-1172,15,216.67,13
2024-06-30,ENT-SAG,BD-1141,11,307.78,4
2025-02-28,ENT-QC,BD-1168,14,229.43,13
2024-02-29,ENT-QC,BD-1045,15,76.76,16
2025-11-30,ENT-MTL,BD-1144,66,98.33,14
2025-09-30,ENT-MTL,BD-1002,4,298.72,7
2025-11-30,ENT-QC,BD-1012,13,69.62,11
2024-10-31,ENT-QC,BD-1132,85,125.81,14
2024-09-30,ENT-MTL,BD-1053,14,176.84,19
2024-04-30,ENT-SAG,BD-1009,62,66.28,3
2024-06-30,ENT-MTL,BD-1043,58,294.10,14
2025-10-31,ENT-QC,BD-1035,20,30.63,19
2024-04-30,ENT-QC,BD-1110,63,178.91,12
2024-01-31,ENT-MTL,BD-1115,13,46.26,11
2024-05-31,ENT-SAG,BD-1047,101,70.06,6
2025-05-31,ENT-QC,BD-1168,36,229.43,13
2025-07-31,ENT-QC,BD-1180,35,95.30,15
2024-10-31,ENT-MTL,BD-1053,25,176.84,19
2024-12-31,ENT-MTL,BD-1062,24,112.54,16
2024-12-31,ENT-SAG,BD-1152,65,265.82,4
2024-04-30,ENT-QC,BD-1157,35,24.69,13
2024-04-30,ENT-MTL,BD-1131,8,36.32,13
2025-11-30,ENT-SAG,BD-1072,88,236.88,5
2025-11-30,ENT-QC,BD-1087,77,215.66,15
2025-02-28,ENT-MTL,BD-1047,2,71.53,14
2024-01-31,ENT-QC,BD-1131,4,36.32,14
2025-03-31,ENT-QC,BD-1122,18,212.67,11
2025-01-31,ENT-QC,BD-1157,24,25.21,13
2024-03-31,ENT-QC,BD-1031,11,294.44,14
2025-12-31,ENT-QC,BD-1158,33,184.61,16
2025-08-31,ENT-MTL,BD-1053,84,180.55,19
2024-09-30,ENT-MTL,BD-1181,30,305.97,17
2025-02-28,ENT-MTL,BD-1133,20,62.95,15
2024-11-30,ENT-MTL,BD-1069,63,198.50,11
2024-01-31,ENT-QC,BD-1052,3,179.27,17
2024-03-31,ENT-MTL,BD-1031,0,294.44,13
2024-06-30,ENT-MTL,BD-1121,44,43.73,9
2025-04-30,ENT-SAG,BD-1141,11,314.24,4
2024-04-30,ENT-SAG,BD-1157,39,24.69,5
2024-09-30,ENT-MTL,BD-1048,5,32.82,15
2024-10-31,ENT-QC,BD-1155,94,322.38,17
2024-01-31,ENT-SAG,BD-1147,9,339.78,4
2025-05-31,ENT-MTL,BD-1103,49,154.84,12
2024-11-30,ENT-SAG,BD-1094,79,121.74,5
2024-10-31,ENT-MTL,BD-1167,17,205.42,12
2024-03-31,ENT-SAG,BD-1117,13,98.28,4
2024-11-30,ENT-SAG,BD-1057,38,19.26,7
2025-04-30,ENT-QC,BD-1158,14,184.61,16
2024-05-31,ENT-MTL,BD-1181,24,305.97,17
2024-02-29,ENT-QC,BD-1102,9,255.33,10
2024-07-31,ENT-SAG,BD-1052,108,179.27,7
2024-06-30,ENT-QC,BD-1012,64,68.19,11
2025-03-31,ENT-QC,BD-1073,9,260.35,14
2024-10-31,ENT-QC,BD-1134,62,60.50,10
2025-04-30,ENT-MTL,BD-1084,10,318.55,12
2025-01-31,ENT-SAG,BD-1149,19,111.14,7
2025-11-30,ENT-SAG,BD-1041,18,163.24,7
2025-10-31,ENT-MTL,BD-1164,25,100.45,10
2024-11-30,ENT-MTL,BD-1158,30,180.81,15
2025-03-31,ENT-SAG,BD-1156,23,164.64,5
2024-12-31,ENT-QC,BD-1041,16,159.88,16
2025-02-28,ENT-SAG,BD-1127,14,174.31,6
2025-03-31,ENT-QC,BD-1150,20,347.06,14
2024-02-29,ENT-MTL,BD-1065,2,128.81,12
2025-10-31,ENT-SAG,BD-1130,81,323.89,6
2025-10-31,ENT-MTL,BD-1057,14,23.20,16
2024-03-31,ENT-QC,BD-1040,81,268.77,18
2024-10-31,ENT-QC,BD-1152,55,265.82,10
2024-03-31,ENT-QC,BD-1093,2,132.18,10
2025-04-30,ENT-MTL,BD-1001,33,186.13,8
2025-09-30,ENT-SAG,BD-1181,51,312.40,8
2024-10-31,ENT-MTL,BD-1106,14,333.09,13
2025-04-30,ENT-MTL,BD-1138,0,88.19,13
2025-12-31,ENT-MTL,BD-1113,6,281.81,9
2025-11-30,ENT-SAG,BD-1051,10,79.76,8
2024-12-31,ENT-SAG,BD-1140,81,40.41,5
2025-08-31,ENT-QC,BD-1144,15,98.33,15
2024-09-30,ENT-MTL,BD-1008,6,128.94,9
2024-09-30,ENT-MTL,BD-1097,48,210.05,11
2025-09-30,ENT-MTL,BD-1040,21,274.41,17
2025-11-30,ENT-MTL,BD-1057,3,23.20,16
2024-06-30,ENT-MTL,BD-1095,5,53.64,7
2025-06-30,ENT-SAG,BD-1048,111,33.51,7
2024-11-30,ENT-SAG,BD-1060,12,241.90,7
2024-04-30,ENT-QC,BD-1031,72,294.44,14
2024-12-31,ENT-MTL,BD-1153,55,113.61,10
2025-01-31,ENT-SAG,BD-1126,22,133.03,5
2024-04-30,ENT-MTL,BD-1164,19,98.38,10
2024-08-31,ENT-SAG,BD-1143,9,215.92,5
2024-02-29,ENT-QC,BD-1069,6,198.50,12
2024-10-31,ENT-QC,BD-1020,23,32.44,16
2025-06-30,ENT-QC,BD-1031,84,300.62,14
2025-11-30,ENT-QC,BD-1053,32,180.55,20
2024-07-31,ENT-SAG,BD-1148,13,296.06,5
2025-02-28,ENT-MTL,BD-1089,10,160.95,11
2025-04-30,ENT-SAG,BD-1116,113,60.17,7
2025-07-31,ENT-QC,BD-1097,3,253.06,12
2024-12-31,ENT-SAG,BD-1041,20,159.88,7
2025-06-30,ENT-SAG,BD-1152,16,271.40,4
2025-11-30,ENT-MTL,BD-1006,9,182.47,10
2024-03-31,ENT-QC,BD-1141,6,307.78,10
2024-09-30,ENT-MTL,BD-1137,57,25.06,13
2024-12-31,ENT-SAG,BD-1109,11,303.82,4
2025-05-31,ENT-MTL,BD-1025,36,149.35,9
2025-10-31,ENT-QC,BD-1017,14,313.71,14
2024-03-31,ENT-QC,BD-1088,4,335.85,9
2025-01-31,ENT-QC,BD-1102,9,260.69,10
2024-09-30,ENT-SAG,BD-1176,40,322.02,7
2024-05-31,ENT-QC,BD-1168,30,224.71,13
2024-01-31,ENT-MTL,BD-1106,15,333.09,13
2025-04-30,ENT-MTL,BD-1181,20,312.40,17
2024-07-31,ENT-MTL,BD-1034,51,151.89,12
2024-01-31,ENT-QC,BD-1068,0,284.28,13
2024-02-29,ENT-SAG,BD-1134,10,60.50,4
2024-10-31,ENT-QC,BD-1145,108,108.83,16
2024-05-31,ENT-MTL,BD-1089,15,157.64,11
2025-08-31,ENT-SAG,BD-1060,119,291.44,7
2024-10-31,ENT-MTL,BD-1135,63,39.89,14
2024-12-31,ENT-SAG,BD-1132,79,125.81,6
2025-11-30,ENT-SAG,BD-1103,24,154.84,5
2025-06-30,ENT-MTL,BD-1171,29,85.46,12
2024-03-31,ENT-MTL,BD-1023,5,239.29,13
2024-05-31,ENT-QC,BD-1007,56,55.96,10
2024-05-31,ENT-QC,BD-1084,6,312.00,12
2025-11-30,ENT-QC,BD-1051,17,79.76,18
2024-01-31,ENT-MTL,BD-1175,32,94.86,16
2025-02-28,ENT-QC,BD-1034,13,155.08,13
2025-08-31,ENT-MTL,BD-1056,86,293.14,18
2025-11-30,ENT-QC,BD-1105,12,169.61,12
2024-03-31,ENT-SAG,BD-1050,108,291.69,8
2024-05-31,ENT-MTL,BD-1092,9,140.04,14
2024-09-30,ENT-SAG,BD-1177,27,211.22,5
2024-07-31,ENT-QC,BD-1067,15,23.77,14
2025-10-31,ENT-SAG,BD-1002,1,298.72,3
2025-09-30,ENT-MTL,BD-1110,14,182.67,12
2024-01-31,ENT-QC,BD-1059,12,324.94,16
2025-09-30,ENT-MTL,BD-1003,14,227.23,10
2024-03-31,ENT-SAG,BD-1051,116,78.12,8
2024-03-31,ENT-QC,BD-1123,17,129.56,13
2024-01-31,ENT-QC,BD-1100,15,306.44,11
2024-05-31,ENT-QC,BD-1022,38,247.74,8
2025-11-30,ENT-MTL,BD-1053,-2,180.55,19
2025-01-31,ENT-MTL,BD-1036,19,162.40,18
2025-09-30,ENT-MTL,BD-1007,10,57.14,9
2024-01-31,ENT-MTL,BD-1158,32,180.81,15
2024-07-31,ENT-QC,BD-1106,0,333.09,14
2024-02-29,ENT-MTL,BD-1102,4,255.33,10
2024-08-31,ENT-QC,BD-1070,47,39.88,10
2025-11-30,ENT-MTL,BD-1073,60,307.22,13
2024-06-30,ENT-QC,BD-1033,60,110.89,14
2024-06-30,ENT-QC,BD-1140,0,40.41,12
2025-04-30,ENT-SAG,BD-1038,143,319.94,9
2025-01-31,ENT-QC,BD-1064,22,70.89,15
2024-12-31,ENT-SAG,BD-1107,22,147.44,6
2024-11-30,ENT-QC,BD-1055,14,209.35,16
2024-03-31,ENT-QC,BD-1006,15,178.72,11
2024-05-31,ENT-MTL,BD-1097,3,210.05,11
2025-10-31,ENT-MTL,BD-1110,12,182.67,12
2024-06-30,ENT-MTL,BD-1031,66,294.44,13
2025-12-31,ENT-QC,BD-1170,19,16.95,12
2025-08-31,ENT-MTL,BD-1020,12,33.12,15
2025-03-31,ENT-MTL,BD-1161,17,64.16,13
2024-05-31,ENT-QC,BD-1030,62,98.88,11
2024-04-30,ENT-QC,BD-1086,0,80.72,12
2024-01-31,ENT-SAG,BD-1048,13,32.82,7
2025-05-31,ENT-QC,BD-1155,6,329.15,17
2024-11-30,ENT-MTL,BD-1072,55,196.62,12
2025-08-31,ENT-MTL,BD-1115,6,47.23,11
2024-10-31,ENT-QC,BD-1109,8,303.82,11
2025-03-31,ENT-MTL,BD-1046,76,315.40,17
2025-12-31,ENT-QC,BD-1036,23,191.63,19
2024-05-31,ENT-MTL,BD-1025,42,146.28,9
2025-01-31,ENT-QC,BD-1081,10,309.18,13
2024-02-29,ENT-QC,BD-1039,10,119.66,19
2025-10-31,ENT-MTL,BD-1181,30,312.40,17
2024-05-31,ENT-MTL,BD-1172,31,216.67,12
2025-09-30,ENT-MTL,BD-1179,21,231.35,12
2025-10-31,ENT-SAG,BD-1040,27,274.41,7
2025-10-31,ENT-SAG,BD-1036,49,191.63,8
2024-01-31,ENT-MTL,BD-1080,8,173.12,11
2025-11-30,ENT-QC,BD-1044,14,199.55,17
2025-08-31,ENT-SAG,BD-1180,52,95.30,6
2025-04-30,ENT-SAG,BD-1017,99,313.71,6
2025-07-31,ENT-SAG,BD-1109,10,310.20,4
2024-10-31,ENT-QC,BD-1083,53,157.14,11
2025-06-30,ENT-QC,BD-1094,6,124.30,12
2024-01-31,ENT-QC,BD-1093,3,132.18,10
2024-05-31,ENT-SAG,BD-1180,28,93.34,6
2024-12-31,ENT-QC,BD-1002,3,292.58,7
2025-04-30,ENT-MTL,BD-1002,33,298.72,7
2025-11-30,ENT-SAG,BD-1179,39,231.35,5
2024-04-30,ENT-SAG,BD-1019,76,170.21,5
2024-07-31,ENT-SAG,BD-1074,4,108.27,5
2024-04-30,ENT-MTL,BD-1004,47,155.56,10
2024-09-30,ENT-MTL,BD-1023,21,239.29,13
2024-04-30,ENT-SAG,BD-1143,16,215.92,5
2025-06-30,ENT-QC,BD-1135,2,40.73,15
2024-08-31,ENT-SAG,BD-1103,5,151.66,5
2024-11-30,ENT-SAG,BD-1177,21,211.22,5
2024-03-31,ENT-MTL,BD-1071,9,301.72,15
2024-04-30,ENT-QC,BD-1071,11,301.72,16
2025-11-30,ENT-QC,BD-1156,57,164.64,12
2024-01-31,ENT-MTL,BD-1174,21,165.53,12
2024-02-29,ENT-MTL,BD-1059,17,324.94,16
2024-08-31,ENT-SAG,BD-1019,14,170.21,5
2025-03-31,ENT-SAG,BD-1143,1,220.45,5
2024-05-31,ENT-QC,BD-1015,78,318.69,14
2025-06-30,ENT-SAG,BD-1112,84,67.02,5
2025-10-31,ENT-MTL,BD-1039,22,122.17,18
2025-01-31,ENT-QC,BD-1066,8,203.44,10
2024-02-29,ENT-MTL,BD-1101,17,62.94,12
2025-06-30,ENT-SAG,BD-1107,78,150.54,6
2025-02-28,ENT-SAG,BD-1038,33,319.94,9
2024-08-31,ENT-SAG,BD-1132,7,125.81,6
2024-01-31,ENT-SAG,BD-1028,8,140.77,6
2025-03-31,ENT-SAG,BD-1073,0,260.35,6
2024-09-30,ENT-MTL,BD-1110,9,178.91,12
2024-08-31,ENT-MTL,BD-1068,56,284.28,12
2025-05-31,ENT-MTL,BD-1014,47,27.18,14
2025-08-31,ENT-QC,BD-1151,10,92.25,10
2025-11-30,ENT-QC,BD-1164,18,100.45,11
2025-03-31,ENT-MTL,BD-1043,61,300.28,14
2024-11-30,ENT-MTL,BD-1169,16,276.47,13
2025-06-30,ENT-QC,BD-1059,83,391.48,16
2024-09-30,ENT-QC,BD-1046,27,308.91,17
2025-07-31,ENT-MTL,BD-1004,47,158.83,10
2025-04-30,ENT-QC,BD-1141,16,314.24,10
2024-09-30,ENT-SAG,BD-1045,13,76.76,6
2024-06-30,ENT-MTL,BD-1132,11,125.81,13
2024-05-31,ENT-QC,BD-1160,28,40.71,15
2024-07-31,ENT-QC,BD-1078,11,197.64,9
2024-10-31,ENT-MTL,BD-1146,69,220.88,14
2024-03-31,ENT-MTL,BD-1151,7,90.35,10
2025-04-30,ENT-QC,BD-1079,9,147.87,12
2024-12-31,ENT-MTL,BD-1172,19,216.67,12
2024-11-30,ENT-SAG,BD-1150,100,339.92,6
2024-02-29,ENT-QC,BD-1090,20,57.58,12
2024-04-30,ENT-SAG,BD-1169,31,276.47,6
2025-01-31,ENT-QC,BD-1075,13,60.99,13
2024-10-31,ENT-SAG,BD-1148,88,296.06,5
2025-05-31,ENT-MTL,BD-1132,10,128.45,13
2024-05-31,ENT-SAG,BD-1168,14,224.71,5
2024-09-30,ENT-MTL,BD-1017,13,307.26,13
2025-03-31,ENT-MTL,BD-1182,29,58.06,13
2024-01-31,ENT-MTL,BD-1091,10,279.07,11
2024-07-31,ENT-QC,BD-1109,8,303.82,11
2025-09-30,ENT-MTL,BD-1033,0,113.22,13
2025-08-31,ENT-QC,BD-1068,77,342.49,13
2024-10-31,ENT-SAG,BD-1048,5,32.82,7
2024-07-31,ENT-MTL,BD-1019,53,170.21,11
2024-03-31,ENT-MTL,BD-1104,7,75.12,11
2024-01-31,ENT-QC,BD-1051,3,78.12,18
2024-05-31,ENT-QC,BD-1171,18,83.70,12
2024-05-31,ENT-SAG,BD-1148,0,296.06,5
2025-08-31,ENT-SAG,BD-1016,6,224.02,4
2025-04-30,ENT-QC,BD-1034,66,155.08,13
2024-01-31,ENT-QC,BD-1033,6,110.89,14
2024-08-31,ENT-MTL,BD-1174,36,165.53,12
2024-10-31,ENT-QC,BD-1031,1,294.44,14
2024-07-31,ENT-SAG,BD-1150,2,339.92,6
2024-07-31,ENT-QC,BD-1108,0,166.46,14
2024-06-30,ENT-QC,BD-9902,11,296.06,12
2025-09-30,ENT-MTL,BD-1123,14,132.28,13
2024-06-30,ENT-QC,BD-1050,99,291.69,19
2025-11-30,ENT-SAG,BD-1100,80,369.19,4
2024-03-31,ENT-QC,BD-1084,6,312.00,12
2025-12-31,ENT-SAG,BD-1037,9,16.65,9
2024-09-30,ENT-SAG,BD-1063,33,242.15,9
2025-09-30,ENT-MTL,BD-1041,16,163.24,15
2024-05-31,ENT-SAG,BD-1116,101,58.93,7
2025-12-31,ENT-SAG,BD-1097,10,253.06,5
2025-08-31,ENT-SAG,BD-1075,92,71.97,5
2024-01-31,ENT-QC,BD-1162,48,66.97,14
2025-05-31,ENT-QC,BD-1131,5,37.08,14
2025-10-31,ENT-MTL,BD-1072,50,236.88,12
2025-02-28,ENT-MTL,BD-1067,17,24.27,13
2024-02-29,ENT-MTL,BD-1048,3,32.82,15
2024-06-30,ENT-QC,BD-1026,66,241.74,11
2024-01-31,ENT-QC,BD-1086,10,80.72,12
2024-12-31,ENT-MTL,BD-1163,10,294.58,10
2025-02-28,ENT-MTL,BD-1144,17,98.33,14
2024-07-31,ENT-QC,BD-1039,109,119.66,19
2025-12-31,ENT-SAG,BD-1041,2,163.24,7
2025-04-30,ENT-QC,BD-1047,76,71.53,15
2025-02-28,ENT-SAG,BD-1118,5,343.17,5
2025-06-30,ENT-MTL,BD-1107,69,150.54,13
2025-11-30,ENT-SAG,BD-1083,64,189.32,4
2025-07-31,ENT-MTL,BD-1163,13,300.77,10
2025-03-31,ENT-SAG,BD-1152,12,271.40,4
2025-05-31,ENT-MTL,BD-1044,76,199.55,16
2024-06-30,ENT-MTL,BD-1056,76,287.11,18
2024-07-31,ENT-QC,BD-1014,76,26.62,15
2025-01-31,ENT-MTL,BD-1175,48,96.85,16
2024-07-31,ENT-MTL,BD-1105,11,166.12,11
2024-02-29,ENT-MTL,BD-1051,11,78.12,17
2025-06-30,ENT-MTL,BD-1154,19,329.92,12
2024-07-31,ENT-QC,BD-1026,48,241.74,11
2024-04-30,ENT-MTL,BD-1175,38,94.86,16
2025-07-31,ENT-QC,BD-1032,71,409.59,13
2024-12-31,ENT-QC,BD-1127,71,170.72,15
2024-09-30,ENT-QC,BD-1139,86,198.93,17
2025-06-30,ENT-MTL,BD-1142,10,100.93,10
2024-04-30,ENT-QC,BD-1008,60,128.94,10
2025-05-31,ENT-QC,BD-1007,52,57.14,10
2025-09-30,ENT-MTL,BD-1136,36,112.45,12
2024-10-31,ENT-MTL,BD-1004,1,155.56,10
2025-01-31,ENT-MTL,BD-1174,22,169.01,12
2025-04-30,ENT-QC,BD-1170,19,16.95,12
2025-10-31,ENT-SAG,BD-1108,19,169.96,6
2024-01-31,ENT-QC,BD-1098,17,257.11,15
2025-07-31,ENT-QC,BD-1026,60,246.82,11
2025-10-31,ENT-SAG,BD-1141,57,314.24,4
2024-07-31,ENT-QC,BD-1051,120,78.12,18
2024-01-31,ENT-QC,BD-1072,22,196.62,13
2025-12-31,ENT-MTL,BD-1057,8,23.20,16
2024-09-30,ENT-SAG,BD-1120,14,182.88,5
2025-09-30,ENT-SAG,BD-1067,65,28.64,6
2025-07-31,ENT-MTL,BD-1128,4,78.87,10
2025-02-28,ENT-QC,BD-1112,7,67.02,13
2025-08-31,ENT-SAG,BD-1156,11,164.64,5
2024-10-31,ENT-SAG,BD-1168,16,224.71,5
2024-01-31,ENT-QC,BD-1182,33,56.87,14
2024-11-30,ENT-SAG,BD-1076,77,281.11,5
2025-12-31,ENT-MTL,BD-1111,8,148.90,11
2024-12-31,ENT-MTL,BD-1073,19,255.00,13
2024-10-31,ENT-SAG,BD-1021,8,201.55,5
2025-04-30,ENT-SAG,BD-1168,36,229.43,5
2025-12-31,ENT-QC,BD-1140,56,41.26,12
2025-01-31,ENT-QC,BD-1057,27,19.66,17
2024-03-31,ENT-QC,BD-1024,15,185.46,12
2025-08-31,ENT-SAG,BD-1161,35,64.16,6
2025-01-31,ENT-SAG,BD-1132,14,128.45,6
2024-04-30,ENT-SAG,BD-1076,24,281.11,5
2024-04-30,ENT-MTL,BD-1083,6,157.14,10
2024-03-31,ENT-QC,BD-1097,10,210.05,12
2024-05-31,ENT-MTL,BD-1060,82,241.90,16
2024-03-31,ENT-QC,BD-1103,18,151.66,13
2025-04-30,ENT-SAG,BD-1139,17,203.11,7
2025-04-30,ENT-QC,BD-1150,28,347.06,14
2024-04-30,ENT-SAG,BD-1051,121,78.12,8
2024-09-30,ENT-QC,BD-1053,19,176.84,20
2025-09-30,ENT-SAG,BD-1165,48,107.92,5
2025-03-31,ENT-SAG,BD-1060,105,246.98,7
2025-01-31,ENT-MTL,BD-1092,12,142.98,14
2025-02-28,ENT-QC,BD-1011,2,294.52,9
2025-07-31,ENT-QC,BD-1054,80,262.94,17
2024-10-31,ENT-QC,BD-1100,69,306.44,11
2024-08-31,ENT-MTL,BD-1029,16,238.44,10
2025-07-31,ENT-MTL,BD-1046,82,372.17,17
2024-04-30,ENT-MTL,BD-9038,7,220.88,14
2025-07-31,ENT-SAG,BD-1094,4,124.30,5
2024-06-30,ENT-QC,BD-1014,79,26.62,15
2024-01-31,ENT-SAG,BD-1109,6,303.82,4
2024-07-31,ENT-QC,BD-1126,20,130.29,12
2025-02-28,ENT-SAG,BD-1076,2,287.01,5
2025-08-31,ENT-SAG,BD-1094,63,124.30,5
2024-10-31,ENT-QC,BD-1174,14,165.53,13
2024-05-31,ENT-MTL,BD-1118,50,336.11,12
2024-04-30,ENT-SAG,BD-1130,19,317.23,6
2025-01-31,ENT-MTL,BD-1074,6,110.54,12
2024-10-31,ENT-QC,BD-1096,45,170.74,10
2025-05-31,ENT-QC,BD-1085,6,49.28,10
2025-06-30,ENT-QC,BD-1085,13,49.28,10
2024-02-29,ENT-QC,BD-1098,19,257.11,15
2024-10-31,ENT-SAG,BD-1008,5,128.94,4
2024-05-31,ENT-MTL,BD-1041,78,159.88,15
2025-05-31,ENT-SAG,BD-1074,11,130.44,5
2025-10-31,ENT-QC,BD-1120,17,186.72,12
2024-03-31,ENT-MTL,BD-1017,17,307.26,13
2025-08-31,ENT-MTL,BD-1008,8,155.34,9
2024-08-31,ENT-QC,BD-1006,2,178.72,11
2025-03-31,ENT-SAG,BD-1019,16,173.78,5
2025-12-31,ENT-MTL,BD-1032,8,409.59,12
2025-06-30,ENT-MTL,BD-1182,12,58.06,13
2025-09-30,ENT-QC,BD-1160,33,41.56,15
2025-03-31,ENT-SAG,BD-1082,19,284.24,4
2024-10-31,ENT-SAG,BD-1131,92,36.32,6
2025-08-31,ENT-MTL,BD-1107,2,150.54,13
2025-05-31,ENT-SAG,BD-1162,39,68.38,6
2025-01-31,ENT-MTL,BD-1139,6,203.11,16
2024-02-29,ENT-SAG,BD-1060,2,241.90,7
2024-06-30,ENT-QC,BD-1040,86,268.77,18
2024-05-31,ENT-MTL,BD-1066,6,199.26,9
2025-05-31,ENT-QC,BD-1002,35,298.72,7
2024-08-31,ENT-QC,BD-1171,25,83.70,12
2024-05-31,ENT-QC,BD-1047,70,70.06,15
2025-03-31,ENT-MTL,BD-1086,23,82.42,11
2024-12-31,ENT-QC,BD-1062,24,112.54,17
2025-06-30,ENT-MTL,BD-1128,7,78.87,10
2024-01-31,ENT-MTL,BD-1020,6,32.44,15
2025-04-30,ENT-SAG,BD-1111,70,148.90,5
2025-11-30,ENT-QC,BD-1170,35,16.95,12
2025-07-31,ENT-SAG,BD-1067,37,28.64,6
2025-04-30,ENT-QC,BD-1146,24,225.52,14
2024-05-31,ENT-SAG,BD-1103,68,151.66,5
2024-12-31,ENT-MTL,BD-1160,21,40.71,14
2024-12-31,ENT-QC,BD-1155,90,322.38,17
2024-06-30,ENT-MTL,BD-1037,106,16.31,21
2025-04-30,ENT-QC,BD-1176,27,328.78,17
2024-09-30,ENT-MTL,BD-1154,63,323.13,12
2025-11-30,ENT-MTL,BD-1003,12,227.23,10
2025-11-30,ENT-QC,BD-1161,30,64.16,14
2024-08-31,ENT-QC,BD-1020,28,32.44,16
2025-09-30,ENT-QC,BD-1081,68,364.83,13
2024-06-30,ENT-QC,BD-1146,16,220.88,14
2024-02-29,ENT-MTL,BD-1134,13,60.50,10
2025-05-31,ENT-QC,BD-1126,54,133.03,12
2025-06-30,ENT-QC,BD-1015,71,325.38,14
2024-11-30,ENT-SAG,BD-1051,32,78.12,8
2024-04-30,ENT-SAG,BD-1163,26,294.58,4
2025-11-30,ENT-MTL,BD-1108,14,169.96,13
2025-06-30,ENT-QC,BD-1150,2,347.06,14
2025-07-31,ENT-QC,BD-1159,30,169.65,20
2024-11-30,ENT-MTL,BD-1073,62,255.00,13
2025-01-31,ENT-MTL,BD-1024,9,189.35,12
2025-04-30,ENT-QC,BD-1020,84,33.12,16
2025-06-30,ENT-QC,BD-1092,13,168.72,15
2024-03-31,ENT-QC,BD-1010,14,87.08,12
2024-11-30,ENT-SAG,BD-1109,6,303.82,4
2025-09-30,ENT-MTL,BD-1095,30,64.62,7
2025-05-31,ENT-SAG,BD-1178,58,119.43,7
2025-01-31,ENT-QC,BD-1016,13,224.02,9
2025-12-31,ENT-QC,BD-1051,29,79.76,18
2025-12-31,ENT-QC,BD-1060,23,291.44,17
2025-12-31,ENT-QC,BD-1104,7,76.70,11
2024-01-31,ENT-QC,BD-1037,17,16.31,22
2024-06-30,ENT-QC,BD-1034,65,151.89,13
2025-08-31,ENT-SAG,BD-1137,1,25.59,5
2024-05-31,ENT-SAG,BD-1163,26,294.58,4
2025-11-30,ENT-SAG,BD-1037,26,16.65,9
2025-09-30,ENT-MTL,BD-1074,46,130.44,12
2024-02-29,ENT-QC,BD-1123,11,129.56,13
2025-05-31,ENT-SAG,BD-9116,131,291.44,7
2024-08-31,ENT-QC,BD-1085,62,40.90,10
2025-03-31,ENT-QC,BD-1004,11,158.83,11
2025-04-30,ENT-MTL,BD-1174,19,169.01,12
2025-08-31,ENT-MTL,BD-1120,4,186.72,11
2024-07-31,ENT-SAG,BD-1181,41,305.97,8
2024-05-31,ENT-SAG,BD-1149,20,108.85,7
2024-01-31,ENT-QC,BD-1114,5,149.59,12
2025-11-30,ENT-MTL,BD-1136,66,112.45,12
2024-07-31,ENT-QC,BD-1173,30,207.98,16
2024-10-31,ENT-SAG,BD-1063,43,242.15,9
2024-11-30,ENT-SAG,BD-1163,18,294.58,4
2024-03-31,ENT-QC,BD-1180,27,93.34,15
2025-09-30,ENT-MTL,BD-1077,62,171.09,13
2025-09-30,ENT-SAG,BD-1103,14,154.84,5
2025-09-30,ENT-QC,BD-1146,80,225.52,14
2025-10-31,ENT-SAG,BD-1078,59,238.11,4
2024-11-30,ENT-QC,BD-1145,68,108.83,16
2024-11-30,ENT-QC,BD-1119,13,58.44,11
2024-07-31,ENT-QC,BD-1104,19,75.12,11
2024-08-31,ENT-QC,BD-1165,13,105.70,12
2024-01-31,ENT-QC,BD-1004,0,155.56,11
2025-03-31,ENT-SAG,BD-1097,19,214.46,5
2025-12-31,ENT-MTL,BD-1094,3,124.30,11
2024-09-30,ENT-QC,BD-1014,22,26.62,15
2024-03-31,ENT-QC,BD-1090,1,57.58,12
2024-08-31,ENT-MTL,BD-1137,15,25.06,13
2024-08-31,ENT-SAG,BD-1094,74,121.74,5
2025-02-28,ENT-QC,BD-1032,24,347.11,13
2025-02-28,ENT-QC,BD-1115,0,47.23,11
2024-09-30,ENT-MTL,BD-1116,19,58.93,16
2025-11-30,ENT-SAG,BD-1060,24,291.44,7
2025-06-30,ENT-QC,BD-1103,75,154.84,13
2024-04-30,ENT-MTL,BD-1038,98,313.36,20
2024-04-30,ENT-SAG,BD-1090,10,57.58,5
2024-04-30,ENT-MTL,BD-1169,38,276.47,13
2024-07-31,ENT-QC,BD-1179,19,226.59,12
2024-12-31,ENT-MTL,BD-1086,0,80.72,11
2025-09-30,ENT-QC,BD-1006,14,182.47,11
2024-12-31,ENT-SAG,BD-1160,37,40.71,6
2025-12-31,ENT-MTL,BD-1083,11,189.32,10
2024-10-31,ENT-QC,BD-1131,84,36.32,14
2024-09-30,ENT-MTL,BD-1168,31,224.71,12
2025-05-31,ENT-QC,BD-1115,58,47.23,11
2024-04-30,ENT-MTL,BD-1006,36,178.72,10
2024-12-31,ENT-QC,BD-1173,44,207.98,16
2025-12-31,ENT-QC,BD-1015,21,325.38,14
2025-09-30,ENT-QC,BD-1103,19,154.84,13
2025-04-30,ENT-QC,BD-1182,32,58.06,14
2024-08-31,ENT-QC,BD-1096,61,170.74,10
2024-10-31,ENT-MTL,BD-1172,12,216.67,12
2025-06-30,ENT-SAG,BD-1143,0,220.45,5
2024-02-29,ENT-QC,BD-1071,21,301.72,16
2025-08-31,ENT-SAG,BD-1019,9,205.07,5
2024-02-29,ENT-MTL,BD-1032,9,339.97,12
2024-08-31,ENT-MTL,BD-1126,9,130.29,12
2024-07-31,ENT-QC,BD-1162,48,66.97,14
2024-08-31,ENT-SAG,BD-1099,64,287.66,5
2025-08-31,ENT-MTL,BD-1179,18,231.35,12
2025-06-30,ENT-QC,BD-1125,61,291.24,12
2024-02-29,ENT-MTL,BD-1001,5,182.30,8
2025-02-28,ENT-QC,BD-1161,28,64.16,14
2025-01-31,ENT-MTL,BD-1105,14,169.61,11
2024-01-31,ENT-QC,BD-1001,5,182.30,9
2025-07-31,ENT-QC,BD-1091,1,336.22,11
2024-04-30,ENT-QC,BD-1067,8,23.77,14
2024-10-31,ENT-QC,BD-1095,45,53.64,8
2025-04-30,ENT-QC,BD-1025,54,149.35,9
2024-01-31,ENT-QC,BD-1048,18,32.82,16
2025-08-31,ENT-MTL,BD-1058,66,149.54,17
2024-03-31,ENT-QC,BD-1163,24,294.58,11
2025-05-31,ENT-QC,BD-1099,18,346.57,12
2024-04-30,ENT-SAG,BD-1150,8,339.92,6
2025-09-30,ENT-QC,BD-1018,12,247.17,6
2025-10-31,ENT-SAG,BD-1075,97,71.97,5
2024-04-30,ENT-MTL,BD-1077,0,167.57,13
2025-01-31,ENT-SAG,BD-1073,17,260.35,6
2024-01-31,ENT-QC,BD-1022,8,247.74,8
2025-06-30,ENT-QC,BD-1122,49,212.67,11
2025-11-30,ENT-QC,BD-1148,69,302.28,12
2025-08-31,ENT-MTL,BD-1137,5,25.59,13
2024-06-30,ENT-QC,BD-1163,10,294.58,11
2024-06-30,ENT-SAG,BD-1111,77,145.84,5
2025-09-30,ENT-SAG,BD-1037,38,16.65,9
2025-03-31,ENT-MTL,BD-1181,36,312.40,17
2025-10-31,ENT-QC,BD-1038,17,319.94,21
2024-06-30,ENT-MTL,BD-1094,10,121.74,11
2024-01-31,ENT-QC,BD-1063,20,242.15,21
2024-09-30,ENT-MTL,BD-1060,5,241.90,16
2024-11-30,ENT-QC,BD-1001,8,182.30,9
2024-11-30,ENT-SAG,BD-1120,17,182.88,5
2024-04-30,ENT-MTL,BD-1010,47,87.08,11
2024-08-31,ENT-SAG,BD-1080,77,173.12,5
2025-09-30,ENT-MTL,BD-1106,3,340.08,13
2024-03-31,ENT-QC,BD-1021,0,201.55,12
2025-04-30,ENT-MTL,BD-1108,51,169.96,13
2024-12-31,ENT-QC,BD-1044,0,195.45,17
2025-04-30,ENT-QC,BD-1061,88,76.81,18
2024-07-31,ENT-QC,BD-1093,18,132.18,10
2024-11-30,ENT-MTL,BD-1174,31,165.53,12
2024-10-31,ENT-SAG,BD-1160,42,40.71,6
2025-10-31,ENT-MTL,BD-1115,9,47.23,11
2024-07-31,ENT-MTL,BD-1168,21,224.71,12
2025-03-31,ENT-QC,BD-1143,12,220.45,13
2024-09-30,ENT-MTL,BD-1179,22,226.59,12
2025-04-30,ENT-QC,BD-1050,90,297.82,19
2025-12-31,ENT-SAG,BD-1169,52,282.28,6
2024-10-31,ENT-MTL,BD-1076,49,281.11,11
2025-07-31,ENT-MTL,BD-1062,79,135.59,16
2024-06-30,ENT-MTL,BD-1085,6,40.90,9
2024-06-30,ENT-QC,BD-1171,36,83.70,12
2024-11-30,ENT-QC,BD-1154,75,323.13,13
2024-12-31,ENT-MTL,BD-1179,11,226.59,12
2024-03-31,ENT-QC,BD-1016,6,219.41,9
2024-01-31,ENT-QC,BD-1062,30,112.54,17
2024-04-30,ENT-MTL,BD-1001,39,182.30,8
2024-12-31,ENT-MTL,BD-1120,17,182.88,11
2024-11-30,ENT-QC,BD-1176,34,322.02,17
2024-07-31,ENT-QC,BD-1111,4,145.84,12
2025-02-28,ENT-SAG,BD-1075,11,60.99,5
2025-06-30,ENT-SAG,BD-1009,45,67.67,3
2025-10-31,ENT-QC,BD-1129,90,46.45,20
2024-04-30,ENT-MTL,BD-1133,9,61.66,15
2024-04-30,ENT-QC,BD-1156,0,161.25,12
2025-11-30,ENT-QC,BD-1047,12,71.53,15
2024-06-30,ENT-SAG,BD-1102,0,255.33,4
2025-07-31,ENT-SAG,BD-1150,0,347.06,6
2025-05-31,ENT-MTL,BD-1154,20,329.92,12
2025-07-31,ENT-QC,BD-1055,93,213.75,16
2024-02-29,ENT-QC,BD-1180,29,93.34,15
2025-05-31,ENT-SAG,BD-1005,72,208.35,5
2024-07-31,ENT-QC,BD-1009,49,66.28,9
2024-06-30,ENT-QC,BD-1161,37,62.84,14
2025-01-31,ENT-MTL,BD-1129,9,46.45,19
2024-03-31,ENT-QC,BD-1120,1,182.88,12
2024-05-31,ENT-MTL,BD-1036,90,159.06,18
2025-12-31,ENT-MTL,BD-1123,0,132.28,13
2025-09-30,ENT-MTL,BD-1025,4,149.35,9
2025-09-30,ENT-MTL,BD-1137,52,25.59,13
2024-04-30,ENT-MTL,BD-1058,78,146.46,17
2024-09-30,ENT-QC,BD-1132,71,125.81,14
2024-01-31,ENT-SAG,BD-1181,39,305.97,8
2025-08-31,ENT-SAG,BD-1157,22,25.21,5
2025-03-31,ENT-SAG,BD-1067,20,24.27,6
2024-06-30,ENT-QC,BD-1153,9,113.61,11
2024-12-31,ENT-SAG,BD-1172,27,216.67,5
2024-01-31,ENT-MTL,BD-1071,0,301.72,15
2025-07-31,ENT-SAG,BD-1104,20,76.70,5
2024-10-31,ENT-MTL,BD-1110,7,178.91,12
2024-01-31,ENT-MTL,BD-1121,1,43.73,9
2024-07-31,ENT-MTL,BD-1006,47,178.72,10
2025-03-31,ENT-SAG,BD-1181,45,312.40,8
2024-09-30,ENT-MTL,BD-1124,1,150.61,12
2025-04-30,ENT-QC,BD-1002,45,298.72,7
2025-02-28,ENT-QC,BD-1029,21,243.45,10
2025-12-31,ENT-SAG,BD-1074,17,130.44,5
2025-03-31,ENT-MTL,BD-1076,15,287.01,11
2025-04-30,ENT-SAG,BD-1045,106,78.37,6
2024-08-31,ENT-SAG,BD-1061,108,75.23,7
2024-11-30,ENT-QC,BD-1035,20,30.00,19
2024-05-31,ENT-MTL,BD-1137,30,25.06,13
2025-10-31,ENT-QC,BD-1022,7,298.47,8
2024-08-31,ENT-QC,BD-1057,94,19.26,17
2024-09-30,ENT-QC,BD-1156,66,161.25,12
2025-11-30,ENT-MTL,BD-1074,48,130.44,12
2025-03-31,ENT-QC,BD-1097,16,214.46,12
2024-02-29,ENT-QC,BD-1153,15,113.61,11
2025-05-31,ENT-SAG,BD-1131,4,37.08,6
2025-09-30,ENT-SAG,BD-1111,8,148.90,5
2024-12-31,ENT-MTL,BD-1082,11,278.39,10
2025-11-30,ENT-SAG,BD-1161,39,64.16,6
2024-10-31,ENT-QC,BD-1087,85,211.22,15
2025-01-31,ENT-SAG,BD-1156,0,164.64,5
2024-12-31,ENT-SAG,BD-1163,27,294.58,4
2025-11-30,ENT-SAG,BD-1029,8,243.45,4
2024-10-31,ENT-QC,BD-1058,14,146.46,18
2024-05-31,ENT-SAG,BD-1033,103,110.89,6
2025-03-31,ENT-QC,BD-1151,19,92.25,10
2025-06-30,ENT-QC,BD-1154,25,329.92,13
2024-08-31,ENT-MTL,BD-1111,1,145.84,11
2024-12-31,ENT-QC,BD-1089,16,157.64,12
2024-09-30,ENT-MTL,BD-1102,37,255.33,10
2025-06-30,ENT-QC,BD-1142,13,100.93,11
2024-07-31,ENT-SAG,BD-1126,28,130.29,5
2024-01-31,ENT-QC,BD-1087,9,211.22,15
2024-07-31,ENT-SAG,BD-1098,15,257.11,6
2025-03-31,ENT-SAG,BD-1169,41,282.28,6
2024-03-31,ENT-MTL,BD-1138,18,86.38,13
2024-08-31,ENT-QC,BD-1040,77,268.77,18
2025-07-31,ENT-MTL,BD-1040,75,274.41,17
2024-07-31,ENT-QC,BD-1064,66,69.43,15
2024-07-31,ENT-MTL,BD-1133,0,61.66,15
2025-08-31,ENT-MTL,BD-1017,15,313.71,13
2024-05-31,ENT-QC,BD-1127,26,170.72,15
2025-04-30,ENT-SAG,BD-1083,2,160.44,4
2025-02-28,ENT-QC,BD-1144,18,98.33,15
2025-02-28,ENT-QC,BD-1181,15,312.40,18
2024-02-29,ENT-QC,BD-1140,3,40.41,12
2025-02-28,ENT-MTL,BD-1156,12,164.64,11
2024-12-31,ENT-MTL,BD-1109,10,303.82,10
2025-06-30,ENT-QC,BD-1030,56,119.13,11
2024-11-30,ENT-SAG,BD-1145,95,108.83,7
2025-05-31,ENT-MTL,BD-1138,5,88.19,13
2025-09-30,ENT-QC,BD-1013,13,315.34,12
2025-03-31,ENT-QC,BD-1133,30,62.95,16
2025-06-30,ENT-MTL,BD-1129,8,46.45,19
2025-07-31,ENT-MTL,BD-1152,5,271.40,9
2024-02-29,ENT-QC,BD-1064,7,69.43,15
2025-11-30,ENT-MTL,BD-1059,17,391.48,16
2025-08-31,ENT-QC,BD-1153,9,116.00,11
2024-07-31,ENT-QC,BD-1056,100,287.11,19
2025-02-28,ENT-QC,BD-1034,13,155.08,13
2024-09-30,ENT-SAG,BD-1127,91,170.72,6
2024-06-30,ENT-QC,BD-1108,68,166.46,14
2025-09-30,ENT-QC,BD-1043,26,300.28,15
2024-10-31,ENT-QC,BD-1034,2,151.89,13
2025-11-30,ENT-MTL,BD-1148,54,302.28,11
2024-11-30,ENT-QC,BD-1032,5,339.97,13
2025-06-30,ENT-SAG,BD-1108,84,169.96,6
2025-07-31,ENT-QC,BD-1109,11,310.20,11
2024-04-30,ENT-SAG,BD-1027,105,249.72,6
2025-01-31,ENT-MTL,BD-1096,0,174.33,10
2024-01-31,ENT-MTL,BD-1033,4,110.89,13
2025-12-31,ENT-MTL,BD-1066,6,240.06,9
2024-12-31,ENT-QC,BD-1004,8,155.56,11
2025-09-30,ENT-SAG,BD-1178,46,119.43,7
2025-06-30,ENT-MTL,BD-1027,63,254.96,14
2024-09-30,ENT-QC,BD-1071,89,301.72,16
2024-06-30,ENT-QC,BD-1059,77,324.94,16
2024-02-29,ENT-SAG,BD-1026,17,241.74,4
2024-07-31,ENT-MTL,BD-1085,14,40.90,9
2024-08-31,ENT-QC,BD-1140,15,40.41,12
2025-04-30,ENT-QC,BD-1001,45,186.13,9
2025-10-31,ENT-QC,BD-1047,26,71.53,15
2024-02-29,ENT-QC,BD-1074,14,108.27,13
2025-03-31,ENT-QC,BD-1087,19,215.66,15
2024-07-31,ENT-QC,BD-1163,16,294.58,11
2025-05-31,ENT-MTL,BD-1168,19,229.43,12
2024-08-31,ENT-SAG,BD-1163,46,294.58,4
2025-01-31,ENT-MTL,BD-1079,0,147.87,12
2024-05-31,ENT-QC,BD-1032,71,339.97,13
2025-04-30,ENT-QC,BD-1168,31,229.43,13
2024-03-31,ENT-SAG,BD-1047,98,70.06,6
2024-08-31,ENT-QC,BD-1174,25,165.53,13
2025-06-30,ENT-SAG,BD-1130,0,323.89,6
2025-02-28,ENT-SAG,BD-1121,10,44.65,4
2024-04-30,ENT-SAG,BD-1021,69,201.55,5
2024-01-31,ENT-MTL,BD-1055,0,209.35,15
2025-11-30,ENT-SAG,BD-1045,20,78.37,6
2025-07-31,ENT-QC,BD-1103,14,154.84,13
2024-07-31,ENT-MTL,BD-1041,63,159.88,15
2024-01-31,ENT-QC,BD-1035,11,30.00,19
2025-12-31,ENT-QC,BD-1032,10,409.59,13
2024-01-31,ENT-MTL,BD-1103,9,151.66,12
2025-02-28,ENT-SAG,BD-1027,19,254.96,6
2024-04-30,ENT-SAG,BD-1127,15,170.72,6
2024-02-29,ENT-MTL,BD-1027,18,249.72,14
2025-10-31,ENT-MTL,BD-1071,75,363.51,15
2024-12-31,ENT-QC,BD-1182,35,56.87,14
2025-09-30,ENT-QC,BD-1086,63,97.25,12
2025-07-31,ENT-QC,BD-1090,8,69.37,12
2024-01-31,ENT-QC,BD-1111,3,145.84,12
2024-10-31,ENT-MTL,BD-1164,9,98.38,10
2025-04-30,ENT-MTL,BD-1034,49,155.08,12
2025-02-28,ENT-QC,BD-1002,6,298.72,7
2025-10-31,ENT-QC,BD-1113,2,281.81,10
2025-02-28,ENT-QC,BD-1091,9,284.93,11
2024-06-30,ENT-SAG,BD-1168,28,224.71,5
2025-07-31,ENT-SAG,BD-1057,88,23.20,7
2024-04-30,ENT-MTL,BD-1049,75,30.58,17
2024-01-31,ENT-QC,BD-1047,16,70.06,15
2025-03-31,ENT-SAG,BD-1002,0,298.72,3
2024-10-31,ENT-SAG,BD-1040,20,268.77,7
2025-09-30,ENT-MTL,BD-1001,12,219.63,8
2025-06-30,ENT-QC,BD-1037,123,16.65,22
2025-09-30,ENT-MTL,BD-1034,23,182.99,12
2024-01-31,ENT-MTL,BD-1085,10,40.90,9
2024-03-31,ENT-QC,BD-1037,121,16.31,22
2025-11-30,ENT-QC,BD-1138,80,88.19,14
2025-06-30,ENT-QC,BD-1161,36,64.16,14
2025-06-30,ENT-SAG,BD-1094,13,124.30,5
2024-02-29,ENT-QC,BD-1160,24,40.71,15
2025-07-31,ENT-SAG,BD-1017,87,313.71,6
2024-11-30,ENT-MTL,BD-1104,5,75.12,11
2024-12-31,ENT-QC,BD-1135,82,39.89,15
2025-07-31,ENT-SAG,BD-1071,0,363.51,7
2024-05-31,ENT-SAG,BD-1134,9,60.50,4
2024-08-31,ENT-SAG,BD-1117,12,98.28,4
2024-09-30,ENT-QC,BD-1171,34,83.70,12
2025-01-31,ENT-QC,BD-1155,16,329.15,17
2025-08-31,ENT-SAG,BD-1082,75,335.40,4
2024-03-31,ENT-MTL,BD-1101,18,62.94,12
2025-09-30,ENT-QC,BD-1028,19,143.73,14
2024-08-31,ENT-MTL,BD-1079,50,144.83,12
2024-11-30,ENT-QC,BD-1170,35,16.60,12
2025-08-31,ENT-QC,BD-1043,60,300.28,15
2024-03-31,ENT-QC,BD-1105,11,166.12,12
2025-02-28,ENT-QC,BD-1107,11,150.54,14
2025-03-31,ENT-SAG,BD-1148,3,302.28,5
2025-02-28,ENT-QC,BD-1169,25,282.28,14
2025-02-28,ENT-MTL,BD-1092,3,142.98,14
2025-12-31,ENT-MTL,BD-1046,8,372.17,17
2024-09-30,ENT-QC,BD-1149,97,108.85,18
2025-09-30,ENT-QC,BD-1174,21,169.01,13
2025-06-30,ENT-QC,BD-1044,82,199.55,17
2025-08-31,ENT-MTL,BD-1139,3,203.11,16
2024-10-31,ENT-QC,BD-1037,26,16.31,22
2025-03-31,ENT-QC,BD-1117,19,100.34,10
2025-07-31,ENT-MTL,BD-1113,8,281.81,9
2025-02-28,ENT-SAG,BD-1097,15,214.46,5
2024-05-31,ENT-QC,BD-1132,13,125.81,14
2024-04-30,ENT-MTL,BD-1158,20,180.81,15
2025-05-31,ENT-SAG,BD-1002,39,298.72,3
2025-07-31,ENT-SAG,BD-1122,8,212.67,4
2025-07-31,ENT-QC,BD-1150,10,347.06,14
2025-03-31,ENT-QC,BD-1134,11,61.77,10
2025-05-31,ENT-SAG,BD-1088,12,404.63,4
2024-04-30,ENT-QC,BD-1159,39,166.16,20
2024-02-29,ENT-MTL,BD-1089,11,157.64,11
2024-12-31,ENT-SAG,BD-1178,34,116.97,7
2025-09-30,ENT-SAG,BD-1088,66,404.63,4
2025-10-31,ENT-QC,BD-1085,54,49.28,10
2025-01-31,ENT-MTL,BD-1058,25,149.54,17
2024-06-30,ENT-MTL,BD-1071,10,301.72,15
2025-08-31,ENT-SAG,BD-1162,48,68.38,6
2024-11-30,ENT-MTL,BD-1096,32,170.74,10
2025-05-31,ENT-QC,BD-1045,73,78.37,16
2025-08-31,ENT-SAG,BD-1153,11,116.00,4
2024-03-31,ENT-QC,BD-1070,6,39.88,10
2024-06-30,ENT-QC,BD-1144,0,96.31,15
2025-11-30,ENT-QC,BD-1107,0,150.54,14
2024-11-30,ENT-QC,BD-1126,7,130.29,12
2025-09-30,ENT-SAG,BD-1120,24,186.72,5
2025-01-31,ENT-SAG,BD-1150,15,347.06,6
2025-12-31,ENT-MTL,BD-1118,14,343.17,12
2025-04-30,ENT-MTL,BD-1004,39,158.83,10
2025-01-31,ENT-MTL,BD-1038,38,319.94,20
2025-02-28,ENT-QC,BD-1141,8,314.24,10
2024-04-30,ENT-QC,BD-1155,28,322.38,17
2024-11-30,ENT-MTL,BD-1167,29,205.42,12
2025-09-30,ENT-QC,BD-1065,71,155.19,12
2024-06-30,ENT-QC,BD-1168,11,224.71,13
2025-12-31,ENT-QC,BD-1107,2,150.54,14
2025-06-30,ENT-MTL,BD-1047,66,71.53,14
2024-12-31,ENT-QC,BD-1090,12,57.58,12
2024-01-31,ENT-MTL,BD-1056,9,287.11,18
2025-04-30,ENT-SAG,BD-1156,7,164.64,5
2025-12-31,ENT-SAG,BD-1061,13,76.81,7
2025-06-30,ENT-MTL,BD-1116,75,60.17,16
2025-07-31,ENT-SAG,BD-1068,16,342.49,5
2024-12-31,ENT-MTL,BD-1084,18,312.00,12
2025-07-31,ENT-SAG,BD-1141,31,314.24,4
2024-01-31,ENT-MTL,BD-1086,26,80.72,11
2024-04-30,ENT-QC,BD-1112,64,65.64,13
2024-11-30,ENT-MTL,BD-1180,28,93.34,14
2024-01-31,ENT-QC,BD-1050,18,291.69,19
2025-03-31,ENT-QC,BD-1175,43,96.85,17
2025-04-30,ENT-SAG,BD-1090,14,58.79,5
2025-01-31,ENT-QC,BD-1095,4,54.77,8
2024-08-31,ENT-QC,BD-1077,76,167.57,14
2025-04-30,ENT-QC,BD-1151,13,92.25,10
2025-02-28,ENT-MTL,BD-1160,24,41.56,14
2024-02-29,ENT-MTL,BD-1004,5,155.56,10
2024-08-31,ENT-MTL,BD-1031,12,294.44,13
2025-12-31,ENT-SAG,BD-1063,11,247.24,9
2024-02-29,ENT-MTL,BD-1047,13,70.06,14
2025-07-31,ENT-QC,BD-1044,86,199.55,17
2024-06-30,ENT-QC,BD-1009,53,66.28,9
2025-01-31,ENT-SAG,BD-1145,26,111.12,7
2024-10-31,ENT-MTL,BD-1154,43,323.13,12
2024-03-31,ENT-MTL,BD-1156,1,161.25,11
2024-04-30,ENT-MTL,BD-1129,13,45.49,19
2025-03-31,ENT-SAG,BD-1177,36,215.66,5
2025-06-30,ENT-QC,BD-1113,50,281.81,10
2025-02-28,ENT-QC,BD-1099,8,293.70,12
2025-09-30,ENT-MTL,BD-1028,19,143.73,13
2025-03-31,ENT-SAG,BD-1166,35,217.35,5
2024-03-31,ENT-QC,BD-1109,27,303.82,11
2025-11-30,ENT-MTL,BD-1091,48,336.22,11
2025-06-30,ENT-QC,BD-1121,45,44.65,10
2024-08-31,ENT-QC,BD-1181,22,305.97,18
2025-08-31,ENT-MTL,BD-1031,10,300.62,13
2024-07-31,ENT-QC,BD-1047,92,70.06,15
2024-09-30,ENT-MTL,BD-1071,74,301.72,15
2024-05-31,ENT-SAG,BD-1019,76,170.21,5
2025-11-30,ENT-QC,BD-1028,13,143.73,14
2024-07-31,ENT-MTL,BD-1077,8,167.57,13
2025-05-31,ENT-QC,BD-1068,11,342.49,13
2025-11-30,ENT-SAG,BD-1076,83,338.68,5
2025-12-31,ENT-MTL,BD-1067,15,28.64,13
2025-12-31,ENT-QC,BD-1122,4,212.67,11
2024-07-31,ENT-MTL,BD-1160,37,40.71,14
2025-04-30,ENT-SAG,BD-1165,26,107.92,5
2025-11-30,ENT-QC,BD-1134,55,61.77,10
2024-08-31,ENT-MTL,BD-1118,6,336.11,12
2025-11-30,ENT-SAG,BD-1097,51,253.06,5
2025-04-30,ENT-SAG,BD-1179,34,231.35,5
2024-08-31,ENT-QC,BD-1149,29,108.85,18
2025-12-31,ENT-SAG,BD-1117,17,100.34,4
2025-09-30,ENT-QC,BD-1159,28,169.65,20
2025-12-31,ENT-QC,BD-1154,77,329.92,13
2024-05-31,ENT-QC,BD-1138,12,86.38,14
2024-06-30,ENT-MTL,BD-1146,12,220.88,14
2024-02-29,ENT-QC,BD-1017,9,307.26,14
2024-06-30,ENT-MTL,BD-1101,4,62.94,12
2024-06-30,ENT-MTL,BD-1025,42,146.28,9
2024-06-30,ENT-MTL,BD-1179,22,226.59,12
2024-08-31,ENT-QC,BD-1115,5,46.26,11
2025-03-31,ENT-QC,BD-1065,18,131.52,12
2025-02-28,ENT-MTL,BD-1116,9,60.17,16
2025-11-30,ENT-MTL,BD-1048,13,33.51,15
2024-05-31,ENT-MTL,BD-1111,50,145.84,11
2025-05-31,ENT-SAG,BD-1089,17,189.92,5
2025-01-31,ENT-SAG,BD-1088,0,342.90,4
2024-04-30,ENT-SAG,BD-1133,21,61.66,7
2025-05-31,ENT-SAG,BD-1047,92,71.53,6
2025-10-31,ENT-MTL,BD-1001,3,219.63,8
2025-05-31,ENT-SAG,BD-1112,76,67.02,5
2025-11-30,ENT-QC,BD-1026,2,246.82,11
2025-12-31,ENT-MTL,BD-1175,32,96.85,16
2024-01-31,ENT-QC,BD-1169,30,276.47,14
2025-10-31,ENT-MTL,BD-1101,56,75.83,12
2025-05-31,ENT-SAG,BD-1017,68,313.71,6
2024-02-29,ENT-QC,BD-1063,18,242.15,21
2025-09-30,ENT-MTL,BD-1170,23,16.95,12
2025-09-30,ENT-SAG,BD-1126,21,133.03,5
2025-05-31,ENT-QC,BD-1104,60,76.70,11
2025-11-30,ENT-SAG,BD-1050,43,297.82,8
2025-12-31,ENT-MTL,BD-1146,70,225.52,14
2025-07-31,ENT-QC,BD-1100,9,369.19,11
2025-07-31,ENT-MTL,BD-1131,19,37.08,13
2024-09-30,ENT-MTL,BD-1096,48,170.74,10
2025-02-28,ENT-QC,BD-1102,9,260.69,10
2024-09-30,ENT-SAG,BD-1038,25,313.36,9
2025-01-31,ENT-SAG,BD-1167,39,209.73,5
2024-01-31,ENT-MTL,BD-1036,8,159.06,18
2024-03-31,ENT-SAG,BD-1097,20,210.05,5
2025-01-31,ENT-SAG,BD-1041,11,163.24,7
2025-08-31,ENT-MTL,BD-1156,6,164.64,11
2025-11-30,ENT-QC,BD-1069,62,239.15,12
2025-05-31,ENT-MTL,BD-1161,17,64.16,13
2024-03-31,ENT-MTL,BD-1173,13,207.98,15
2024-09-30,ENT-QC,BD-1024,20,185.46,12
2025-05-31,ENT-SAG,BD-1036,120,191.63,8
2025-09-30,ENT-QC,BD-1170,20,16.95,12
2024-09-30,ENT-QC,BD-1063,35,242.15,21
2024-03-31,ENT-MTL,BD-1048,72,32.82,15
2024-08-31,ENT-SAG,BD-1072,76,196.62,5
2025-06-30,ENT-MTL,BD-1090,3,69.37,11
2024-08-31,ENT-MTL,BD-1021,0,201.55,11
2024-07-31,ENT-MTL,BD-1123,8,129.56,13
2025-07-31,ENT-MTL,BD-1003,47,227.23,10
2024-09-30,ENT-MTL,BD-1135,77,39.89,14
2025-06-30,ENT-SAG,BD-1028,83,143.73,6
2024-09-30,ENT-QC,BD-1058,7,146.46,18
2024-08-31,ENT-SAG,BD-1107,10,147.44,6
2025-10-31,ENT-MTL,BD-1074,48,130.44,12
2024-12-31,ENT-SAG,BD-1150,85,339.92,6
2025-10-31,ENT-QC,BD-1162,31,68.38,14
2024-11-30,ENT-MTL,BD-1134,47,60.50,10
2025-11-30,ENT-MTL,BD-1004,0,158.83,10
2024-01-31,ENT-MTL,BD-1040,35,268.77,17
2025-03-31,ENT-MTL,BD-1079,9,147.87,12
2024-09-30,ENT-QC,BD-1026,3,241.74,11
2024-11-30,ENT-QC,BD-1118,0,336.11,13
2024-10-31,ENT-SAG,BD-1124,30,150.61,5
2025-04-30,ENT-MTL,BD-1096,8,174.33,10
2025-12-31,ENT-SAG,BD-1134,62,61.77,4
2024-03-31,ENT-SAG,BD-1082,16,278.39,4
2024-11-30,ENT-SAG,BD-1045,11,76.76,6
2024-04-30,ENT-MTL,BD-1019,62,170.21,11
2024-02-29,ENT-QC,BD-1176,20,322.02,17
2025-12-31,ENT-QC,BD-1093,13,159.25,10
2024-05-31,ENT-QC,BD-1023,86,239.29,14
2024-10-31,ENT-QC,BD-1153,62,113.61,11
2024-10-31,ENT-SAG,BD-1078,51,197.64,4
2025-04-30,ENT-MTL,BD-1169,31,282.28,13
2024-05-31,ENT-SAG,BD-1052,114,179.27,7
2024-09-30,ENT-MTL,BD-1131,56,36.32,13
2024-10-31,ENT-MTL,BD-1072,57,196.62,12
2025-11-30,ENT-SAG,BD-1019,24,205.07,5
2024-09-30,ENT-MTL,BD-1059,12,324.94,16
2024-05-31,ENT-QC,BD-1004,58,155.56,11
2025-12-31,ENT-SAG,BD-1116,38,60.17,7
2025-07-31,ENT-QC,BD-1086,11,97.25,12
2024-08-31,ENT-MTL,BD-1134,1,60.50,10
2025-09-30,ENT-MTL,BD-1036,11,191.63,18
2024-11-30,ENT-MTL,BD-1076,53,281.11,11
2024-05-31,ENT-MTL,BD-9614,7,278.39,10
2024-05-31,ENT-MTL,BD-1129,12,45.49,19
2024-12-31,ENT-SAG,BD-1043,13,294.10,6
2025-08-31,ENT-QC,BD-1143,5,220.45,13
2024-03-31,ENT-QC,BD-1029,5,238.44,10
2025-11-30,ENT-QC,BD-1113,17,281.81,10
2025-03-31,ENT-MTL,BD-1002,3,298.72,7
2025-10-31,ENT-MTL,BD-1089,48,189.92,11
2024-01-31,ENT-QC,BD-1077,24,167.57,14
2025-08-31,ENT-QC,BD-1005,7,208.35,13
2025-01-31,ENT-MTL,BD-1108,11,169.96,13
2025-05-31,ENT-SAG,BD-1037,126,16.65,9
2025-07-31,ENT-SAG,BD-1051,120,79.76,8
2024-10-31,ENT-QC,BD-1092,62,140.04,15
2024-05-31,ENT-MTL,BD-1174,24,165.53,12
2025-05-31,ENT-MTL,BD-1084,3,375.89,12
2025-04-30,ENT-QC,BD-1105,55,169.61,12
2024-08-31,ENT-MTL,BD-1053,-2,176.84,19
2025-04-30,ENT-SAG,BD-1180,13,95.30,6
2025-12-31,ENT-QC,BD-1171,20,85.46,12
2024-10-31,ENT-QC,BD-1012,23,68.19,11
2024-08-31,ENT-SAG,BD-1149,27,108.85,7
2024-02-29,ENT-MTL,BD-1036,16,159.06,18
2025-01-31,ENT-SAG,BD-1122,19,212.67,4
2025-09-30,ENT-SAG,BD-1017,12,313.71,6
2024-06-30,ENT-MTL,BD-1144,2,96.31,14
2025-07-31,ENT-MTL,BD-1067,19,28.64,13
2024-03-31,ENT-QC,BD-1159,24,166.16,20
2024-05-31,ENT-MTL,BD-1014,53,26.62,14
2025-01-31,ENT-MTL,BD-1142,7,100.93,10
2025-04-30,ENT-SAG,BD-1063,124,247.24,9
2024-03-31,ENT-MTL,BD-1142,18,98.85,10
2025-02-28,ENT-QC,BD-1137,23,25.59,13
2025-04-30,ENT-QC,BD-1023,64,244.32,14
2025-04-30,ENT-QC,BD-1081,19,309.18,13
2024-05-31,ENT-MTL,BD-1049,75,30.58,17
2024-02-29,ENT-MTL,BD-1121,15,43.73,9
2025-12-31,ENT-QC,BD-1005,25,208.35,13
2024-01-31,ENT-QC,BD-1095,0,53.64,8
2024-09-30,ENT-QC,BD-1155,101,322.38,17
2025-02-28,ENT-SAG,BD-1108,19,169.96,6
2024-04-30,ENT-MTL,BD-1171,20,83.70,12
2024-09-30,ENT-QC,BD-1111,14,145.84,12
2024-06-30,ENT-SAG,BD-1068,15,284.28,5
2025-10-31,ENT-MTL,BD-1152,40,271.40,9
2025-11-30,ENT-SAG,BD-1111,2,148.90,5
2025-03-31,ENT-MTL,BD-1040,75,274.41,17
2025-10-31,ENT-SAG,BD-1111,15,148.90,5
2024-08-31,ENT-MTL,BD-1149,23,108.85,17
2025-06-30,ENT-MTL,BD-1066,8,240.06,9
2024-09-30,ENT-SAG,BD-1130,91,317.23,6
2025-02-28,ENT-SAG,BD-1103,13,154.84,5
2024-06-30,ENT-QC,BD-1042,130,261.53,23
2024-09-30,ENT-SAG,BD-1172,38,216.67,5
2025-12-31,ENT-MTL,BD-1163,22,300.77,10
2024-02-29,ENT-QC,BD-1092,25,140.04,15
2024-05-31,ENT-MTL,BD-1044,63,195.45,16
2024-04-30,ENT-SAG,BD-1156,14,161.25,5
2025-03-31,ENT-MTL,BD-1164,24,100.45,10
2025-03-31,ENT-QC,BD-1021,0,205.78,12
2024-09-30,ENT-SAG,BD-1051,20,78.12,8
2024-04-30,ENT-SAG,BD-1098,15,257.11,6
2024-07-31,ENT-MTL,BD-1178,39,116.97,16
2025-09-30,ENT-MTL,BD-1135,52,40.73,14
2024-06-30,ENT-SAG,BD-1130,14,317.23,6
2024-08-31,ENT-MTL,BD-1002,6,292.58,7
2025-11-30,ENT-QC,BD-1111,22,148.90,12
2025-12-31,ENT-SAG,BD-1112,14,67.02,5
2025-06-30,ENT-QC,BD-1005,68,208.35,13
2024-08-31,ENT-QC,BD-1158,19,180.81,16
2025-04-30,ENT-QC,BD-1067,9,24.27,14
2025-11-30,ENT-MTL,BD-1162,35,68.38,14
2024-11-30,ENT-MTL,BD-1173,13,207.98,15
2025-01-31,ENT-QC,BD-1154,13,329.92,13
2025-01-31,ENT-SAG,BD-1121,9,44.65,4
2025-09-30,ENT-QC,BD-1150,91,347.06,14
2024-07-31,ENT-SAG,BD-1124,25,150.61,5
2025-02-28,ENT-QC,BD-1117,0,100.34,10
2024-04-30,ENT-QC,BD-1068,13,284.28,13
2025-06-30,ENT-QC,BD-1075,16,71.97,13
2025-04-30,ENT-MTL,BD-1107,59,150.54,13
2024-03-31,ENT-SAG,BD-1075,26,59.74,5
2024-01-31,ENT-MTL,BD-1044,14,195.45,16
2025-04-30,ENT-QC,BD-1086,12,82.42,12
2025-03-31,ENT-QC,BD-1119,17,59.67,11
2025-12-31,ENT-QC,BD-1023,15,244.32,14
2025-10-31,ENT-QC,BD-1135,87,40.73,15
2024-10-31,ENT-SAG,BD-1149,87,108.85,7
2024-03-31,ENT-QC,BD-1047,68,70.06,15
2025-11-30,ENT-QC,BD-1171,33,85.46,12
2024-12-31,ENT-MTL,BD-1080,7,173.12,11
2025-04-30,ENT-QC,BD-1085,12,41.76,10
2025-06-30,ENT-QC,BD-1107,88,150.54,14
2024-01-31,ENT-MTL,BD-1029,4,238.44,10
2025-10-31,ENT-QC,BD-1032,0,409.59,13
2025-07-31,ENT-SAG,BD-1132,17,128.45,6
2024-09-30,ENT-QC,BD-1020,15,32.44,16
2025-08-31,ENT-MTL,BD-1099,53,346.57,11
2025-07-31,ENT-SAG,BD-1040,107,274.41,7
2024-07-31,ENT-QC,BD-1115,21,46.26,11
2025-02-28,ENT-SAG,BD-1063,18,247.24,9
2025-07-31,ENT-SAG,BD-1038,120,319.94,9
2024-12-31,ENT-MTL,BD-1128,47,77.25,10
2025-09-30,ENT-QC,BD-1052,21,183.03,17
2024-09-30,ENT-SAG,BD-1180,45,93.34,6
2025-08-31,ENT-SAG,BD-1099,70,346.57,5
2025-12-31,ENT-MTL,BD-1149,58,111.14,17
2024-07-31,ENT-MTL,BD-1169,15,276.47,13
2025-02-28,ENT-SAG,BD-1120,17,186.72,5
2024-05-31,ENT-QC,BD-1056,107,287.11,19
2025-11-30,ENT-MTL,BD-1001,1,219.63,8
2025-03-31,ENT-QC,BD-1080,10,176.76,12
2025-04-30,ENT-MTL,BD-1027,58,254.96,14
2025-02-28,ENT-SAG,BD-1055,21,213.75,7
2024-10-31,ENT-QC,BD-1085,56,40.90,10
2025-09-30,ENT-SAG,BD-1112,7,67.02,5
2025-10-31,ENT-MTL,BD-1117,6,100.34,10
2025-05-31,ENT-MTL,BD-1157,24,25.21,12
2025-06-30,ENT-MTL,BD-1124,50,153.77,12
2025-08-31,ENT-SAG,BD-1140,17,41.26,5
2025-11-30,ENT-MTL,BD-1101,65,75.83,12
2025-04-30,ENT-QC,BD-1018,37,247.17,6
2025-11-30,ENT-QC,BD-1089,59,189.92,12
2024-05-31,ENT-QC,BD-1029,47,238.44,10
2024-10-31,ENT-MTL,BD-1099,59,287.66,11
2024-11-30,ENT-MTL,BD-1108,16,166.46,13
2025-10-31,ENT-MTL,BD-1028,1,143.73,13
2025-05-31,ENT-SAG,BD-1071,16,363.51,7
2025-03-31,ENT-SAG,BD-1109,16,310.20,4
2025-07-31,ENT-QC,BD-1029,61,243.45,10
2025-10-31,ENT-MTL,BD-1086,56,97.25,11
2024-11-30,ENT-MTL,BD-1029,15,238.44,10
2024-02-29,ENT-QC,BD-1044,0,195.45,17
2024-05-31,ENT-QC,BD-1162,32,66.97,14
2025-05-31,ENT-SAG,BD-1133,11,62.95,7
2025-04-30,ENT-QC,BD-1062,89,114.90,17
2024-07-31,ENT-QC,BD-1048,69,32.82,16
2025-02-28,ENT-SAG,BD-1016,0,224.02,4
2025-08-31,ENT-MTL,BD-1106,12,340.08,13
2024-02-29,ENT-SAG,BD-1130,11,317.23,6
2024-12-31,ENT-SAG,BD-1120,20,182.88,5
2025-05-31,ENT-SAG,BD-1043,84,300.28,6
2025-02-28,ENT-SAG,BD-1036,15,162.40,8
2024-11-30,ENT-SAG,BD-1073,84,255.00,6
2025-12-31,ENT-MTL,BD-1039,9,122.17,18
2024-06-30,ENT-MTL,BD-1014,62,26.62,14
2024-11-30,ENT-SAG,BD-1172,40,216.67,5
2025-01-31,ENT-QC,BD-1140,7,41.26,12
2024-05-31,ENT-QC,BD-1080,8,173.12,12
2025-03-31,ENT-QC,BD-1161,31,64.16,14
2024-03-31,ENT-QC,BD-1032,25,339.97,13
2024-08-31,ENT-MTL,BD-1042,113,261.53,22
2024-04-30,ENT-MTL,BD-1174,15,165.53,12
2024-06-30,ENT-MTL,BD-1082,1,278.39,10
2024-03-31,ENT-QC,BD-1086,21,80.72,12
2024-11-30,ENT-MTL,BD-1049,8,30.58,17
2024-09-30,ENT-QC,BD-1017,2,307.26,14
2025-11-30,ENT-SAG,BD-1054,19,262.94,7
2024-02-29,ENT-MTL,BD-1003,2,188.61,10
2024-04-30,ENT-MTL,BD-1066,5,199.26,9
2024-06-30,ENT-MTL,BD-1010,51,87.08,11
2025-04-30,ENT-MTL,BD-1051,78,79.76,17
2024-08-31,ENT-QC,BD-1082,64,278.39,11
2024-04-30,ENT-QC,BD-1121,55,43.73,10
2025-08-31,ENT-SAG,BD-1141,12,314.24,4
2025-11-30,ENT-QC,BD-1117,22,100.34,10
2024-09-30,ENT-SAG,BD-1099,77,287.66,5
2025-06-30,ENT-QC,BD-1104,66,76.70,11
2025-09-30,ENT-QC,BD-1137,78,25.59,13
2025-10-31,ENT-MTL,BD-1059,14,391.48,16
2025-11-30,ENT-MTL,BD-1089,56,189.92,11
2025-05-31,ENT-QC,BD-1051,86,79.76,18
2025-03-31,ENT-QC,BD-1137,17,25.59,13
2024-01-31,ENT-SAG,BD-1161,38,62.84,6
2025-12-31,ENT-QC,BD-1173,35,212.35,16
2024-04-30,ENT-SAG,BD-1140,6,40.41,5
2025-07-31,ENT-QC,BD-1096,16,205.70,10
2025-06-30,ENT-MTL,BD-1102,0,260.69,10
2024-10-31,ENT-QC,BD-1039,35,119.66,19
2024-07-31,ENT-SAG,BD-1076,5,281.11,5
2025-10-31,ENT-MTL,BD-1069,53,239.15,11
2024-07-31,ENT-MTL,BD-1055,72,209.35,15
2024-07-31,ENT-MTL,BD-1162,18,66.97,14
2024-05-31,ENT-QC,BD-1037,139,16.31,22
2025-06-30,ENT-SAG,BD-1019,77,205.07,5
2025-06-30,ENT-SAG,BD-1181,74,312.40,8
2025-10-31,ENT-QC,BD-1066,47,240.06,10
2024-04-30,ENT-QC,BD-1144,5,96.31,15
2025-02-28,ENT-MTL,BD-1161,12,64.16,13
2025-05-31,ENT-MTL,BD-1066,5,240.06,9
2024-05-31,ENT-MTL,BD-1116,77,58.93,16
2025-06-30,ENT-QC,BD-1064,73,70.89,15
2025-08-31,ENT-QC,BD-1109,9,310.20,11
2024-07-31,ENT-SAG,BD-1027,88,249.72,6
2024-10-31,ENT-MTL,BD-1158,32,180.81,15
2025-04-30,ENT-SAG,BD-1061,136,76.81,7
2024-05-31,ENT-SAG,BD-1122,65,208.30,4
2025-10-31,ENT-QC,BD-1157,23,25.21,13
2025-09-30,ENT-MTL,BD-1164,12,100.45,10
2024-04-30,ENT-SAG,BD-1121,69,43.73,4
2024-01-31,ENT-QC,BD-1026,18,241.74,11
2025-05-31,ENT-MTL,BD-1089,0,189.92,11
2024-02-29,ENT-MTL,BD-1070,1,39.88,10
2025-08-31,ENT-MTL,BD-1062,70,135.59,16
2025-04-30,ENT-QC,BD-1057,91,19.66,17
2025-02-28,ENT-QC,BD-1026,9,246.82,11
2024-04-30,ENT-MTL,BD-1153,13,113.61,10
2025-04-30,ENT-MTL,BD-1118,62,343.17,12
2025-08-31,ENT-QC,BD-1002,6,298.72,7
2024-08-31,ENT-SAG,BD-1052,116,179.27,7
2025-05-31,ENT-MTL,BD-1104,51,76.70,11
2025-09-30,ENT-QC,BD-1022,16,298.47,8
2024-01-31,ENT-SAG,BD-1107,18,147.44,6
2025-01-31,ENT-QC,BD-1054,33,262.94,17
2025-05-31,ENT-MTL,BD-1001,39,219.63,8
2025-06-30,ENT-QC,BD-1170,23,16.95,12
2025-08-31,ENT-QC,BD-1105,7,169.61,12
2024-05-31,ENT-MTL,BD-1123,54,129.56,13
2024-11-30,ENT-SAG,BD-1050,10,291.69,8
2025-01-31,ENT-QC,BD-1150,6,347.06,14
2024-09-30,ENT-SAG,BD-1179,39,226.59,5
2024-06-30,ENT-QC,BD-1043,71,294.10,15
2024-03-31,ENT-QC,BD-1167,34,205.42,13
2024-01-31,ENT-SAG,BD-1137,25,25.06,5
2024-01-31,ENT-MTL,BD-1028,10,140.77,13
2024-04-30,ENT-QC,BD-1143,12,215.92,13
2024-11-30,ENT-MTL,BD-1171,26,83.70,12
2025-11-30,ENT-MTL,BD-1157,20,25.21,12
2024-08-31,ENT-QC,BD-1160,18,40.71,15
2025-01-31,ENT-SAG,BD-1131,4,37.08,6
2025-08-31,ENT-QC,BD-1101,69,75.83,12
2025-06-30,ENT-QC,BD-1171,23,85.46,12
2024-05-31,ENT-SAG,BD-1092,17,140.04,6
2025-02-28,ENT-QC,BD-1153,9,116.00,11
2024-06-30,ENT-QC,BD-1164,18,98.38,11
2025-11-30,ENT-SAG,BD-1145,123,111.12,7
2025-02-28,ENT-SAG,BD-1172,19,221.22,5
2024-01-31,ENT-QC,BD-1034,6,151.89,13
2025-08-31,ENT-QC,BD-1087,86,215.66,15
2025-02-28,ENT-QC,BD-1180,40,95.30,15
2024-01-31,ENT-SAG,BD-1038,32,313.36,9
2025-12-31,ENT-QC,BD-1089,15,189.92,12
2024-08-31,ENT-MTL,BD-1094,59,121.74,11
2025-06-30,ENT-SAG,BD-1068,20,342.49,5
2025-07-31,ENT-QC,BD-1142,3,100.93,11
2025-06-30,ENT-QC,BD-1060,118,291.44,17
2025-01-31,ENT-MTL,BD-1171,15,85.46,12
2025-02-28,ENT-QC,BD-1125,17,291.24,12
2024-08-31,ENT-QC,BD-1066,57,199.26,10
2025-04-30,ENT-SAG,BD-1019,88,173.78,5
2024-04-30,ENT-QC,BD-1090,7,57.58,12
2025-04-30,ENT-SAG,BD-1166,34,217.35,5
2025-03-31,ENT-MTL,BD-9251,14,64.26,12
2025-03-31,ENT-MTL,BD-9554,27,68.38,14
2024-09-30,ENT-SAG,BD-1167,31,205.42,5
2025-09-30,ENT-QC,BD-1072,69,236.88,13
2025-08-31,ENT-MTL,BD-1058,66,149.54,17
2025-03-31,ENT-SAG,BD-1154,20,329.92,5
2024-06-30,ENT-SAG,BD-1167,34,205.42,5
2024-08-31,ENT-QC,BD-1135,9,39.89,15
2025-11-30,ENT-QC,BD-1002,10,298.72,7
2025-12-31,ENT-MTL,BD-1033,22,113.22,13
2025-04-30,ENT-MTL,BD-1043,55,300.28,14
2025-05-31,ENT-QC,BD-1132,12,128.45,14
2025-08-31,ENT-QC,BD-1026,9,246.82,11
2024-12-31,ENT-SAG,BD-1026,11,241.74,4
2024-01-31,ENT-MTL,BD-1079,3,144.83,12
2025-12-31,ENT-QC,BD-1178,51,119.43,17
2024-02-29,ENT-QC,BD-1010,17,87.08,12
2025-11-30,ENT-QC,BD-1122,9,212.67,11
2025-10-31,ENT-MTL,BD-1032,11,409.59,12
2024-07-31,ENT-SAG,BD-1092,21,140.04,6
2024-05-31,ENT-SAG,BD-1099,6,287.66,5
2025-05-31,ENT-SAG,BD-1082,28,335.40,4
2024-09-30,ENT-SAG,BD-1131,74,36.32,6
2024-10-31,ENT-MTL,BD-1126,2,130.29,12
2025-10-31,ENT-QC,BD-1168,12,229.43,13
2025-03-31,ENT-QC,BD-1083,1,160.44,11
2024-09-30,ENT-QC,BD-1166,30,212.88,13
2025-05-31,ENT-QC,BD-1093,6,159.25,10
2025-01-31,ENT-MTL,BD-1116,8,60.17,16
2024-08-31,ENT-QC,BD-1005,8,204.06,13
2025-08-31,ENT-SAG,BD-1143,10,220.45,5
2024-11-30,ENT-MTL,BD-1154,54,323.13,12
2024-11-30,ENT-SAG,BD-1068,67,284.28,5
2025-09-30,ENT-QC,BD-1100,65,369.19,11
2024-01-31,ENT-SAG,BD-1068,8,284.28,5
2024-04-30,ENT-QC,BD-1153,0,113.61,11
2025-07-31,ENT-SAG,BD-1179,24,231.35,5
2024-01-31,ENT-SAG,BD-1086,14,80.72,5
2024-09-30,ENT-QC,BD-1095,46,53.64,8
2025-12-31,ENT-MTL,BD-1121,8,44.65,9
2024-04-30,ENT-QC,BD-1146,16,220.88,14
2024-01-31,ENT-SAG,BD-1165,33,105.70,5
2024-11-30,ENT-QC,BD-1134,68,60.50,10
2024-06-30,ENT-QC,BD-1105,67,166.12,12
2025-12-31,ENT-QC,BD-1076,5,338.68,12
2024-02-29,ENT-MTL,BD-1079,16,144.83,12
2025-04-30,ENT-QC,BD-1175,40,96.85,17
2025-07-31,ENT-SAG,BD-1078,21,238.11,4
2024-10-31,ENT-SAG,BD-1076,77,281.11,5
2025-08-31,ENT-QC,BD-1045,77,78.37,16
2025-11-30,ENT-MTL,BD-1168,25,229.43,12
2024-04-30,ENT-SAG,BD-1181,31,305.97,8
2025-05-31,ENT-MTL,BD-1055,76,213.75,15
2024-07-31,ENT-MTL,BD-1047,64,70.06,14
2025-04-30,ENT-SAG,BD-1172,32,221.22,5
2024-02-29,ENT-QC,BD-1157,23,24.69,13
2025-10-31,ENT-MTL,BD-1006,16,182.47,10
2025-07-31,ENT-QC,BD-1158,17,184.61,16
2024-05-31,ENT-QC,BD-1088,6,335.85,9
2025-07-31,ENT-MTL,BD-1024,66,189.35,12
2025-05-31,ENT-QC,BD-1095,5,64.62,8
2024-07-31,ENT-MTL,BD-1170,17,16.60,12
2024-11-30,ENT-QC,BD-1011,0,288.46,9
2024-10-31,ENT-QC,BD-1182,21,56.87,14
2024-12-31,ENT-MTL,BD-1175,18,94.86,16
2025-09-30,ENT-QC,BD-1153,62,116.00,11
2024-02-29,ENT-MTL,BD-1077,11,167.57,13
2024-03-31,ENT-QC,BD-1166,35,212.88,13
2024-07-31,ENT-MTL,BD-1054,95,257.53,16
2025-11-30,ENT-QC,BD-1168,30,229.43,13
2024-07-31,ENT-MTL,BD-1091,14,279.07,11
2025-09-30,ENT-QC,BD-1076,60,338.68,12
2024-12-31,ENT-MTL,BD-1038,11,313.36,20
2024-03-31,ENT-MTL,BD-1182,17,56.87,13
2024-09-30,ENT-QC,BD-1037,20,16.31,22
2024-05-31,ENT-MTL,BD-1178,24,116.97,16
2025-12-31,ENT-MTL,BD-1084,12,375.89,12
2024-01-31,ENT-QC,BD-1076,15,281.11,12
2025-09-30,ENT-SAG,BD-1162,33,68.38,6
2024-01-31,ENT-SAG,BD-1055,12,209.35,7
2024-02-29,ENT-SAG,BD-1139,30,198.93,7
2025-08-31,ENT-QC,BD-1062,72,135.59,17
2025-12-31,ENT-MTL,BD-1172,33,221.22,12
2024-07-31,ENT-QC,BD-1044,96,195.45,17
2025-08-31,ENT-QC,BD-1110,10,182.67,12
2025-07-31,ENT-MTL,BD-1168,12,229.43,12
2025-11-30,ENT-SAG,BD-1160,29,41.56,6
2024-03-31,ENT-QC,BD-1007,6,55.96,10
2024-12-31,ENT-MTL,BD-1136,52,110.14,12
2025-07-31,ENT-SAG,BD-1055,94,213.75,7
2025-02-28,ENT-SAG,BD-1180,38,95.30,6
2024-12-31,ENT-QC,BD-1152,65,265.82,10
2025-12-31,ENT-QC,BD-1088,9,404.63,9
2025-08-31,ENT-SAG,BD-1121,3,44.65,4
2024-10-31,ENT-QC,BD-1056,31,287.11,19
2024-12-31,ENT-QC,BD-1085,6,40.90,10
2025-01-31,ENT-QC,BD-1059,15,331.76,16
2025-02-28,ENT-SAG,BD-1057,27,19.66,7
2024-11-30,ENT-QC,BD-1092,81,140.04,15
2024-04-30,ENT-MTL,BD-1180,23,93.34,14
2025-04-30,ENT-SAG,BD-1093,0,134.96,4
2024-06-30,ENT-MTL,BD-1154,7,323.13,12
2025-01-31,ENT-QC,BD-1172,30,221.22,13
2024-02-29,ENT-QC,BD-1168,34,224.71,13
2024-04-30,ENT-QC,BD-1118,63,336.11,13
2024-03-31,ENT-MTL,BD-1008,6,128.94,9
2025-10-31,ENT-SAG,BD-1157,35,25.21,5
2024-07-31,ENT-MTL,BD-1111,0,145.84,11
2024-08-31,ENT-QC,BD-1032,15,339.97,13
2025-05-31,ENT-MTL,BD-1135,5,40.73,14
2024-05-31,ENT-SAG,BD-1157,22,24.69,5
2024-05-31,ENT-MTL,BD-1031,53,294.44,13
2024-07-31,ENT-QC,BD-1091,13,279.07,11
2024-07-31,ENT-QC,BD-1071,20,301.72,16
2024-06-30,ENT-QC,BD-1077,5,167.57,14
2025-08-31,ENT-MTL,BD-1163,16,300.77,10
2024-03-31,ENT-SAG,BD-1181,39,305.97,8
2024-11-30,ENT-MTL,BD-1033,7,110.89,13
2025-01-31,ENT-QC,BD-1141,9,314.24,10
2025-01-31,ENT-MTL,BD-1049,19,31.22,17
2024-01-31,ENT-QC,BD-1139,20,198.93,17
2024-07-31,ENT-QC,BD-1018,36,242.09,6
2024-12-31,ENT-QC,BD-1171,24,83.70,12
2025-01-31,ENT-SAG,BD-1117,8,100.34,4
2024-07-31,ENT-QC,BD-1084,12,312.00,12
2024-04-30,ENT-QC,BD-1107,78,147.44,14
2024-09-30,ENT-MTL,BD-1120,2,182.88,11
2025-09-30,ENT-SAG,BD-1045,14,78.37,6
2025-02-28,ENT-QC,BD-1030,15,100.96,11
2025-03-31,ENT-QC,BD-1136,8,112.45,12
2025-05-31,ENT-QC,BD-1082,7,335.40,11
2025-11-30,ENT-QC,BD-1086,63,97.25,12
2025-04-30,ENT-MTL,BD-1086,17,82.42,11
2025-09-30,ENT-QC,BD-1027,14,254.96,14
2024-06-30,ENT-MTL,BD-1127,13,170.72,14
2024-09-30,ENT-QC,BD-1066,57,199.26,10
2025-02-28,ENT-MTL,BD-1057,4,19.66,16
2024-09-30,ENT-QC,BD-1103,13,151.66,13
2025-05-31,ENT-MTL,BD-1146,4,225.52,14
2025-08-31,ENT-SAG,BD-1120,11,186.72,5
2025-11-30,ENT-MTL,BD-1007,12,57.14,9
2025-03-31,ENT-QC,BD-1081,3,309.18,13
2024-10-31,ENT-SAG,BD-1172,26,216.67,5
2024-02-29,ENT-MTL,BD-1068,17,284.28,12
2024-12-31,ENT-QC,BD-1088,0,335.85,9
2024-05-31,ENT-SAG,BD-1016,43,219.41,4
2025-01-31,ENT-SAG,BD-1116,18,60.17,7
2024-03-31,ENT-QC,BD-1164,17,98.38,11
2025-09-30,ENT-MTL,BD-1090,47,69.37,11
2025-03-31,ENT-MTL,BD-1085,17,41.76,9
2025-06-30,ENT-SAG,BD-1180,29,95.30,6
2025-08-31,ENT-QC,BD-1139,18,203.11,17
2024-04-30,ENT-MTL,BD-1040,86,268.77,17
2024-01-31,ENT-MTL,BD-1021,14,201.55,11
2024-04-30,ENT-QC,BD-1002,38,292.58,7
2025-04-30,ENT-MTL,BD-1161,32,64.16,13
2025-06-30,ENT-MTL,BD-1065,2,155.19,12
2024-06-30,ENT-SAG,BD-9003,5,57.58,5
2025-03-31,ENT-QC,BD-1055,80,213.75,16
2025-01-31,ENT-MTL,BD-1019,12,173.78,11
2024-11-30,ENT-MTL,BD-1071,70,301.72,15
2024-08-31,ENT-QC,BD-1017,2,307.26,14
2024-07-31,ENT-SAG,BD-1060,107,241.90,7
2024-03-31,ENT-SAG,BD-1153,14,113.61,4
2024-05-31,ENT-MTL,BD-1076,20,281.11,11
2025-01-31,ENT-QC,BD-1030,3,100.96,11
2025-03-31,ENT-QC,BD-1142,13,100.93,11
2024-05-31,ENT-MTL,BD-1160,30,40.71,14
2024-05-31,ENT-SAG,BD-1088,0,335.85,4
2024-03-31,ENT-QC,BD-1012,14,68.19,11
2025-04-30,ENT-MTL,BD-1162,26,68.38,14
2025-10-31,ENT-QC,BD-1136,53,112.45,12
2025-06-30,ENT-MTL,BD-1037,87,16.65,21
2024-04-30,ENT-QC,BD-1010,54,87.08,12
2024-09-30,ENT-QC,BD-1140,59,40.41,12
2024-03-31,ENT-QC,BD-1145,15,108.83,16
2024-04-30,ENT-MTL,BD-1039,81,119.66,18
2025-10-31,ENT-QC,BD-1100,53,369.19,11
2024-05-31,ENT-SAG,BD-1083,19,157.14,4
2025-04-30,ENT-MTL,BD-1102,13,260.69,10
2024-07-31,ENT-QC,BD-1155,23,322.38,17
2025-04-30,ENT-QC,BD-1125,75,291.24,12
2024-07-31,ENT-QC,BD-1069,16,198.50,12
2025-12-31,ENT-MTL,BD-1043,11,300.28,14
2025-10-31,ENT-QC,BD-1160,45,41.56,15
2024-06-30,ENT-SAG,BD-1179,37,226.59,5
2024-12-31,ENT-QC,BD-1154,69,323.13,13
2025-11-30,ENT-MTL,BD-1123,4,132.28,13
2025-11-30,ENT-QC,BD-1010,20,88.91,12
2024-04-30,ENT-QC,BD-1169,20,276.47,14
2024-05-31,ENT-QC,BD-1074,17,108.27,13
2024-03-31,ENT-QC,BD-1081,13,302.82,13
2024-08-31,ENT-MTL,BD-1133,35,61.66,15
2025-04-30,ENT-QC,BD-1181,44,312.40,18
2024-04-30,ENT-SAG,BD-1038,126,313.36,9
2025-12-31,ENT-QC,BD-1086,11,97.25,12
2024-03-31,ENT-MTL,BD-1014,19,26.62,14
2024-05-31,ENT-QC,BD-1024,54,185.46,12
2024-06-30,ENT-MTL,BD-1109,50,303.82,10
2024-07-31,ENT-MTL,BD-1059,60,324.94,16
2025-05-31,ENT-QC,BD-1109,64,310.20,11
2025-03-31,ENT-MTL,BD-1173,17,212.35,15
2024-10-31,ENT-SAG,BD-1162,33,66.97,6
2024-07-31,ENT-MTL,BD-1149,6,108.85,17
2025-07-31,ENT-QC,BD-1107,8,150.54,14
2025-05-31,ENT-QC,BD-1047,76,71.53,15
2024-06-30,ENT-QC,BD-1093,0,132.18,10
2025-02-28,ENT-MTL,BD-1154,3,329.92,12
2025-01-31,ENT-QC,BD-1032,3,347.11,13
2024-03-31,ENT-MTL,BD-1038,81,313.36,20
2024-11-30,ENT-MTL,BD-1037,22,16.31,21
2025-12-31,ENT-SAG,BD-1104,8,76.70,5
2024-01-31,ENT-SAG,BD-1134,13,60.50,4
2024-04-30,ENT-QC,BD-1011,44,288.46,9
2025-01-31,ENT-SAG,BD-1002,9,298.72,3
2025-10-31,ENT-QC,BD-1098,81,309.76,15
2024-12-31,ENT-MTL,BD-1135,65,39.89,14
2024-11-30,ENT-MTL,BD-1008,11,128.94,9
2024-07-31,ENT-QC,BD-1123,15,129.56,13
2024-11-30,ENT-QC,BD-1149,84,108.85,18
2025-04-30,ENT-QC,BD-1173,33,212.35,16
2024-07-31,ENT-MTL,BD-1031,55,294.44,13
2025-01-31,ENT-SAG,BD-1005,21,208.35,5
2024-11-30,ENT-QC,BD-1027,14,249.72,14
2025-08-31,ENT-MTL,BD-1160,16,41.56,14
2025-02-28,ENT-QC,BD-1051,21,79.76,18
2024-05-31,ENT-MTL,BD-1135,1,39.89,14
2025-11-30,ENT-SAG,BD-1057,29,23.20,7
2024-02-29,ENT-SAG,BD-1088,23,335.85,4
2025-08-31,ENT-QC,BD-1009,5,67.67,9
2024-01-31,ENT-SAG,BD-1080,0,173.12,5
2024-11-30,ENT-SAG,BD-1037,26,16.31,9
2025-07-31,ENT-SAG,BD-1154,4,329.92,5
2024-08-31,ENT-QC,BD-1127,20,170.72,15
2025-10-31,ENT-QC,BD-1127,58,174.31,15
2024-07-31,ENT-SAG,BD-1149,8,108.85,7
2025-02-28,ENT-MTL,BD-1121,2,44.65,9
2025-07-31,ENT-MTL,BD-1137,12,25.59,13
2024-12-31,ENT-QC,BD-1014,10,26.62,15
2024-06-30,ENT-MTL,BD-1076,8,281.11,11
2025-06-30,ENT-SAG,BD-1036,128,191.63,8
2025-10-31,ENT-QC,BD-1155,90,329.15,17
2024-01-31,ENT-QC,BD-1164,18,98.38,11
2024-08-31,ENT-MTL,BD-1055,68,209.35,15
2025-02-28,ENT-QC,BD-1067,12,24.27,14
2024-08-31,ENT-QC,BD-1112,1,65.64,13
2024-07-31,ENT-QC,BD-1142,5,98.85,11
2024-08-31,ENT-QC,BD-1011,0,288.46,9
2025-11-30,ENT-SAG,BD-1033,30,113.22,6
2024-11-30,ENT-MTL,BD-1146,65,220.88,14
2024-09-30,ENT-QC,BD-1162,22,66.97,14
2025-07-31,ENT-SAG,BD-1047,79,71.53,6
2025-01-31,ENT-QC,BD-1098,16,262.51,15
2024-11-30,ENT-MTL,BD-1165,10,105.70,12
2025-06-30,ENT-QC,BD-1088,2,404.63,9
2025-04-30,ENT-QC,BD-1166,32,217.35,13
2024-04-30,ENT-MTL,BD-1104,48,75.12,11
2024-01-31,ENT-QC,BD-1094,20,121.74,12
2024-12-31,ENT-QC,BD-1063,32,242.15,21
2025-10-31,ENT-QC,BD-1175,36,96.85,17
2024-08-31,ENT-SAG,BD-1097,73,210.05,5
2025-12-31,ENT-QC,BD-1020,21,33.12,16
2024-03-31,ENT-MTL,BD-1127,3,170.72,14
2025-10-31,ENT-QC,BD-1173,41,212.35,16
2024-11-30,ENT-MTL,BD-1001,6,182.30,8
2025-08-31,ENT-QC,BD-1103,22,154.84,13
2024-11-30,ENT-QC,BD-1147,58,339.78,10
2025-11-30,ENT-QC,BD-1038,11,319.94,21
2025-02-28,ENT-SAG,BD-1092,56,142.98,6
2025-10-31,ENT-SAG,BD-1080,86,208.57,5
2025-11-30,ENT-MTL,BD-1117,11,100.34,10
2025-02-28,ENT-QC,BD-1165,34,107.92,12
2025-07-31,ENT-SAG,BD-1133,9,62.95,7
2024-02-29,ENT-QC,BD-1070,8,39.88,10
2024-06-30,ENT-MTL,BD-1017,63,307.26,13
2024-12-31,ENT-QC,BD-1136,62,110.14,12
2025-06-30,ENT-QC,BD-1147,12,346.92,10
2025-06-30,ENT-MTL,BD-1091,8,336.22,11
2024-08-31,ENT-QC,BD-1065,56,128.81,12
2025-05-31,ENT-SAG,BD-1153,3,116.00,4
2024-10-31,ENT-QC,BD-1008,8,128.94,10
2024-11-30,ENT-MTL,BD-1034,7,151.89,12
2024-02-29,ENT-MTL,BD-1086,0,80.72,11
2025-05-31,ENT-SAG,BD-1048,107,33.51,7
2024-08-31,ENT-MTL,BD-1104,0,75.12,11
2025-10-31,ENT-MTL,BD-1142,47,100.93,10
2025-09-30,ENT-MTL,BD-1111,9,148.90,11
2024-07-31,ENT-SAG,BD-1046,95,308.91,7
2025-09-30,ENT-QC,BD-1157,36,25.21,13
2025-10-31,ENT-QC,BD-1095,40,64.62,8
2024-12-31,ENT-MTL,BD-1149,52,108.85,17
2025-07-31,ENT-MTL,BD-1102,11,260.69,10
2024-06-30,ENT-QC,BD-1030,50,98.88,11
2024-01-31,ENT-SAG,BD-1097,12,210.05,5
2025-09-30,ENT-SAG,BD-1050,32,297.82,8
2024-03-31,ENT-QC,BD-1027,12,249.72,14
2025-03-31,ENT-MTL,BD-1057,80,19.66,16
2024-05-31,ENT-MTL,BD-1070,6,39.88,10
2025-07-31,ENT-SAG,BD-1097,14,253.06,5
2025-05-31,ENT-QC,BD-1101,9,75.83,12
2025-02-28,ENT-QC,BD-1008,4,131.65,10
2025-12-31,ENT-QC,BD-1058,14,149.54,18
2024-11-30,ENT-MTL,BD-1124,16,150.61,12
2025-04-30,ENT-SAG,BD-1121,71,44.65,4
2024-02-29,ENT-MTL,BD-1090,15,57.58,11
2025-09-30,ENT-QC,BD-1077,87,171.09,14
2024-09-30,ENT-MTL,BD-1104,9,75.12,11
2025-06-30,ENT-SAG,BD-1083,11,189.32,4
2024-12-31,ENT-QC,BD-1147,40,339.78,10
2025-02-28,ENT-QC,BD-1068,10,290.25,13
2024-09-30,ENT-MTL,BD-1032,23,339.97,12
2024-06-30,ENT-QC,BD-1008,52,128.94,10
2025-05-31,ENT-QC,BD-1032,78,409.59,13
2024-02-29,ENT-QC,BD-1047,15,70.06,15
2025-01-31,ENT-SAG,BD-1112,13,67.02,5
2025-07-31,ENT-SAG,BD-1089,12,189.92,5
2024-11-30,ENT-QC,BD-1036,34,159.06,19
2025-08-31,ENT-MTL,BD-1175,31,96.85,16
2024-06-30,ENT-SAG,BD-1019,87,170.21,5
2024-07-31,ENT-QC,BD-1013,61,308.85,12
2024-04-30,ENT-QC,BD-1039,93,119.66,19
2025-01-31,ENT-QC,BD-1173,25,212.35,16
2024-06-30,ENT-MTL,BD-1181,33,305.97,17
2025-09-30,ENT-MTL,BD-1142,42,100.93,10
2025-05-31,ENT-QC,BD-1025,59,149.35,9
2024-01-31,ENT-SAG,BD-1051,19,78.12,8
2025-11-30,ENT-QC,BD-1036,10,191.63,19
2024-02-29,ENT-SAG,BD-1117,9,98.28,4
2025-02-28,ENT-MTL,BD-1138,3,88.19,13
2024-08-31,ENT-QC,BD-1169,54,276.47,14
2025-08-31,ENT-MTL,BD-1070,42,48.05,10
2024-11-30,ENT-MTL,BD-1082,48,278.39,10
2025-01-31,ENT-QC,BD-1062,3,114.90,17
2024-05-31,ENT-QC,BD-1116,88,58.93,16
2024-07-31,ENT-QC,BD-1007,60,55.96,10
2025-03-31,ENT-SAG,BD-1017,1,313.71,6
2024-11-30,ENT-SAG,BD-1047,4,70.06,6
2025-02-28,ENT-QC,BD-1109,3,310.20,11
2024-02-29,ENT-QC,BD-1151,12,90.35,10
2024-06-30,ENT-SAG,BD-1016,63,219.41,4
2024-03-31,ENT-QC,BD-1111,5,145.84,12
2024-08-31,ENT-SAG,BD-9461,7,108.83,7
2024-10-31,ENT-MTL,BD-1007,6,55.96,9
2025-11-30,ENT-MTL,BD-1102,47,260.69,10
2025-06-30,ENT-SAG,BD-1072,9,236.88,5
2025-06-30,ENT-MTL,BD-1043,71,300.28,14
2024-04-30,ENT-QC,BD-1092,24,140.04,15
2025-03-31,ENT-MTL,BD-1074,8,110.54,12
2024-05-31,ENT-SAG,BD-1160,23,40.71,6
2024-08-31,ENT-QC,BD-1094,53,121.74,12
2024-06-30,ENT-SAG,BD-1180,38,93.34,6
2025-05-31,ENT-QC,BD-1114,74,152.73,12
2024-07-31,ENT-MTL,BD-1109,6,303.82,10
2024-09-30,ENT-QC,BD-1044,1,195.45,17
2024-01-31,ENT-QC,BD-1090,3,57.58,12
2024-04-30,ENT-MTL,BD-1085,11,40.90,9
2025-12-31,ENT-SAG,BD-1036,15,191.63,8
2024-03-31,ENT-SAG,BD-1107,16,147.44,6
2024-12-31,ENT-MTL,BD-1059,13,324.94,16
2025-05-31,ENT-SAG,BD-1075,9,71.97,5
2024-08-31,ENT-QC,BD-1150,11,339.92,14
2025-08-31,ENT-MTL,BD-1152,8,271.40,9
2025-12-31,ENT-QC,BD-1026,3,246.82,11
2025-02-28,ENT-QC,BD-1158,26,184.61,16
2024-08-31,ENT-QC,BD-1132,3,125.81,14
2025-09-30,ENT-QC,BD-1079,77,147.87,12
2025-11-30,ENT-SAG,BD-1066,65,240.06,4
2025-12-31,ENT-MTL,BD-1021,2,242.82,11
2025-12-31,ENT-QC,BD-1092,28,168.72,15
2025-06-30,ENT-QC,BD-1042,120,267.02,23
2025-05-31,ENT-QC,BD-1080,8,208.57,12
2024-10-31,ENT-MTL,BD-1023,20,239.29,13
2024-11-30,ENT-SAG,BD-1131,78,36.32,6
2025-09-30,ENT-MTL,BD-1010,0,88.91,11
2024-01-31,ENT-MTL,BD-1168,18,224.71,12
2024-08-31,ENT-QC,BD-1178,41,116.97,17
2025-03-31,ENT-QC,BD-1163,18,300.77,11
2024-09-30,ENT-QC,BD-1078,45,197.64,9
2025-10-31,ENT-MTL,BD-1131,48,37.08,13
2024-09-30,ENT-QC,BD-1074,70,108.27,13
2024-04-30,ENT-MTL,BD-1151,1,90.35,10
2025-04-30,ENT-SAG,BD-1052,79,183.03,7
2025-03-31,ENT-MTL,BD-1135,7,40.73,14
2024-03-31,ENT-QC,BD-1050,87,291.69,19
2024-02-29,ENT-QC,BD-1019,1,170.21,12
2025-07-31,ENT-SAG,BD-1073,5,307.22,6
2025-02-28,ENT-SAG,BD-1147,15,346.92,4
2024-07-31,ENT-QC,BD-1006,46,178.72,11
2024-05-31,ENT-QC,BD-1091,7,279.07,11
2024-09-30,ENT-QC,BD-1175,38,94.86,17
2024-12-31,ENT-MTL,BD-1019,22,170.21,11
2025-06-30,ENT-MTL,BD-1032,52,409.59,12
2024-05-31,ENT-QC,BD-1070,16,39.88,10
2025-09-30,ENT-QC,BD-1152,41,271.40,10
2025-05-31,ENT-QC,BD-1134,18,61.77,10
2024-05-31,ENT-QC,BD-1101,12,62.94,12
2025-01-31,ENT-QC,BD-1104,22,76.70,11
2025-02-28,ENT-MTL,BD-1105,9,169.61,11
2024-06-30,ENT-QC,BD-1063,113,242.15,21
2025-05-31,ENT-QC,BD-1033,77,113.22,14
2025-11-30,ENT-SAG,BD-1026,14,246.82,4
2025-05-31,ENT-SAG,BD-1021,75,242.82,5
2025-02-28,ENT-MTL,BD-1071,2,308.06,15
2024-06-30,ENT-QC,BD-1176,38,322.02,17
2024-03-31,ENT-SAG,BD-1061,93,75.23,7
2025-08-31,ENT-QC,BD-1056,95,293.14,19
2025-07-31,ENT-QC,BD-1169,29,282.28,14
2025-06-30,ENT-QC,BD-1165,27,107.92,12
2024-08-31,ENT-QC,BD-1047,90,70.06,15
2024-10-31,ENT-MTL,BD-1156,43,161.25,11
2025-03-31,ENT-MTL,BD-1105,3,169.61,11
2025-12-31,ENT-SAG,BD-1130,77,323.89,6
2024-02-29,ENT-SAG,BD-1148,19,296.06,5
2024-11-30,ENT-QC,BD-1105,16,166.12,12
2024-01-31,ENT-MTL,BD-1110,4,178.91,12
2025-01-31,ENT-QC,BD-1069,25,202.67,12
2024-10-31,ENT-SAG,BD-9335,3,65.64,5
2025-07-31,ENT-QC,BD-1149,6,111.14,18
2025-06-30,ENT-SAG,BD-1054,138,262.94,7
2025-01-31,ENT-MTL,BD-1161,21,64.16,13
2025-02-28,ENT-QC,BD-1065,19,131.52,12
2025-07-31,ENT-SAG,BD-1092,13,168.72,6
2025-10-31,ENT-MTL,BD-1038,11,319.94,20
2024-05-31,ENT-QC,BD-1063,122,242.15,21
2024-04-30,ENT-MTL,BD-1167,17,205.42,12
2025-05-31,ENT-QC,BD-1052,95,183.03,17
2024-11-30,ENT-SAG,BD-1133,107,61.66,7
2025-03-31,ENT-QC,BD-1041,87,163.24,16
2024-09-30,ENT-MTL,BD-1162,32,66.97,14
2025-08-31,ENT-MTL,BD-1086,41,97.25,11
2025-09-30,ENT-QC,BD-1167,27,209.73,13
2024-11-30,ENT-SAG,BD-1040,13,268.77,7
2024-11-30,ENT-QC,BD-1080,49,173.12,12
2024-08-31,ENT-QC,BD-1146,9,220.88,14
2024-11-30,ENT-MTL,BD-1077,56,167.57,13
2025-02-28,ENT-QC,BD-1120,6,186.72,12
2025-03-31,ENT-QC,BD-1071,13,308.06,16
2025-01-31,ENT-MTL,BD-1053,3,180.55,19
2024-04-30,ENT-QC,BD-1053,106,176.84,20
2025-12-31,ENT-QC,BD-1066,6,240.06,10
2024-09-30,ENT-MTL,BD-1079,46,144.83,12
2024-08-31,ENT-SAG,BD-1043,95,294.10,6
2025-11-30,ENT-QC,BD-1001,7,219.63,9
2024-06-30,ENT-SAG,BD-1133,2,61.66,7
2025-11-30,ENT-SAG,BD-1086,82,97.25,5
2025-11-30,ENT-MTL,BD-1055,16,213.75,15
2025-01-31,ENT-QC,BD-1029,5,243.45,10
2024-07-31,ENT-MTL,BD-1036,93,159.06,18
2024-02-29,ENT-QC,BD-1089,19,157.64,12
2024-02-29,ENT-QC,BD-1118,26,336.11,13
2025-07-31,ENT-SAG,BD-1027,77,254.96,6
2024-10-31,ENT-QC,BD-1081,62,302.82,13
2025-05-31,ENT-QC,BD-1149,16,111.14,18
2025-07-31,ENT-MTL,BD-1178,37,119.43,16
2025-10-31,ENT-MTL,BD-1066,42,240.06,9
2025-09-30,ENT-QC,BD-1045,18,78.37,16
2025-03-31,ENT-SAG,BD-1153,3,116.00,4
2025-09-30,ENT-MTL,BD-1089,47,189.92,11
2024-03-31,ENT-SAG,BD-1180,34,93.34,6
2024-07-31,ENT-SAG,BD-1045,96,76.76,6
2025-09-30,ENT-SAG,BD-1148,77,302.28,5
2025-07-31,ENT-SAG,BD-1116,17,60.17,7
2025-07-31,ENT-MTL,BD-1071,5,363.51,15
2025-04-30,ENT-MTL,BD-1033,49,113.22,13
2024-10-31,ENT-MTL,BD-1051,5,78.12,17
2025-05-31,ENT-MTL,BD-1105,68,169.61,11
2024-03-31,ENT-MTL,BD-1055,64,209.35,15
2024-06-30,ENT-MTL,BD-1039,80,119.66,18
2025-06-30,ENT-SAG,BD-1043,99,300.28,6
2024-01-31,ENT-QC,BD-1011,11,288.46,9
2025-01-31,ENT-MTL,BD-1137,8,25.59,13
2025-12-31,ENT-QC,BD-1118,2,343.17,13
2025-04-30,ENT-QC,BD-1069,13,202.67,12
2025-11-30,ENT-QC,BD-1162,32,68.38,14
2025-08-31,ENT-QC,BD-1180,13,95.30,15
2025-12-31,ENT-SAG,BD-1166,5,217.35,5
2024-07-31,ENT-QC,BD-1032,76,339.97,13
2024-04-30,ENT-QC,BD-1115,62,46.26,11
2024-05-31,ENT-SAG,BD-1082,8,278.39,4
2025-09-30,ENT-MTL,BD-1174,13,169.01,12
2025-11-30,ENT-QC,BD-1158,24,184.61,16
2024-06-30,ENT-SAG,BD-1126,77,130.29,5
2024-11-30,ENT-MTL,BD-1109,8,303.82,10
2024-10-31,ENT-QC,BD-1136,65,110.14,12
2024-12-31,ENT-QC,BD-1169,19,276.47,14
2024-09-30,ENT-QC,BD-1001,5,182.30,9
2025-02-28,ENT-QC,BD-1171,31,85.46,12
2025-12-31,ENT-QC,BD-1099,0,346.57,12
2024-08-31,ENT-SAG,BD-1027,22,249.72,6
2025-01-31,ENT-QC,BD-1144,0,98.33,15
2025-01-31,ENT-QC,BD-1160,24,41.56,15
2024-09-30,ENT-QC,BD-1080,60,173.12,12
2024-11-30,ENT-MTL,BD-1036,14,159.06,18
2024-06-30,ENT-QC,BD-1027,92,249.72,14
2024-05-31,ENT-MTL,BD-1057,81,19.26,16
2024-07-31,ENT-QC,BD-1094,12,121.74,12
2024-01-31,ENT-MTL,BD-1065,10,128.81,12
2024-01-31,ENT-SAG,BD-1076,17,281.11,5
2025-07-31,ENT-MTL,BD-1091,1,336.22,11
2025-12-31,ENT-QC,BD-1012,0,69.62,11
2025-10-31,ENT-SAG,BD-1100,72,369.19,4
2025-03-31,ENT-SAG,BD-1163,23,300.77,4
2024-02-29,ENT-QC,BD-1147,13,339.78,10
2025-10-31,ENT-QC,BD-1033,15,113.22,14
2024-06-30,ENT-SAG,BD-1099,14,287.66,5
2024-06-30,ENT-QC,BD-1095,15,53.64,8
2024-05-31,ENT-SAG,BD-1118,69,336.11,5
2024-04-30,ENT-QC,BD-1051,105,78.12,18
2024-07-31,ENT-QC,BD-1119,0,58.44,11
2025-07-31,ENT-QC,BD-1003,67,227.23,11
2025-11-30,ENT-QC,BD-1180,34,95.30,15
2024-12-31,ENT-MTL,BD-1001,5,182.30,8
2024-07-31,ENT-MTL,BD-1029,50,238.44,10
2025-07-31,ENT-SAG,BD-1019,80,205.07,5
2024-02-29,ENT-QC,BD-1105,11,166.12,12
2025-12-31,ENT-QC,BD-1123,24,132.28,13
2024-12-31,ENT-SAG,BD-1157,16,24.69,5
2025-11-30,ENT-QC,BD-1175,41,96.85,17
2025-06-30,ENT-SAG,BD-1076,0,338.68,5
2024-01-31,ENT-MTL,BD-1097,11,210.05,11
2025-03-31,ENT-QC,BD-1049,94,31.22,18
2025-01-31,ENT-QC,BD-1055,9,213.75,16
2024-08-31,ENT-SAG,BD-1118,19,336.11,5
2024-12-31,ENT-SAG,BD-1122,1,208.30,4
2024-05-31,ENT-SAG,BD-1051,101,78.12,8
2024-09-30,ENT-MTL,BD-1040,6,268.77,17
2024-10-31,ENT-MTL,BD-1179,20,226.59,12
2024-02-29,ENT-QC,BD-1015,8,318.69,14
2024-03-31,ENT-QC,BD-1030,13,98.88,11
2025-11-30,ENT-MTL,BD-1110,0,182.67,12
2025-12-31,ENT-QC,BD-1035,22,30.63,19
2024-04-30,ENT-MTL,BD-1118,53,336.11,12
2024-05-31,ENT-QC,BD-1154,0,323.13,13
2024-06-30,ENT-MTL,BD-1070,17,39.88,10
2025-03-31,ENT-QC,BD-1092,19,142.98,15
2025-03-31,ENT-SAG,BD-1117,1,100.34,4
2025-08-31,ENT-SAG,BD-1028,13,143.73,6
2025-09-30,ENT-QC,BD-1059,31,391.48,16
2024-07-31,ENT-MTL,BD-1025,47,146.28,9
2025-09-30,ENT-SAG,BD-1143,70,220.45,5
2024-08-31,ENT-QC,BD-1007,3,55.96,10
2025-04-30,ENT-MTL,BD-1056,79,293.14,18
2024-11-30,ENT-QC,BD-1106,7,333.09,14
2024-02-29,ENT-MTL,BD-1103,6,151.66,12
2025-07-31,ENT-QC,BD-1105,5,169.61,12
2024-08-31,ENT-QC,BD-1002,7,292.58,7
2025-02-28,ENT-QC,BD-1095,9,54.77,8
2025-06-30,ENT-QC,BD-1133,13,62.95,16
2025-10-31,ENT-QC,BD-1079,65,147.87,12
2025-04-30,ENT-QC,BD-1128,11,78.87,10
2024-06-30,ENT-SAG,BD-9891,93,257.53,7
2024-01-31,ENT-QC,BD-1002,7,292.58,7
2025-04-30,ENT-MTL,BD-1059,71,331.76,16
2024-01-31,ENT-MTL,BD-1054,13,257.53,16
2024-06-30,ENT-QC,BD-1019,65,170.21,12
2025-03-31,ENT-QC,BD-1036,81,162.40,19
2025-02-28,ENT-QC,BD-1154,24,329.92,13
2024-01-31,ENT-SAG,BD-1054,20,257.53,7
2024-08-31,ENT-SAG,BD-1038,130,313.36,9
2024-02-29,ENT-QC,BD-1025,8,146.28,9
2024-08-31,ENT-MTL,BD-1051,88,78.12,17
2024-08-31,ENT-SAG,BD-1009,15,66.28,3
2025-03-31,ENT-QC,BD-1169,19,282.28,14
2025-05-31,ENT-QC,BD-1087,27,215.66,15
2025-10-31,ENT-MTL,BD-1067,49,28.64,13
2024-11-30,ENT-SAG,BD-1167,41,205.42,5
2025-12-31,ENT-MTL,BD-1040,0,274.41,17
2024-06-30,ENT-SAG,BD-1165,25,105.70,5
2025-10-31,ENT-MTL,BD-1135,57,40.73,14
2024-04-30,ENT-SAG,BD-1102,24,255.33,4
2024-08-31,ENT-SAG,BD-1153,12,113.61,4
2024-09-30,ENT-MTL,BD-1160,23,40.71,14
2024-06-30,ENT-SAG,BD-1063,118,242.15,9
2025-05-31,ENT-MTL,BD-1162,22,68.38,14
2024-05-31,ENT-QC,BD-1077,35,167.57,14
2025-04-30,ENT-QC,BD-1003,48,192.57,11
2025-10-31,ENT-QC,BD-1097,57,253.06,12
2024-07-31,ENT-QC,BD-1100,7,306.44,11
2025-04-30,ENT-MTL,BD-1077,9,171.09,13
2025-04-30,ENT-MTL,BD-1180,14,95.30,14
2024-09-30,ENT-QC,BD-1048,27,32.82,16
2024-02-29,ENT-QC,BD-1142,14,98.85,11
2024-07-31,ENT-MTL,BD-1002,27,292.58,7
2024-12-31,ENT-QC,BD-1138,62,86.38,14
2025-07-31,ENT-QC,BD-1165,11,107.92,12
2024-09-30,ENT-MTL,BD-1037,9,16.31,21
2025-03-31,ENT-QC,BD-1105,7,169.61,12
2025-11-30,ENT-QC,BD-1110,9,182.67,12
2025-08-31,ENT-QC,BD-1031,22,300.62,14
2025-03-31,ENT-SAG,BD-1040,118,274.41,7
2024-05-31,ENT-QC,BD-1095,8,53.64,8
2024-04-30,ENT-MTL,BD-1068,12,284.28,12
2025-09-30,ENT-QC,BD-1009,12,67.67,9
2024-07-31,ENT-QC,BD-1024,63,185.46,12
2025-06-30,ENT-MTL,BD-1056,87,293.14,18
2025-03-31,ENT-SAG,BD-1068,15,290.25,5
2025-07-31,ENT-QC,BD-1171,32,85.46,12
2024-01-31,ENT-QC,BD-1032,12,339.97,13
2024-11-30,ENT-SAG,BD-1098,113,257.11,6
2025-12-31,ENT-SAG,BD-1073,11,307.22,6
2024-02-29,ENT-QC,BD-1005,10,204.06,13
2025-12-31,ENT-MTL,BD-1180,14,95.30,14
2025-08-31,ENT-SAG,BD-1066,72,240.06,4
2025-09-30,ENT-SAG,BD-1139,101,203.11,7
2025-02-28,ENT-QC,BD-1162,30,68.38,14
2024-08-31,ENT-MTL,BD-1073,54,255.00,13
2025-02-28,ENT-SAG,BD-1028,6,143.73,6
2025-03-31,ENT-SAG,BD-1054,99,262.94,7
2025-01-31,ENT-MTL,BD-1007,0,57.14,9
2025-05-31,ENT-SAG,BD-1009,38,67.67,3
2024-06-30,ENT-MTL,BD-1008,47,128.94,9
2024-08-31,ENT-QC,BD-1175,40,94.86,17
2025-09-30,ENT-QC,BD-1164,14,100.45,11
2024-03-31,ENT-QC,BD-1038,131,313.36,21
2024-06-30,ENT-MTL,BD-1038,93,313.36,20
2024-01-31,ENT-MTL,BD-1027,11,249.72,14
2024-10-31,ENT-MTL,BD-1067,82,23.77,13
2024-08-31,ENT-SAG,BD-1116,27,58.93,7
2024-03-31,ENT-QC,BD-1019,2,170.21,12
2024-01-31,ENT-QC,BD-1025,10,146.28,9
2025-09-30,ENT-MTL,BD-1148,54,302.28,11
2025-08-31,ENT-QC,BD-1145,9,111.12,16
2024-02-29,ENT-QC,BD-1173,34,207.98,16
2024-12-31,ENT-MTL,BD-1099,4,287.66,11
2025-10-31,ENT-SAG,BD-1046,44,372.17,7
2025-06-30,ENT-QC,BD-1057,94,23.20,17
2024-08-31,ENT-MTL,BD-1032,11,339.97,12
2025-06-30,ENT-MTL,BD-1085,9,49.28,9
2024-10-31,ENT-QC,BD-1061,10,75.23,18
2025-11-30,ENT-MTL,BD-1106,1,340.08,13
2024-01-31,ENT-SAG,BD-1139,7,198.93,7
2025-11-30,ENT-MTL,BD-1054,21,262.94,16
2025-04-30,ENT-MTL,BD-1032,47,347.11,12
2024-02-29,ENT-QC,BD-1085,7,40.90,10
2024-12-31,ENT-QC,BD-1119,12,58.44,11
2025-11-30,ENT-MTL,BD-1033,13,113.22,13
2024-03-31,ENT-QC,BD-1003,14,188.61,11
2024-05-31,ENT-MTL,BD-1053,66,176.84,19
2025-08-31,ENT-MTL,BD-1102,43,260.69,10
2025-11-30,ENT-QC,BD-1065,61,155.19,12
2024-04-30,ENT-MTL,BD-1111,50,145.84,11
2024-08-31,ENT-QC,BD-1014,8,26.62,15
2025-08-31,ENT-MTL,BD-1095,31,64.62,7
2025-12-31,ENT-MTL,BD-1099,3,346.57,11
2025-05-31,ENT-QC,BD-1145,6,111.12,16
2024-08-31,ENT-QC,BD-1067,64,23.77,14
2024-07-31,ENT-MTL,BD-1065,20,128.81,12
2024-06-30,ENT-QC,BD-1007,51,55.96,10
2024-08-31,ENT-QC,BD-1161,23,62.84,14
2025-11-30,ENT-SAG,BD-1177,17,215.66,5
2025-09-30,ENT-QC,BD-1044,17,199.55,17
2025-07-31,ENT-MTL,BD-1108,5,169.96,13
2025-08-31,ENT-MTL,BD-1041,66,163.24,15
2025-08-31,ENT-MTL,BD-1071,72,363.51,15
2025-01-31,ENT-QC,BD-1153,27,116.00,11
2025-06-30,ENT-MTL,BD-1176,38,328.78,16
2024-10-31,ENT-SAG,BD-1080,76,173.12,5
2025-01-31,ENT-QC,BD-1116,13,60.17,16
2025-06-30,ENT-QC,BD-1141,14,314.24,10
2024-10-31,ENT-MTL,BD-1055,22,209.35,15
2025-12-31,ENT-QC,BD-1019,0,205.07,12
2025-03-31,ENT-MTL,BD-1171,16,85.46,12
2025-07-31,ENT-SAG,BD-1161,66,64.16,6
2025-12-31,ENT-QC,BD-1011,12,294.52,9
2025-04-30,ENT-MTL,BD-9244,32,41.56,14
2025-11-30,ENT-MTL,BD-1047,20,71.53,14
2024-09-30,ENT-SAG,BD-1027,14,249.72,6
2025-01-31,ENT-MTL,BD-1110,13,182.67,12
2025-04-30,ENT-MTL,BD-1020,69,33.12,15
2024-03-31,ENT-SAG,BD-1100,23,306.44,4
2024-06-30,ENT-QC,BD-1054,92,257.53,17
2025-11-30,ENT-MTL,BD-1094,50,124.30,11
2025-07-31,ENT-SAG,BD-1107,14,150.54,6
2024-12-31,ENT-MTL,BD-1085,9,40.90,9
2025-06-30,ENT-SAG,BD-1140,20,41.26,5
2025-03-31,ENT-MTL,BD-1165,20,107.92,12
2025-11-30,ENT-SAG,BD-1176,39,328.78,7
2024-02-29,ENT-QC,BD-1099,24,287.66,12
2025-08-31,ENT-MTL,BD-1068,65,342.49,12
2024-03-31,ENT-MTL,BD-1096,0,170.74,10
2025-09-30,ENT-MTL,BD-1121,8,44.65,9
2024-08-31,ENT-MTL,BD-1065,51,128.81,12
2025-08-31,ENT-QC,BD-1071,81,363.51,16
2025-07-31,ENT-QC,BD-1136,17,112.45,12
2025-01-31,ENT-QC,BD-1089,9,160.95,12
2024-11-30,ENT-SAG,BD-1136,77,110.14,5
2024-10-31,ENT-QC,BD-1019,0,170.21,12
2025-04-30,ENT-SAG,BD-1167,38,209.73,5
2025-02-28,ENT-QC,BD-1164,12,100.45,11
2024-08-31,ENT-MTL,BD-1102,49,255.33,10
2024-01-31,ENT-MTL,BD-1058,15,146.46,17
2024-06-30,ENT-SAG,BD-1163,26,294.58,4
2025-01-31,ENT-QC,BD-1035,16,30.63,19
2024-10-31,ENT-QC,BD-1052,21,179.27,17
2025-06-30,ENT-MTL,BD-1077,13,171.09,13
2024-04-30,ENT-QC,BD-1032,78,339.97,13
2024-01-31,ENT-QC,BD-1010,1,87.08,12
2024-01-31,ENT-MTL,BD-1156,0,161.25,11
2024-12-31,ENT-MTL,BD-1094,16,121.74,11
2025-05-31,ENT-SAG,BD-1172,25,221.22,5
2024-11-30,ENT-QC,BD-1026,15,241.74,11
2025-01-31,ENT-MTL,BD-1071,0,308.06,15
2024-09-30,ENT-MTL,BD-1121,8,43.73,9
2025-03-31,ENT-MTL,BD-1053,86,180.55,19
2024-01-31,ENT-QC,BD-1137,12,25.06,13
2025-11-30,ENT-QC,BD-1112,10,67.02,13
2024-05-31,ENT-SAG,BD-1071,24,301.72,7
2024-05-31,ENT-MTL,BD-1024,41,185.46,12
2025-02-28,ENT-SAG,BD-1089,10,160.95,5
2025-12-31,ENT-SAG,BD-1051,41,79.76,8
2024-06-30,ENT-QC,BD-1047,85,70.06,15
2025-03-31,ENT-QC,BD-1088,11,342.90,9
2024-10-31,ENT-MTL,BD-1028,9,140.77,13
2025-07-31,ENT-QC,BD-1027,87,254.96,14
2024-12-31,ENT-MTL,BD-1068,0,284.28,12
2024-10-31,ENT-SAG,BD-1181,64,305.97,8
2024-01-31,ENT-QC,BD-1023,6,239.29,14
2025-05-31,ENT-MTL,BD-1181,35,312.40,17
2025-08-31,ENT-MTL,BD-1131,23,37.08,13
2024-06-30,ENT-MTL,BD-1079,13,144.83,12
2024-04-30,ENT-MTL,BD-1168,19,224.71,12
2024-09-30,ENT-QC,BD-1057,23,19.26,17
2024-11-30,ENT-QC,BD-1166,22,212.88,13
2024-01-31,ENT-SAG,BD-1176,31,322.02,7
2024-11-30,ENT-QC,BD-1115,7,46.26,11
2024-03-31,ENT-QC,BD-1151,9,90.35,10
2025-01-31,ENT-SAG,BD-1152,5,271.40,4
2024-05-31,ENT-QC,BD-1058,121,146.46,18
2024-12-31,ENT-QC,BD-1054,23,257.53,17
2024-12-31,ENT-QC,BD-1066,7,199.26,10
2025-11-30,ENT-QC,BD-1137,87,25.59,13
2024-02-29,ENT-SAG,BD-1104,8,75.12,5
2024-09-30,ENT-SAG,BD-1078,67,197.64,4
2025-12-31,ENT-SAG,BD-1107,23,150.54,6
2025-02-28,ENT-MTL,BD-1168,29,229.43,12
2024-06-30,ENT-MTL,BD-1080,1,173.12,11
2024-09-30,ENT-SAG,BD-1098,97,257.11,6
2025-09-30,ENT-QC,BD-1025,11,149.35,9
2024-06-30,ENT-QC,BD-1117,65,98.28,10
2025-09-30,ENT-QC,BD-1012,10,69.62,11
2025-08-31,ENT-MTL,BD-1073,51,307.22,13
2024-05-31,ENT-SAG,BD-1102,15,255.33,4
2025-01-31,ENT-QC,BD-1065,7,131.52,12
2024-02-29,ENT-QC,BD-1107,35,147.44,14
2024-08-31,ENT-MTL,BD-1171,28,83.70,12
2024-10-31,ENT-QC,BD-1063,23,242.15,21
2024-03-31,ENT-MTL,BD-1139,20,198.93,16
2025-08-31,ENT-QC,BD-1051,92,79.76,18
2024-12-31,ENT-QC,BD-1073,22,255.00,14
2024-02-29,ENT-SAG,BD-1067,16,23.77,6
2024-12-31,ENT-QC,BD-1081,19,302.82,13
2025-02-28,ENT-SAG,BD-1040,0,274.41,7
2024-03-31,ENT-SAG,BD-1094,14,121.74,5
2025-03-31,ENT-QC,BD-1182,36,58.06,14
2025-12-31,ENT-QC,BD-1091,13,336.22,11
2025-12-31,ENT-QC,BD-1059,11,391.48,16
2025-07-31,ENT-QC,BD-1163,23,300.77,11
2025-07-31,ENT-QC,BD-1128,12,78.87,10
2025-07-31,ENT-SAG,BD-1054,122,262.94,7
2025-06-30,ENT-MTL,BD-1113,43,281.81,9
2024-06-30,ENT-QC,BD-1138,0,86.38,14
2024-05-31,ENT-QC,BD-1107,86,147.44,14
2024-06-30,ENT-QC,BD-1131,13,36.32,14
2024-09-30,ENT-MTL,BD-1172,20,216.67,12
2025-04-30,ENT-QC,BD-1139,9,203.11,17
2024-07-31,ENT-QC,BD-1030,73,98.88,11
2024-05-31,ENT-QC,BD-1176,34,322.02,17
2024-05-31,ENT-MTL,BD-1121,46,43.73,9
2024-06-30,ENT-QC,BD-1076,0,281.11,12
2024-05-31,ENT-MTL,BD-1010,53,87.08,11
2024-04-30,ENT-QC,BD-1077,5,167.57,14
2024-09-30,ENT-QC,BD-1114,20,149.59,12
2024-08-31,ENT-QC,BD-1042,155,261.53,23
2025-01-31,ENT-MTL,BD-1160,31,41.56,14
2024-12-31,ENT-MTL,BD-1043,7,294.10,14
2024-06-30,ENT-QC,BD-1172,20,216.67,13
2024-08-31,ENT-MTL,BD-1017,11,307.26,13
2024-10-31,ENT-SAG,BD-1107,12,147.44,6
2025-01-31,ENT-QC,BD-1079,15,147.87,12
2025-07-31,ENT-MTL,BD-1170,23,16.95,12
2024-11-30,ENT-SAG,BD-1093,76,132.18,4
2025-10-31,ENT-MTL,BD-1004,4,158.83,10
2025-02-28,ENT-SAG,BD-1112,18,67.02,5
2025-08-31,ENT-MTL,BD-1065,62,155.19,12
2025-02-28,ENT-MTL,BD-1174,11,169.01,12
2025-03-31,ENT-QC,BD-1128,1,78.87,10
2024-05-31,ENT-MTL,BD-1136,7,110.14,12
2024-06-30,ENT-MTL,BD-1065,12,128.81,12
2024-05-31,ENT-MTL,BD-1095,3,53.64,7
2025-04-30,ENT-QC,BD-1138,12,88.19,14
2025-02-28,ENT-SAG,BD-1026,17,246.82,4
2025-02-28,ENT-QC,BD-1123,18,132.28,13
2025-11-30,ENT-QC,BD-1084,61,375.89,12
2025-08-31,ENT-QC,BD-1157,30,25.21,13
2025-10-31,ENT-QC,BD-1126,13,133.03,12
2024-09-30,ENT-QC,BD-1087,83,211.22,15
2025-11-30,ENT-QC,BD-1066,54,240.06,10
2024-10-31,ENT-SAG,BD-1134,75,60.50,4
2025-04-30,ENT-SAG,BD-1002,38,298.72,3
2025-11-30,ENT-MTL,BD-9931,7,154.84,12
2025-11-30,ENT-MTL,BD-1090,48,69.37,11
2025-05-31,ENT-QC,BD-1023,76,244.32,14
2024-08-31,ENT-QC,BD-1164,28,98.38,11
2025-01-31,ENT-SAG,BD-1076,20,287.01,5
2024-03-31,ENT-SAG,BD-1168,36,224.71,5
2024-07-31,ENT-QC,BD-1073,15,255.00,14
2024-05-31,ENT-QC,BD-1042,139,261.53,23
2025-02-28,ENT-MTL,BD-1153,13,116.00,10
2025-10-31,ENT-QC,BD-1142,59,100.93,11
2025-10-31,ENT-MTL,BD-1106,11,340.08,13
2025-10-31,ENT-MTL,BD-1027,2,254.96,14
2025-02-28,ENT-QC,BD-1135,8,40.73,15
2024-11-30,ENT-SAG,BD-1089,68,157.64,5
2024-01-31,ENT-QC,BD-1065,17,128.81,12
2025-08-31,ENT-QC,BD-1158,13,184.61,16
2024-07-31,ENT-MTL,BD-1007,45,55.96,9
2025-06-30,ENT-MTL,BD-1036,77,191.63,18
2025-04-30,ENT-QC,BD-1027,74,254.96,14
2025-12-31,ENT-MTL,BD-1051,11,79.76,17
2024-01-31,ENT-MTL,BD-1126,8,130.29,12
2024-04-30,ENT-QC,BD-1042,129,261.53,23
2025-04-30,ENT-MTL,BD-1049,80,31.22,17
2025-10-31,ENT-SAG,BD-1073,94,307.22,6
2025-05-31,ENT-SAG,BD-1008,61,155.34,4
2025-03-31,ENT-QC,BD-1001,9,186.13,9
2025-03-31,ENT-MTL,BD-1034,5,155.08,12
2024-12-31,ENT-QC,BD-1157,28,24.69,13
2025-02-28,ENT-QC,BD-1081,25,309.18,13
2024-12-31,ENT-QC,BD-1145,82,108.83,16
2025-05-31,ENT-MTL,BD-1002,-7,298.72,7
2025-07-31,ENT-MTL,BD-1120,15,186.72,11
2025-09-30,ENT-SAG,BD-1150,116,347.06,6
2024-06-30,ENT-MTL,BD-1162,13,66.97,14
2025-04-30,ENT-SAG,BD-1103,85,154.84,5
2024-02-29,ENT-QC,BD-1072,22,196.62,13
2024-09-30,ENT-MTL,BD-1142,44,98.85,10
2024-10-31,ENT-QC,BD-1112,12,65.64,13
2025-12-31,ENT-QC,BD-1182,38,58.06,14
2024-03-31,ENT-QC,BD-1023,20,239.29,14
2024-02-29,ENT-SAG,BD-1152,12,265.82,4
2024-01-31,ENT-QC,BD-1145,2,108.83,16
2024-11-30,ENT-QC,BD-1177,19,211.22,12
2024-10-31,ENT-QC,BD-1027,19,249.72,14
2024-02-29,ENT-QC,BD-1114,7,149.59,12
2024-11-30,ENT-QC,BD-1013,14,308.85,12
2024-06-30,ENT-QC,BD-1083,9,157.14,11
2024-09-30,ENT-MTL,BD-1175,35,94.86,16
2024-09-30,ENT-QC,BD-1067,71,23.77,14
2024-11-30,ENT-MTL,BD-1007,11,55.96,9
2025-01-31,ENT-SAG,BD-9176,23,293.70,5
2025-10-31,ENT-QC,BD-1169,28,282.28,14
2025-06-30,ENT-QC,BD-1161,36,64.16,14
2025-02-28,ENT-MTL,BD-1180,36,95.30,14
2025-05-31,ENT-SAG,BD-1176,53,328.78,7
2024-09-30,ENT-QC,BD-1134,51,60.50,10
2025-07-31,ENT-QC,BD-1017,74,313.71,14
2024-05-31,ENT-MTL,BD-1132,8,125.81,13
2025-01-31,ENT-QC,BD-1073,11,260.35,14
2024-09-30,ENT-QC,BD-1082,66,278.39,11
2024-07-31,ENT-MTL,BD-1094,0,121.74,11
2024-05-31,ENT-QC,BD-1149,38,108.85,18
2024-04-30,ENT-SAG,BD-1080,4,173.12,5
2025-07-31,ENT-MTL,BD-1002,28,298.72,7
2025-10-31,ENT-QC,BD-1096,53,205.70,10
2024-07-31,ENT-SAG,BD-1137,20,25.06,5
2024-06-30,ENT-SAG,BD-1038,151,313.36,9
2024-05-31,ENT-QC,BD-1027,70,249.72,14
2024-11-30,ENT-MTL,BD-1046,11,308.91,17
2025-12-31,ENT-MTL,BD-1148,51,302.28,11
2024-04-30,ENT-MTL,BD-1134,8,60.50,10
2025-12-31,ENT-QC,BD-1134,56,61.77,10
2025-11-30,ENT-QC,BD-1027,16,254.96,14
2024-12-31,ENT-QC,BD-1008,3,128.94,10
2024-11-30,ENT-SAG,BD-1028,8,140.77,6
2025-05-31,ENT-QC,BD-1178,41,119.43,17
2025-08-31,ENT-MTL,BD-1025,4,149.35,9
2025-08-31,ENT-QC,BD-1154,11,329.92,13
2025-08-31,ENT-QC,BD-1160,23,41.56,15
2025-12-31,ENT-MTL,BD-1154,68,329.92,12
2025-03-31,ENT-MTL,BD-1019,7,173.78,11
2024-11-30,ENT-SAG,BD-1153,64,113.61,4
2025-08-31,ENT-SAG,BD-1043,95,300.28,6
2025-04-30,ENT-MTL,BD-1165,20,107.92,12
2025-04-30,ENT-SAG,BD-1148,11,302.28,5
2024-07-31,ENT-SAG,BD-1143,0,215.92,5
2024-09-30,ENT-MTL,BD-1077,68,167.57,13
2024-06-30,ENT-QC,BD-1013,72,308.85,12
2024-03-31,ENT-MTL,BD-1153,0,113.61,10
2025-08-31,ENT-QC,BD-1088,46,404.63,9
2024-05-31,ENT-SAG,BD-1156,14,161.25,5
2025-05-31,ENT-MTL,BD-1139,15,203.11,16
2025-11-30,ENT-SAG,BD-1047,24,71.53,6
2024-09-30,ENT-SAG,BD-1104,0,75.12,5
2025-12-31,ENT-QC,BD-1156,52,164.64,12
2025-10-31,ENT-MTL,BD-1178,34,119.43,16
2024-08-31,ENT-QC,BD-1172,30,216.67,13
2024-12-31,ENT-QC,BD-1132,72,125.81,14
2025-01-31,ENT-QC,BD-1020,19,33.12,16
2024-05-31,ENT-QC,BD-1059,84,324.94,16
2025-10-31,ENT-QC,BD-1036,19,191.63,19
2024-04-30,ENT-MTL,BD-1047,59,70.06,14
2024-08-31,ENT-QC,BD-1048,111,32.82,16
2025-05-31,ENT-SAG,BD-1054,119,262.94,7
2024-08-31,ENT-MTL,BD-1169,30,276.47,13
2024-04-30,ENT-QC,BD-1173,32,207.98,16
2025-03-31,ENT-SAG,BD-1147,17,346.92,4
2024-04-30,ENT-MTL,BD-1028,74,140.77,13
2025-06-30,ENT-MTL,BD-1118,57,343.17,12
2025-06-30,ENT-QC,BD-1155,11,329.15,17
2025-11-30,ENT-QC,BD-1031,27,300.62,14
2024-07-31,ENT-QC,BD-1020,98,32.44,16
2024-06-30,ENT-SAG,BD-1048,88,32.82,7
2024-03-31,ENT-MTL,BD-1172,24,216.67,12
2024-02-29,ENT-MTL,BD-1146,12,220.88,14
2025-09-30,ENT-QC,BD-1139,94,203.11,17
2025-01-31,ENT-SAG,BD-1066,1,203.44,4
2025-04-30,ENT-MTL,BD-1073,5,260.35,13
2025-09-30,ENT-SAG,BD-1080,83,208.57,5
2024-01-31,ENT-MTL,BD-1133,25,61.66,15
2024-02-29,ENT-QC,BD-1034,27,151.89,13
2025-11-30,ENT-QC,BD-1015,29,325.38,14
2025-08-31,ENT-QC,BD-1048,88,33.51,16
2024-04-30,ENT-QC,BD-1119,53,58.44,11
2024-07-31,ENT-QC,BD-1025,60,146.28,9
2025-02-28,ENT-SAG,BD-1148,11,302.28,5
2025-02-28,ENT-QC,BD-1007,13,57.14,10
2024-02-29,ENT-MTL,BD-1024,6,185.46,12
2025-05-31,ENT-QC,BD-1078,5,238.11,9
2024-10-31,ENT-SAG,BD-1136,73,110.14,5
2024-08-31,ENT-QC,BD-1008,17,128.94,10
2024-08-31,ENT-SAG,BD-1067,85,23.77,6
2024-05-31,ENT-QC,BD-1119,58,58.44,11
2024-10-31,ENT-QC,BD-1122,7,208.30,11
2024-11-30,ENT-MTL,BD-1178,19,116.97,16
2024-11-30,ENT-MTL,BD-1176,31,322.02,16
2025-05-31,ENT-MTL,BD-1165,20,107.92,12
2025-12-31,ENT-QC,BD-1022,0,298.47,8
2024-09-30,ENT-SAG,BD-1137,79,25.06,5
2025-02-28,ENT-QC,BD-1071,14,308.06,16
2024-08-31,ENT-QC,BD-1100,67,306.44,11
2025-05-31,ENT-MTL,BD-1041,67,163.24,15
2025-05-31,ENT-SAG,BD-1117,71,100.34,4
2024-05-31,ENT-QC,BD-1113,58,276.01,10
2025-01-31,ENT-SAG,BD-1180,43,95.30,6
2025-11-30,ENT-QC,BD-1064,16,70.89,15
2024-12-31,ENT-QC,BD-1035,9,30.00,19
2025-04-30,ENT-QC,BD-1014,74,27.18,15
2024-04-30,ENT-QC,BD-1009,49,66.28,9
2025-10-31,ENT-SAG,BD-1124,10,153.77,5
2025-11-30,ENT-QC,BD-1009,13,67.67,9
2025-03-31,ENT-QC,BD-1024,7,189.35,12
2024-05-31,ENT-QC,BD-1129,6,45.49,20
2024-12-31,ENT-MTL,BD-1144,47,96.31,14
2025-01-31,ENT-MTL,BD-1027,6,254.96,14
2025-02-28,ENT-QC,BD-1157,27,25.21,13
2025-02-28,ENT-SAG,BD-1082,37,284.24,4
2025-07-31,ENT-QC,BD-1070,12,48.05,10
2024-09-30,ENT-SAG,BD-1086,82,80.72,5
2025-03-31,ENT-QC,BD-1130,2,323.89,14
2024-04-30,ENT-QC,BD-1074,26,108.27,13
2024-12-31,ENT-QC,BD-1131,75,36.32,14
2024-07-31,ENT-SAG,BD-1043,105,294.10,6
2024-07-31,ENT-MTL,BD-1053,82,176.84,19
2025-12-31,ENT-SAG,BD-1137,91,25.59,5
2024-09-30,ENT-SAG,BD-1102,60,255.33,4
2025-10-31,ENT-MTL,BD-1118,18,343.17,12
2024-01-31,ENT-QC,BD-1170,30,16.60,12
2024-07-31,ENT-MTL,BD-1039,61,119.66,18
2025-04-30,ENT-SAG,BD-1100,22,312.88,4
2024-05-31,ENT-QC,BD-1075,0,59.74,13
2025-08-31,ENT-QC,BD-1142,0,100.93,11
2025-06-30,ENT-QC,BD-1086,0,97.25,12
2025-12-31,ENT-MTL,BD-1127,53,174.31,14
2024-10-31,ENT-QC,BD-1047,0,70.06,15
2025-09-30,ENT-SAG,BD-1038,15,319.94,9
2024-01-31,ENT-MTL,BD-1132,18,125.81,13
2025-08-31,ENT-MTL,BD-1134,4,61.77,10
2024-06-30,ENT-SAG,BD-1153,22,113.61,4
2024-07-31,ENT-SAG,BD-1005,90,204.06,5
2025-01-31,ENT-MTL,BD-1113,0,281.81,9
2024-04-30,ENT-QC,BD-1163,21,294.58,11
2024-04-30,ENT-MTL,BD-1017,61,307.26,13
2025-08-31,ENT-SAG,BD-1090,70,69.37,5
2024-04-30,ENT-MTL,BD-1031,52,294.44,13
2025-09-30,ENT-SAG,BD-1063,30,247.24,9
2025-05-31,ENT-QC,BD-1055,76,213.75,16
2025-08-31,ENT-QC,BD-1064,76,70.89,15
2025-01-31,ENT-SAG,BD-1104,6,76.70,5
2024-10-31,ENT-QC,BD-1064,10,69.43,15
2024-01-31,ENT-QC,BD-1176,19,322.02,17
2024-08-31,ENT-SAG,BD-1124,6,150.61,5
2025-06-30,ENT-MTL,BD-1134,0,61.77,10
2025-08-31,ENT-QC,BD-1006,18,182.47,11
2025-12-31,ENT-MTL,BD-1164,15,100.45,10
2024-12-31,ENT-QC,BD-1181,19,305.97,18
2024-04-30,ENT-QC,BD-1141,0,307.78,10
2024-08-31,ENT-QC,BD-1145,11,108.83,16
2024-01-31,ENT-MTL,BD-1180,26,93.34,14
2025-06-30,ENT-MTL,BD-1060,73,291.44,16
2024-05-31,ENT-MTL,BD-1079,2,144.83,12
2024-02-29,ENT-MTL,BD-1044,17,195.45,16
2025-01-31,ENT-QC,BD-1094,9,124.30,12
2025-10-31,ENT-QC,BD-1139,97,203.11,17
2024-11-30,ENT-QC,BD-1125,9,285.25,12
2025-08-31,ENT-QC,BD-1099,57,346.57,12
2024-01-31,ENT-QC,BD-1066,8,199.26,10
2025-06-30,ENT-MTL,BD-1040,78,274.41,17
2025-05-31,ENT-QC,BD-1034,70,182.99,13
2024-11-30,ENT-QC,BD-1004,0,155.56,11
2024-11-30,ENT-QC,BD-1085,57,40.90,10
2025-03-31,ENT-QC,BD-1037,113,16.65,22
2025-10-31,ENT-SAG,BD-1076,73,338.68,5
2025-11-30,ENT-MTL,BD-1038,3,319.94,20
2024-03-31,ENT-SAG,BD-1162,41,66.97,6
2024-09-30,ENT-SAG,BD-1052,0,179.27,7
2025-03-31,ENT-QC,BD-1025,2,149.35,9
2024-05-31,ENT-MTL,BD-1065,16,128.81,12
2024-01-31,ENT-QC,BD-1074,7,108.27,13
2024-08-31,ENT-QC,BD-1143,0,215.92,13
2024-10-31,ENT-SAG,BD-1165,13,105.70,5
2024-11-30,ENT-QC,BD-1070,57,39.88,10
2025-01-31,ENT-QC,BD-1047,22,71.53,15
2024-05-31,ENT-QC,BD-1081,0,302.82,13
2025-04-30,ENT-QC,BD-1021,53,205.78,12
2025-06-30,ENT-MTL,BD-1028,60,143.73,13
2025-07-31,ENT-QC,BD-1016,51,224.02,9
2025-02-28,ENT-MTL,BD-1181,36,312.40,17
2024-03-31,ENT-SAG,BD-1036,105,159.06,8
2024-11-30,ENT-SAG,BD-1054,21,257.53,7
2024-07-31,ENT-SAG,BD-1104,21,75.12,5
2024-11-30,ENT-QC,BD-1180,30,93.34,15
2024-11-30,ENT-SAG,BD-1124,13,150.61,5
2025-09-30,ENT-QC,BD-1121,11,44.65,10
2025-08-31,ENT-QC,BD-1133,11,62.95,16
2025-07-31,ENT-QC,BD-1102,5,260.69,10
2025-11-30,ENT-MTL,BD-1032,13,409.59,12
2025-05-31,ENT-SAG,BD-1147,4,346.92,4
2024-02-29,ENT-QC,BD-1135,20,39.89,15
2025-04-30,ENT-MTL,BD-1041,77,163.24,15
2025-06-30,ENT-QC,BD-1175,13,96.85,17
2025-04-30,ENT-MTL,BD-1006,53,182.47,10
2024-02-29,ENT-MTL,BD-1124,0,150.61,12
2024-02-29,ENT-QC,BD-1081,0,302.82,13
2024-09-30,ENT-SAG,BD-1154,70,323.13,5
2025-07-31,ENT-QC,BD-1019,57,205.07,12
2024-12-31,ENT-QC,BD-1039,4,119.66,19
2024-11-30,ENT-QC,BD-1093,71,132.18,10
2024-10-31,ENT-QC,BD-1025,16,146.28,9
2025-09-30,ENT-SAG,BD-1066,50,240.06,4
2025-02-28,ENT-MTL,BD-1125,10,291.24,11
2024-11-30,ENT-SAG,BD-1160,21,40.71,6
2024-03-31,ENT-MTL,BD-1126,15,130.29,12
2024-04-30,ENT-QC,BD-1170,19,16.60,12
2024-10-31,ENT-SAG,BD-1055,1,209.35,7
2025-09-30,ENT-QC,BD-1132,75,128.45,14
2024-10-31,ENT-QC,BD-1053,4,176.84,20
2024-05-31,ENT-QC,BD-1180,18,93.34,15
2025-10-31,ENT-SAG,BD-1161,41,64.16,6
2025-09-30,ENT-SAG,BD-1157,40,25.21,5
2024-12-31,ENT-MTL,BD-1017,1,307.26,13
2025-11-30,ENT-MTL,BD-1058,13,149.54,17
2024-07-31,ENT-QC,BD-9531,18,61.66,16
2024-05-31,ENT-SAG,BD-1063,145,242.15,9
2024-03-31,ENT-QC,BD-1059,78,324.94,16
2024-04-30,ENT-QC,BD-1117,58,98.28,10
2024-09-30,ENT-MTL,BD-1024,8,185.46,12
2025-11-30,ENT-SAG,BD-1136,78,112.45,5
2025-08-31,ENT-MTL,BD-1118,9,343.17,12
2024-12-31,ENT-SAG,BD-1065,19,128.81,5
2025-02-28,ENT-MTL,BD-1074,3,110.54,12
2025-03-31,ENT-SAG,BD-1132,28,128.45,6
2024-11-30,ENT-QC,BD-1042,30,261.53,23
2025-03-31,ENT-SAG,BD-1120,9,186.72,5
2024-06-30,ENT-SAG,BD-1040,100,268.77,7
2025-05-31,ENT-QC,BD-1067,14,28.64,14
2025-05-31,ENT-QC,BD-9540,27,85.46,12
2024-12-31,ENT-MTL,BD-1083,6,157.14,10
2025-12-31,ENT-MTL,BD-1082,17,335.40,10
2024-08-31,ENT-SAG,BD-1036,140,159.06,8
2025-07-31,ENT-SAG,BD-1149,14,111.14,7
2024-10-31,ENT-SAG,BD-1176,34,322.02,7
2024-08-31,ENT-QC,BD-1035,99,30.00,19
2024-08-31,ENT-QC,BD-1130,7,317.23,14
2024-07-31,ENT-MTL,BD-1038,76,313.36,20
2025-10-31,ENT-QC,BD-1132,76,128.45,14
2025-07-31,ENT-MTL,BD-1014,66,27.18,14
2025-12-31,ENT-MTL,BD-1048,0,33.51,15
2024-10-31,ENT-MTL,BD-1175,26,94.86,16
2025-08-31,ENT-SAG,BD-1005,5,208.35,5
2025-05-31,ENT-QC,BD-1154,20,329.92,13
2024-04-30,ENT-QC,BD-1078,20,197.64,9
2025-08-31,ENT-SAG,BD-1107,25,150.54,6
2025-05-31,ENT-SAG,BD-1052,108,183.03,7
2025-09-30,ENT-MTL,BD-1017,8,313.71,13
2024-10-31,ENT-QC,BD-1001,7,182.30,9
2024-03-31,ENT-QC,BD-1131,13,36.32,14
2024-07-31,ENT-MTL,BD-1181,35,305.97,17
2024-10-31,ENT-MTL,BD-1139,84,198.93,16
2024-03-31,ENT-QC,BD-1058,114,146.46,18
2025-06-30,ENT-MTL,BD-1074,14,130.44,12
2025-07-31,ENT-QC,BD-1135,23,40.73,15
2025-07-31,ENT-SAG,BD-1075,2,71.97,5
2025-10-31,ENT-QC,BD-1072,73,236.88,13
2025-07-31,ENT-QC,BD-1108,9,169.96,14
2025-07-31,ENT-MTL,BD-1074,4,130.44,12
2025-07-31,ENT-QC,BD-1056,114,293.14,19
2024-08-31,ENT-SAG,BD-1156,21,161.25,5
2024-06-30,ENT-MTL,BD-1004,44,155.56,10
2025-09-30,ENT-QC,BD-1019,5,205.07,12
2024-07-31,ENT-SAG,BD-1180,42,93.34,6
2025-03-31,ENT-SAG,BD-1066,5,203.44,4
2024-02-29,ENT-QC,BD-1065,15,128.81,12
2024-03-31,ENT-SAG,BD-1028,2,140.77,6
2024-04-30,ENT-SAG,BD-1026,73,241.74,4
2025-08-31,ENT-SAG,BD-1169,34,282.28,6
2024-10-31,ENT-MTL,BD-1044,7,195.45,16
2025-05-31,ENT-SAG,BD-1124,73,153.77,5
2024-11-30,ENT-SAG,BD-1140,86,40.41,5
2024-09-30,ENT-SAG,BD-1140,77,40.41,5
2025-05-31,ENT-QC,BD-1117,55,100.34,10
2025-08-31,ENT-MTL,BD-1123,15,132.28,13
2025-01-31,ENT-MTL,BD-9465,0,300.28,14
2024-11-30,ENT-SAG,BD-1130,112,317.23,6
2025-03-31,ENT-QC,BD-1101,17,64.26,12
2024-01-31,ENT-QC,BD-1158,23,180.81,16
2024-12-31,ENT-QC,BD-1030,17,98.88,11
2025-11-30,ENT-MTL,BD-1097,52,253.06,11
2025-06-30,ENT-SAG,BD-1033,82,113.22,6
2024-03-31,ENT-SAG,BD-1067,27,23.77,6
2024-05-31,ENT-QC,BD-1002,41,292.58,7
2024-01-31,ENT-QC,BD-1003,0,188.61,11
2024-09-30,ENT-QC,BD-1131,65,36.32,14
2025-04-30,ENT-MTL,BD-1079,6,147.87,12
2025-03-31,ENT-QC,BD-1158,29,184.61,16
2024-05-31,ENT-QC,BD-1139,0,198.93,17
2024-09-30,ENT-SAG,BD-1041,15,159.88,7
2024-08-31,ENT-MTL,BD-1154,6,323.13,12
2024-11-30,ENT-SAG,BD-1148,79,296.06,5
2025-03-31,ENT-SAG,BD-1075,10,60.99,5
2024-05-31,ENT-MTL,BD-1117,51,98.28,10
2024-06-30,ENT-QC,BD-1094,6,121.74,12
2024-08-31,ENT-QC,BD-1156,8,161.25,12
2025-02-28,ENT-MTL,BD-1041,8,163.24,15
2025-02-28,ENT-SAG,BD-1130,40,323.89,6
2025-12-31,ENT-MTL,BD-1129,83,46.45,19
2025-07-31,ENT-QC,BD-1119,14,59.67,11
2024-07-31,ENT-MTL,BD-1156,2,161.25,11
2025-07-31,ENT-QC,BD-1039,109,122.17,19
2025-02-28,ENT-SAG,BD-1098,27,262.51,6
2025-08-31,ENT-QC,BD-1121,16,44.65,10
2024-09-30,ENT-SAG,BD-1028,34,140.77,6
2024-01-31,ENT-MTL,BD-1142,14,98.85,10
2024-07-31,ENT-QC,BD-1058,93,146.46,18
2025-10-31,ENT-QC,BD-1140,-9,41.26,12
2025-10-31,ENT-QC,BD-1015,5,325.38,14
2024-12-31,ENT-SAG,BD-1143,75,215.92,5
2025-12-31,ENT-MTL,BD-1003,7,227.23,10
2025-03-31,ENT-MTL,BD-1007,3,57.14,9
2025-05-31,ENT-SAG,BD-1100,0,369.19,4
2024-02-29,ENT-QC,BD-1030,8,98.88,11
2024-06-30,ENT-QC,BD-1152,2,265.82,10
2025-03-31,ENT-MTL,BD-1176,22,328.78,16
2024-06-30,ENT-MTL,BD-1111,45,145.84,11
2025-09-30,ENT-QC,BD-1078,47,238.11,9
2024-03-31,ENT-MTL,BD-1152,5,265.82,9
2025-02-28,ENT-MTL,BD-1024,9,189.35,12
2024-05-31,ENT-QC,BD-1136,21,110.14,12
2024-01-31,ENT-MTL,BD-1182,27,56.87,13
2024-07-31,ENT-SAG,BD-1139,19,198.93,7
2025-07-31,ENT-QC,BD-1081,17,364.83,13
2025-01-31,ENT-MTL,BD-1004,8,158.83,10
2024-03-31,ENT-MTL,BD-1163,16,294.58,10
2025-01-31,ENT-MTL,BD-1170,24,16.95,12
2024-04-30,ENT-SAG,BD-1166,21,212.88,5
2024-05-31,ENT-SAG,BD-1086,17,80.72,5
2025-12-31,ENT-SAG,BD-1029,5,243.45,4
2024-06-30,ENT-MTL,BD-1059,58,324.94,16
2025-11-30,ENT-SAG,BD-1163,25,300.77,4
2025-06-30,ENT-QC,BD-1054,98,262.94,17
2025-03-31,ENT-MTL,BD-1006,13,182.47,10
2024-04-30,ENT-MTL,BD-1165,16,105.70,12
2025-10-31,ENT-SAG,BD-1048,18,33.51,7
2024-02-29,ENT-MTL,BD-1160,25,40.71,14
2025-04-30,ENT-QC,BD-1030,55,100.96,11
2025-06-30,ENT-QC,BD-1021,56,242.82,12
2024-11-30,ENT-QC,BD-1060,11,241.90,17
2025-07-31,ENT-SAG,BD-1088,5,404.63,4
2024-04-30,ENT-MTL,BD-1037,96,16.31,21
2024-12-31,ENT-QC,BD-1123,18,129.56,13
2024-01-31,ENT-SAG,BD-1162,55,66.97,6
2025-09-30,ENT-QC,BD-1003,15,227.23,11
2025-08-31,ENT-SAG,BD-1071,126,363.51,7
2025-01-31,ENT-QC,BD-1005,17,208.35,13
2025-09-30,ENT-SAG,BD-1121,17,44.65,4
2024-05-31,ENT-QC,BD-1085,11,40.90,10
2025-08-31,ENT-SAG,BD-1074,84,130.44,5
2024-06-30,ENT-QC,BD-1104,60,75.12,11
2024-01-31,ENT-SAG,BD-1050,15,291.69,8
2025-06-30,ENT-MTL,BD-1138,9,88.19,13
2024-12-31,ENT-MTL,BD-1048,22,32.82,15
2025-10-31,ENT-QC,BD-1075,72,71.97,13
2025-05-31,ENT-MTL,BD-1158,22,184.61,15
2024-07-31,ENT-QC,BD-1112,16,65.64,13
2024-03-31,ENT-SAG,BD-1037,173,16.31,9
2024-03-31,ENT-SAG,BD-1033,22,110.89,6
2024-04-30,ENT-QC,BD-1079,15,144.83,12
2025-10-31,ENT-QC,BD-1122,17,212.67,11
2024-08-31,ENT-QC,BD-1122,10,208.30,11
2024-08-31,ENT-QC,BD-1166,26,212.88,13
2025-05-31,ENT-MTL,BD-1077,6,171.09,13
2025-11-30,ENT-MTL,BD-1072,54,236.88,12
2025-07-31,ENT-MTL,BD-1117,9,100.34,10
2025-01-31,ENT-SAG,BD-1136,0,112.45,5
2024-04-30,ENT-QC,BD-1070,11,39.88,10
2025-09-30,ENT-QC,BD-1144,63,98.33,15
2024-06-30,ENT-QC,BD-1178,29,116.97,17
2025-05-31,ENT-QC,BD-1182,44,58.06,14
2024-01-31,ENT-SAG,BD-1089,23,157.64,5
2024-05-31,ENT-QC,BD-1118,66,336.11,13
2024-03-31,ENT-MTL,BD-1128,2,77.25,10
2024-08-31,ENT-QC,BD-1064,-1,69.43,15
2024-03-31,ENT-QC,BD-1011,14,288.46,9
2025-03-31,ENT-SAG,BD-1093,20,134.96,4
2025-07-31,ENT-QC,BD-1034,83,182.99,13
2025-01-31,ENT-SAG,BD-1043,11,300.28,6
2024-10-31,ENT-QC,BD-1135,77,39.89,15
2025-01-31,ENT-QC,BD-1074,6,110.54,13
2025-04-30,ENT-SAG,BD-1169,44,282.28,6
2024-11-30,ENT-MTL,BD-1181,24,305.97,17
2025-01-31,ENT-SAG,BD-1074,16,110.54,5
2024-07-31,ENT-QC,BD-1059,107,324.94,16
2025-02-28,ENT-QC,BD-1173,21,212.35,16
2024-02-29,ENT-QC,BD-1174,24,165.53,13
2025-05-31,ENT-QC,BD-1035,96,30.63,19
2024-10-31,ENT-SAG,BD-1120,12,182.88,5
2024-01-31,ENT-SAG,BD-1140,20,40.41,5
2025-01-31,ENT-MTL,BD-1152,8,271.40,9
2024-10-31,ENT-MTL,BD-1057,0,19.26,16
2024-06-30,ENT-MTL,BD-1116,79,58.93,16
2024-09-30,ENT-MTL,BD-1080,49,173.12,11
2024-06-30,ENT-SAG,BD-1162,47,66.97,6
2024-02-29,ENT-QC,BD-1126,13,130.29,12
2024-01-31,ENT-QC,BD-1140,8,40.41,12
2025-04-30,ENT-MTL,BD-1115,49,47.23,11
2024-10-31,ENT-QC,BD-1082,56,278.39,11
2025-10-31,ENT-MTL,BD-1091,50,336.22,11
2025-03-31,ENT-QC,BD-1112,3,67.02,13
2025-10-31,ENT-SAG,BD-1043,32,300.28,6
2025-05-31,ENT-MTL,BD-1053,72,180.55,19
2024-08-31,ENT-MTL,BD-1069,59,198.50,11
2025-03-31,ENT-QC,BD-1043,-2,300.28,15
2024-12-31,ENT-MTL,BD-1137,58,25.06,13
2024-09-30,ENT-QC,BD-1084,72,312.00,12
2024-10-31,ENT-QC,BD-1074,68,108.27,13
2025-07-31,ENT-MTL,BD-1048,63,33.51,15
2025-06-30,ENT-QC,BD-1019,73,205.07,12
2025-05-31,ENT-SAG,BD-1086,2,97.25,5
2024-08-31,ENT-MTL,BD-1040,79,268.77,17
2024-09-30,ENT-SAG,BD-1124,31,150.61,5
2025-11-30,ENT-SAG,BD-1116,35,60.17,7
2025-04-30,ENT-SAG,BD-1143,1,220.45,5
2025-08-31,ENT-SAG,BD-1029,5,243.45,4
2024-01-31,ENT-QC,BD-1089,24,157.64,12
2025-02-28,ENT-SAG,BD-1139,29,203.11,7
2025-08-31,ENT-MTL,BD-1079,58,147.87,12
2024-02-29,ENT-MTL,BD-1118,4,336.11,12
2024-09-30,ENT-MTL,BD-1095,35,53.64,7
2024-12-31,ENT-MTL,BD-1111,9,145.84,11
2025-11-30,ENT-MTL,BD-1079,62,147.87,12
2024-12-31,ENT-MTL,BD-1046,29,308.91,17
2025-04-30,ENT-QC,BD-1053,93,180.55,20
2025-10-31,ENT-SAG,BD-1168,27,229.43,5
2025-03-31,ENT-SAG,BD-1045,109,78.37,6
2024-02-29,ENT-QC,BD-1038,22,313.36,21
2025-07-31,ENT-MTL,BD-9612,27,312.40,17
2025-10-31,ENT-MTL,BD-1134,50,61.77,10
2024-03-31,ENT-SAG,BD-1121,8,43.73,4
2024-05-31,ENT-QC,BD-1099,16,287.66,12
2024-07-31,ENT-MTL,BD-1179,40,226.59,12
2024-07-31,ENT-QC,BD-1181,55,305.97,18
2025-06-30,ENT-QC,BD-1130,19,323.89,14
2025-05-31,ENT-MTL,BD-1051,71,79.76,17
2025-07-31,ENT-MTL,BD-1036,85,191.63,18
2024-03-31,ENT-SAG,BD-1124,29,150.61,5
2024-08-31,ENT-SAG,BD-1141,24,307.78,4
2025-05-31,ENT-MTL,BD-1070,7,48.05,10
2025-09-30,ENT-QC,BD-1128,60,78.87,10
2024-07-31,ENT-MTL,BD-1066,0,199.26,9
2024-09-30,ENT-MTL,BD-1178,34,116.97,16
2025-02-28,ENT-MTL,BD-1069,5,202.67,11
2025-06-30,ENT-MTL,BD-1039,75,122.17,18
2024-07-31,ENT-MTL,BD-1086,18,80.72,11
2024-07-31,ENT-QC,BD-1169,27,276.47,14
2025-03-31,ENT-SAG,BD-1074,18,110.54,5
2024-11-30,ENT-MTL,BD-1027,15,249.72,14
2025-11-30,ENT-QC,BD-1179,28,231.35,12
2024-07-31,ENT-MTL,BD-1084,4,312.00,12
2024-01-31,ENT-QC,BD-1057,11,19.26,17
2024-01-31,ENT-SAG,BD-1103,4,151.66,5
2025-05-31,ENT-SAG,BD-1080,16,208.57,5
2025-09-30,ENT-QC,BD-1104,15,76.70,11
2024-03-31,ENT-MTL,BD-1067,8,23.77,13
2025-12-31,ENT-QC,BD-1084,13,375.89,12
2024-04-30,ENT-MTL,BD-1051,82,78.12,17
2024-06-30,ENT-QC,BD-1016,54,219.41,9
2024-11-30,ENT-MTL,BD-1101,54,62.94,12
2025-03-31,ENT-MTL,BD-1116,8,60.17,16
2024-02-29,ENT-QC,BD-1002,0,292.58,7
2025-04-30,ENT-MTL,BD-1047,56,71.53,14
2024-04-30,ENT-MTL,BD-1176,27,322.02,16
2024-06-30,ENT-MTL,BD-1103,61,151.66,12
2025-09-30,ENT-MTL,BD-1076,60,338.68,11
2024-08-31,ENT-MTL,BD-1010,0,87.08,11
2024-02-29,ENT-QC,BD-1120,2,182.88,12
2024-07-31,ENT-SAG,BD-1136,8,110.14,5
2024-09-30,ENT-MTL,BD-1167,24,205.42,12
2024-09-30,ENT-MTL,BD-1118,20,336.11,12
2025-07-31,ENT-QC,BD-1124,10,153.77,12
2024-08-31,ENT-MTL,BD-1181,29,305.97,17
2024-07-31,ENT-SAG,BD-1109,17,303.82,4
2024-11-30,ENT-SAG,BD-1137,89,25.06,5
2025-08-31,ENT-MTL,BD-1027,3,254.96,14
2025-11-30,ENT-QC,BD-1058,22,149.54,18
2024-03-31,ENT-MTL,BD-1032,15,339.97,12
2024-02-29,ENT-MTL,BD-1085,3,40.90,9
2024-02-29,ENT-SAG,BD-1061,1,75.23,7
2024-06-30,ENT-QC,BD-1045,85,76.76,16
2025-01-31,ENT-MTL,BD-1111,11,148.90,11
2024-01-31,ENT-SAG,BD-1063,44,242.15,9
2024-03-31,ENT-SAG,BD-1046,112,308.91,7
2024-10-31,ENT-QC,BD-1118,0,336.11,13
2025-08-31,ENT-MTL,BD-1161,35,64.16,13
2025-09-30,ENT-MTL,BD-1163,22,300.77,10
2025-03-31,ENT-SAG,BD-1047,114,71.53,6
2024-12-31,ENT-QC,BD-1099,12,287.66,12
2025-11-30,ENT-MTL,BD-1181,32,312.40,17
2025-04-30,ENT-QC,BD-1164,29,100.45,11
2025-07-31,ENT-SAG,BD-1152,5,271.40,4
2024-02-29,ENT-SAG,BD-1108,26,166.46,6
2024-08-31,ENT-MTL,BD-1023,3,239.29,13
2025-04-30,ENT-QC,BD-1052,88,183.03,17
2024-05-31,ENT-QC,BD-1135,19,39.89,15
2025-05-31,ENT-MTL,BD-1131,12,37.08,13
2024-05-31,ENT-MTL,BD-1086,13,80.72,11
2025-10-31,ENT-SAG,BD-1148,73,302.28,5
2024-02-29,ENT-QC,BD-1178,55,116.97,17
2024-03-31,ENT-QC,BD-1102,14,255.33,10
2025-12-31,ENT-MTL,BD-1037,16,16.65,21
2025-06-30,ENT-QC,BD-1014,77,27.18,15
2025-02-28,ENT-QC,BD-1094,8,124.30,12
2024-06-30,ENT-SAG,BD-1098,10,257.11,6
2025-09-30,ENT-SAG,BD-1092,84,168.72,6
2024-09-30,ENT-QC,BD-1130,81,317.23,14
2024-03-31,ENT-QC,BD-1130,10,317.23,14
2024-10-31,ENT-SAG,BD-1033,21,110.89,6
2024-09-30,ENT-MTL,BD-1174,31,165.53,12
2025-06-30,ENT-MTL,BD-1133,6,62.95,15
2024-01-31,ENT-MTL,BD-1066,11,199.26,9
2024-05-31,ENT-QC,BD-1001,50,182.30,9
2025-12-31,ENT-SAG,BD-1005,22,208.35,5
2025-07-31,ENT-QC,BD-1094,8,124.30,12
2024-04-30,ENT-QC,BD-1045,77,76.76,16
2025-05-31,ENT-QC,BD-1074,6,130.44,13
2025-05-31,ENT-SAG,BD-1121,58,44.65,4
2024-06-30,ENT-MTL,BD-1152,14,265.82,9
2024-01-31,ENT-SAG,BD-1072,14,196.62,5
2024-12-31,ENT-MTL,BD-1165,25,105.70,12
2025-03-31,ENT-SAG,BD-1139,17,203.11,7
2024-03-31,ENT-QC,BD-1143,20,215.92,13
2024-06-30,ENT-SAG,BD-1055,89,209.35,7
2025-10-31,ENT-QC,BD-1119,8,59.67,11
2025-05-31,ENT-QC,BD-1102,7,260.69,10
2024-01-31,ENT-MTL,BD-1095,11,53.64,7
2025-11-30,ENT-SAG,BD-1094,72,124.30,5
2025-03-31,ENT-MTL,BD-1172,18,221.22,12
2025-06-30,ENT-QC,BD-1093,13,159.25,10
2025-03-31,ENT-MTL,BD-1028,6,143.73,13
2024-01-31,ENT-QC,BD-1102,9,255.33,10
2024-03-31,ENT-QC,BD-1137,19,25.06,13
2024-01-31,ENT-MTL,BD-1111,0,145.84,11
2025-06-30,ENT-SAG,BD-1162,32,68.38,6
2024-11-30,ENT-QC,BD-1169,26,276.47,14
2025-01-31,ENT-MTL,BD-1055,12,213.75,15
2024-08-31,ENT-SAG,BD-1098,123,257.11,6
2024-10-31,ENT-QC,BD-1044,11,195.45,17
2024-08-31,ENT-MTL,BD-1170,13,16.60,12
2025-08-31,ENT-QC,BD-1073,67,307.22,14
2024-06-30,ENT-QC,BD-1031,74,294.44,14
2025-11-30,ENT-QC,BD-1114,9,152.73,12
2025-07-31,ENT-MTL,BD-1023,59,244.32,13
2025-02-28,ENT-SAG,BD-1008,9,131.65,4
2025-09-30,ENT-MTL,BD-1129,80,46.45,19
2025-07-31,ENT-MTL,BD-1133,7,62.95,15
2025-09-30,ENT-QC,BD-1040,14,274.41,18
2024-09-30,ENT-MTL,BD-1034,3,151.89,12
2025-07-31,ENT-SAG,BD-1127,9,174.31,6
2025-02-28,ENT-MTL,BD-1109,9,310.20,10
2024-07-31,ENT-MTL,BD-1044,74,195.45,16
2024-04-30,ENT-QC,BD-1076,10,281.11,12
2025-09-30,ENT-MTL,BD-1079,42,147.87,12
2025-06-30,ENT-MTL,BD-1179,17,231.35,12
2024-02-29,ENT-QC,BD-1177,22,211.22,12
2024-02-29,ENT-QC,BD-1035,15,30.00,19
2024-08-31,ENT-SAG,BD-1065,81,128.81,5
2025-12-31,ENT-MTL,BD-1080,6,208.57,11
2024-02-29,ENT-QC,BD-1125,0,285.25,12
2025-03-31,ENT-SAG,BD-1041,101,163.24,7
2024-01-31,ENT-MTL,BD-1043,11,294.10,14
2024-07-31,ENT-SAG,BD-1178,43,116.97,7
2025-09-30,ENT-MTL,BD-1057,25,23.20,16
2025-12-31,ENT-MTL,BD-1131,60,37.08,13
2025-12-31,ENT-SAG,BD-1099,20,346.57,5
2024-06-30,ENT-QC,BD-1028,74,140.77,14
2025-11-30,ENT-SAG,BD-1147,61,346.92,4
2024-08-31,ENT-QC,BD-1151,6,90.35,10
2024-11-30,ENT-MTL,BD-1062,9,112.54,16
2024-01-31,ENT-MTL,BD-1105,0,166.12,11
2025-07-31,ENT-MTL,BD-1090,7,69.37,11
2024-10-31,ENT-QC,BD-1004,8,155.56,11
2024-03-31,ENT-SAG,BD-1068,7,284.28,5
2025-09-30,ENT-MTL,BD-1146,66,225.52,14
2025-01-31,ENT-QC,BD-1136,1,112.45,12
2024-06-30,ENT-QC,BD-1110,67,178.91,12
2024-01-31,ENT-MTL,BD-1171,11,83.70,12
2024-11-30,ENT-MTL,BD-1128,39,77.25,10
2025-08-31,ENT-SAG,BD-1067,87,28.64,6
2025-11-30,ENT-QC,BD-1067,77,28.64,14
2024-04-30,ENT-MTL,BD-1014,66,26.62,14
2024-12-31,ENT-MTL,BD-1090,7,57.58,11
2024-06-30,ENT-QC,BD-1101,12,62.94,12
2025-03-31,ENT-QC,BD-1042,123,267.02,23
2025-06-30,ENT-MTL,BD-1173,34,212.35,15
2025-11-30,ENT-SAG,BD-1082,70,335.40,4
2024-11-30,ENT-MTL,BD-1043,22,294.10,14
2025-03-31,ENT-QC,BD-1089,11,160.95,12
2024-12-31,ENT-SAG,BD-1145,97,108.83,7
2025-02-28,ENT-MTL,BD-1058,18,149.54,17
2025-10-31,ENT-QC,BD-1070,50,48.05,10
2024-09-30,ENT-MTL,BD-1089,61,157.64,11
2024-02-29,ENT-MTL,BD-1158,19,180.81,15
2024-10-31,ENT-QC,BD-1106,16,333.09,14
2025-06-30,ENT-MTL,BD-1006,46,182.47,10
2024-08-31,ENT-QC,BD-1058,98,146.46,18
2024-01-31,ENT-MTL,BD-1072,7,196.62,12
2024-06-30,ENT-MTL,BD-1158,20,180.81,15
2025-03-31,ENT-MTL,BD-1025,6,149.35,9
2025-08-31,ENT-QC,BD-1176,45,328.78,17
2024-12-31,ENT-QC,BD-1051,4,78.12,18
2025-09-30,ENT-SAG,BD-1133,102,62.95,7
2025-04-30,ENT-MTL,BD-1082,6,284.24,10
2024-06-30,ENT-MTL,BD-1125,59,285.25,11
2024-10-31,ENT-MTL,BD-1161,28,62.84,13
2025-07-31,ENT-MTL,BD-1019,44,205.07,11
2025-05-31,ENT-QC,BD-1048,95,33.51,16
2024-05-31,ENT-QC,BD-1166,23,212.88,13
2025-02-28,ENT-MTL,BD-1059,17,331.76,16
2025-11-30,ENT-QC,BD-1025,14,149.35,9
2024-02-29,ENT-MTL,BD-1167,35,205.42,12
2025-12-31,ENT-QC,BD-1152,55,271.40,10
2025-01-31,ENT-QC,BD-1041,22,163.24,16
2024-09-30,ENT-MTL,BD-1173,16,207.98,15
2025-07-31,ENT-SAG,BD-1005,71,208.35,5
2025-05-31,ENT-QC,BD-1122,61,212.67,11
2025-05-31,ENT-QC,BD-1060,90,291.44,17
2025-03-31,ENT-MTL,BD-1059,62,331.76,16
2025-10-31,ENT-QC,BD-1029,7,243.45,10
2025-10-31,ENT-MTL,BD-1180,25,95.30,14
2025-11-30,ENT-MTL,BD-1037,17,16.65,21
2025-03-31,ENT-SAG,BD-1179,30,231.35,5
2024-06-30,ENT-SAG,BD-1080,6,173.12,5
2024-01-31,ENT-SAG,BD-1045,21,76.76,6
2024-12-31,ENT-QC,BD-1116,25,58.93,16
2025-11-30,ENT-QC,BD-1062,0,135.59,17
2024-12-31,ENT-QC,BD-1100,6,306.44,11
2024-08-31,ENT-QC,BD-1167,32,205.42,13
2025-02-28,ENT-SAG,BD-1009,9,67.67,3
2024-08-31,ENT-MTL,BD-1020,2,32.44,15
2025-08-31,ENT-SAG,BD-1104,0,76.70,5
2025-12-31,ENT-MTL,BD-1107,0,150.54,13
2025-01-31,ENT-SAG,BD-1094,22,124.30,5
2024-11-30,ENT-QC,BD-1158,28,180.81,16
2025-09-30,ENT-MTL,BD-1019,12,205.07,11
2025-01-31,ENT-QC,BD-1080,4,176.76,12
2025-06-30,ENT-MTL,BD-1109,45,310.20,10
2024-10-31,ENT-QC,BD-1178,35,116.97,17
2025-07-31,ENT-SAG,BD-1021,66,242.82,5
2025-11-30,ENT-QC,BD-1082,63,335.40,11
2025-03-31,ENT-QC,BD-1034,15,155.08,13
2024-12-31,ENT-QC,BD-1037,19,16.31,22
2025-08-31,ENT-QC,BD-1175,35,96.85,17
2025-11-30,ENT-QC,BD-1019,5,205.07,12
2024-06-30,ENT-QC,BD-1049,100,30.58,18
2025-12-31,ENT-QC,BD-1109,5,310.20,11
2025-12-31,ENT-QC,BD-1028,20,143.73,14
2024-07-31,ENT-QC,BD-1092,16,140.04,15
2025-06-30,ENT-QC,BD-1041,95,163.24,16
2025-07-31,ENT-QC,BD-1010,59,88.91,12
2025-02-28,ENT-MTL,BD-1173,37,212.35,15
2024-02-29,ENT-QC,BD-1108,16,166.46,14
2024-12-31,ENT-QC,BD-1107,7,147.44,14
2024-01-31,ENT-QC,BD-1134,9,60.50,10
2025-08-31,ENT-MTL,BD-1034,11,182.99,12
2024-03-31,ENT-QC,BD-1048,72,32.82,16
2025-08-31,ENT-MTL,BD-1085,35,49.28,9
2025-08-31,ENT-MTL,BD-1029,8,243.45,10
2025-04-30,ENT-MTL,BD-1168,10,229.43,12
2024-12-31,ENT-QC,BD-1176,41,322.02,17
2024-11-30,ENT-SAG,BD-1097,70,210.05,5
2024-12-31,ENT-SAG,BD-1117,0,98.28,4
2025-12-31,ENT-QC,BD-1176,36,328.78,17
2024-01-31,ENT-QC,BD-1161,31,62.84,14
2025-05-31,ENT-QC,BD-1057,77,23.20,17
2025-05-31,ENT-MTL,BD-1092,13,168.72,14
2024-01-31,ENT-SAG,BD-1037,26,16.31,9
2024-12-31,ENT-MTL,BD-1181,26,305.97,17
2024-11-30,ENT-MTL,BD-1021,13,201.55,11
2024-11-30,ENT-SAG,BD-1090,79,57.58,5
2025-07-31,ENT-MTL,BD-1116,1,60.17,16
2025-12-31,ENT-MTL,BD-1142,43,100.93,10
2025-06-30,ENT-MTL,BD-1058,75,149.54,17
2025-08-31,ENT-QC,BD-1010,2,88.91,12
2024-02-29,ENT-QC,BD-1032,2,339.97,13
2025-05-31,ENT-SAG,BD-1160,22,41.56,6
2025-01-31,ENT-MTL,BD-1040,17,274.41,17
2025-05-31,ENT-SAG,BD-1038,131,319.94,9
2025-09-30,ENT-QC,BD-1032,20,409.59,13
2025-08-31,ENT-QC,BD-1003,26,227.23,11
2025-01-31,ENT-MTL,BD-1021,16,205.78,11
2025-09-30,ENT-MTL,BD-1149,73,111.14,17
2024-06-30,ENT-MTL,BD-1051,73,78.12,17
2024-08-31,ENT-SAG,BD-1017,13,307.26,6
2024-02-29,ENT-QC,BD-1011,8,288.46,9
2024-05-31,ENT-MTL,BD-1128,11,77.25,10
2025-01-31,ENT-MTL,BD-1068,9,290.25,12
2025-04-30,ENT-QC,BD-1140,10,41.26,12
2025-06-30,ENT-QC,BD-1164,25,100.45,11
2024-02-29,ENT-MTL,BD-1151,5,90.35,10
2024-11-30,ENT-QC,BD-1002,11,292.58,7
2024-07-31,ENT-QC,BD-1172,22,216.67,13
2024-12-31,ENT-SAG,BD-1074,20,108.27,5
2025-05-31,ENT-QC,BD-1125,54,291.24,12
2025-06-30,ENT-QC,BD-1008,45,155.34,10
2025-05-31,ENT-QC,BD-1128,0,78.87,10
2025-12-31,ENT-MTL,BD-1106,9,340.08,13
2025-10-31,ENT-QC,BD-1008,6,155.34,10
2025-10-31,ENT-QC,BD-1109,8,310.20,11
2024-10-31,ENT-QC,BD-1033,12,110.89,14
2024-03-31,ENT-SAG,BD-1132,36,125.81,6
2024-11-30,ENT-MTL,BD-1099,48,287.66,11
2025-09-30,ENT-SAG,BD-1065,69,155.19,5
2024-04-30,ENT-QC,BD-1016,56,219.41,9
2024-04-30,ENT-SAG,BD-1002,47,292.58,3
2025-08-31,ENT-MTL,BD-1047,62,71.53,14
2024-11-30,ENT-SAG,BD-1061,9,75.23,7
2024-12-31,ENT-MTL,BD-1036,3,159.06,18
2024-03-31,ENT-MTL,BD-1169,33,276.47,13
2024-03-31,ENT-MTL,BD-1120,13,182.88,11
2024-12-31,ENT-MTL,BD-1028,17,140.77,13
2024-02-29,ENT-QC,BD-1161,23,62.84,14
2024-07-31,ENT-QC,BD-1028,77,140.77,14
2025-12-31,ENT-QC,BD-1101,9,75.83,12
2024-12-31,ENT-SAG,BD-1092,21,140.04,6
2025-05-31,ENT-QC,BD-1181,22,312.40,18
2025-05-31,ENT-MTL,BD-1008,48,155.34,9
2024-07-31,ENT-MTL,BD-1120,6,182.88,11
2025-08-31,ENT-QC,BD-1061,104,76.81,18
2025-10-31,ENT-SAG,BD-1162,35,68.38,6
2025-11-30,ENT-MTL,BD-1169,37,282.28,13
2024-06-30,ENT-MTL,BD-1161,10,62.84,13
2024-08-31,ENT-QC,BD-1036,104,159.06,19
2025-08-31,ENT-QC,BD-1014,18,27.18,15
2024-09-30,ENT-QC,BD-1011,15,288.46,9
2025-07-31,ENT-MTL,BD-1008,45,155.34,9
2025-07-31,ENT-SAG,BD-1153,1,116.00,4
2024-11-30,ENT-SAG,BD-1143,84,215.92,5
2024-08-31,ENT-MTL,BD-1163,10,294.58,10
2025-04-30,ENT-MTL,BD-1037,94,16.65,21
2024-01-31,ENT-SAG,BD-1082,6,278.39,4
2025-06-30,ENT-SAG,BD-1045,94,78.37,6
2024-05-31,ENT-SAG,BD-1161,22,62.84,6
2024-02-29,ENT-SAG,BD-1051,-3,78.12,8
2024-12-31,ENT-QC,BD-1015,14,318.69,14
2024-03-31,ENT-MTL,BD-1135,9,39.89,14
2024-10-31,ENT-MTL,BD-1108,2,166.46,13
2025-05-31,ENT-SAG,BD-1033,104,113.22,6
2025-12-31,ENT-QC,BD-1163,32,300.77,11
2024-05-31,ENT-MTL,BD-1028,48,140.77,13
2025-06-30,ENT-QC,BD-1162,9,68.38,14
2024-09-30,ENT-MTL,BD-1057,8,19.26,16
2024-10-31,ENT-MTL,BD-1041,13,159.88,15
2024-07-31,ENT-MTL,BD-1096,0,170.74,10
2024-05-31,ENT-SAG,BD-1080,19,173.12,5
2025-08-31,ENT-MTL,BD-1172,19,221.22,12
2025-01-31,ENT-SAG,BD-1050,25,297.82,8
2024-03-31,ENT-MTL,BD-1059,70,324.94,16
2024-07-31,ENT-QC,BD-1167,26,205.42,13
2024-01-31,ENT-QC,BD-1179,24,226.59,12
2025-08-31,ENT-QC,BD-1039,109,122.17,19
2024-03-31,ENT-QC,BD-1001,17,182.30,9
2025-06-30,ENT-SAG,BD-1160,40,41.56,6
2024-04-30,ENT-MTL,BD-1125,46,285.25,11
2024-04-30,ENT-SAG,BD-1082,14,278.39,4
2025-02-28,ENT-QC,BD-1119,19,59.67,11
2025-06-30,ENT-QC,BD-1026,46,246.82,11
2025-09-30,ENT-SAG,BD-1072,90,236.88,5
2025-07-31,ENT-MTL,BD-1167,19,209.73,12
2025-03-31,ENT-MTL,BD-1091,12,284.93,11
2025-12-31,ENT-MTL,BD-1092,4,168.72,14
2024-05-31,ENT-MTL,BD-1020,76,32.44,15
2024-05-31,ENT-MTL,BD-1171,9,83.70,12
2024-10-31,ENT-MTL,BD-1162,11,66.97,14
2025-01-31,ENT-MTL,BD-1149,0,111.14,17
2024-06-30,ENT-MTL,BD-1113,44,276.01,9
2024-09-30,ENT-QC,BD-1039,40,119.66,19
2025-09-30,ENT-MTL,BD-1160,21,41.56,14
2024-12-31,ENT-QC,BD-1175,20,94.86,17
2025-04-30,ENT-MTL,BD-1065,7,131.52,12
2024-10-31,ENT-QC,BD-1014,16,26.62,15
2024-09-30,ENT-MTL,BD-1066,44,199.26,9
2024-05-31,ENT-SAG,BD-1131,13,36.32,6
2024-06-30,ENT-SAG,BD-1131,16,36.32,6
2025-04-30,ENT-MTL,BD-1072,5,200.75,12
2025-07-31,ENT-SAG,BD-1181,33,312.40,8
2025-08-31,ENT-MTL,BD-1096,37,205.70,10
2025-02-28,ENT-QC,BD-1055,9,213.75,16
2024-12-31,ENT-SAG,BD-1180,45,93.34,6
2025-05-31,ENT-SAG,BD-1180,26,95.30,6
2024-04-30,ENT-SAG,BD-1131,16,36.32,6
2025-06-30,ENT-SAG,BD-1109,70,310.20,4
2024-07-31,ENT-QC,BD-1070,13,39.88,10
2025-03-31,ENT-SAG,BD-1057,112,19.66,7
2024-05-31,ENT-MTL,BD-1170,19,16.60,12
2024-12-31,ENT-MTL,BD-1173,29,207.98,15
2024-06-30,ENT-MTL,BD-1102,4,255.33,10
2025-05-31,ENT-SAG,BD-1029,64,243.45,4
2024-05-31,ENT-QC,BD-1134,13,60.50,10
2024-06-30,ENT-SAG,BD-1148,28,296.06,5
2025-02-28,ENT-MTL,BD-1019,12,173.78,11
2025-11-30,ENT-QC,BD-1144,69,98.33,15
2024-09-30,ENT-QC,BD-1030,8,98.88,11
2025-02-28,ENT-MTL,BD-1102,2,260.69,10
2025-11-30,ENT-QC,BD-1035,7,30.63,19
2025-05-31,ENT-SAG,BD-1097,23,253.06,5
2025-08-31,ENT-SAG,BD-1068,85,342.49,5
2025-06-30,ENT-QC,BD-1099,18,346.57,12
2024-03-31,ENT-SAG,BD-1055,96,209.35,7
2025-09-30,ENT-MTL,BD-1082,49,335.40,10
2024-07-31,ENT-QC,BD-1121,0,43.73,10
2025-07-31,ENT-MTL,BD-1073,11,307.22,13
2025-08-31,ENT-MTL,BD-1043,70,300.28,14
2025-01-31,ENT-QC,BD-1088,12,342.90,9
2025-02-28,ENT-SAG,BD-1100,0,312.88,4
2024-10-31,ENT-MTL,BD-1132,61,125.81,13
2025-11-30,ENT-MTL,BD-1116,7,60.17,16
2024-10-31,ENT-QC,BD-1005,18,204.06,13
2025-01-31,ENT-MTL,BD-1168,23,229.43,12
2024-02-29,ENT-SAG,BD-1172,39,216.67,5
2024-11-30,ENT-SAG,BD-1156,78,161.25,5
2024-08-31,ENT-MTL,BD-1129,3,45.49,19
2025-08-31,ENT-MTL,BD-1066,48,240.06,9
2024-06-30,ENT-MTL,BD-1055,67,209.35,15
2025-07-31,ENT-QC,BD-1131,23,37.08,14
2024-10-31,ENT-QC,BD-1042,48,261.53,23
2025-04-30,ENT-MTL,BD-1157,14,25.21,12
2024-04-30,ENT-SAG,BD-1066,4,199.26,4
2024-05-31,ENT-SAG,BD-1117,66,98.28,4
2025-12-31,ENT-QC,BD-1151,52,92.25,10
2024-07-31,ENT-MTL,BD-1051,93,78.12,17
2024-02-29,ENT-MTL,BD-1042,4,261.53,22
2025-07-31,ENT-QC,BD-1071,18,363.51,16
2025-10-31,ENT-SAG,BD-1152,65,271.40,4
2024-04-30,ENT-MTL,BD-1136,7,110.14,12
2025-09-30,ENT-MTL,BD-1115,14,47.23,11
2025-01-31,ENT-QC,BD-1100,10,312.88,11
2024-01-31,ENT-MTL,BD-1127,7,170.72,14
2025-06-30,ENT-MTL,BD-1062,80,135.59,16
2025-10-31,ENT-MTL,BD-1137,61,25.59,13
2025-05-31,ENT-MTL,BD-1182,31,58.06,13
2025-05-31,ENT-QC,BD-1050,111,297.82,19
2025-01-31,ENT-MTL,BD-1151,4,92.25,10
2025-08-31,ENT-SAG,BD-1127,17,174.31,6
2024-08-31,ENT-SAG,BD-1139,3,198.93,7
2025-03-31,ENT-SAG,BD-1072,13,200.75,5
2025-06-30,ENT-QC,BD-1182,21,58.06,14
2024-01-31,ENT-MTL,BD-1129,24,45.49,19
2024-10-31,ENT-QC,BD-1120,13,182.88,12
2024-01-31,ENT-SAG,BD-1033,21,110.89,6
2025-06-30,ENT-SAG,BD-1131,28,37.08,6
2024-07-31,ENT-SAG,BD-1047,93,70.06,6
2025-08-31,ENT-MTL,BD-1181,33,312.40,17
2025-11-30,ENT-SAG,BD-1124,28,153.77,5
2025-06-30,ENT-SAG,BD-1111,85,148.90,5
2024-07-31,ENT-QC,BD-1004,69,155.56,11
2024-03-31,ENT-QC,BD-1098,9,257.11,15
2024-01-31,ENT-QC,BD-1154,24,323.13,13
2024-11-30,ENT-QC,BD-1051,0,78.12,18
2024-10-31,ENT-MTL,BD-1074,47,108.27,12
2025-12-31,ENT-QC,BD-1136,78,112.45,12
2024-04-30,ENT-SAG,BD-1067,1,23.77,6
2025-07-31,ENT-QC,BD-1058,74,149.54,18
2025-10-31,ENT-SAG,BD-1017,14,313.71,6
2025-02-28,ENT-QC,BD-1024,3,189.35,12
2025-08-31,ENT-QC,BD-1065,60,155.19,12
2025-09-30,ENT-QC,BD-1163,20,300.77,11
2025-05-31,ENT-SAG,BD-1098,20,309.76,6
2025-05-31,ENT-MTL,BD-1017,63,313.71,13
2025-10-31,ENT-SAG,BD-1054,27,262.94,7
2025-07-31,ENT-SAG,BD-1090,12,69.37,5
2025-09-30,ENT-MTL,BD-1037,9,16.65,21
2025-07-31,ENT-QC,BD-1122,4,212.67,11
2025-09-30,ENT-MTL,BD-1127,64,174.31,14
2024-12-31,ENT-MTL,BD-1004,10,155.56,10
2024-10-31,ENT-QC,BD-1070,44,39.88,10
2024-10-31,ENT-MTL,BD-1125,17,285.25,11
2024-10-31,ENT-MTL,BD-1105,9,166.12,11
2024-11-30,ENT-SAG,BD-1165,42,105.70,5
2024-11-30,ENT-QC,BD-1146,71,220.88,14
2025-11-30,ENT-QC,BD-1133,77,62.95,16
2025-06-30,ENT-QC,BD-1002,34,298.72,7
2025-08-31,ENT-MTL,BD-1004,5,158.83,10
2025-07-31,ENT-MTL,BD-1039,76,122.17,18
2024-05-31,ENT-SAG,BD-1057,112,19.26,7
2025-10-31,ENT-QC,BD-1031,20,300.62,14
2025-01-31,ENT-MTL,BD-1144,12,98.33,14
2025-05-31,ENT-QC,BD-1120,59,186.72,12
2024-06-30,ENT-MTL,BD-1090,12,57.58,11
2024-01-31,ENT-SAG,BD-1104,4,75.12,5
2025-01-31,ENT-QC,BD-1067,20,24.27,14
2025-08-31,ENT-QC,BD-1023,7,244.32,14
2025-12-31,ENT-MTL,BD-1102,10,260.69,10
2024-01-31,ENT-QC,BD-1133,18,61.66,16
2025-04-30,ENT-SAG,BD-1026,72,246.82,4
2025-11-30,ENT-MTL,BD-1180,31,95.30,14
2024-10-31,ENT-QC,BD-1148,68,296.06,12
2024-02-29,ENT-QC,BD-1144,26,96.31,15
2025-01-31,ENT-SAG,BD-1157,27,25.21,5
2025-10-31,ENT-SAG,BD-1154,95,329.92,5
2025-09-30,ENT-MTL,BD-1070,55,48.05,10
2024-02-29,ENT-SAG,BD-1019,24,170.21,5
2024-10-31,ENT-QC,BD-1088,47,335.85,9
2024-07-31,ENT-QC,BD-1176,51,322.02,17
2024-06-30,ENT-QC,BD-1115,58,46.26,11
2024-07-31,ENT-QC,BD-1161,21,62.84,14
2025-06-30,ENT-MTL,BD-1120,54,186.72,11
2025-01-31,ENT-QC,BD-1125,3,291.24,12
2024-12-31,ENT-MTL,BD-1096,8,170.74,10
2025-07-31,ENT-MTL,BD-1056,91,293.14,18
2024-02-29,ENT-SAG,BD-1112,31,65.64,5
2025-10-31,ENT-QC,BD-1171,19,85.46,12
2024-07-31,ENT-MTL,BD-1001,45,182.30,8
2025-08-31,ENT-SAG,BD-1176,74,328.78,7
2024-11-30,ENT-QC,BD-1141,51,307.78,10
2025-10-31,ENT-QC,BD-1077,67,171.09,14
2025-02-28,ENT-QC,BD-1041,30,163.24,16
2024-07-31,ENT-SAG,BD-1002,45,292.58,3
2024-10-31,ENT-SAG,BD-1090,76,57.58,5
2025-12-31,ENT-QC,BD-1052,9,183.03,17
2024-08-31,ENT-QC,BD-1153,16,113.61,11
2025-12-31,ENT-SAG,BD-1067,16,28.64,6
2025-01-31,ENT-MTL,BD-1117,4,100.34,10
2025-07-31,ENT-QC,BD-1116,18,60.17,16
2025-05-31,ENT-QC,BD-1041,77,163.24,16
2024-06-30,ENT-SAG,BD-1073,2,255.00,6
2024-11-30,ENT-QC,BD-1005,23,204.06,13
2024-09-30,ENT-QC,BD-1035,0,30.00,19
2025-04-30,ENT-QC,BD-1113,53,281.81,10
2025-01-31,ENT-MTL,BD-1134,0,61.77,10
2024-10-31,ENT-SAG,BD-1027,24,249.72,6
2025-09-30,ENT-MTL,BD-1165,16,107.92,12
2025-02-28,ENT-MTL,BD-1106,0,340.08,13
2024-10-31,ENT-SAG,BD-1057,32,19.26,7
2024-04-30,ENT-QC,BD-1131,10,36.32,14
2025-01-31,ENT-SAG,BD-1008,11,131.65,4
2024-06-30,ENT-MTL,BD-1108,62,166.46,13
2025-06-30,ENT-SAG,BD-1179,30,231.35,5
2025-01-31,ENT-SAG,BD-1109,8,310.20,4
2024-04-30,ENT-QC,BD-1087,1,211.22,15
2025-06-30,ENT-MTL,BD-1161,11,64.16,13
2024-08-31,ENT-MTL,BD-1024,19,185.46,12
2025-12-31,ENT-QC,BD-1090,23,69.37,12
2024-08-31,ENT-QC,BD-1054,104,257.53,17
2024-07-31,ENT-MTL,BD-1101,19,62.94,12
2025-03-31,ENT-SAG,BD-1157,27,25.21,5
2025-11-30,ENT-QC,BD-1165,14,107.92,12
2025-01-31,ENT-MTL,BD-1173,33,212.35,15
2025-02-28,ENT-MTL,BD-1033,14,113.22,13
2025-12-31,ENT-QC,BD-1106,5,340.08,14
2025-03-31,ENT-MTL,BD-1178,37,119.43,16
2024-09-30,ENT-QC,BD-1070,57,39.88,10
2024-05-31,ENT-MTL,BD-1154,4,323.13,12
2025-04-30,ENT-QC,BD-1071,36,308.06,16
2025-08-31,ENT-MTL,BD-1103,8,154.84,12
2024-02-29,ENT-QC,BD-1094,18,121.74,12
2025-02-28,ENT-QC,BD-1082,5,284.24,11
2024-08-31,ENT-SAG,BD-1029,7,238.44,4
2024-10-31,ENT-QC,BD-1167,21,205.42,13
2024-06-30,ENT-QC,BD-1057,81,19.26,17
2025-07-31,ENT-QC,BD-1168,24,229.43,13
2024-10-31,ENT-SAG,BD-1073,96,255.00,6
2025-01-31,ENT-QC,BD-1053,5,180.55,20
2024-01-31,ENT-QC,BD-1106,4,333.09,14
2025-01-31,ENT-QC,BD-1002,10,298.72,7
2025-02-28,ENT-QC,BD-1035,28,30.63,19
2025-07-31,ENT-MTL,BD-1104,1,76.70,11
2025-12-31,ENT-QC,BD-1017,15,313.71,14
2025-07-31,ENT-SAG,BD-1036,123,191.63,8
2025-07-31,ENT-MTL,BD-1072,13,236.88,12
2025-06-30,ENT-MTL,BD-1164,19,100.45,10
2024-04-30,ENT-MTL,BD-1095,7,53.64,7
2024-04-30,ENT-MTL,BD-1161,29,62.84,13
2025-07-31,ENT-MTL,BD-1057,68,23.20,16
2024-03-31,ENT-MTL,BD-1133,14,61.66,15
2024-12-31,ENT-SAG,BD-1016,8,219.41,4
2025-05-31,ENT-QC,BD-1064,82,70.89,15
2025-01-31,ENT-MTL,BD-1138,4,88.19,13
2025-06-30,ENT-SAG,BD-1086,6,97.25,5
2025-03-31,ENT-MTL,BD-1023,11,244.32,13
2024-03-31,ENT-QC,BD-1060,108,241.90,17
2024-03-31,ENT-QC,BD-1065,18,128.81,12
2024-02-29,ENT-QC,BD-1154,19,323.13,13
2025-11-30,ENT-SAG,BD-1074,67,130.44,5
2024-05-31,ENT-MTL,BD-1180,17,93.34,14
2025-08-31,ENT-QC,BD-1113,10,281.81,10
2025-06-30,ENT-SAG,BD-1005,100,208.35,5
2025-10-31,ENT-SAG,BD-1160,23,41.56,6
2025-11-30,ENT-QC,BD-1061,14,76.81,18
2024-04-30,ENT-SAG,BD-1136,1,110.14,5
